Date,Open,High,Low,Close,Adj Close,Volume,Log_Close,Log_Return,SMA10,SMA50,RSI,MACD,ADX,BB_Upper,BB_Lower,Bollinger_Width,EMA20,VWAP,Lagged_Return,Volatility,Chaikin_MF,OBV,Stoch_RSI,Stoch_RSI_signal,KC_High,KC_Low,KC_Mid,Force_Index,Intraday_Pct_Range
2018-04-02,506.75,508.5,492.20001220703125,499.04998779296875,496.3585205078125,7120498,6.212706266672058,-0.02268437093266229,513.6199951171875,547.7599993896484,37.0310912049765,-10.123878860675859,27.559399787201198,537.7179378759521,498.17206151369635,7.6351497524942555,519.6033149165876,513.7856590226304,-0.022429015097024996,15.130201791512794,-0.11157095274069403,-91734176,14.574416140292554,29.327826435376874,531.8433415730794,504.2033299763997,518.0233357747396,-58998863.36305955,0.03216573812129995
2018-04-03,494.0,506.0,493.70001220703125,501.54998779296875,498.84503173828125,6053789,6.217703278990881,0.004997012318823657,511.51499633789064,546.5269989013672,38.59542112498901,-10.343768456165094,27.975435623440262,537.3914352607866,496.0785629081587,7.994982423451893,517.8839504286238,513.0434740064502,0.00500951820689588,14.92804364875965,-0.07825359699339991,-85680387,19.893565076462767,23.080226915409913,530.4133417765299,502.8983301798503,516.6558359781901,-9576639.454353187,0.02489876071451164
2018-04-04,504.5,504.5,490.25,492.25,489.59521484375,6047813,6.198986717519235,-0.018716561471646465,508.7949951171875,544.6679986572266,35.101925689104604,-11.14004829416507,28.540265118867385,538.0098159833487,492.23018340629955,8.887178250537877,515.442621816374,511.2429816256558,-0.01854249430628563,14.879611959562533,-0.09835929734970167,-91728200,4.085800819703814,12.851260678819711,529.2800074259441,501.1049982706706,515.1925028483073,-40688604.53422287,0.028245787908820614
2018-04-05,498.3999938964844,504.6499938964844,495.20001220703125,503.1000061035156,500.3866882324219,6682587,6.220788969629087,0.021802252109852205,506.9949981689453,543.0339990234374,41.728826192436195,-10.771434594378434,29.047730991521835,537.8556261801095,490.95937626129677,9.116556389151924,514.2671346056255,509.8142166159031,0.022041657904551704,14.70249638362838,-0.046563341783682925,-85045613,26.25128273547158,16.743549543879386,527.8425059000651,500.6674997965495,514.2550028483073,34774538.31344182,0.018960637650842042
2018-04-06,502.95001220703125,502.95001220703125,495.20001220703125,500.20001220703125,497.5023193359375,3812133,6.21500804284782,-0.005780926781267404,504.38500061035154,541.2329992675782,40.53734890660997,-10.591221840198216,29.518949301843826,538.0340694572562,489.53593176344674,9.43938371813036,512.9274086629023,508.7539643115613,-0.005764249376470243,14.21660334883238,-0.04049046647557676,-88857746,23.329440823838187,17.888841459671195,527.0500040690105,500.1350016276042,513.5925028483073,4221404.482756162,0.015409086016305409
2018-04-09,502.20001220703125,522.0,501.20001220703125,519.2999877929688,516.4993286132812,8708770,6.252481727343569,0.03747368449574928,504.4949981689453,539.3879992675782,50.55167244090437,-8.80568705054975,27.96776529620092,537.9078623267001,489.53713889400296,9.415729966125303,513.5343209610038,507.44102795291366,0.03818467636908429,14.758273666270693,-0.031108634661489044,-80148976,68.75736755732248,39.44603037221075,527.1075032552083,499.7625020345052,513.4350026448568,112298664.41661532,0.041417736534012636
2018-04-10,523.0,549.7000122070312,521.4000244140625,546.1500244140625,543.2044677734375,21689156,6.302893707991671,0.05041198064810182,509.1600006103516,537.9090002441407,60.59772418053767,-5.1645308091077595,27.28573450302687,543.4134406340513,488.11156241770635,10.722353419012595,516.6405784327237,512.0794570743125,0.051704288950990884,15.87554157682725,0.0873323698010511,-58459820,94.02861721776252,62.03847519964106,528.984171040853,500.7641698201498,514.8741704305014,425669310.05928195,0.05411087532116396
2018-04-11,550.0999755859375,551.0,534.0,539.7999877929688,536.888671875,9261807,6.291198677969915,-0.011695030021755315,512.4100006103515,536.5459997558594,57.61642120902748,-2.7594736460240483,26.723186967877147,546.3480022784794,487.23699833187214,11.438053747239186,518.8462364670328,513.8100461733412,-0.011626908975984063,15.955860035625303,0.048831439835440776,-67721627,81.56376591435185,81.44991689647895,530.307502746582,502.05250396728513,516.1800033569336,102681227.6014257,0.030903473467513785
2018-04-12,537.2999877929688,550.0,534.8499755859375,548.75,545.79052734375,8021652,6.307642964389381,0.016444286419465826,516.0649993896484,535.1990002441406,60.56153376276264,-0.1297615200154496,26.20082139952383,549.7726951133068,485.5373054970448,12.408918986273278,521.694213946363,515.0387953368736,0.016580237883339732,15.898300348370816,0.05733861986481015,-59699975,96.29629629629629,90.62955980947022,530.9250035603841,503.1850011189778,517.0550023396811,82089664.747513,0.028196584325812554
2018-04-13,550.0,555.5499877929688,535.75,542.5499877929688,539.6239624023438,8788919,6.29628022456685,-0.011362739822531331,519.2699981689453,533.9390002441406,57.57680131976077,1.437445143618561,26.042269670209343,550.9397618059205,485.01023514232173,12.72832218887351,523.6804781222302,516.5985559132858,-0.011298427712129855,16.176992308699237,0.020060798555239148,-68488894,80.0918798925108,85.98398070105299,531.7600021362305,503.59000091552736,517.6750015258789,-8964381.80856825,0.03599997780539773
2018-04-16,541.5,543.7999877929688,530.3499755859375,542.4000244140625,539.4747924804688,6418203,6.296003781637362,-0.000276442929488141,523.6050018310547,532.9120007324219,57.50298094327103,2.6369695804148705,25.398249704909563,552.9214641946911,484.3035327535511,13.231060115795504,525.4632920547856,521.4036149268101,-0.0002764047226621047,15.982208015722952,0.06336373274584278,-74907097,79.86222689566539,85.41680102815751,532.2091679890951,503.78916676839196,517.9991673787436,-3629790.8751135706,0.024838434362015237
2018-04-17,544.9500122070312,544.9500122070312,530.25,532.4000244140625,529.5286865234375,5541004,6.277395132377571,-0.018608649259790333,526.6900054931641,531.6880017089844,52.65492945805107,2.7489961952219346,24.87551580989437,553.901694854617,484.30330697643774,13.407446073835203,526.1239332318596,523.5332772139171,-0.01843657734123938,15.890622600816402,0.08893290696888359,-80448101,64.54828835144292,74.83413171320638,532.8508346557617,504.2008346557617,518.5258346557617,-38149956.958371185,0.026974973626473813
2018-04-18,535.5,535.5,516.5,518.25,515.4549560546875,7131174,6.2504577513158885,-0.026937381061682864,529.290005493164,530.197001953125,46.660252050915375,1.6766618667242028,23.20453493908145,553.8432287064614,484.24177190389,13.409587222943903,525.3740348288254,524.0196774621652,-0.026577805719741332,16.11272098647237,0.06734735461999707,-87579275,42.879027923822875,62.42984772364374,533.4825007120768,503.8275019327799,518.6550013224283,-79987509.78674223,0.035480859010270774
2018-04-19,521.0,521.4500122070312,509.1000061035156,512.9000244140625,510.1338195800781,10559623,6.240080941995266,-0.010376809320622904,530.2700073242188,529.157001953125,44.59309400377778,0.3906279515960023,21.987290329879546,553.5197162549182,483.74528923824596,13.453539191462113,524.1860338369432,524.6373633332045,-0.010323155978654075,15.843955637689747,0.02852690842479049,-98138898,34.68610819020914,47.37114148849165,533.1058354695639,503.8158360799154,518.4608357747396,-64324986.76005015,0.023704426302333253
2018-04-20,513.5,513.8499755859375,503.0,505.70001220703125,502.9726257324219,4437940,6.2259436322248165,-0.014137309770449136,530.8200073242188,527.9460021972657,41.90259033297251,-1.1957600263626773,21.277136377817065,552.738893556408,482.4661143781624,13.576591813143002,522.4254603483802,525.5214904926323,-0.01403784726907853,15.4872427768503,0.02377163946221248,-102576838,23.660053744596333,33.74172995287612,532.1691675821941,502.79417063395186,517.481669108073,-42743810.36939823,0.02112945586355891
2018-04-23,508.3999938964844,511.20001220703125,500.0,506.20001220703125,503.469970703125,4766412,6.22693187222606,0.0009882400012433123,529.510009765625,526.7960021972656,42.16355937751024,-2.3851436555171404,20.819579960488767,552.4857089212888,481.51929901328145,13.726511837648275,520.8801795730136,526.0397710949868,0.0009887284712883915,15.181012021863225,0.054006695393460084,-97810426,24.425750671807453,27.59063753553765,531.5475001017252,501.96750437418615,516.7575022379557,-12659132.78979941,0.022029921993491783
2018-04-24,506.0,514.75,503.3500061035156,504.8500061035156,502.12725830078125,4564259,6.22426136754009,-0.0026705046859696324,525.3800079345704,525.7060028076172,41.61995339603967,-3.397508596525199,20.071938766923783,552.2991452838471,482.24086326107476,13.543851652737754,519.3534963854423,526.9434846983745,-0.0026669420603717686,14.91093929862188,0.13660717764805053,-102374685,15.990054350134612,21.35861958884614,531.6916666666667,502.3966715494792,517.044169108073,-8327562.601950552,0.02252963220649086
2018-04-25,506.0,506.0,496.29998779296875,498.3999938964844,495.7120056152344,4608455,6.211402955227024,-0.012858412313065948,521.2400085449219,524.3050024414063,39.030765782315235,-4.666484853471047,19.87461547053593,552.568309316841,481.0816998384324,13.831879039372208,517.3579247198272,527.4087105635591,-0.012776096125685199,14.53873022065112,0.07890322767522351,-106983140,5.302374455639003,15.239393159193694,531.2866683959961,502.4316696166992,516.8591690063477,-22592248.204352982,0.019169984598875988
2018-04-26,496.75,501.04998779296875,483.29998779296875,493.75,491.08709716796875,14919977,6.202029316215332,-0.009373639011692525,515.7400085449219,523.0290026855469,37.2324732256193,-5.978457390074368,20.480053932917905,553.002272976555,478.80273495801526,14.3824729378024,515.1095509369866,523.9647302320486,-0.009329843405756821,14.768106633461754,0.11264778775821581,-121903117,14.463684715614187,11.918704507129272,530.4041681925456,501.12416941324875,515.7641688028972,-53782617.39190917,0.035732259687971814
2018-04-27,481.25,543.0999755859375,481.25,539.2000122070312,536.2919921875,58859461,6.29008658223725,0.08805726602191832,515.4050109863281,522.5290026855469,57.73160084465676,-3.3125835331192093,19.902639273333683,555.6894709124579,478.98553824281566,14.826671561781435,517.4038805817528,523.5024811028824,0.09205065763449372,18.131097272924308,0.30364796494826285,-63043656,77.99464566334053,32.586901611531246,533.5741653442383,499.23917083740236,516.4066680908203,1765514608.1688833,0.12851942978896103
2018-04-30,535.7999877929688,536.0999755859375,513.4000244140625,517.2999877929688,514.510009765625,18357008,6.248622953411883,-0.04146362882536714,512.8950073242188,521.997001953125,49.36556447591784,-2.9331961792692027,19.36646851800548,555.6753479190033,480.82466123627,14.442968841598978,517.39398603044,521.3331427162329,-0.04061577136176653,18.678875167213196,0.23830338805120926,-81400664,48.51950701986559,46.99261246627344,535.0116633097331,500.0366724650065,517.5241678873697,320492253.81020075,0.04236646451855871
2018-05-02,518.5,527.9500122070312,515.4000244140625,523.75,520.92529296875,25195767,6.261014471236347,0.012391517824464238,512.0300048828125,521.5980017089844,51.59059764713823,-2.0879977495748108,18.868595673772145,556.0478750717363,482.6721353042402,14.128107485083852,517.9993206942077,520.4456910154546,0.012468610785300482,18.241097497624306,0.24709894525358594,-56204897,57.200547755704896,61.23823347963702,536.1216639200845,501.121673075358,518.6216684977213,215172754.41374367,0.02420441232973722
2018-05-03,522.0,538.7999877929688,522.0,533.4000244140625,530.5232543945312,12001916,6.279271657518558,0.01825718628221118,513.5450073242188,521.5090026855469,54.79143631799172,-0.6322078841674283,18.987056899075778,556.3674778425741,486.46753497480887,13.405752973122665,519.4660543818129,520.113970173958,0.01842486761634854,18.13816109014891,0.27642602243338554,-44202981,70.18846969312372,58.63617482289808,538.0358301798503,502.78084055582684,520.4083353678386,148936773.08159947,0.032183884660859675
2018-05-04,533.9000244140625,533.9000244140625,519.0499877929688,520.2999877929688,517.493896484375,5929870,6.254405544834733,-0.024866112683825214,514.2850036621094,521.1040026855469,49.96193696289819,-0.5294442968937574,18.86928371592992,556.214000828029,488.3410101582991,12.995579927502407,519.5454766114468,519.078252976082,-0.02455949760310583,17.903295056644968,0.23859786922372073,-50132851,61.30295182056243,62.89732308979702,539.4774993896484,503.68250427246096,521.5800018310547,-2142085.078350298,0.027814264735033813
2018-05-07,523.75,537.9000244140625,523.0,536.0999755859375,533.2086791992188,6792091,6.284320665293364,0.02991512045863054,517.325,521.192001953125,55.102179502856885,0.8174999250178416,18.979547327253528,556.9286543167512,491.21635300746755,12.538780579041992,521.1220955613983,518.8775105560152,0.030367073157141267,17.881633739819883,0.25211723771468947,-43340760,86.10669556493919,72.53270569287511,541.4791666666667,504.96916910807295,523.2241678873698,70829274.89970517,0.028448733964797135
2018-05-08,536.6500244140625,547.5,533.4500122070312,542.25,539.3255004882812,12028184,6.295727149706984,0.011406484413620355,520.9299987792969,521.3210021972657,56.95572516359968,2.354082104275335,19.58052946596933,558.9214656401238,491.51854290479827,12.833274092195435,523.1342769365032,519.7860370367956,0.011471786409504636,17.60794474361623,0.23512632851094767,-31312576,92.0754716981132,79.8283730278716,542.4866668701172,506.65166931152345,524.5691680908203,72925508.47112568,0.026180913358401742
2018-05-09,543.0999755859375,549.6500244140625,537.0499877929688,548.5,545.5418090820312,7556830,6.307187279715285,0.011460130008300595,525.2949981689453,521.6860021972657,58.81648081024934,4.029705383132068,20.24602001789978,559.3450281903621,491.32997791315364,12.946924573650206,525.5500600854076,520.6526164893897,0.01152604887044717,17.25023702057891,0.20650393845706533,-23755746,98.31867835733394,92.16694854012879,542.000835164388,507.73583272298174,524.8683339436849,55795294.49037522,0.023200215775189225
2018-05-10,548.5,554.0,542.9500122070312,547.6500244140625,544.6964111328125,11415139,6.305636441349436,-0.0015508383658486835,530.2200012207031,521.9060021972656,58.44644549713095,5.228788755630148,21.083312846601846,560.5672344545505,490.89277531107444,13.252897589325691,527.6548185928986,522.6355655754751,-0.0015496364374429916,16.807362075749616,0.2098366867901972,-35170885,91.27151122207904,93.88855375917541,542.0333353678386,508.36333414713545,525.1983347574869,12130038.52340307,0.02014583006922288
2018-05-11,548.5999755859375,556.5,545.5,553.2999877929688,550.31591796875,4960854,6.315900327841835,0.010263886492398733,536.175,521.9260021972656,60.23723514637,6.559363533475789,21.987308002672542,561.4464081275959,490.46860041732594,13.4949700562693,530.0972156595719,523.7379622582242,0.01031674085096812,16.392550498910357,0.19288356657975386,-30210031,95.7474920836794,95.11256055436412,542.1875010172527,508.93250223795576,525.5600016276042,22729108.45986808,0.020051039900706055
2018-05-14,551.2000122070312,558.9000244140625,547.5499877929688,551.9000244140625,548.9235229492188,4999526,6.3133669146818425,-0.002533413159992115,537.4450012207031,522.1960021972657,59.55239165984493,7.415408078103383,22.950780413368886,563.0054494219703,489.84456278506104,13.897684530305723,532.1736736361901,524.9384077786384,-0.0025302067771417747,16.03237093620917,0.20290649408551245,-35209557,90.98519278928612,92.66806536501485,542.1733378092448,509.7633341471354,525.9683359781901,2910267.278696263,0.020591502847845847
2018-05-15,548.0,563.5,547.3499755859375,549.7000122070312,546.7353515625,6752759,6.3093726970733295,-0.00399421760851304,540.6850036621094,522.6150024414062,58.428196072096625,7.8260926241525794,24.081970664769518,564.1383772779711,489.4416337083569,14.179605305853423,533.842848738175,526.3371825765116,-0.003986251331238755,16.040774756055836,0.15995723915714352,-41962316,83.22189933985563,89.98486140427372,543.0416717529297,510.3616668701172,526.7016693115235,-8934012.394528003,0.02947084747091697
2018-05-16,545.0,552.75,541.0499877929688,550.0,547.03369140625,9929095,6.309918278226516,0.0005455811531867027,543.3100036621094,523.1000024414062,58.543117888329704,8.082598430050211,24.43476046619292,566.3125920495861,489.02741649533573,14.646497797578881,535.381625048825,528.0133527697825,0.0005457300096542994,15.730720288268364,0.19592428472288126,-32033221,83.58662613981762,85.93123942298648,543.495004272461,511.11499938964846,527.3050018310547,-992265.9346913011,0.021467912306479358
2018-05-17,550.0,553.0,536.5,539.4500122070312,536.5407104492188,8551787,6.29055012462601,-0.019368153600506588,543.9150024414063,523.3980029296876,52.9947006583224,7.349860665658525,24.284127791287624,567.4438474488265,490.01616231679856,14.644087609362936,535.7690904924636,531.4007922789788,-0.01918179598721592,15.785668839106338,0.1961154481341184,-40585008,70.75989326082826,79.1894729135005,544.3483378092449,512.2183329264324,528.2833353678385,-60478254.283609666,0.03
2018-05-18,536.7999877929688,540.7000122070312,528.5,532.9000244140625,530.0260620117188,7343619,6.278333835116326,-0.012216289509683342,545.1750061035157,523.70900390625,49.836675783982656,6.169513126987567,23.36253838669331,567.7841999534761,491.67580981214894,14.367392717005703,535.4958461040445,535.7778275942381,-0.012141973574476439,15.529550508243831,0.20742247229635088,-47928627,38.92217465565678,64.42289801876755,545.3183380126953,513.2033325195313,529.2608352661133,-52226494.632012144,0.022727295984471055
2018-05-21,535.0,537.7999877929688,521.8499755859375,526.8499755859375,524.0084838867188,4258800,6.266915831705852,-0.011418003410474498,544.2500061035156,523.9930029296875,47.04782228206035,4.69180659470851,21.916842932935264,567.254191372983,494.32081473053256,13.740597927253495,534.6724298642248,537.4882543203851,-0.01135306539866865,15.559583486728647,0.21032090734906062,-52187427,23.804484373215576,44.49551742990021,546.6391723632812,514.0141632080079,530.3266677856445,-34586130.17681655,0.029813106929030372
2018-05-22,528.4000244140625,533.5,520.6500244140625,523.2999877929688,520.4776611328125,4711540,6.260154890051139,-0.006760941654713193,542.3550048828125,524.0480029296875,45.440966647787334,3.197401520752237,20.469781659930764,566.5308795693389,496.7541240927705,13.124751169488343,533.5893401431528,540.5284711241637,-0.006738137909222841,15.366040065243565,0.19634180321310044,-56898967,9.561302211133523,24.095987080001965,547.7225036621094,514.9324981689454,531.3275009155274,-22679316.382994838,0.024318650628729076
2018-05-23,522.0,528.2000122070312,519.4000244140625,520.25,517.4441528320312,4426060,6.254309465273744,-0.00584542477739447,539.5300048828125,524.3460028076172,44.048998499654026,1.7468298409114595,19.012186244060384,565.5367759665542,499.2882270852038,12.443086646441232,532.3189267961858,540.8323201729302,-0.0058283735221018595,14.89703633150965,0.19556792383483754,-61325027,2.699689263170614,12.021825282506576,548.340837097168,515.8108322143555,532.0758346557617,-16559391.44162979,0.016858214162775383
2018-05-24,521.7000122070312,537.0,521.0999755859375,534.4500122070312,531.567626953125,5188026,6.281238203560316,0.026928738286572163,538.2100036621093,524.6510028076171,51.4982768798698,1.723199671330235,18.417366613952886,563.4328338791858,504.9971710036267,10.938603859588984,532.5218873115044,541.2928615602134,0.02729459338208784,15.02939087925896,0.22129039764079286,-56137001,34.126975339568794,15.462655604624317,550.1816711425781,517.0316650390625,533.6066680908203,43593557.873053744,0.030477331880438486
2018-05-25,535.5999755859375,543.5,532.5,538.5,535.5957641601562,4588810,6.288787496596443,0.007549293036126947,536.7300048828125,524.7910028076171,53.403767532634056,2.0081243519085774,18.362335435627585,559.0322501199196,513.872754762893,8.418172187007197,533.0912313770755,541.7737624163565,0.0075778607923389085,14.741577245026177,0.221538609481914,-51548191,43.310626212745696,26.71243027182837,552.1175048828125,519.6424987792968,535.8800018310546,26920935.6138532,0.020537715648635314
2018-05-28,541.7000122070312,548.0,540.9500122070312,546.1500244140625,543.2044677734375,5611936,6.302893707991671,0.014106211395227497,536.1550048828125,524.9910028076172,56.852055718425255,2.818729689074189,18.63432513547789,559.749090245547,513.8509158579686,8.55033050049236,534.3349259520267,542.0705414817899,0.014206173470868055,14.36717887038145,0.004811345254870563,-45936255,60.6576299523621,46.031743834892204,550.5700063069661,523.5749989827475,537.0725026448569,37594610.144721895,0.01301456088997526
2018-05-29,547.0,549.9000244140625,543.2000122070312,547.75,544.7958374023438,8015443,6.305818978475576,0.002925270483904896,535.9600036621093,525.3530023193359,57.55946190012428,3.5493304451155154,19.02234601909794,559.8937562499578,516.751251074261,8.01424887167197,535.6125520518336,542.2520209759749,0.0029295532626845144,13.819524108713578,0.09822487646939362,-37920812,64.28569451402979,56.0846502263792,551.0041768391927,525.6091634114584,538.3066701253256,21081212.12188972,0.012248651201154022
2018-05-30,543.75,544.7000122070312,535.0499877929688,541.6500244140625,538.728759765625,5919369,6.2946200814650775,-0.011198897010498143,535.1250061035156,525.7340032958984,53.929245534339216,3.5946824956130285,18.486092165818413,559.7566805172681,518.6783292483568,7.618141268955806,536.187549419665,541.3316895642776,-0.011136422794956635,13.739558972879125,0.06800417417006419,-43840181,50.453542670656326,58.465622379016075,551.7641784667969,526.6591613769531,539.211669921875,-17044933.548806943,0.017747171336206898
2018-05-31,543.0,551.7999877929688,532.25,545.9000244140625,542.9559326171875,15652651,6.302435853510302,0.007815772045224989,535.7700073242188,526.2630035400391,56.01088963746331,3.92828102525516,18.536036526918327,560.3962839367789,519.288725828846,7.614731655273488,537.112547038179,541.1159909182686,0.007846394920036248,14.154589602885526,0.0795531594812522,-28187530,60.09073621448956,58.27665779972523,552.4975118001302,527.1174947102865,539.8075032552083,38667533.317064345,0.03600366076053177
2018-06-01,543.0,544.2999877929688,532.8499755859375,536.6500244140625,533.7557373046875,4061137,6.285346158420987,-0.01708969508931535,536.1450073242188,526.5740045166016,50.647083377087434,3.4069889214106297,18.58241343365396,559.2460495388331,522.0739638889014,6.875316314935828,537.0684972644535,540.366009928843,-0.016944494571013102,14.075693833259775,0.10557335385243571,-32248667,39.11566791320547,49.88664893278379,553.0033437093099,527.9633290608724,540.4833363850912,-12154500.39431188,0.02108657865014963
2018-06-04,539.5499877929688,541.9500122070312,531.25,537.0499877929688,534.153564453125,4291186,6.286091177314271,0.0007450188932835999,537.1650085449219,526.7890045166016,50.866184338630255,2.9916490079248206,18.436876149201705,559.2514991599547,522.1635154884829,6.859158263773319,537.0667344576455,539.238827117891,0.0007452964887926239,13.834573717100595,0.07330496961476647,-27957481,52.52969108195792,50.57869840321765,553.0141764322916,528.3941630045572,540.7041697184244,-2907288.630053831,0.019831364005399556
2018-06-05,534.6500244140625,536.0,524.25,530.9000244140625,528.0368041992188,5088506,6.274573725575804,-0.011517451738466633,537.9250122070313,527.0430047607422,47.38289137104524,2.1415520083530737,17.514930756971967,559.149293150647,521.1307239391967,7.038650833117913,536.479428739209,537.7408061123194,-0.011451379794606864,13.760674722519749,0.059360210587838816,-33045987,34.22621534526668,41.95719144681003,552.3650105794271,527.9749959309896,540.1700032552084,-21831846.578914426,0.021976993291783993
2018-06-06,530.0,533.7999877929688,526.5999755859375,531.4000244140625,528.5341186523438,5281259,6.275515079268622,0.0009413536928182253,539.0400146484375,527.6810052490234,47.69648976995324,1.4910024843768497,16.658838607044352,558.2515166308018,520.3185029004482,7.033945509970593,535.9956759463379,536.7632232155524,0.0009417969052682995,13.292055971413427,0.026686366548493348,-27764728,37.03707889933144,41.26432844218535,551.3716756184896,527.5216634114583,539.446669514974,-5516862.526304809,0.013584928692511792
2018-06-07,533.7999877929688,550.0,532.1500244140625,542.4000244140625,539.4747924804688,6932191,6.296003781637362,0.020488702368739453,539.8350158691406,528.3830059814453,54.16822705580408,1.8418140825792761,17.229322402258,557.6611450940251,520.383874437225,6.915716872938899,536.605613895645,537.393962460631,0.020700036685412204,13.671193086736576,0.04923043806106684,-20832537,70.98773455705192,47.417009600550024,551.3775085449219,526.8474975585938,539.1125030517578,48997113.15789839,0.033439445474211044
2018-06-08,541.0499877929688,541.9000244140625,535.4500122070312,537.4000244140625,534.501708984375,4627913,6.286742741611354,-0.009261040026007805,539.7250183105468,528.887006225586,51.07467346444019,1.6968167411985178,17.759057354956386,555.6811030474248,520.7739201459347,6.485581310761354,536.6812720402562,537.8728932447176,-0.00921828867061969,13.191108738186196,0.018431775085010035,-25460450,55.55561834899716,54.52681060179352,550.4741770426433,526.399164835612,538.4366709391277,905994.3859661315,0.011921287039191892
2018-06-11,539.7999877929688,542.5999755859375,530.3499755859375,539.9500122070312,537.0379028320312,4095873,6.291476565286475,0.004733823675120874,539.1050170898437,529.4760064697266,52.56261724702848,1.7672957222772538,17.638432739714457,553.9519504217712,521.308071550885,6.071811134761303,536.9925806275681,538.5391844569882,0.004745045919469559,13.123886685458611,0.046420196345222056,-21364577,63.425959939040126,63.32310428169641,549.7616739908854,525.5966654459636,537.6791697184245,7264948.896355572,0.022693590731792092
2018-06-12,543.5,544.5,535.7999877929688,537.1500244140625,534.2530517578125,3320721,6.286277430563658,-0.005199134722817078,538.04501953125,530.2380072021484,50.737930737014665,1.5790133254237162,17.687453657538477,552.3563312037544,521.648691989605,5.718341823550464,537.0075752739009,539.4161401045088,-0.005185642614441099,12.807895651285227,0.06821520033731678,-24685298,52.280268554580715,57.08728228087267,548.6708404541016,525.2508331298828,536.9608367919922,-3777002.543784796,0.016007382165650876
2018-06-13,539.7999877929688,551.7999877929688,536.8499755859375,540.6500244140625,537.7341918945312,5924906,6.292772164548416,0.006494733984758305,537.94501953125,531.0200079345703,52.937234961817246,1.6927064523855506,18.316498471206568,550.8087469147982,522.2612787199674,5.320709275789113,537.3544751920115,540.2106056110728,0.006515870503436938,12.960903976695658,0.0011934742819385616,-18760392,59.528245664951186,58.41149138619068,548.5916737874348,524.8466664632163,536.7191701253256,12565779.818738401,0.02769546599687045
2018-06-14,539.7999877929688,539.7999877929688,531.0,532.0,529.1307983398438,3736633,6.2766434893416445,-0.016128675206771526,536.5550170898438,531.8150079345703,47.31504069220192,1.0724617244972023,18.182655230808166,550.5012109704234,521.8238134436391,5.348639055113743,536.8445251737247,540.0551898038859,-0.015999304584212504,12.724412579364719,0.024294742180212204,-22497025,28.130683970676525,46.64639939673615,547.770839436849,524.7958333333333,536.2833363850912,-17359384.511348266,0.01630231195252238
2018-06-15,527.7999877929688,534.6500244140625,516.0999755859375,528.75,525.8983764648438,7854953,6.270515730360488,-0.0061277589811563615,535.7650146484375,532.3280078125,45.36554862066703,0.3150339550746821,17.19783512096726,550.593534044511,521.3164879281453,5.462593970804859,536.0736180143224,538.4701883213661,-0.006109022556391008,13.140529454276168,0.06736622029516445,-30351978,35.43422994004195,41.031053191889896,547.7116739908854,524.1016642252605,535.906669108073,-22805526.33711609,0.03514598191957768
2018-06-18,530.25,531.0,521.4500122070312,522.5499877929688,519.7317504882812,3711213,6.258720649680009,-0.011795080680479408,534.3150146484375,532.7750073242188,41.82513897717109,-0.7765703589092254,16.283359304686417,551.0194112514168,520.4606119419425,5.704035287265399,534.7856532313363,537.0048160858935,-0.01172579140809693,12.88406219275421,0.05647900031541439,-34063191,18.067254906318762,27.210722939012424,547.2000071207682,524.2299997965495,535.7150034586589,-22941552.71430074,0.01801034944454267
2018-06-19,522.1500244140625,524.4000244140625,514.4000244140625,517.2000122070312,514.41064453125,6483110,6.248429670499851,-0.010290979180157755,532.9450134277344,532.7330078125,38.99698944795368,-2.0497447786134444,16.044838739895706,551.8935496239749,518.9764760107907,6.147725274815178,533.1108302766405,535.2853952244488,-0.01023820823062982,12.678057750414624,0.05487325505980321,-40546301,7.4866057076086765,20.329363517989805,546.7000091552734,524.0149993896484,535.3575042724609,-30770171.05206509,0.01915158389817492
2018-06-20,520.75,527.4000244140625,517.1500244140625,519.0999755859375,516.3004150390625,4555002,6.252096495801661,0.0036668253018099506,531.7150085449218,532.1920068359375,40.53481082309587,-2.8723231595104153,15.505783622933492,552.0544409804164,518.700582212943,6.229970076255303,531.7764631632402,532.5726834505886,0.0036735563303615937,12.504625053956435,0.061329192869101795,-35991299,12.566726668309505,12.706862427412323,546.7025095621744,523.8724985758464,535.2875040690104,-4487165.690125214,0.019683149303888623
2018-06-21,521.25,522.0,511.1000061035156,513.0499877929688,510.282958984375,4856050,6.240373282515154,-0.011723213286506606,528.7800048828125,531.6570068359375,37.30952439382677,-3.96668048233596,15.519989224653276,553.6225815909219,514.9924391610313,7.229945617404425,529.9929893184525,531.0853545862333,-0.011654764163954723,12.390008542708431,0.003548561105309483,-40847349,4.7911119575723,8.281481444496835,545.6791748046875,523.3491668701172,534.5141708374024,-21081750.711405672,0.020911259273830935
2018-06-22,513.0,527.7999877929688,510.54998779296875,525.6500244140625,522.8150634765625,5932446,6.264635638467311,0.024262355952156867,527.6050048828125,531.1950073242188,46.80307482093652,-3.7737474807890976,14.911700798251013,553.2327344100133,514.0972887833461,7.333335477545609,529.5793736132725,529.9505409681003,0.024559081806621696,12.737150789657829,0.038319058613034924,-34914903,36.606149384469695,17.987996003450508,545.1500081380208,522.1950002034505,533.6725041707357,42805440.9979722,0.033625730994152045
2018-06-25,520.3499755859375,523.3499755859375,513.0999755859375,515.2000122070312,512.4214477539062,4882240,6.244555198483916,-0.020080439983395593,525.1300048828125,530.6480078125,41.22688790403058,-4.413202684345606,14.346861545163195,552.3741858127946,511.8608361598618,7.613609553618648,528.209910622202,529.058891478067,-0.019880170687102683,12.723786363834055,-0.009591724120746766,-39797143,11.272786458333334,17.556682600125118,543.9191741943359,520.6441650390625,532.2816696166992,-19744498.0657801,0.019698280928058157
2018-06-26,516.5,518.7000122070312,512.0499877929688,514.2000122070312,511.4268493652344,4505122,6.24261231857164,-0.001942879912276041,522.8350036621093,530.0840075683594,40.72684008409212,-4.9436795226380355,13.925611696658923,550.7970562781853,510.0829669151741,7.675531346222842,526.8756345826619,528.0570335935327,-0.0019409937428304103,12.289946224564659,-0.04984539694687094,-44302265,8.848544034090908,18.909159958964654,542.3183410644531,519.0483306884765,530.6833358764649,-9584914.021926701,0.012875168275048404
2018-06-27,516.0,516.0,501.6000061035156,507.8500061035156,505.1110534667969,5659070,6.230186140403854,-0.012426178167785906,519.5550018310547,529.5930072021484,37.60748971942682,-5.809510244399576,14.468262454246654,550.6569421858142,506.8430791764907,8.28630962160759,525.0636699656003,525.1477308087028,-0.012349292012383217,12.440663915416067,-0.07619994260236666,-49961335,12.450203744423092,10.85717807894912,540.956672668457,517.2116653442383,529.0841690063477,-27151724.034123678,0.027906964915667392
2018-06-28,508.0,513.5,500.79998779296875,504.6000061035156,501.8785705566406,4854274,6.223766048302708,-0.006420092101145691,516.8150024414062,529.3200073242188,36.08415990428439,-6.680921661798038,15.037379473831091,549.5033506964988,503.866668834751,8.664890971940927,523.1147495977827,522.9859455505652,-0.006399527342601963,12.459188793388579,-0.16538928296144217,-54815609,7.451016295189951,9.583254691234659,538.763340250651,515.7033304850261,527.2333353678385,-19568168.34470789,0.025000024029589073
2018-06-29,505.79998779296875,514.5,498.75,510.79998779296875,508.045166015625,7747444,6.235978100260516,0.012212051957807724,515.0200012207031,529.2780065917968,40.99441908737016,-6.792930111463875,15.738212326123218,548.7291940774252,502.0558217917154,8.883524523254573,521.9419151401814,520.6087515144462,0.012286923532421223,12.694246736717966,-0.10709394472765192,-47068165,22.714402574407107,14.205207538006727,537.4825063069662,513.9924977620443,525.7375020345053,25499951.178473018,0.031138790787094094
2018-07-02,510.75,513.7999877929688,503.0,512.25,509.4873352050781,6799910,6.238812787119009,0.00283468685849364,513.9900024414062,529.4090063476563,42.114455071814874,-6.6876032209092955,16.38898568896591,547.5152194710334,500.7897976188102,8.914470710430395,521.0188756030213,518.8557443550774,0.00283870838230893,12.558942526450165,-0.06258395571505239,-40268255,25.44769671330498,18.53770519430069,536.1341715494792,512.6341654459636,524.3841684977214,15073285.397300253,0.02114535054913118
2018-07-03,512.9000244140625,519.9000244140625,509.25,511.54998779296875,508.7911071777344,6658467,6.237445308462117,-0.0013674786568920183,513.425,529.516005859375,41.70290392007328,-6.584711579914256,16.12863084050295,546.9490748509623,499.4209385767721,9.08438423583948,520.1170767639687,516.5695566068366,-0.001366544084004384,12.42259123270819,-0.10275731959108955,-46926722,31.181465528136396,26.44785493861617,535.2383392333984,511.84833068847655,523.5433349609375,1917089.6790235871,0.0207643281480228
2018-07-04,511.95001220703125,516.25,507.6499938964844,514.75,511.9739074707031,3893493,6.243681345907899,0.006236037445781939,512.9900024414062,529.7140057373047,44.37876738373698,-6.173787393617431,16.05301769679685,546.0736198384957,498.6313911478323,9.082416221182319,519.6059265959717,515.5429331306667,0.006255522008391301,12.149549437765865,-0.09685046947981063,-43033229,44.568214816401614,33.73245901928101,534.4225056966146,510.89249776204434,522.6575017293295,8945179.978335012,0.01679852700157336
2018-07-05,514.0,517.8499755859375,509.0,511.0,508.2440490722656,2692462,6.236369590203704,-0.0073117557041948444,512.7850036621094,529.966005859375,41.948797666378326,-6.080626992460452,15.753434423042105,543.1035016442177,498.46150690070425,8.572099557353367,518.7863145392125,514.2600471586671,-0.0072850898494414285,11.913865591206697,-0.1252118779436545,-45725691,37.98449612403101,37.911392156189684,532.5275044759114,509.8974965413412,521.2125005086264,-3749428.340554996,0.017217851334508753
2018-07-06,513.0,516.9000244140625,509.5,513.7000122070312,510.9294738769531,2706424,6.241639461236179,0.005269871032474782,511.5900024414062,530.3650061035156,44.313072845929426,-5.7229575905092815,15.475249954555554,540.7496657625638,498.4453415616549,8.141748931191772,518.3019047932905,513.6747126469402,0.005283781227066964,11.591448364267825,-0.10583277666419993,-43019267,51.463058482419555,44.67192314095073,531.3308380126953,508.6058288574219,519.9683334350586,3621775.7780832304,0.014424998857821638
2018-07-09,515.0999755859375,529.2999877929688,515.0999755859375,525.25,522.417236328125,6295104,6.26387433972511,0.022234878488930576,512.5950012207031,530.086005859375,53.110622930234925,-4.4561468380826454,15.125043028700462,538.0666244867723,499.6583816167433,7.402393243706349,518.9636281463105,514.059290041661,0.022483915745584726,11.87777173724423,-0.09988342534383643,-36724163,86.74307885026103,58.73021115223721,530.7075052897136,507.7874949137369,519.2475001017252,49679508.16300691,0.027567487633596614
2018-07-10,527.9500122070312,534.9000244140625,522.0,532.5499877929688,529.6778564453125,5281760,6.277676766967325,0.013802427242215032,514.4299987792969,530.391005859375,57.663148024207324,-2.830513782604612,15.367480221596182,537.0490545604151,500.2159478809912,7.101966535596974,520.257567160278,514.7550271654859,0.013898120500654532,11.950789785588393,-0.044248196723551146,-31442403,93.49921152424014,77.23511628564025,530.4508392333985,507.11082763671874,518.7808334350586,42264358.40459605,0.024434177698255004
2018-07-11,532.4000244140625,542.3499755859375,530.7999877929688,536.5499877929688,533.65625,6432494,6.285159731622169,0.007482964654844437,517.2999969482422,530.6470056152343,59.95730796968658,-1.2055247644083238,16.249882469308922,535.927623200952,500.927375578345,6.751232846215381,521.8092262681533,516.6012842060665,0.0075110320001641195,11.922161071829848,-0.016698813553571248,-25009909,86.69726825526149,88.97985287658757,529.9541707356772,506.9541615804036,518.4541661580404,31241436.80153202,0.021694190952902734
2018-07-12,539.7000122070312,545.7000122070312,535.2999877929688,538.3499755859375,535.446533203125,4128221,6.2885088609119295,0.0033491292897602776,520.6749938964844,530.7460046386718,60.981933395093925,0.2249417235252622,17.336965528320967,537.4101948865338,500.0798014513569,7.1962898084694515,523.38453572699,517.5336145018866,0.0033547438895167314,11.813437024846467,-0.005492654513684668,-20881688,84.34497399344019,88.18048459098061,530.3100056966147,507.1499928792317,518.7299992879232,15367643.87162884,0.019270009595762257
2018-07-13,539.7000122070312,541.0,519.4500122070312,523.0,520.1793823242188,4169212,6.259581464064923,-0.028927396847006293,521.8949951171875,530.8000048828125,49.378152697240935,0.11861466050936542,16.383846458224106,536.669031308548,500.24596502934264,7.025275245867214,523.3479132768005,518.1520714559048,-0.02851300507486909,12.5089049368552,-0.06098868253877621,-25050900,51.65067879656123,74.23097368175432,530.5258361816407,507.0658294677734,518.7958328247071,-37542320.317855485,0.03992956699193492
2018-07-16,523.0,529.9000244140625,518.3499755859375,522.0999755859375,519.2841796875,5032325,6.257859093655229,-0.0017223704096940295,522.8799926757813,530.5200048828125,48.79191002515861,-0.037838571869997395,15.384562855675679,536.6273516741857,500.24264344300184,7.018181334695023,523.2290620681468,518.7178768100555,-0.0017208879809990085,12.440415214803043,-0.049669476993159864,-30083225,49.73369438749709,61.909782392499515,530.5483388264975,506.88832600911456,518.718332417806,-15533583.678949878,0.022084223380736137
2018-07-17,521.7000122070312,539.8499755859375,519.0,537.9000244140625,534.9990234375,4511522,6.287672714666931,0.029813621011701485,525.5149963378906,530.4330053710937,58.178908978121875,1.100418073630408,15.365056952666148,539.5236576740455,499.4163386638451,7.720815283187228,524.6262965772817,520.3887089276762,0.030262496776394254,13.041098098455505,0.013546631969247498,-25571703,83.38661178920711,61.59032832442182,531.7700032552084,507.0249928792317,519.39749806722,42343650.69979014,0.03996544968004218
2018-07-18,541.2000122070312,542.4000244140625,515.0,526.5499877929688,523.7101440429688,4954888,6.266346270643563,-0.021326444023367586,526.6949951171875,529.9940051269531,50.95316055034352,1.0742581870989625,14.907898067624098,540.130231525972,499.5547660326217,7.805338268539086,524.80950526449,521.875601727792,-0.021100643439191935,14.066735692427432,0.03353728786490625,-30526591,59.21188618733823,64.11073078801415,532.9658376057944,506.5058247884114,519.7358311971028,-23377556.602348596,0.05062827752409744
2018-07-19,528.0499877929688,537.4000244140625,518.4000244140625,526.7999877929688,523.9588012695312,5276418,6.266820946697084,0.0004746760535212502,528.2749938964844,529.5770043945313,51.09723206923241,1.0614633109037186,14.48339338865648,540.7822866642671,500.2777108943267,7.781410459517861,524.999075029107,523.8691887308033,0.0004747887300271536,14.419111714396902,0.05788478622798069,-25250173,55.73766039591365,66.11205279081967,533.9783386230469,506.7083251953125,520.3433319091797,-6913115.867449533,0.03598144198319588
2018-07-20,526.7999877929688,536.4500122070312,525.0,533.7000122070312,530.8215942382812,2532288,6.279833906212358,0.013012959515273259,530.2749938964844,529.1850048828124,55.0240665483313,1.5897716852525718,14.089210472472264,541.8837286764418,499.98126766144884,8.043741014868196,525.8277357127188,525.6710089417195,0.013097996533694367,14.207033178156497,0.028182316552210037,-22717885,68.46256445381582,61.13737034568924,534.2075063069661,507.5174916585287,520.8624989827474,9344194.059808489,0.02173502747219326
2018-07-23,534.9000244140625,544.7999877929688,530.5499877929688,540.3499755859375,537.4357299804688,6009401,6.2922170325672315,0.01238312635487393,531.7849914550782,528.95400390625,58.484075170251145,2.516052855663588,14.51782788658603,544.5833940252855,499.7965986504957,8.576724121273648,527.2108061768348,528.1444332398511,0.01246011472138897,14.210102236859603,0.0791714021468612,-16708484,85.93946374104424,70.04656286359125,535.4750061035156,508.38499145507814,521.9299987792969,29756262.406044558,0.026640492334263143
2018-07-24,541.0499877929688,548.9000244140625,538.0499877929688,546.0999755859375,543.1547241210938,6171893,6.302802064451895,0.010585031884663643,533.139990234375,528.8820031738281,61.25929738185606,3.671788213043669,15.262293222532174,548.1336625524643,499.43632646120756,9.297199538353942,529.0097746919874,530.5530654445477,0.010641251521784412,13.970097550019185,0.12284624371254577,-10536591,92.98233805807361,82.46145541764456,537.1533396402995,509.6433237711588,523.3983317057291,33577677.30201485,0.020053667620163567
2018-07-25,547.0,547.5,529.5,532.25,529.3794555664062,3341114,6.2771133037735884,-0.02568876067830672,532.7099914550781,528.5270031738281,52.20666572985565,3.430593780055233,14.882996315423933,548.466676389683,501.5433120136372,8.937698668447721,529.3183675784649,531.5686390898737,-0.02536161180208296,14.257947725017814,0.10989221235204585,-13877705,57.741080972224374,78.88762759044742,538.7300064086915,510.85998992919923,524.7949981689453,-19657005.785884373,0.03290676416819013
2018-07-26,535.4000244140625,544.0,526.4000244140625,541.6500244140625,538.728759765625,7920089,6.2946200814650775,0.017506777691489006,533.0399963378907,528.5710034179688,56.86564524625388,3.952388194305172,14.179377755878715,549.4154691135585,504.2995211208164,8.56321650747459,530.492811086617,532.8877559184093,0.017660919519140394,14.496664000797791,0.18221948196188778,-5957616,78.61358472357756,76.44566791795853,540.5275054931641,512.1674926757812,526.3474990844727,43080351.37907044,0.032872571504266875
2018-07-27,543.2000122070312,555.0,537.25,553.25,550.2661743164062,7678597,6.315809978931159,0.021189897466081575,536.0649963378906,528.9780029296875,61.81278555917021,5.2415141987147535,14.51652694736072,553.0338168369091,504.926174618169,9.094416160780264,532.6601624117011,535.3490872586891,0.021415997531775144,14.729045143597949,0.20241431828775863,1720981,95.625,77.326555231934,542.6516723632812,514.0916595458984,528.3716659545898,73741142.28252544,0.03267672975168288
2018-07-30,556.0499877929688,571.2000122070312,550.7999877929688,569.6500244140625,566.5777587890625,12949737,6.345022180002129,0.02921220107096989,540.8200012207031,529.83400390625,67.48982968439608,7.500044905300342,15.918895300552736,560.4938510394442,503.2061428570402,10.771403311294742,536.183006411926,540.265137531729,0.02964306265533212,15.134115091488272,0.24741778463607847,14670718,97.24201520231195,90.49353330862984,545.8416748046875,516.3216583251954,531.0816665649414,166164382.7313008,0.036687392971687174
2018-07-31,582.0,584.4500122070312,548.0,550.4000244140625,547.4315795898438,21735293,6.310645330976078,-0.034376849026051204,542.0700012207031,530.3760046386719,56.81340105991198,7.648465887322686,17.889448966204203,561.9310800015115,505.65391755708225,10.542891212058372,537.5370081264152,545.1751822143927,-0.033792678267328125,16.656679171169916,0.09528512307436283,-7064575,50.97194844046195,81.2796545475913,549.5008412679036,517.4008260091146,533.450833638509,-223548132.58956635,0.06262888695366194
2018-08-01,550.5,555.5,538.25,545.1500244140625,542.2098999023438,6871812,6.301061030936509,-0.00958430003956856,543.9300048828125,530.8740051269531,54.29091884046712,7.258784709279553,18.681829888546613,562.4383818126229,508.18661818737706,10.134596824330801,538.2620572966673,545.477622776726,-0.009538517018760961,16.699059230372065,0.06218546023331844,-13936387,43.41255452077524,63.87550605451639,551.6041748046875,518.63916015625,535.1216674804688,-98567386.19652213,0.031335149863760216
2018-08-02,545.25,551.2999877929688,539.0,547.25,544.298583984375,6495837,6.304905736402972,0.003844705466462983,545.9750061035156,531.1300048828125,55.148730007635194,7.038277169699086,19.41761217357885,562.2835788372951,511.9664211627049,9.367867381818048,539.1180518398419,546.2270336824157,0.003852105827555574,16.384839841986114,0.08867786606378784,-7440550,46.43627693521838,46.940259965485204,553.4383422851563,520.1283264160156,536.783334350586,-23761729.325354386,0.02255843703433058
2018-08-03,546.5,578.5499877929688,545.75,574.75,571.6502685546875,15953749,6.353935163643291,0.04902942724031867,550.0800048828125,531.8550048828125,64.53498731548552,8.979038759262039,21.353870940872856,567.909524079473,512.4454746998239,10.267745221213122,542.5115707122379,550.102905046122,0.05025125628140703,17.557350409913447,0.16323297997088082,8513199,86.03310222881544,58.6273112282697,557.3575063069661,521.5074940999349,539.4325002034504,284564821.8915485,0.06001827592491994
2018-08-06,575.2000122070312,604.0,575.2000122070312,596.7999877929688,593.581298828125,22629303,6.39158202843541,0.03764686479211932,555.7250061035156,532.8680041503907,69.96293388488321,12.156226623352836,23.911948312506212,580.0113965162005,507.49860104239326,13.335563927981337,547.681896148498,557.9840154370606,0.03836448506823609,18.392539666348203,0.20036597030801334,31142502,91.91009864378512,74.79315926927299,561.5266723632812,524.2166625976563,542.8716674804688,427505510.5727769,0.05006951874438208
2018-08-07,597.0,606.9000244140625,583.7000122070312,593.0499877929688,589.8515625,16424825,6.385278691891807,-0.006303336543602711,560.4200073242188,533.77400390625,68.05525741393,14.207798578143638,26.360240497055567,588.479070843162,505.0809267154317,15.252595982647366,552.0026667813047,563.260712050531,-0.006283512192867047,18.73593056211128,0.14911025217572807,14717677,84.35024110610875,87.43114732623644,565.2783386230469,526.938330078125,546.1083343505859,101439774.35759231,0.038860991971576636
2018-08-08,596.75,598.9000244140625,587.0,596.2999877929688,593.083984375,7138029,6.390743875657768,0.005465183765960724,566.8250061035156,534.8670031738282,68.84804847539654,15.912502547530721,28.633654668422828,596.3789482677454,503.1560492908483,16.956786129389084,556.221459258606,566.099785820125,0.005480145125868585,18.247651551536368,0.17203594660549595,21855706,87.05734620114022,87.77256198367805,568.1708414713542,529.795829264323,548.9833353678385,49278987.61919744,0.019941389885316296
2018-08-09,595.0,624.4000244140625,595.0,621.0499877929688,617.7005004882812,18227195,6.43141157433473,0.04066769867696163,574.7650024414063,536.3700024414062,74.11625700020984,19.041116739528775,31.32874018966906,609.5298396464542,498.27515913284276,20.08560723885598,562.3956048333073,572.0587692215091,0.04150595422885206,19.04424961314538,0.24382623223047248,40082901,96.58159528459821,89.32972753061574,572.8058420817057,532.5308298746745,552.6683359781902,317175046.70639914,0.049411805737920166
2018-08-10,621.2999877929688,623.9000244140625,611.25,615.5,612.180419921875,16074351,6.4224349456245085,-0.008976628710221313,580.9900024414062,537.947001953125,71.20815947351048,20.832583342486714,33.831319602254844,618.3329841433854,498.7220146359116,21.415412784183964,567.4531662777542,577.493493395947,-0.008936459064578406,18.587519241782314,0.21664164611817224,24008550,90.9183424346301,91.51909464012287,576.8141774495443,537.4291615804036,557.121669514974,46250047.68220304,0.02036057405859434
2018-08-13,612.0,616.0,602.5999755859375,604.9000244140625,601.6376953125,8445677,6.405063195473361,-0.017371750151147225,584.5150024414063,539.3040026855468,65.89055337471521,21.153163587607082,35.306209852539176,623.2713535494403,502.0636501126691,21.541621480240515,571.0195337193073,580.1743380210673,-0.017221731252538564,18.216983896945184,0.19418613776760882,15562873,80.10204081632654,89.20065951185161,581.1258433024088,541.5558298746745,561.3408365885417,-44265964.11040823,0.021895464728860295
2018-08-14,608.5999755859375,621.2999877929688,608.5999755859375,618.0499877929688,614.7167358398438,10225641,6.426569340582952,0.02150614510959059,591.2799987792969,541.047001953125,68.98486753869939,22.212268680675493,36.82212151847737,630.7011277882065,502.64887221179345,22.597124555770595,575.4986245834656,583.040415918086,0.021739069016642798,18.08719671708526,0.1952234758393134,25788514,93.52037079480229,88.18025134858631,584.9050109863281,546.1499938964844,565.5275024414062,74889215.08042544,0.020867585797722302
2018-08-16,614.9000244140625,635.0,611.25,623.4500122070312,620.087646484375,18777302,6.435268589022403,0.008699248439451246,599.1099975585937,542.8880017089843,70.18115728196236,23.219691784564134,38.575538514135715,637.3084954543921,505.7315069870141,23.022289366311625,580.0654234047576,588.928736713369,0.008737196862256713,18.491682665864882,0.18885375256782208,44565816,88.1841557105179,87.26885577388225,589.485009765625,551.0949951171875,570.2900024414063,92561664.51362488,0.03862416499760485
2018-08-17,630.0,632.4500122070312,620.2999877929688,627.2999877929688,623.9168701171875,13411536,6.441424875643059,0.006156286620655926,607.1149963378906,544.5860009765624,71.03883802070288,24.051492077548005,40.20371143867561,643.2490410814283,509.840961359978,23.13923101214806,584.5639533464919,593.1096430078172,0.006175275500129418,18.038707076450425,0.19372979827330247,57977352,92.04133105216408,91.2486191858281,594.100010172526,556.3949930826823,575.2475016276042,65276612.28448954,0.019285753038194443
2018-08-20,630.0,630.5999755859375,622.0999755859375,624.4000244140625,621.032470703125,6463139,6.436791227741312,-0.004633647901746585,612.0799987792968,546.3260009765625,69.41914265356507,24.19776027598391,41.715586297176934,647.8486025640993,514.31140109801,22.98086340009932,588.3578648767367,596.2287056798172,-0.004622929117389596,17.357370856703966,0.17208174500196782,51514213,89.04395288275194,89.75647988181133,598.6516754150391,561.2416595458984,579.9466674804687,9263626.486309344,0.013492063492063493
2018-08-21,625.4000244140625,638.25,617.2999877929688,635.75,632.3212890625,15522297,6.454805404302229,0.018014176560916972,615.975,548.2420007324218,72.10031024895402,24.94201107334061,43.31832801522127,653.91621441716,517.7837916863556,23.236736711048124,592.8714015551427,603.3332832658668,0.018177410541564853,17.613988096013056,0.20476602942135758,67036510,97.5,92.86176131163869,603.5800099690756,565.4999928792317,584.5400014241536,120539670.15388371,0.03349857913206723
2018-08-23,644.6500244140625,644.6500244140625,628.5499877929688,631.75,628.3428344726562,12699837,6.448493746268303,-0.006311658033926193,619.8450012207031,550.1340002441407,69.77840191033272,24.921785788382522,44.96270187095581,658.4333012669423,521.8317072779795,23.14761396804786,596.5741252165576,607.5450604025614,-0.006291781360597715,17.50584870494739,0.15667282816546216,54336673,87.78985193273135,91.4446016051611,608.3741770426433,569.7691599527996,589.0716684977214,6313658.051294573,0.024974848384947245
2018-08-24,638.0499877929688,643.4000244140625,634.0,639.9000244140625,636.4489135742188,15035968,6.461311952298348,0.012818206030044799,624.2050048828125,552.1190002441406,71.77300370603069,25.27207521025366,46.48962045128075,661.6542370018271,529.3757739845009,22.212448350950016,600.7004013306057,611.9871529880329,0.01290071137960025,17.087575541312756,0.1732715249841119,69372641,95.19717004303934,93.49567399192358,613.0783457438151,575.333326212565,594.2058359781901,83800223.54313986,0.014732426289321665
2018-08-27,643.0,651.5,642.0,650.2000122070312,646.693359375,9819034,6.477280026644076,0.01596807434572778,627.1200073242187,554.4830004882813,74.09953463766706,26.08016908027264,48.10497284652229,666.3211688381639,535.5638409274611,21.758708503436825,605.4146499855034,617.6484754808587,0.016096245350826655,16.69560411592881,0.17707086420552448,79191675,98.29621493977677,93.76107897184916,618.2008463541666,581.2658243815105,599.7333353678385,95357361.4068767,0.014774494556765163
2018-08-28,652.0,662.7999877929688,642.0,660.0499877929688,656.490234375,9886447,6.492315571232668,0.015035544588592131,631.5750061035156,557.1090002441406,76.12605719050858,27.20183419235343,49.847369886238766,672.6461330871698,539.9188754577522,21.89198215255945,610.6180154909763,622.9764562762924,0.015149147033238108,16.98877437857452,0.17977789796323593,89078122,96.52338704325858,96.6722573420249,623.6758453369141,586.435824584961,605.0558349609375,96706628.19006893,0.03190182176835698
2018-08-29,657.5,667.6500244140625,653.25,656.9000244140625,653.3572998046875,13329261,6.487531837063996,-0.004783734168672282,636.7750061035156,559.7960009765625,74.12856763762933,27.519360102448672,51.56023563556465,678.2618997749782,543.0281087699436,22.14605704768777,615.0258258646036,628.4068493626245,-0.0047723103358260355,16.803863666823663,0.11332092492181621,75748861,86.67080378697867,93.83013525667134,628.1450124104817,591.5049916585288,609.8250020345052,4244420.051434115,0.02190117781606464
2018-08-30,661.8499755859375,661.8499755859375,643.0499877929688,649.75,646.2457885742188,14868623,6.4765876735216,-0.010944163542395913,639.9450073242188,562.4470007324219,69.66045425541262,26.88415070436497,51.92591010920807,679.2779489345245,551.9470571689911,20.68361040984705,618.3328900679747,631.6304375936528,-0.010884494060477645,16.94644396154831,0.1728656445781926,60880238,75.36129607879707,86.18516230301145,631.7925099690755,596.9174916585287,614.3550008138021,-69459204.95184943,0.02840521037463977
2018-08-31,649.5,653.5,641.25,649.25,645.7484741210938,10207700,6.475817850542858,-0.000769822978742063,642.5250061035156,565.0500012207032,69.34567571011831,26.040221395845037,52.05951493833927,677.1932502634847,564.4417533986245,18.16177806397341,621.2773767281677,634.4791839174003,-0.0007695267410542384,16.610983678580574,0.1878578183412794,50672538,71.71404980389948,77.91538322322508,636.6275095621744,602.2524912516276,619.440000406901,-26555634.983949814,0.018860662047729022
2018-09-03,655.4500122070312,655.4500122070312,629.5999755859375,631.7999877929688,628.3925170898438,6494484,6.448572869046948,-0.027244981495909926,642.9750061035156,567.4250012207032,59.27812760819003,23.690244794069713,50.93468450963672,670.3045365851656,579.7854658562408,14.482008583724767,622.2795301629106,636.3672104584417,-0.026877184762466255,17.27091603161723,0.15878335196853094,44178054,44.88853234250971,63.987959408402105,641.9600118001302,606.2299886067708,624.0950002034505,-84404428.38022937,0.03943860880260191
2018-09-04,631.0,644.4000244140625,622.75,641.7999877929688,638.338623046875,9305124,6.464276709655763,0.01570384060881569,644.7150024414062,569.7480004882813,62.626664845029566,22.376841532917183,49.23636148410906,667.8144641949038,588.9805370257993,12.545232451200794,624.1386213657732,637.8157070323426,0.015827793911380672,17.583709487506177,0.14258118500246228,53483178,56.22351355485821,57.60869856708914,644.9008473714192,610.2858205159506,627.5933339436849,33899350.53992354,0.03431065675762678
2018-09-05,641.0,646.6500244140625,631.3499755859375,637.6500244140625,634.2110595703125,8837398,6.457789581760468,-0.006487127895295153,644.9050048828125,572.1970007324219,60.406722898191745,20.761763933036946,47.780072882732156,667.2428697129272,593.6371351698853,11.675295707442515,625.4254216560864,639.2109583040203,-0.006466131906884609,17.42059086897895,0.09735752697057005,44645780,46.80853366347134,49.3068598536131,646.5533508300781,613.2883178710938,629.9208343505859,-13150135.196571706,0.023869030933112323
2018-09-06,638.9000244140625,643.2999877929688,624.5999755859375,638.2000122070312,634.7579956054688,10026621,6.458651732971425,0.0008621512109563412,645.5500061035157,574.6770007324219,60.60602213667749,19.30366211680871,45.785990575337955,665.354917882922,600.0400894412968,10.323231570154325,626.642049327605,640.8880509906717,0.000862522970141999,17.51197810741126,0.13299016659488008,54672401,41.50945225987502,48.1804998260682,648.3691833496093,615.554150390625,631.9616668701171,-707032.2957078218,0.029269074178203545
2018-09-07,640.0,648.0,632.0999755859375,645.5499877929688,642.0684204101562,6999943,6.470102647711222,0.011450914739797646,646.1150024414062,577.4310003662109,63.26709630701321,18.52761273924807,44.21879381516117,663.6263437143126,606.6936636099061,8.963517818526459,628.4428053719254,642.208983556209,0.011516727429258022,17.396838557886348,0.1365793614107534,61672344,56.107208446726105,48.14173145669083,650.9600158691406,617.7449829101563,634.3524993896484,34063929.33673345,0.024843788146972655
2018-09-10,644.9500122070312,677.9500122070312,643.2999877929688,651.75,648.2349853515625,32430222,6.479661052813611,0.009558405102389145,646.2700012207031,580.3740002441406,65.39087423737536,18.203043827597753,44.14684280072246,665.2630755165145,608.1269330284073,8.973863797375888,630.6625381936468,645.6740795879442,0.009604232552506309,18.629208976184646,0.005477657178225487,94102566,56.80131630589017,51.47265900416377,653.4316823323568,619.6916493733723,636.5616658528645,145399824.63006675,0.05372513180593556
2018-09-11,651.6500244140625,665.7000122070312,647.4500122070312,650.1500244140625,646.6436157226562,19162102,6.477203143048759,-0.002457909764852495,645.2800048828125,583.1610009765625,64.35679516999079,17.613676470274413,44.08003114445794,665.8225839720922,611.032427014236,8.582048311896058,632.5184892622578,647.9320987808937,-0.002454891577963192,18.602122620742882,-0.02721032447472295,74940464,49.637714410817374,54.18207972114456,655.5891815185547,621.2891510009765,638.4391662597657,28027344.626526162,0.028005830301947223
2018-09-12,665.0,665.0,630.0999755859375,635.4500122070312,632.0228881835938,14448365,6.454333428538137,-0.022869714510622252,643.1350036621094,585.6250012207031,55.649437138609514,15.778545214029805,42.525304850790995,662.7170786696408,617.1929310959842,7.113648182498846,632.7976819236649,648.4886407007041,-0.022610184811235556,19.766258463122856,-0.04391471997664844,60492099,23.00726340312938,43.14876470661232,658.4483479817709,621.9983174641927,640.2233327229817,-132251646.37225331,0.052481239720394736
2018-09-14,641.7999877929688,644.0,632.0,636.4000244140625,632.9677734375,12083354,6.455827334826394,0.0014939062882577403,641.8000061035157,588.122001953125,56.0631670459394,14.236736283754794,41.08163043524312,661.3982560819763,620.3467573457581,6.405564025006097,633.1407621608456,648.5335243434918,0.0014950227221361967,19.211525715756938,-0.07521715934318564,72575453,24.72829962947688,32.457759147807884,659.487515258789,623.1074859619141,641.2975006103516,-36430992.922831185,0.018697413880087124
2018-09-17,633.7000122070312,634.0,622.0,625.9500122070312,622.5741577148438,6644742,6.439270515207278,-0.016556819619116148,639.4700073242187,590.3460021972656,50.48429534169265,12.032905107807323,38.96462341415712,661.1238921969984,620.871121230736,6.279707884141702,632.4559288319109,647.7622527182426,-0.01642050880914503,18.867847051350193,-0.09014299591718722,65930711,7.059895165733049,18.26515273277978,659.1041819254557,623.8991526285807,641.5016672770182,-58435420.98265922,0.018936404874298114
2018-09-18,624.0,633.0499877929688,606.1500244140625,608.5999755859375,605.3176879882812,10724450,6.411161197347749,-0.028109317859529526,637.1500061035156,592.2980017089844,42.858666217562465,8.78508112146153,36.412541069832464,664.0201789406157,616.1048332664155,7.486041631448242,630.1839332846754,645.413179533611,-0.027717926803642712,19.441569646175626,-0.13526842430010846,55206261,3.4121888417854573,11.733461212331804,659.304178873698,622.6241556803386,640.9641672770183,-143524873.82161233,0.04310891567132412
2018-09-19,611.5999755859375,622.5,601.2999877929688,608.7999877929688,605.5166015625,9373364,6.411489786496505,0.0003285891487561088,633.8500061035156,594.2000012207031,42.96562018362253,6.156330184327544,34.33027683647433,666.0769592964523,612.4880492484697,8.38266489225601,628.14736704737,642.4501559726059,0.0003286431400835177,19.567172686236745,-0.13277645758752554,64579625,9.784732695563267,6.752272234360601,659.1975128173829,621.2474884033203,640.2225006103515,-46591766.45990594,0.03466319989094307
2018-09-21,618.9500122070312,634.0,563.4000244140625,599.2000122070312,595.9683227539062,24788799,6.3955954525752245,-0.015894333921280257,630.0050048828125,595.6790014648437,39.175449099447974,3.2607998571040753,34.114430983833365,669.4457741874742,605.4642355781509,10.03702820108619,625.3904761101949,635.7531563767873,-0.015768685575601737,23.21237289335823,-0.1725803607209065,39790826,31.252720740286456,14.816547425878403,660.1016784667969,617.1866577148437,638.6441680908204,-174178498.95644325,0.11406409918984324
2018-09-24,599.5999755859375,605.75,587.8499755859375,597.3499755859375,594.1283569335938,11998797,6.392503165392616,-0.0030922871826088993,625.9200012207032,596.9750012207031,38.47113304760061,0.8074805841539501,33.91400269209532,672.1595690369393,599.3104382872796,11.459040375316306,622.7199522507418,632.5335909551277,-0.0030875109869900053,22.83291943055139,-0.14034279824561216,27792029,29.637673321479742,23.5583755857765,658.2916768391926,615.1966573079427,636.7441670735677,-72858308.89152764,0.029853277423119214
2018-09-25,598.7999877929688,619.7999877929688,589.5499877929688,614.3499755859375,611.0366821289062,17515392,6.420564758573915,0.02806159318129975,622.8,598.5310009765625,47.76449186846249,0.23228764284931458,32.78713661254112,671.9836963167282,596.9313061246779,11.829380226043307,621.9228116159985,630.0989828930715,0.028459028534026043,23.36271089979772,-0.11055639814863591,45307421,44.478355828338536,35.12291663003492,657.7741739908854,612.5941569010417,635.1841654459636,174221673.03615746,0.050517703100653275
2018-09-26,619.0,624.3499755859375,612.0499877929688,617.4500122070312,614.1199951171875,8725133,6.425598113333904,0.005033354759988562,619.3700012207031,600.1130017089844,49.26925322505146,0.026287118520258446,31.45555454179813,670.3136713459929,595.3263310954134,11.849710834981476,621.4968307199065,629.253302497027,0.00504604336988379,22.572516392167078,-0.1428103071511676,54032554,47.18462990206134,40.433553017293214,656.4166727701823,610.9566569010416,633.686664835612,76106045.5613282,0.019870739568608645
2018-09-27,617.3499755859375,619.75,597.0,600.1500244140625,596.9132690429688,9683836,6.397179664651287,-0.02841844868261667,614.3700012207031,601.6560021972656,41.998216906249496,-1.5154648782538516,30.878069975181287,667.7072718130164,591.9427342904992,12.029458525051767,619.4638015479213,627.655757084361,-0.02801844270944487,22.585193792726574,-0.19832530949090707,44348718,32.08206365453299,41.24834979497763,654.0483408610025,608.3933237711589,631.2208323160808,-86318147.87229815,0.036851058394239966
2018-09-28,598.5,619.7999877929688,594.0499877929688,613.25,609.9425659179688,16754620,6.418772683138599,0.021593018487311433,612.15,603.4790026855469,48.22866229817038,-1.6611076793751636,30.463238895664006,664.0340919181345,591.2509117439748,11.596279723222297,618.8720109243098,625.7220163363866,0.021827834796353196,22.81125137896039,-0.13902277712836414,61103338,43.518097685032984,40.928263747209115,652.1041717529297,605.3141571044922,628.7091644287109,117550692.67700738,0.04302422723475355
2018-10-01,615.0999755859375,617.5,572.5,593.4500122070312,590.2493896484375,20117451,6.385952985072118,-0.032819698066480996,607.8549987792969,604.5900024414062,41.05103392713009,-3.3357714907542686,30.873193136705336,662.6260198341688,587.0289850486438,12.09886480510902,616.4508681893309,622.264013832643,-0.0322869756102222,24.39616199474893,-0.12545049015091206,40985887,26.233078127672453,33.94441315574615,650.56083984375,601.1508239746094,625.8558319091796,-226366625.2580955,0.073158838865395
2018-10-03,592.5999755859375,592.5999755859375,569.0999755859375,572.25,569.1637573242188,18385327,6.349575958832676,-0.03637702623944161,602.4849975585937,605.5040026855469,35.03826850898824,-6.30098460745819,31.366065245093804,663.4395442232882,578.5154606595244,13.675871223978362,612.241261695109,612.4727221304726,-0.03572333266653538,24.392867325202133,-0.18211862215631136,22600560,8.651003560086226,26.134059790930564,647.6225056966147,597.087489827474,622.3549977620443,-335301646.306206,0.03965575593681759
2018-10-04,565.0,590.5499877929688,553.7999877929688,586.25,583.0881958007812,16877024,6.373746319760489,0.024170360927812773,600.25,606.6930029296875,41.16670820711588,-7.4355420680386715,32.29754484254493,663.4219397912764,573.9780663122392,14.456743662171062,609.7659034384319,605.3811938858288,0.024464831804281273,25.275519659116267,-0.1111858617034588,39477584,29.181662450374635,21.355248046044448,645.0633371988931,593.438324991862,619.2508310953776,45751675.23126465,0.06504424778761062
2018-10-05,586.0,590.5,565.0,568.5,565.4339599609375,9860010,6.343001313190591,-0.03074500656989798,596.2200012207031,607.3890026855469,36.46914232276907,-9.655659257176694,33.16249018303525,663.4458386672967,566.624168656922,15.74246497091521,605.8358173966765,600.969316791759,-0.030277185501066062,25.291553969179393,-0.16080029038782725,29617574,16.29712884438541,18.04326495161543,642.1733357747396,590.1633260091146,616.1683308919271,-101426226.58957845,0.043515358361774746
2018-10-08,570.0,574.5,546.0999755859375,556.5499877929688,553.5484008789062,12918017,6.321756992005839,-0.021244321184751946,591.9549987792968,607.7130029296875,33.68247331213716,-12.238308635470617,34.49175431140809,664.4556820045738,557.5043216575356,17.504887234690848,601.1419288629901,595.9143162327138,-0.021020250144294206,25.51358757238533,-0.164930515920192,16699557,11.88852025547268,19.122437183410916,638.8533335367839,585.5333262125652,612.1933298746745,-136722382.75695097,0.04982460423519737
2018-10-09,561.9000244140625,563.9000244140625,549.1500244140625,552.8499755859375,549.8682861328125,8053297,6.315086672828036,-0.00667031917780303,587.5049987792969,607.8480029296875,32.845605992729574,-14.417441644832024,35.72607100204,664.2836410325193,549.1413589674806,18.9780632614358,596.5426952175565,593.1778166049243,-0.006648121980388222,24.74475988864352,-0.1958687051346288,8646260,7.679178754494311,11.954942618117476,634.652500406901,581.7274943033855,608.1899973551433,-65438992.39021576,0.02625022131896326
2018-10-10,553.9500122070312,590.7999877929688,552.8499755859375,589.2000122070312,586.0223388671875,13695001,6.378765705306451,0.06367903247841511,584.9900024414062,608.9870031738282,46.8239337709538,-13.060720236297584,34.92684535423019,659.0525069332247,548.7374955081815,18.26725030047513,595.8433920736969,590.8776431335383,0.06575027263511801,25.68799219709979,-0.1652512175227979,22341261,49.03302007979702,22.86690636325468,632.5416666666667,577.4116617838541,604.9766642252604,310062861.1205384,0.06850800861224271
2018-10-11,555.0,585.7999877929688,550.0999755859375,580.8499755859375,577.7173461914062,11223315,6.36449250592787,-0.014273199378581403,581.3299987792968,609.7710021972656,44.53089990891238,-12.515021538572341,34.289134882737415,651.7336234755373,548.9663765244627,17.117889056562777,594.4154476462913,588.9013902935745,-0.01417182017667673,26.645995370242215,-0.08753382492951638,11117946,39.53354988424849,32.08191623951328,628.3233317057291,573.0883280436199,600.7058298746745,40877559.53346561,0.06432434631897523
2018-10-12,589.6500244140625,602.25,580.75,584.9000244140625,581.7455444335938,10689006,6.371440934189555,0.00694842826168518,579.8049987792969,610.4040026855469,45.91440494983592,-11.621777677557589,32.69838078261173,643.4494779481932,550.7255220518067,15.529374823017822,593.5092168622695,587.5996657908026,0.006972624599044686,26.278424272367772,-0.06414404659669774,21806952,49.58472693690096,46.05043230031549,625.2291646321614,569.6691609700521,597.4491628011067,42486517.32723594,0.03646230663920456
2018-10-15,585.0,585.0,569.4500122070312,576.5499877929688,573.4404907226562,5065325,6.35706204504458,-0.014378889144975204,576.1349975585938,610.542001953125,43.50514820963127,-11.455600620296195,31.697956956164592,637.7860811651741,550.4989163934196,14.691284490015697,591.8940521890028,586.6736202992795,-0.014276006620889792,25.512107380982126,-0.02896453384387423,16741627,38.91375361920927,42.67734348011958,620.9358296712239,567.3108296712239,594.1233296712239,-14034927.056082483,0.026581175714476497
2018-10-16,577.75,594.3499755859375,570.25,588.8499755859375,585.6741333007812,13083651,6.378171440826977,0.021109395782397122,575.6749938964844,611.3110009765625,47.84644080979921,-10.213661157529486,30.232215933481598,630.8880672530572,552.641925422724,13.222502566822266,591.604140131568,584.3870736022644,0.021333775133797195,25.41124082419322,0.01148805815449559,29825278,54.63258785942492,47.71035613851172,618.8916605631509,564.0566630045573,591.4741617838542,102607522.70628142,0.041713501663241025
2018-10-17,594.75,598.7999877929688,566.5999755859375,576.0499877929688,572.9431762695312,9609195,6.356194441293139,-0.02197699953383747,576.0549926757812,611.9290002441406,44.0526628585652,-10.145318312264976,28.621565827701044,625.6208381636235,552.9191520707515,12.337584926314452,590.1227922897966,582.5102293401619,-0.021737264708607817,25.89615306582451,0.00480137951645561,20216083,40.63773032072023,44.72802393311815,617.5599934895833,560.7049947102864,589.1324940999349,-47795878.23141042,0.054140415648644385
2018-10-19,570.4000244140625,576.5499877929688,554.5499877929688,562.5499877929688,559.5159912109375,12664549,6.332479997317621,-0.023714443975518584,573.6849914550781,612.235,40.41306841366403,-11.05308026184673,27.679618346997525,623.9572227571632,549.9777686979148,12.603671344279762,587.4968109091463,579.9885008131513,-0.02343546616800185,25.617856418265614,0.025130996179268034,7551534,22.320229962542474,39.196849380895884,614.7458282470703,558.380825805664,586.5633270263672,-129912900.41047014,0.03856942331410184
2018-10-22,567.9500122070312,572.0,558.2000122070312,562.0499877929688,559.0186767578125,10235243,6.331590792189042,-0.0008892051285789293,573.039990234375,611.9809997558593,40.28033056539516,-11.678214777765788,26.8049528292014,621.7140782846493,547.5459131704288,12.686342756314176,585.0733039457009,576.2231844673613,-0.0008888099028525609,24.773722945030123,0.018241350131791123,-2683709,22.338945032475138,28.432301771912623,612.0366607666016,556.4116607666016,584.2241607666016,-46716047.80349005,0.024297891533345592
2018-10-23,557.0,571.4000244140625,553.5,562.75,559.7149658203125,9513054,6.332835479786842,0.0012446875977998317,573.6599914550782,611.3,40.57461361904139,-11.97906603409001,26.213790512373397,620.4270766109859,545.1879136233891,12.909779578669983,582.9472749984913,573.1502542899772,0.0012454625428959254,24.282744478532436,0.019240241853523576,6829345,29.652746526486965,24.7706405071682,607.5858296712239,557.2308247884114,582.4083272298177,-11132513.317065045,0.032136489073720825
2018-10-24,574.5,576.9500122070312,557.25,564.0999755859375,561.0576782226562,9759225,6.335231497466259,0.002396017679417106,574.7849914550782,610.7209997558593,41.17662236562367,-11.970571774678433,25.288410668931256,618.9851166356784,543.3048735986965,13.02260944735849,581.1522941020576,572.1214340430652,0.0023988904237006725,23.955406459139493,0.004239361905323304,16588570,32.056976266411006,28.016222608457714,606.1316630045574,555.596659342448,580.8641611735027,5072305.88609225,0.0342907088024913
2018-10-25,558.0,564.7000122070312,552.4500122070312,561.0499877929688,558.0241088867188,13041860,6.329810006353401,-0.005421491112858057,571.9699890136719,610.0159997558594,40.18610171054172,-12.070803825294547,24.675513718783183,614.0287457454077,542.9312457096704,12.290399073579001,579.2377887392872,570.4749904000017,-0.0054068213525459985,23.119305997772386,-0.020411838269170396,3546710,26.625121472408644,29.444948088435552,602.8066640218099,554.0716603597004,578.4391621907552,-24827573.903040864,0.021953405017921146
2018-10-26,562.0,564.0,534.5499877929688,537.7000122070312,534.8001098632812,9229395,6.2873008065179405,-0.04250919983546009,567.6549926757813,608.3490002441406,33.5351207548607,-13.874450306845688,24.925692543578236,609.5493349623748,539.4356564927034,12.204455060962847,575.2818100219295,568.6427354330102,-0.04161835147308446,23.571499298433732,-0.04611574163791335,-5682685,4.652915577665644,21.11167110549511,600.0374989827474,549.5874928792318,574.8124959309896,-151946623.2496627,0.0524021569520129
2018-10-29,541.3499755859375,577.0,538.5499877929688,566.7000122070312,563.6436767578125,15917739,6.339830084716126,0.0525292781981852,565.8349914550781,607.3730004882813,45.58141167316883,-12.81605993989183,24.267774008684345,605.9602387522929,539.6797514820822,11.570910204810671,574.4644959443201,568.6314346874143,0.05393341889833181,24.69496276232909,0.013388631836939086,10235054,47.488949212808905,26.25566208762774,598.5783325195313,546.5583251953125,572.5683288574219,257094079.58344576,0.0710261641102216
2018-10-30,564.8499755859375,571.75,559.0,562.7000122070312,559.6652221679688,8522604,6.332746648132908,-0.007083436583217306,564.4499938964843,606.5290002441407,44.386438640306,-12.159873071880838,23.656849654854305,597.9744119796876,542.6105794753905,9.707971421519021,573.3440689217211,569.104405086567,-0.00705840817687986,23.84175113644844,-0.03566291516391042,1712450,41.580530780375355,31.240798523616643,595.7008331298828,544.980825805664,570.3408294677735,62971082.52781527,0.022572365320143645
2018-10-31,568.2999877929688,586.0,558.0,582.4000244140625,579.259033203125,12135088,6.367157538802226,0.03441089066931724,563.8049987792969,605.8160009765625,51.17535715070263,-9.935681553967925,22.1802747874246,595.9531953293935,543.5267973463878,9.20181105767299,574.2065408733727,568.8431481173164,0.035009795236654595,24.138768912416406,0.00822780261172254,13847538,70.67950959117272,53.24966319478566,593.9,544.8799926757813,569.3899963378906,180364615.33153737,0.049269752949916264
2018-11-01,582.0499877929688,608.0499877929688,582.0499877929688,602.1500244140625,598.9024658203125,16048865,6.400506624251307,0.033349085449080995,566.4150024414063,605.3900012207031,56.86094996917129,-6.5043556461562275,21.522389583520265,601.0177718932893,541.4522232238982,10.427503378463996,576.8678250201051,571.5460201332121,0.03391139967734369,24.27171399010095,0.10571501368694783,29896403,91.9728389402636,68.07762643727057,594.9966674804688,545.72666015625,570.3616638183594,271431594.2771791,0.04466970285247738
2018-11-02,612.4500122070312,617.9000244140625,605.0999755859375,610.6500244140625,607.356689453125,12488669,6.414524003597548,0.014017379346241476,571.2250061035156,605.057001953125,59.0700452716679,-3.063808503042651,21.3426699702651,606.3176455142718,538.5923520443218,11.830675531590677,580.0851773433391,573.489014992121,0.01411608345988391,23.663020133665164,0.04259962513267899,42385072,91.30174347378126,84.6513640017392,595.5166707356772,548.6416585286458,572.0791646321615,161246322.42572638,0.020899744588131545
2018-11-05,628.9000244140625,633.0,617.2000122070312,624.4000244140625,621.032470703125,24201213,6.436791227741312,0.022267224143764253,577.460009765625,605.057001953125,62.422339073629864,0.7635581589754565,21.77018094411253,615.8943040434109,534.6056959565891,14.13100531713547,584.3056389691222,580.4349774507131,0.022516989192284953,23.569231237398903,0.06107152333198802,66586285,91.26462720202355,91.51306987202281,597.541670735677,551.636659749349,574.589165242513,275593226.6419088,0.025123210652900484
2018-11-06,626.0,628.0999755859375,600.0499877929688,607.4500122070312,604.1739501953125,15354794,6.409269887396284,-0.027521340345028733,581.9300109863282,604.4910021972656,56.30071418170882,2.4013680097509678,21.151820980704397,619.7888268649294,535.8011755764769,14.535890949387317,586.5098649917803,582.8390527427845,-0.0271460787064145,23.88928527708246,0.044481160505183415,51231491,74.04775558662249,85.53804208747577,600.1650024414063,554.2949951171875,577.2299987792969,-81644888.27699716,0.04480828720921526
2018-11-07,612.9000244140625,612.9000244140625,604.6500244140625,606.8499755859375,603.5770874023438,1528117,6.4082816033215675,-0.0009882840747161836,586.2050109863281,603.9930017089844,56.09100746472156,3.6093201793624985,20.577629586111133,622.6697429333293,538.3202595080769,14.530613226277014,588.4470183817001,583.1982253114834,-0.0009877958828474753,22.77219347157657,0.05982333890338297,49703374,73.43827204503395,79.58355161122667,602.481669108073,557.2616617838542,579.8716654459635,-27826246.866543002,0.01346059662485259
2018-11-09,609.0,623.7999877929688,601.0,613.2000122070312,609.892822265625,13927467,6.418691166904755,0.010409563583187342,591.4200134277344,603.4590014648437,57.879057526329234,5.0211452258478175,20.516326010532044,626.0990206783546,537.2909817630517,15.267113990826244,590.804446365065,586.9595966068998,0.010463931575448449,22.77417878024744,0.010400377178826725,63630841,79.88828304933959,75.79143689366535,603.4766682942708,559.7716634114583,581.6241658528646,49684534.70386881,0.03743840360093391
2018-11-12,612.5499877929688,618.5,604.7999877929688,606.5499877929688,603.2787475585938,7073703,6.407787145091578,-0.010904021813177067,598.3050109863282,602.5860009765624,55.33762596997165,5.5395686540139195,20.459401261780034,628.6803661136059,537.2796375485034,15.67819278157506,592.304021739151,589.3109485415326,-0.010844788456751187,22.12602402501771,-0.04755272359288937,56557138,73.13356127228371,75.48670545555242,604.2616689046224,562.7566640218099,583.5091664632162,-14798686.863928495,0.022365541555869912
2018-11-13,606.4500122070312,620.75,604.0499877929688,618.2999877929688,614.96533203125,8938939,6.426973756821629,0.019186611730050984,603.4650085449218,601.7510009765625,58.78150880706763,6.819933805380515,20.5090547702165,632.8799772376774,536.4200227623226,16.498752155196243,594.7798280299909,592.1566186489946,0.01937185761515603,21.738451752304393,0.008484354052450833,65496077,85.0685521743578,79.36346549866037,605.2750020345052,564.2499959309896,584.7624989827475,65088793.21202383,0.02753732685445171
2018-11-14,622.25,623.2999877929688,608.7999877929688,612.7000122070312,609.3955688476562,9840254,6.41787543965495,-0.009098317166678527,608.4650085449218,600.8670007324218,56.54369623746755,7.298627152953259,20.675417892506733,636.0286728742722,536.886329567134,16.905290340864386,596.486512237328,595.000153497583,-0.009057052719549152,21.22141948428265,-0.009307775762791657,55655823,79.38041109605985,79.19417484756713,607.1191691080729,566.1991617838542,586.6591654459636,-15040523.702274602,0.023302531137002813
2018-11-15,613.25,632.5,610.75,626.0999755859375,622.7233276367188,11005288,6.439510063757393,0.021634624102443212,612.8350036621093,600.3940002441407,60.42604540397932,8.659439507882212,21.25213319132609,640.8231992390106,535.8168032023957,17.84851710272258,599.3068420800528,599.6551830491067,0.021870349456396543,21.259175235405316,-0.020572770146537585,66661111,92.99134224630426,85.81343517224064,608.9333374023438,568.2483276367187,588.5908325195312,93300129.54878606,0.035466775377089275
2018-11-16,626.5999755859375,636.7000122070312,616.5499877929688,619.7999877929688,616.4572143554688,12204545,6.429396825658534,-0.010113238098859334,614.6,599.805,57.81103551064319,9.12435683372496,21.972381465891296,644.4104922524099,536.6045101889964,18.256496630534894,601.2585702431876,604.395359871443,-0.010062271264382194,21.17995017673797,-0.03874331738052742,54456566,82.78143636239265,85.05106323491891,610.5241719563802,571.0441609700521,590.7841664632161,-20158946.496229835,0.032157716564256304
2018-11-19,619.7999877929688,620.2999877929688,608.5999755859375,616.2999877929688,612.9761352539062,9046876,6.423733838161234,-0.005662987497299987,615.1649963378907,599.495,56.351981479212775,9.105424746180347,21.994895371007793,646.6119253035065,539.7780771378998,18.00990364816953,602.6910862003095,609.270265807219,-0.0056469830089268536,20.50281175033035,-0.011897907535893738,45409690,74.07875317681346,83.28384392850346,612.5350056966146,574.0849934895833,593.309999593099,-27829026.165409945,0.018877077182097968
2018-11-20,614.7000122070312,619.5999755859375,609.5499877929688,612.6500244140625,609.3458251953125,6658508,6.417793850245389,-0.005939987915844824,613.9899963378906,598.9120007324219,54.798749162760885,8.695661220058355,22.01580114004454,647.7774895880942,543.6725165154213,17.475340558037324,603.6395565063813,611.8426828658831,-0.005922381066365334,19.756181467661662,-0.003369980689609157,38751182,69.4409351173899,75.43370821886535,614.8400054931641,576.7649932861328,595.8024993896485,-25478548.960572846,0.01634941856741644
2018-11-21,610.9000244140625,628.6500244140625,610.2000122070312,626.8499755859375,623.46923828125,7842430,6.440707238614817,0.022913388369428134,615.9299926757812,598.6959997558594,59.47823954018944,9.408285203672904,22.497999365546487,650.3562198886984,547.503783773411,17.172697276951556,605.8500726091961,615.1745284256109,0.023177916601661464,19.66288366333092,0.023269638267552385,46593612,81.97615330148115,75.16528053189484,617.835004679362,579.7049936930339,598.769999186198,65748565.725707486,0.030201361056954222
2018-11-22,625.7999877929688,629.4000244140625,612.0999755859375,614.5499877929688,611.235595703125,6946666,6.4208902727976245,-0.019816965817192944,616.6999938964843,598.2229992675781,54.24016559445969,8.87819630474462,22.98333417569072,650.7005939073545,552.2044109754581,16.376385921096382,606.6786359600316,617.2782501586771,-0.01962190041001688,19.494109746530494,0.014523280432764619,39646946,39.563411571525165,63.66016666346542,620.3441731770833,582.4541585286458,601.3991658528646,-35046416.09265153,0.027644693457310063
2018-11-26,618.6500244140625,634.75,616.5,631.0499877929688,627.6466064453125,9528169,6.4473850793606395,0.02649480656301506,618.4849914550781,597.9329992675781,59.40493259060114,9.677947779319311,23.705169677739836,652.123511577126,557.7814933056866,15.594946362020726,608.999717086978,618.4750853130759,0.026848914372704424,19.544531350851976,0.016564056391155917,49175115,84.58384542877793,68.70780343392808,624.045839436849,585.5558247884114,604.8008321126301,93127720.3024495,0.029499715961839635
2018-11-27,629.9000244140625,638.7000122070312,623.0,625.25,621.8779296875,11251342,6.4381515697577285,-0.009233509602911028,620.3549926757812,597.4029992675781,56.97078820255673,9.731566600366818,24.571125488082977,645.7480233607856,572.9119803013238,11.953464106574009,610.5473630786944,618.1971349836566,-0.009191011655437342,19.269922840579063,0.012912991515758256,37923773,65.20050786271284,63.11592162100532,627.5366729736328,590.4216583251953,608.979165649414,-12462524.068861227,0.024924609618225547
2018-11-28,630.0,631.7999877929688,622.5,627.9500122070312,624.5634155273438,9035388,6.442460564903631,0.00430899514590255,621.3199951171875,596.9589990234375,57.836911217616546,9.878060193482042,25.321378114771726,643.9303270787058,580.8546765834036,10.299873089024745,612.2047582337741,619.6431699533878,0.0043182922143643054,18.557784622892616,-0.013991665214104939,46959161,71.48542037343142,73.75659122164073,629.4125050862631,595.2124928792317,612.3124989827473,12109597.240555372,0.014761885385664683
2018-11-29,632.0,636.2000122070312,621.5,631.4000244140625,627.9946899414062,19643832,6.447939614790445,0.005479049886814025,623.1899963378906,596.8779992675782,58.973288347425864,10.155478538580837,26.249785413519316,638.7583982486113,592.8966066342012,7.447181464386397,614.0328788223729,621.1482640935571,0.005494087331737729,18.28222945033109,0.03294639788658662,66602993,80.63664342366641,72.44085721993689,632.770839436849,598.3758260091146,615.5733327229817,49217505.87543252,0.02325951298580894
2018-11-30,633.0,635.25,624.0,625.75,622.3751831054688,8984998,6.438950930311884,-0.008988684478561382,623.1549987792969,596.6649987792969,56.29725417412051,9.806382946427107,27.111877905213507,635.4089528915397,600.5810495498665,5.635628649564943,615.1487951250041,622.4720594507999,-0.008948407025016647,17.779927346736013,-0.03521218860988571,57617995,62.62625372992359,71.58277250900714,634.5766723632812,601.8566589355468,618.2166656494139,-17437803.415057644,0.017772511848341232
2018-12-03,632.0,633.0,621.5999755859375,624.7999877929688,621.4302368164062,5914250,6.437431578987974,-0.001519351323909568,623.6549987792969,596.6419982910156,55.838443871151696,9.345336902481677,27.609638156620623,635.1638460693857,603.0911527099111,5.1803050891928955,616.0679563314769,623.2920039332809,-0.001518197694017176,17.324219994402192,-0.09062923776442108,51703745,59.884517690494725,67.71580494802825,635.2991729736328,604.0391571044922,619.6691650390625,-9558340.93530893,0.01803801331339003
2018-12-04,624.9500122070312,627.5499877929688,618.5999755859375,623.25,619.8887329101562,8382005,6.434947722403667,-0.0024838565843072757,624.35,596.9349987792968,55.050149855508245,8.753973176276418,27.692433951149503,635.3972650102123,604.1177313276783,5.047060144483688,616.7519604903839,623.8676600694225,-0.002480774364999383,16.726062295304267,-0.08284261493197365,43321740,48.671118239756346,57.06062988672489,635.7025034586588,604.8274912516275,620.2649973551431,-11847450.59883833,0.014321164944735326
2018-12-05,620.9000244140625,623.9500122070312,613.4000244140625,614.9500122070312,611.6334228515625,9728083,6.421540983538865,-0.013406738864802037,624.5799987792968,597.0579992675781,50.90580318856623,7.52878635116349,27.13598182732101,634.9061708118915,603.6638243052961,5.044906081975507,616.5803463681598,624.0536197937006,-0.013317268821450012,16.284914116566018,-0.11356436338310782,33593657,21.096441512777826,43.2173591476763,635.0683369954427,604.7183247884115,619.893330891927,-57777796.965603985,0.01699144367553323
2018-12-06,610.25,613.8499755859375,598.25,600.0499877929688,596.8137817382812,7519849,6.397012964734094,-0.02452801880477118,621.9,597.0749987792968,44.438136648087024,5.294478072233346,25.297707134477207,635.9284379261953,601.901554749586,5.4978281957854955,615.0060265038559,622.9976548096988,-0.02422965138351152,16.31456398017068,-0.11043547412149722,26073808,4.449906674331896,24.739155475622027,634.0550028483073,604.9499918619791,619.5024973551432,-93956554.78191032,0.02556325372541991
2018-12-07,602.4000244140625,609.5,592.3499755859375,603.9500122070312,600.6928100585938,12262327,6.403491433263277,0.00647846852918299,620.8400024414062,597.2069995117188,46.359195365233745,3.794728769096764,24.079121098069116,636.2356874385111,601.3043088993795,5.645292862048907,613.9530727613012,620.9274982736686,0.006499499197403669,16.374239725448668,-0.07863541067247087,38336135,25.027027952367597,16.857792046492445,634.1900034586589,604.1949900309245,619.1924967447917,563398.188175071,0.02846949488546891
2018-12-10,595.0,601.5,585.2999877929688,590.2999877929688,587.1163330078125,11643401,6.380630861567275,-0.02286057169600131,616.7650024414063,596.7259997558593,41.01418328694896,1.48757590005755,23.484544008860308,638.9723513491472,596.2776425473371,6.912723580290573,611.7003980024124,618.8621785716123,-0.022601248676493713,16.53679577463537,-0.1076511489202721,26692734,9.363291599326098,12.946742075341868,632.845004272461,603.5099884033203,618.1774963378906,-105767339.21242146,0.02722691127232143
2018-12-11,581.0,616.6500244140625,580.5,604.25,600.9911499023438,16429956,6.4039880195835925,0.023357158016317214,614.6650024414063,596.4619995117188,47.65625331146606,0.7758465530801004,21.999469271645385,639.1179494188368,595.9020456983508,6.99841361133354,610.990836287897,617.0055626973883,0.023632072667302495,17.937740677451593,-0.05128104690519587,43122690,40.80755157836671,25.065957043353475,633.4933390299478,601.9133219401041,617.703330485026,117542944.7698504,0.062220351831432874
2018-12-12,604.75,622.0,603.0,619.9500122070312,616.6065063476562,7232578,6.4296388493161984,0.025650829732605906,613.8650024414062,596.8579992675782,53.94218006652463,1.4618049153756374,21.017665851421473,639.224472225373,595.9605253332207,7.005257832254386,611.8440911373383,616.6387172114543,0.02598264328842581,18.01361634334791,-0.054919801565469814,50355268,67.78351191181575,39.318118363169525,633.6391723632812,601.8291564941406,617.734164428711,114882023.51548725,0.03141794129805705
2018-12-13,624.7999877929688,625.9000244140625,616.1500244140625,619.0999755859375,615.7610473632812,7419355,6.4282667710904215,-0.001372078225776896,612.6349975585938,596.9749987792969,53.56709914992368,1.9147687460855423,20.38736806221602,639.4345761264207,596.3904177700637,6.966060497067837,612.5351277514906,616.7323844628446,-0.0013711373568130458,17.423358033108773,-0.04744989835850483,42935913,66.32296819565644,58.304677228612974,633.6741729736328,602.3391571044922,618.0066650390625,34089525.53523241,0.015604993902833944
2018-12-14,619.0999755859375,623.0,611.2999877929688,620.25,616.9049072265625,4165047,6.43012262257191,0.0018558514814888127,612.0849975585937,597.5109985351562,54.03279108418482,2.3395740510843552,19.366328340128973,638.8460079876342,596.3939883502566,6.873485276259651,613.2698774894438,616.0453598885351,0.0018575746396598536,17.014547616960378,-0.061242857487090935,47100960,68.2989547469506,67.4684782848076,632.9250071207682,602.5949900309245,617.7599985758463,14556445.66888932,0.018898421367175722
2018-12-17,622.5499877929688,624.5,616.1500244140625,617.1500244140625,613.8215942382812,4843342,6.425112145749303,-0.005010476822607579,611.3200012207031,598.4089990234374,52.50416060090576,2.3984454079621855,18.537541199363393,638.6904944554504,596.2845055445495,6.86750564357999,613.6394152917885,615.0696591622857,-0.004997945321946751,16.39564961474446,-0.03883632139906374,42257618,65.79895221178427,66.8069583847971,632.0808390299479,602.9308268229167,617.5058329264323,-5157346.079934028,0.013412538349794835
2018-12-18,617.6500244140625,621.7999877929688,613.8499755859375,619.4000244140625,616.0593872070312,8492688,6.428751306954766,0.0036391612054629263,610.9350036621094,599.0719995117188,53.53172857313855,2.5967241587015906,17.548295418051186,638.8538286279774,596.431175034132,6.868480305043725,614.1880447320051,614.4387225785606,0.0036457909924514365,15.792389799907804,-0.03621237935343235,50750306,69.83844863350315,67.97878519741268,632.0575063069662,603.2824940999349,617.6700002034505,11019916.640021991,0.012871386534102509
2018-12-19,624.25,651.6500244140625,619.1500244140625,641.6500244140625,638.1893920898438,16759139,6.464043021739347,0.03529171478458171,613.6050048828125,600.535,62.23327592663132,4.497407235107744,18.57080993872256,642.5828753157132,595.6021283463963,7.5886473879694245,616.8034713683915,615.104618865635,0.03592185844850104,16.98579052848582,0.012040764618911574,67509445,85.9451910489808,73.86086396475608,634.3575083414714,603.337494913737,618.8475016276042,252267200.71334064,0.052062474969963954
2018-12-20,636.9500122070312,646.9000244140625,629.0,632.9500122070312,629.5364379882812,11004125,6.45039144936877,-0.013651572370577014,616.8950073242188,602.0630004882812,57.684703006188144,5.241275825633011,19.52028770791741,643.4348908107468,595.3601165134719,7.761538271148795,618.3412371625477,615.9710583402851,-0.013558812243443574,17.051092948884154,-0.051339707318482954,56505320,73.7174901048449,76.50037659577629,635.0491760253906,604.0841613769531,619.5666687011719,20265052.352648385,0.028102714610270484
2018-12-21,633.2999877929688,637.8499755859375,616.6500244140625,620.8499755859375,617.5015869140625,10715457,6.431089467539241,-0.019301981829529247,618.5850036621093,603.4230004882812,51.9929214284795,4.799104126776342,19.268429050254888,643.6524557540744,595.7725503494413,7.726148039429531,618.5801646314419,616.2340627520304,-0.01911689136224548,17.34743996481207,-0.057794633805350076,45789863,56.711119803864044,72.12460031922991,635.5658376057943,604.2108327229819,619.8883351643881,-79683263.95695412,0.03347536962025878
2018-12-24,626.0,627.1500244140625,613.5,615.0,611.6831665039062,6191605,6.421622267806518,-0.009467199732723586,621.0550048828125,603.9390002441406,49.45237703211757,3.931317944158309,18.769436924824582,642.3467086194777,595.4732987047411,7.573542136560278,618.2391965713045,615.9104916977755,-0.009422526884077742,17.083338854044246,-0.11188023656165665,39598258,48.48909088101623,59.63923359657506,634.8916727701824,603.9966654459636,619.444169108073,-50708246.71083041,0.0218051508211861
2018-12-26,611.0,623.6500244140625,603.4500122070312,619.5,616.1588745117188,6519211,6.428912701069197,0.007290433262679308,622.5800048828125,604.7120007324219,51.41887403025013,3.5656014997234706,17.511651814540958,641.8814594142833,595.3635479099354,7.519595751685737,618.3592730883232,615.7788344087417,0.007317073170731714,17.305958379257603,-0.05310210129775275,46117469,54.813754908974865,53.33798853128505,634.4441731770834,603.0991658528646,618.7716695149741,2654884.09638986,0.033060576443586336
2018-12-27,623.5499877929688,626.0,615.5999755859375,617.5499877929688,614.2193603515625,12304812,6.4257600171171525,-0.0031526839520443772,622.3400024414062,605.365,50.501998018328884,3.0828813572296667,16.51552293897748,640.9657260227442,595.2392788600683,7.397874459667077,618.2821982982895,616.7837633167588,-0.0031477194625201266,16.81267738174367,-0.09934787691376683,33812657,52.07305000677692,51.79196526558934,634.1141743977864,602.6591634114583,618.3866689046224,-15111394.37135312,0.016678734051255438
2018-12-28,623.9000244140625,628.0,620.0,625.0499877929688,621.6788940429688,6372911,6.437831627006885,0.012071609889732215,622.9350036621094,606.335,53.90637415185105,3.2678398626009084,15.74083625739175,640.0698038470582,595.5001973736448,7.214420296604816,618.9267496787351,618.5541790612496,0.012144765846087813,16.358201297835638,-0.1346750690012337,40185568,62.614156720041315,56.50032054526437,633.5116729736328,602.7266632080078,618.1191680908203,26827423.542882293,0.01282256721742113
2018-12-31,630.4000244140625,631.9500122070312,618.7999877929688,619.9000244140625,616.5567626953125,6030093,6.429558214091745,-0.008273412915139389,622.9000061035156,606.9560009765624,51.29738281327751,2.9646867427071584,15.320299382871081,639.5033322387836,595.4816714233258,7.1291004643651705,619.019442510671,621.2456657106521,-0.008239282424579497,16.129045806137558,-0.13039291584800697,34155475,55.37598158051405,56.687729435777435,633.3675079345703,602.3924957275392,617.8800018310548,-11760697.566638518,0.020859809493638654
2019-01-01,621.9000244140625,630.2000122070312,621.9000244140625,627.2999877929688,623.9168701171875,12179223,6.441424875643059,0.011866661551313662,623.9150024414063,607.9810009765625,54.69074016114325,3.28369847965223,14.92980085653046,639.8204665249806,595.4145371371288,7.189875490283421,619.8080658708898,624.6141023311583,0.011937349713610379,15.712684519482645,-0.09237245092544343,46334698,49.94856238128574,55.97956689394704,633.2125071207681,602.5474985758464,617.8800028483073,56163636.933475636,0.013346176985261861
2019-01-02,623.0,628.5,617.5,620.0499877929688,616.7058715820312,12386281,6.429800100261609,-0.011624775381450014,623.9799987792969,609.1310009765625,50.94552752670762,2.9178678065504755,14.141992593360877,639.5416047996309,595.3733976417752,7.153238412447156,619.831106053945,624.9130467951816,-0.011557468740765797,15.376064196662456,-0.12708082695004977,33948417,34.439774651168975,46.58810620432293,633.2591735839844,602.3891662597657,617.8241699218751,-41145812.522174776,0.01765650080256822
2019-01-03,621.4000244140625,622.0,603.6500244140625,607.9500122070312,604.6712646484375,13228602,6.410092661821432,-0.019707438440176972,620.6099975585937,610.0490014648437,45.362258909824675,1.6327560608656313,14.004946478143086,639.5583052179567,594.6566972234497,7.2761403654447445,618.6995733066199,623.7864828194993,-0.019514516287641004,15.588486438753531,-0.12560621864056498,20719815,9.336097220621774,31.241478084358832,633.3375061035156,601.6875000000001,617.5125030517579,-120425778.33144759,0.029530052888620765
2019-01-04,612.0,624.75,609.5,619.5999755859375,616.2583618164062,8381367,6.429074069139771,0.018981407318339194,619.2749938964844,611.1860009765625,50.93742196359185,1.536637030388647,13.620237008105233,639.13891503786,597.0310861828432,6.812627521042547,618.7853259046501,623.597570693976,0.019162699473618927,15.675022249768903,-0.08133640231454428,29101182,33.50613960332224,25.76067049170433,634.0150075276694,602.3999989827474,618.2075032552084,24953152.96629969,0.024918300653594773
2019-01-07,626.0,640.7000122070312,624.2000122070312,637.4500122070312,634.0121459960938,11735286,6.457475861733918,0.028401792594146436,620.9349975585938,612.6530017089843,58.007661571932346,2.86775310984126,13.328092804060915,641.3721723687927,598.1478288519104,6.974368057685901,620.5629150763054,624.6124681049321,0.0288089692131015,16.062523276292104,-0.06719653901171967,40836468,70.53940122247562,37.79387934880655,635.5916737874348,604.0416676839193,619.816670735677,147967907.5614391,0.026357827476038338
2019-01-08,636.0,653.75,630.5999755859375,650.9000244140625,647.3896484375,11879875,6.4783560580865025,0.020880196352584868,624.525,614.4500024414062,62.40402303700338,4.95090482268165,13.886117600388797,644.0202654918412,601.5597393909713,6.817791861529546,623.4521635846633,626.6467919255861,0.02109971283938572,16.56877335756142,0.001917492715922512,52716343,94.33404318572045,66.12652800383944,638.5750081380208,606.3300008138021,622.4525044759115,155845611.69914997,0.03639940945607311
2019-01-09,652.3499755859375,672.0499877929688,652.3499755859375,670.0999755859375,666.4860229492188,18003387,6.507426918545663,0.02907086045916074,629.5849975585937,617.0980017089844,67.61613919478117,8.05820321172132,15.318724500516213,654.1228694427107,598.0421329986955,8.957403590528708,627.8948123466894,630.0897069808494,0.029497542559103085,16.896001216228907,0.049290492159504574,70719730,97.15741559617845,87.34362000145818,640.970839436849,610.3708333333334,625.6708363850912,282391304.7852961,0.030198532910707628
2019-01-10,668.9000244140625,668.9000244140625,654.5999755859375,663.25,659.6729736328125,12751327,6.497151993017849,-0.010274925527814283,634.1549987792969,619.0290014648438,64.19666925847534,9.854428077056696,16.64900233634881,660.4387489458591,596.0562522748442,10.247951103421242,631.2619730755761,632.3894926586044,-0.010222318811380138,16.796286843641127,0.033057130734590795,57968403,87.17202489096412,92.88782789095434,643.0991750081381,612.96916402181,628.034169514974,35899582.50289492,0.02137845463625366
2019-01-11,665.0,668.5,658.2000122070312,666.5,662.9054565429688,8330315,6.502040139618764,0.0048881466009147445,638.3,621.1050012207031,65.0985131540241,11.408684845316088,17.884260326764796,666.530231403594,594.7047722585154,11.38970278124647,634.6179756398069,634.7449459915418,0.004900113079532531,16.332265482878814,0.07258217259855937,66298718,91.90963590647917,92.07969213120725,645.3275075276692,615.1424977620443,630.2350026448568,30015543.334298305,0.015488703448073309
2019-01-14,663.0,663.0,652.5499877929688,659.2000122070312,655.6448364257812,6856244,6.4910269971132095,-0.011013142505554185,642.2299987792969,622.6410009765625,61.35985529682336,11.914058673484078,18.467643568526007,670.2007311028292,594.9292737799833,11.899402754236027,636.9591219795426,636.5238718219628,-0.01095271986942048,16.162104534603987,0.06998394086410072,59442474,81.26825049691176,86.783303764785,647.2683410644531,617.2083312988282,632.2383361816406,-23361817.225644052,0.015761707702912894
2019-01-15,661.2999877929688,664.25,655.0499877929688,660.5999755859375,657.0372314453125,5467484,6.493148475999282,0.002121478886072836,645.5599975585938,623.81,61.8127964011357,12.28591207138038,19.08247116782375,673.5606467507993,595.9143532492006,12.232819630413932,639.2106318468184,638.3401954585172,0.0021237308145962697,15.664812225491648,0.09317923729186331,64909958,83.26020710917179,85.47936450418757,649.3458414713541,619.2008280436197,634.273334757487,-2684420.8253774457,0.013912010247778004
2019-01-16,660.7000122070312,670.4000244140625,660.7000122070312,664.0,660.4188842773438,6598151,6.498282149476434,0.005133673477151213,649.9549987792968,624.8769995117187,62.94873808923502,12.708466828445125,20.009311790492493,677.111692571072,596.8233049875217,12.604785603255628,641.5715240518832,641.2309445834973,0.005146873357127824,15.245900554251174,0.06717322662102093,71508109,88.23100569750996,84.25315443453117,651.767508951823,621.4474955240886,636.6075022379557,14061109.38332145,0.014681416721378442
2019-01-17,669.9000244140625,680.0,665.5999755859375,676.6500244140625,673.000732421875,10448209,6.517154188603298,0.018872039126864415,656.825,625.9219995117187,66.89451191922217,13.903821171672348,21.369961500457098,682.4194627406376,595.0155348179561,13.684285789840741,644.912333610186,644.3557185904718,0.019051241587443535,15.29976480037609,0.06496958279224832,81956318,95.61234229581795,89.0345183674999,652.6925089518229,624.1824930826823,638.4375010172527,92800435.74992551,0.02149578129461584
2019-01-18,674.9000244140625,676.0499877929688,661.4500122070312,664.5999755859375,661.015625,7037386,6.499185319185521,-0.017968869417776645,661.325,627.0649987792968,60.306212010480046,13.720646791368495,22.17879764986905,685.3241259583239,595.2758679381606,14.063448141393984,646.7873471316863,646.3339057459923,-0.017808391921007583,15.292639615137174,0.07740140669583143,74918932,79.82969307340689,87.89101368891158,654.0816721598306,625.9016611735026,639.9916666666667,-25600418.031600345,0.021632797537106282
2019-01-21,661.5499877929688,664.5,656.5,660.2999877929688,656.7388305664062,6157956,6.492694258713427,-0.006491060472094468,663.6099975585937,628.1339990234375,58.106964255329515,13.077754483812441,22.403550584578007,687.1718117966101,597.3731833205774,13.981390892086345,648.0742652899037,648.6948611581083,-0.006470039047440146,14.778877898765769,0.1118957376804728,68760976,74.19774917300734,83.21326151407739,655.1875081380209,628.3274922688802,641.7575002034505,-26186229.763625897,0.012092812557807182
2019-01-22,656.3499755859375,663.5999755859375,653.8499755859375,661.5999755859375,658.0318603515625,7951640,6.494661106807936,0.001966848094508755,664.6799926757812,629.1019982910157,58.5985333475202,12.528732420251004,22.334552134689623,688.4224153081586,600.7825773676227,13.595950750801386,649.3624281752402,651.79378893255,0.0019687836089683497,14.419672334568215,0.1608062149020582,76712616,75.90041873248286,76.64262032629904,657.0491719563802,630.5791585286458,643.8141652425131,-1837386.6318206135,0.014854879809046947
2019-01-23,659.5,667.0,658.5999755859375,661.5999755859375,658.0318603515625,7596006,6.494661106807936,0.0,663.8299926757812,630.202998046875,58.5985333475202,11.955809351417884,22.501123886324933,689.5352549791775,603.8797352551975,13.244862688418147,650.527908881021,656.5738917968188,0.0,13.989697483103521,0.12854705573987482,84308622,73.90067458998227,74.66628083182415,658.8025044759114,633.5124898274739,646.1574971516927,-612462.2106068713,0.012736958929586808
2019-01-24,665.0,665.5499877929688,655.0,663.6500244140625,660.0708618164062,7013582,6.497754938859768,0.003093832051832557,663.8699951171875,631.1099987792969,59.468357058195636,11.53422612022905,22.25715451842337,690.2477087720506,607.7772851244338,12.707062504251551,651.777634169882,659.3711868884368,0.0030986228896237034,13.744003933808182,0.19752614817366382,91322204,70.69896207397069,73.5000184654786,660.8941701253254,635.5891591389975,648.2416646321615,9381302.969836771,0.015864643297697368
2019-01-25,665.2000122070312,676.8499755859375,665.2000122070312,669.75,666.1378784179688,6628922,6.506904508424718,0.009149569564949722,664.1949951171875,632.2509985351562,62.02495474001345,11.559089434612133,22.790279168155447,691.886520932714,610.6084741844735,12.480362236006565,653.4892880584648,662.3927181076115,0.009191554827897797,13.705143022241527,0.18051993789754053,97951126,79.25102240013838,74.61688635469712,663.3891682942708,637.719160970052,650.5541646321615,30084609.230668247,0.017513474391339028
2019-01-28,669.0,674.4500122070312,650.3499755859375,656.2999877929688,652.7603759765625,7792690,6.4866179828799035,-0.02028652554481436,663.9049926757813,632.8549987792969,53.94516638842469,10.373906277689002,21.832042149034624,691.1050214681378,615.0299699869403,11.648880395807693,653.7569737474652,663.9929844310232,-0.02008213842035278,14.447635422159545,0.18454381824824506,90158436,20.067478272325673,56.67248758214492,665.7775014241537,639.0124928792318,652.3949971516927,-59846314.00685082,0.036023971033025036
2019-01-29,658.5,671.0,649.5499877929688,660.75,657.1864624023438,8302420,6.493375553484398,0.006757570604494667,663.9199951171875,633.6739990234375,55.987976828688765,9.682109549860797,20.87180334529824,690.9984520778676,618.4815405979136,11.07568071074892,654.4229762477066,663.5827984774846,0.006780454502210098,14.947805192507525,0.17053544160551037,98460856,36.781634538869056,45.36671173711104,668.1333353678385,640.0533243815104,654.0933298746744,4681808.896316651,0.03257405042829347
2019-01-30,687.0499877929688,703.3499755859375,683.75,690.9500122070312,687.2234497070312,46912230,6.538067479916519,0.04469192643212061,666.6149963378906,635.1669995117187,66.76275746056413,11.438883918649026,21.82523760213716,694.145298579473,622.4246965377146,10.895068596086999,657.9017415771661,673.2419954521407,0.04570565600761456,16.922960220609667,0.11717279077521825,145373086,76.95173570183071,44.600282837675145,672.0966674804688,643.1566589355468,657.6266632080078,946060548.7381439,0.02852772859933975
2019-01-31,697.25,726.8499755859375,689.0499877929688,722.7000122070312,718.8023071289062,35239544,6.582994215179805,0.044926735263286055,671.2199951171875,637.3679992675782,73.97602488485894,15.217679974894509,23.559696729457382,702.4597481974125,625.5852469197749,11.577092878672254,664.0730054466771,681.8889973651155,0.04595122576028943,18.41417647577817,0.24970572786000386,180612630,94.63135312515051,69.45490778861677,678.152500406901,647.267490641276,662.7099955240885,1061257197.5793812,0.054212962055172106
2019-02-01,720.75,726.4000244140625,705.4000244140625,717.25,713.3817749023438,13792059,6.575424454861474,-0.00756976031833112,676.4849975585937,639.1759997558594,71.1226842894302,17.570095512703688,25.170265919111873,708.326164103758,629.4838334548358,11.786775520111776,669.1374811184222,685.4911751610813,-0.007541181838903843,18.59887815607973,0.24038167157974935,166820571,87.58088343862492,86.38799075520205,683.3600016276041,651.8999918619792,667.6299967447917,303641139.2530636,0.029136316337148804
2019-02-04,711.2999877929688,724.5,708.0,720.5,716.6141967773438,8195956,6.5799454154395765,0.004520960578102695,682.5049987792969,641.295,71.82069717209322,19.472186369816882,26.665794452362466,715.7140435629992,630.4009527748915,12.67545358609067,674.0291495833344,687.7356851717341,0.00453119553851522,18.44895828778832,0.2319877627595976,175016527,91.7852825501803,91.33250637131857,687.5375010172527,656.0774912516276,671.8074961344402,118971617.7510212,0.02319696370471821
2019-02-05,722.0,731.5999755859375,719.5,729.5,725.565673828125,8665426,6.592359367962841,0.012413952523264271,689.2950012207032,643.2640002441407,73.71544361596635,21.45847195450881,28.30025198274552,724.9120394842327,629.0629544122518,14.158176554818832,679.3120877182549,690.4257704003162,0.012491325468424685,17.995459523370403,0.2213450128074488,183681953,97.44061438347045,92.26892679075856,691.0741648356119,660.7191599527995,675.8966623942058,91649761.91700707,0.016758968955592105
2019-02-06,731.2999877929688,734.5,715.5999755859375,725.75,721.8359375,8077340,6.587205602904739,-0.005153765058101278,695.7100036621093,645.2740002441407,71.55648992477245,22.470992319102038,29.429232562934505,732.0372084999207,627.50278783797,15.37791031430169,683.7347460308021,692.9475007671216,-0.005140507196710109,18.06007130127698,0.17067887621933547,175604613,89.6998249056452,92.97524061309865,694.0566660563151,663.7816599527995,678.9191630045573,10356570.63900236,0.02584442052447169
2019-02-07,726.25,733.7999877929688,724.0,730.1500244140625,726.2120971679688,7203465,6.59325002592353,0.006044423018790823,702.3600036621094,647.3180004882812,72.57155645768361,23.35919691904644,30.47757167310999,739.1520628754143,627.0779359038826,16.406333790308818,688.1552487339698,695.409530427766,0.006062727404839929,17.47006533639782,0.1711670183998947,182808078,94.87937026384859,94.00660318432142,697.1849965413411,667.3599965413412,682.2724965413411,24582471.45689727,0.01349395909530981
2019-02-08,727.0,732.7999877929688,716.25,719.4000244140625,715.5201416015625,7341956,6.578417565198223,-0.014832460725306973,707.3250061035156,649.0780004882813,66.3422515658537,22.93133218203377,30.654547315042898,743.3818482511427,628.1381529695603,16.805251863481583,691.1309416558834,697.7148619865353,-0.01472300163055773,17.40434551186717,0.12873944467104756,175466122,82.22486943364125,88.934688201045,700.4183298746746,669.9683298746745,685.1933298746745,-44423194.18103424,0.022764770004083563
2019-02-11,719.9000244140625,719.9000244140625,705.2999877929688,710.8499755859375,707.0161743164062,7234953,6.56646140273682,-0.011956162461403075,712.7800048828125,650.78,61.798682045847194,21.652729621936487,29.818520959695636,745.5999429278645,631.0850546307292,16.63632399571658,693.008944887317,699.9698278518454,-0.01188497155680368,17.204037733954785,0.11240600700688463,168231169,72.16006943421604,83.08810304390197,703.3141642252605,672.4491617838542,687.8816630045574,-56047199.00647105,0.020280644708932937
2019-02-12,701.0,713.4000244140625,700.0,705.5999755859375,701.7944946289062,15856819,6.5590484700921525,-0.007412932644667691,717.2650024414063,652.3959997558594,59.12120568750826,19.985417307080297,28.599981664684996,746.8401608902316,634.3448366683622,16.289682326512096,694.208090668138,702.0217301622579,-0.007385524625885487,16.93232249681962,0.09146832761773406,152374350,65.97996437760315,73.45496774848681,705.8424987792969,674.5574951171876,690.1999969482423,-74181266.16882369,0.019115584042885166
2019-02-14,706.0,706.4000244140625,692.5999755859375,695.0,691.251708984375,10383603,6.543911845564792,-0.015136624527360532,717.6700012207032,653.8309997558594,54.03116763080832,17.605782343490546,26.883890286268844,747.0664690298405,637.2185285287532,15.870711695181502,694.2835106045058,703.290566347108,-0.01502264165632261,16.708588663341434,0.07040544751321465,141990747,53.502066716912594,63.88070017624393,707.6958333333333,676.0008260091147,691.8483296712241,-98104380.91898616,0.01954681137128187
2019-02-15,700.0,704.0,681.7000122070312,686.5999755859375,682.8970336914062,10866440,6.531751845465679,-0.012160000099113333,714.0599975585938,655.2639990234375,50.33296559405272,14.870672862137667,25.408065137345215,747.1724917243818,638.1075009513994,15.746273872376435,693.5517453646421,703.7021408168224,-0.0120863660633993,17.10797431545767,0.021266112691747257,131124307,43.61386988700415,54.365300327173294,708.9249979654948,676.4399943033854,692.6824961344402,-93553701.16895893,0.03185712541852678
2019-02-18,686.0,697.7000122070312,680.7000122070312,693.2999877929688,689.5609130859375,7135564,6.541462788341303,0.009710942875623907,711.6649963378907,657.1289990234375,53.090895066336444,13.09278836919259,24.105295721999642,747.0692863675845,641.0807075288999,15.270479314872693,693.5277684530541,704.9519424296842,0.00975824708020645,17.100261864353552,0.052482947167289885,138259871,51.50087547177403,49.538937358563594,710.2049997965495,677.4799936930337,693.8424967447916,687676.8797155097,0.02478134110787172
2019-02-19,693.2999877929688,705.4000244140625,689.6500244140625,693.0499877929688,689.3121948242188,6816325,6.541102129045869,-0.0003606592954339405,708.9199951171875,658.9109985351563,52.97269544188563,11.530710337749042,22.462856530199826,746.4049911276269,645.0200027688576,14.572828403039578,693.482265533046,706.546085993661,-0.0003605942656884631,17.0038145883283,0.037420321868828266,131443546,22.95535016376258,39.356698507513585,712.3725006103516,678.8724945068359,695.6224975585938,-906828.5400948299,0.022717438738370812
2019-02-20,697.5999755859375,703.0,695.2999877929688,700.3499755859375,696.5728149414062,5772687,6.5515801752252525,0.01047804617938386,706.0049926757813,661.1119982910157,56.04967723757979,10.757791130356395,20.937734423528564,745.8815401540244,649.4184537424601,13.826859719562323,694.1363331571308,710.5435824174192,0.010533133138369566,16.499971561092796,0.025560900720106194,137216233,36.524103787016756,36.99344314085113,714.2633351643881,680.9683278401692,697.6158315022786,27791420.24172132,0.01103786192160307
2019-02-21,700.5,706.5,695.0999755859375,697.2000122070312,693.4398193359375,6674353,6.547072331154516,-0.004507844070736233,703.1499938964844,662.9709985351562,54.39578154969703,9.778352608522255,19.797995234718453,744.7480726918756,654.1119248667181,12.95857312144791,694.4281121142642,709.2945151961269,-0.004497698991523302,16.135689622019203,0.016991899141920154,130541880,30.669151940135617,30.04953529697165,716.2733357747396,682.6783284505209,699.4758321126303,-4752171.60468827,0.016274124788097786
2019-02-22,697.4500122070312,704.4500122070312,691.2000122070312,702.0499877929688,698.2637329101562,9822278,6.5540046091729565,0.006932278018440208,700.339990234375,664.612998046875,56.52300564077624,9.286444666834996,18.403293870375666,743.5911357425731,659.1088581539112,12.04566592375653,695.1540050360456,707.6607109120631,0.006956361877540118,15.929568934732117,0.024234211724040087,140364158,39.683978494745645,35.625744740632676,718.3000030517578,684.4349945068359,701.3674987792969,30174481.797297917,0.018997777285961057
2019-02-25,702.9000244140625,705.7999877929688,696.0999755859375,703.7000122070312,699.90478515625,11428024,6.556352146319428,0.0023475371464716233,698.7699890136719,666.3049987792969,57.25354534953473,8.92684415675626,17.22537202370113,742.7234389623069,663.3715561548805,11.28684521074097,695.9679104809014,706.4583758618636,0.0023502947692508602,15.484600597039199,0.056324883559308495,151792182,42.75093906806783,37.701356500983024,719.7658386230469,686.0958251953125,702.9308319091797,22629173.002094097,0.013799988433799218
2019-02-26,694.0,715.5999755859375,693.0499877929688,710.1500244140625,706.3200073242188,9166951,6.565476249705877,0.009124103386448645,698.6999938964843,668.1029992675781,60.077494992470626,9.057906335953476,16.929806924903026,739.179576323561,672.3004224557359,9.476457891810703,697.3185879983453,705.0154707429991,0.009165854902861037,15.989271111034167,0.09145679213809016,160959133,54.739812061593334,45.72490987480227,721.9833363850911,688.4683278401692,705.2258321126302,46961021.56820291,0.032492777799666785
2019-02-27,714.9500122070312,727.7999877929688,713.0499877929688,718.2000122070312,714.3265991210938,13284424,6.576748098788684,0.011271849082807428,699.9599975585937,670.1239990234375,63.333228768147464,9.699530644040578,17.47793385923306,735.2851571859451,681.9398428140548,7.528136234104007,699.3072950658392,705.256917532127,0.011335615737830596,16.107891987310744,0.07212217658817507,174243557,70.62150139656778,56.037417508742976,724.6108357747396,691.7658284505209,708.1883321126303,86946641.21381503,0.02063081299134068
2019-02-28,723.4500122070312,723.4500122070312,706.4000244140625,709.5499877929688,705.7232055664062,26230891,6.564630949076641,-0.012117149712043584,701.4149963378907,671.9269982910156,57.87181594186628,9.401661352171686,17.344605872953984,734.954191601815,684.1308059567789,7.162838833822225,700.2827896112801,705.4818404617617,-0.012044032674798921,16.175184544857746,0.06077320371759726,148012666,55.37425931870207,60.24519092562107,725.5058369954428,692.9158284505208,709.2108327229818,-122283017.96380317,0.02356761007018895
2019-03-01,713.5,714.9500122070312,699.5499877929688,702.4000244140625,698.61181640625,7713824,6.554503077078968,-0.010127871997672955,702.9950012207031,673.1419982910156,53.74616901906952,8.490779086410953,16.60870217894178,733.371255006573,683.6837437727239,7.012785146187237,700.484431021069,704.6320167343549,-0.010076757806938952,16.11981596408666,-0.09139959869054226,140298842,46.07223663510806,57.35599911679264,724.0241729736329,693.6741607666015,708.8491668701172,-77530045.39548647,0.02158377633365452
2019-03-05,705.7000122070312,733.9000244140625,700.7000122070312,732.0499877929688,728.1018676757812,11298428,6.595848800964358,0.041345723885390484,706.8700012207031,675.1239978027344,64.91585321371727,10.04560311826151,17.126398256659858,735.9220834791961,682.6129140793976,7.516088005096476,703.4906745231547,705.5847936790774,0.042212360974275276,17.339829981439845,-0.051041594607419784,151597270,96.52248835226914,65.98966143535976,724.9275065104167,693.3574930826823,709.1424997965494,197488635.8276438,0.047045503234724846
2019-03-06,733.9000244140625,733.9000244140625,712.5499877929688,720.5999755859375,716.7136840820312,10510670,6.5800841644338055,-0.0157646365305526,709.625,677.1189978027344,58.99139893483566,10.235898999996493,17.60711604311236,735.9355426763764,682.6094524408111,7.5184206943199525,705.1201317672292,706.7019865113468,-0.01564102506380949,17.626273312843697,-0.08423835008247423,141086600,74.99991395421677,72.53154631386467,725.4041748046875,693.3491577148437,709.3766662597657,-14401987.926836818,0.029091205764898806
2019-03-07,720.75,739.4500122070312,720.75,733.75,729.792724609375,11263734,6.5981683711423065,0.01808420670850097,712.9650024414062,679.4939978027344,63.1508012090575,11.31734758994196,18.36831407316813,736.8480493639627,682.1219457532247,7.7134969448340325,707.8467858846359,709.186104765752,0.01824871615263368,17.713684977718703,-0.08934256198495946,152350334,90.2978515625,87.27341795632863,725.9566772460937,693.2416564941407,709.5991668701172,93944922.08672497,0.02594521291298127
2019-03-08,732.0,737.25,728.4000244140625,733.4000244140625,729.4447021484375,7744794,6.597691288926102,-0.0004770822162045718,716.5850036621093,681.7719982910156,62.96775108534218,12.007745468770963,19.075140815362772,738.3214443120999,681.4135532464938,8.01669201132127,710.2804276493432,711.8418334389683,-0.00047696843057920546,17.08056287830576,-0.08748554206546752,144605540,89.7021484375,84.99997131807226,725.8408426920573,694.1308268229166,709.9858347574869,29507981.48349817,0.01209013058188183
2019-03-11,733.2999877929688,744.9000244140625,730.5999755859375,734.5,730.5386962890625,9421608,6.599189995613932,0.0014987066878298094,719.8300048828125,684.1109985351562,63.327550999352475,12.499562423782777,20.165459262939148,739.2142551454315,680.955739971756,8.20444247857359,712.587053587501,714.4629872083236,0.0014998303099544863,16.881954731864276,-0.1162576591939966,154027148,81.17642639988688,87.05880879996228,726.4333455403646,694.2733235677084,710.3533345540366,16745019.68134835,0.019500953315387627
2019-03-12,738.7000122070312,749.0,738.5499877929688,742.5499877929688,738.5452880859375,8131901,6.610090192037615,0.010900196423683006,723.7150024414062,686.4609985351562,65.9359504676575,13.384608210495799,21.396477920330916,743.438700669052,679.0462907860262,9.053509916777104,715.4406663689741,716.89228214545,0.010959820004041942,16.711815108159687,-0.103042145373636,162159049,88.84080697363767,86.5731272703415,727.1558461507161,695.6058217366536,711.3808339436848,49222809.08286969,0.014146489825835395
2019-03-13,743.5999755859375,751.0,736.5,738.0,734.019775390625,12333789,6.6039438246004725,-0.006146367437142253,726.5,688.822998046875,63.19974196617063,13.562527014772058,22.29930558211442,746.8401249699785,678.3598689265058,9.60991528722202,717.5891743338336,719.5223582004568,-0.006127517160820828,16.55382831471971,-0.13854788438846893,149825260,78.26086512758698,82.75936616703717,728.6416778564453,697.1016571044922,712.8716674804688,-21004789.89974493,0.01949973167841268
2019-03-14,740.0,749.7000122070312,737.4000244140625,740.5999755859375,736.6057739257812,7100875,6.607460635514264,0.0035168109137915238,728.7399963378906,691.0889978027344,64.11611046177289,13.75476883677527,23.137645553770536,750.504333726458,678.1956601700264,10.12230333384752,719.7806792149863,721.4303638660303,0.003523002148966725,16.249982563166068,-0.1484731881126585,156926135,82.60865127586978,83.23677445903148,730.3983428955079,698.9683258056641,714.6833343505859,5306471.125947651,0.016621605125633446
2019-03-15,742.9500122070312,748.9500122070312,731.7000122070312,735.0999755859375,731.1354370117188,14560368,6.600006511168148,-0.007454124346115698,731.2949951171875,693.3899975585938,60.674185904476715,13.309889707726256,23.215594304427874,752.4421656604432,680.267825794635,10.075219729919944,721.2396598217435,724.350509267588,-0.007426411262906885,16.321412380082776,-0.1553656822226947,142365767,72.5625175759095,77.81067799312208,732.6000071207683,700.8249949137369,716.7125010172525,-51619192.29135078,0.023218251183221055
2019-03-18,741.0,753.8499755859375,740.25,747.0,742.9712524414062,8067253,6.616065185132817,0.01605867396466909,735.7549926757813,696.1709973144531,65.0463509347579,13.758947725601843,23.63132259309038,755.1038818583611,683.6461120381232,9.933312962415785,723.693025553006,727.15568286469,0.01618830745379518,16.494882924362578,-0.12799420291477087,150433020,88.7335905242901,81.30158645868978,734.9783396402995,704.0733286539713,719.5258341471354,46793941.005829036,0.018353543300860323
2019-03-19,755.0,763.0,749.0499877929688,760.9000244140625,756.7963256835938,8818172,6.634501975268247,0.018436790135429426,738.6399963378906,698.9969982910156,69.33494522708753,15.062810539297402,24.590861362842162,760.6989037987689,684.8110937598249,10.499797326495894,727.236549254059,730.0978521125371,0.01860779707371152,16.459534144050966,-0.11374906928458774,159251192,96.69034644298337,85.99548484772765,738.1800069173178,707.5799947102865,722.8800008138021,97313184.39354457,0.01847683736030629
2019-03-20,760.75,767.0,754.3499755859375,755.75,751.674072265625,9758274,6.627710633659567,-0.0067913416086797795,742.1549987792969,701.362998046875,66.0990385207087,15.501871359853908,25.70920157228443,763.859506871184,687.9204919081129,10.461504501635646,729.9521159917676,732.8484151174772,-0.006768332565146529,16.18742630619465,-0.12996223751334016,149492918,83.32098152114604,89.58163949613981,741.1750071207682,710.8849924723307,726.0299997965495,-1065838.0948926918,0.016628359400673677
2019-03-22,764.7000122070312,765.9000244140625,735.5499877929688,757.0499877929688,752.967041015625,10355078,6.629429285329909,0.0017186516703420196,744.4849975585937,703.4859973144531,66.52375124389582,15.772908107479907,24.706015092342273,767.1081342757182,690.3418657242819,10.53432619320543,732.5328656871201,738.1307016844038,0.0017201293985693589,17.19904132868744,-0.11539734645819437,159847996,85.24831666969807,88.41988154460915,744.9716756184896,712.4166585286458,728.6941670735677,8619037.298528608,0.03968881409259992
2019-03-25,752.7000122070312,755.0,741.1500244140625,745.7000122070312,741.6782836914062,7130411,6.614323390919645,-0.01510589441026422,745.7149963378906,704.997998046875,59.51342055969013,14.90009943728353,23.77448478953884,767.3246836011626,694.9753163988373,9.89528375878073,733.7868796413974,740.4453667481175,-0.014992372721682634,17.106250046560213,-0.10688653990518186,152717585,67.87331566412799,78.81420461832403,747.478340657552,714.6783284505208,731.0783345540365,-51080314.745623924,0.018400392402448965
2019-03-26,747.4000244140625,760.9500122070312,741.6500244140625,757.0999755859375,753.0167236328125,7300104,6.6294953128624465,0.015171921942801703,747.9749938964844,706.8749975585938,63.6561444049103,14.955872065648805,23.348648291852218,769.1675079190175,698.6374908602795,9.61027072634231,736.0071744932583,742.704353813132,0.015287599828738063,17.262945599875106,-0.11702724331888963,160017689,81.81814105675427,78.3132577968601,750.4808400472006,717.0758290608724,733.7783345540364,38453840.59293005,0.025822835379353003
2019-03-27,761.2999877929688,770.0,755.8499755859375,759.2999877929688,755.2048950195312,7456768,6.632396940142497,0.0029016272800506115,749.6499938964844,708.7309973144531,64.41293100849315,15.004630830135284,23.554008914961884,770.7306360146638,702.6343603232269,9.243639676616853,738.2255376646593,745.4523424980185,0.0029058410751217068,17.040594086602777,-0.1688707419541812,167474457,78.27408688927665,75.98851453671962,753.6958404541016,719.8458282470704,736.7708343505859,23754600.61431002,0.018586660503021733
2019-03-28,761.0999755859375,787.6500244140625,757.1500244140625,780.7000122070312,776.4895629882812,16643818,6.660190968762253,0.02779402861975555,753.9199951171875,711.1609973144531,70.78550254127677,16.57896365209251,24.676998682627566,777.0368431836686,703.3831519335189,9.950377797257376,742.2707257163138,750.3015118225744,0.028183886155806803,18.001980223274007,-0.14290792029944893,184118275,88.27002159150844,82.78741651251312,757.5383422851562,722.8933288574219,740.2158355712891,245370274.5669119,0.040073579001916784
2019-04-01,780.9500122070312,783.0,760.5999755859375,765.5999755859375,761.470947265625,6021202,6.640659808249947,-0.019531160512305412,756.4199951171875,713.2609973144531,62.30719589046424,16.418919908614498,25.719774895459988,779.5366094687965,705.6233819862816,9.953571050631224,744.4925590372303,752.1863426106553,-0.019341663103611406,18.31612623690176,-0.14465591244484552,178097073,61.349640743419336,75.9645830747348,760.4233428955079,725.0133270263672,742.7183349609375,21176511.053635366,0.02868304509114242
2019-04-02,769.1500244140625,774.9500122070312,761.0,767.4000244140625,763.2612915039062,6592678,6.64300820962685,0.0023484013769028422,759.65,715.3289978027344,62.87800005792309,16.25001295162474,26.688067093090094,780.6482777463638,710.2967173708238,9.437177173663656,746.6742224064524,754.0981028016865,0.0023511610312518805,18.004260949053865,-0.07476889833718224,184689751,63.806978405886426,71.14221358027139,763.0008443196614,727.9008260091146,745.450835164388,14970265.223282102,0.018136919670071326
2019-04-03,770.0,772.75,758.7000122070312,761.5,757.3930053710938,5591613,6.635290172335217,-0.0077180372916334505,761.1,717.0259973144531,59.68744751561341,15.46183589016482,27.30876332233206,778.1383700884273,718.7166225873539,7.939546287626836,748.0862012248855,755.2286505516724,-0.0076883297189981326,17.72181286647636,-0.0675843010005639,179098138,53.2618074911229,59.472808880142885,765.867508951823,730.9024943033854,748.3850016276042,-17003680.40156547,0.018246737393465908
2019-04-04,763.0,771.9000244140625,760.0,762.1500244140625,758.03955078125,7009879,6.636143418740996,0.0008532464057795508,761.225,718.9769982910157,59.92869412605089,14.719968790824623,27.885124106628165,779.2188925374384,720.6461038004524,7.810408120730712,749.425612957188,757.1198191233835,0.0008536105240479763,17.305970834161084,-0.14901937335305196,186108017,54.42360243704217,57.16412944468382,766.9258433024089,734.0908274332683,750.5083353678385,-2630165.140772475,0.01559636227269004
2019-04-05,763.9500122070312,768.75,756.0999755859375,762.2000122070312,758.08935546875,5343947,6.636209004455282,6.558571428616489e-05,761.8700012207031,721.0149987792969,59.948544020811504,13.974972582053397,27.915848803457955,778.4398772545924,725.5851227454077,7.028440951338529,750.642222409554,758.2080109889575,6.558786507571135e-05,16.97340323272547,-0.13982249122356186,191451964,54.51294610471427,54.06611867762644,768.4908426920573,736.5258280436199,752.5083353678385,-698633.6360761767,0.01655870699905733
2019-04-08,764.2999877929688,768.0,748.5499877929688,754.5999755859375,750.5302734375,4918795,6.626187775176562,-0.010021229278720512,761.625,722.8749987792969,55.451047143448285,12.6257564192872,27.0453176618855,778.1287754886155,727.9812220699782,6.659215263151628,751.0191512834954,760.7307703398424,-0.009971184071602246,17.150303873747312,-0.18176584679188124,186533169,36.564250293167696,48.50026627830804,769.8150085449219,737.7749938964844,753.7950012207032,-25154892.63312728,0.025448138842964117
2019-04-09,755.0,766.0,751.0,763.4000244140625,759.2828369140625,5483424,6.637782172291824,0.011594397115262112,763.3950012207031,724.9109997558594,59.262099812356134,12.126793162163608,26.236967316139644,778.3002001068486,730.8097974517451,6.293829175067748,752.1982820578351,761.7197085679271,0.011661872664774364,16.996710739908217,-0.16888157847352803,192016593,53.454927150316244,48.17737451606606,771.4783426920574,738.8233256022136,755.1508341471355,23784635.085832573,0.019867549668874173
2019-04-10,761.25,767.9000244140625,758.0,760.8499755859375,756.7465209960938,5933250,6.634436197278244,-0.003345975013579583,763.7700012207031,726.8549987792969,57.72114298711789,11.394247761750194,25.65389500757136,777.8810442017478,733.8639509154397,5.8233489680441854,753.0222528700353,762.0895587348424,-0.0033403834773023666,16.48980457377638,-0.16173341936538746,186083343,48.560403089477944,46.19319351098729,772.5375081380209,740.3224934895833,756.430000813802,-2158506.4443709124,0.013004958179392446
2019-04-11,760.5,761.3499755859375,747.0,752.2999877929688,748.24267578125,5365803,6.623135164339895,-0.011301032938349387,763.0700012207031,728.5059985351562,52.766906318270365,10.008416894616744,23.86534195517814,777.5845166876094,735.135478429578,5.612279654536186,752.9534657198385,761.9313916367543,-0.011237416136320899,16.336959646073602,-0.16138145139076426,180717540,32.149689494111456,44.72167324463521,773.2416727701823,740.6366617838542,756.9391672770182,-31304535.581107035,0.018869132920364892
2019-04-12,753.4000244140625,766.75,751.5999755859375,764.3499755859375,760.2276611328125,4671869,6.639025767506096,0.015890603166201167,761.4349975585938,730.6669982910156,58.210822679966704,9.76984852471071,22.719273106101657,777.3977156021214,737.9572770736598,5.20543882048634,754.038847611848,762.8677960594462,0.016017530225302723,16.25217855807281,-0.08522737458299717,185389409,49.892368111559136,43.53415356504951,774.2275065104167,741.5574930826823,757.8924997965495,27095797.753197066,0.020108871679218543
2019-04-15,764.0,770.2000122070312,760.0,762.8499755859375,758.7357788085938,3707106,6.637061387555458,-0.00196437995063814,761.1599975585938,732.7089978027344,57.32509710130287,9.351940559402806,21.96793131463286,776.9822745937047,740.5977180820767,4.795075935005595,754.8780026569993,764.1348308822004,-0.001962451819076838,15.81988096156984,-0.07539910454699819,181682303,46.086850373641305,42.709635993103966,775.2116739908854,742.7516581217448,758.981666056315,5324826.584399024,0.01335080131810373
2019-04-16,765.0999755859375,776.0,765.0999755859375,771.0999755859375,766.9412231445312,7088601,6.64781803517757,0.010756647622112148,761.5299926757813,734.3119970703125,60.853183952018355,9.576064625792469,21.767036853334226,775.9543280613613,745.22566461442,4.040108809594454,756.4229524597554,765.5108276994229,0.010814708348995117,15.629176922462173,-0.012766168744464885,188770904,59.286497199741746,51.75523856164739,776.5016743977865,744.6766560872396,760.5891652425131,40762247.69479968,0.014246536089241044
2019-04-18,778.4000244140625,779.0,769.0,771.2000122070312,767.040771484375,6098041,6.647947759124955,0.00012972394738497428,762.4999938964844,735.2819970703125,60.89540065526023,9.650511592016528,21.82452559835316,776.4895568686943,747.1104370277901,3.8565397687839917,757.8302914833055,766.332847030174,0.00012973236189983695,15.227092856572018,-0.03669391753979263,194868945,59.532589600756744,54.96864572471326,777.6233428955078,746.1583221435546,761.8908325195313,13994100.842887327,0.01284686496191654
2019-04-22,768.9000244140625,768.9000244140625,750.5499877929688,755.5,751.4254150390625,4185156,6.627379781712794,-0.020567977412160765,761.8349914550781,736.0469970703125,51.50721630624401,8.346439020924436,20.56794951366074,776.4721364783466,746.5878549767315,3.9242422057275217,757.608358961086,764.0180846167142,-0.02035789932380927,15.61444511067848,-0.09714138867426925,190683789,23.61111111111111,47.47673263720319,777.8766774495442,745.9716542561848,761.9241658528646,-39139966.577924274,0.0238653089328191
2019-04-23,757.4500122070312,759.2999877929688,749.0,753.25,749.1875610351562,5098170,6.624397178010411,-0.0029826037023834573,760.939990234375,736.7019970703125,50.31014533320206,7.0501264478929215,19.533841523214686,776.5784945311927,746.2314969238853,3.9856578007227603,757.1932771552683,762.8992225080286,-0.0029781601588352302,15.234841016556356,-0.049755910188578695,185585619,19.53125,34.22498357062261,777.5000091552735,745.8299896240235,761.6649993896484,-20693910.525974758,0.01359824097560842
2019-04-24,754.7000122070312,755.7000122070312,738.3499755859375,752.8499755859375,748.7896118164062,7825049,6.623865972340198,-0.0005312056702129198,760.764990234375,737.1689965820312,50.08726701645806,5.922242838294665,19.415676624362227,776.716049205802,745.673941028573,4.0780757067970494,756.7796293867606,761.0960916278183,-0.0005310646054597079,15.385926416880455,-0.04348125620822253,177760570,35.670335280251045,26.27089879712071,776.6566752115885,746.2866556803385,761.4716654459636,-8984777.269481821,0.022989315410709497
2019-04-25,754.0,758.5499877929688,738.5499877929688,740.9000244140625,736.9041748046875,10282068,6.60786569637451,-0.01600027596568765,758.514990234375,737.4719970703125,43.83928178723474,4.017810938564708,19.011969331933102,777.5390540150785,744.3709374399997,4.358748777694426,755.2672860560274,759.0092965892707,-0.015872951530050083,15.715503101388993,-0.08331959253743719,167478502,6.273179081395174,20.49158812054873,776.9000091552734,745.9149871826172,761.4074981689453,-84908399.45375957,0.026525198938992044
2019-04-26,762.0,765.1500244140625,747.25,759.9000244140625,755.8016967773438,23294204,6.633186877803732,0.025321181429221795,758.4199951171875,738.0669970703125,53.723556121424416,3.9956171602742643,17.98619392291449,777.5935721493269,744.5964241885637,4.335483486312255,755.7084992329832,758.239021313472,0.025644485590381905,16.325110022718352,-0.03907637087599788,190772706,53.01361841413792,31.65237759192804,777.0400115966797,746.1949859619141,761.6174987792969,266757117.51541346,0.02349084568774606
2019-04-30,759.9500122070312,769.7000122070312,755.7999877929688,766.8499755859375,762.7141723632812,12434805,6.642291183259972,0.009104305456239636,759.8749938964844,739.01599609375,56.72391327992351,4.4871068330420485,16.788825917405156,778.1342039776084,744.8107911395791,4.376180747810282,756.7695922189788,758.7195194834115,0.00914587570547054,16.15188962210008,0.03482651936443087,203207511,70.11065899911412,43.132485498215736,777.1475118001302,746.3274861653647,761.7374989827474,146533230.8929959,0.018290708850302317
2019-05-02,765.4000244140625,767.7999877929688,748.0499877929688,752.3499755859375,748.2924194335938,7033021,6.623201608754481,-0.019089574505490425,758.6749938964844,739.84599609375,49.51136389567927,3.664346812184476,16.17720905567685,774.6248218262403,745.4851696288379,3.8338873319962135,756.3486763491653,758.6232471762951,-0.01890852247719088,16.408897506235785,-0.05334228610319893,196174490,34.44032371886308,52.521533710705036,775.6550099690755,745.9099843343099,760.7824971516927,-19141459.36900135,0.025803500614099455
2019-05-03,754.1500244140625,763.7999877929688,753.4500122070312,757.2999877929688,753.2156982421875,5970814,6.629759460000629,0.006557851246147273,758.1199951171875,740.8799963378906,51.76611104073764,3.372848090852017,15.609279112643422,774.026086424869,745.2539062509121,3.787607328821977,756.4392774390514,758.5231704739908,0.006579401033642851,16.05469141343546,-0.04082422142367068,202145304,46.61746820618309,50.38948364138676,774.4750081380208,745.9349873860676,760.2049977620443,13323248.334274938,0.013724027382985133
2019-05-06,746.0,753.4000244140625,744.0999755859375,747.4500122070312,743.4188232421875,5909936,6.616667429727092,-0.013092030273536892,755.7549987792969,741.9289965820312,47.24472964998496,2.3202758482990475,15.83922524671731,773.4969594874186,743.7880319676595,3.9160642446305585,755.5831569407637,757.7666684633097,-0.013006702422699967,15.85078575583516,-0.04875901417713637,196235368,22.38630050599841,34.481364143681525,773.2691762288412,745.1941518147787,759.2316640218099,-34367400.7648771,0.012466553388907507
2019-05-07,751.8499755859375,755.5,740.0,741.8499755859375,737.8489990234375,5071941,6.6091470334871,-0.007520396239991456,752.8199951171875,743.0339965820312,44.84648015479921,1.0224425278264562,16.352691590619965,774.1390278342684,741.1809611794034,4.349981112084125,754.2752349069707,757.4155811526639,-0.007492188814818834,15.825729630418364,-0.05242785898861094,191163427,8.61008092971577,25.87128321396575,772.4150095621745,744.1949839274089,758.3049967447917,-30391170.481643606,0.020615814994102276
2019-05-08,741.9000244140625,744.75,733.3499755859375,735.5,731.5332641601562,6739894,6.6005505400414926,-0.008596493445607756,750.8199951171875,743.8779968261719,42.22880553193646,-0.5125809754429156,17.285127828879986,775.2652148753041,737.3897716969616,5.007809912314467,752.487117296783,756.0787748062381,-0.008559649248383483,15.509607829250088,-0.050567006858610784,184423533,4.709799045365208,11.90206016035979,771.049175008138,742.8791493733725,756.9641621907552,-38662498.395085625,0.01536598468650275
2019-05-09,733.9000244140625,740.5,729.4000244140625,731.0,727.0575561523438,4193451,6.594413459749778,-0.006137080291714447,748.5949951171875,744.6369970703125,40.427889310798385,-2.068367697657436,18.404810891929255,776.4539395702894,733.081045781273,5.746523824873805,750.4407251732798,754.9568512376875,-0.00611828687967364,15.194634097584904,-0.0707547793650215,180230082,3.2257588174924874,5.515212930857817,769.53583984375,741.5208190917969,755.5283294677735,-25467852.465028543,0.015124642617091606
2019-05-10,734.4000244140625,738.5,729.5,735.0499877929688,731.085693359375,3913815,6.599938507502899,0.005525047753121015,746.8149963378906,745.3309973144532,42.79252048124892,-2.940641827615309,19.444516593332146,777.1187383455426,730.461248226723,6.189720019420423,748.9749406608693,753.1754181922046,0.005540338978069492,14.752160233471697,-0.05150403649493468,184143897,11.391060806304344,6.442206223054008,767.8783396402994,740.9083201090496,754.3933298746745,2077984.4942824766,0.012254901553387891
2019-05-13,734.0,742.8499755859375,730.0,732.0999755859375,728.151611328125,5891071,6.595917083304608,-0.0040214241982914345,745.9349914550781,746.0289965820313,41.50032937336326,-3.825864506318567,19.836188362295534,776.924267137596,727.5257145518572,6.566991682935935,747.3678011299234,751.0568959315095,-0.0040133491000915456,14.616289901504969,-0.10499869260750166,178252826,6.699632728787248,7.105484117528022,766.5133371988933,739.7583201090495,753.1358286539714,-10893159.410231037,0.017506778727435286
2019-05-14,729.4000244140625,738.5,722.5,731.3499755859375,727.4056396484375,7049134,6.594892107950909,-0.0010249753536983874,743.0799865722656,746.6149963378906,41.1600334599053,-4.535644502381501,20.740734936063713,776.7043147512591,724.795666938194,6.9142388872570795,745.842293935258,749.4915583919923,-0.0010244502458830462,14.715126337111757,-0.08114313498342772,171203692,18.749943426114505,12.280212320402029,765.2450022379558,737.8799875895182,751.562494913737,-7155620.13674368,0.02193583694057733
2019-05-15,735.7999877929688,737.7000122070312,716.0999755859375,721.9500122070312,718.056396484375,4849130,6.581955901325644,-0.012936206625265179,738.589990234375,746.9799963378906,37.05853103937709,-5.789906312971766,21.989660761176747,778.0391401707361,720.4258439601233,7.689641976389554,743.5668385325698,748.2261896347655,-0.012852893543033539,15.20690564311047,-0.08724483551505718,166354562,10.914239970484513,12.121272041795416,764.1925059000652,736.102485148112,750.1474955240885,-32772969.658618335,0.029355853464856713
2019-05-16,720.9500122070312,735.0,718.7000122070312,731.8499755859375,727.9029541015625,5142617,6.595575541570575,0.01361964024493112,736.539990234375,747.4139953613281,43.449884806490864,-5.9168675609804495,23.149377598781708,776.4862591668201,718.7287249640393,7.725649463893538,742.4509468233667,747.2319718054905,0.013712810044343104,15.284982939528918,-0.087213991641037,171497179,29.384308281986783,19.682830559528597,762.6308380126953,734.4258209228516,748.5283294677735,23016823.4282877,0.02260904017890213
2019-05-17,731.7999877929688,752.1500244140625,727.2000122070312,748.9500122070312,744.9107666015625,9072242,6.618672241913588,0.0230967003430127,735.7049926757812,748.0289953613282,52.434442631897994,-4.58480444863801,22.16643247918952,774.9472029331148,718.877784859854,7.50682556945305,743.0699054313349,746.9706976309005,0.023365494556999877,15.975342172921941,-0.027078616639197445,180569421,61.28733988246186,33.861962711644374,762.2891723632813,732.6091552734376,747.4491638183595,111096054.7663791,0.03409403200767719
2019-05-20,760.2000122070312,790.6500244140625,760.2000122070312,782.4000244140625,778.1802978515625,15866697,6.662366149924675,0.04369390801108697,739.1999938964843,749.48599609375,64.3621841096943,-0.8205397321551118,22.53214907073965,777.8013171737456,717.1536755020358,8.113641142220366,746.8156310487375,749.4384258091316,0.0446625431094656,17.81281860392975,0.016477571958343488,196436118,88.9336088578287,59.86841900742578,763.6175069173177,731.982491048177,747.7999989827474,390859490.47897047,0.04005526403324834
2019-05-21,789.7000122070312,791.7999877929688,771.0499877929688,772.9500122070312,768.7813110351562,9251548,6.650214379235125,-0.012151770689549757,742.3099975585938,750.8969958496094,59.79985577845258,1.3841742683138136,22.927158622061715,778.1709066526228,716.9590860231585,8.188160351183324,749.3046197304798,750.3478981793055,-0.012078236084039462,18.022617275077625,-0.009889532565588771,187184570,75.0991115637011,75.1066867679972,764.4316731770834,731.7216573079427,748.076665242513,72001669.13703315,0.02627580053089842
2019-05-22,774.7999877929688,784.0,770.2000122070312,779.1500244140625,774.9478759765625,5928186,6.658203613225849,0.007989233990723932,746.675,751.8389965820312,61.71721777191586,3.590328099802605,23.21692103642351,782.18487862734,715.3101164898475,8.931550670359231,752.1470392241542,751.6385857511166,0.008021233079909207,17.72100088349842,0.01315363316643302,193112756,83.28935093919142,82.44069045357374,765.1775044759114,732.9224934895834,749.0499989827474,48503773.42271222,0.017811032537930538
2019-05-23,788.0,804.2999877929688,770.5999755859375,776.4000244140625,772.2127075195312,14776218,6.654667882740067,-0.0035357304857823735,751.2150024414062,752.9549975585937,60.34246568380493,5.0585075620823545,24.41451861776158,785.4236862421571,714.3863113164366,9.472849899834767,754.4568473374788,755.8414734330327,-0.0035294871511658554,18.862358835179332,-0.039201692287761394,178336538,68.36739283729705,75.58528511339652,767.8433390299479,733.2483256022135,750.5458323160808,-10921808.525762592,0.04276651295308534
2019-05-24,779.4500122070312,795.9000244140625,778.5,793.2000122070312,788.922119140625,9323114,6.6760754120352415,0.021407529295174754,757.0300048828125,754.1439978027344,65.41135240274792,7.491313773141428,25.526573514718358,792.1525014106788,711.6924998100243,10.70057107419228,758.1466725631504,759.1615415167305,0.02163831435431418,18.907904632666522,-0.032025883169167275,187659652,87.41499540852375,79.6905797283374,769.8575063069661,735.257494099935,752.5575002034506,100778198.08638316,0.022323464162626563
2019-05-27,794.0,816.4000244140625,787.2000122070312,813.9000244140625,809.5104370117188,9128216,6.701837538329386,0.025762126294144316,765.210009765625,755.7539978027344,70.4270154419523,10.963270453328278,27.298846026023504,803.6256655369484,707.5193356837547,12.719670154162447,763.4565155965706,763.605927806133,0.02609683798344209,19.643055173692574,0.058081540966251774,196787868,97.50747878070925,84.42995567551002,773.309174601237,737.7891611735026,755.5491678873698,159562187.78107303,0.03677583401389326
2019-05-28,816.2999877929688,822.0999755859375,801.0,808.4000244140625,804.0401611328125,13473187,6.6950570157299385,-0.006780522599447281,772.9150146484375,757.2319982910157,67.62122906664547,13.119780439761485,29.11878859008205,811.2890395377904,704.7059616829129,14.061138429751432,767.7368497696651,770.4386270981406,-0.006757586724437714,19.747120917424354,-0.02316576369224721,183314681,87.07551776238208,90.66599731720503,776.122504679362,740.2824961344402,758.2025004069011,3785710.2603576854,0.025848310549391934
2019-05-29,806.75,813.0,802.0999755859375,804.7000122070312,800.360107421875,5958128,6.690469552321754,-0.004587463408184611,781.1900146484375,758.4749987792969,65.72423484794638,14.364682954613954,30.80873525670784,816.8655544245286,702.914450458284,14.99573669875083,771.2571509541762,773.5299581072691,-0.004576957069877707,19.11518545289851,-0.09176382060180201,177356553,83.58494020857901,89.38931225055678,778.0966715494791,742.5566630045573,760.3266672770183,-13434860.800583897,0.013511031191896498
2019-05-30,803.25,814.2000122070312,803.25,807.5499877929688,803.1947021484375,6414384,6.694004957568391,0.003535405246637424,788.7600158691406,759.8659985351562,66.50371008041385,15.403682316927984,32.41795016749404,823.1369235391733,702.1630825643424,15.862301251000044,774.7136116054897,776.6135922133103,0.003541662163171866,18.531958792479422,-0.0752806025316721,183770937,86.27359642172759,85.64468479756289,780.2700063069661,745.6099965413412,762.9400014241536,7708938.265690784,0.013632134711523499
2019-05-31,811.0,818.7000122070312,793.2000122070312,808.2999877929688,803.940673828125,11140585,6.6949332616376935,0.0009283040693022215,794.6950134277344,761.2199987792969,66.71820976005186,16.102001676952455,32.854453813838184,828.7902321657626,701.609773937753,16.620551191948604,777.9123140995354,781.1734025974858,0.0009287350768831804,19.02967602158804,-0.0503185402898739,194911522,86.98114359153891,85.61322674061518,783.4550079345703,747.279995727539,765.3675018310547,8139938.588563595,0.031442663378545004
2019-06-03,813.5499877929688,814.6500244140625,803.0999755859375,812.6500244140625,808.2672119140625,6427567,6.700300542591715,0.005367280954021503,797.7200134277343,762.7709997558594,67.99823974007369,16.812630858404304,33.2597786283006,834.7057227186094,702.2142846056092,17.241162517451784,781.2206674628237,785.4443342462537,0.005381710610897539,18.495416936340682,-0.013479995356803508,201339089,91.08495172464623,88.11323057930423,786.6583414713541,750.2583292643229,768.4583353678386,21353414.085876994,0.014197097906003832
2019-06-04,807.5499877929688,827.75,805.5,822.7999877929688,818.3624267578125,9515354,6.712713142942838,0.012412600351122904,802.7050109863281,764.2869995117187,70.8184297238115,17.987478368589564,34.1955256433982,841.5865481625948,703.428460382327,17.884368373920662,785.1806027323614,790.0720926753204,0.012489956406787295,18.763601440887776,0.04261524270278266,210854443,95.46078609707978,91.17562713775497,790.6408416748047,753.5658294677735,772.1033355712891,71504801.1201784,0.027552473947537504
2019-06-06,824.0,825.9500122070312,805.7999877929688,807.7000122070312,803.3438720703125,14728937,6.694190717561574,-0.018522425381264362,805.560009765625,765.2229992675781,62.05670394792922,17.498400976624794,35.064433585988816,844.6271927787432,707.6078169868817,17.654462749496965,787.3253083966157,794.7277578632759,-0.018351939487068814,18.8626316532574,-0.0044313500134375745,196125506,80.05968152452546,88.86847311541715,794.842508951823,756.8924967447916,775.8675028483073,-124436125.69781488,0.024453913123862258
2019-06-07,811.0999755859375,813.25,801.2999877929688,804.0,799.6638793945312,6884094,6.6895992691789665,-0.004591448382607055,808.3200073242188,766.1879992675781,60.09473826465843,16.620651037896323,35.366306909378366,846.0144383440659,713.5205714215592,16.991457850300968,788.9133742636046,798.6917376952288,-0.004580923797340319,18.3688731213841,-0.008877027308471818,189241412,64.84085226959563,80.12043996373362,798.5125101725259,760.4774943033855,779.4950022379558,-58459529.78883869,0.014733094028758388
2019-06-10,807.4000244140625,816.75,807.4000244140625,814.1500244140625,809.7591552734375,5923875,6.702144654197409,0.012545385018442268,810.4150085449219,767.33,63.50354225980689,16.553234645565226,35.81523945261201,848.2406305087547,719.2043829189797,16.464532597235397,791.3168647541244,801.9170279623424,0.012624408475202076,17.96752504128524,0.0009335661171735587,195165287,76.36841273561643,73.75631550991251,802.4508433024089,764.3808298746744,783.4158365885417,20598473.987623427,0.011580350883346656
2019-06-11,817.1500244140625,821.4500122070312,807.0,814.7999877929688,810.4056396484375,5471529,6.702942669371022,0.0007980151736131091,810.5050048828125,768.7119995117188,63.71727851982105,16.363623614613857,36.45399847130912,849.1305046383341,726.5845100101035,15.55433482438094,793.5533526625857,804.1882176155676,0.0007983336724384227,17.71627412455281,0.025895640505130248,200636816,77.49780199151765,72.90235566557656,806.5025126139323,768.2724955240885,787.3875040690104,9237020.3136235,0.017683426268502694
2019-06-12,814.0499877929688,815.75,809.0999755859375,813.5499877929688,809.162353515625,4707478,6.70140737258068,-0.0015352967903421444,811.0200012207031,769.8409997558593,62.953698511511256,15.928872822676226,37.047131845813574,848.3608786591874,735.5741372099533,14.241334438502266,795.4577941035745,805.779147382262,-0.0015341188251436488,16.925827716660645,0.0310940744124086,195929338,75.1530951165488,76.33976994789428,810.1358469645181,772.8408274332683,791.4883371988933,-843891.5621254998,0.008169061499640673
2019-06-13,811.25,823.4000244140625,810.75,820.1500244140625,815.726806640625,9056584,6.709487280126296,0.008079907545615939,812.5650024414062,771.0580004882812,65.31708087438876,15.933229136969999,37.958249693360635,844.4394759468458,749.3155411429979,11.937083652610786,797.8094350855257,809.4764393653278,0.008112638092464985,16.620413195046492,0.06754208848360352,204985922,84.56857749048223,79.07315819951623,814.3308471679687,777.9308288574218,796.1308380126953,39567893.52063265,0.015593250433359013
2019-06-14,820.0999755859375,823.0999755859375,797.4500122070312,801.2000122070312,796.8790283203125,8919370,6.686110619027598,-0.023376661098697404,811.9300048828125,771.4680004882813,54.555511751024646,14.243385057442993,37.241869412961975,837.3864367305821,763.3035840213711,9.256364661336395,798.1323471923358,810.9132294156216,-0.023105543672414908,17.265381065322188,0.014118114106535993,196066552,34.525287828637914,64.74898681188965,818.7350128173828,781.3999969482422,800.0675048828125,-99492149.07914132,0.031276629853061635
2019-06-17,800.0999755859375,801.0,775.0999755859375,777.7000122070312,773.5057373046875,10151212,6.656340861397221,-0.029769757630377036,808.8700073242187,771.7100012207031,44.7163475761816,10.882471490207308,34.66669834900484,832.4104659466769,771.1545548052762,7.6399659943537825,796.1864105270687,809.0547065255056,-0.029331003047872617,17.89642789073444,-0.06713688029498151,185915340,4.9383388707400035,41.344068063286706,820.8741790771485,783.4441619873047,802.1591705322265,-192199704.35971376,0.03237098513232065
2019-06-18,781.9500122070312,784.8499755859375,770.0999755859375,775.75,771.566162109375,8347632,6.65383030332849,-0.002510558068731683,805.1800048828125,771.8770007324218,44.007102227167636,7.969703801467972,32.452064927453186,833.0416473064681,769.8583710040787,7.883620385628855,794.240085714967,806.5215187708359,-0.0025074092534694836,17.671683041396268,-0.12254857079420663,177567708,9.800558579961844,16.42139509311325,820.0466766357422,784.1866607666016,802.1166687011719,-74918557.65310772,0.01886309836912535
2019-06-19,780.7999877929688,789.0,763.3499755859375,770.7000122070312,766.54345703125,6411258,6.647299208622836,-0.006531094705653828,799.9700073242187,772.0610009765625,42.142903082662336,5.193949990036799,30.844002945585338,833.3475618470364,769.3274564635104,7.989156210971895,791.9981739523065,804.7097066270153,-0.006509813461770819,18.241564568015285,-0.09665061229373065,171156450,11.41309601660459,8.71733115576881,820.0791778564453,783.7291595458985,801.9041687011719,-46557368.97608474,0.0328509539127499
2019-06-20,772.0,775.4500122070312,758.8499755859375,771.4000244140625,767.2396850585938,9190732,6.648207077423158,0.0009078688003221203,796.3400085449218,772.2460009765625,42.50647342504152,3.0158652142339406,29.63829359578448,834.1890908367398,767.710927473807,8.299914177296072,790.0364454248547,801.6686745912081,0.0009082810379446027,18.124312571806605,-0.07812166449663137,180347182,18.214868477700474,13.142841024755631,819.7583465576172,783.1283233642578,801.4433349609375,-11230039.930993091,0.021502638110225066
2019-06-21,774.75,778.25,762.7999877929688,771.0499877929688,766.8915405273438,12610688,6.647753206471966,-0.0004538709511914263,793.0450073242188,772.4230004882812,42.36311860912655,1.2470965544238197,28.282021651604733,834.7825399846611,766.5824746637763,8.517741389005845,788.2282113646751,797.8919645086283,-0.00045376796735208114,17.933291117179795,-0.01840467540113538,167736494,17.706832923184315,15.778265805829788,818.1925130208334,783.3874898274739,800.7900014241536,-6686148.388456031,0.019941932503428527
2019-06-24,771.0,775.25,761.0,762.8499755859375,758.7357788085938,4866859,6.637061387555458,-0.010691818916508389,787.9150024414063,772.5880004882813,39.041361548393596,-0.8070348115659272,27.148558620343408,836.9626710973264,761.3673398890016,9.459289469472571,785.8112365286048,795.9044636030235,-0.010634864583167647,17.670198894524095,-0.07814057541272022,162869635,5.8055131823488875,13.909071527744553,816.893344116211,782.4033233642579,799.6483337402344,-28834251.602751944,0.01848249027237354
2019-06-25,761.25,783.0,756.5499877929688,781.6500244140625,777.4345092773438,10044436,6.661407101257341,0.024345713701882765,784.6000061035156,772.9530004882813,48.92882621089725,-0.9074810201509536,25.422988500699066,835.4496512437939,759.6553597425342,9.503360716595404,785.4149306129341,792.1585946830138,0.024644490305823163,18.297328416846035,-0.06917958971520265,172914071,36.1671870190405,19.893177708191228,815.1508433024088,780.9358225504558,798.0433329264323,116279174.29973371,0.034745500436165845
2019-06-26,782.9000244140625,792.0,781.7000122070312,788.5999755859375,784.3468627929688,8715757,6.670259190484786,0.00885208922744507,782.1050048828125,773.5080004882813,52.026653227246136,-0.42142446877710427,24.091467505570346,834.3086162517766,758.8163898517391,9.477250825994785,785.7182682294106,789.0107000100239,0.008891384833109583,17.729660357495426,-0.028963262386453404,181629828,47.94311179607604,29.97193733248847,813.4575103759765,780.3224884033203,796.8899993896484,79142448.48386306,0.013156198073537498
2019-06-27,788.9500122070312,806.8499755859375,781.5999755859375,800.4500122070312,796.1329956054688,18439210,6.685174084774314,0.014914894289527858,780.1350036621094,774.4710009765626,56.83440142279685,0.9094936933126974,23.81572027854648,833.958076269415,758.7419298341006,9.445111590013495,787.1212914653745,789.1424854536282,0.015026676373264047,18.26682747481718,0.04166219777650022,200069038,65.66940967121378,49.92656949544344,813.6600087483724,779.0899892171224,796.3749989827473,172051025.3373131,0.03200456253161709
2019-06-28,801.1500244140625,812.9000244140625,793.2999877929688,808.5499877929688,804.189208984375,9174348,6.695242504926518,0.010068420152204105,780.8700012207031,775.3550012207031,59.80002598110925,2.588023141197823,23.89887734889746,834.0701127548255,758.7298933486902,9.46009782991411,789.1621196870501,789.1803186543574,0.010119277234569513,18.36205669955122,0.07687361130023504,209243386,77.78604564532431,63.799522370871365,813.9216766357422,778.4866546630859,796.2041656494141,106891671.65703405,0.024464876769402382
2019-07-01,810.75,819.0,807.4500122070312,810.4500122070312,806.0791625976562,5896530,6.697589664020225,0.0023471590937074183,784.1450012207031,776.307001953125,60.48581664331242,4.025186073384248,24.301451466920156,834.3248225681277,758.690185976794,9.495784557663297,791.1895380222863,789.1664449617879,0.002349915828022908,17.875480349081045,0.05132358796437587,215139916,80.62826460300693,74.694573306515,813.5025095621745,779.4624888102214,796.482499186198,43099591.19117933,0.014246053398666358
2019-07-02,811.0999755859375,812.5499877929688,800.75,802.5999755859375,798.2713012695312,7549027,6.687856427414099,-0.00973323660612646,786.8299987792968,776.937001953125,56.218615398914295,4.479083613746184,24.055287312372922,833.2131592471106,758.7968444149986,9.348724525716765,792.2762463616817,789.2479002509335,-0.009686021966631153,17.441516595073022,-0.0021354270361431697,207590889,68.88550870058643,75.7666063163059,813.2733388264975,779.2083241780599,796.2408315022786,-25140228.538690545,0.014548129883057209
2019-07-03,802.6500244140625,811.5,801.5,806.2000122070312,801.8519897460938,5535230,6.692331865824508,0.004475438410409538,790.3799987792969,777.637001953125,57.692707859660125,5.070840065413449,23.826706311721917,830.6557693791201,759.6942367243955,8.924014510313487,793.6023192993341,787.9260270131555,0.0044854681417920705,16.909979695424948,-0.034704012814271414,213126119,74.60561009946302,74.70646113435212,812.0466725667318,779.2066579182942,795.626665242513,4904610.957887656,0.012458730076411618
2019-07-04,810.0,813.2000122070312,804.2999877929688,808.8499755859375,805.48681640625,5553273,6.6956134555920315,0.00328158976752313,794.1249938964844,778.7040014648437,58.79254569466737,5.688072653892618,23.723767891975452,830.7978967465979,759.6671056948085,8.944653411750869,795.0544770409153,787.4644942218368,0.003286980077873869,16.33784003247049,0.03723010633543667,218679392,83.74696168126655,75.74602682710533,811.2658386230469,779.5508239746093,795.4083312988281,11445517.041341783,0.010987684461805555
2019-07-05,808.0,812.9500122070312,801.2999877929688,806.0999755859375,802.7481689453125,5871202,6.692207774002912,-0.003405681589119247,797.6299926757813,779.7610009765625,57.13267042336329,5.887464879579738,23.3183195644716,831.0180248389864,759.6569751610135,8.972423616134398,796.1064292832984,788.6700393639104,-0.0033998888335353694,16.00299605972706,0.05433119762973706,212808190,79.34343972376344,79.232003834831,811.280839029948,779.5958231608072,795.4383310953775,-6948697.986219404,0.014418347047107054
2019-07-08,802.0,803.6500244140625,778.6500244140625,782.9000244140625,779.6447143554688,7485169,6.663005005098007,-0.029202768904904808,799.6349975585938,780.362001953125,45.46958962061654,4.125881887366518,22.250056742802137,828.753424387181,758.796575612819,8.81318368232333,794.8486764386093,789.4901172205676,-0.02878048861744653,16.820635710594768,0.00765747864670787,205323021,42.19380539709005,68.42806893404001,810.8450073242187,777.5949890136719,794.2199981689453,-118086602.87089474,0.03117206982543641
2019-07-09,778.5,788.7999877929688,776.4000244140625,786.2000122070312,782.9309692382812,6448920,6.667211228514383,0.004206223416375998,800.0899963378906,781.2680017089843,47.12309175650749,2.961952564845319,21.411096533018753,826.0848389833303,758.6051634580759,8.516451220275737,794.02499413084,790.004442107188,0.0042150819901156655,16.504873401188444,0.027670406550971246,211771941,47.47801219921011,56.338419106687866,809.2116719563803,776.1666585286458,792.689165242513,-25174629.43841023,0.015928019754535967
2019-07-10,786.6500244140625,790.0,764.5499877929688,769.25,766.0514526367188,5814417,6.6454160142021514,-0.02179521431223197,798.1549987792969,781.4550012207031,40.35447318003911,0.6641499558719488,21.380350192169427,823.8271424847464,756.4328611773628,8.529518073127647,791.6654708802839,790.9470400232344,-0.02155941483573498,17.143811887320073,-0.004182724993733605,205957524,20.33628458698901,36.66936739442972,808.2416717529297,773.3166595458985,790.779165649414,-74094502.56398343,0.03235239486071043
2019-07-11,773.5,773.5,763.0,766.4000244140625,763.21337890625,7111401,6.64170425851216,-0.0037117556899914916,794.75,781.4460021972657,39.3315038240611,-1.371039883721778,21.443357185047688,819.6758491238818,755.2091545382275,8.186844682087733,789.259237883501,791.7722140269807,-0.0037048756398277982,16.669253895368637,-0.04632466427026035,198846123,15.772673652071335,27.862323479423484,805.6108367919921,770.9008270263672,788.2558319091797,-38209713.675868824,0.013574660633484163
2019-07-12,766.0999755859375,768.5999755859375,751.0,755.7999877929688,752.6573486328125,8552548,6.627776774764249,-0.013927483747910863,789.475,781.5150024414063,35.70604028253574,-3.7955244186049413,22.1633751705198,819.5348779453541,750.810123275349,8.752822420115585,786.0726426367836,790.3353655454232,-0.01383094504622151,16.735734016123555,-0.03162816640818344,190293575,7.058805577895221,14.38925460565185,802.7691701253254,768.8641591389974,785.8166646321614,-73174785.89439768,0.022973471017900086
2019-07-15,757.25,759.6500244140625,744.0,749.75,746.6325073242188,6350785,6.619739817629118,-0.008036957135130862,783.4049987792969,781.3640026855469,33.791509310238695,-6.134415608410109,23.172532128759066,821.3614874336492,746.1885125663507,9.59114221138701,782.6133433380423,789.577694842188,-0.008004747143004698,16.65818333026205,0.007809509660278013,183942790,7.666666666666667,10.16604863221107,800.5833374023438,767.7033264160157,784.1433319091797,-50006376.44864526,0.020666919001733244
2019-07-16,750.0,763.2000122070312,747.5499877929688,761.0499877929688,757.8855590820312,6170479,6.634699042685953,0.014959225056834669,779.25,781.6360021972656,40.23707059998774,-6.995548817981671,23.75296041754231,821.782588938786,744.2974098405108,9.895430521898263,780.5596904289878,787.872357921122,0.01507167428205225,16.58617197910494,0.04865137788267025,190113269,22.733317057291668,12.486263100617847,799.6466725667317,766.6766591389975,783.1616658528646,29815432.76829826,0.02086669921875
2019-07-17,763.0999755859375,765.5499877929688,750.0499877929688,752.5999755859375,749.4706420898438,5757193,6.62353384571971,-0.011165196966242519,773.8899963378906,781.8510021972656,37.31185462349144,-8.264579527831074,24.053229396775752,822.7868866268371,741.4831084903504,10.395108055549683,777.8968604439353,784.243017948479,-0.01110309748711269,16.50858826631173,0.04168856626716923,184356076,11.466634114583334,13.955539279513884,798.2250040690103,766.2699930826823,782.2474985758464,-22493756.496057153,0.020311886379105835
2019-07-18,754.0,755.0,734.5999755859375,740.4000244140625,737.3214721679688,11283488,6.607190613673494,-0.016343232046216016,767.0450012207032,781.9490026855469,33.522592733276156,-10.137866593100966,25.11778964251774,824.9502965185799,736.2196985986076,11.367192323384595,774.325733202995,777.4148203059964,-0.01621040601599366,16.78654799115107,-0.018982460037712246,173072588,6.872093780056551,13.690681650643846,797.1533365885417,764.8183268229166,780.9858317057291,-99269920.59764405,0.02705573529716512
2019-07-19,743.5499877929688,746.7999877929688,723.2999877929688,729.25,726.2177734375,8091007,6.592016608747831,-0.015174004925663453,759.3600036621094,781.9140026855468,30.476294897762315,-12.379471038031284,26.57440325758623,828.09016400833,728.8998323295607,12.741293381726198,770.0328062312813,771.6333878545673,-0.015059459814154352,17.266080277497423,-0.050891390481182165,164981581,6.618476742149279,8.31906821226305,795.6766693115235,762.5366607666016,779.1066650390625,-93233257.2554484,0.0316051380348395
2019-07-22,730.0,738.5,720.0,727.4500122070312,724.42529296875,7020071,6.589545284941975,-0.0024713238058557963,753.8150024414062,781.7620031738281,30.00230637298077,-14.138226013549456,28.05409157988644,830.7556734421256,722.6943265578744,13.912433214361734,765.9773020384955,765.9051645595684,-0.002468272599202903,17.354217400533322,-0.035931208364893996,157961510,7.99357428246045,7.161381601555422,794.0033365885417,760.4383280436198,777.2208323160806,-39501780.488998756,0.025342465753424658
2019-07-23,732.9000244140625,739.2999877929688,726.0999755859375,728.0,724.9729614257812,7048354,6.590301048196686,0.0007557632547108284,747.9950012207031,781.6800036621094,30.358708796766976,-15.311174891071232,29.33913975050829,832.0123562339904,716.0726413246034,14.97846889443792,762.3604161300674,761.1442009581128,0.0007560489157187877,17.057488458140316,-0.1278671437612375,165009864,8.583689862860833,7.731913629156847,791.2108357747396,758.9708272298177,775.0908315022787,-10582921.055984613,0.018010658708306593
2019-07-24,728.0,732.7999877929688,709.3499755859375,712.2999877929688,709.3382568359375,6618279,6.568499153846822,-0.021801894349864348,742.3,781.29900390625,26.249897850164317,-17.30808823452162,31.149467740428925,833.6493489237765,706.8056498555203,16.468342037744822,757.592756288439,755.6324309629479,-0.02156595083383417,17.51409729734681,-0.18178349621617182,158391585,2.8475011237887973,6.474921756370022,788.4041697184244,754.8491587320964,771.6266642252605,-72799014.41168725,0.032211555229438533
2019-07-25,711.2000122070312,726.25,706.3499755859375,723.1500244140625,720.1431274414062,9972204,6.583616703280457,0.015117549433635524,737.975,781.3230041503906,32.99877472281969,-17.80984832318302,32.927456282226686,831.3483122286522,701.3766877713477,16.9595490981493,754.312496109927,749.1751370092854,0.015232397595165148,17.684520662826504,-0.20806127948991723,168363789,17.26622856870435,9.56580651845132,784.2508382161458,751.2308247884114,767.7408315022786,47866180.924782634,0.027980911238046458
2019-07-26,723.5499877929688,732.0,719.2000122070312,729.8499755859375,726.8152465820312,5450010,6.5928390001257915,0.009222296845334377,735.3799987792969,781.2830041503906,36.842221250079945,-17.46553492795988,33.929370011161474,826.2389006778577,698.6160981014392,16.739008322573007,751.9827322504995,745.1002795253778,0.00926495325406873,17.335625457836663,-0.2242369972425599,173813799,28.093237467184036,16.06898905322572,780.015835571289,747.6758270263672,763.8458312988281,40298594.23241453,0.017690536948265754
2019-07-29,736.2000122070312,740.0,710.0,720.25,717.2552490234375,10314136,6.579598373964638,-0.013240626161153735,732.4299987792969,780.70900390625,33.84628682611256,-17.76254630405117,35.20524652667365,820.247992567145,695.5870049914488,16.447830770034393,748.9605672742614,740.6171001281214,-0.013153354671595952,18.24022363941976,-0.22036301941538874,163499663,16.616880283570787,20.658782106486385,776.4941691080728,742.309159342448,759.4016642252604,-52577437.78255452,0.040749795575340905
2019-07-30,725.9500122070312,728.0,701.0,707.5999755859375,704.6578369140625,14100900,6.561878927782997,-0.017719446181640564,727.0849975585937,779.2130029296875,30.344625083276043,-18.80194410120987,36.69181352760158,815.6327398112869,690.7022577473069,16.587343753741656,745.0214633039449,735.361539380484,-0.017563379957046155,18.865921950889774,-0.22422470826469657,149398763,9.103414601293103,17.937844117349304,772.599169921875,736.8941589355469,754.7466644287109,-136443632.10102078,0.037192643496092345
2019-07-31,694.0,694.9000244140625,657.7999877929688,674.0999755859375,671.2970581054688,55836793,6.5133784316421215,-0.048500496140875704,719.2349975585937,777.2360021972656,23.431168562243258,-22.074384607801676,39.05179581907532,813.0098241264329,680.1151697700514,17.800874662151013,738.2670359022298,713.4234635349443,-0.04734313334629481,21.075498082466847,-0.2001361027588477,93561970,14.711181939320692,13.477158941394855,767.4141713460286,728.9991566975912,748.20666402181,-1292502921.0336735,0.05345826602463077
2019-08-01,673.9500122070312,680.75,662.6500244140625,669.2999877929688,666.5170288085938,17001210,6.506232371868092,-0.007146059774029823,712.1249938964844,775.0390014648438,22.635409089789704,-24.769607568156857,41.24320794687237,807.6912260797855,671.478769037402,18.41741753713602,731.6987456061097,706.9434184719527,-0.0071205874006989855,20.862960761286182,-0.21116903865199516,76560760,10.672853828306264,11.495816789640015,760.9800028483073,721.6449930826823,741.3124979654948,-485238040.6550234,0.026856555023516127
2019-08-02,667.4000244140625,681.6500244140625,661.5999755859375,673.8499755859375,671.0481567382812,14426295,6.51300749798446,0.006775126116368213,706.5849914550781,772.9880004882813,25.227698000574534,-26.236012769358922,43.29692926790796,799.6277891769962,666.3172059401913,18.187665114426483,726.1893389375218,702.5911184238854,0.006798129203576364,20.80489562320324,-0.18381370167259814,90987055,14.895580318300464,13.426538695309134,754.6791707356771,714.5041585286459,734.5916646321615,-117986369.45316374,0.03004202591351079
2019-08-05,665.5,669.3499755859375,650.2000122070312,662.4500122070312,659.6954956054688,13042504,6.49594510174123,-0.017062396243229472,700.0849914550781,770.3730004882813,23.135963024873874,-27.995318620819035,45.40210664627572,796.1885587962402,657.7114351002442,19.049057607445775,720.1189268679512,697.8365340687823,-0.016917657923773866,21.0081147486106,-0.1413887033576033,77944551,10.619854870167321,12.062763005591345,748.0000010172527,708.4099924723307,728.2049967447917,-138451501.79721344,0.028775301846590908
2019-08-06,658.7000122070312,682.8499755859375,654.0,679.0,676.1766967773438,12419831,6.520621127558696,0.024676025817465863,695.1849914550781,767.675,31.9564920808142,-27.73443023467985,46.05530372966097,788.1992119198285,654.9807807559528,18.461790191101134,716.202838594813,694.427068953226,0.02498299869877041,21.56824766556252,-0.1146882936728772,90364382,27.480907583560807,17.66544759067619,743.230000813802,701.9949910481771,722.6124959309896,90881533.6947521,0.04379835289401797
2019-08-07,679.0,679.5,654.25,659.9500122070312,657.2059326171875,10486156,6.4921640930718665,-0.02845703448682979,689.9499938964843,764.7059997558594,27.97678620754236,-28.733625764811222,46.6618438785187,784.1170925626712,648.132901333813,18.98889046023434,710.8454265578814,689.9180547924014,-0.02805594667594813,21.831229975165197,-0.12122335695141452,79878226,10.093170252746267,16.06464423549146,737.7183339436849,696.503325398763,717.1108296712239,-102880251.29852663,0.03718703976435935
2019-08-08,660.5999755859375,664.2999877929688,643.2000122070312,660.0999755859375,657.3552856445312,17563795,6.492391301709325,0.0002272086374581761,683.6449890136719,761.8139990234375,28.052745568150428,-29.177059648336922,47.52054350942409,778.8700634799465,642.7499255337253,19.150003376171163,706.0125264653153,685.2107054823834,0.00022723445129546604,21.77899751879179,-0.06326716132607978,97442021,17.45864205587618,18.344239964061078,732.6599985758463,690.3849924723307,711.5224955240885,-32537466.40309775,0.03194062422909158
2019-08-09,664.2000122070312,675.9500122070312,660.0,660.7999877929688,658.0523071289062,9289628,6.493451203733658,0.001059902024333148,676.739990234375,758.8789990234375,28.432175597029612,-29.136135823776613,47.25634811808002,774.1577422210701,637.9622467926017,19.289507476428724,701.7065704012823,682.8170437505335,0.001060463918984178,21.36264142509461,-0.08108682089581107,106731649,18.181795253507158,15.244535854043198,727.9333343505859,685.8233245849609,706.8783294677735,-6510586.801846387,0.02401386918683107
2019-08-13,662.2000122070312,668.7000122070312,645.0,649.4500122070312,646.7496337890625,7389394,6.476125869649245,-0.017325334084413058,669.6599914550782,755.7019995117188,26.03475129208215,-29.677448420235578,47.472238121774076,770.2972663538557,631.7927238805192,19.756869165036093,696.7297553351632,680.1165631910675,-0.0171761134921411,21.529596480947223,-0.0925043001555523,99342255,6.456612384463524,14.032349897948947,723.4983337402343,680.5833251953125,702.0408294677734,-58083156.597197495,0.03578980937804882
2019-08-14,652.7999877929688,669.4500122070312,652.0,663.2000122070312,660.4424438476562,7148518,6.497076622227344,0.02095075257809942,665.2199951171875,752.7129992675781,33.36516661724315,-28.666483093583793,47.60668249088544,761.4706378554296,630.8343548203517,18.765469307700528,693.5364464658172,678.2361261059318,0.021171760322666433,21.420339589450993,-0.10192163382928858,106490773,20.661159630283276,15.099855756084649,718.8025004069011,675.7074930826823,697.2549967447916,46167029.46760083,0.026731024101313873
2019-08-16,664.0,678.0,656.8499755859375,675.6500244140625,672.8406372070312,7040117,6.51567522661828,0.018598604390935414,665.375,749.77,39.23722323424424,-26.554569307257793,46.98249024662153,752.7537651005165,631.8562324580772,17.46304487987393,691.8329776989834,675.9575188679383,0.018772635672305693,21.40103136263753,-0.06427664331062657,113530890,33.52274411070568,20.21350537515082,714.7900024414063,671.1299926757813,692.9599975585937,73822038.21515243,0.031852446406720636
2019-08-19,678.7999877929688,689.0,676.3499755859375,685.0,682.1517944335938,9082914,6.529418838262226,0.013743611643945997,666.9450012207031,747.3159997558594,43.27974594628537,-23.851452826132686,45.52349698483561,745.8502532712154,633.2197418459722,16.334270461112066,691.1822179181279,674.9327693756887,0.013838489229754725,20.8259559500161,-0.03193278975927719,122613804,43.181811016720985,32.45523825256998,711.4083353678386,668.5233256022136,689.9658304850261,81224028.83783075,0.018635864233280904
2019-08-20,685.1500244140625,685.2000122070312,669.5,672.3499755859375,669.5543823242188,7602499,6.5107790019583405,-0.018639836303885104,666.7950012207032,744.6829992675781,39.45516152089771,-22.470933851716154,44.463111529700534,740.3802245963986,632.9997680793826,15.637399276190807,689.3886710293478,672.490631220663,-0.0184671889256387,20.459817111231466,-0.03540523648314101,115011305,34.37496176305257,37.02650563015974,708.146669514974,666.0416585286458,687.0941640218099,-37039855.692646906,0.0229147072138804
2019-08-21,674.0,674.1500244140625,659.6500244140625,664.7000122070312,661.9361572265625,7892687,6.499335829412259,-0.011443172546081293,667.0200012207031,741.6939990234375,37.30804919089594,-21.74350513729439,43.8743688563999,734.6181510104318,632.4868416653494,14.941253216431427,687.0373701891273,669.3826740298261,-0.011377948474288968,20.034115889000645,-0.039401940366919005,107118618,41.58606368196559,39.714278820579715,704.8225036621094,663.1174926757812,683.9699981689453,-52599129.57166193,0.021513353115727003
2019-08-22,665.0,669.8499755859375,657.75,661.1500244140625,658.4010009765625,9262172,6.493980779929493,-0.0053550494827661055,665.2350036621094,738.6209997558594,36.320286999112646,-21.208983032416768,43.402109633256316,727.8363550518741,632.5836400653134,14.003427666226791,684.5719086867401,666.6626553863048,-0.00534073676511837,19.467391581638992,-0.03523606675856069,97856446,39.19217683675224,38.38440076059013,701.3566691080729,659.7616617838542,680.5591654459636,-39453441.54813861,0.01819545200892857
2019-08-23,659.75,671.5499877929688,645.25,663.9000244140625,661.1395263671875,7775604,6.498131572498818,0.004150792569324935,665.6300048828125,735.6280004882813,37.696398199838015,-20.329126875804263,43.428487449876734,723.5294125217989,632.0505862574979,13.496632636462314,682.6031578036279,665.7936192925221,0.004159419040235424,19.955434168162547,-0.002655433375689512,105632050,45.19654524931802,41.99159525601195,698.6033355712891,656.7233306884766,677.6633331298829,1104126.8172871284,0.03986356618866048
2019-08-26,677.25,686.6500244140625,660.5499877929688,683.7000122070312,680.857177734375,8864341,6.527519242774116,0.029387670275298206,667.9900085449219,732.8990002441407,46.637755200376255,-17.82862371690169,42.23179756319265,716.7077195576127,634.9272780009811,12.100965379610386,682.7076201277615,665.8248899880697,0.029823749156273394,20.39433434337192,-0.002686138366855244,114496391,88.4279711668779,57.60556441764938,696.8325032552083,654.3324971516928,675.5825002034505,117377271.3342373,0.038538260053294575
2019-08-27,697.0,697.5499877929688,680.5,682.9500122070312,680.1102294921875,12015623,6.526421668322875,-0.0010975744512409236,670.2050109863281,730.5340002441407,46.366315174304006,-15.726193906172853,40.354932135916194,706.2793128486244,640.6656883720786,9.742584057564596,682.730705087692,668.2286888757079,-0.0010969723367109108,20.155452446914552,-0.049731897126625055,102480768,73.13710737026514,68.92054126215368,695.0441701253255,652.11916402181,673.5816670735678,33117945.611412443,0.02446196240024211
2019-08-28,685.0999755859375,689.3499755859375,673.5,678.2000122070312,675.3800048828125,5677087,6.5194422476907,-0.006979420632175604,673.0800109863281,728.5440002441406,44.59600551126507,-14.278692556956003,38.944028768565936,696.3789575734385,646.3610448679677,7.450126251474868,682.299210527629,668.4064815061132,-0.006955121041216206,19.84791838541619,-0.04687541031904117,96803681,64.39745303042214,75.32084385585506,692.1833353678386,650.6733317057291,671.4283335367838,-6938126.962862516,0.02313527390273467
2019-08-29,674.0,676.75,658.9000244140625,661.1500244140625,658.4010009765625,8753540,6.493980779929493,-0.025461467761206613,672.8750122070312,726.2520007324218,38.86051742532206,-14.342003146530487,38.26038614087274,688.0800887439857,650.0149185802331,5.689457019927346,680.285002326337,668.5317097264319,-0.025140058221886252,19.80878048595566,-0.04522706532778458,88050141,33.02671622850854,56.85375887639861,689.3958353678385,648.8008341471354,669.098334757487,-101811209.08446328,0.026483643302577894
2019-08-30,664.9000244140625,668.5999755859375,640.0999755859375,663.9000244140625,661.1395263671875,17115901,6.498131572498818,0.004150792569324935,671.7000122070312,724.1160009765625,40.19648054545042,-14.008790609626999,38.295711421438135,687.5478380015486,649.5271742054827,5.68713998077153,678.7245282394537,668.8054996172581,0.004159419040235424,20.42958187981597,0.03336354350770707,105166042,41.427404301251194,46.283857853393954,688.0625,648.3275024414063,668.1950012207031,-2557917.861487765,0.04286358693566809
2019-09-03,658.7999877929688,658.7999877929688,641.4500122070312,645.7000122070312,643.0151977539062,8461431,6.470335018537534,-0.02779655396128433,667.7700134277344,721.6020007324219,34.77990536685009,-15.039935144413107,38.32851346767743,688.8055160948677,645.9094985535698,6.427741813123547,675.5793362363659,667.6722828442065,-0.027413784512350325,20.573898331759917,0.03573561548623562,96704611,9.747668287541925,28.067262939100548,686.9125,647.2525024414062,667.0825012207031,-103518070.94646434,0.026335725421096728
2019-09-04,644.2000122070312,653.0,638.5999755859375,647.2999877929688,644.6084594726562,10786466,6.472809846693082,0.0024748281555480034,665.2650146484375,719.1270007324218,35.601465001916054,-15.548783264305484,38.45881102682512,688.9428526036892,643.1171632654515,6.880424123884148,672.8860649560423,666.6341948918847,0.002477893070605308,20.132907337638674,0.03156424862004504,107491077,14.758287371471583,21.97778665342156,685.3266652425131,646.2316701253255,665.7791676839192,-23000635.47645817,0.022353343901264408
2019-09-05,652.0,659.75,644.0499877929688,649.5999755859375,646.89892578125,8108303,6.476356751264243,0.0035469045711611358,663.7550109863281,716.8620007324218,36.8332726719475,-15.586784522738867,38.02912725171286,689.3619327939105,641.4130794131208,7.206154750571785,670.6683421588896,665.9385993185516,0.0035532022807704955,19.816271971166714,0.0011406960883227385,115599380,18.659877391319654,14.388611016777716,684.677500406901,645.9275004069011,665.3025004069011,4765786.788975205,0.02407977332366756
2019-09-06,653.0999755859375,672.75,653.0999755859375,671.0999755859375,668.3095703125,11101456,6.508918120785021,0.032561369520777816,664.7500061035156,714.6509997558594,47.03263257139596,-13.723830699315045,36.66135014335243,688.3080682424406,641.6769415231843,7.012278541015118,670.7094501043227,665.6897681021971,0.03309729188429711,20.05439714565927,0.0018383519635920566,126700836,55.13145592889897,29.516540230563397,683.9025024414062,646.0724975585938,664.9875,160709464.92965838,0.03008731457451551
2019-09-09,667.6500244140625,675.7999877929688,662.75,671.5499877929688,668.7576904296875,5607331,6.509588455177687,0.00067033439266595,665.5150024414063,712.31,47.22471412188255,-12.071956152204848,35.177104326693645,688.934538470474,642.2104688537448,7.020132195913176,670.7895013127652,664.6282729185647,0.0006705591169755554,19.554082191895663,0.04320140294395901,132308167,55.89483525688082,43.22872285903315,683.5658345540364,646.955830891927,665.2608327229817,55252066.57579596,0.01954615040180905
2019-09-11,674.5499877929688,683.5,671.0,681.7000122070312,678.865478515625,5966906,6.5245896962754895,0.015001241097802875,665.3150024414062,709.935,51.49711785739039,-9.83049174007408,33.267707089327516,690.8836558627055,642.4213551236227,7.269499527828558,671.8285975884096,664.6291955981159,0.015114324471094509,19.05021917818883,0.009921247182717466,138275073,73.11285444645422,61.379715210744656,684.2791697184246,648.5291636149088,666.4041666666666,58793516.57620934,0.018530872768819127
2019-09-12,680.0999755859375,681.6500244140625,660.5499877929688,662.9000244140625,660.1436767578125,8087081,6.496624186076524,-0.02796551019896576,663.3100036621094,707.0220007324219,44.33752534589493,-9.462044383683406,32.05544989978416,690.9043575713381,642.6106570770994,7.243068126528842,670.9782572860908,664.7709884480971,-0.02757809513909648,19.20020526646552,0.021916400806291574,130187992,41.22144833962667,56.74304601432056,684.6758382161458,648.4108296712241,666.543333943685,-81760177.19509655,0.03102490424722497
2019-09-13,663.5499877929688,675.4000244140625,657.0499877929688,674.25,671.4464721679688,12105997,6.513600962019839,0.01697677594331548,662.9150024414063,704.2980004882812,48.951843037757165,-8.160134078987085,31.10915109861714,690.9809267109986,645.0140867167358,6.881289156360931,671.2898518302726,665.2859191258119,0.0171217003589188,19.13947893465325,0.10652938013859099,142293989,60.47500768763259,58.26977015790448,685.1341725667319,649.4041615804036,667.2691670735677,64348454.53058956,0.027654339475052574
2019-09-16,666.5999755859375,674.4000244140625,664.9500122070312,670.9000244140625,668.1104125976562,7659588,6.5086201309588585,-0.004980831060980684,663.8900024414063,701.6640014648438,47.69508969375684,-7.314360421718675,30.23044506896205,691.2894151027913,645.4755995456462,6.854430667336678,671.2527254096811,665.8693941742098,-0.004968447290971456,18.447374168394536,0.10599059819075594,134634401,54.79226826058641,52.16290809594855,685.16083984375,650.2308288574219,667.695834350586,4343196.3113032915,0.01417643647335082
2019-09-17,667.0,668.2999877929688,638.0499877929688,640.4500122070312,637.7869873046875,17297040,6.462171073337229,-0.04644905762162921,661.5450012207032,698.3490014648437,38.11609531155173,-8.997423511066927,30.638143799203846,692.2704600658672,640.9745533618673,7.694895714947336,668.3191336760955,663.0489869712175,-0.04538681040237713,19.476135772158766,-0.005597590941656946,117337361,4.033654477415967,39.76697680854498,684.5541717529297,648.7141632080078,666.6341674804687,-349682320.6599041,0.04535232383808096
2019-09-18,645.5,654.5,641.5499877929688,648.4000244140625,645.7039794921875,9702162,6.474507827514301,0.012336754177071363,661.8150024414062,695.1400024414063,41.42384125155065,-9.579338934797988,31.016721191571225,690.1556159727111,639.4293998964295,7.630383235497316,666.42207565114,659.8800521844973,0.012413165829500139,19.088553773645195,-0.020206366825112773,127039523,20.175514783479812,26.333812507160726,682.8041717529297,646.9341644287109,664.8691680908203,-65139235.99690491,0.02006198637804996
2019-09-19,648.2000122070312,650.0,632.5999755859375,638.2000122070312,635.54638671875,9554331,6.458651732971425,-0.015856094542876065,660.9050048828125,691.7820031738281,38.57494073869278,-10.739765509110498,31.712752694917405,690.6827298111311,635.487289720119,8.324036779314563,663.7342600850344,657.716216350547,-0.015731048462326425,18.967944533675002,-0.012503164407183905,117485192,11.0020313065834,11.737066855826386,681.118339029948,645.0783304850261,663.098334757487,-86682607.2189797,0.026843603959243734
2019-09-20,641.0499877929688,689.4500122070312,622.6500244140625,680.3499755859375,677.5211181640625,38862975,6.522607335752304,0.06395560278087942,663.9800048828125,689.7310021972656,52.96922927683429,-8.164150897401441,29.711929932220706,692.4730860715471,635.2619297975936,8.617857567988123,665.3167091803584,658.7784637040978,0.06604506827435297,22.384519052195987,0.12691160254319608,156348167,86.37718819755293,39.18491142920538,683.6325042724609,642.3624969482422,662.9975006103516,1063154446.2905729,0.10420402318850404
2019-09-23,703.9000244140625,732.0,695.8499755859375,725.5,722.4833374023438,31417887,6.5868610723242424,0.06425373657193845,669.4200073242188,688.517001953125,62.977441738810136,-2.4514691156256276,29.06000965639348,706.2654326849284,627.9045807428059,11.746756583263133,671.0484511631814,668.929667452411,0.0663629397137524,24.47491229232931,0.21414274063759609,187766054,94.05578285210343,63.81166745207992,687.5783396402995,643.9033274332681,665.7408335367838,1300063725.489029,0.05135675971052047
2019-09-24,728.25,733.25,702.25,704.4000244140625,701.4710693359375,15683656,6.557346411281424,-0.029514661042818524,672.7050109863281,687.2200024414062,56.885133746709194,0.36902675344731506,28.4963747652871,711.4792947184701,626.7407187092642,12.66437135283239,674.2247914727891,673.4491985757338,-0.029083357113628527,24.940989985734358,0.14115358894043564,172082398,73.91502535774005,84.78266546913214,690.466673787435,646.3216603597004,668.3941670735677,212738069.36418158,0.042567799519395814
2019-09-25,702.0,703.4500122070312,683.6500244140625,694.9500122070312,692.0603637695312,17058681,6.543839918096104,-0.013506493185319712,674.0300109863281,685.7910021972656,54.34927147198925,1.820764403545354,27.060502750226437,713.0874634193187,626.2575500084156,12.966026309932296,676.1986220189074,676.6966995686478,-0.013415689777824813,24.6416335581819,0.11968099731633183,155023717,65.37070863708355,77.78050561564234,691.0041717529297,647.4891632080078,669.2466674804688,-36557139.335840836,0.0282051108161948
2019-09-26,686.5999755859375,719.6500244140625,686.5499877929688,699.9000244140625,696.9898071289062,15007372,6.550937502577709,0.007097584481604358,677.7300109863281,684.6730029296875,55.469088451674196,3.3322890131170197,26.316030835285883,715.5696196581443,625.4703949902932,13.437216441520011,678.4558984374935,679.5610408224703,0.0071228320312002324,25.245805205532747,0.13976571232651605,170031089,69.84630836557086,69.71068078679815,692.5583414713542,647.4383280436198,669.9983347574869,37338736.61835904,0.048208618989312536
2019-09-27,700.2000122070312,707.9500122070312,692.5,700.5999755859375,697.6868286132812,10245068,6.5519370759160225,0.0009995733383139083,680.3650085449219,683.6900024414062,55.63481336742147,4.534393697995142,25.624735485698228,718.4760428038549,624.8039681824732,13.946768187609845,680.5648581659167,681.3598477711907,0.0010000730782384615,24.546105705639782,0.14784166737954402,180276157,70.47917574928121,68.56539758397854,693.5383433024089,648.4583262125651,670.998334757487,17226943.774479054,0.022065141299173637
2019-09-30,704.0499877929688,712.4000244140625,682.0999755859375,685.0,682.1517944335938,20073726,6.529418838262226,-0.022518237653796902,681.7750061035156,682.1690026855468,51.0727981351939,4.180097108659652,24.459657435075396,719.7538866865639,625.911121858358,13.947418448470886,680.9872526263057,682.7338191267689,-0.022266594532622808,24.957101642960158,0.10726324238209745,160202431,56.374312250630496,65.56659878849418,695.5391794840496,649.2141550699869,672.3766672770182,-203024109.0877062,0.043036786241710666
2019-10-01,687.0999755859375,701.25,656.25,679.1500244140625,676.326171875,49442205,6.520842052216467,-0.008576786045758844,685.6450073242188,680.7000036621093,49.435733246564325,3.3882131573543575,23.170862140031407,720.4064865766379,626.783521968284,13.89899925244762,680.812278510854,682.0987808965903,-0.00854011034443436,26.388737239891576,0.06223512744407922,110760226,51.08500223501299,59.31283007830823,697.4316802978516,649.456655883789,673.4441680908203,-260498497.80584675,0.06549265259633491
2019-10-03,675.0,675.9000244140625,646.7000122070312,668.4000244140625,665.620849609375,17615854,6.5048868332473635,-0.015955218969103235,687.6450073242188,679.2600036621094,46.486927408051436,1.8716292848803278,22.336099141265596,719.8513237537413,629.6086860118837,13.374629420479234,679.6301590730643,681.3125328846797,-0.01582860872201919,26.821685451830124,0.10054737475123192,93144372,41.36528942038663,49.60820130201004,698.7750162760416,649.6149881998697,674.1950022379557,-213079786.2686156,0.04325927734375
2019-10-04,669.9000244140625,677.4000244140625,651.4000244140625,656.4000244140625,653.6707763671875,15317105,6.486770396409814,-0.018116436837549266,689.4650085449218,677.8030041503906,43.37651938651479,-0.2951715187374475,21.488684015369046,719.3644338182798,631.0055796094546,13.086613791806306,677.4177652960166,680.7682995110903,-0.01795332070868716,26.762993633842257,0.06333324988897941,77827267,30.515377441268825,40.98855636555614,700.1266835530598,649.8066579182943,674.9666707356771,-193563435.4228719,0.038811761535225
2019-10-07,660.9500122070312,681.9000244140625,651.7000122070312,673.4500122070312,670.6497802734375,21554138,6.512413772170937,0.02564337576112319,688.7750122070313,676.7230041503906,48.63523116882162,-0.6293307116627602,20.47699648034682,718.9899106648467,633.765106424997,12.600183058007374,677.0398840494465,680.1746895106917,0.025974995671562473,27.008494960498613,0.09579578039945934,99381405,45.93128300783082,39.27064995649542,701.7458516438803,649.9758260091146,675.8608388264973,180477381.38435194,0.04569182487218355
2019-10-09,671.9000244140625,689.5,664.2999877929688,686.2999877929688,683.4464111328125,11537721,6.531314832127861,0.018901059956923483,684.8550109863281,675.88900390625,52.23562354341796,0.1411047903270628,19.159919380174898,719.8882642220344,634.3867540885124,12.626905019659137,677.9217986916868,682.0779168135065,0.019080815729478617,26.879317620965228,0.0938200113859649,110919126,57.549708344600376,44.66545626456667,702.7425181070964,650.4174936930339,676.5800059000651,158998749.2396896,0.03750559799280732
2019-10-10,680.0,684.2999877929688,665.3499755859375,672.9500122070312,670.15185546875,8679981,6.511671050819306,-0.01964378130855504,681.710009765625,675.1020043945313,48.43701355439048,-0.3218410003293002,17.936919215729542,719.9260122836753,634.4890084682778,12.616074468513203,677.4482952169577,683.0025515223382,-0.019452099407533008,26.45579580568423,0.08226761416321121,102239145,45.479203342034246,49.653398231488474,703.2458526611329,650.3308258056641,676.7883392333985,-24252106.544371046,0.027867665010340072
2019-10-11,676.5499877929688,686.0,668.2999877929688,672.7000122070312,669.9028930664062,11042828,6.511299483177883,-0.0003715676414230984,679.485009765625,674.0930041503906,48.36608141712594,-0.7008231326061605,16.709305936070674,719.4668465759956,634.0481741759576,12.62175463004219,676.9960777874409,684.1569030798643,-0.00037149861871621503,25.83038269149473,0.05289917133082226,91196317,45.25316350913596,49.427358398590194,703.3525197347005,649.9174916585287,676.6350056966146,-9924506.848123683,0.026162164697943406
2019-10-14,677.7999877929688,693.9500122070312,673.3499755859375,683.5,680.657958984375,11099352,6.527226656164005,0.015927172986121896,677.8450073242187,673.1660046386719,51.65948461715881,-0.1282223794512447,15.892195294324555,720.102164518799,635.472853791748,12.486112473882043,677.6154989505417,687.1726183631762,0.016054686482813496,25.503212499245105,0.06989463283776591,102295669,42.518767167242,44.41704467280406,704.0891855875651,650.7041575113932,677.3966715494792,76607075.12386763,0.03039250072601941
2019-10-15,682.5999755859375,694.8499755859375,681.2999877929688,690.0499877929688,687.1807250976562,9260732,6.536764041043981,0.009537384879976685,676.7900085449219,672.5620043945313,53.59277600922385,0.8443638166701248,15.182383247062395,721.1874198878785,635.9675972019653,12.558598187059072,678.7997359831537,683.117841689496,0.009583010670034753,24.649410734511083,0.04780380142565043,111556401,50.086633968837155,45.95285488173837,704.8408487955728,651.9358256022135,678.3883371988932,65974146.07725926,0.019850554171698537
2019-10-16,693.4000244140625,695.4000244140625,683.5499877929688,693.4000244140625,690.516845703125,10404705,6.541607068460127,0.004843027416145951,677.6300109863281,672.2780053710937,54.5930120123757,1.8639785575741143,14.55509595458007,722.6291283451914,636.7758887446524,12.631002316635534,680.1902396432403,681.3940511721739,0.004854773828499637,23.735169726409847,0.06141481278557117,121961106,64.01645564430775,52.2072855934623,705.995849609375,652.8508239746094,679.4233367919921,45228810.54687125,0.017089755125271704
2019-10-17,690.5,712.4000244140625,690.5,710.2999877929688,707.3466186523438,10617761,6.5656873988180235,0.02408033035789625,680.7450073242187,673.0020056152343,59.35261173596516,3.989725321470587,14.883229758306593,724.0972560411177,642.2927586073198,11.97381370718603,683.0578347051191,681.5244993474449,0.02437260280339193,23.604087918385037,0.1298212561937469,132578867,87.18295400066766,67.09534787127085,708.3516845703125,656.0416564941406,682.1966705322266,134702784.89294308,0.031716183076122374
2019-10-18,709.8499755859375,715.7000122070312,705.25,709.5499877929688,706.599609375,9500635,6.564630949076641,-0.0010564497413829699,684.8600036621094,673.8070056152344,59.056757685717976,5.549900417726121,15.347808042151783,725.3981259614194,647.1068850249088,11.408518046902847,685.580896903962,681.3596820808659,-0.0010558918948181395,22.664511081859764,0.12337388395194172,123078232,91.08692113903986,80.76211026133842,711.3275177001954,659.2674896240235,685.2975036621094,40150610.7976477,0.014721437721266958
2019-10-22,712.4000244140625,723.0,703.2999877929688,712.75,709.786376953125,9704016,6.569130727792781,0.00449977871614049,690.4950012207031,674.5850061035156,59.973526989111896,6.964284724268055,16.12662986088624,723.9714393313701,655.9885704342549,9.852875216095791,688.1684305321561,681.8815370385813,0.0045099179227452435,22.45276116222916,0.13206793516091467,132782248,86.56618395823051,88.27868636597934,715.0800170898438,662.789990234375,688.9350036621094,34085516.70403361,0.02765302011778311
2019-10-23,718.0,730.0,710.0499877929688,714.8499755859375,711.8776245117188,16158781,6.572072696322466,0.0029419685296847575,694.6349975585938,675.6330053710938,60.5970519469904,8.160574928849883,17.16618650029147,727.0415399644206,656.3684698012045,10.21722694852981,690.7095300610877,683.5893332021441,0.0029463003660996634,22.273993379715023,0.02734844102790134,148941029,81.8126931162152,86.48859940449518,715.4450174967449,667.8399881998698,691.6425028483073,33983869.3003517,0.027785532321770542
2019-10-24,719.9500122070312,723.0,701.5499877929688,707.7000122070312,704.7573852539062,8986203,6.562020292330617,-0.010052403991848813,696.775,676.2070056152344,57.32282799326541,8.43447388023219,17.45179169579669,723.499099924334,658.1309110619942,9.462473794366161,692.3276712178442,686.3695197896061,-0.01000204745484623,22.21513758166618,-0.05071225793764732,139954826,73.22930244792776,80.53605984079115,714.3583506266276,668.2233225504558,691.2908365885417,-31506058.47682775,0.02979375212631153
2019-10-25,708.0,711.0,695.0,708.5999755859375,705.6536254882812,8226456,6.56329115797743,0.00127086564681278,700.3399963378906,677.1800048828125,57.6331331101136,8.624739665755328,17.223815858912737,724.1070845659417,657.942921537574,9.57478567869013,693.877414490996,689.7756168680199,0.0012716735387634515,21.77119918297574,0.014077863058130002,148181282,72.77349737766174,75.93849764726822,713.1866831461588,668.551655069987,690.8691691080728,-5566346.733486855,0.022598870056497175
2019-10-27,711.0,715.0499877929688,708.5499877929688,710.0999755859375,707.1473999023438,965647,6.565405770806886,0.0021146128294562416,704.0799926757812,678.1800048828125,58.17894053504009,8.795178789276292,17.236014892085183,725.8679626297766,657.6970398116297,9.854386703603241,695.4224203095619,692.8232002772494,0.0021168501999448974,20.680399241334616,0.004308466226948351,149146929,74.58489461495229,73.5292314801806,713.3825154622397,670.0774861653647,691.7300008138021,-889801.9111622854,0.009142053445850914
2019-10-29,706.5,742.9000244140625,704.25,738.4500122070312,735.3795166015625,10422117,6.604553411402932,0.03914764059604625,709.5749938964843,679.7330053710938,66.86697012955412,11.090025140278385,18.504428732677006,733.3250248265998,654.0949763941034,11.421206031740489,699.5202862045589,699.3038688607827,0.039924007316998855,21.963943896529464,0.04471257737334607,159569046,94.33840949911593,80.56560049724332,714.985014851888,671.1249867757163,693.0550008138022,196681665.10916173,0.05470633321169498
2019-10-30,745.0,749.9000244140625,735.5,747.4000244140625,744.2923583984375,10188947,6.616600549716706,0.012047138313773686,715.3099975585938,681.6920056152344,69.05273396461214,13.475560717945996,19.935415270564295,742.0334465736013,650.0665595299143,13.21268395093281,704.0802612721307,704.3347067854688,0.012119997371632607,21.42366393349611,0.06744657198638619,169757993,97.04317142964393,88.65549184790405,717.1283498128255,673.3733205159505,695.250835164388,126354688.38758354,0.019328891830956377
2019-10-31,748.0,750.0,732.0499877929688,736.3499755859375,733.2882690429688,8775411,6.601705516016657,-0.014895033700049076,719.6049926757812,683.1550048828125,63.4842929478116,14.309517053556647,20.98586444659106,747.4898449502685,649.7451587118409,13.991159108130258,707.1535673972551,708.5449093285813,-0.01478465141446561,21.175545953034334,0.11531615951267127,160982582,83.29250627347183,91.55802906741054,718.8258473714193,676.3058217366537,697.5658345540365,-22527583.895382307,0.02399734252276905
2019-11-01,736.0,750.0,728.0999755859375,748.2999877929688,745.1884765625,8484197,6.617803950773295,0.01609843475663819,723.4049926757813,684.6080041503906,66.61929009207859,15.753107554626695,21.638939213134453,754.5970153315168,649.5529846684833,14.961938633768968,711.0722741016089,713.4249099044072,0.016228712708956428,21.227294414536345,0.16570039763428837,169466779,97.78211133000062,92.70592967770546,720.8333475748698,680.6233194986978,700.7283335367838,60081643.84611117,0.029755467953889267
2019-11-04,754.9500122070312,754.9500122070312,735.5499877929688,742.5999755859375,739.51220703125,7851370,6.610157508866514,-0.007646441906780765,726.7099914550781,685.7600036621094,63.80540086371899,16.249901331774367,22.461346273374836,758.7487559226911,652.8212391944965,15.008468172972266,714.0749123382116,717.8555214425363,-0.0076172822397643225,21.096775128788213,0.12214402044989088,161615409,83.23145617486628,88.10202459277957,724.3783467610677,685.1483174641927,704.7633321126302,-9808055.279242236,0.025697097954006518
2019-11-05,741.7999877929688,745.5999755859375,730.5999755859375,738.0499877929688,734.981201171875,7306253,6.604011556443433,-0.006145952423080914,729.239990234375,687.07400390625,61.56980198801686,16.09098117560734,22.801494977856798,759.4550278230204,660.2799636320578,13.97092623452474,716.3582528577122,721.1275185896841,-0.006127104689679919,20.661291191017625,0.17372460406855242,154309156,76.33050611291671,85.78135787259453,727.645844523112,689.515815226237,708.5808298746745,-25431593.06797495,0.02022108418285172
2019-11-06,736.9500122070312,750.9000244140625,728.75,747.25,744.1429443359375,7821243,6.6163998011640475,0.012388244720614061,732.4799926757812,688.7250036621094,64.29401063891105,16.517002184577564,23.37122430669018,762.7378027746311,664.3771874597439,13.784539576412602,719.3003240141205,724.9777790690094,0.012465296875815435,20.767629278377974,0.1637635566493183,162130399,88.05273739546134,82.53823322774811,730.9075113932291,693.5824808756511,712.2449961344402,39493156.360113494,0.030056345813370983
2019-11-07,750.0,756.0,732.5,734.75,731.6948852539062,9871570,6.599530305299027,-0.016869495865020845,735.1849914550781,690.1970031738281,58.25195722497495,15.66540038608332,24.138440851149483,764.3169250465168,667.6430664085614,13.502312804105761,720.7717217270614,728.015509294268,-0.016728002676480447,20.962798615636693,0.0757446273382197,152258829,65.1639344262295,76.51572597820251,733.8750111897787,696.7199818929037,715.2974965413412,-69098697.87996216,0.03133333333333333
2019-11-08,735.9000244140625,735.9000244140625,722.7999877929688,725.5,722.4833374023438,7427196,6.5868610723242424,-0.012669232974784173,736.8749938964844,691.4290026855468,54.193355046631815,14.08177618058403,23.99054859528884,762.8415761377303,674.3734140966446,12.311054733246085,721.2220339435318,729.4064263074774,-0.012589316093909453,20.401172758883625,0.06187799160144421,144831633,50.0,67.73889060723027,736.2758463541667,699.7058146158854,717.9908304850261,-68833941.29332072,0.017801380875784378
2019-11-11,723.4000244140625,735.5,721.2000122070312,733.7000122070312,730.6492309570312,6355142,6.598100242357582,0.011239170033339185,739.2349975585937,692.4290026855468,57.05018696463746,13.33470091153049,23.71630881993823,760.9449147413388,682.3700754930362,10.88810686232021,722.4104128257699,730.7836178618497,0.011302566791221658,19.96537383274685,0.12094300740093648,151186775,63.44264296234631,59.53552579619193,738.829178873698,702.5991495768229,720.7141642252604,11796847.553837754,0.019767745798116906
2019-11-13,733.7000122070312,737.4000244140625,707.8499755859375,711.2000122070312,708.2428588867188,9290616,6.566953701363687,-0.03114654099389469,736.5099975585938,692.9940026855469,48.17235731542014,10.802551331371433,22.400459148197996,758.630433810562,687.4545576445162,9.843940928316705,721.3427556239853,731.5922096201887,-0.03066648442913078,20.649993475273863,0.08263794652411793,141896159,26.55739706070697,46.66668000768442,741.0375132242839,703.9124827067058,722.4749979654948,-135426957.48205408,0.04027538276745556
2019-11-14,711.0,721.7999877929688,707.25,715.9000244140625,712.9232177734375,8000528,6.573540526504754,0.00658682514106701,733.3599975585937,693.7480029296875,49.9253059521553,9.07049720580926,21.133856434824054,756.7744944165628,691.8955007006247,8.957042519637449,720.8244002706593,732.082471812146,0.006608565981946368,20.21427878368064,0.07649517957601915,149896687,34.26233510502049,41.42079170935792,742.4000142415365,705.1749837239583,723.7874989827475,-20073932.98555449,0.020464117852276722
2019-11-15,716.75,723.5,710.5999755859375,716.9000244140625,713.9191284179688,9315652,6.574936394913872,0.0013958684091184281,731.4150024414063,694.8630029296875,50.310393072800096,7.68987933300923,20.079131803905863,754.9456852325653,696.0743098846223,8.114481612389977,720.4506501890787,732.8264911772671,0.0013968430868800397,19.69183204299363,0.03640918658850144,159212339,24.444491621376812,28.421407929034753,743.7633463541667,706.4333170572917,725.0983317057292,-480876.32851816434,0.01799794128226369
2019-11-18,717.7999877929688,725.5,712.2000122070312,722.9500122070312,719.9440307617188,7907958,6.5833400803591635,0.008403685445291131,728.8800048828125,696.0440026855468,52.681290486852696,7.0031848197643285,19.24748203517371,754.7764175339627,697.508580024631,7.886583915086015,720.688684666979,732.1638487036569,0.008439095532063234,19.235271739420426,0.015505213820920648,167120297,36.135289288949274,31.614038671782186,744.1241780598959,707.6541524251303,725.8891652425131,31735074.13536699,0.018528821425397954
2019-11-19,725.0,750.2000122070312,725.0,747.7999877929688,744.690673828125,14424251,6.617135546219088,0.033795465859924434,729.4000061035156,698.0860021972657,60.92781652742554,8.367702158752536,19.96040420832353,757.1069825352815,699.0030150233122,7.980711293705854,723.2707135361209,733.5074671733412,0.03437302049428714,19.807752329461827,0.09034239118429686,181544548,83.17946213942308,47.91974768324972,746.4033447265625,708.4583190917969,727.4308319091797,249539881.50874537,0.034758637526939654
2019-11-20,748.0,753.8499755859375,741.25,748.75,745.63671875,8798051,6.618405149429659,0.001269603210571013,730.4700073242187,700.1150024414062,61.20616494737371,9.41719447038679,20.798710102712523,759.3484858185763,700.3615117400176,8.082012752836665,725.6973122469666,733.6508616494691,0.0012704094979127944,19.292911133495803,0.1025282639650377,190342599,85.12820512820512,68.14765218552581,747.795009358724,710.5599873860676,729.1774983723958,88752131.06830412,0.016844887146975268
2019-11-21,749.0,749.0,734.2999877929688,737.4000244140625,734.3339233398438,5529542,6.603130518908347,-0.015274630521312282,729.485009765625,701.8710034179687,56.06714887776771,9.226716668140625,20.94927142312486,759.8119318233676,702.1530706180388,7.887857932172309,726.8118562628804,733.5272136112811,-0.015158565056343942,18.96484692446262,0.1403449722090484,184813057,61.84620392628205,76.71795706463674,748.6291768391927,711.9191548665365,730.2741658528646,-12256067.444842633,0.019626184522071096
2019-11-22,737.4000244140625,740.0,727.5,732.0999755859375,729.0558471679688,4889776,6.595917083304608,-0.0072134356037389935,729.2200073242187,703.0910034179688,53.795704866591436,8.549538236580133,20.512235718636706,758.9796795548932,705.4253192244037,7.314146069582056,727.3154866746,732.8771874205036,-0.007187481221385128,18.50307214414386,0.1596048660254594,179923281,50.97430889423077,65.98290598290598,749.30417582194,713.489155069987,731.3966654459635,-21362723.52067671,0.016951450482975628
2019-11-25,731.9500122070312,756.7999877929688,730.0,754.75,751.6117553710938,6888402,6.626386568586948,0.030469485282340614,732.1450073242188,704.7550036621094,61.056751521189106,9.728394253583815,21.011687549819857,760.7012445831303,708.3187566375727,7.131623517995623,729.9282974674953,732.9504426884474,0.030938430773658432,19.095708976202783,0.16140938882137998,186811683,95.86278850050564,69.56110044033949,751.9600087483725,715.0649892171224,733.5124989827474,96894074.47569239,0.036614505561874906
2019-11-26,756.7999877929688,762.0,744.0,752.25,749.1221923828125,14624880,6.623068715510154,-0.0033178530767941083,734.0000061035156,706.1660034179688,59.93713607050281,10.34170430390202,21.720179843063047,761.3558660977362,711.8791375643732,6.7167462638853594,732.0541738991624,735.0311270112002,-0.003312355084465035,19.017444049331154,0.14465389024972944,172186803,82.1917808219178,76.34295940555141,754.6108428955079,716.5658233642578,735.5883331298828,7923224.8252308,0.02378435556334087
2019-11-27,755.0,763.75,748.4000244140625,752.9000244140625,749.76953125,8436862,6.623932449282776,0.0008637337726220551,738.1700073242188,707.9660034179688,60.14179339206895,10.756217495399483,22.46114233008978,763.0742428137354,711.6057620690771,6.980291395318451,734.0394929958195,735.9490253417828,0.0008641068980559385,18.755482016231607,0.07946242177441722,180623665,80.79650338772124,86.28369090338155,754.7700073242188,719.0549926757814,736.9125000000001,6297185.793794381,0.020331093491307947
2019-11-28,752.2999877929688,755.6500244140625,745.75,750.5999755859375,747.4789428710938,9235443,6.620872854174857,-0.0030595951079188666,741.6400024414063,709.4930029296875,58.99342566072697,10.774920887116537,22.89700107362023,763.5206321945964,711.4793678054036,7.056442629043085,735.616681813926,736.6527673449481,-0.0030549193166981015,18.122949330362385,0.03997268627730218,171388222,76.72562050608407,79.90463490524104,754.8650065104167,719.5999918619792,737.232499186198,-12062251.301645363,0.013159676425233392
2019-11-29,749.9000244140625,756.3499755859375,736.5,739.0499877929688,735.97705078125,12674173,6.605365561140889,-0.01550729303396814,743.8549987792969,710.8560021972656,53.47189677226482,9.745416872787928,22.463347846133445,763.6583820268464,711.6116191938567,7.0558965870551145,735.9436633357396,737.8909291957947,-0.015387674085590719,18.24630834861775,0.011407890800033826,158714049,56.28316423534292,71.26842937638274,755.185004679362,719.7299936930339,737.457499186198,-101611779.39119786,0.026470162607938785
2019-12-02,739.25,746.0,737.3499755859375,744.2999877929688,741.2052001953125,8285491,6.612444162965178,0.007078601824288988,745.9899963378906,712.9330017089844,55.510244230710846,9.246569945632473,22.06066984918143,763.1875228335472,711.682478387156,6.984350404274552,736.7395037602377,738.5760581615552,0.0071037143450582985,17.560859496149515,-0.0008023372405679264,166999540,65.575199633573,66.19466145833333,754.5433380126954,720.4133270263671,737.4783325195312,-4871374.630399294,0.011701081385272235
2019-12-03,744.9500122070312,744.9500122070312,730.6500244140625,733.4000244140625,730.3505859375,5408215,6.597691288926102,-0.014752874039076325,744.55,714.6330017089844,50.5579883945231,7.880848693895587,21.092365770030163,762.6706607223014,711.2793453812142,6.973277944065896,736.421458108221,739.9540433910936,-0.014644583578762749,17.32794008877946,-0.007672899303530021,161591325,46.283229051438056,56.047197640117986,753.8866709391275,720.2666636149088,737.0766672770181,-40923355.173634075,0.01919590248827944
2019-12-04,732.8499755859375,747.0,729.2999877929688,739.8499755859375,736.7736206054688,8016237,6.606447429949878,0.008756141023775754,743.6599975585938,716.6660009765625,53.21765959402478,7.235554944064575,20.343098351745677,762.7876850102385,711.342319872574,6.9797595825687395,736.7479835822893,741.4798177450446,0.008794588160844441,17.35451666865459,0.0015300873260870684,169607562,55.032900403073,55.630443029361345,754.0533386230469,720.163330078125,737.1083343505859,20828439.763573796,0.02415229964752269
2019-12-05,743.0,745.0,725.2999877929688,729.25,726.2177734375,8151690,6.592016608747831,-0.01443082120204675,742.8449951171875,717.6440014648438,48.59145492428308,5.801944353221188,19.28415484215444,761.6578331221099,710.6721717607027,6.9258469490289745,736.0338899077856,742.7811384018994,-0.014327195966374995,17.52205206425292,-0.05682703163702667,161455872,33.074668924158914,44.79693279288998,753.4750040690104,719.8299967447916,736.652500406901,-50662330.06822931,0.02651414832709455
2019-12-06,732.7999877929688,735.25,715.0,717.5999755859375,714.6162109375,7458610,6.575912276722759,-0.016104332025071777,741.3949951171875,717.4860009765625,44.05827255960873,3.6832794714872534,18.364798507894985,762.0558615590118,708.5591408823944,7.275421587268729,734.2782790199906,743.0094356553221,-0.015975350584933157,17.716905488234854,-0.04338129365640407,153997262,5.333283253205129,31.146950860145676,752.3891703287761,719.0691630045574,735.7291666666667,-74816102.41939023,0.027633734084778733
2019-12-09,713.4500122070312,733.9000244140625,710.0,732.0,728.9563598632812,8977174,6.595780513961311,0.019868237238552133,739.1199951171875,718.0380004882812,50.237909754253316,3.130102044794967,17.8842024074949,762.0522434150203,709.212759026386,7.182864310773758,734.0613000657057,741.9019041467234,0.020066924336646697,18.158556840079687,0.026015551412077426,162974436,40.93023255813954,26.44606157850119,752.7908365885417,718.390830485026,735.5908335367837,61242315.70639465,0.03349922770360415
2019-12-10,731.0,734.7999877929688,714.0,715.7000122070312,712.72412109375,7625748,6.573261101800624,-0.02251941216068687,735.4649963378906,718.4530004882813,44.275772291415315,1.3607463219382225,17.352590512078105,762.5439502752312,706.9210521661752,7.570496475471374,732.3126059839271,740.1051129788078,-0.022267742886569297,18.347230479571767,-0.038188070160340974,155348688,10.604673873546512,18.956063228297054,752.684169514974,717.6341634114584,735.1591664632163,-62452294.30603902,0.02845415566753591
2019-12-11,711.5,722.4000244140625,709.0499877929688,716.5499877929688,713.5704956054688,8266375,6.57444801146824,0.0011869096676155877,731.8299926757812,718.7859997558594,44.64469342934377,0.026796200379521906,17.240319268452392,761.9917696196292,708.0082303803708,7.3446992162256235,730.8114042514549,738.423824268985,0.0011876143236555503,17.99028806110905,0.009041143496654799,163615063,13.711148676921017,21.74868503620235,751.7333353678384,718.303330485026,735.0183329264322,-16133286.812543608,0.018763227858178144
2019-12-12,719.0,725.2999877929688,715.1500244140625,722.0999755859375,719.0974731445312,5519774,6.582163599647327,0.007715588179086907,728.9799926757812,719.2159997558593,47.10708569061262,-0.5758927170763855,16.836281926955447,761.5491199858741,709.0708751313134,7.1368871671541365,729.9817443785485,737.826176499222,0.007745430029331368,17.430264869523135,0.012265648541315148,169134837,23.857376381519853,16.05773297732912,751.8066670735677,718.8166646321614,735.3116658528645,15045356.609116321,0.014116777995697148
2019-12-13,725.5999755859375,754.8499755859375,725.0,752.0,748.8731689453125,14834140,6.62273632394984,0.04057272430251313,730.2749938964844,720.5559997558594,57.95758712150962,1.3436651238400827,17.07448702080933,762.8350812612052,711.2949114145761,6.992622102895489,732.078721104401,738.0330991632641,0.041407042549475914,18.5245316645572,0.08132061433920008,183968977,78.51920040615707,38.69590848819931,754.0016642252604,719.3166666666666,736.6591654459635,300709217.6441195,0.04113833598441484
2019-12-16,752.25,754.7000122070312,746.2000122070312,747.25,744.1429443359375,7286003,6.6163998011640475,-0.006336522785792553,730.5699951171875,721.9179992675781,55.99246891372518,2.4533624051980496,17.29567746510222,763.560278309109,712.999713145969,6.84842681038851,733.5236048087437,736.9302576567537,-0.006316489361702149,17.808493688517398,0.02251196508881324,176682974,69.83547291077376,57.404016566150226,755.2199981689453,721.0149993896484,738.1174987792969,77164063.04803985,0.011299435028248588
2019-12-17,747.5999755859375,756.5,741.3499755859375,745.6500244140625,742.5496215820312,9788065,6.614256353950777,-0.0021434472132702,731.7949951171875,723.4629992675781,55.312164225118934,3.1671914261280563,17.059977307646374,763.3078089503705,713.0371861668169,6.810145724721103,734.6785019140121,736.5527892036692,-0.0021411516707092737,17.618603026056334,-0.07007516515562538,166894909,77.13388241377581,75.16285191023555,755.0591654459635,721.8591654459635,738.4591654459634,15280910.993633728,0.02026488083040472
2019-12-18,745.7999877929688,748.5499877929688,737.5999755859375,741.8499755859375,738.765380859375,6678420,6.6091470334871,-0.0051093204636769585,731.9949951171875,725.1719982910156,53.64505503228335,3.3872280297283623,16.507000872094086,762.5587687018666,713.0962239739146,6.703808813503542,735.3614994065764,735.8003565010123,-0.00509629008744561,17.142275110411685,-0.08976157634750127,160216489,69.12535164344673,72.03156898933209,754.7125,721.6774963378906,738.1949981689453,-11825244.398606464,0.014682237042448077
2019-12-19,743.0999755859375,750.0,740.6500244140625,742.5499877929688,739.4624633789062,8400708,6.610090192037615,0.0009431585505144113,733.3249938964843,726.5539978027343,53.92057404563937,3.576861920520628,16.102337985984757,762.9002005340413,713.2697884796306,6.724213664250433,736.0461173481375,735.5278294047503,0.0009436034644043634,16.585682287234956,-0.09869455088955244,168617197,70.60061408168804,72.28661604630351,754.6533315022787,722.1533315022787,738.4033315022787,-21349.367732102983,0.012582392535492959
2019-12-20,744.7000122070312,747.0,737.2999877929688,739.8499755859375,736.7736206054688,7019925,6.606447429949878,-0.0036427620877370614,735.5499938964844,727.6249975585938,52.62141353169134,3.469287933309488,15.40892715856871,763.1433835568453,713.8016054568266,6.681599987413202,736.4083895612613,735.3772805710396,-0.0036361352789948675,16.09384871007755,-0.10922539224939895,161597272,64.91038960871909,68.21211844461796,754.9224985758464,722.7024973551431,738.8124979654947,-12643038.5842066,0.013025395525755122
2019-12-23,736.9000244140625,748.5999755859375,735.0,743.1500244140625,740.0599365234375,10250382,6.610897941447036,0.004450511497158693,736.6649963378907,729.0289978027344,54.077779449185826,3.6087220329425236,14.546101517841842,761.529153536386,714.2558379186921,6.40653156000508,737.0504500234329,735.9292003842983,0.004460429731732329,15.915714915496116,-0.12862373653590084,171847654,71.86517987036625,69.12539452025779,754.0158315022786,723.1158315022786,738.5658315022786,18336827.876553528,0.018455659024779327
2019-12-24,744.5,744.7000122070312,737.7999877929688,740.6500244140625,737.5704345703125,3642916,6.607528211991083,-0.003369729455953596,739.1599975585938,730.387998046875,52.754795196289194,3.4774100365530103,13.744906280024036,760.0641827130646,714.5608111834197,6.171517737456603,737.3932666320643,735.8968015935742,-0.0033640582895373417,15.271737022536572,-0.13360892587682707,168204738,66.59647732695669,67.79068226868067,752.8758331298828,723.0858306884766,737.9808319091796,40749.29218451027,0.009267997869795165
2019-12-26,737.5,740.6500244140625,733.9000244140625,736.5,733.4376220703125,7919368,6.601909235902685,-0.005618976088397787,741.1549987792969,731.447998046875,50.544232888290615,3.003845584282203,12.921053770037952,758.0908156828514,714.8941757722268,5.865183985066001,737.3081936194867,736.1694222488076,-0.005603219168656137,14.663041520926816,-0.1239229356337036,160285370,57.850379652723554,65.43734561668217,751.5458343505859,722.6158294677734,737.0808319091797,-21896797.265235372,0.009152542372881356
2019-12-27,739.0,762.0,736.2999877929688,760.1500244140625,756.9892578125,10736285,6.633515814344272,0.031606578441587097,744.9600036621093,732.8499987792969,60.660777791006936,4.485199079672952,13.593721634157864,760.1585066523636,713.7814896855269,6.2929314737457,739.483606076113,738.562117157517,0.03211137055541413,15.451396569934275,-0.06663730153322046,171021655,96.50618477913808,73.6510139196061,752.4433339436848,721.9333302815755,737.1883321126302,161976669.1558102,0.03477674182277571
2019-12-30,760.9000244140625,765.75,751.0499877929688,754.0999755859375,750.9644165039062,10034206,6.625524952833501,-0.007990861510770664,745.1700012207032,734.0639978027343,57.424650462875015,5.112065312511277,14.459412253631214,762.0795059597502,713.3654891574373,6.603298254225168,740.8756412675249,741.1360597017724,-0.007959019448547044,15.397726258298345,-0.046116539306867994,160987449,79.45322415183219,77.9365961945646,752.8358357747395,722.8408284505209,737.8383321126303,13520598.884293512,0.019319242653923055
2019-12-31,753.8499755859375,765.8499755859375,751.4000244140625,754.0999755859375,750.9644165039062,11660781,6.625524952833501,0.0,745.8549987792969,734.9399975585937,57.424650462875015,5.544942670860223,15.269880151879507,763.4572021831456,712.9677917133389,6.839414217251676,742.1351016788024,743.890019138581,0.0,15.330028037839535,-0.1187348587133521,172648230,79.31337583587558,85.09092825561528,753.8541656494141,723.279165649414,738.5666656494141,4506866.294764505,0.01916820539875143
2020-01-01,754.9000244140625,759.9500122070312,747.2000122070312,748.7000122070312,745.5869140625,4917748,6.618338385540942,-0.007186567292559509,746.1599975585938,735.722998046875,54.4194524319281,5.3901350590458605,15.542871471912397,764.5180496407213,713.43694303506,6.912403538511123,742.7603312529194,746.1664475091343,-0.007160805667326131,15.145740320850996,-0.1216701527147983,167730482,66.17360967317869,74.98006988696214,754.5574991861979,724.1374979654947,739.3474985758463,-16201483.972871467,0.016889653712617483
2020-01-02,750.0,759.0,747.5999755859375,756.9500122070312,753.8026123046875,5156046,6.629297217184489,0.010958831643547384,747.6700012207032,736.6069982910157,58.032974730117594,5.86554066165229,15.796363411942938,766.5503905224967,713.1146058153939,7.222686870251599,744.1117294390252,747.7113044295959,0.011019099593281068,14.878189184651816,-0.11306601639566234,172886528,78.21305092292383,74.56667881065935,755.0325002034505,725.2424977620442,740.1374989827474,22957758.342376176,0.015200032552083333
2020-01-03,753.1500244140625,756.25,740.5,742.9500122070312,739.86083984375,8489729,6.610628764132844,-0.018668453051644995,747.7100036621093,737.1689990234376,50.689110465446625,5.0543565535900825,15.225990798297405,766.8141676506125,714.2208299079812,7.102241044854255,744.0010897026448,748.1227883362086,-0.018495276800617688,14.990462257678919,-0.11869885049732427,164396799,28.32551368947099,57.570724761857825,755.5041666666667,726.1091654459635,740.8066660563152,-71584884.55254126,0.020912168212771715
2020-01-06,739.4500122070312,739.5999755859375,721.7000122070312,723.25,720.2427368164062,6356198,6.583754943856245,-0.02687382027659968,746.0500061035157,737.4799987792969,42.532749937722464,2.789702998808707,15.218170432536313,766.2123256496488,715.3876743503511,6.860779063080155,742.0247954452501,746.8988118142063,-0.02651593227451432,15.437572096416138,-0.11773855933052753,158040601,3.5107340399500657,36.68309955078162,755.6649983723958,726.5050008138021,741.0849995930989,-107339746.97771883,0.024207131088523962
2020-01-07,728.0,738.0,721.0499877929688,725.75,722.7322998046875,9103360,6.587205602904739,0.003450659048494842,744.3100036621094,737.8229992675781,43.76930481244358,1.1830404929393126,15.25854325414418,766.4722680367518,714.5027319632482,7.018286746704517,740.4748149266549,745.2790901368317,0.003456619426201124,15.545603532888647,-0.1885438451448601,167143961,10.49110153500735,14.109116421476125,755.4658304850261,727.0008341471354,741.2333323160807,-20607648.99257295,0.023282983800867102
2020-01-08,715.25,725.75,709.0999755859375,724.5,721.4874877929688,8973215,6.585481761760737,-0.0017238411440025914,742.6950012207031,738.1109997558593,43.26798560722671,-0.18893771528246361,16.10575101257016,765.4768352891168,716.3781634901801,6.626649954196946,738.9534039812592,743.4032659130992,-0.0017223561832586665,15.624490738686779,-0.10214227587996103,158170746,27.136606897026432,13.71281415732794,755.1724985758464,727.1224985758463,741.1474985758463,-14346895.497524317,0.02327860805880811
2020-01-09,733.5499877929688,745.0,731.0,742.8499755859375,739.7611694335938,7559853,6.610494107217961,0.025012345457223972,743.3299987792968,738.1989990234375,51.96571998137927,0.20211943573281133,15.173539700283596,764.0974654491786,720.3875321094151,5.888901997884714,739.3245060388476,743.0723814789654,0.02532777858652513,15.97274140020915,-0.07692401215938875,165730599,59.47136563876652,32.36635802360009,756.385829671224,728.2708333333333,742.3283315022786,87699780.1563428,0.01908527057865789
2020-01-10,743.0,751.7999877929688,734.7999877929688,740.0499877929688,736.9728393554688,8550490,6.606717734988324,-0.003776372229636671,741.3199951171875,738.0519982910156,50.688709387707824,0.2828390385336661,14.366018613439554,762.9953440485899,723.284654730707,5.343635028460036,739.3935995392401,743.1124358994618,-0.0037692507033606493,16.046117014479925,-0.10725106323332272,157180109,54.53746644410793,47.04847965996695,757.796664428711,728.9966644287109,743.3966644287109,13272414.96951336,0.02288021534320323
2020-01-13,740.0,746.75,735.3499755859375,737.4000244140625,734.3339233398438,6423758,6.603130518908347,-0.0035872160799774733,739.65,738.0729992675781,49.45015905098135,0.13146456561844388,13.616177604227229,761.9801988473453,722.8398023733578,5.272072903356544,739.2037352416041,743.0008268533385,-0.0035807897069347616,15.714253257307252,-0.21431124481312394,150756351,49.867927450440526,54.625586511104984,756.668333943685,729.7133290608724,743.1908315022786,-6924343.980132914,0.015405438397381756
2020-01-14,740.0,751.4000244140625,734.2000122070312,747.9000244140625,744.7902221679688,7237665,6.617269311841106,0.014138792932759436,739.0300048828125,738.065,54.22306871046011,0.8489749977719612,13.26722555736818,762.046873465273,722.8381301968362,5.28104778103866,740.0319532580288,743.159574510948,0.014239218405699638,15.820378896573251,-0.152840173752227,157994016,68.37013009361233,57.59184132938692,756.8591684977213,729.0341623942057,742.9466654459636,48355540.339955695,0.023243259739231418
2020-01-15,747.0499877929688,749.0,738.0,746.2999877929688,743.1968994140625,7911661,6.615127647780607,-0.0021416640604989823,738.7900024414063,738.1390002441407,53.395707655062814,1.273813868029606,12.94319865671335,762.1026733724041,722.847326627596,5.28709340311904,740.6289089280231,743.6787577673487,-0.002139372334353462,15.47606611824659,-0.10206601149779988,150082355,65.55068230313877,61.2629132823972,756.4816670735678,729.0716634114583,742.776665242513,7679215.224199101,0.014724583601825115
2020-01-16,746.5,750.4000244140625,735.0999755859375,737.2999877929688,734.2343139648438,6487613,6.6029948484392085,-0.012132799341398659,736.825,738.1240002441406,48.87796614686915,0.8741997194506439,12.368198783846069,762.0039313935059,722.4910698271973,5.323407830112884,740.3118688199227,742.6139401850529,-0.01205949369852688,15.463493454666477,-0.12213272282572965,143594742,49.69165146613436,61.20415462096181,756.6125030517578,728.7674957275391,742.6899993896484,-36365939.59193363,0.020495711759042197
2020-01-17,734.8499755859375,742.4500122070312,730.8499755859375,739.9000244140625,736.823486328125,7678864,6.60651507492794,0.003520226488731737,736.5200012207031,737.9770007324219,50.18914126623978,0.7585596500875909,11.530573374360197,761.8970691542087,722.3329357286037,5.331267161484011,740.2726455431741,740.9098680670314,0.0035264297628387897,15.187532252268426,-0.06319192811808205,151273606,54.273213794052865,56.50518252110866,756.3916727701824,728.3216593424479,742.356666056315,1188238.5416210797,0.015785584822050766
2020-01-20,742.9500122070312,746.2000122070312,725.0,727.2000122070312,724.17626953125,10677371,6.589201559649616,-0.017313515278324587,736.9150024414063,737.8260009765625,44.22279904644445,-0.3537924851603975,11.267608345929576,762.2958477112742,720.6691608336477,5.613980995879388,739.0276328444938,738.2983584782794,-0.017164497618564867,15.616995106180056,-0.09386851500663214,140596235,35.594933305486435,46.519932855224546,756.5375071207683,727.3174936930338,741.9275004069011,-90005748.51212728,0.028534910638272702
2020-01-21,726.3499755859375,729.5999755859375,716.0499877929688,717.5999755859375,714.6162109375,8242803,6.575912276722759,-0.013289282926856494,736.1,737.6680004882812,40.3208506971972,-1.9870765097849699,11.726143911319724,763.4469063519579,716.9630973101515,6.279856111052851,736.9869035817742,736.3779334888876,-0.01320137026945023,15.469351726664964,-0.1482582351903747,132353432,17.03405980219237,35.634068967243884,755.4766733805338,726.2616587320964,740.8691660563152,-82756056.61101672,0.01865490224879287
2020-01-22,717.0,722.75,706.5999755859375,712.5999755859375,709.636962890625,13321307,6.568920218911193,-0.006992057811566532,734.9099975585938,737.2459997558594,38.41947260477712,-3.642930642926217,12.788405005811617,764.9690039163331,712.6359948629638,7.083491067856906,734.6643390107422,733.0291883754219,-0.006967670248201108,15.517971204336217,-0.15634905591894285,119032125,12.08458620274234,21.571193103473707,754.5858388264974,724.4458241780599,739.5158315022786,-71989708.8703389,0.0225244413027371
2020-01-23,725.0499877929688,737.5499877929688,719.4000244140625,723.0,719.9937744140625,20643257,6.583409222158765,0.014489003247572185,732.925,737.4819995117188,44.30277774245249,-4.069105800898797,12.378665507077072,765.1783211119013,711.0766776673955,7.329579712074395,733.5534495811478,731.1199088743305,0.014594477645766268,16.191688418814433,-0.2043407436541414,139675382,36.2832300552152,21.800625353383293,754.6375030517578,723.3574920654297,738.9974975585938,119130348.23373143,0.02503270627471385
2020-01-24,723.4000244140625,741.7000122070312,720.4000244140625,737.4000244140625,734.3339233398438,9541490,6.603130518908347,0.019721296749581896,732.6600036621094,737.9119995117187,51.24796936045653,-3.207912244332192,11.657567902495327,762.0834019713417,711.8965968079552,6.809699616677236,733.9197900414254,731.4084922772681,0.019917046215853995,16.55656694553974,-0.22527022094523655,149216872,68.14168254435512,38.83649960077087,753.4350026448567,722.594994099935,738.0149983723959,131308575.37559928,0.029444272980528655
2020-01-27,732.4500122070312,748.4500122070312,731.0,740.25,737.172119140625,9170435,6.606987966981701,0.003857448073354419,732.9450012207031,738.3789990234375,52.51012897725282,-2.269282063593323,11.190595399146966,760.20013432712,712.3948668935831,6.492656486530099,734.5226671803372,732.21254180795,0.0038648976018167414,16.620384464217704,-0.19030414284424363,158387307,74.44693656261435,59.62394972072821,752.7191701253256,721.6041615804036,737.1616658528645,61193202.3668176,0.023824168088209276
2020-01-28,738.4000244140625,746.5,735.0,737.1500244140625,734.0849609375,7836737,6.602791432415359,-0.004196534566341725,731.8700012207031,738.6629992675781,50.96454868723908,-1.755318782820268,10.756978074609199,757.9271609340749,712.9728451694407,6.112491070514077,734.7728916787871,733.5000766404212,-0.004187741419706126,16.25464271677358,-0.1807275428367034,150550570,67.58858534859571,70.05906815185506,751.6933400472005,720.8733266194662,736.2833333333334,4201938.5399971455,0.015574214002939011
2020-01-29,740.0,745.5,733.5499877929688,735.25,732.19287109375,7985274,6.600210577434105,-0.00258085498125471,730.7650024414063,738.4119995117187,49.993266133969556,-1.4842062650135404,10.221333751311935,756.4179518337845,713.1370530490279,5.890340768593136,734.8183305665217,733.4278806334795,-0.0025775274382887625,15.947169108934844,-0.18861197815222852,142565296,63.384992647426195,68.47350485287875,750.96083984375,720.2208251953125,735.5908325195312,-8714164.188653296,0.016148665144636823
2020-01-30,735.75,736.4000244140625,727.2999877929688,730.9000244140625,727.8609619140625,6041343,6.594276684889085,-0.005933892545019859,730.1250061035156,738.055,47.74959392254952,-1.6018887406527256,9.818885418448717,752.6115116302079,714.3384944733076,5.218039742003257,734.4451585520018,732.7576473372388,-0.005916321776181621,15.458088216946194,-0.21327677156851674,136523953,54.241121301791274,61.73823309927105,749.696674601237,719.1866587320964,734.4416666666667,-20424517.767067377,0.012368381408214408
2020-01-31,734.7000122070312,737.25,725.2000122070312,729.2999877929688,726.267578125,8345819,6.592085153252176,-0.0021915316369085502,729.0650024414062,737.8929992675781,46.915543254573706,-1.803473217088026,9.627526945331608,751.4974134772445,714.0875901848648,5.10510454172259,733.9551422892367,732.2726097329677,-0.002189131984742243,15.214652472376375,-0.19558197725484855,128178134,50.66961487948294,56.098576276233466,748.7125071207681,718.5724924723307,733.6424997965495,-15710583.277702471,0.016401235324293394
2020-02-03,704.7000122070312,712.7999877929688,695.5499877929688,708.9500122070312,706.002197265625,11594991,6.563785019402032,-0.02830013385014407,727.2400024414062,737.43,37.858190922202866,-3.5642172471667664,11.367923126942097,753.1324262654948,711.0225786173178,5.7521024082484224,731.5737013290267,729.350871141976,-0.027903436070966126,16.538605867206634,-0.12631072231429397,116583143,24.43029255683165,43.113676246035276,747.5591756184896,717.4841573079427,732.5216664632162,-162542050.27201086,0.02447850106597158
2020-02-04,712.4500122070312,720.5999755859375,710.0,715.0,712.0270385742188,9653925,6.5722825426940075,0.008497523291975284,726.9800048828125,736.635,41.47559331401394,-4.420479586425586,12.259273590060447,753.7317791331499,709.3482257496627,6.067139628094659,729.9952535834051,727.485716421901,0.008533729725364703,16.18941711804232,-0.1068521864597986,126237068,35.46034497915236,36.853417471822304,746.5883402506511,717.1483256022136,731.8683329264323,-15243264.487846397,0.014878202546591082
2020-02-05,719.4500122070312,725.6500244140625,715.2000122070312,724.0499877929688,721.0394287109375,7975101,6.584860433915235,0.012577891221227766,728.1250061035156,736.0709997558594,46.49323666059381,-4.3190282096375086,12.643325554686664,753.738677871897,709.2963257902123,6.075364153344447,729.4290377938397,726.5202674428295,0.012657325584571666,15.793746210615192,-0.11887990527339114,134212169,53.87521143076032,37.921949655581436,746.3708404541015,717.5508270263672,731.9608337402344,43035289.63584645,0.014525001083778036
2020-02-06,727.4500122070312,745.0,723.0,736.9500122070312,733.8858032226562,9627252,6.6025200638470265,0.017659629931791265,729.5200073242188,735.7519995117187,52.71626483593001,-3.1612620414065304,11.92117973198197,752.9860054592784,709.4590018649403,5.952634577894707,730.1453210712865,726.4873680592704,0.01781648315937967,16.237050052714107,-0.13191192484625167,143839421,78.26087959811426,55.8654786693423,746.5391743977864,716.9191609700521,731.7291676839193,97139620.43883684,0.030242627851848645
2020-02-07,736.7000122070312,749.2000122070312,734.0,748.1500244140625,745.0391845703125,8438354,6.6176035252620045,0.015083461414977961,730.5950073242187,735.7030004882813,57.35378899271203,-1.3247062401928815,11.518882901859365,754.3148852688939,708.9401257174343,6.201893615368402,731.8600547229794,727.0548313278803,0.015197790924094345,16.162975920879617,-0.07495812793832439,152277775,98.04289410035472,76.72632837640975,746.5275095621745,717.087494913737,731.8075022379558,95386318.68444628,0.02063256679132464
2020-02-10,746.2999877929688,746.7999877929688,739.0,741.0999755859375,738.0184326171875,4713339,6.608135536014306,-0.00946798924769876,730.6800048828125,735.7440002441406,53.77826645772409,-0.4331099350446266,11.145321559602662,754.7441721513835,708.8808339521322,6.2670886337682035,732.7400471861182,727.9524432703981,-0.009423308959518484,15.662050813249822,-0.06507531367247853,147564436,84.90208213405658,87.06861861084185,746.4708404541016,717.3908294677734,731.9308349609375,9642592.832478188,0.01045154484865481
2020-02-11,743.0,757.0999755859375,742.0,749.9500122070312,746.8317260742188,7845657,6.620006553918495,0.01187101790418943,731.9600036621093,735.8570007324219,57.37096313407211,0.9763557317546656,11.4595813837637,755.1497092859141,708.6802955968984,6.349017786766277,734.3790914738242,730.7078091784637,0.011941758079396347,15.686190040874834,-0.08595811095572681,155410093,88.383485301482,90.44282051196443,746.6250040690104,717.7549967447916,732.1900004069009,49503765.45518641,0.02032298194608008
2020-02-12,752.0,760.7000122070312,751.0,755.25,752.1096801757812,6190440,6.627048820266781,0.007042266348285864,733.9600036621093,736.2940002441406,59.40590350245322,2.4923024372985765,11.967630585023922,756.9911334737716,707.733872629744,6.725803224328432,736.3667970477458,732.7795658712507,0.007067121417028144,15.333605037955204,-0.11310764803238471,161600533,91.63467357679934,88.30674700411264,747.1208384195963,718.3808298746745,732.7508341471355,38374092.77379912,0.012898952402967089
2020-02-13,751.0999755859375,753.4500122070312,742.2999877929688,747.7999877929688,744.690673828125,5031706,6.617135546219088,-0.009913274047693044,735.65,736.4530004882813,55.40238855891428,3.057304695072162,11.716705061844705,758.3483430295989,707.4266630739166,6.948089542207151,737.4556723568146,733.4326760319888,-0.009864299512785446,15.163348407174922,-0.08879648341078285,156568827,80.1995094705167,86.73922278293269,747.2591705322266,718.9341644287109,733.0966674804688,-12199483.15686188,0.014844927142174783
2020-02-14,748.0999755859375,752.5499877929688,732.0999755859375,736.5,733.4376220703125,6155000,6.601909235902685,-0.01522631031640298,736.3700012207031,736.5980004882813,49.90836104542483,2.5637056748565783,11.029323910844708,758.0337753796227,707.4012282824867,6.9102412554095825,737.3646559418798,733.2788434786373,-0.015110976166660794,15.540967250021803,-0.1331715143634171,150413827,62.854945297905786,78.22970944840728,747.8341684977214,718.624164835612,733.2291666666667,-50434110.96276906,0.02733593486754775
2020-02-17,737.4000244140625,743.0999755859375,730.2000122070312,738.4000244140625,735.3297729492188,4275465,6.604485716252107,0.002576480349421928,739.3150024414062,737.0140014648438,50.79197819861683,2.2993356758111076,10.524868948039853,758.5762964419627,707.9787084408498,6.900196423952873,737.4632624630401,732.9684840872998,0.002579802327308256,15.352324116370692,-0.08237617618696663,154689292,65.7713285704382,69.60859444628689,747.6408325195313,719.2608337402344,733.4508331298828,-11395711.733276539,0.01749384723597826
2020-02-18,737.75,737.75,724.7000122070312,733.6500244140625,730.5995483398438,5215502,6.598032108931009,-0.006453607321097898,741.1800048828125,737.047001953125,48.48914473418517,1.687087549199191,10.442627376470869,758.3353903069195,709.8246194587056,6.608376542820853,737.1000969345661,732.5149531375629,-0.006432827522953044,15.234301837132161,-0.03493594888517725,149473790,58.4804640731185,62.368912647154154,748.1633341471354,719.8333353678386,733.998334757487,-20314326.911092177,0.017688902464207047
2020-02-19,740.6500244140625,745.0999755859375,735.3499755859375,741.0499877929688,737.96875,4372673,6.608068082930309,0.010035973999300118,742.8800048828125,737.5540014648437,52.130374453996815,1.7784903685562767,9.780721954874279,757.8109678059467,713.1940431803815,6.066182547624216,737.4762770163187,732.9257345126109,0.010086503281746984,14.963991075328078,-0.010968194007252205,153846463,69.83880729011503,64.69686664455723,749.1691660563151,721.4791697184245,735.3241678873699,14800304.408257358,0.01316411216986504
2020-02-20,742.75,754.0,737.5999755859375,744.2999877929688,741.2052001953125,7529403,6.612444162965178,0.004376080034869112,743.6150024414062,738.1090014648438,53.67906659353923,2.089093826815315,9.64154825614846,758.4157818446876,714.7192279209374,5.932457464397946,738.1261542331425,734.0687213152858,0.004385669055442909,15.06656488523768,0.06313428185479943,161375866,74.82729352512324,67.71552162945225,750.0141682942709,722.4991658528645,736.2566670735677,21247141.302752454,0.022080140577667454
2020-02-24,737.9500122070312,738.4000244140625,723.0,725.4500122070312,722.43359375,6589087,6.586792168788534,-0.02565199417664399,741.3450012207031,738.1760021972656,44.655259619132366,0.8049350214243987,9.440270550095702,758.3418680573704,713.5981404875515,6.079558583919475,736.9189026116081,737.213955400433,-0.025325777099408864,15.511809378647042,-0.005994932578980341,154786779,30.473389520976465,58.379830112071566,749.5083363850912,722.5833302815755,736.0458333333333,-75720372.2881613,0.020868655273823665
2020-02-25,729.4000244140625,732.0,722.0499877929688,728.75,725.7199096679688,5419596,6.591330737664702,0.004538568876167659,740.1100036621094,737.7110021972657,46.35544665291579,0.05290153605369596,9.316159433996841,757.8881100798824,712.9018984650395,6.117285452509774,736.1409118866931,739.00876334706,0.0045488837789515735,15.114538152103057,0.00327026018834662,160206375,29.78019295157967,45.02695866589312,748.5183359781901,722.3433298746745,735.4308329264323,-13317057.000838924,0.013641365333136968
2020-02-26,725.2999877929688,735.75,722.0,729.4000244140625,726.3671264648438,7136975,6.592222311846012,0.0008915741813098066,738.0550048828125,737.3540026855469,46.702764457405365,-0.48504755519240916,8.904281097379522,757.6329572275928,712.382051317329,6.156522980680979,735.4989226035854,739.7710743380325,0.0008919717517152925,15.017071141238551,0.04218766579090522,167343350,19.121504082414784,26.458362184990296,748.1058359781902,721.7058298746745,734.9058329264323,-1346213.671910501,0.018957673006227638
2020-02-27,728.7000122070312,739.4500122070312,716.5499877929688,735.8499755859375,732.790283203125,8867328,6.601026260432079,0.008803948586066923,736.1150024414062,737.1580017089843,50.151537557284406,-0.38646401405117103,8.913922479134762,757.6657533700012,712.4092527335143,6.1570328654781745,735.5323562209522,739.3714132783539,0.008842817323808427,15.580139232154547,0.12554815499855906,176210678,43.714557464256785,30.872084832750403,748.2791697184246,720.7841623942057,734.5316660563151,37680483.85936317,0.03142585979202147
2020-02-28,718.9000244140625,724.7000122070312,691.0,697.2999877929688,694.400634765625,16428944,6.547215716720825,-0.05381054371125327,731.0650024414062,736.267001953125,35.40531215115972,-3.3800347500429098,10.37308760330967,761.3244165590395,705.3905858823668,7.627089186865686,731.89117827543,732.9721132437335,-0.052388379522976036,17.67084182885333,0.05732667226723064,159781734,9.038718349511587,23.958259965394376,748.1491678873697,718.1941630045574,733.1716654459635,-409663565.81445706,0.046877188847640326
2020-03-02,709.2999877929688,713.25,675.2999877929688,684.2000122070312,681.3551635742188,13854352,6.5282502903848245,-0.018965426336000846,725.8350036621093,735.1000024414062,31.96568365827055,-6.731918310737456,12.377558817878812,766.3417892921036,695.8632155907089,9.640040003425257,727.349162459392,726.9993395783677,-0.018786714205173527,19.11935399872318,0.02542810124602125,145927382,10.421571276034632,21.058282363267658,747.4608357747396,714.9158284505208,731.1883321126302,-257548970.57747528,0.05350347224044806
2020-03-03,689.9000244140625,695.7999877929688,675.0,687.1500244140625,684.2928466796875,11198145,6.532552644530312,0.004302354145487186,720.7100036621093,734.0460034179688,33.531697893265644,-9.045992282677958,14.25046825734482,769.0672395545176,690.9577665489979,10.699744549441197,723.5206731217415,721.1130771437881,0.004311622558315076,19.239399269740723,-0.0034813749997601767,157125527,14.177389362221879,11.212559662589356,746.6491689046225,713.7491628011068,730.1991658528646,-63826547.22842114,0.03014927823873371
2020-03-04,690.0,696.0,668.2999877929688,682.2000122070312,679.3634643554688,14802724,6.52532288787817,-0.007229756652141539,715.5650024414062,732.8270031738281,32.192663504002866,-11.150797738375445,16.251578773517707,772.2660778830292,684.4789294411895,12.052507199333267,719.5853720822454,714.3511614957985,-0.007203684830328183,19.843728765261478,0.0003401304871887253,142322803,16.219396072527132,13.60611890359454,745.8525044759115,711.2424947102865,728.5474995930989,-70124625.40768334,0.040144945227581524
2020-03-05,686.5,694.0,675.25,677.9000244140625,675.081298828125,10508008,6.518999820451173,-0.006323067426997397,709.2500061035156,731.5720031738281,31.0333253295761,-13.01580619298079,18.10975282424967,775.1680101903285,676.9620007959998,13.525787450343287,715.6153389709899,710.2280622508766,-0.006303118903586036,19.765605282028513,-0.0792670211896755,131814795,11.201908113971209,13.86623118290673,744.3050038655599,708.8649953206381,726.584999593099,-53497745.888173096,0.027312454479242534
2020-03-06,650.0,660.7999877929688,641.0499877929688,657.6500244140625,654.91552734375,12969235,6.488672912037972,-0.03032690841320118,700.585009765625,729.9950036621094,26.240721909552008,-15.944051492822837,20.912516271519696,779.2020677355498,664.9979444714814,15.815554950666597,710.094832822711,703.061795824627,-0.029871661411286943,20.985921806247458,-0.04037940905583009,118845560,14.696799315671417,14.039367834056577,740.1016703287761,704.8866617838542,722.4941660563152,-192917254.46272436,0.030384615384615385
2020-03-09,639.0,641.8499755859375,615.0999755859375,623.5499877929688,620.9572143554688,14336369,6.435428934790088,-0.053243977247883656,690.3950073242188,727.2630029296874,20.49953495643129,-20.7767930223838,24.051019266893935,785.956338763392,645.78366978153,19.580743451364405,701.8524666294023,694.1631845263454,-0.051851342439279025,22.526216593524424,-0.11137442139044008,104509191,6.0835210380105265,10.660742822551041,734.8316680908204,698.4616607666015,716.6466644287109,-390219556.76325023,0.0418622848200313
2020-03-11,613.6500244140625,634.4000244140625,612.0999755859375,619.3499755859375,616.7747192382812,11021433,6.428670501581362,-0.006758433208726267,679.4550048828125,724.5680029296875,19.921403974872902,-24.66140011735979,27.01915114407836,790.4036959928039,629.161312552118,22.71715384221284,693.9950865300248,687.3137361064895,-0.006735646362366232,22.51006175313875,-0.11681021347772311,93487758,5.10923097436868,8.629850442683532,729.5391713460286,691.7191579182943,710.6291646321614,-160933287.68040144,0.03634001131087378
2020-03-12,592.0,594.0,528.1500244140625,543.25,540.9911499023438,29369378,6.297569619136539,-0.13110088244482299,660.8400024414062,720.3510034179687,12.850017202992007,-33.49450743090745,30.73937237032814,805.7322949591761,593.1627123650427,30.39107030637456,679.6384116224033,663.1144866640527,-0.122870717018989,27.416482425905624,-0.1853820122567216,64118380,6.685843355423279,5.959531789267486,722.3491719563801,679.4541585286458,700.9016652425131,-1543650395.076247,0.11123306686813766
2020-03-13,516.9500122070312,585.6500244140625,451.1000061035156,568.7999877929688,566.4348754882812,25599305,6.343528857028005,0.04595923789146639,644.1350036621094,716.7530029296875,22.76293034301439,-37.995153651132,34.61103184803566,807.341860847846,572.9081452556698,33.96974672059436,669.0823712576952,642.4141250478497,0.04703173086602619,35.06887784623714,-0.07866007821775661,89717685,40.81844258647238,17.537838972088103,717.568339029948,662.1883249918619,689.8783320109048,-78508844.85309315,0.26027665177162523
2020-03-16,542.3499755859375,545.0,502.3500061035156,508.6000061035156,506.4852294921875,21542970,6.23166186498864,-0.11186699203936534,625.265005493164,711.7860028076171,17.664598393123384,-45.890585512277084,38.206144220192634,816.3410133524819,539.9889945820885,40.74996750845679,653.7983364811066,626.4753743258276,-0.10583681958756419,37.31038526360971,-0.13710476756890683,68174715,19.941043448203676,22.481776463366433,707.6833379109701,649.153326924642,678.418332417806,-890760547.9753231,0.07863924737971398
2020-03-17,515.1500244140625,531.2999877929688,477.45001220703125,488.3500061035156,486.3194580078125,20590414,6.191032374391726,-0.04062949059691334,605.6800048828125,706.6940026855468,16.338924349258377,-53.168880155484544,41.64643820254156,823.8782736396975,507.63673490522433,47.501010008150274,638.0413526356217,611.9393197629207,-0.039815178444725596,38.491784572347406,-0.16400681410471998,47584301,12.918328146879773,24.559271393851933,697.2858367919922,635.4158294677734,666.3508331298829,-574890771.6584411,0.10453260804401024
2020-03-18,490.0,506.04998779296875,392.1000061035156,473.45001220703125,471.4814147949219,36240904,6.160046336212656,-0.030986038179070086,584.3100036621094,701.6980029296875,15.421828753922853,-59.45393809098789,45.093397064623026,827.5563968554457,477.4636104687731,53.65324430611517,622.3659868805179,585.8861858686272,-0.030510891185134947,43.88165579499782,-0.09493916624641902,11343397,23.42018271888905,18.75985143799082,688.3366709391275,616.3616617838542,652.3491663614909,-551623089.4881978,0.23255098303970026
2020-03-19,441.04998779296875,464.95001220703125,423.75,428.25,426.4693298339844,33243997,6.05970713720423,-0.10033919900842658,558.9150024414063,695.7480029296875,13.032127502794822,-67.30629000465262,48.29414457941296,833.3275269702635,441.1524779125489,61.54275430845616,603.8787500347544,563.1888351062312,-0.0954694498714388,44.297252681571635,-0.175996875291054,-21900600,10.868909570985803,15.735806812251534,675.0916717529296,600.30166015625,637.6966659545899,-1185627076.6364062,0.09341347545024932
2020-03-20,431.3999938964844,449.70001220703125,414.20001220703125,428.1499938964844,426.3697509765625,30764236,6.0594735872166465,-0.00023354998758318146,533.9399993896484,689.8210028076172,13.027317610253746,-72.69937201928974,51.289739550555886,831.4989734974367,411.69103199572737,67.53721308034079,587.1426780215858,540.8309392481551,-0.00023352271690746385,43.6688774900308,-0.1839295546248135,-52664836,11.225280547440605,15.171457612438479,660.8883397420248,583.523328145345,622.2058339436849,-397260099.79213214,0.08229021905947992
2020-03-23,385.3500061035156,392.0,302.0,308.6499938964844,307.36663818359375,37622635,5.732207929065028,-0.32726565815161823,499.0399963378906,681.1370031738281,8.832390640218364,-85.62900183680557,54.27487138922879,842.1704631169188,357.45454298659695,80.81123978979406,560.6195652477666,509.02847388968274,-0.2791077933050071,49.56038580477748,-0.25225358572300954,-90287471,1.6878157097676079,7.927335276064663,644.0141723632812,559.2891632080078,601.6516677856446,-3129689954.930711,0.2335539083287922
2020-03-24,331.95001220703125,337.5,291.0,303.1499938964844,301.8895263671875,50681510,5.7142277123840906,-0.017980216680937744,466.9999969482422,672.3990032958984,8.693635117140275,-95.22197104612076,57.06154388653308,845.9030033494489,311.49200092301203,92.34721084049743,536.0986536905016,474.5566951402185,-0.017819537044425182,49.34178681872195,-0.2730720117594894,-140968981,2.999998492959105,5.30436491672243,624.6491704305013,536.8141637166341,580.7316670735677,-1229062188.310237,0.14008133239952641
2020-03-25,293.5,363.75,286.0,326.79998779296875,325.4411315917969,51993973,5.789348325632631,0.07512061324854002,437.7449981689453,664.1870025634765,14.885594608902622,-99.76607024633614,58.66468749701177,837.831917464774,279.3680855869839,99.9756230491019,516.1654474145461,446.55458830185574,0.07801416583422416,51.37094490309896,-0.24383400571481118,-88975008,9.999997008080577,4.895937070269087,607.9350031534831,513.3199976603189,560.6275004069009,410084033.2992366,0.26490630323679726
2020-03-26,335.95001220703125,399.0,332.0,341.3999938964844,339.9804382324219,62971564,5.8330547924824385,0.043706466849807946,417.55999755859375,656.057001953125,18.5574462420671,-101.02465380239164,58.954729222036455,822.1587633228745,256.2412366771256,104.9550309061107,499.521118508064,428.1284928856841,0.044675662940247385,52.85873542480841,-0.30646932790594217,-26003444,14.781215501822832,9.260403667620828,592.0183359781902,492.0783304850261,542.0483332316081,749618156.9316955,0.19943443240213618
2020-03-27,370.0,409.45001220703125,354.04998779296875,359.75,358.254150390625,71042591,5.885409345767477,0.05235455328503846,396.6549987792969,648.3260021972657,23.050637842729827,-99.39562728332396,58.887217235577054,798.5269262945121,242.2630761468941,106.89261980664237,486.2095834120579,414.5789718767916,0.05374928655997424,53.94382705950402,-0.38179787935085413,45039147,20.725026010909318,15.168746173604234,575.8333363850911,472.64333089192706,524.2383336385091,1118960704.6169415,0.14972979571368245
2020-03-30,345.0,382.0,340.3500061035156,368.1499938964844,366.6192321777344,61772544,5.9084904472358435,0.023081101468366505,382.60999755859376,640.943002319336,25.088064637081416,-96.3165257705648,58.94242030820773,777.1601289867936,230.7148740649643,108.4351240515422,474.9658129820033,403.1947313852287,0.02334953133143669,53.065696119288326,-0.30417991589292953,106811691,23.57921588399537,19.69515246557583,559.189168802897,455.2041651407877,507.1966669718424,718912896.5858555,0.12072461998980978
2020-03-31,384.3999938964844,389.79998779296875,372.6499938964844,379.0,377.4241027832031,34637148,5.937536205082426,0.02904575784658281,371.6749969482422,633.7250018310547,27.749131319282284,-91.94097252273156,58.72530090948246,753.8983428345309,223.4566589965237,108.54636909704982,465.826211745622,397.5657827070333,0.029471699805504903,50.82171738908804,-0.2968843630348131,141448839,30.194805194805195,24.833015696569955,542.6275009155273,440.72249908447264,491.675,490179810.3342012,0.0446149692216247
2020-04-01,376.25,379.79998779296875,354.0,358.6499938964844,357.15875244140625,27744593,5.882346965554416,-0.05518923952801025,360.1949951171875,626.3540014648438,25.891413505392237,-89.08843445336794,58.70365315460249,726.7444133815602,217.76058539773675,107.77790030579988,455.618952902847,387.75947235094407,-0.05369394750267975,49.03445098936523,-0.3191991337772818,113704246,24.24494843227349,26.006323170358012,526.7858337402344,424.3808319091797,475.58333282470704,-213008487.8149708,0.06857139612749169
2020-04-03,360.20001220703125,362.29998779296875,324.0,325.45001220703125,324.0968017578125,41317365,5.785208877526557,-0.09713808802785895,349.9149963378906,618.5110021972656,23.166522224493406,-88.48671872805801,58.95102003397638,697.2895165445485,211.54048223474834,106.89546669063266,443.2219109318169,377.6921335283497,-0.09256930783340678,48.267703618194055,-0.36261046350319953,72386881,15.23166494479971,23.22380619062612,510.06999918619795,406.60499979654946,458.3374994913737,-985493336.9092913,0.10632977927539648
2020-04-07,347.3999938964844,405.75,342.3500061035156,388.8500061035156,387.2331848144531,48093237,5.963193680837276,0.17798480331071875,345.98499755859376,612.0360028076171,36.83722072339436,-81.94934400306079,57.753988723676414,661.3742739948959,218.55072295334634,100.65029464496433,438.04363428150253,372.80553694139644,0.1948071639836142,50.555723916392246,-0.3023246223278348,120480118,41.92825569576474,27.134956357612637,497.1324986775717,389.20249989827477,443.16749928792314,1704242842.538354,0.18249854637411372
2020-04-08,383.75,427.70001220703125,373.5,391.3500061035156,389.7227478027344,64930598,5.969602315846901,0.006408635009624852,354.2549987792969,605.4030029296875,37.31088196558995,-75.69414336093405,56.00461082801472,624.912674618676,228.38232049851152,92.94097736169351,433.5966220740752,371.28258571172336,0.006429214249091375,50.81603022286646,-0.3220349826460896,185410716,47.87548827434285,35.01180297163575,486.07249959309894,374.69749959309894,430.38499959309894,676298610.8461181,0.14123781682614006
2020-04-09,405.0,423.0,398.6499938964844,420.1499938964844,418.4029846191406,44090546,6.0406117758472355,0.07100946000033481,365.9549987792969,599.058002319336,42.64671121070909,-67.63329889303753,54.380188496328856,592.9702462648384,239.9847494627008,84.75499843633801,432.31599081906654,369.4166179881482,0.0735913819951517,49.44702762812488,-0.2616448630115037,229501262,74.96506551856686,54.922936496224814,475.3075007120768,364.17250010172523,419.74000040690106,1071970994.6722574,0.06012347186053241
2020-04-13,417.95001220703125,427.8999938964844,402.0,418.95001220703125,417.2080078125,33431643,6.037751610196498,-0.002860165650737656,375.1700012207031,592.6320025634766,42.48445295887299,-60.64279764819702,52.71950503860588,556.5170312379735,256.39796815167495,73.83774768865956,431.0430404750632,368.28842102822176,-0.0028560792737957197,47.76509664729342,-0.23742662340170292,196069619,81.21563976359971,68.01873118550313,465.2041651407878,353.7091700236002,409.45666758219403,330578758.59186333,0.06196911865061708
2020-04-15,434.0,451.6499938964844,412.45001220703125,417.29998779296875,415.5648498535156,48315019,6.033805358345095,-0.003946251851402849,382.76000061035154,586.2350018310547,42.246433898240355,-54.60644907460676,50.45552071506198,536.689494919194,263.63050324975126,68.2374530923069,429.73417831486375,369.6493107554342,-0.003938475631902194,47.1533027217334,-0.25627944584842066,147754600,79.2635029464709,78.48140274287914,457.4716649373373,348.6416692097982,403.0566670735677,57045612.25335876,0.09032253845496112
2020-04-16,408.6000061035156,427.0,400.70001220703125,422.54998779296875,420.7930603027344,42344330,6.046307754101528,0.012502395756433415,389.0399993896484,579.9810015869141,43.334251182818335,-48.83601701182687,48.57576662933992,506.1558649205225,279.5391332484228,57.68567502662684,429.04996969373093,374.51860981651237,0.012580877434879456,45.663780226821636,-0.24108475809716756,190098930,82.43283599412604,80.97065956806553,446.1374964396159,348.1325037638347,397.13500010172527,167220359.08445293,0.06436609740604324
2020-04-17,450.0,485.8999938964844,432.3999938964844,478.79998779296875,476.80914306640625,47831797,6.171282948188765,0.12497519408723701,400.10499877929686,574.9390008544922,53.45089369097194,-39.271307936864446,45.2736068365052,499.18951031896097,283.52548601892966,55.10665448063836,433.78806665556306,385.6915794534004,0.1331203446337812,46.927082075156925,-0.1773490344491659,237930727,96.44822095032566,86.04818663030751,444.0324961344401,344.9425028483073,394.48749949137374,1849432507.1948175,0.11888888888888889
2020-04-20,482.0,483.45001220703125,451.25,455.95001220703125,454.05413818359375,42163627,6.122383181152415,-0.04889976703635046,407.8,569.4720013427734,49.5786856898345,-33.15284380308708,42.207315600301534,492.5488524343755,286.9261445138667,52.7592825236349,435.8987281366553,395.2512258352126,-0.047723425581660095,45.87514851314795,-0.19246495725888418,195767100,81.50093711022463,86.79399801822542,441.1758316040039,344.2508346557617,392.7133331298828,-25814395.97811079,0.06680500457890301
2020-04-21,436.0,439.95001220703125,412.95001220703125,420.6499938964844,418.9009094238281,33572119,6.041801119487098,-0.080582061665317,414.0,563.7060009765624,44.24593853792473,-30.797321013042108,40.17556890120567,483.6990273982176,290.49596771896995,49.9106971493669,434.4464677328295,400.49358246812244,-0.07742080790759653,45.66978076220881,-0.22597035886068953,162194981,59.69734252014886,79.21550019356637,435.1941660563151,346.96416727701825,391.0791666666667,-798669075.6086093,0.06192660550458716
2020-04-22,418.54998779296875,434.54998779296875,412.0,431.1499938964844,429.3572692871094,36619611,6.066456043241971,0.024654923754873437,424.5699981689453,558.0290008544922,46.10297250878201,-27.76325249077837,38.308124811485364,484.0990420141709,290.38595249266507,50.02371663633207,434.1325178436538,405.0793607570868,0.024961369671584688,44.01836697869167,-0.168596393103799,198814592,66.18282763184904,69.12703575407417,433.60749766031904,347.24250132242844,390.42499949137374,-9885748.202869803,0.053876450724262975
2020-04-23,434.6000061035156,439.8500061035156,426.04998779296875,430.04998779296875,428.2618713378906,29418000,6.063901452612344,-0.0025545906296278176,428.68999633789065,552.1490008544922,45.93037528254477,-25.157492711042778,36.42451008176876,484.3579368367621,290.31705705972223,50.09607417455081,433.7437054578743,410.92769398695594,-0.002551330439725663,41.859913502395614,-0.1751908788092612,169396592,65.50339208831286,63.794520746770246,432.58749796549483,348.3924997965495,390.4899988810222,-24868569.10310504,0.03175337808729783
2020-04-24,416.0,419.6499938964844,401.25,403.95001220703125,402.2703552246094,35773252,6.0012911381448815,-0.06261031446746212,429.9499969482422,545.4890008544921,41.92024581084277,-24.911297286925333,35.208168555903576,482.31887845289907,301.88611727464,46.0167334207975,430.9062108625559,412.595227798421,-0.060690562322495256,40.92706166600798,-0.16807741361299872,133623340,49.38234417609039,60.356187965417426,432.71083119710283,355.6758336385091,394.19333241780595,-630743525.5874282,0.04423075455885667
2020-04-27,415.0,429.5,409.1000061035156,427.29998779296875,425.52325439453125,35986805,6.057486314082155,0.05619517593727341,430.6649963378906,539.0720001220703,46.426727297349615,-22.57184359123812,33.78056878835216,479.8583033890094,316.7616917281781,40.947154894558935,430.5627610464048,415.47478948518676,0.05780412150097969,39.828699246505174,-0.11220651312240103,169610145,63.80481265429614,59.56351630623312,436.97666422526044,362.5516672770182,399.76416575113933,349946170.2481196,0.04915661179875753
2020-04-28,438.0,458.3999938964844,435.25,455.45001220703125,453.5562438964844,43938246,6.121285967992951,0.06379965391079612,434.31499633789065,533.3590008544921,51.32964254347971,-18.236123294164884,31.6362707777381,482.9401832172804,326.5448143413133,38.64070843750172,432.9329754426549,423.5494129952912,0.06587883271295913,39.20522116486306,-0.07917954295558764,213548391,78.78788973958757,63.99168218999136,440.45583089192706,371.4908345540365,405.9733327229818,941223855.1567626,0.052853867343571635
2020-04-29,430.75,448.8500061035156,425.95001220703125,439.1000061035156,437.27423095703125,61499689,6.08472719146773,-0.036558776525221326,436.4949981689453,527.1420007324218,48.55042180115078,-15.935646359767873,29.874212267714256,483.4723232065612,335.7826755727357,36.0546222736231,433.52031169607017,428.6000993906429,-0.03589857430080279,38.51199108165856,-0.01777202820260422,152048702,58.36299792322983,66.98523343903783,442.27583109537755,377.7208353678385,409.9983332316081,-356605575.29062086,0.05316307346833285
2020-04-30,451.0,461.8999938964844,440.3999938964844,444.8999938964844,443.05010986328125,40382553,6.097849524093148,0.013122332625417954,438.72999877929686,520.9350006103516,49.59307257984953,-13.488998494806651,27.871702843140493,485.5217883384537,342.24820983049165,34.61676041047343,434.60409095325247,433.5443459286713,0.013208808272258121,37.389705132466425,0.020173853770402764,192431255,53.00859598853868,63.38649455045202,444.3133295694987,383.1483362833659,413.7308329264323,37277017.86906874,0.04767184035476718
2020-05-04,424.0,424.0,399.70001220703125,402.79998779296875,401.1251525878906,37853978,5.998440130538967,-0.09940939355418088,431.1299987792969,514.0350006103515,42.81113810597374,-14.776793406643947,26.984675055294645,484.3638492933899,346.87114826520383,33.08154768074336,431.57512874751114,433.4200340638412,-0.0946280213105849,37.94758202939405,-0.03814694058100301,154577277,3.5962601443531317,38.3226180187072,445.7124959309896,386.2825032552083,415.997499593099,-1050009463.9385412,0.05731129196454894
2020-05-05,414.0,418.75,386.5,389.0,387.3825378417969,50981056,5.963579343618446,-0.03486078692052086,424.43499755859375,507.0850006103516,40.83964285404608,-16.718206755167557,26.44003173557575,483.93040841964006,348.30458913895365,32.59315450048414,427.5203545810815,431.3258870772831,-0.03426014948158751,37.54061188443733,-0.07769151160573687,103596221,2.5150906976951246,19.70664894352897,447.3474965413411,386.4075032552083,416.8774998982747,-819028454.9612846,0.07789855072463768
2020-05-06,385.0,394.45001220703125,368.04998779296875,388.8500061035156,387.2331848144531,67511628,5.963193680837276,-0.0003856627811700264,421.2549987792969,500.0940002441406,40.81764063782983,-18.060701549825353,26.308838451167297,481.484141286869,353.7708574924279,30.58066913244234,423.83746424988476,426.3626467055155,-0.0003855884228389783,36.74485563655342,-0.010310226711667389,36084593,17.649569141538112,7.920306661195447,448.35916544596347,387.3591684977213,417.85916697184246,-279760373.08157736,0.06857149198457792
2020-05-07,387.0,402.25,382.70001220703125,397.3500061035156,395.69781494140625,41339309,5.984817519746741,0.021623838909465398,417.875,493.36799987792966,42.70153901374026,-18.228631072137546,25.931101598417147,470.3027613219574,372.1422368469879,23.30372301772139,421.31484918832575,424.830628873154,0.021859328446910853,35.516650790583085,0.05605634862612109,77423902,24.86212710486471,15.008928981365974,450.2641657511393,391.13916880289713,420.70166727701826,141002626.63947418,0.050516764322916664
2020-05-08,403.5,409.45001220703125,379.6499938964844,382.04998779296875,380.4613952636719,33505509,5.9455514581421784,-0.03926606160456281,413.075,486.1879998779297,40.21976391754258,-19.372980379951343,25.340126205883923,470.93957765453064,370.82541868335994,23.7867241823356,417.5753385792441,419.5659542051823,-0.03850514175293862,35.10831989915193,-0.0010235966414547729,43918393,12.13171320464121,18.21446981701467,449.1541666666666,393.3891672770182,421.2716669718425,-294755725.256304,0.07385382480928594
2020-05-11,391.0,393.5,376.8500061035156,379.54998779296875,377.9718017578125,30141935,5.938986308300924,-0.006565149841254225,410.63499755859374,478.8929998779297,39.81259731595132,-20.248205844706263,24.859027141122112,471.9796375068894,368.6053569999466,24.595794876779024,413.95387659959886,414.47082432439635,-0.0065436463286965285,33.789868041818536,0.0010808697823703104,13776458,12.253595367181559,16.41581189222915,446.56583201090496,394.55583445231116,420.5608332316081,-148488466.75210136,0.042583104594589194
2020-05-12,376.29998779296875,391.79998779296875,370.0,386.8500061035156,385.2414855957031,38411107,5.958037036772937,0.0190507284720125,406.5899993896484,472.1209997558594,41.66953236087895,-20.120837373861434,24.583326488629467,472.3317580032854,364.9232377242536,25.65730173653926,411.37255559997186,411.8128363309567,0.019233351456537928,32.93344802404355,-0.014316826055297044,52187565,20.03198411069962,14.805764227507453,444.8858311971029,393.1308354695638,419.0083333333333,137438367.36821637,0.05793247010404524
2020-05-13,411.0,416.45001220703125,399.6000061035156,414.0,412.278564453125,48206058,6.025865973825314,0.06782893705237747,402.4449981689453,465.82599975585936,48.084817517609764,-17.625938490444526,23.442833834694376,472.121642884342,364.63835162249393,25.69035134744841,411.6227883999746,410.8002250510704,0.0701822242939798,32.69534502972012,0.014144800179850241,100393623,48.96111797408819,27.08223248398978,444.1199986775716,393.27000172932946,418.6950002034505,918342242.7717867,0.04099758176037865
2020-05-14,405.04998779296875,411.0,397.6499938964844,401.95001220703125,400.2786865234375,31604212,5.996327733143496,-0.029538240681818095,398.72999877929686,459.27699951171877,45.68333272642515,-16.431632824637347,22.440222030223076,471.8302433115162,363.39475363672597,25.965575760063093,410.7015716196943,409.37202482713377,-0.029106250707653936,31.527820820705518,0.04472197982805003,68789411,36.12149409630417,35.038198727030654,441.6475001017252,393.3825007120768,417.5150004069011,52227168.38633126,0.0329589100255427
2020-05-15,402.75,403.8999938964844,386.79998779296875,388.54998779296875,386.9344177246094,25435025,5.962421830238364,-0.033905902905131846,393.0949981689453,452.33099975585935,43.105200408502895,-16.377615998991303,21.82785699094895,471.51873913572797,360.3062578125142,26.73939391848635,408.59189696952996,408.7323530132705,-0.03333753951265106,30.49726262662053,-0.013747701936111665,43354386,21.84336565454104,35.64199257497779,440.004167175293,392.65916595458987,416.33166656494143,-209810914.51941627,0.0424581157132604
2020-05-18,389.0,389.0,352.29998779296875,358.79998779296875,357.30810546875,47864748,5.882765096162815,-0.07965673407554963,388.6949981689453,445.56099975585937,37.98044090560718,-18.52187499885281,22.146924955065913,462.9167861611733,356.90821078706887,25.861269360830935,403.84981038128603,404.5762938064911,-0.0765667248350339,30.940316168078436,-0.09506393004685071,-4510362,5.9306566040341675,21.29850545162645,434.2141677856445,388.5491653442383,411.3816665649414,-1019254473.5064721,0.09434450438825515
2020-05-19,368.79998779296875,372.5,350.1000061035156,354.5,353.0259704589844,42889678,5.870708345972182,-0.01205675019063257,385.2449981689453,438.96699951171877,37.29035169688392,-20.333793469421494,22.49485520526658,458.6614798828574,351.0185158446817,26.589014081162514,399.1498284402112,397.9902747562211,-0.011984358805078532,30.33029314867886,-0.0902864184576177,-47400040,3.9355942548332696,10.569872171136153,428.4983332316081,383.8133326212565,406.15583292643225,-462701552.3983976,0.060737512575675404
2020-05-20,353.0,366.29998779296875,350.0,362.5,360.99273681640625,30720803,5.893024474294729,0.022316128322547257,382.60999755859376,432.4739990234375,39.49306432106328,-20.88348693246627,22.820435920434115,458.24840709119627,345.61658924669433,28.022570545454904,395.6593685887625,391.5724715060299,0.02256699576868826,29.328128480413852,-0.052557928716481996,-16679237,11.170688723686087,7.0123131941845,424.7174987792969,381.1024993896484,402.90999908447264,9610431.867200762,0.04617560281294263
2020-05-21,363.0,369.0,355.70001220703125,357.20001220703125,355.7147521972656,24794914,5.878295883176563,-0.014728591118166712,378.5949981689453,425.9739990234375,38.52753760661928,-21.498961043037752,22.997830356443938,456.0818853323023,340.38811283664296,29.051633523330445,391.99657274288336,385.9691347332379,-0.01462065598060347,28.183261288453487,-0.10943230767009311,-41474151,9.729746225717905,8.278676401412413,420.99166615804035,378.3016667683919,399.6466664632161,-84405017.06273971,0.036639084829115015
2020-05-22,352.1000061035156,359.75,332.8500061035156,336.95001220703125,335.5489501953125,48367892,5.819934587620245,-0.05836129555631775,374.0850006103516,419.1549987792969,35.00608500987525,-23.351552314362493,23.757332111517094,455.2915666119676,331.8684339983839,31.359096630388567,386.75404316804025,380.74468458939674,-0.056690927513919576,28.091599331884265,-0.13290968627134153,-89842043,4.772999295502192,8.55781141496872,417.2066655476889,373.20666859944663,395.2066670735677,-681101547.6875799,0.07639873169606226
2020-05-26,342.0,347.70001220703125,336.3500061035156,341.29998779296875,339.880859375,30692834,5.832761820146381,0.012827232526135823,370.26000061035154,412.827998046875,36.351891355346325,-24.189891556387067,24.462583741227885,455.9776423220171,324.9173558469282,33.56668611846691,382.42508551327154,376.9038130188011,0.012909854365177331,26.895771244143646,-0.10744809812040677,-59149209,10.10763286188059,8.203459461033555,413.5291661580403,370.234167989095,391.88166707356766,-138025130.1870384,0.033187152349460895
2020-05-27,346.1000061035156,392.45001220703125,341.5,387.0,385.390869140625,72430787,5.958424693029782,0.12566287288340128,370.275,408.0969982910156,48.43275501664845,-20.925456751641548,23.188956821200502,451.74691075389876,325.1180886357497,32.59995551804656,382.8607916548647,375.6224851781008,0.1338998354572245,28.628217899137848,-0.06899974343734801,13281578,64.77271524290859,26.55111580009712,412.64083404541014,366.2908340454102,389.46583404541013,2160716856.647574,0.14721182117457846
2020-05-28,390.0,407.6499938964844,387.0,390.95001220703125,389.3244323730469,72693713,5.968579705794544,0.010155012764761828,367.9700012207031,403.5289990234375,49.328011009936986,-17.814283702899502,21.583068582008423,440.61607597090705,329.79892341874137,28.768171087000947,383.6311936122139,376.7636429950686,0.010206749888969746,28.05834475609117,-0.15521560678951513,85975291,69.49760988243797,48.12598599574238,409.7908340454102,363.69083404541016,386.74083404541017,911666321.3654757,0.05294870229867788
2020-05-29,382.0,389.25,375.3500061035156,384.95001220703125,383.3493957519531,51056390,5.953113487434751,-0.01546621835979245,366.27000122070314,400.3629992675781,47.96580576538468,-15.652375659550046,20.37760042171069,432.0975898316811,332.9024101683189,25.933380304146976,383.7567953831489,376.54767477163426,-0.015347230624519481,27.168463423764344,-0.1451615376509329,34918901,62.32057691359985,65.53030067964879,406.60166727701824,361.40166727701825,384.00166727701827,99663213.7884919,0.03638741857718423
2020-06-01,394.29998779296875,409.5,392.54998779296875,396.95001220703125,395.29949951171875,44252980,5.983810358923185,0.030696871488433253,367.11000366210936,396.9259997558594,50.8869977850428,-12.822933452828408,19.26959613478842,421.3328008486091,338.8722009824456,21.694306053642435,385.01329222351865,377.89248568153783,0.031172878606239074,26.981429450136087,-0.14198935209743546,79171881,76.6746428512761,69.49760988243797,403.9041681925456,359.1591669718424,381.531667582194,387244911.2628306,0.04298760520360713
2020-06-02,398.0,415.0,391.54998779296875,410.1000061035156,408.394775390625,37508638,6.016401047281007,0.032590688357822195,372.24000549316406,394.95599975585935,53.93866242589403,-9.411001345246234,18.41770651957998,422.61414595948906,338.3208577026203,22.155187460478277,387.40250306923264,379.28224042551926,0.033127581539475814,26.729185361342882,-0.08456784154285608,116680519,92.40429947379084,77.13317307955559,403.69750264485674,359.0374989827474,381.3675008138021,457907210.9312382,0.05891962866088254
2020-06-03,422.0,432.0,405.25,409.54998779296875,407.84710693359375,49055899,6.0150589661556495,-0.001342081125357275,377.74500427246096,393.37999938964845,53.78811859738913,-6.674463390058861,18.1546354701101,425.38935261413826,337.60064982726794,23.01175703638713,389.5117873286361,379.7745768547551,-0.0013411809372371186,26.73067212124696,-0.07348012109319448,67624620,77.35752537668358,82.14548923391683,404.2983357747396,360.18833211263023,382.2433339436849,134647975.18352067,0.06338862559241706
2020-06-04,407.6000061035156,413.8999938964844,391.54998779296875,394.3500061035156,392.7102966308594,45553578,5.977238855321407,-0.03782011083424219,380.9300048828125,391.7979992675781,49.662913213955825,-5.666924062617113,17.379702824214924,425.9134332915396,337.62656914986667,23.125668297502994,389.9725700691008,380.04318211221414,-0.037113861903316336,26.417767405694722,-0.1616326887711453,22071042,62.02723528577105,77.26302004541515,404.9033345540364,361.1983327229818,383.0508336385091,-416726375.93154293,0.054833183927478976
2020-06-05,399.0,409.8999938964844,390.5,405.29998779296875,403.61474609375,39002875,6.004627503515755,0.027388648194347276,385.74000244140626,391.3389990234375,52.489755007426396,-3.9394582546352126,16.61937784543249,427.00270205661707,337.3322985537345,23.463639223973047,391.4323241380406,380.86091465139924,0.027767165005644134,25.91649786932255,-0.16221053532887822,61073917,73.07109041791078,70.81861702678846,405.2858342488606,361.59583180745443,383.44083302815756,145811719.41350505,0.04862153858768014
2020-06-08,415.0,444.75,414.0,430.25,428.4610290527344,60387580,6.064366435091649,0.05973893157589405,395.07000122070315,391.3809991455078,58.243837198247014,-0.5508221520413485,16.977060378169888,434.06836368702625,335.0866381440285,25.737783751613474,395.12924564870343,386.44302500957355,0.061559370733995644,26.88317746487317,-0.12099014620452332,121461497,87.04200108052414,74.04677559473532,407.29750010172523,363.5124994913737,385.40499979654953,1053051145.2398858,0.07409638554216867
2020-06-09,434.95001220703125,442.5,416.5,420.04998779296875,418.3034362792969,46273705,6.040373722749956,-0.02399271234169298,402.94500122070315,393.6089990234375,55.29539661069823,1.296693161419057,17.309194158568904,438.36684467918286,334.8381571518718,26.779104450214632,397.502649662443,391.0727285604894,-0.023707175379503176,26.820093360239373,-0.13374871661295148,75187792,77.92670817312059,79.3465998905185,409.9175003051758,365.19749908447267,387.55749969482423,36355477.83692002,0.05977698418278075
2020-06-10,422.20001220703125,432.70001220703125,415.29998779296875,427.45001220703125,425.67266845703125,36163051,6.057837351030042,0.017463628280085963,406.99000244140626,396.0949993896484,56.996246212987465,3.319714876945227,17.562558568302567,443.375128708833,333.8898737325733,28.171924538571574,400.35477942859427,394.4137943182704,0.01761700899681906,26.14723129265531,-0.14157703170976702,111350843,84.53977771529416,83.16949565631296,411.81083577473964,367.5308308919271,389.67083333333335,190523466.1369649,0.04121275203926373
2020-06-11,426.5,435.54998779296875,408.70001220703125,413.45001220703125,411.73089599609375,45562670,6.0245366176929815,-0.03330073333706007,409.24000244140626,397.8279998779297,52.89594629955675,3.7500627751273896,17.485575215769117,443.2971585894621,333.91284507264726,28.147942770013408,401.60194445511206,397.3127936704125,-0.032752367762757806,26.197427313604038,-0.21411786141876515,65788173,72.02860634476575,78.1650307443935,412.77166748046875,367.4916656494141,390.1316665649414,-361743764.6210117,0.06295422177242087
2020-06-12,390.0,412.5,389.1499938964844,408.0,406.30352783203125,47813512,6.0112671744041615,-0.01326944328882007,411.5450012207031,399.16,51.3473385407237,3.6097353651634876,16.553359850896253,443.9573088295491,333.85769361185714,28.309974704039192,402.2112830784347,401.5878619072553,-0.013181792347613297,26.061898099099956,-0.16503733892103314,17974661,66.09778406897874,74.22205604301288,413.2558339436849,366.9758321126302,390.11583302815757,-294304070.91436064,0.059871810521834934
2020-06-15,405.95001220703125,405.95001220703125,383.6499938964844,389.6000061035156,387.98004150390625,39577100,5.9651205874344875,-0.046146586969674,410.81000061035155,399.75700012207034,46.40750672006301,1.990849871424814,15.461037373475056,444.01034856401213,333.9096557084488,28.30643054578177,401.0102090808233,403.76777689507315,-0.04509802425608911,25.93962009941536,-0.16053891965084457,-21602439,46.585962327860166,61.57078424720155,413.51500193277997,366.7149988810221,390.115000406901,-583580289.2651547,0.05493291696016515
2020-06-16,404.8999938964844,405.0,360.3999938964844,381.54998779296875,379.9635009765625,96186227,5.944241871742374,-0.020878715692113303,407.9549987792969,400.025,44.39520027767095,0.057637840202175994,15.145655105098921,443.5242874250264,336.6707168474345,27.391503404263357,399.1568546724562,403.93393362560175,-0.020662264333763947,27.27250481399395,-0.1254633385350045,-117788666,25.074086978166637,45.91927779166851,414.6908350626628,367.1008326212565,390.89583384195964,-710727355.469997,0.11015067121714489
2020-06-17,377.45001220703125,397.75,375.29998779296875,389.6000061035156,387.98004150390625,56949066,5.9651205874344875,0.020878715692113303,405.9600006103516,400.2370001220703,46.875943397193005,-0.8154771092329725,14.852800141606796,442.73191233188334,340.9730925509292,25.968653803906772,398.24667861827135,403.5051555971992,0.02109820093852255,26.928041056353756,-0.08094749261589997,-60839600,34.617676460149326,35.42590858872538,416.1191691080729,368.524164835612,392.3216669718425,68718230.88902926,0.059478106983653835
2020-06-18,386.0,408.04998779296875,384.0,405.3999938964844,403.7143249511719,43773580,6.00487421896236,0.03975363152787281,407.06499938964845,401.1720001220703,51.45386875107338,-0.22985045525740588,14.114692002926095,443.3402146789205,344.65478959354044,25.047220997674785,398.9279467400059,404.7360322428956,0.04055438281684909,26.722465823254826,-0.06193459185963054,-17066020,53.349136625758284,37.680300021358086,418.48416900634766,370.1141647338867,394.2991668701172,483987430.0660371,0.062305667857431996
2020-06-19,407.5,422.29998779296875,407.5,417.04998779296875,415.31591796875,52085319,6.033206089417674,0.028331870455313712,408.23999938964846,403.0039996337891,54.56301138663945,1.1609374671524506,13.384794811032222,444.25897013706964,349.721031693985,23.81368251720795,400.6538554117167,405.872781214103,0.028737035204443373,26.020860685628367,-0.026455367262391425,35019299,67.16062809404262,51.709147059983415,421.3083348592122,372.78833058675133,397.0483327229818,565858242.3196402,0.03631898844900307
2020-06-22,420.0,435.8999938964844,418.1000061035156,430.1499938964844,428.3614196777344,40454004,6.064133970878085,0.03092788146041059,408.22999877929686,403.82999938964844,57.833300251467456,3.2823707996097937,13.231685041553783,442.2264717967712,361.07352820322876,20.2048907241485,403.46301145788505,407.17388985331564,0.031411117340731654,25.508656786906027,0.020922909180707095,75473303,82.69116176992533,67.73364216324208,425.09666748046874,377.4866638183594,401.2916656494141,541917880.3143104,0.04238092331659226
2020-06-23,430.5,445.0,430.3999938964844,443.6499938964844,441.8052673339844,30757220,6.095035949523845,0.030901978645760053,410.5899993896484,404.8759991455078,60.952324257550025,5.983979583733287,13.420449134155561,440.91526639263014,372.6197342177214,16.78982025940379,407.290343118704,408.03577925508574,0.03138440123574382,24.747324595235284,0.04969512214689993,106230523,98.40424821971789,82.75201269456194,430.15416717529297,382.2191635131836,406.1866653442383,457454273.4381035,0.033914067603985194
2020-06-24,448.0,448.5,422.20001220703125,424.6499938964844,422.8843078613281,33577082,6.051265285852969,-0.0437706636708759,410.30999755859375,404.9659991455078,54.80770167923641,6.516761627320307,13.196688511703545,442.3798178190318,374.92018218096814,16.507925030726458,408.9436431927783,409.78052020282814,-0.04282655305171312,24.858229109359105,-0.03529205933288883,72653441,72.92848529943076,84.67463176302466,431.8283325195313,386.35833129882815,409.0933319091797,-272824947.52063215,0.05870532989501953
2020-06-25,419.0,428.70001220703125,410.3500061035156,421.70001220703125,419.94659423828125,49853200,6.044294189699706,-0.006971096153262302,411.13499755859374,405.0209991455078,53.89917545911985,6.624592191914132,12.439082628438863,443.34843537962365,377.02656462037635,16.168671829162832,410.15853547985006,411.00113325277596,-0.006946854425652571,24.393356037513144,0.02380377182590772,22800241,69.58003866483354,80.30425739466074,432.96583353678386,387.72583109537766,410.34583231608076,-188985667.28064042,0.043794763970204355
2020-06-26,426.0,428.75,418.0,424.8500061035156,423.0834655761719,32610915,6.051736179815834,0.0074419901161277835,412.8199981689453,405.17199951171875,54.76151636850676,6.8848624642708955,11.737796887434028,443.79482639105584,380.5701729985926,15.338995090590723,411.55772315829444,409.91523744220274,0.007469750546124976,23.41883060626221,0.01293522638015533,55411156,73.1555138955426,71.88801261993564,434.8425003051758,389.917497253418,412.3799987792969,5487566.378967017,0.02523474178403756
2020-06-29,415.0,415.79998779296875,402.3500061035156,404.79998779296875,403.1168518066406,36319455,6.003393087817546,-0.048343091998288124,414.3399963378906,404.81699951171873,48.537922745069004,5.4108862886176325,11.41989144646891,443.6107446286014,381.5392523196408,15.044899118591179,410.9141293139777,408.60186251441013,-0.047193169406855695,23.353199848672052,0.01107825420100061,19091701,50.397265403495354,64.37760598795717,435.0666651407878,390.4916651407878,412.77916514078777,-483641303.05973315,0.03240959443241717
2020-06-30,410.0,414.79998779296875,404.04998779296875,406.6499938964844,404.9591369628906,26951915,6.007952849603524,0.004559761785977834,416.84999694824216,403.3739996337891,49.11259357038187,4.341977962233955,11.124693537001301,443.52956858886574,381.27542713867336,15.095481179834419,410.50802117897837,407.65134193859654,0.004570173318438453,22.45297128805262,-0.028123892512396866,46043616,52.497158678578565,58.68331265920551,434.5791641235352,391.27416534423827,412.9266647338867,-127972962.85228819,0.02621951219512195
2020-07-01,410.0,437.3500061035156,406.6499938964844,433.25,431.4485168457031,53380512,6.071314928595715,0.06336207899219115,421.2149963378906,402.9199993896484,56.614471422171604,5.576970752245245,10.874241305993555,445.9691897897742,381.205807158468,15.658931391843927,412.67392392383755,408.33604669427876,0.06541253289748439,23.042045639408236,0.051296004076533744,99424128,82.69012605733356,61.861516713135835,435.2841649373372,391.5841649373373,413.4341649373373,903956975.7217633,0.07487807855373475
2020-07-02,441.0,441.5,421.29998779296875,423.20001220703125,421.4403381347656,50362770,6.047844909388681,-0.023470019207033843,422.9949981689453,402.9709997558594,53.4107354947415,5.679294045809456,10.818503957301287,446.41016075229794,383.6498368062958,15.121876522322566,413.67640852223695,410.3096096338311,-0.023196740433857443,22.83904325138131,0.043675950610292995,49061358,71.28264921657122,68.82331131749446,436.61333211263025,393.1283315022787,414.8708318074544,-36111157.23947406,0.04580501634247449
2020-07-03,430.0,431.6000061035156,423.6499938964844,428.45001220703125,426.66851806640625,31044457,6.060174073606273,0.012329164217591781,424.13500061035154,402.9170001220703,54.848153956184724,6.113543987538492,10.766747847801321,447.7539387992909,384.6210612007091,15.169335359322849,415.08341839697925,412.2463882535297,0.01240548168375688,21.807682583174387,0.02860505636283852,80105815,77.2417861476531,77.07152047385263,437.34083353678386,395.0008310953776,416.17083231608075,96618547.08684199,0.018488400481468024
2020-07-06,434.1499938964844,437.6000061035156,431.1000061035156,434.0,432.1954040527344,18424079,6.073044534100405,0.012870460494132097,424.52000122070314,402.9960003662109,56.38029073693977,6.826832352861743,10.994830999357728,448.31565878264536,384.43434121735464,15.342255794726078,416.88499759726693,418.1469448733096,0.012953641346349132,20.90356196269653,0.02374341257940145,98529894,80.19126013396047,76.2385651660616,436.3566670735677,396.4416646321614,416.39916585286454,100375124.72674192,0.014971784156122351
2020-07-07,433.5,449.0,426.20001220703125,447.3500061035156,445.48992919921875,37991679,6.103341299637319,0.03029676553691374,424.89000244140624,403.86400024414064,59.904724468983694,8.372835606283104,11.703626504337409,452.40903417344646,383.0709676576082,16.59837850430305,419.7864269788144,422.99267012894563,0.03076038272699444,21.039020950573114,0.1008823924889743,136521573,97.4615478515625,84.9648647110587,436.92166697184246,397.32666575113933,417.1241663614909,371584472.59745157,0.05259512755010092
2020-07-08,450.0,461.3999938964844,441.0,444.1499938964844,442.30322265625,45877067,6.096162329473696,-0.0071789701636229,426.8400024414062,404.20100036621096,58.68079214507511,9.23340315747646,12.850593859646395,454.903964410633,382.24603558936695,17.358401438515454,422.1067666852592,427.12455864037366,-0.0071532629113025825,20.993376160995346,0.04679740880782861,90644506,70.78746220832579,82.81342339794959,438.2566650390625,398.3616668701172,418.30916595458984,25990041.250623524,0.045333319769965276
2020-07-09,447.8500061035156,457.0,446.04998779296875,453.75,451.8633117675781,29162679,6.11754638557906,0.021384056105364202,430.0450012207031,404.1670001220703,61.23933174432463,10.568225478977013,13.915634975290454,459.90610029007235,381.2738984892245,18.695689844018467,425.12040795332973,429.70329077255985,0.021614333525698637,20.411706871175365,0.09609787248855314,119807185,87.04488488074627,85.09796498021153,439.1133331298828,400.80833129882814,419.9608322143555,195304611.3467858,0.0244501776438522
2020-07-10,449.8999938964844,451.45001220703125,437.0,439.6000061035156,437.7721252441406,25676354,6.0858652364137145,-0.0316811491653457,431.52000122070314,404.1770001220703,55.75879650816977,10.364816383236757,14.281800582523434,461.87320662173244,382.46679276791605,18.809108631882236,426.49941730096646,430.5004443599188,-0.031184559551480695,20.150156380377126,0.04351950094250736,94130831,63.082146825499365,73.63816463819047,440.641667175293,403.2266647338867,421.93416595458984,-177111964.47371948,0.032118276068161034
2020-07-13,443.95001220703125,446.3999938964844,432.75,440.04998779296875,438.2202453613281,21326370,6.08688832907972,0.0010230926660055317,435.0450012207031,404.08,55.89397690117511,10.12322869219173,14.338124448570024,462.1447421316868,387.24025542690697,17.637346296456727,427.7899478240143,430.3267875677104,0.0010236162038341767,19.68585906009907,0.06903237365422522,115457201,63.84418202020724,71.32373790881762,442.54249877929686,405.99249877929685,424.2674987792969,-52639670.82290487,0.030746691116473827
2020-07-14,434.8999938964844,435.79998779296875,415.3999938964844,417.70001220703125,415.9632263183594,25685579,6.034763500727528,-0.05212482835219223,436.15000305175784,404.37800048828126,48.04206632079486,8.03568212178601,13.339051692572635,458.5488067223548,394.4511932776452,15.028748756086664,426.8290015747778,429.8358203081021,-0.05078962891927752,20.040440119840873,0.055470416975189424,89771622,25.99493526964521,50.97375470511728,443.3649983723959,409.23499959309896,426.29999898274735,-400261265.9814142,0.04690732164355931
2020-07-15,424.0,444.45001220703125,422.75,426.6499938964844,424.8759765625,43250557,6.05596399067692,0.021200489949392498,435.49000244140626,405.1310003662109,51.0099572053126,7.022523865250378,12.868767682146467,455.5753130960594,401.1296856832374,12.71047268088795,426.8119532244641,430.96639843945286,0.02142681692098458,20.5196943969951,-0.00292554880627603,133022179,41.15155430372878,43.66355719786042,445.514165242513,411.4591664632161,428.4866658528646,124640706.81196102,0.05117927407318691
2020-07-16,431.95001220703125,436.1499938964844,418.45001220703125,434.0,432.1954040527344,30183647,6.073044534100405,0.017080543423484862,436.57000122070315,406.0340002441406,53.36582333620076,6.7350354176438145,12.178456506108898,454.9602147132448,404.6047846764036,11.716491498047755,427.49652910784846,431.36223300580394,0.017227249991005333,20.318286346456386,-0.018752506608484803,163205826,53.59864595984392,40.248378511072644,446.7158320109049,413.2958338419597,430.0058329264322,189446895.3882277,0.04097692137804507
2020-07-17,434.0,439.8999938964844,424.6000061035156,433.1000061035156,431.2991943359375,33464985,6.070968662313205,-0.0020758717872002563,437.0350006103516,406.74900024414063,53.029546270777146,6.361248255638316,11.746883246616406,455.10273094085494,406.06727027984823,11.388102370379658,428.03019358362627,433.2667160156165,-0.0020737186554939946,19.959836449778695,-0.035645744782529784,129740841,50.653906222977845,48.46803549551686,447.58666585286466,414.1166676839192,430.8516667683919,43070110.2987818,0.03525342809439804
2020-07-20,437.70001220703125,442.79998779296875,429.29998779296875,434.0,432.1954040527344,30400586,6.073044534100405,0.0020758717872002563,437.0350006103516,407.7880004882812,53.34614288997323,6.06769659332349,11.511108898556556,455.33896408626197,406.21603774479274,11.403317544920228,428.59874657566183,434.8024196742456,0.0020780279007182045,19.498419560508786,-0.07048329514426209,160141427,49.95434904751713,51.40230041011298,447.7374994913736,414.69750010172527,431.2174997965494,32596931.332626157,0.030843042320077722
2020-07-21,440.0,451.0,438.5,446.20001220703125,444.3446960449219,43147019,6.100767309356189,0.027722775255783816,436.9200012207031,409.1210009765625,57.525549899965405,6.741778782175288,11.748016896798456,455.7571848931494,406.05281876896,11.53487796915317,430.2750575881732,436.8051882417673,0.028110627205141236,19.319961020472444,-0.09078662375406214,203288446,66.95656154466712,55.85493893838736,447.9099995930989,415.08000081380214,431.49500020345056,361795082.7755482,0.028409090909090908
2020-07-22,478.0,484.6000061035156,460.1000061035156,478.95001220703125,476.9585266113281,89611937,6.171596233315968,0.07082892395977947,440.40000305175784,410.9630010986328,66.26275370245514,9.805612077917658,13.399108961848082,465.8998054507478,401.34020004241626,14.888521055164915,434.9107675518739,444.31095265080893,0.07339757755274201,20.682820511616153,0.01612545051888422,292900383,91.83527037599237,69.58206032272555,449.95833384195964,417.30833384195967,433.6333338419596,2077125652.0918493,0.051255230125523014
2020-07-23,472.95001220703125,474.75,459.20001220703125,460.8500061035156,458.93377685546875,40249567,6.133072623683713,-0.03852360963225543,441.11000366210936,411.90000122070313,59.03495515855531,10.650431271989078,14.867340309626586,469.4380373466623,401.71696753615015,15.547421395948243,437.38117122345886,446.91471520363496,-0.03779101292869724,20.61619047507214,-0.042081241013486044,252650816,65.67919680570978,74.8236762421231,452.05249938964846,419.6825012207031,435.8675003051758,206696945.12137586,0.03287871316548741
2020-07-24,456.6000061035156,456.6000061035156,441.54998779296875,445.6000061035156,443.7471923828125,30566635,6.099421702310371,-0.0336509213733418,441.7100036621094,412.7730010986328,53.718343081070415,9.974429999287281,15.038434761873257,470.3685871320074,402.8614177508051,15.461486436270992,438.1639174025119,447.41656038109306,-0.033091027011019625,20.522178177606047,-0.07323617260284127,222084181,43.64162843884975,67.05203187351731,453.47000020345047,420.6700002034505,437.0700002034505,-241861807.45954132,0.03296105586808707
2020-07-27,447.0,448.0,429.8999938964844,431.54998779296875,429.755615234375,21924237,6.067383350379185,-0.032038351931186426,440.86000366210936,413.6330010986328,49.312076612769054,8.210331473117833,14.515782819424416,468.5276671625866,407.37733772022585,13.962776579988164,437.53401934446015,447.4357006484506,-0.0315305613063277,20.34916588659959,-0.06760046033799197,200159944,23.338137352009618,44.21965419885638,455.1441680908203,421.87916564941406,438.5116668701172,-285977890.01636,0.04049218367676874
2020-07-28,434.0,440.0,424.3999938964844,437.04998779296875,435.2326965332031,33057573,6.080047577095982,0.012664226716797344,442.7950012207031,415.1980010986328,51.006255497404084,7.173384405912543,13.72480144880791,466.4871759217014,412.4578283507595,12.294136108245873,437.4879211014609,446.4007636656169,0.012744757630809067,20.009940187807878,-0.02012772930076532,233217517,31.286112828582088,32.755292873147155,456.65250193277996,422.90249888102215,439.7775004069011,25885137.661213323,0.03594471452422955
2020-07-29,435.75,447.0,434.29998779296875,440.8999938964844,439.06671142578125,24404819,6.088818078520581,0.008770501424598898,444.2200012207031,416.9260009765625,52.21038097546472,6.586336513585877,13.346459823520803,466.7226592586626,412.98734440344674,12.216597431317883,437.8128804152727,445.77315808140366,0.008809074959497343,19.48780247489526,-0.07502177047805965,257622336,36.84970448229055,30.491318220960753,456.50166829427087,424.55166524251297,440.5266667683919,71267513.9572005,0.02914518005055938
2020-07-30,441.8999938964844,445.8999938964844,424.75,425.8500061035156,424.079345703125,26861618,6.054087185919638,-0.034730892600943086,443.4050018310547,418.1930010986328,47.31497063783624,4.850771913451069,12.448999443631376,466.54971220498453,413.42529084677324,12.074075098491555,436.6735590522482,445.1940511112745,-0.03413469721322393,19.606530433580197,-0.052952836656833216,230760718,15.101171045703152,27.74566278552527,456.72416737874346,424.67916615804035,440.7016667683919,-245755510.68052626,0.04786149397738799
2020-07-31,429.0,434.45001220703125,421.29998779296875,431.6499938964844,429.85516357421875,27499638,6.067615060541567,0.013527874621929392,443.26000061035154,419.6820007324219,49.28837192527363,3.8983967154803167,11.696146058836922,466.4672405800132,413.82776064069,11.959508997853712,436.19512427550876,444.54403890910487,0.013619790324856496,19.14535143218607,-0.03946111871870445,258260356,23.482654817145935,25.144510115046547,457.04583435058595,424.4808319091797,440.7633331298828,24413206.247197613,0.030652737561917248
2020-08-03,431.6000061035156,431.8999938964844,415.70001220703125,417.3500061035156,415.61468505859375,23824107,6.033925212921199,-0.03368984762036842,441.5950012207031,421.29000061035157,44.82987025845301,1.9670678707310003,11.309517758894742,467.3568141149275,411.27318771612715,12.766153279975123,434.40035111627134,444.5616885634003,-0.03312866441600848,18.93496787913372,-0.06397824949180758,234436249,2.3947663899119243,13.659530750920341,456.9016667683919,423.3666661580404,440.1341664632162,-218985224.10318837,0.03753471144661591
2020-08-04,421.8500061035156,431.20001220703125,417.3500061035156,429.1499938964844,427.3655700683594,24746211,6.0618064939418925,0.02788128102069365,439.88999938964844,423.04700073242185,48.93475051738244,1.3728113306003138,10.950505766091291,466.52588391383796,410.28411669651365,12.828723937494816,433.90031709533923,444.79607116365133,0.028273601582365915,18.571756323732423,-0.08770647169703824,259182460,19.52102014647553,15.132813784511134,455.70666758219403,423.0666651407878,439.38666636149094,121674917.11375654,0.032831589197884335
2020-08-05,439.0,446.8500061035156,433.1499938964844,434.95001220703125,433.1414794921875,36932321,6.075231110018916,0.013424616077023721,435.48999938964846,424.0060009765625,50.86973756270406,1.3542606720162098,10.678219907759924,465.9757717520297,409.9142306893766,12.801046000385963,434.0002880583575,445.25095037435614,0.013515130823806842,18.5094888868252,-0.0821212685336571,296114781,27.93904456496945,16.618277033785642,454.84500223795567,422.8749979654948,438.8600001017252,183363731.07191542,0.031207317100298976
2020-08-06,436.0,438.29998779296875,427.1000061035156,433.0,431.1995544433594,33465135,6.07073772800249,-0.0044933820164265725,432.7049987792969,424.84700073242186,50.18126465538372,1.1687369808607286,10.04314217594123,464.04326142217366,409.7717410192326,12.421741501647025,433.9050225289901,445.26928230323915,-0.0044833018790745305,17.98738122987005,-0.09668784066185084,262649646,25.108837917983447,24.18963420980948,453.88416748046876,421.8891662597656,437.8866668701172,17616295.850672662,0.025688031397828267
2020-08-07,431.45001220703125,437.0,427.1499938964844,433.29998779296875,431.4983215332031,15569399,6.071430300573624,0.0006925725711344199,431.47499694824216,425.81400024414063,50.29271933263959,1.0339953717779622,9.453427139252444,463.74218710856337,409.44281350178824,12.437083451690114,433.8474001731786,445.48539700435856,0.0006928124548932768,17.406140149416164,-0.06722643588405922,278219045,25.544233882487383,26.19737212181343,453.14416656494143,421.60916595458986,437.3766662597656,8985851.712797463,0.022830005388408937
2020-08-10,434.0,437.0,429.29998779296875,431.1000061035156,429.3074951171875,14888044,6.066340095911093,-0.005090204662531406,431.42999877929685,426.4970001220703,49.41953798993467,0.7411480461666429,8.905834605184285,463.3469703840748,408.9430320573315,12.47381906807942,433.58574359511545,445.0729819274039,-0.005077271524190019,16.71284529638867,-0.0823778620846888,263331001,22.35122679346153,24.33476619797746,452.48333435058595,421.5433319091797,437.0133331298828,-18840332.223582484,0.017741963610671083
2020-08-11,435.29998779296875,449.8999938964844,435.29998779296875,448.0,446.13720703125,30469633,6.104793232414985,0.03845313650389226,432.525,427.255,55.772085928186414,1.851410787972327,9.22094833293446,463.9436630079519,411.37633821275125,12.010995915069083,434.9585299193902,438.1489677925766,0.039202026576697246,16.861926903287248,-0.016944953985758168,293800634,54.69939791725884,34.19828619773592,453.26500142415364,422.9049977620442,438.0849995930989,337010963.7442184,0.0335401022580765
2020-08-12,444.79998779296875,452.75,438.95001220703125,451.1000061035156,449.2243347167969,23184137,6.111689057944644,0.00689582552965895,433.5450012207031,428.08600036621095,56.84281345651677,2.9474699952176593,9.681802775008224,465.2782504622984,412.4867519791079,12.028617759048666,436.4958133654974,435.81102447651256,0.006919656481061631,16.643216966835926,0.05398942014518911,316984771,86.55256523040029,54.53439664704022,453.6858337402344,424.11583251953124,438.9008331298828,160250965.38456777,0.031025153263700013
2020-08-13,454.1000061035156,456.75,445.3500061035156,448.1000061035156,446.2367858886719,21885850,6.105016435412976,-0.006672622531668004,435.77000122070314,429.16100036621094,55.44393511190616,3.5333002003788465,10.347371333165773,466.1764502061651,412.9985528455927,12.097226872006905,437.600974578642,435.64924652154514,-0.006650410018641417,16.268701033239388,0.00012115805252701389,295098921,78.92814502135859,73.39336938967257,454.3975011189779,425.4574986775716,439.92749989827473,9645288.461522594,0.025104588732125357
2020-08-14,451.5,451.5,425.6000061035156,435.8500061035156,434.0377502441406,36725538,6.077298161461292,-0.027718273951683692,436.19000244140625,429.7720007324219,50.029759769652124,2.9748104727942746,9.725057104875445,466.20655778600633,413.24344526575146,12.044598859848515,437.43421567624904,435.79701156064505,-0.027337647474100057,16.956650523471172,-0.01795249685476865,258373383,49.08647963090446,71.52239662755444,455.1833348592122,425.1833318074544,440.1833333333333,-296710130.84615916,0.05736432756696429
2020-08-17,439.1000061035156,441.0,425.3500061035156,438.1499938964844,436.32818603515625,30198343,6.082561303571663,0.005263142110370822,438.27000122070314,429.93000061035156,50.99730737033208,2.6868211315584176,9.163762946297302,466.29614282760474,413.56885961380146,11.985312080261904,437.50238503055715,435.89511932210405,0.0052770167735698426,16.86331790725783,0.027228862143299816,288571726,54.6893748243659,60.90133315887632,455.2641682942709,425.0491658528646,440.1566670735677,-52599496.77013086,0.03564106964005591
2020-08-18,439.5,447.25,435.29998779296875,445.79998779296875,443.94635009765625,21768516,6.099870393569464,0.01730908999780123,439.93500061035155,430.44500061035154,54.17549084903103,3.0408253359329365,8.810247108309786,466.25769196218226,413.5673080378178,11.977469138604718,438.2926329126916,435.98171940431763,0.01745976036300423,16.512367500098787,0.03884004063859327,310340242,73.32517548541921,59.03367664689652,455.1141682942709,424.95416463216145,440.0341664632162,93486177.43363802,0.027190016398250853
2020-08-19,446.0,451.95001220703125,442.45001220703125,444.20001220703125,442.35302734375,18127671,6.096274938941262,-0.0035954546282024324,440.86000061035156,430.7800006103516,53.395480312657526,3.1558923970525825,8.797516071805994,457.69126487949165,418.65873512050837,8.907977351282772,438.85524046453344,436.78251182637814,-0.0035889987208356233,16.011484107234587,-0.06734709898097138,292212571,69.42754805126063,65.81403278701525,452.94666849772136,424.286664835612,438.6166666666667,11826171.791274525,0.021300448430493273
2020-08-20,437.8999938964844,441.29998779296875,433.25,434.95001220703125,433.1414794921875,16688938,6.075231110018916,-0.021043828922345575,441.0550018310547,431.2100006103516,49.00278168460002,2.472188329302412,8.240069187578166,453.41558093913454,420.344419671217,7.569850129284059,438.48331396381894,437.37261314181484,-0.020823952601984108,15.649950400077206,-0.027406624690978064,275523633,46.894045613570775,63.21558971675021,451.1500015258789,423.23999786376953,437.1949996948242,-98973060.40290847,0.018383164889633898
2020-08-21,440.0,444.8500061035156,436.25,440.45001220703125,438.6186218261719,25087973,6.087796959270713,0.01256584925179638,441.77000427246094,431.8590008544922,51.55479730558396,2.347096101528905,7.836724456806698,452.7625594485985,420.4824417721046,7.393141130237158,438.6706185584106,438.669171083002,0.012645131269434451,15.239239221249147,-0.0010284658904370497,300611606,58.6294661979042,58.317019954245204,450.45750122070314,423.1924987792969,436.825,58998214.1990305,0.019545468417080967
2020-08-24,444.0,449.45001220703125,442.29998779296875,445.79998779296875,443.94635009765625,18196776,6.099870393569464,0.012073434298751629,443.24000244140626,432.9830004882813,53.96787686523956,2.6491205156669366,7.790698807151853,453.7718510155539,420.89815020514925,7.51682366253001,439.349606104559,439.97066182821476,0.012146612413811875,14.793579276874208,0.033804715700441926,318808382,65.12734288060724,56.883618230694076,450.3783355712891,424.2083312988281,437.29333343505857,84567609.62819245,0.016103658590230857
2020-08-25,450.95001220703125,456.3999938964844,447.1000061035156,451.79998779296875,449.92138671875,26273592,6.113239577015241,0.013369183445776756,443.6200012207031,434.38800048828125,56.58000664164972,3.334192401209009,8.220901567163436,455.67435706415915,420.4706441565439,8.03604719733996,440.5353567415504,441.08637935463406,0.013458950570421235,14.494038335920024,-0.006540048939135224,345081974,84.23562684964259,69.33081197605135,450.960834757487,425.42083231608075,438.1908335367839,133283571.2093975,0.020623101322146373
2020-08-26,452.0,464.79998779296875,449.0,463.3500061035156,461.42340087890625,25914508,6.138482721205282,0.025243144190040923,444.8450012207031,435.8630004882813,61.150238244892996,4.7543021209085055,9.14346679394289,459.9549827542754,418.4350196871309,9.453651100705502,442.708180490309,443.3721375035646,0.025564450249254023,14.587320439994935,0.03401149927399217,370996482,96.32450605207562,81.89582526077515,452.0316670735677,426.18166707356767,439.1066670735677,243969885.00900817,0.034955725205683075
2020-08-27,464.0,474.5,464.0,473.04998779296875,471.08306884765625,19544214,6.159201065345504,0.020718344140221667,447.3399993896484,437.21600036621095,64.52713404075006,6.586531328140495,10.538485928182059,466.09706001469374,417.0129405956578,11.116196031097367,445.5978764238956,445.50025027118767,0.020934458965532254,14.341797115458466,0.11234825042564499,390540696,97.04982220326386,92.53665170166069,453.41666717529296,428.6316665649414,441.0241668701172,207708973.62617168,0.022629310344827586
2020-08-28,476.45001220703125,513.0,476.04998779296875,509.20001220703125,507.0827331542969,59179945,6.232840890656211,0.07363982531070778,454.675,439.0590008544922,73.70160307772676,10.830740987029344,13.311461668156856,483.34978406158075,407.51521837982546,17.024928687047186,451.65522268895614,454.56884972693683,0.07641903677605333,16.170955336285093,0.16526821069190206,449720641,95.66458863938247,96.346305631574,458.1208333333333,430.955833943685,444.5383336385092,1495473962.2573078,0.07755275739393917
2020-08-31,524.4500122070312,533.8499755859375,486.29998779296875,496.75,494.6845397949219,55830536,6.208086881431926,-0.024754009224285056,460.5350006103516,440.3910009765625,67.25060757038275,13.039385860104687,16.409679287911157,491.1595192180689,407.6454826129858,18.583349321587544,455.949963385246,462.49846908982005,-0.02445014121871092,18.412314797476785,0.13352095582770704,393890105,65.80646449679594,86.17362511314742,463.8874994913737,433.58749949137365,448.7374994913736,35097417.60237092,0.0906663870458601
2020-09-01,495.04998779296875,503.3999938964844,479.6499938964844,485.70001220703125,483.6804504394531,33276725,6.1855911744845615,-0.022495706947364802,464.52500305175784,441.23200134277346,62.0586753872836,13.739728134897234,18.75676445037464,495.7402142976662,408.7197893644431,19.242514778073584,458.78330136827316,465.54888811398024,-0.0222445652601283,18.79357802622844,0.07158534980814557,360613380,55.62214108575667,72.36439807397835,467.56666564941406,436.27666625976565,451.92166595458986,-233439130.8258617,0.04797495320802293
2020-09-02,487.0,487.95001220703125,472.1000061035156,484.3999938964844,482.3858337402344,20750575,6.182910999078781,-0.0026801754057803606,468.5450012207031,442.42700134277345,61.4575289910667,14.028146084564014,20.352825923905765,499.6018066074367,409.80319522361805,19.748871229652863,461.2229863709599,467.19155213398795,-0.00267658694229711,18.583322888891814,0.1444175009039942,339862805,54.42396719064097,58.61752425773119,469.83249867757166,438.3274998982747,454.0799992879232,-95797128.57820472,0.032546213764919146
2020-09-03,488.3999938964844,489.95001220703125,473.1000061035156,474.95001220703125,472.97515869140625,14045705,6.16320956103791,-0.019701438040871544,472.5450012207031,443.49200134277345,57.12566144262343,13.340404957827332,21.89954120224368,501.3661574053808,412.23384564637695,19.512327377685942,462.53032216487145,470.4534939407843,-0.0195086329655747,18.45951454707923,0.12555919583159042,325817100,45.714304197616705,51.92013749133812,472.441667175293,440.37166595458984,456.4066665649414,-120420146.23637505,0.034500422428520666
2020-09-04,469.0,472.95001220703125,452.6000061035156,455.20001220703125,453.3072509765625,29405304,6.120736909628973,-0.042472651408936635,474.02000122070314,444.09900146484375,49.30393733031928,11.074050457303429,21.864542920867507,501.15477624642136,414.63522924674265,18.895062510119203,461.8321974069819,472.47289384888154,-0.04158332349171712,18.737406801110403,0.07476675378137729,296411796,21.8191029164619,40.652458101573195,474.3550013224284,441.2350001017252,457.79500071207684,-427309884.74545836,0.04339020491154717
2020-09-07,457.0,467.1499938964844,450.6499938964844,458.70001220703125,456.792724609375,25967554,6.128396428215359,0.007659518586385694,475.31000366210935,445.177001953125,50.59494339013293,9.451418863362449,21.705078318704608,500.7518114983364,417.7981946051793,18.06186192193192,461.53389405460564,473.22519706041857,0.007688927737568241,18.577592029602517,0.08647579354880819,322379350,25.298229009300886,30.943878707793164,476.11333414713545,442.11333414713545,459.11333414713545,-81845668.9151528,0.036105032822757115
2020-09-08,459.79998779296875,462.3999938964844,441.25,444.3500061035156,442.5024108886719,21052285,6.0966125539203135,-0.031783874295045145,474.56500549316405,445.9310021972656,45.48103320049812,6.927687995312169,20.953411827860972,500.79763951996875,417.38736719389846,18.16851107699765,459.89733329735895,473.1917763659333,-0.03128407613174178,18.761335020094076,0.019074879156898684,301327065,11.033805961546628,19.38371262910314,476.6875005086263,442.0325017293295,459.36000111897783,-228682168.4670179,0.045998248059996576
2020-09-09,439.8999938964844,443.3500061035156,425.0,431.25,429.45684814453125,31657672,6.06668796834557,-0.029924585574743645,471.3550048828125,445.8910021972656,41.37013247111943,3.826443232937436,19.581006772639824,501.4317829727487,414.76822313076696,18.918043934653756,457.16901584046764,471.58240544743006,-0.029481278099642627,18.803382954624187,-0.03149684031739658,269669393,5.741847865703561,14.024627612183693,476.19500122070315,441.0850006103516,458.64000091552737,-352704520.43773645,0.04171404036853358
2020-09-10,436.45001220703125,448.70001220703125,430.75,446.8500061035156,444.9920349121094,34434841,6.102222981486382,0.03553501314081231,468.73500671386716,446.3640020751953,47.46033732649168,2.5975318036315684,18.345697225534536,501.4303598901282,414.64464621338743,18.947294293265344,456.186253008377,471.01482828237266,0.03617392719655799,18.74242790122469,0.037741032508377154,304104234,20.073505745772955,12.283053191007715,476.12416890462237,440.3591664632161,458.2416676839192,240554313.0364812,0.0411273037117401
2020-09-11,446.0,449.8500061035156,439.25,447.20001220703125,445.3405456542969,18620781,6.10300594913747,0.0007829676510882067,462.5350067138672,446.7390020751953,47.5918740897617,1.633028671508498,17.26198462869134,501.1101211147527,416.0998855991145,18.53670040522312,455.33042055110593,470.97052416804587,0.0007832742502740242,18.16082634424547,0.07006711090421507,322725015,20.395054833525663,15.403469481667393,475.7483362833659,441.51333262125655,458.6308344523112,84529695.68031226,0.02376682982851037
2020-09-14,452.0,455.0,438.0,440.54998779296875,438.7181701660156,17622727,6.088023918604121,-0.014982030533349011,456.9150054931641,446.8700018310547,45.27272427261264,0.32826753300810196,16.545778079476193,501.011439067301,416.43856703621464,18.436508031707188,453.9227602884262,471.0647174544548,-0.014870358301743214,18.077910176799367,0.012602425419040079,305102288,14.285706275323848,18.251422284874156,476.3000030517578,441.92999877929685,459.11500091552733,-49951144.63480151,0.03761061946902655
2020-09-15,441.04998779296875,451.8999938964844,435.8999938964844,449.54998779296875,447.6807556152344,17328721,6.108247055276892,0.020223136672770536,453.3000030517578,446.91400146484375,48.90187429498471,0.02022655517430394,15.742193905396364,501.0008271216047,416.82417898191096,18.342635596093135,453.5063057650493,470.7468517434759,0.02042900975911377,17.9294880213137,0.004679293379246583,322431009,22.553967201936977,19.07824277026216,476.6525024414062,441.87749938964845,459.26500091552737,87321944.45506616,0.03627706709632761
2020-09-16,449.54998779296875,450.6000061035156,440.0,446.0,444.1455383300781,20016188,6.100318952020064,-0.00792810325682769,449.4600036621094,446.95100158691406,47.56210148287362,-0.5045365027405069,14.996008600893665,500.9721306633598,417.0328742194527,18.2873200031458,452.7914195017113,469.49386401693704,-0.007896758735101206,17.405953598613838,0.031207774550614003,302414821,19.292608828763967,18.71076076867493,476.6741689046224,441.789165242513,459.2316670735677,-18264167.222822994,0.023579148907456417
2020-09-17,440.95001220703125,446.45001220703125,438.5,442.8999938964844,441.0583801269531,14306232,6.093343997148354,-0.006974954871710182,446.2550018310547,446.73400146484374,46.367455326068246,-1.157219881128185,14.192098738550003,500.5943138759266,418.2056891758312,17.93396265268717,451.84937896788017,463.4107570063815,-0.006950686330752576,16.730529213500795,0.05248264499745206,288108589,16.444646680101695,19.430407570267548,476.9750035603841,442.09999745686844,459.5375005086263,-35654326.75314803,0.018029282201944073
2020-09-18,444.54998779296875,449.29998779296875,436.04998779296875,443.3500061035156,441.5065612792969,20809690,6.094359539592827,0.0010155424444731054,445.07000122070315,446.80900146484373,46.577229053184936,-1.6194954017412329,13.647195027251076,500.4911527116795,418.59884972972674,17.82030111619532,451.03991488555977,454.6911371937007,0.001016058282304666,16.481919983965025,0.05806833745991293,308918279,23.40562185214466,19.714292453670108,477.32666931152346,441.9866638183594,459.6566665649414,-5641699.234691923,0.02980542203089803
2020-09-21,443.0,444.0,420.54998779296875,423.3500061035156,421.5896911621094,19013877,6.048199274505472,-0.04616026508735516,441.5350006103516,446.47500183105467,39.23273817582539,-3.5586628848228656,13.319093923719517,501.96303222744933,414.88197204501165,18.995808403087423,448.4027807158413,449.30192821038145,-0.04511108542836084,16.979640857041183,0.031139828511133075,289904402,4.034607097313223,14.628291876519858,477.3141688028971,440.34416453043616,458.8291666666666,-255398926.41156396,0.052934564801424944
2020-09-22,424.0,426.6499938964844,406.29998779296875,412.0,410.2868957519531,27558176,6.021023349349527,-0.027175925155945357,438.3,446.3610015869141,35.78423545400685,-5.94281267743429,13.837575228236974,504.4134945247167,408.45151096844734,21.02435365115724,444.9358492190945,444.1276655468921,-0.02680998214215302,17.220381231789357,0.007499813422452161,262346226,6.814118999913902,11.418115983123927,476.0275029500325,437.9524968465169,456.98999989827473,-293656619.33835983,0.04799529741395195
2020-09-23,418.1000061035156,422.8999938964844,406.1000061035156,419.75,418.0046691894531,18612700,6.03965929595765,0.018635946608123177,437.15,446.2230017089844,39.68287325467241,-7.124778324894066,14.329865502684271,504.6778611183964,403.8271437644161,22.201466543816988,442.5371969125141,440.92492983133997,0.018810679611650505,17.190353129016454,-0.010746366473222135,280958926,20.41883717310016,10.422521090109095,473.9375030517578,435.7624969482422,454.85,-1719923.1127866358,0.04018174491202785
2020-09-24,414.0,414.29998779296875,401.1499938964844,402.45001220703125,400.776611328125,21177182,5.997570895871538,-0.04208840008611148,432.7100006103516,445.592001953125,34.62884144321704,-9.349681737871265,15.061497584724105,505.1183099339515,396.32669739026727,24.13716015059266,438.7193697977062,436.67876447013714,-0.04121497985221856,17.291042627194965,-0.07051329445837573,259781744,1.9697247129498106,9.734226961987957,470.84250284830733,432.4024973551433,451.6225001017253,-244816634.4305806,0.03176327028136323
2020-09-25,407.5,416.70001220703125,400.1499938964844,415.04998779296875,413.3241882324219,20460096,6.028398965490054,0.03082806961851592,429.4949981689453,445.2310015869141,40.565997069511035,-9.981164345309935,15.521185368999394,495.4198943606745,396.610110522138,22.15391484539073,436.4651429401121,433.0173915231496,0.031308175434855645,17.238112318862957,-0.1397273361662299,280241840,23.93573316704317,15.441431684364382,465.3833363850912,428.9833302815755,447.1833333333334,90258928.58043146,0.0406135418663727
2020-09-28,420.0,440.6000061035156,418.04998779296875,439.25,437.4236145019531,19387091,6.085068727067206,0.05666976157715187,429.36499938964846,445.33600158691405,49.96527210965264,-8.431684909035141,14.693781171329414,486.7533708243561,399.52663405845635,19.68378758075068,436.73036742200617,431.8515220791438,0.05830625929111566,17.83181988969752,-0.04261366509537524,299628931,71.28532680511316,32.396928228368715,460.4833384195964,426.58332926432297,443.5333338419597,342864868.76602757,0.05369051978701637
2020-09-29,442.3999938964844,443.29998779296875,424.79998779296875,426.8500061035156,425.0751647949219,19996904,6.056432677755286,-0.02863604931192043,427.0950012207031,444.9490014648438,45.95492462535222,-8.110791018692794,14.095893453640567,479.67274221669993,400.722262055761,17.935240381374463,435.78938062976897,431.6900551708331,-0.028229923497972376,17.879547040433412,-0.042169363291612805,279632027,48.67823014758043,47.96643003991225,457.3241714477539,423.9491622924805,440.6366668701172,-51019368.777046785,0.04181736043226246
2020-09-30,427.0,428.1000061035156,418.75,424.6499938964844,422.8843078613281,18485278,6.051265285852969,-0.0051673919023169645,424.9600006103516,443.8630010986328,45.260820740435484,-7.942447308943315,13.111288488871708,471.5635594679043,402.8564448045566,15.714900008609423,434.72848665517046,429.84767506926147,-0.005154063899668104,17.270294116367857,-0.057768873637918466,261146749,44.667269414268425,54.87694212232068,454.11667124430335,421.39166208902986,437.7541666666666,-44118347.75925974,0.02189696979746048
2020-10-01,430.20001220703125,445.29998779296875,427.3999938964844,443.70001220703125,441.8551025390625,21083211,6.095148685896766,0.043883400043797316,425.0400024414063,443.52000122070314,52.01882261619573,-6.200382288680714,13.247809516791092,465.54672705019067,405.74827722227025,13.726338274566984,435.58291766010956,429.47982819328143,0.04486051709491057,17.51170124351904,0.007866035483328902,282229960,79.39838370912328,57.581294423657376,452.1425033569336,419.31249542236327,435.7274993896484,253050921.14366227,0.041608538792579364
2020-10-05,444.04998779296875,456.45001220703125,439.04998779296875,444.1499938964844,442.30322265625,24252318,6.096162329473696,0.0010136435769299013,425.1200012207031,443.4910009765625,52.16903760634868,-4.728960929616278,13.941503184610367,463.9175785624646,406.27242387894165,13.248866229626547,436.39882968262145,430.0072889533987,0.0010141574872060133,17.503724327129284,0.03541418805565411,306482278,78.15272769060064,67.40612693799746,451.31000366210935,418.7749938964844,435.04249877929686,91625706.39908372,0.03918483254676945
2020-10-06,449.5,452.70001220703125,442.70001220703125,449.6499938964844,447.78033447265625,19387351,6.108469488786599,0.01230715931290316,427.75,443.85300109863283,54.06210466274575,-3.0835001961086164,14.585647304728266,462.2260495679715,407.05895104238004,12.692522817455018,437.66084532203695,430.29630401665946,0.012383204042735851,16.96774401804862,0.055221885659885735,325869629,87.92181865192572,81.82431001721655,450.46083730061844,418.57582753499344,434.51833241780594,101628855.79969457,0.02224694104560623
2020-10-07,447.0,455.95001220703125,443.5,453.1000061035156,451.21600341796875,19873734,6.116112865143664,0.007643376357064469,431.86000061035156,444.17400146484374,55.25832650575107,-1.4839673063766554,15.352210188947199,463.52952288864407,406.63047772170745,13.077835139980287,439.1312415869397,430.66019335058104,0.007672661523099089,16.645048888690237,0.11587226676822514,345743363,94.0497246643203,86.70809033561555,450.10167185465497,419.08666025797527,434.59416605631515,79586035.19942619,0.027852376302083332
2020-10-08,455.54998779296875,461.6499938964844,447.25,451.8999938964844,450.0209655761719,20909290,6.113460902910893,-0.002651962232770977,435.075,444.39400146484377,54.72453406100473,-0.3095881835706109,16.355549057531142,465.4171032077358,406.8078967922642,13.439010900965137,440.34731323546777,431.7206591902213,-0.002648448887367927,16.48468781781839,0.12538645779620627,324834073,84.14634146341463,88.70596159322021,450.92417093912763,420.3041605631511,435.61416575113935,9801076.239571102,0.0316101290360009
2020-10-09,453.29998779296875,469.79998779296875,450.1499938964844,468.04998779296875,466.1038513183594,28048230,6.14857510173714,0.03511419882624711,441.63499755859374,445.2380010986328,60.284881608631025,1.9023560916644442,17.678651617138296,469.3471349762293,404.99786319271595,14.71942354980556,442.98566319332497,433.85092466746266,0.03573798210801438,16.710781109151675,0.11682599639134054,352882303,97.48743696575065,91.89450103116185,452.03750254313155,421.2474939982097,436.6424982706706,305252854.2846503,0.043348763347990475
2020-10-12,473.5,480.0,462.29998779296875,468.0,466.0540466308594,21261504,6.148468295917647,-0.00010680581949262802,446.92999877929685,445.96500122070313,60.260212926174404,3.609693963800737,19.347783009796192,472.8656016324243,403.55939531581794,15.815661707033502,445.3679809844369,436.7037044286628,-0.00010680011595443073,16.78144047328593,0.07486565677374221,331620799,84.97182331527503,88.86853391481343,453.62583567301425,422.12582651774085,437.8758310953775,101042407.65477929,0.03738122958190338
2020-10-13,465.8999938964844,473.0,459.75,461.3500061035156,459.4316711425781,15582492,6.134156987254251,-0.01431130866339636,449.13999938964844,446.8450012207031,56.92312068530945,4.375731883688786,20.647189508120473,475.3424873569467,403.1625114223502,16.43245651075231,446.89007861482537,440.290407099809,-0.014209388667701606,16.529194725194078,0.0765084453514538,316038307,76.64371637954922,86.3676588868583,454.44750264485674,423.3224934895833,438.88499806722,-35401515.24308463,0.02843957968143683
2020-10-14,458.0,474.6499938964844,454.0,471.29998779296875,469.34033203125,13984621,6.1554948080289185,0.021337820774667726,453.5849975585937,447.6880010986328,60.452081962399674,5.719768885794679,21.294374125649714,478.83619732643996,401.8438014528569,17.484760862129622,449.21483186988667,443.1650688448815,0.021567099941081525,16.823537523143383,0.07023611205809746,330022928,89.10455661612252,83.57336543698226,455.72333577473955,424.13332722981767,439.92833150227864,80963976.84159955,0.04508732291808815
2020-10-15,473.3999938964844,481.95001220703125,460.0,462.6000061035156,460.676513671875,28971494,6.136862762991276,-0.018632045037642264,457.3799987792969,448.2410009765625,56.1227365313507,6.013591144288341,22.257982883539,480.81714476178615,401.52285462786233,17.973636056117822,450.48961036832753,448.35073571085735,-0.01845954151238982,17.189714286278228,0.00880566061742382,301051434,76.34474110989198,80.69767136852124,457.4233362833659,424.6983271280925,441.0608317057292,-141046319.2635342,0.046366735297911583
2020-10-16,465.1499938964844,475.5,463.0,472.3999938964844,470.43572998046875,16288157,6.1578260714029796,0.020963308411703352,460.2499969482422,449.0290008544922,59.62994957537466,6.957028223239149,23.152762444436195,484.56942626860484,400.72057312104357,18.94268617184646,452.57631356148534,452.2782796785194,0.021184582065863156,16.88330568700724,0.02485363892352996,317339591,85.05475013802155,83.50134928801201,459.03500213623045,425.85499420166013,442.4449981689453,59400386.75879426,0.026873052056369112
2020-10-19,477.04998779296875,495.8999938964844,476.25,492.95001220703125,490.90032958984375,28131936,6.200407773784274,0.04258170238129466,465.1299987792969,450.2220013427734,65.80278519649428,9.256223654902442,24.867234997464756,492.44386925370327,397.80613074629673,21.260935356901218,456.42142771820403,456.99073175301123,0.0435013094328065,17.355926709363867,0.06600011448075394,345471527,96.1763034052715,85.85859821772834,461.6283355712891,427.80832824707034,444.7183319091797,405207995.52702,0.04119063913489109
2020-10-20,485.8500061035156,498.6499938964844,485.1000061035156,493.95001220703125,491.8961486816406,21376064,6.202434322203573,0.002026548419299168,469.56000061035155,451.47900146484375,66.07463089901358,11.031875646605556,26.56040335716523,499.36178555523776,397.94821505511385,22.603909558824096,459.99557862190187,461.24831891715667,0.0020286032563885392,17.084073929621358,0.11511242138182703,366847591,94.11766952630528,91.78290768986612,464.2966679890951,431.4666631062825,447.88166554768884,149320041.17567337,0.027889240758971562
2020-10-21,496.8999938964844,507.5,486.6000061035156,501.45001220703125,499.364990234375,27029535,6.217503925877684,0.015069603674110255,474.39500122070314,452.5480017089844,68.12143574134134,12.895627199688022,28.44482619616238,505.85235151205814,400.4026503189965,23.271529752664406,463.94361991572373,466.7972542961123,0.015183722673654865,17.356639641540145,0.17064373001099414,393877126,92.44695713861724,94.24697669006467,468.5008346557617,435.61583099365237,452.058332824707,184921022.0585578,0.04206076504971405
2020-10-22,496.0,513.0,495.6499938964844,510.29998779296875,508.17816162109375,30022336,6.234998764148641,0.017494838270957658,480.23500061035156,453.73200134277346,70.39147864934962,14.91485365183945,30.375544598943172,513.5910710038808,401.7189296064709,24.44464527270776,468.35851209450897,472.43555794182777,0.017648769309997814,17.35616581739554,0.18693497825153943,423899462,96.34886847689455,94.3044983806057,473.03166859944656,440.0916631062825,456.56166585286456,238771634.44139427,0.03497985101515247
2020-10-23,513.9000244140625,515.5,504.5,507.20001220703125,505.0910949707031,18810262,6.228905427190506,-0.006093336958135076,484.15000305175784,454.91400146484375,68.55009510104591,16.079607336534707,32.24998932262209,516.7491793607796,409.03582124957194,23.269626973907425,472.05770258141587,476.68781314852515,-0.006074810229458993,16.902153973295857,0.20506469540214034,405089200,88.5989159550788,92.46491385686352,478.0791692097981,445.3541631062826,461.7166661580403,40716309.503739506,0.02140494157894224
2020-10-26,508.25,509.8500061035156,490.8999938964844,493.3500061035156,491.2986755371094,17446937,6.2012188736747484,-0.027686553515757772,486.68500366210935,456.0640014648437,60.886672345035606,15.704076462023636,32.52818375548966,517.4729103419081,416.1420920994981,21.707195787863224,474.08554101209205,479.6832612593703,-0.02730679371092415,17.048429561419812,0.1383759984761421,387642263,69.23611958821614,84.72796800672984,482.56916910807286,449.6041636149089,466.0866663614908,-147521352.7905219,0.037284824804783574
2020-10-27,494.0,512.25,482.6499938964844,508.1000061035156,505.9873352050781,24239860,6.230678290612116,0.029459416937367422,491.36000366210936,457.4630017089844,65.33169582940968,16.407531458209917,32.02139435759569,522.295284359275,418.20471869248286,22.135154774914724,477.32501387794196,483.17486560371634,0.02989763822340996,17.944970742998084,0.1376994692204069,411882123,89.1575181003892,82.33085121456138,486.3400019327799,452.66999766031904,469.50499979654944,189184839.069826,0.05991904069537576
2020-10-28,510.79998779296875,517.5,493.5,504.70001220703125,502.6014709472656,30343575,6.223964217532924,-0.00671407307919214,494.70000610351565,458.6410021972656,63.53918521675123,16.500466412673802,31.82329594678785,524.2299649067498,424.0550387553595,21.127598931657143,479.93215657595044,487.1797621104687,-0.006691584049679511,18.377472832783933,0.16489755296464317,381538548,80.9948231136083,79.79615360073788,490.2941691080729,456.074164835612,473.1841669718424,-5717033.5084019005,0.046985122501074505
2020-10-29,506.0,516.3499755859375,489.3500061035156,493.8500061035156,491.79656982421875,50934336,6.202231839713184,-0.021732377819740023,497.82500610351565,459.6340020751953,58.06420197508787,15.519711643239134,31.254055353348395,522.8644402817567,432.3405646010558,18.953811007681367,481.25766605476616,491.04970909173824,-0.021497931129561554,18.993365450615215,0.07252773347889656,330604212,62.75591512364665,77.63608544588138,494.9775004069011,458.9924997965495,476.9850001017253,-370330915.4884777,0.05335962348304718
2020-10-30,495.0,501.54998779296875,481.6000061035156,492.5,490.4521789550781,23140833,6.199494460612144,-0.002737379101040105,499.8350067138672,460.7850018310547,57.40144484338661,14.466758426527122,30.04044033379547,522.9300285359268,437.15497512618253,17.868220643498724,482.3283645257408,492.3916376242931,-0.0027336358951722817,19.06169518196078,0.04061851913176625,307463379,60.62992125984252,68.1268864990325,497.7341664632161,461.5441670735678,479.6391667683919,-144270482.35644978,0.04030299331202652
2020-11-02,496.8500061035156,531.7000122070312,495.1000061035156,522.6500244140625,520.476806640625,37597227,6.2589120706907835,0.05941761007863988,502.8050079345703,462.4290020751953,66.57692783251105,15.882061888897056,30.41359455051332,527.3627009012959,440.57230581257136,17.933103873033232,486.1685226103429,496.02243812968993,0.06121832368337565,20.50014639803724,0.09837825500366379,345060606,88.3526558929552,70.57949742548145,502.1908330281575,464.0808354695638,483.13583424886065,707614713.84855,0.07366409510698535
2020-11-03,525.0,537.0,524.0,534.1500244140625,531.9290161132812,25991938,6.280676744098274,0.021764673407490776,506.82500915527345,464.19600280761716,69.29371833425895,17.727304637034138,30.965011436239617,533.7979805535671,442.5870292120579,18.683398542426158,490.73818944879235,499.54186672882867,0.02200325162692285,20.06084848288726,0.11114830816021061,371052544,96.29873300527598,81.7604367193579,506.5091664632161,468.0991689046224,487.3041676839192,435143095.94951665,0.024761904761904763
2020-11-04,525.0999755859375,533.8499755859375,511.0,525.1500244140625,522.9664306640625,28905623,6.263683982558477,-0.016992761539797563,509.19501037597655,465.6630035400391,64.85093266492709,18.253038361221,30.44306692489284,537.1251537755512,446.4648578211285,18.434570275322788,494.01550706453236,503.7395639533467,-0.016849198892900152,20.281503906542635,0.10155265054141958,342146921,83.98651947846284,89.545969458898,510.65333099365233,471.20333709716795,490.92833404541017,-28386039.350161105,0.04351547638226445
2020-11-05,534.9000244140625,542.5,527.5499877929688,539.2999877929688,537.0575561523438,23728389,6.290271979708226,0.026587997149749576,512.0950103759766,467.18200317382815,68.29296265429223,19.58569817693575,30.339284462754815,542.1155984625376,450.21441252379054,18.522303048640385,498.32831475295484,507.1464212478361,0.02694461148448779,20.07210902649941,0.1419747991952601,365875310,95.16979289504717,91.81834845959533,514.8233317057291,475.31833597819013,495.0708338419596,214375210.47690755,0.027949170919196943
2020-11-06,538.75,546.0,531.2000122070312,541.75,539.4973754882812,22256961,6.294804640416468,0.004532660708242098,515.5500091552734,468.5560034179687,68.8615477635112,20.602048599758177,30.39273061303458,547.9607905185001,451.7392216885312,19.250088557574614,502.4637133479115,510.4247436646085,0.004542948752989329,19.69552893839008,0.11676768702638525,388132271,93.40062049255565,90.85231095535522,518.4299987792969,479.4100036621094,498.9200012207031,107811620.91991483,0.02747097502175174
2020-11-09,550.0,568.0,548.25,565.0499877929688,562.7005004882812,26041462,6.336914201202706,0.04210956078623784,522.7200073242187,469.6730029296875,73.6930524496985,23.02224184785001,31.26254977679514,558.2541956665024,451.1508153198257,21.221091470909553,508.4243109141074,514.7819978103321,0.043008745349273125,20.16370544279079,0.16623960425953452,414173733,96.58563377844025,95.05201572201436,523.049164835612,483.8241709391276,503.4366678873698,440447704.780678,0.03590909090909091
2020-11-10,572.0,588.0,568.25,583.5999755859375,581.17333984375,34935409,6.369215774815075,0.03230157361236863,530.2700042724609,471.4100024414063,76.78182595725522,26.13581402459363,32.645569742584804,570.7099727608231,450.9200351737473,23.450747659469236,515.5838980257103,521.6692901924457,0.03282893229574824,20.362727354522253,0.2189976560790528,449109142,95.86463847136754,95.28363091412115,529.1366643269856,489.2616704305013,509.1991673787435,578850175.2551397,0.034527972027972025
2020-11-11,579.8499755859375,611.1500244140625,576.4000244140625,608.6500244140625,606.1192626953125,50289937,6.4112434299674295,0.042027655152354626,540.665005493164,473.8690026855469,80.16814967746238,30.275672884119672,34.454634459161916,588.3988964421911,446.96611515448865,27.320371019606515,524.4473386341248,532.1271114410971,0.04292332055527348,21.390389686342093,0.26428763025944757,499399079,98.07024342211423,96.84017189064069,536.445832824707,495.1608383178711,515.803335571289,1032793643.3605999,0.05992929458155996
2020-11-12,601.9500122070312,610.4500122070312,588.7999877929688,599.7000122070312,597.2064208984375,34244439,6.396429550529693,-0.014813879437736155,551.2500061035156,476.1750030517578,75.90834517300338,32.460169046616215,36.134480267412094,599.0452352725883,450.0297769344429,28.408923404752258,531.6142599267826,538.5118501899728,-0.014704693745222985,21.408935024036406,0.3009323313451502,465154640,91.16170545064362,95.03219578137514,543.0041666666666,501.7491709391276,522.376668802897,139939116.40490866,0.03596648222446802
2020-11-13,595.0,612.3499755859375,584.2999877929688,610.3499755859375,607.8121337890625,28813262,6.414032523115705,0.017602972586011845,563.0350036621094,478.88300231933596,77.44421670964466,34.651322160888185,37.32807438642415,610.7457338402799,452.1242765356967,29.847762333321054,539.1128995133687,544.2770653489267,0.017758818012545863,21.883295936103,0.32271296029831276,493967902,98.47036293169546,95.90077060148444,550.3833318074544,507.57333730061845,528.9783345540365,251219828.88619027,0.047142836626838235
2020-11-14,613.9500122070312,618.0,605.5499877929688,613.1500244140625,610.6005249023438,3211214,6.418609644025473,0.004577120909767807,572.0850036621093,482.04200256347656,77.84414212459464,36.19651642005829,38.57802663288993,622.2091561597188,452.6808554369609,31.543376325719976,546.1640542658157,547.2912133814717,0.004587611927791002,21.209489955455016,0.3031661652540214,497179116,96.44429926469189,95.358789215677,556.2166661580403,514.1266698201497,535.171667989095,89734313.6271025,0.020278543789380946
2020-11-17,613.1500244140625,630.9000244140625,609.0,628.7999877929688,626.1854248046875,25960060,6.443813221701779,0.02520357767630621,581.55,485.4440020751953,79.9806454188471,38.24307291635728,40.041007900622674,635.2583543643684,453.11665479090493,33.47039357598447,554.0341431731637,555.0763030849727,0.025523873042101908,21.25881384535555,0.3262973218257985,523139176,98.59341167880794,97.8360246250651,563.1508346557616,520.2258346557617,541.6883346557618,300760763.4185068,0.03571723647078147
2020-11-18,625.0,640.0,622.0499877929688,636.2999877929688,633.654296875,24928180,6.45567013105435,0.011856909352570888,592.6649963378907,489.2830017089844,80.9297290451851,40.00897247423984,41.59380389277946,648.1086933240026,453.75131338986466,35.27805324630663,561.868985517907,567.2544125923523,0.011927481147581354,21.02247087118953,0.33333868864413196,548067356,97.664133617676,97.56728152039194,569.7166681925455,527.0866663614909,548.4016672770183,224894487.80616894,0.02872001953125
2020-11-19,619.0,633.0,609.0499877929688,611.5,608.9573974609375,26525371,6.415914955127227,-0.039755175927123076,599.8849975585938,492.88800170898435,69.24041656944644,38.95822270306496,41.96393428083862,654.7061051095575,457.2739028250128,35.5100273162756,566.5957488019159,575.0988076972052,-0.03897530766736057,21.46729438039028,0.2606042327410934,521541985,80.33126211146688,92.1962691359836,575.6233352661133,532.333332824707,553.9783340454102,-363587755.4005885,0.038691457523475366
2020-11-20,615.0,616.5,592.0,607.8499755859375,605.3225708007812,29556191,6.409928100837185,-0.005986854290042309,606.4949951171875,496.1080010986328,67.6907467581161,37.39984731423556,41.09332483942184,659.5383036378881,462.5067006345729,35.12008916809383,570.5247227813466,583.1448305316296,-0.005968968788327866,21.6839162103624,0.2877729871795993,491985794,75.07750045421511,84.35763206111933,581.1175013224283,536.477498881022,558.7975001017253,-193116464.29132575,0.03983739837398374
2020-11-23,610.9500122070312,612.5999755859375,592.7000122070312,595.5999755859375,593.1234130859375,23728765,6.38956925981915,-0.020358841018034646,609.5499938964844,499.07600036621096,62.624905389545866,34.77548087211301,40.284901786677686,660.6020296368642,471.6679715838389,33.372615692252744,572.9128420960694,587.6963135548241,-0.020152999082037604,21.556491008115533,0.27789229065583865,468257029,65.58137642320736,73.66337966296312,586.2783315022787,541.5433339436848,563.9108327229818,-258157068.93044192,0.0325721629941842
2020-11-24,603.0,622.5999755859375,600.5499877929688,619.6500244140625,617.073486328125,30742369,6.429154841910645,0.039585582091494764,613.1549987792969,502.65800109863284,67.73083238522761,34.24157395506279,39.90055300568583,664.9795640094045,478.4454390423533,32.6272601122415,577.3640023168307,594.6509933766773,0.04037953293141938,21.945313078964425,0.2835064990545608,498999398,81.90309170578723,74.1873228610699,591.5641637166341,547.584167989095,569.5741658528647,406851294.05134356,0.03656714393527156
2020-11-25,625.0,630.0,596.0,599.8499755859375,597.3558349609375,35115637,6.396679583260657,-0.03247525864998746,612.2749938964844,505.6640008544922,60.413372311545885,31.853562373306204,39.79939077459809,665.1741063266493,487.76589306299906,30.774925556849077,579.5055235805552,599.3726604392964,-0.03195359969016032,22.80636214475268,0.2383463981947606,463883761,63.09739989083233,70.19395600660897,597.2333297729492,552.2533340454102,574.7433319091797,-327910453.4700273,0.0544
2020-11-26,602.25,618.2000122070312,594.0499877929688,612.5499877929688,610.0029907226562,35476456,6.41763055181196,0.020950968551302296,613.5599914550781,508.99500061035155,63.16245137984467,30.632715955416074,39.5534361064975,663.7847389905213,501.02525856807245,27.946099494954158,582.6526154103088,603.3885246912763,0.021171980868425866,22.902338021131953,0.33729283229562573,499360217,70.08173056454359,71.69407405372105,602.5116658528646,557.8166646321614,580.164165242513,191064131.68479556,0.04009966693908261
2020-11-27,612.0,613.6500244140625,598.75,601.5999755859375,599.0985107421875,29921076,6.399592732053743,-0.0180378197582165,612.6849914550781,512.1690002441406,59.33636467182756,28.45361632425272,39.32504962897553,658.2925307796723,517.4274643375151,23.962349373520155,584.4571259032259,606.186599536245,-0.017876112032071734,22.330744192055565,0.2976580680562266,469439141,46.48080221036585,59.88664422191392,607.898334757487,563.7083292643229,585.803332010905,-154736054.403408,0.024346445121017156
2020-12-01,611.0,615.0,596.2000122070312,603.6500244140625,601.1400756835938,21285697,6.402994600222465,0.003401868168722011,611.7349914550781,515.3750006103515,59.827006210746305,26.58562345622022,38.89113957439681,655.8985012608649,527.9214938563226,21.62102480654142,586.285020999496,608.4133829127327,0.003407661089295022,22.078547306406506,0.26460516147698615,490724838,42.84592839690525,53.13615372393823,611.4316670735677,569.0216634114583,590.226665242513,-22487539.340686783,0.03076921079045622
2020-12-02,607.0,613.5,601.25,608.0999755859375,605.571533203125,19070722,6.410339301977959,0.00734470175549351,609.664990234375,519.07,60.929022742968705,25.17410807239878,38.48822309514515,654.1311897326692,537.0838005017057,19.651765666235296,588.3626357220143,609.6929272838544,0.007371740233414803,21.376508213091757,0.2456648310020232,509795560,42.7288735674,44.018534724890365,615.1891662597657,572.8541625976562,594.0216644287109,49080008.02803929,0.02018121911037891
2020-12-03,610.1500244140625,611.0,600.3499755859375,602.7000122070312,600.1939697265625,17746316,6.401419580742908,-0.008919721235050915,606.3049926757812,522.8840002441407,58.8203847587293,23.350569219265253,38.02616733244334,648.291680007256,550.6783090064159,16.282871447206336,589.7281001491588,610.4172268996989,-0.008880058535939095,20.610330798875385,0.2197853871221761,492049244,33.03414790228679,39.53631662219735,618.6466684977213,577.5316599527994,598.0891642252604,-47526301.664318934,0.01745476356292848
2020-12-04,606.5999755859375,616.4500122070312,603.2000122070312,614.5,611.9448852539062,20019707,6.42080892900609,0.01938934826318217,606.6049926757812,526.7790002441407,61.92160014440073,22.59707690221228,37.872997889759056,643.8182030571554,562.6717871772196,13.451651739633942,592.0873287063818,611.15207762503,0.019578542482118655,20.120307170384287,0.2223263825015116,512068951,46.875,40.8793404898956,622.3083353678386,581.3633280436198,601.8358317057292,141646098.2577677,0.021843060556013594
2020-12-07,616.9500122070312,624.4000244140625,612.4500122070312,619.25,616.6751708984375,24658169,6.428509068369469,0.007700139363379321,607.7449951171875,531.115,63.12545210576132,22.128134751789275,38.10604168826537,636.8021084837775,577.4378817505975,9.778005536075513,594.6742497819645,611.652841829744,0.007729861676159411,19.536714673001928,0.21014891088737242,536727120,56.770833333333336,45.559993745206704,626.1183369954427,585.4583272298178,605.7883321126302,125299567.91925591,0.019369498290926622
2020-12-08,619.0999755859375,623.8499755859375,611.5999755859375,620.6500244140625,618.0693359375,16005349,6.4307673552982365,0.0022582869287672835,610.25,535.2270007324219,63.49181486539886,21.620240316519357,38.22821189048678,632.9813627762722,586.8186311202122,7.568901768657908,597.1481330802595,611.1477826146966,0.002260838779269303,19.01623505350179,0.19416088059341768,552732469,59.68755086263021,54.44446139865452,628.6566701253255,588.7466603597005,608.701665242513,56705108.876812525,0.01978678805213355
2020-12-09,619.1500244140625,636.7000122070312,619.0,634.2000122070312,631.56298828125,22000284,6.452364381352167,0.021597026053930435,611.7049987792968,539.1260009765625,66.91766778850652,22.05684352802325,38.90940345654383,634.495939389449,590.3640581691448,7.206028657686334,600.6768834732854,610.7916280716466,0.02183192984768012,18.922219135896757,0.19209626803461116,574732753,94.40716036402614,70.2885148533299,631.0550048828125,591.3499938964844,611.2024993896484,217637422.720168,0.028587598334962185
2020-12-10,624.5,632.4500122070312,620.3499755859375,627.0499877929688,624.4426879882812,16126862,6.441026262802661,-0.011338118549505616,614.425,543.1300006103515,63.52992731624434,21.577179213087902,39.541938482168234,636.2281813823035,590.4718125141808,7.460074850539852,603.1886076942076,610.990724687416,-0.011274084321096445,18.559920384839398,0.12044883298693751,558605891,78.41158438756631,77.50209853807422,631.3166717529297,593.8766571044922,612.5966644287109,-4325830.4414218515,0.019375559040982787
2020-12-11,626.3499755859375,631.6500244140625,608.3499755859375,613.25,610.7000732421875,17950692,6.418772683138599,-0.022253579664062606,614.4950012207031,546.9020007324219,57.48136361143911,19.85462633085797,38.80850088118346,636.0346062003398,592.0203864754415,7.168118689700817,604.1468355328545,611.855051709714,-0.02200779532990771,18.898500987931225,0.10194511177996916,540655199,46.70451771129262,73.17442082096169,632.3041727701823,594.6991556803385,613.5016642252605,-166588163.7973685,0.03719972816527738
2020-12-14,616.0,623.7999877929688,612.4000244140625,615.9000244140625,613.339111328125,14567480,6.42308465233265,0.004311969194051635,615.9250061035157,550.3460009765626,58.302359973202535,18.490182272900938,38.12745168026903,636.2595266626508,592.3504708959429,7.147761430227807,605.2661868548743,612.9604227353792,0.004321279109763543,18.362891158715154,0.0384280575305024,555222679,51.23100612784032,58.78236940889975,632.22333984375,596.2833251953125,614.2533325195312,-29793269.498211384,0.01850643405666599
2020-12-15,615.75,615.75,602.2999877929688,607.0999755859375,604.5756225585938,22311290,6.4086934819221515,-0.014391170410498866,616.2700012207031,553.6050006103516,54.536460335341516,16.50846087057255,36.489894432098154,636.1779544472339,591.8270382285474,7.223246889582649,605.4408334006898,612.5047771463657,-0.01428811248464712,18.02268726317077,0.021898795985115908,532911389,30.597843664225262,42.84445583445273,632.0808390299479,596.0408243815104,614.0608317057292,-140824717.4450418,0.02184330037682704
2020-12-16,613.5499877929688,614.9000244140625,604.7999877929688,606.0999755859375,603.579833984375,14860853,6.407044948676654,-0.0016485332454978519,616.0700012207031,556.7340002441406,54.10875003418767,14.687927454268902,34.96930555879662,634.2051350766241,591.5298563784542,6.963214560352854,605.5036088469038,612.7736303180673,-0.0016471751609524743,17.456783645879554,-0.04678643648051001,518050536,28.25317912126598,36.694009637777185,630.7758392333984,595.9158233642578,613.3458312988281,-56848807.815013945,0.016461636088405927
2020-12-17,607.25,611.0,603.2000122070312,605.4000244140625,602.8828125,14598759,6.405889436914777,-0.0011555117618762267,616.3400024414062,559.7800006103515,53.79075318491003,13.038363260214624,33.39599059559266,629.9526629982151,592.6923321189724,6.0950367486960335,605.4937436628237,613.0273556143787,-0.0011548444152276183,16.767012513528783,-0.09432049225482733,503451777,22.71607952353395,27.189034103008396,628.9558390299479,595.1108256022136,612.0333323160806,-25761881.58498512,0.012844771993361466
2020-12-18,604.4000244140625,611.0,596.5,609.5,606.9656982421875,17301814,6.412638948921326,0.006749512006548386,615.8400024414062,562.9320007324219,55.442613186326696,11.92444790409047,31.279678553356337,629.8692415734221,592.5757535437655,6.101458663353851,605.8752918854119,613.502425791947,0.006772341295997908,16.60508304827673,-0.017690260013572143,520753591,32.83947603202161,27.936244892273844,627.8741719563802,594.9741597493489,611.4241658528647,38704049.46662605,0.023990733643760306
2020-12-21,605.25,607.25,573.4000244140625,582.5,580.0779418945312,18580262,6.367329185439855,-0.04530976348147053,612.1650024414063,565.2210009765626,44.229554621802684,8.761984899673052,30.493913968600364,632.404863857776,587.5051337008176,7.361154551863049,603.6490736106108,612.3411138354443,-0.044298605414273995,17.997575372395357,-0.058124380958261564,502173329,14.375951565267615,23.310502373607722,627.4550048828125,593.6199951171875,610.5375,-321543366.1777913,0.0559272624302974
2020-12-22,585.0,593.9500122070312,568.4000244140625,589.75,587.2977905273438,19896386,6.379698718287784,0.012369532847928966,609.075,567.6560009765625,47.311032220584714,6.762767618153248,30.056106755323214,632.9882213576827,586.3367786423173,7.652011189037446,602.3253523143621,610.4974706067999,0.01244635193133048,18.537033402436315,0.011802568620662087,522069715,31.25912064677617,26.1581827480218,626.9241739908855,592.5241617838542,609.7241678873697,-11015256.392597124,0.04367519280849359
2020-12-23,589.0,594.5,584.2999877929688,592.4500122070312,589.986572265625,12247401,6.384266501867072,0.004567783579287443,604.9,570.2780010986328,48.45330063604717,5.3347463044959795,29.595967758337963,632.3023887359753,584.3026100433216,7.890774530897906,601.3848437327116,609.9289971627576,0.004578231805055122,17.94153188847881,-0.024742209976547715,534317116,35.21228710299215,26.949119771678642,625.1391754150391,591.9241607666015,608.5316680908203,18373669.338738784,0.01731750799156409
2020-12-24,595.0,614.0,594.1500244140625,610.2000122070312,607.6627807617188,15488083,6.413786792287537,0.029520290420465223,603.2150024414062,573.056001586914,55.31220458586147,5.571085773231744,27.515271033059555,632.5129228493948,585.1270795920115,7.78322708885603,602.2243835874087,609.5714817244523,0.029960333588105792,18.19927873879952,0.06814238218526905,549805199,61.20057871704615,42.557328822271494,624.3066752115885,592.5066630045574,608.406669108073,189400205.27957958,0.03336130350577731
2020-12-28,614.0,620.7999877929688,614.0,617.6500244140625,615.0818481445312,8444506,6.425921993510164,0.01213520122262679,603.6550048828125,576.157001953125,57.84745559509771,6.2870668347881065,25.988090924976383,633.0313327689987,585.1186733345169,7.866462946996092,603.6934922375663,608.8844380566422,0.012209131527358252,17.65647137073795,0.02293593648717416,558249705,72.10835842209347,56.173741414043924,623.9000071207682,593.8349985758464,608.8675028483074,105074516.94809228,0.011074898685616856
2020-12-29,620.7000122070312,632.4000244140625,618.5999755859375,630.2000122070312,627.5796508789062,13765454,6.446037248693265,0.020115255183100977,605.0850036621093,579.313002319336,61.78098603071663,7.77751180000746,25.292114330406275,635.8783000533855,585.1317097122395,8.31223166645241,606.2179227108486,609.2928945825138,0.02031893029531462,17.448866272828095,0.10428432868267988,572015159,90.48316081738868,74.59736598550943,624.9650085449218,595.0099975585938,609.9875030517578,150195692.09247932,0.022233041012929874
2020-12-30,632.25,634.0,618.2000122070312,625.0999755859375,622.5007934570312,10262221,6.437911597881515,-0.008125650811749985,606.8850036621094,581.9560015869141,59.356918355190246,8.449766195576217,24.74005309614267,637.5083255343955,585.6466793484171,8.479979394099287,608.0162134608571,607.9723360619266,-0.008092726947485862,17.331089238552426,0.11698482882205932,561752938,86.43288456349613,83.00813460099276,625.8558410644531,596.200830078125,611.0283355712891,15173428.75498823,0.024990095362544484
2020-12-31,622.4000244140625,625.9500122070312,616.0,620.4500122070312,617.8701782226562,12306502,6.430445040895108,-0.007466556986406303,608.3200073242188,584.4860015869141,57.15498123501701,8.509230353381781,24.036083996638407,638.3523741619701,586.0376343829516,8.54543722407371,609.2003847700165,607.3005442687991,-0.007438751496586793,16.803869450586628,0.10858525248472985,549446436,79.34452311614362,85.42018949900948,626.4000091552734,596.9749969482422,611.6875030517579,-33092046.163294937,0.015986522841798332
2021-01-01,620.25,625.4500122070312,617.5499877929688,623.7999877929688,621.2062377929688,6047062,6.435829784604881,0.005384743709772266,610.1600036621094,586.9330010986328,58.35361811822698,8.726082314604696,23.38239840424159,639.4923364746279,587.0076696288878,8.558445427567397,610.5908231531548,606.8168147087465,0.005399267499441418,16.16788051940633,0.154911976781313,555493498,84.45119511718568,83.40953426560849,627.1416758219401,597.9916636149089,612.5666697184245,2474324.6566686127,0.012736839039197903
2021-01-04,627.7999877929688,633.0,621.2999877929688,624.7000122070312,622.1024780273438,14068156,6.437271554040153,0.001441769435272633,611.6800048828125,589.2210015869141,58.68801383550969,8.868334860677805,23.28091996282884,640.4719430234493,587.0480643007695,8.704359750377444,611.9345554440002,607.4206574940861,0.0014428092845060192,15.848747068522398,0.09360342662921749,569561654,85.82318406386364,83.20630076573097,627.8116760253906,598.8166625976562,613.3141693115234,9265897.459449433,0.018636528248690557
2021-01-05,618.0,667.9000244140625,618.0,664.4500122070312,661.6871948242188,37973963,6.498959649149149,0.06168809510899553,619.8750061035156,592.3660015869141,70.1049626876665,12.04966281146801,24.818510226522523,650.6749415066793,581.3650670382426,11.251237620163618,616.9360275166699,614.8328532340018,0.06363054141709612,18.280981164632404,0.18003118806170973,607535617,96.5326510482098,88.93567674308638,631.2800099690755,598.489995320638,614.8850026448567,1009398651.9864831,0.08074437607453479
2021-01-06,662.0,667.1500244140625,649.1500244140625,654.25,651.5296630859375,20829645,6.483489541410255,-0.015470107738893901,626.3250061035156,595.5840014648437,65.13092077815207,13.591161938033792,26.246272614238084,656.1407911352126,579.259214968303,12.446426386121866,620.489739181749,619.1961697322351,-0.015351060304974573,18.260911081444373,0.12682492106646803,586705972,86.28138249842965,89.54573920350101,633.4750111897786,600.1099965413412,616.79250386556,194824461.81674278,0.027190332326283987
2021-01-07,659.0,676.5,659.0,671.0999755859375,668.3095703125,17887570,6.508918120785021,0.025428579374765725,634.1900024414062,598.8440008544922,69.03896457203135,15.988161734215169,27.90074665390682,664.0415119649049,575.0484904765015,14.364254624451576,625.3097616964336,623.9644972001862,0.02575464361625901,18.54584600419835,0.10097176179246081,604593542,95.00460163400354,92.606211726881,635.410009765625,602.0649963378906,618.7375030517578,265878232.46674627,0.026555386949924126
2021-01-08,678.0,678.8499755859375,668.5,672.7000122070312,669.9028930664062,12272794,6.511299483177883,0.0023813623928621297,640.4400024414062,602.2040008544922,69.38979760176682,17.811590003171546,29.516793831943772,671.9565987330831,571.6984061497295,16.123151869243785,629.8231188879191,628.1571799467735,0.0023842000883649295,17.960426688608287,0.0896067569460128,616866336,94.4319003189634,91.90596148379886,637.6591735839844,604.4891662597656,621.074169921875,101717357.38434187,0.015265450716721977
2021-01-11,676.0,676.6500244140625,660.1500244140625,666.9500122070312,664.1768188476562,7928365,6.502715098889821,-0.008584384288061742,645.3700012207031,605.6660009765625,66.4746299811072,18.578531353457265,30.1801431852246,678.1462876449897,570.8787184585259,17.176208428540264,633.3590134897394,633.2504504159311,-0.008547643668289973,17.85611049656484,0.12139094894804695,608937971,89.22592246293681,92.88747480530124,639.827505493164,607.3375030517578,623.5825042724609,3513719.961447295,0.02440828402366864
2021-01-12,661.2999877929688,685.0,659.25,675.7000122070312,672.8905029296875,13301893,6.515749208623885,0.013034109734063826,649.9200012207032,609.3300012207031,68.63411571077316,19.66569587173285,31.134322795303934,685.3818573569556,569.6231475258569,18.447529592427053,637.391489558053,640.706185252402,0.01311942400457422,18.419959746810207,0.15190161451174217,622239864,90.76466070942602,91.4741611637754,643.3425069173178,609.417500813802,626.38000386556,78765615.82048243,0.03893845527797209
2021-01-13,676.0,691.2000122070312,669.0499877929688,687.7999877929688,684.9401245117188,15645903,6.5334980802502285,0.017748871626343643,656.1900024414062,612.6330004882813,71.3795689627045,21.25859266787279,32.25532938239898,694.2176397241102,568.8573663794053,19.85001250740147,642.1922989137593,646.8776194426736,0.017907318880186818,18.68639293732823,0.2119648413311076,637885767,96.49662561388922,92.16240292875068,647.4925079345703,612.6975006103515,630.095004272461,152465234.820125,0.032766308304826186
2021-01-14,678.5,687.7999877929688,674.6500244140625,676.0,673.189208984375,9337503,6.516193076042964,-0.01730500420726422,661.7450012207031,615.47,65.3703367483555,21.32301600138817,33.296264070415816,699.4212343841317,570.6437741607903,20.27887696408205,645.4120799695918,651.5547705956432,-0.01715613260016602,18.29093368315523,0.22801453683121256,628548264,80.31086813008709,89.1907181511341,651.1891713460287,616.0891713460287,633.6391713460287,-22633202.67116438,0.01938093349875645
2021-01-15,677.5999755859375,682.9500122070312,669.5999755859375,674.8499755859375,672.0439453125,12339771,6.514490407778269,-0.0017026682646950064,666.85,618.4639990234375,64.79778412898094,21.038752950440653,33.715707041616646,703.6137189130559,573.3962847490534,20.394113404057155,648.2156890759104,654.4321841959685,-0.0017012195474297442,17.938012464436554,0.2423567577800551,616208493,78.25793355447752,85.0218090994846,654.9300059000651,619.2750010172526,637.1025034586589,-17005092.83301508,0.019701943775233526
2021-01-18,674.4500122070312,675.0,651.1500244140625,657.0,654.2681884765625,13460603,6.48768401848461,-0.026806389293659194,670.0799987792968,620.8179992675781,56.52269310538505,19.15235218913415,32.412283616850765,705.0418090474515,576.7181946146578,20.02303302742494,649.0522901162999,656.719202538103,-0.026450287073714884,18.360295544543764,0.17508675624795336,602747890,54.521267745441236,71.03002314333528,658.1666717529297,621.5766693115235,639.8716705322265,-165849320.8923364,0.03536211009603546
2021-01-19,663.5499877929688,671.9500122070312,659.75,668.75,665.9692993164062,9010539,6.505410298210216,0.01772627972560592,670.5099975585938,623.3579992675782,60.13198618278119,18.393464388234293,31.20196186528245,704.4887860072383,585.896217654871,18.38095886356428,650.9282624861761,658.7380004893853,0.017884322678843212,18.116703877578583,0.22658687325014798,611758429,70.14626520907379,67.64182216966418,661.0391733805338,626.6141672770183,643.826670328776,15299448.53588786,0.018385973071312484
2021-01-20,664.0,680.9500122070312,664.0,675.75,672.940185546875,9980614,6.515823185156557,0.010412886946340905,672.6599975585938,625.5719995117188,62.14799866712756,18.147686602478302,30.60871101548744,704.3930232686012,594.5919803935083,16.90566751202529,653.2922374874927,661.8111199879511,0.010467289719626072,18.033368758253776,0.19998549521763312,621739043,79.0223936380919,67.89664219753564,665.0858408610027,631.5208323160807,648.3033365885417,51676014.84529595,0.025527126817818147
2021-01-21,680.75,695.0,669.75,675.8499755859375,673.0398559570312,15849438,6.515971121806343,0.0001479366497862955,673.1349975585938,627.4169995117187,62.177415805063006,17.75628967630564,30.766773852284302,702.9847655120892,604.3402344879108,15.091049436701413,655.4405934968685,664.3390597104789,0.00014794759295222448,18.548842418378506,0.1412009027956846,637588481,75.12983842329545,74.76616575682039,670.3275065104167,635.257499186198,652.7925028483072,18281709.51565204,0.037091443261109074
2021-01-22,670.0,673.9000244140625,638.7999877929688,644.5,641.8201293945312,21392223,6.468474822379242,-0.04749629942710154,670.3149963378906,628.1339990234375,49.25155560319021,14.746436030126233,28.69413622002335,700.7637714973933,609.9912272819034,13.8504212152578,654.3986322114524,665.6247578250226,-0.046385997955771474,19.870352802277807,0.05316220581764151,616196258,34.41558441558441,62.855938825657255,673.40417582194,636.8091623942057,655.106669108073,-441003209.3474031,0.05238811435984142
2021-01-25,654.0,668.0,639.3499755859375,658.4000244140625,655.662353515625,21325345,6.489812686443757,0.02133786406451499,669.4599975585937,629.3079992675781,53.834142727018374,13.329071889880993,26.769544132923894,699.372867885751,615.4571308935458,12.764499907990166,654.7797171831295,667.4578944549049,0.02156714416456551,20.49747220311957,0.07258109697033154,637521603,34.875502426744255,48.140308421874714,676.3850107828775,637.6049936930337,656.9950022379558,50614140.9764027,0.04380737677991208
2021-01-27,659.9500122070312,663.7999877929688,627.4000244140625,632.0999755859375,629.4717407226562,24462588,6.449047570854518,-0.04076511558923901,665.0999938964844,629.7429992675782,45.46809349942639,9.968693561349824,25.421591453697204,699.2288854955261,615.7911096216615,12.689963070322612,652.6197417929206,665.3823109871147,-0.03994539467329228,21.63336442996148,-0.01999285401359173,613059015,6.952593001901481,25.414559948076715,678.2166727701823,637.1766642252604,657.6966684977212,-412040125.58273554,0.055155637102234506
2021-01-28,622.0,674.7000122070312,616.0,670.7000122070312,667.9112548828125,64303975,6.508321961306126,0.059274390451608205,663.3899963378906,630.8939990234375,56.221366285071184,10.301520372743425,24.753902545699166,699.0886681931522,620.4913305861446,11.91247786109453,654.3416723085503,662.1617307284565,0.06106634727412019,24.280982128323608,0.14101854484557189,677362990,69.24052178105221,37.02287240323265,681.7633412679037,636.4333302815755,659.0983357747396,1517410484.7270193,0.09437300997914992
2021-01-29,671.0,675.8499755859375,653.0,662.9000244140625,660.1436767578125,31273252,6.496624186076524,-0.011697775229602136,662.0799987792968,631.5759997558594,53.908052662935646,9.822664627555696,24.05471746306015,696.8234276185628,627.0015723814372,10.54850229254254,655.1567534614562,661.8559998391053,-0.01162962226182429,24.178767375296026,0.1263621775550207,646089738,59.36711951147152,45.1867447648084,684.5641723632813,637.9441650390625,661.2541687011719,343182839.0113828,0.03405361488217213
2021-02-01,665.0,717.0,654.3499755859375,709.3499755859375,706.4004516601562,30648270,6.5643490233404815,0.06772483726395784,665.5299987792969,633.0369995117187,63.5314363283445,13.040962759680156,23.476882935097688,702.3166510989042,630.0633476803926,10.84575023412373,660.3180127114068,665.0161927096065,0.070070824349316,26.926714306636487,0.1673592525395743,676738008,92.42571840191832,73.67778656481401,690.8666717529297,638.7716644287109,664.8191680908203,1063468043.0054219,0.09421056302866541
2021-02-02,719.25,744.9500122070312,704.2000122070312,714.2000122070312,711.2304077148438,28703320,6.571163052252243,0.006814028911761305,671.25,635.0909997558593,64.36797813357134,15.80070395821599,23.927343969447186,707.2947812970558,634.035217482241,10.92342136260071,665.44963171099,669.8900816306972,0.006837297227066941,27.914091856162454,0.14062402343292402,705441328,76.1535501441982,75.98212935252934,697.0583384195963,642.0583323160806,669.5583353678386,447297449.76645577,0.05665623913799096
2021-02-03,720.0,736.7999877929688,715.5499877929688,733.7999877929688,730.7488403320312,23541361,6.598236495285816,0.027073443033573064,677.7549987792969,637.61,67.60226701702585,19.34636016952868,24.345629215628865,719.7737828840804,628.4912134538101,13.540746022215036,671.9591894330833,673.6435276670578,0.027443258542336535,27.53451212257496,0.106425135734487,728982689,91.35321957460465,86.64416270690707,699.5558359781901,647.4208323160808,673.4883341471354,456705883.82864606,0.029513888888888888
2021-02-04,730.0,745.5,720.5999755859375,743.9000244140625,740.8069458007812,20490289,6.611906650016307,0.013670154730490935,684.5700012207031,640.5760009765625,69.15594806781266,22.709525533698297,25.015078181108073,732.4405918030967,624.7894069762002,15.863366551537883,678.81069752651,677.4284198895244,0.013764018518821919,27.346334429109785,0.1731968550262685,749472978,98.76449761703668,88.75708911194651,703.8916697184245,651.0666636149089,677.4791666666666,290203740.79407835,0.03410962248501712
2021-02-05,749.0,766.2999877929688,717.0,719.5999755859375,716.60791015625,31121503,6.5786954681491085,-0.03321118186719829,688.9450012207031,642.575,61.51265361151137,23.1472207069869,26.23364043491439,737.5937829665825,624.4862158127144,16.608065202519043,682.6953906750269,682.6084348004887,-0.03266574543704992,28.914452526528283,0.08438734936096343,718351475,68.92879840325845,86.34883853163326,708.7533355712891,652.7483306884766,680.7508331298828,-407434781.4050663,0.06582107849528539
2021-02-08,726.0,747.7999877929688,726.0,736.1500244140625,733.089111328125,15662890,6.601433935475939,0.022738467326830047,698.1100036621094,645.3010009765625,64.39864109586236,24.546590100189178,27.365162527734537,745.4626697203613,622.9623302796386,17.903844118709124,687.7863081739827,685.8768332694849,0.022998956906090884,28.86342107513564,0.0866467569979402,734014365,79.94014249659394,82.5444795056297,712.4908365885416,655.340830485026,683.9158335367839,37002802.391345054,0.03002753139527376
2021-02-09,735.75,750.0,726.2000122070312,742.5,739.4126586914062,22307807,6.610022870676855,0.008588935200916303,706.5200012207031,647.9000012207031,65.468554653562,25.869779670377397,28.478878986000602,753.6740394489159,622.305959330381,19.09447524456435,692.9971359669366,689.6696487726417,0.008625925932681744,28.501747269266577,0.10598484697431819,756322172,84.16501016237464,77.67798368740903,716.438335164388,658.5583302815755,687.4983327229818,106770287.34765212,0.032347927683273874
2021-02-10,741.5499877929688,746.4000244140625,726.0999755859375,734.7999877929688,731.74462890625,15140744,6.599598336728244,-0.010424533948611092,716.7900024414063,650.5640014648437,62.99625619791305,25.997408363606496,29.505434092716023,759.4102542718688,622.4797420660218,19.817859969856187,696.9783599503683,692.0142876451408,-0.010370386810816479,27.915911666327894,0.09210538975861289,741181428,79.04191446549564,81.0490223748214,719.2883371988931,661.9533274332682,690.6208323160806,-42132513.29980605,0.02737515900788136
2021-02-11,731.0,744.1500244140625,731.0,740.0999755859375,737.0226440429688,11897710,6.606785279215901,0.0071869424876576105,723.7299987792969,653.2930004882812,64.00386545753392,26.223926641061325,30.458663834666055,765.2635717298126,621.8564233873749,20.67696361486337,701.0851804870891,694.0551118682466,0.007212830540304749,26.861205434023223,0.07839021607742157,753079138,82.56818740190415,81.92503734325815,721.6250040690104,665.1899943033853,693.4074991861979,27994307.40958613,0.017989089485721615
2021-02-12,735.5,754.7000122070312,734.5499877929688,750.4000244140625,747.2798461914062,15668442,6.620606430226746,0.013821151010844801,732.4799987792969,656.1390014648438,65.9446652436735,26.924206375885774,31.684822685646825,772.5829598122729,621.9770377463209,21.599059535568546,705.781832289658,698.8612277766564,0.01391710467220375,26.381835361168886,0.11465546188101235,768747580,89.42118119077448,83.67709435272475,725.3283406575521,668.1933247884115,696.7608327229817,116921914.24362506,0.027396362221702924
2021-02-15,759.9000244140625,799.0,753.9000244140625,794.0,790.6985473632812,20648115,6.677083461247136,0.05647703102038992,740.9450012207031,659.9650012207031,72.66356785982015,30.644090757593517,33.84916597919411,788.6710952438552,617.8039047561447,24.297223980193117,714.1835625477859,706.3158489238247,0.05810231099070373,27.96884537722379,0.15437802864813913,789395695,97.26775956284153,89.75237605184005,732.2408386230469,671.9308288574218,702.0858337402344,639145511.3449616,0.05934988042764286
2021-02-16,799.0,799.0,767.0,775.0499877929688,771.827392578125,23968943,6.652927527651311,-0.02415593359582502,747.0299987792969,663.1760009765625,66.52061244552084,31.697627795036283,35.85891332320231,797.2499681756195,621.0300306036773,24.849809307557518,719.9803649520891,715.7983770175921,-0.023866514114648907,28.256784993136375,0.13978560857468633,765426752,86.91256163550204,91.2005007963727,738.6133392333984,677.4883270263672,708.0508331298828,-89759337.84477022,0.04005006257822278
2021-02-17,774.0,785.0,764.2999877929688,777.75,774.51611328125,16956357,6.656405135777747,0.003477608126435605,751.425,666.3460009765626,66.94934029392422,32.37720761245362,37.50512123069185,805.4731805953929,623.706818183904,25.436454829586292,725.4822349566521,732.0376666396029,0.0034836620212326252,27.71701550841458,0.13910724053653936,782383109,85.44520547945206,89.8751755592652,744.4816721598307,682.5066599527995,713.4941660563152,601801.3095964454,0.026744201817869833
2021-02-18,775.0,782.0,764.0,777.0,773.7692260742188,19685663,6.655440350367647,-0.0009647854100993669,754.7349975585937,669.4730004882813,66.69385246649045,32.4808418555873,39.0079799946368,812.5746685733016,626.7303302059954,25.82417743632161,730.3886887703043,742.0328403893095,-0.0009643201542912649,27.022942972099255,0.14656403173118987,762697446,84.79087709171432,85.71621473555615,749.5725046793619,687.4924936930338,718.5324991861979,-9642231.06346785,0.023225806451612905
2021-02-19,772.9000244140625,777.2000122070312,741.3499755859375,749.6500244140625,746.532958984375,15634787,6.619606463508193,-0.035833886859454545,757.7400024414062,671.7820007324219,58.00139258054123,30.01012029727724,38.63907631544417,814.8646474403458,631.8203562217636,25.305341626577665,732.2231016887574,748.0905931473703,-0.03519945377855538,27.653449661313147,0.14620131397703925,747062659,47.943057024741776,72.72637986530272,753.8958404541015,690.755825805664,722.3258331298828,-288288105.51537794,0.04638379543107371
2021-02-22,749.6500244140625,749.8499755859375,715.0,719.4500122070312,716.4585571289062,18123202,6.578487048176598,-0.04111941533159502,756.0700012207031,673.6300012207031,50.218275795647855,25.32325633282926,36.73516842108152,811.2323245494193,642.9476803333931,23.144953671617525,731.0066169762121,749.6115478748013,-0.04028548152270928,28.167487227357746,0.14922819526845382,728939457,5.297633579799107,46.0105225654184,757.6683369954427,694.5533284505209,726.1108327229817,-460976649.59212136,0.04648832715396328
2021-02-23,732.3499755859375,734.9500122070312,712.5999755859375,715.9500122070312,712.9730834960938,16804763,6.573610349170132,-0.004876699006465479,753.4150024414063,675.6840014648437,49.391078239639974,21.083425519283765,34.84113504048399,808.2488381698267,651.6861654922827,21.44789628097433,729.5726546172424,749.6641194465049,-0.0048648272160884964,27.75195504119603,0.11041705108182258,712134694,3.8773561047148233,19.039348903085237,760.6491709391277,698.1641611735026,729.4066660563151,-192869996.86404046,0.03051824587447001
2021-02-24,722.0,754.9000244140625,717.0499877929688,749.4000244140625,746.2840576171875,11207286,6.619272918937733,0.0456625697676003,754.8750061035156,678.3540014648438,56.727327555734185,20.18973083550793,33.875585459705725,800.2552382454404,671.4097702994815,17.51016259785265,731.4609755502729,750.3039874869213,0.04672115599791127,28.55181626732712,0.17114843574200178,723341980,42.59263707121755,17.255875585243828,765.689175415039,703.0591583251953,734.3741668701172,185632570.0504468,0.05242387343641794
2021-02-25,765.0,783.5,762.1500244140625,770.6500244140625,767.4456176757812,26635119,6.64723434627256,0.027961427334827427,757.9300109863282,681.6250024414062,60.63161622405595,20.954616985421353,33.88005988688867,799.5189496712733,682.1410600943518,15.844105773697539,735.1932659182529,754.6125297454407,0.02835601722406511,28.948113361513574,0.0401283140424474,749977099,67.18753752883981,37.8858435682574,769.7366739908854,710.841660563151,740.2891672770182,439208375.8501489,0.027908464818218955
2021-02-26,746.0,758.7000122070312,718.6500244140625,724.7999877929688,721.7862548828125,31306177,6.585895737886839,-0.06133860838572147,755.3700073242187,683.9990026855469,50.1232967672633,17.657534928138944,31.894258376973312,791.2837625807837,696.566243522732,12.732132764660129,734.203429906321,753.2500893050571,-0.059495276933202335,30.594676692834035,-0.0019684598746923508,718670922,14.120380508880471,41.30018503631262,774.1033416748047,713.4883270263672,743.7958343505859,-810523449.3275789,0.053686310714435324
2021-03-01,738.0,743.5,722.25,728.5499877929688,725.5206909179688,14301187,6.591056240704622,0.005160502817783019,748.8250061035156,686.462001953125,50.87324020091611,15.172270810004306,30.05029983205191,790.132737455414,699.6372698688048,12.148917905677065,733.6650068479066,753.2238913673929,0.005173841146740132,29.927199786203033,-0.07454655917817771,732972109,18.460657060225575,33.25619169931529,773.9266743977865,717.4516621907552,745.6891682942709,-234421515.60919303,0.028794037940379404
2021-03-02,730.4500122070312,740.5,722.0,731.25,728.20947265625,14503453,6.5947553985460665,0.003699157841444922,744.4450073242188,688.897001953125,51.439393461908885,13.267608776015436,28.327562353315447,789.2497923209502,702.2252137825654,11.669599313733963,733.435006195725,753.0125693246077,0.0037060081700235337,29.11097123004567,-0.039388245101278536,747475562,21.58567030569845,18.055569291601504,773.3208404541016,719.0708282470703,746.195834350586,-52034171.77366169,0.025326852886349942
2021-03-03,740.5,760.7999877929688,735.0999755859375,753.9500122070312,750.8150634765625,13603791,6.625326069002575,0.030570670456508076,742.0650085449219,692.3260021972657,56.027582295416025,13.434981560476558,27.453496014483758,790.0375820407266,703.4524265041953,11.595009680833366,735.3888162920399,753.5221100954731,0.03104275173611115,29.14232955596875,-0.06849322963375176,761079353,47.85882515834521,29.30171750808975,774.6050079345703,719.9099945068359,747.2575012207031,188526090.58338067,0.03470629602570054
2021-03-04,731.0999755859375,751.4500122070312,731.0999755859375,736.7999877929688,733.736328125,16896947,6.6023164683734645,-0.02300960062911006,738.0450073242188,695.267001953125,52.027974253429484,12.04491576529449,26.456094385651465,789.8860375836771,702.8939672991355,11.655042270126158,735.5232135778426,753.0499127191287,-0.02274689851633449,28.692880060620535,-0.13712052576402398,744182406,28.009265473184804,32.48458697907616,774.5333414713542,720.2933268229167,747.4133341471354,-130346672.18761985,0.027834820545280806
2021-03-05,732.0,744.0999755859375,720.5,730.75,727.7115478515625,16358252,6.5940714039913555,-0.008245064382109035,736.1550048828125,698.0330017089843,50.65423055692014,10.335948771165363,25.042803285813225,789.3272472920962,704.5677600321226,11.347449030141696,735.0686218085243,749.3315695155786,-0.008211167064607339,28.329101169571747,-0.07088742668737956,727824154,21.006966765519103,32.291685799016385,773.1225077311199,721.4524943033855,747.2875010172527,-109427040.67207772,0.03224040380592555
2021-03-08,735.0,752.5,732.0,743.2999877929688,740.2093505859375,13898556,6.611099715308496,0.017028311317140776,738.5400024414063,700.6950012207031,53.40277245759966,9.880364553880327,24.055662351794552,789.4342697235893,705.1757339385201,11.274986194206917,735.8525614260905,745.9278072029806,0.017174119456679682,27.859165371745195,-0.06420379443665526,741722710,42.40331747881052,30.47318323917148,773.3550079345703,721.8149932861328,747.5850006103516,79808791.86923581,0.027891156462585033
2021-03-09,758.7000122070312,758.7000122070312,740.0,745.4500122070312,742.3504028320312,18951683,6.613988079249793,0.0028883639412971007,741.4900024414062,703.2510009765625,53.87674929240439,9.58234052432158,23.375736135534886,789.5340753233993,705.3709295594133,11.259999195812934,736.7666043576087,744.0548518827796,0.0028925392834278085,27.2049401456942,-0.11068052943072883,760674393,46.33289888483901,36.581061043056216,773.5241760253906,722.4941589355469,748.0091674804687,53767318.048127435,0.024647438916777637
2021-03-10,750.5,765.7000122070312,749.1500244140625,760.75,757.5867919921875,13377990,6.63430478877708,0.020316709527286925,742.625,705.8620007324218,57.21216327389545,10.460157299185312,23.009408251485695,790.7913185374254,706.7086875660904,11.229733639883902,739.0507372759317,742.3894813484543,0.020524498681904202,26.70815870671604,-0.08972533886191707,774052383,67.91256394054541,52.21626010139832,774.4750071207683,723.8199961344401,749.1475016276042,154377828.4790145,0.022051949091230847
2021-03-12,772.5999755859375,776.5999755859375,745.0,750.5999755859375,747.4789428710938,16343307,6.620872854174857,-0.013431934602222917,740.6199951171875,708.3720007324218,54.40154567185792,10.219012855587039,23.065536458040693,791.1329723337116,707.4170337698041,11.172925591129669,740.1506647340275,742.5194020416368,-0.013342128707279022,27.057574198089004,-0.13120735090725674,757709076,53.596596494913165,55.94735310676587,776.3466705322267,723.8466644287109,750.0966674804688,-59130700.5446742,0.04090082395093551
2021-03-15,754.0,754.0,716.6500244140625,744.4000244140625,741.3048095703125,22466579,6.612578557565063,-0.008294296609794749,742.5799987792968,710.8510009765625,52.698533363561666,9.419043037284041,21.705287883404445,790.8823954919878,707.0676106115277,11.190598423038177,740.5553656559356,743.199112219031,-0.00825999383631093,27.792745725792468,-0.12338731849947032,735242497,44.85195751472505,55.45370598339455,776.7966684977214,722.5766672770183,749.6866678873698,-112571362.04760624,0.049535776639174404
2021-03-16,751.0,752.0,735.9500122070312,737.75,734.6824340820312,11358574,6.603605013823048,-0.0089735437420142,743.5,713.1300012207031,50.859464528342244,8.154460257294772,20.442199921242217,782.8277316042156,709.4972744992999,9.827679199235922,740.288187974418,744.672913593226,-0.008933401660346396,26.953977302019346,-0.19724709106626204,723883923,31.563176203127995,43.33724340425541,773.3241689046224,722.0091664632162,747.6666676839193,-87880316.95515913,0.021371488406083557
2021-03-17,739.0,742.0,724.7000122070312,727.9000244140625,724.8734130859375,12380976,6.590163709664619,-0.013441304158429368,743.1650024414063,715.1940014648437,48.177574382375965,6.285008912757803,19.203536327348242,778.760892292537,708.8491174730879,9.399207367590098,739.1083628734318,744.1969989961749,-0.013351373210352402,26.26440662280145,-0.191897288116074,711502947,16.828727163165247,31.08128696033944,770.1483357747395,720.3033345540365,745.225835164388,-110594979.8717718,0.023409997013489513
2021-03-18,736.0,743.0999755859375,707.25,718.75,715.761474609375,12261544,6.57751359211156,-0.01265011755305867,739.6450012207031,716.2800012207031,45.76344948050374,4.018798545257937,18.763777129702074,773.7518463700388,707.9581633955862,8.880777283114902,737.1694711712003,739.7993680567947,-0.01257044114186967,26.94909012016831,-0.22276502610251186,699241403,16.5825581088336,21.65815382504229,768.2733337402344,716.9133361816406,742.5933349609375,-111660611.25999165,0.04870920595915421
2021-03-19,709.0,729.3499755859375,703.5,726.25,723.2302856445312,20377672,6.587894308166121,0.010380716054561034,738.5900024414062,717.7200012207031,48.06083288861468,2.7957699263306495,18.499544568283856,767.2625502957457,709.3724594698793,7.8408124476277665,736.1295215358479,738.7417511606898,0.01043478260869568,26.870581939151826,-0.20229187699473813,719619075,31.121761420090674,21.51101556402985,765.9341654459636,713.7891703287761,739.8616678873698,64668156.24666945,0.0364597681042842
2021-03-22,719.0,730.0,709.2999877929688,716.2000122070312,713.2220458984375,14802230,6.573959474608498,-0.013934833557623705,737.1350036621094,718.622001953125,45.29226958744176,1.0039875670330503,18.21873933978662,766.6246326467029,706.6653758982189,8.139504971964355,734.2314730283415,737.8450577393878,-0.013838193174483648,26.42982695828607,-0.19249085024855628,704816845,17.373483513822674,21.692601014248993,763.2983306884765,712.6683380126954,737.9833343505859,-77618768.45692073,0.028790003069584492
2021-03-23,718.0,739.5,714.0999755859375,730.5499877929688,727.5123291015625,15949688,6.593797658408722,0.019838183800223952,735.8600036621094,719.7790014648438,49.7439297435367,0.7334554226778209,17.43781389430736,766.2833714541384,708.1166346493771,7.89022471025105,733.8808553868774,737.5684846163854,0.020036268278908365,26.356269633698673,-0.13920503659621894,720766533,37.00409962677532,28.499781520229565,762.8233327229817,713.138335164388,737.9808339436848,126712166.1165733,0.035376078571117686
2021-03-24,723.25,725.0,703.2999877929688,706.4000244140625,703.4628295898438,14379147,6.560181683850994,-0.03361597455772802,731.9550048828125,720.5680017089844,43.350711477567025,-1.4133512325864785,17.19082660978928,767.4527104560188,705.9922968681999,8.34241024026153,731.2636333894666,735.1011889783207,-0.0330572360309862,26.42010751700591,-0.135708491574156,706387386,4.229245753559483,19.535609631385835,762.3108317057292,712.6908365885417,737.5008341471355,-189266526.941082,0.030003473497450743
2021-03-25,709.5,710.9000244140625,680.0,694.5999755859375,691.7117919921875,21179280,6.543336105161596,-0.016845578689397733,725.3400024414062,720.9460009765625,40.60466796235077,-4.0205301284694315,17.84413533208269,769.1539772190615,698.8110252223448,9.583736925570802,727.7718564557971,730.9737540125883,-0.01670448530620139,26.74010158108138,-0.1584493497115989,685208106,15.113850182031397,18.782398520788743,759.6991638183594,710.774169921875,735.2366668701172,-229699867.7433815,0.04355183145040521
2021-03-26,707.0,707.0,693.1500244140625,698.2000122070312,695.296875,13143312,6.54850561215451,0.005169506992913853,720.1000061035156,721.1540014648438,41.815615770702486,-5.7301912409003535,18.450779145640855,764.5903750428739,696.1296261778292,9.373562189582264,724.955490336867,729.0379161808498,0.005182891948789514,25.81937829571396,-0.1592717912870033,698351418,18.840597108474537,12.72789768135515,755.6916636149087,707.5166697184245,731.6041666666666,-45022352.89948656,0.019589781592556577
2021-03-30,705.0,713.2999877929688,691.0,695.3499755859375,692.458740234375,25965218,6.544415280814153,-0.004090331340356634,715.1950012207031,721.5410009765625,41.101192263077934,-7.2317213444489425,18.62510040562907,766.3308321639095,691.4441678360906,10.274104622156207,722.1359175034451,724.978887647937,-0.004081977329224995,25.567993259803586,-0.14375053734623464,672386200,15.89024789378111,16.61489839476236,753.0958292643229,706.6958353678385,729.8958323160807,-64341999.0829506,0.03163118835882092
2021-03-31,696.0,703.5499877929688,692.0999755859375,697.4500122070312,694.550048828125,14924620,6.547430844040619,0.0030155632264659005,711.1650024414063,721.9930017089844,41.8890294564043,-8.158196751022842,18.786970147046695,767.2069464653835,687.4580559760227,10.96457127318192,719.7848789037866,721.2902623792014,0.003020114611097968,24.55956604174842,-0.12848220986493225,687310820,18.064199396724824,17.5983481329935,750.9191630045573,705.4991678873698,728.2091654459634,-552500.6570447348,0.01645116696412536
2021-04-01,706.2999877929688,717.0,695.5499877929688,713.0,710.0353393554688,13090326,6.569481420414296,0.02205057637367691,709.675,723.1130017089844,47.48996006741847,-7.550642026238165,18.104529518514674,766.7270169559588,686.1129854854476,11.097441058209357,719.1386999605689,718.379576606709,0.022295487161527072,24.337455053554333,-0.10353240440028041,700401146,34.16149931698737,22.705315535831108,749.9299967447917,704.215000406901,727.0724985758463,135518772.78497273,0.03036954916855909
2021-04-05,707.2000122070312,708.4500122070312,677.4500122070312,685.25,682.4006958007812,16239521,6.529783735182895,-0.039697685231400826,706.325,723.4430017089844,40.068018260939795,-9.202265623330163,18.265846858776396,764.99538146831,680.9746197523931,11.621369965488318,715.911204726229,713.5993638568268,-0.038920056100981815,25.13835024922679,-0.1471479367123748,684161625,10.189404358971291,20.80503435756117,747.2166636149088,700.9716684977213,724.0941660563151,-255258214.2383424,0.04383484087232286
2021-04-06,690.0999755859375,693.5,675.5,677.9000244140625,675.081298828125,12062011,6.518999820451173,-0.010783914731722355,701.4900024414062,723.4860021972656,38.35808089174342,-10.977726429920608,18.495435252364757,765.8498298207269,674.2301750620857,12.724245104159587,712.2910923155465,709.3190556166667,-0.010725976776267743,24.628468088567733,-0.1538004905012878,672099614,3.1372868157679736,15.829396830575554,744.2249959309895,698.2150044759114,721.2200002034505,-144189728.99098718,0.026083177274012926
2021-04-07,680.5,691.9000244140625,668.4000244140625,688.25,685.3882446289062,14433515,6.534152144022717,0.01515232357154428,698.6950012207031,723.7340026855469,42.10489622995862,-11.418015602816467,19.001028963519445,765.4508607593859,670.3791441234266,13.242753851451758,710.0014644759707,705.9187319734239,0.015267702040405506,24.54786322509861,-0.11663699761241632,686533129,26.572943187426258,13.29987812072185,741.7733317057291,695.7733378092447,718.773334757487,51527775.58251272,0.034533431300514325
2021-04-08,691.5,695.5,679.3499755859375,681.5999755859375,678.765869140625,9026398,6.5244429396963515,-0.009709204326365573,693.8,724.4760021972656,40.40549785655061,-12.163337949622246,19.22223006494131,763.373442683619,666.2865609784903,13.581814061586424,707.296560772158,703.6161024744371,-0.009662222178078439,23.948017595738886,-0.14382903043328898,677506731,17.670628915812284,15.793619639668847,738.6999989827475,693.1350026448569,715.917500813802,-22841252.85319237,0.02335506061325018
2021-04-09,679.2999877929688,686.7999877929688,667.0,668.2000122070312,665.421630859375,12509114,6.504587548191186,-0.019855391505165798,689.9799987792969,724.672001953125,37.15159133126508,-13.677609368945582,19.94387634254296,761.4070121794781,660.5279914826314,14.188977757357232,703.5730799564317,700.8256099636723,-0.019659571389196384,23.651729752683877,-0.15693672596989627,664997617,1.6551892510775863,15.299587118105386,735.0524973551433,689.3775034586589,712.215000406901,-119361530.61943977,0.02914763454846877
2021-04-12,651.0,655.0,626.6500244140625,635.5999755859375,632.9571533203125,14649541,6.454569396251512,-0.05001815193967385,684.0799987792968,724.742001953125,30.67867037642037,-17.308706885266815,21.856334138701587,759.7364696571088,649.6835315635943,15.616769734812518,697.0994509687656,694.7550275586694,-0.04878784200170461,24.93017675556137,-0.19132490459446236,650348076,7.930840148972327,9.085552771954074,729.66999613444,682.8150034586588,706.2424997965495,-358170892.2612895,0.04354834959437404
2021-04-13,635.5999755859375,664.8499755859375,630.0,661.0,658.2515258789062,12737650,6.493753839851686,0.039184443600174035,680.3599975585937,724.5480017089844,39.520316379700496,-17.93012086205738,22.99536716422938,754.1611209509385,646.2988827111708,15.40382987842783,693.6614080193593,690.490835650045,0.039962280348810664,25.638733814873948,-0.12623168410140004,663085726,30.438620307701626,13.341549902583855,724.5599965413411,677.38000386556,700.9700002034505,96300783.23142563,0.0548300455074916
2021-04-15,666.4500122070312,671.3499755859375,652.2999877929688,668.8499755859375,666.0689086914062,15195951,6.505559783240043,0.011805943388357498,677.7099975585937,724.6670007324219,41.98317266211962,-17.586442924060066,23.645573305239918,748.0105302013069,644.89446857799,14.805900145908723,691.2984144542716,685.7227779533982,0.011875908602023477,25.168109099023578,-0.12834783216173007,678281677,42.907942702030454,27.092467719568145,719.9358286539713,674.585834757487,697.2608317057292,111625490.64721024,0.02858427105415209
2021-04-16,668.6500244140625,675.25,662.3499755859375,669.2000122070312,666.4174194335938,12242522,6.506082987353899,0.0005232041138558685,674.8849975585938,723.8640014648438,42.096403561873345,-17.088841129085267,24.00352226327626,742.2051020038296,643.8448979961704,14.192879623052438,689.1938047164391,682.9399372128347,0.0005233410090015322,24.291817335812073,-0.09580342614746723,690524199,47.09463120163967,40.14706473712393,716.1299967447917,671.0949991861979,693.6124979654949,40065384.23876735,0.019292640309654937
2021-04-19,650.0,655.2999877929688,631.0,648.1500244140625,645.4550170898438,17292072,6.474122188713355,-0.031960798640544574,668.4,722.5430017089843,37.372643311094734,-18.1834388500788,25.273669397189888,739.1830983043225,638.8919016956776,14.555259562599263,685.2848732590699,678.4282394821656,-0.031455450401959184,25.285259826613444,-0.04492969765917408,673232127,23.796353967522666,37.93297595706427,712.1441630045572,666.4091654459635,689.2766642252604,-229310141.59716868,0.037384596604567305
2021-04-20,656.0,662.0,643.0,651.75,649.0399780273438,12296248,6.479661052813611,0.005538864100256724,665.05,720.902001953125,38.64074854947526,-18.54663344115204,26.041580039224783,736.3944623355457,634.9805376644543,14.790108419810966,682.0910758058251,675.4766163236642,0.005554231968427192,24.836312696141054,-0.033604590629911196,685528375,27.780832726471903,32.89060596521142,707.7624979654947,663.7124979654948,685.7374979654949,-46925918.799967706,0.028963414634146343
2021-04-22,641.0,660.9500122070312,634.4000244140625,658.7000122070312,655.9611206054688,19385102,6.490268214178651,0.010607161365039808,663.1299987792969,719.1980017089844,41.119502288851685,-18.065413033698064,26.997657616679202,730.7059471246544,633.9140540960489,14.185911527314794,679.8633554630827,669.8595405091831,0.010663616734992276,24.958718060200173,-0.031694439259424466,704913477,35.47315600819837,29.016780900730993,704.3799997965496,660.2599985758463,682.319999186198,74175824.08970803,0.041419637742540955
2021-04-23,656.0,677.5,650.9000244140625,671.3499755859375,668.5585327148438,19167768,6.509290574153091,0.01902235997444013,661.4399963378906,718.2330017089844,45.439836801912065,-16.473400957361832,26.89678172747256,726.0715228822886,634.0634746763052,13.529252371438927,679.0525573795451,667.4719244030802,0.019204437747801784,25.075950740609983,0.018578207231529906,724081245,49.474226065903125,37.57607160019114,702.0791646321616,657.3691670735677,679.7241658528646,186372983.53348342,0.04054874327124619
2021-04-26,694.0,703.7999877929688,684.5,700.4500122070312,697.53759765625,21646184,6.551723003069536,0.04243242891644439,663.325,717.5190014648438,53.83203259287412,-12.716996540801915,25.500430358136345,719.5588800803089,637.5661199196911,12.083302593440951,681.090410220258,667.8819447072841,0.04334555400213724,25.60266941678293,0.048480028607472116,745727429,90.22004744029113,58.38914317146421,700.1841634114584,656.084169514974,678.1341664632162,482060825.9157835,0.027809780681511166
2021-04-27,691.0999755859375,703.9000244140625,684.0999755859375,699.5499877929688,696.6412353515625,46559967,6.550437253729461,-0.0012857493400746378,666.4599975585937,716.6600012207032,53.55764349934145,-9.700818429339165,24.21952337988488,718.3864434354028,638.0535529024877,11.844665558343523,682.8484652271828,671.7981813435964,-0.0012849231185343424,25.188196517593077,0.1497533277462672,699167462,94.36888463288835,78.02105271302754,699.3033315022786,655.3933339436849,677.3483327229817,132750203.95996496,0.028650049960337303
2021-04-28,708.0,712.5,688.1500244140625,708.1500244140625,705.2055053710938,54060587,6.56265597013624,0.012218716406779073,673.7150024414062,716.127001953125,55.87220632851461,-6.541122475606244,22.629951802243294,720.574926745867,637.2200744748362,12.277973066050754,685.2581375306952,677.3333798705962,0.012293669889447356,25.128323593903392,0.23202706303311307,753228049,94.93304971114047,93.17399392810665,699.3641632080078,656.1091705322266,677.7366668701172,354198753.2918714,0.03439262088409251
2021-04-29,712.0,726.9000244140625,707.0,719.4000244140625,716.40869140625,25939327,6.578417565198223,0.015761595061983158,679.5550048828125,715.7130029296875,58.767118034730174,-3.0935986089992866,21.49840645821505,724.5230365614976,635.3919658799085,13.10832964142249,688.5097458053016,680.6444844139776,0.015886464184349247,24.754873652486186,0.24994260970285492,779167376,92.51870324189527,93.94021252864138,700.582499186198,656.7225016276042,678.652500406901,312611203.5972905,0.027949472491660816
2021-04-30,705.0,729.8499755859375,705.0,714.9000244140625,711.9274291992188,23011654,6.572142706923124,-0.0062748582750993265,684.160009765625,715.0030029296875,57.15201826601078,-0.7162668205296541,20.571444308872014,727.6155695126494,634.2544378115693,13.710725869426337,691.0231056728026,683.1986130458998,-0.006255212464949755,24.76166664773271,0.2807269162434195,756155722,85.51360635144438,90.98845310149339,701.544999186198,657.4300028483073,679.4875010172526,35168772.53243019,0.035248192320478725
2021-05-03,706.0,708.0,692.0999755859375,702.75,699.8279418945312,13752878,6.555001209786641,-0.01714149713648272,687.5150085449219,713.1780029296875,52.922827087756765,0.18524493308154888,19.11734520617056,728.3107665885252,634.0892395149904,13.831697981712407,692.1399527515833,684.3650806036974,-0.016995417539705238,24.6215510891893,0.2962402373696668,742402844,73.74032131003271,83.92421030112412,701.9299997965495,657.3700022379558,679.6500010172526,-99675611.46493863,0.022521281039748584
2021-05-04,704.0,718.6500244140625,698.0999755859375,700.3499755859375,697.4378662109375,11980155,6.5515801752252525,-0.0034210345613887583,692.7350036621094,711.6840026855468,52.10264792120583,0.6979915681728244,18.21458409651671,726.2722076967615,634.8627959653478,13.431351259864496,692.9218596881884,687.3753933823181,-0.003415189489950232,24.33072949911328,0.2513766788625865,730422689,70.45567630148257,76.56986798765324,701.7441680908203,657.2741668701171,679.5091674804687,-52393646.81114817,0.02919041026722301
2021-05-05,709.0,719.0499877929688,700.0,717.2000122070312,714.2178955078125,11155033,6.575354758751378,0.023774583526125603,699.2800048828125,710.4730029296875,57.126372287287246,2.435924285460601,17.394300478967587,730.566604800618,633.7634000821945,14.190585030304065,695.234064689983,689.7688378360383,0.024059452000403603,23.953533662960098,0.29973805445749074,741577722,87.20286646109618,77.1329546908705,702.2316670735677,658.9566670735678,680.5941670735676,107843927.43595679,0.02686881211984309
2021-05-06,718.0,722.8499755859375,710.25,715.75,712.7738647460938,9484934,6.573330943978225,-0.0020238147731532763,704.9850036621094,709.2480029296875,56.576444779150414,3.654122172399184,16.811301915964126,734.5584052631864,633.5565971782198,14.765104966282582,697.187963290937,691.9184780190658,-0.002021768240869304,23.142565228887058,0.3220830097414791,732092788,85.73598475633476,81.13150917297118,703.6608317057292,660.9258341471354,682.2933329264323,26779129.090061776,0.017548712515233288
2021-05-07,721.0,726.9000244140625,714.0,716.75,713.7697143554688,7131970,6.574727104763479,0.0013961607852541746,709.5250061035156,708.5900024414062,56.884701969656724,4.646680378149995,16.463585883291273,737.9464249701913,633.018577471215,15.3071518692485,699.0510144060859,693.544100514602,0.0013971358714635063,22.410955170685302,0.2904237491298313,739224758,86.74761879475759,86.56215667072951,704.9491658528647,663.2741658528646,684.1116658528646,13681023.030020593,0.017891850782333563
2021-05-10,723.5,725.0,714.0,715.25,712.2760009765625,7980462,6.572632131930219,-0.0020949728332597672,711.0050048828125,708.5060021972656,56.2397796738684,5.2517139538446145,16.14070671009505,741.1589470038812,633.1710578789314,15.714986755914973,700.5937749388396,697.2063270338725,-0.002092779909312892,21.59588694420778,0.29218471374941996,731244296,84.70405127850974,85.72921827653404,706.3216654459636,665.1616678873697,685.7416666666667,-3420120.9899931354,0.01520387007601935
2021-05-11,704.7999877929688,713.7000122070312,703.0,707.3499755859375,704.4088134765625,12736700,6.561525558390116,-0.011106573540103248,711.7850036621094,708.3340014648437,52.84186918862872,5.0356931387646,15.153324281393143,743.0629428623486,635.1820583583547,15.654819630536585,701.2372226195156,699.6376645164725,-0.011045123263282108,20.928323591050084,0.31538077019117183,718507596,76.42743686742735,82.62636898023158,707.5674997965496,667.3174997965494,687.4424997965496,-68220200.96639094,0.01518162938756225
2021-05-12,704.0,705.75,689.0499877929688,691.2999877929688,688.425537109375,10856584,6.538573865293138,-0.022951693096977976,710.1,707.1720007324219,46.672254280842,3.528718338464955,14.673502577890188,739.9341870300601,643.8808154113461,13.882400674837472,700.2908193027016,702.8674578671878,-0.02269030656242499,20.740585319758562,0.31171943781107897,707651012,51.17161287529493,70.76770034041068,709.7991678873698,670.7141642252604,690.256666056315,-138905427.4376902,0.023721608248623936
2021-05-14,695.0,698.5999755859375,681.4000244140625,685.0,682.1517944335938,9377968,6.529418838262226,-0.009155027030912422,706.6599975585938,705.4590002441406,44.47709525926544,1.8052636329396137,14.610164415674388,739.1432540451324,647.071748396274,13.283870898338538,698.8345507976824,704.9722339391285,-0.009113247366142718,20.48768288062402,0.27205658825986095,698273044,7.430297655340613,45.00978246602097,710.7358337402344,673.4158325195312,692.0758331298828,-85689198.42779778,0.024748131182553958
2021-05-17,691.5,710.2999877929688,684.4000244140625,709.25,706.3009033203125,12099197,6.5642080736889605,0.034789235426734955,706.0949951171875,705.1480004882812,53.536084295943546,2.368878736782335,13.837726372690886,740.2650639813149,649.9899409014976,12.98684381825719,699.8264983407603,705.5366940178297,0.03540145985401466,20.874274344787036,0.2741595008239604,710372241,57.48194768481892,38.6946194051515,712.9358337402344,674.9308349609375,693.9333343505859,167040618.69073406,0.03745475542864245
2021-05-18,720.0,726.0,708.5,711.6500244140625,708.6909790039062,19519055,6.567586251822911,0.0033781781339508044,706.9849975585937,704.8100012207032,54.33027455527348,2.9749166917775938,13.412963514296296,741.2901123034609,653.2098938000548,12.632516044158088,700.9525484429796,708.344408943163,0.0033838906084773246,20.63325474873082,0.23243829006302955,729891296,62.43556343883377,42.44926959299777,715.4883331298828,677.0233367919922,696.2558349609375,86911011.92319717,0.024305555555555556
2021-05-19,704.0,723.7000122070312,702.2000122070312,716.7999877929688,713.8195190429688,20244016,6.574796844630822,0.0072105928079109205,708.6299987792969,704.5210009765625,56.065621829519316,3.826653858347413,12.660960785550431,739.2400147351219,662.1249877062843,11.005701854190834,702.4618283810737,710.4529803934687,0.007236651727998478,20.695165123821475,0.2309394962612875,750135312,73.0650135297882,64.32750821781364,718.8191670735678,680.634169514974,699.7266682942708,98474298.00239384,0.030539772727272728
2021-05-20,708.5999755859375,714.4000244140625,704.5499877929688,705.9000244140625,702.96484375,18840413,6.55947361898715,-0.015323225643672167,707.5,703.5600012207032,51.59686338394655,3.5808479630878765,11.962672537429272,734.7575999185162,672.0224049642964,8.918977343503803,702.7892756223107,709.2275560963449,-0.015206422383554075,20.09193904354851,0.19302184114573984,731294899,50.56764642153479,62.02274113005226,721.1633361816407,683.8933349609375,702.5283355712891,-104081775.16151485,0.013900701327217529
2021-05-21,707.0,733.4000244140625,707.0,730.9000244140625,727.8609619140625,15883692,6.594276684889085,0.034803065901934715,709.0150024414063,703.442001953125,59.55872659517015,5.3417596068236435,12.28285713443181,733.1480234398591,680.8519826636566,7.396893995822803,705.4664897929537,709.5681734783079,0.03541578004725454,20.62108625472362,0.18616124403960785,747178591,95.1923076923077,72.94165588121024,724.7766713460286,687.5216664632161,706.1491689046225,230034274.94616172,0.03734091147675035
2021-05-24,730.4000244140625,747.5,726.75,741.1500244140625,738.0682983398438,15716900,6.608203066900653,0.013926382011567817,711.4550048828125,703.6500024414063,62.29705199897839,7.478180300841018,13.179314775473385,735.2702073123364,685.7098036739917,6.9755243923444,708.8649216616307,712.6976680256079,0.014023805797813482,20.630294379386218,0.1764743008609047,762895491,90.39337680589335,78.7177769732453,728.0783396402994,691.4083323160808,709.7433359781901,184076908.31538725,0.028409089959499867
2021-05-25,744.4000244140625,745.0,725.8499755859375,731.5499877929688,728.5081787109375,11344261,6.595165554137641,-0.01303751276301135,713.0850036621093,703.4150024414063,58.314422380323236,8.300977862837499,13.950628101168475,737.9859101016906,686.1040984432312,7.286310745409992,711.0254041503295,714.4907412490987,-0.012952892538434901,20.524560810434526,0.12921153720233527,751551230,75.86986671985315,87.15185040601807,729.9650075276693,693.3099965413412,711.6375020345051,-11244577.921034649,0.02572544839602337
2021-05-26,738.0,741.4000244140625,729.5,735.0999755859375,732.04345703125,9081086,6.600006511168148,0.00484095703050702,715.8600036621094,703.2080017089844,59.34934673250945,9.134211698452418,14.666847617885344,740.9402807098073,686.7047266144115,7.597904775648326,713.3182204775302,715.6894733446213,0.004852693393760932,19.908522496407954,0.06114962808289107,760632316,81.24050076547903,82.50124809707519,731.5441731770834,695.6791646321615,713.6116689046224,17743636.99092139,0.016124694327997968
2021-05-27,737.2000122070312,753.8499755859375,731.0,750.3499755859375,747.22998046875,23040846,6.620539731805098,0.020533220636949956,721.7650024414063,703.0000012207031,63.53727791990414,10.899460866544246,15.869822697228317,747.2051939427072,684.659808498699,8.736212609060901,716.8450542973785,719.1521066143007,0.020745477494873432,20.11862628851721,0.0028249080133272817,783673162,95.16907886977474,84.09314878503564,733.5758382161459,697.860829671224,715.7183339436849,240163146.66364047,0.030995625620690356
2021-05-28,752.5999755859375,759.7000122070312,738.5,739.8499755859375,736.7736206054688,17149692,6.606447429949878,-0.01409230185522059,727.25,702.7850012207032,59.0281233501707,11.320673623692755,17.22040074183709,749.9065340642968,684.0034634942969,9.192079095927634,719.0359991820031,721.4097040725316,-0.013993470169437527,20.19586813983964,-0.07324067522020837,766523470,74.64873599523567,83.68610521016315,735.0533365885417,699.2083292643229,717.1308329264323,-39993461.778786495,0.02816903121811286
2021-05-31,737.9000244140625,753.0,734.0,750.7000122070312,747.57861328125,9275086,6.621006120839821,0.014558690889943549,731.3950012207031,702.9110009765625,62.0270602413038,12.387203079851247,18.108307246535116,754.7989561860353,682.6910401518554,10.032475525795656,722.0516194701011,722.6462453958114,0.014665184806555986,20.11044898699395,-0.03311396461834886,775798556,88.50574533447349,86.10785339982799,736.2266713460286,700.9666615804038,718.5966664632161,53758861.249600455,0.025748745590687783
2021-06-01,753.5499877929688,754.0,741.1500244140625,745.1500244140625,742.0516967773438,6660243,6.613585573158758,-0.007420547681062928,734.7450012207031,703.0590014648437,59.62302418085238,12.63890430469769,18.9781228763848,757.881041275716,683.8489575035809,10.269895727330027,724.2514675600022,724.3890866104597,-0.007393083392461919,19.591843744061347,-0.06169886635560278,769138313,81.41763721414613,81.52403951461844,738.3650034586589,703.4099985758463,720.8875010172526,-6723224.482270222,0.017052585487491133
2021-06-02,744.7999877929688,745.2999877929688,734.2000122070312,737.0,733.935546875,9973043,6.602587892189336,-0.010997680969421886,736.7650024414063,703.2410009765625,56.179604016479,12.04192862384366,19.19719706345336,759.0932355613241,686.3017656593789,10.072190624773082,725.4656135066687,726.7055587903789,-0.010937427560941404,18.985281732766786,-0.0450368408738954,759165270,71.00891986464691,80.31076747108885,739.5491668701172,705.5391693115234,722.5441680908204,-56428104.11575349,0.014903297217860519
2021-06-03,743.0,752.25,739.0,750.6500244140625,747.52880859375,8170508,6.620939530382209,0.018351638192872777,741.2400024414062,703.8790014648438,60.31365926645176,12.52587351519253,19.755715764752615,762.6281340960203,686.1118683453859,10.563146682177576,727.8641288311824,729.3864007974217,0.018521064333870463,18.718475894712014,-0.05652929689341544,767335778,87.98142196536477,80.13599301471929,741.0200012207031,707.5900024414062,724.3050018310547,55542387.74494414,0.017833109017496636
2021-06-04,751.0,759.9000244140625,740.0999755859375,742.0499877929688,738.964599609375,10336011,6.609416609891411,-0.011522920490798505,742.3549987792969,704.1950012207031,56.685208120457204,12.076244813396443,20.640724728415282,764.4718970878534,686.8981041328498,10.689733546891382,729.2151630180191,732.076971181105,-0.011456785907396294,18.795731104241515,-0.08412170966478448,756999767,69.06406786007825,76.01813656336333,742.9333384195963,708.7833323160808,725.8583353678385,-40745919.49570384,0.02636491188831558
2021-06-07,743.0999755859375,753.9500122070312,741.5,751.0999755859375,747.9769287109375,6986728,6.621538766187555,0.01212215629614466,743.3499938964844,704.8930004882812,59.44979970561673,12.308286938626225,21.462518766102043,767.4754512842799,687.3295474950171,11.01809573881199,731.2994308816304,734.5018552275569,0.012195927419776043,18.342465468726495,-0.05330388667932624,763986495,84.74861877576407,80.59803620040238,744.3925038655599,710.2874989827474,727.3400014241537,28571228.9099607,0.016754155047864674
2021-06-08,751.0,751.0999755859375,739.5,746.3499755859375,743.2466430664062,6426815,6.61519462636797,-0.0063441398195855925,744.8299926757812,705.2090002441406,57.379736532965495,11.97090356735464,22.02866834443944,769.4350735816809,688.4799227562098,11.105606435055645,732.7328160915645,737.3556446935528,-0.006324058253755815,17.86085904852728,-0.024739318316090483,757559680,75.51934984093377,76.44401215892537,745.800835164388,711.6358327229818,728.7183339436849,-10827837.863346431,0.015446039395389482
2021-06-09,746.0,751.25,730.1500244140625,736.75,733.6866455078125,8004726,6.602248621617804,-0.01294600475016594,744.9949951171875,705.8159997558594,53.337453809558525,10.804341294490314,21.67581830285336,769.7792224454511,691.0757763338459,10.774983989152997,733.115405035225,740.9239241956626,-0.012862565686293292,18.092224515485153,-0.027684642818147632,749554954,56.23815930053051,72.1687093057428,747.8891672770181,712.6841684977214,730.2866678873698,-54839395.40252824,0.028284149579004693
2021-06-10,739.4500122070312,745.3499755859375,732.9000244140625,744.25,741.1553955078125,7795125,6.6123769998958855,0.010128378278081662,744.3849975585938,706.8090002441406,55.94844381251615,10.36553220555686,21.34817183566629,768.4662551544633,697.6837448455368,9.655561887791354,734.1758426509178,742.7364890735732,0.010179843909060127,17.68920499094157,0.030317099326701957,757350079,54.03817335752031,61.9318941663282,749.9499979654948,715.1700052897136,732.5600016276042,20695826.532490585,0.01683677187956995
2021-06-11,746.25,746.25,737.0,738.4500122070312,735.3795166015625,4840759,6.604553411402932,-0.00782358849295317,744.2450012207031,707.6140002441406,53.4573246870988,9.440933098770415,21.106118241764893,763.4514521264107,708.0435490942925,7.530831295540061,734.5829064181668,743.143468295852,-0.0077930638803744845,17.086404634445742,0.03970767679004193,752509320,37.00445977242254,49.09359747682446,752.1641672770182,718.1791697184245,735.1716684977214,-11818953.228305545,0.012395309882747068
2021-06-14,735.9000244140625,741.4000244140625,725.0,736.25,733.1886596679688,5190670,6.601569734965796,-0.0029836764371360402,742.8,708.4320007324219,52.502401696244036,8.433443558718523,19.777387320374565,761.9942056737201,712.2007955469829,6.755335635449297,734.7416772354842,743.5638162951252,-0.0029792296982378286,17.037377475846938,0.001694983142076289,747318650,32.234934470323644,41.092522533422176,753.3341705322266,720.2991668701172,736.8166687011719,-11552675.984549114,0.022285669071855935
2021-06-15,736.0,752.0,732.0,750.9000244140625,747.77783203125,9686490,6.6212725196189055,0.019702784653109262,743.375,709.5010009765625,57.89604215225941,8.716655199301385,19.315366571441842,761.7101092575663,716.4098919631369,6.12943702230106,736.2805674429678,744.2252859191321,0.019898165587860728,17.2489933704293,0.09575275454597551,757005140,74.21205242374108,47.8171488888291,754.9383371988932,721.6533335367839,738.2958353678385,90753984.66286513,0.02717391304347826
2021-06-16,748.7999877929688,756.8499755859375,746.25,749.7999877929688,746.6823120117188,8614096,6.619806488021428,-0.0014660315974772686,744.6549987792969,710.2370007324218,57.369245556959505,8.751457350219994,19.206988482226404,761.3523176445699,720.0676835761333,5.5736569014078,737.5681312858251,744.5500701451418,-0.0014649574981064895,16.774063528679886,0.05359266804918616,748391044,71.06008723299324,59.16902470901933,756.2300018310547,724.0350006103515,740.1325012207031,23934114.18254359,0.014155950532504848
2021-06-17,741.9500122070312,745.4000244140625,736.0,738.5999755859375,735.5289306640625,6674329,6.60475646936395,-0.015050018657477793,743.4499938964843,711.3040002441406,52.16487413474112,7.785544017755342,18.21926098378993,755.5342338192111,729.1557625186795,3.5533978629338465,737.6664021715501,744.0389967012227,-0.014937333141333387,16.56162954755766,0.11008096332889668,741716715,38.96838416095082,61.413507939228396,757.7933339436848,725.643333943685,741.7183339436849,-41857006.12164725,0.012669350036265715
2021-06-18,742.1500244140625,743.2000122070312,722.25,736.2999877929688,733.2384643554688,8143792,6.601637627795788,-0.003118841568162445,742.8749938964844,712.4719995117188,51.13890965017671,6.756575354786833,17.528582167927745,755.0558679404935,730.1741247352877,3.350557600897757,737.536267468828,743.1116286922243,-0.003113983034110146,16.875085451805777,0.06221199020609815,733572923,37.31734045760937,49.115270617184486,758.0283325195312,726.4233337402344,742.2258331298829,-26439416.832866795,0.028228810237622196
2021-06-21,725.0,740.9000244140625,720.5,739.5499877929688,736.4749755859375,6464497,6.606041876611354,0.004404248815565559,741.7199951171875,713.4979992675782,52.55879217477107,6.132664574913633,17.003471342300156,755.0329668219408,730.037022191731,3.366298533419449,737.7280503568414,742.314777376533,0.004413961773572339,17.126866806252686,0.06268546921952632,740037420,48.35019286477778,41.54530582777934,757.7700002034505,726.1999989827475,741.9849995930989,5193271.222377732,0.028137964709051725
2021-06-22,743.2000122070312,749.0,737.0499877929688,739.3499755859375,736.2757568359375,6727233,6.605771388798515,-0.00027048781283856016,741.0199951171875,714.6529992675781,52.45776066760205,5.558002282715165,15.874714719234111,754.4785954344455,731.3713923585232,3.110300940977902,737.8825194262791,742.6151516539161,-0.00027045123430824436,16.757091477736868,0.0668292983181645,733310187,47.842547983827245,44.50336043540481,757.7933329264323,726.9433329264323,742.3683329264323,834071.2610969397,0.016079133491325035
2021-06-23,743.2000122070312,743.75,730.7999877929688,732.3499755859375,729.3048095703125,6154147,6.596258508427711,-0.009512880370803778,740.5799926757812,715.9359985351563,48.91395075450211,4.486024677343607,15.274045890056053,754.7678988829439,730.807088910025,3.225796095088554,737.3556104891038,741.818987844011,-0.009467776061603983,16.485157244115037,0.04441981205591024,727156040,30.076061530835126,42.08960079314673,757.8608317057291,726.9058329264323,742.3833323160808,-28441328.912967686,0.017424666300225787
2021-06-24,735.9000244140625,742.9500122070312,731.0999755859375,739.1500244140625,736.07666015625,5313822,6.605500910377015,0.009242401949303591,740.0699951171875,718.0069995117187,52.28608168385958,4.137487432331909,14.716281977247855,753.7810120609727,730.6739806148087,3.113200677713075,737.5265070533857,741.0059971773187,0.009285244834867923,16.154077199613518,-0.03937679084505123,732469862,51.30684165102308,43.075150388561816,756.9441691080729,727.0891642252603,742.0166666666667,14609056.404987333,0.01610278057882791
2021-06-25,737.5499877929688,765.9500122070312,737.5499877929688,761.3499755859375,758.184326171875,11170037,6.635093141219936,0.02959223084292084,742.3599914550781,720.0139990234375,61.27350125003309,5.5882023631154425,14.766721481234963,757.475165355994,729.1298273197872,3.813432374552609,739.7954088183906,742.0034727636411,0.030034432034921954,17.0287877149313,0.10662892272564506,743639899,89.87891004266417,57.0872710748408,757.7508361816406,727.175830078125,742.4633331298828,170185869.46035382,0.03850589774809192
2021-06-28,764.5499877929688,769.5999755859375,757.75,762.4000244140625,759.2299194335938,7672743,6.636471384362634,0.001378243142698743,744.9749938964844,721.885,61.641539755436675,6.744883741179478,15.025726779766913,760.0582765137876,727.7167173826967,4.347641177432121,741.9482293513117,743.365896697777,0.0013791933562707914,16.658872562860317,0.05027515050406731,751312642,85.33614103478881,75.50729757615869,758.260834757487,728.4008310953776,743.3308329264323,62099793.01722081,0.015499281636436747
2021-06-29,761.0,763.5499877929688,750.0499877929688,751.9500122070312,748.8233642578125,7500655,6.622669848611456,-0.013801535751178484,745.0799926757812,723.54,55.94348607686213,6.7406316107123985,14.641346787168207,760.7717929006602,727.6831997751211,4.446032065243174,742.9007800994755,744.5480413311949,-0.013706731207232759,16.433238808370294,0.031059632476193977,743811987,64.05300986756235,79.75602031500512,758.7141682942708,728.7891621907552,743.751665242513,-31554693.201413047,0.017739816031537452
2021-06-30,752.5,760.5,746.5499877929688,748.2999877929688,745.1884765625,5459970,6.617803950773295,-0.0048658978381608264,744.9299926757812,725.5429992675781,54.06364123472524,6.369313816082581,14.011027235497549,761.0807291548678,728.5042623002104,4.373898373242277,743.4149903559987,745.2353098712142,-0.00485407853555242,16.25586547970322,0.037790615067794506,738352017,56.6191478940996,68.66943293215026,759.5041697184245,729.2941599527995,744.3991648356119,-23804246.9338369,0.018538222202034885
2021-07-01,750.0,754.4000244140625,744.5,746.4500122070312,743.3462524414062,5695690,6.615328651853047,-0.0024752989202481146,745.7149963378906,727.4369995117188,53.08990938690911,5.858234143165646,13.262887797680609,760.6703007746108,728.4946894597641,4.321295696023944,743.704040056097,745.6425005710448,-0.002472237894048046,15.801876832157456,-0.02817509738823303,732656327,52.85137496985533,57.84117757717244,759.3941711425781,729.5191589355469,744.4566650390625,-14959340.607991207,0.013200032552083333
2021-07-02,747.5999755859375,752.8499755859375,744.0,750.6500244140625,747.52880859375,3557647,6.620939530382209,0.0056108785291622,747.15,729.2759997558594,55.06849255642119,5.72609880177572,12.526570738086946,761.2654397050609,728.7595541914235,4.363132920157668,744.3655623759033,746.3694224345934,0.0056266489896799055,15.30531245742746,0.04350835468743067,736213974,61.405375571505644,56.9586328118202,758.9375010172525,730.1574961344401,744.5474985758464,4974993.682874999,0.011837848949903002
2021-07-05,757.0999755859375,762.0,753.4000244140625,760.3499755859375,757.1884765625,4680089,6.633778821477488,0.012839291095279037,749.2299987792969,731.0559997558594,59.33446644037436,6.331104553123737,12.534843921616382,762.8801310820517,728.0698628144327,4.669542024899844,745.8878874435256,747.1234545750181,0.01292206868233503,15.022788395178178,0.03759128842920764,740894063,81.16088676294729,65.13921243476943,759.2316660563151,730.836664835612,745.0341654459635,31922754.414311197,0.011359101655341854
2021-07-06,757.0,767.0,755.2000122070312,758.3499755859375,755.19677734375,5529485,6.6311449883037445,-0.0026338331737436604,751.1299987792969,732.2139990234375,58.109402535193794,6.5734184089876635,12.88875948406235,764.3642996051735,727.7856942913108,4.902805410110838,747.0747529808982,747.5544321584413,-0.0026303676783296925,14.79258835216322,0.010106296260310505,735364578,77.08756498196293,73.2179424388053,759.9683339436849,731.5533315022786,745.7608327229818,3268271.471437067,0.015587830638003633
2021-07-07,755.9000244140625,764.0,752.25,762.9000244140625,759.7279052734375,3573368,6.637126993097838,0.005982004794093498,754.1850036621094,733.4809997558593,60.126411242941,7.051321554042033,12.931597829272102,766.5367548795685,728.228241458322,5.125690461724848,748.5819216888186,748.6256043782284,0.005999932715247125,14.575260612722989,0.05569003194476816,738937946,86.3544714800349,81.53430774164839,760.5175018310547,733.0374969482422,746.7774993896485,11928756.411051938,0.015544383675748704
2021-07-08,760.0,767.1500244140625,751.7000122070312,754.4000244140625,751.2632446289062,4188267,6.625922763681472,-0.011204229416366118,755.7100036621093,734.4059997558594,54.8164686625497,6.667327476189598,13.20425208128277,767.2224060206111,728.5575927586858,5.169852958787994,749.1360267102705,750.5136012278477,-0.01114169580283908,14.637742869459293,-0.014803421425442024,734749679,69.04285391085133,77.49496345761641,761.5133392333985,733.7333282470703,747.6233337402343,-19757260.862982687,0.020328963430304277
2021-07-09,752.0,752.9000244140625,740.25,747.3499755859375,744.242431640625,5782119,6.616533583564315,-0.00938918011715728,754.3100036621094,734.9649987792968,50.80854721055823,5.728099417780186,12.385372149269957,767.1813634205722,729.4886316966152,5.036879451973736,748.9659266031911,751.5705813956201,-0.009345239395506022,14.60290583693095,0.016856551862988515,728967560,42.65462113358681,66.0173155081577,761.9966735839844,733.87666015625,747.9366668701172,-33761901.141013764,0.016821840976146942
2021-07-12,752.5,757.7999877929688,748.2999877929688,753.5999755859375,750.4664916992188,4475466,6.624861690865573,0.008328107301258214,753.4299987792969,735.7389978027344,54.01825966630869,5.425534991188442,12.017554243615791,767.3273371703687,731.0776555054125,4.8384357823345425,749.4072646015479,752.4766792378642,0.008362882456910414,14.306270577652398,0.0058352566880190086,733443026,58.76287362415231,56.8201162228635,762.6025044759115,735.1724934895833,748.8874989827474,7393807.95299541,0.012624584717607974
2021-07-13,759.0,773.0,755.0,770.75,767.5452270507812,9810976,6.64736406676626,0.022502375900686822,755.3099975585938,737.0989978027344,61.45114409866016,6.494746747075169,12.719187730652262,770.6119562621495,729.7780339722256,5.443107799398919,751.4399060680672,755.3055534990395,0.02275746413172053,14.670110137395978,-0.004098777219698536,743254002,94.63007472796399,65.34918982856772,763.566670735677,736.3366597493489,749.951665242513,114636921.26818597,0.023715415019762844
2021-07-14,770.9500122070312,773.4500122070312,764.0,770.0499877929688,766.84814453125,5621924,6.646455431952217,-0.0009086348140430189,757.4849975585937,738.492998046875,61.0175807969716,7.202592627655463,13.398588314769013,773.3787516911553,729.0362385432196,5.9028315660000645,753.2122948037721,757.3275661961007,-0.0009082221304330673,14.297245999512784,0.031397573276389514,737632078,90.52918634581577,81.30737823264404,764.4191731770833,737.3041585286458,750.8616658528647,35588696.80472736,0.012257619894159286
2021-07-15,770.5,778.25,766.5,774.1500244140625,770.9310913085938,4239868,6.65176568479945,0.005310252847233521,760.2549987792969,739.6319982910156,62.67849974958583,8.002160354264106,14.330864866022338,776.4883713315932,729.4816237855943,6.242720332863081,755.2063642904664,758.5213882595292,0.005324377230164989,14.115299856690442,0.067037869492137,741871946,89.21059056332237,91.45661721236739,766.1850056966146,738.8349934895833,752.509999593099,23451974.9806448,0.015249837767683322
2021-07-16,776.0,776.0,766.5499877929688,771.1500244140625,767.943603515625,2913553,6.647882938828914,-0.00388274597053595,762.3049987792969,740.7399987792969,60.64251255358908,8.298093355404603,15.196550235043285,778.1919205021452,731.2630782771516,6.217984936675175,756.7248081117613,758.5317336583828,-0.003875217858800184,13.78206502457193,0.04553464568778701,738958393,81.31585372121711,87.01854354345176,767.4758392333985,741.2758270263672,754.3758331298828,1990218.9935482675,0.012177850782256765
2021-07-19,752.2999877929688,766.6500244140625,749.5999755859375,755.2000122070312,752.0599365234375,5554486,6.626982630995262,-0.020900307833652043,761.7900024414063,741.5089990234375,51.13255843926827,7.163018882741085,14.358242880782019,777.9176579515826,733.1023432691205,5.9317963556084266,756.579589454168,758.7770869928353,-0.020683410104474054,14.336921010540006,-0.019100544645239755,733403907,39.34213738692434,69.95619389048795,768.4833404541016,742.6183258056641,755.5508331298828,-58399340.00467336,0.022663896191391586
2021-07-20,755.0,755.2000122070312,744.2000122070312,745.75,742.6492309570312,5815740,6.614390423394858,-0.012592207600404137,760.5300048828125,742.1189990234375,46.48164012688068,5.438238548523714,13.519398595172595,777.4752263626204,734.1847772994889,5.727537800597644,755.5481999823425,758.4654687966324,-0.01251325748713128,14.098569509787149,-0.019593045097070303,727588167,14.473684210526315,45.04389177288926,768.7650075276692,742.9949940999348,755.8800008138021,-56105655.996837735,0.01456953642384106
2021-07-22,750.0999755859375,758.5,741.0,746.75,743.64501953125,7876163,6.615730457096219,0.00134003370136071,758.9150024414063,742.9069995117187,47.03069753563143,4.104712776147949,12.639673294704323,775.8546423425281,737.2453637609875,5.103334667345076,754.7102761745003,758.200922416291,0.001340931947703572,14.341528830516639,-0.0022927658068016494,735464330,17.105263157894736,23.64036158511514,769.6483408610027,743.4233286539713,756.5358347574869,-13451109.998945914,0.023330223396327867
2021-07-23,749.0,764.0,740.0999755859375,755.4000244140625,752.2590942382812,6604465,6.6272474425977395,0.011516985501520693,759.0150024414063,744.1890002441406,51.65133081409325,3.7031807108654675,12.264524622315202,774.9619664527179,739.7630396507977,4.647566609132044,754.7759664830301,758.186471766948,0.0115835613177937,15.024278515055629,-0.002729251075552623,742068795,40.10495160387169,23.89463299076426,771.0225067138672,743.592495727539,757.3075012207031,33602152.328232214,0.031909244878588115
2021-07-26,754.0,760.0,745.0,756.2999877929688,753.1552734375,7890992,6.628438106721522,0.0011906641237828808,759.9100036621094,745.615,52.119313519637764,3.4181805222990533,11.91617228366816,774.6180557675694,739.6019515566494,4.624969164526768,754.9211113696908,757.7265886327189,0.0011913732457240478,15.022544335408798,-0.03385730127882297,749959787,42.46396288296936,33.22472588157861,770.2933390299479,744.203330485026,757.2483347574869,15935119.991572198,0.01989389920424403
2021-07-27,750.5,756.0,729.0999755859375,731.7000122070312,728.6575317382812,15441543,6.595370610573093,-0.033067496148428965,757.7200073242187,746.0640002441406,40.561953043264964,1.1935449372529092,11.867915410290738,776.0846020305432,735.0654040729723,5.428871758845235,752.7095781161041,754.3433048234723,-0.032526743333323394,15.892363469096114,-0.12012049966982542,734518244,5.290000670579206,29.286305052473427,769.8300079345703,742.2349945068358,756.0325012207031,-247929347.20894533,0.03584280401607262
2021-07-28,734.7999877929688,734.7999877929688,712.0999755859375,722.9000244140625,719.8941650390625,11102486,6.5832709337786435,-0.012099676794449898,752.935009765625,746.2890002441407,37.369602813735824,-1.2649981506096992,12.87859358052413,779.0846222907991,729.1603850334196,6.620176034389819,749.870573001624,750.6006381643325,-0.012026770050782565,16.37862409323434,-0.07812191598316019,723415758,16.32659840081491,21.360187318121174,768.6941752115886,740.179160563151,754.4366678873698,-147777609.91738608,0.030892777060615603
2021-07-29,720.0,728.5,716.0,717.25,714.2677001953125,6855673,6.575424454861474,-0.007846478917169719,747.6550109863281,746.2980004882812,35.440967221756054,-3.627505387514475,13.817080452883706,782.2112309013729,722.9287776435489,7.877334058129878,746.7638517633742,748.242971740969,-0.00781577565810998,16.101579515146174,-0.08822660236794218,716560085,7.785370390532588,9.800656487308913,767.061675008138,738.6916615804037,752.8766682942709,-75082349.85568143,0.017361111111111112
2021-07-30,718.0499877929688,718.6500244140625,707.1500244140625,708.9000244140625,705.952392578125,10358450,6.563714507300332,-0.011709947561142187,741.1300109863281,746.3580004882813,32.75083493982996,-6.103228421716722,15.171185640225856,785.8837661251209,715.5012436405041,9.375679392936522,743.1577729682017,744.6875741128094,-0.011641652960526327,15.772895264064305,-0.11357356536285254,706201635,2.461322926735468,8.857763906027666,765.2975077311198,736.7674967447916,751.0325022379558,-82689319.69066334,0.01601559807186534
2021-08-02,715.0,725.5499877929688,712.0,721.1500244140625,718.1514892578125,6823345,6.580847193883866,0.017132686583534174,736.1300109863281,746.1630004882812,39.95199138593237,-6.996137027753093,15.753076971159109,786.6911441156873,711.7438656499377,10.0034072852412,741.0617969154265,742.7265280800896,0.017280292817206666,15.835542986553014,-0.10636636727154859,713024980,19.690583413883743,9.979092243717277,764.0525085449219,735.0524963378906,749.5525024414062,28160877.603112217,0.01895103187827797
2021-08-03,724.0,740.8499755859375,719.2999877929688,738.5999755859375,735.5289306640625,9265839,6.60475646936395,0.023909275480084702,734.4700073242187,746.1119995117188,48.42432553837213,-6.223962343241624,15.013013137035111,785.5105214287146,710.7494883369104,9.993053694392966,740.8273377411895,739.7021644835121,0.02419739385858466,16.243717615582707,-0.07105010857773887,722290819,44.23342049374111,22.12844227812012,763.4166748046875,733.1216613769532,748.2691680908204,117179251.27867413,0.029765176509625346
2021-08-04,740.5,757.0,738.6500244140625,753.7999877929688,750.6656494140625,9744349,6.6251270646390426,0.020370595275092107,735.2750061035156,746.5569995117188,54.452715776956765,-4.335517245206006,14.623023231857161,785.0863215205038,710.7186894658244,9.943492836093887,742.0628282223113,739.0949623490214,0.020579491889331614,16.397739529759836,-0.00697745971214984,732035168,65.61178536906968,43.178596425564855,763.2258412679037,732.2758290608724,747.750835164388,137802566.2592732,0.024780520710246456
2021-08-05,753.0,755.0,743.5,749.2999877929688,746.1843872070312,7246991,6.619139421079018,-0.005987643560024125,735.5300048828125,746.8409997558593,52.49639883969102,-3.1655329975119457,14.260889748477636,783.7764643366137,710.6685429876051,9.783956049330614,742.7520815147549,738.4790943436702,-0.005969753346873108,16.04790099191985,-0.026052324708193814,724788177,61.22001209179123,57.021739318200694,762.6908406575521,731.7658284505209,747.2283345540365,24193215.753091075,0.015272244355909695
2021-08-06,747.0,757.6500244140625,738.7999877929688,740.8499755859375,737.76953125,6522599,6.607798142700619,-0.011341278378399267,734.075,746.6509997558594,48.9407428729407,-2.8868792701358643,13.56719772774845,783.0439664765586,710.0460359648478,9.778101841462902,742.5709285691532,738.0700758878731,-0.011277208520876103,16.248053536860844,-0.04151569008340946,718265578,56.638573398109244,61.1567902863234,762.2616739908855,730.9966593424479,746.6291666666667,-28679622.19668285,0.025234319439215194
2021-08-09,741.0,757.4000244140625,739.75,755.5,752.3585815429688,6064688,6.627379781712794,0.019581639012175245,733.9950012207031,746.9640002441406,54.67285036501331,-1.466998997478413,12.92305513707135,783.6597093584458,710.2452955243668,9.828525052680684,743.8022687054244,737.8297057051672,0.019774616854749683,16.34819431380382,-0.014475438491867597,724330266,85.04836649023544,67.63565066004531,762.7141743977865,730.949159749349,746.8316670735677,49672010.77688696,0.02381919624030027
2021-08-10,755.5,764.0,755.0,761.5499877929688,758.383544921875,8309248,6.635355814032321,0.007976032319526816,736.9799987792969,747.1809997558594,56.82830916337931,0.14478085771770566,12.79697659206603,784.5059789989158,710.1940271045997,9.9433935359427,745.4925276661429,738.8651555554826,0.008007925602870669,15.823323291389261,0.007090990312632091,732639514,95.69039004541403,79.12577664458625,763.036675008138,731.3216603597004,747.1791676839193,50071236.23812899,0.011912640635340834
2021-08-11,765.0,769.0,752.5,760.7999877929688,757.6365356445312,6429468,6.634370495186187,-0.0009853188461343976,740.7699951171875,747.4939990234375,56.469809225273444,1.346092358424471,13.01919949059943,782.9945135590627,710.7104913237498,9.678486983577312,746.9503810115549,739.3957498622747,-0.0009848335789138796,15.871657342004314,-0.041324235753394604,726210046,86.74209305767997,89.1602831977765,762.6875081380208,731.1224934895833,746.9050008138022,13475678.079376332,0.021568627450980392
2021-08-12,759.0,763.4000244140625,753.3499755859375,757.3499755859375,754.2008666992188,3572081,6.629825465736865,-0.004545029449321447,744.7799926757813,747.9009985351563,54.7585326553252,1.996736094788389,13.225549324951873,781.1323523632431,711.3026512988664,9.35782139832285,747.9408185900675,739.1849474476493,-0.004534716433210684,15.455828162441506,-0.05740320637568579,722637965,81.164059801648,87.86551430158067,762.1608428955078,730.5358245849609,746.3483337402344,-3723922.6765441513,0.01324117105154809
2021-08-13,757.5,764.5,754.2000122070312,759.9000244140625,756.7403564453125,4239376,6.633186877803732,0.003361412066866798,749.8799926757813,748.0859985351562,55.82415015711856,2.6871675771486707,13.49799723681971,778.6473204578783,712.362683204231,8.891239775835695,749.0797905733051,738.9277525835375,0.0033670679478825516,15.087553850336308,-0.06297579737789123,726877341,85.28701830561997,84.39772372164931,761.4166758219401,729.9366587320964,745.6766672770182,5965769.641672783,0.013597343621080858
2021-08-16,756.0,765.7999877929688,756.0,762.0,758.83154296875,3967629,6.635946555686647,0.002759677882914424,753.964990234375,748.4849987792969,56.728052550426206,3.3650003513558886,13.85077585192472,776.9921341308075,713.1028670898957,8.57519379483496,750.3102867091808,739.8087917574203,0.002763489299209665,14.709870560524339,-0.0560670587888142,730844970,88.68229140968076,85.04445650564959,760.9358408610026,729.4208262125651,745.1783335367838,7543205.903262673,0.01296294681609623
2021-08-17,759.0,760.0,749.2999877929688,756.75,753.6034545898438,5576110,6.629032947901828,-0.006913607784818865,755.7799926757813,748.5979992675781,53.76612066710592,3.438914914038378,13.455213236355066,777.1751261492595,713.0748738507405,8.60261731904299,750.9235927368778,742.6549703680404,-0.006889763779527547,14.566309249560547,-0.028708677015875553,725268860,80.19400996694134,84.72110656074737,760.5283386230469,729.6483276367187,745.0883331298828,-17001983.032245774,0.014097512789237484
2021-08-18,763.7999877929688,763.7999877929688,750.5,754.4000244140625,751.2632446289062,5370460,6.625922763681472,-0.003110184220355805,755.8399963378906,748.7590002441407,52.44610477287314,3.2701728304922426,13.412868150863096,777.8621362989098,713.2528661424964,8.66590035652898,751.2546814680383,745.0534780678192,-0.0031053526077799987,14.475857716946848,-0.015690330007283097,719898400,76.39453298465486,81.75694478709234,761.0358378092449,729.9258280436197,745.4808329264323,-14080960.934251197,0.017412919619702545
2021-08-20,745.7999877929688,749.0,736.2000122070312,740.25,737.172119140625,6092036,6.606987966981701,-0.01893479669977083,754.9349975585938,748.8290002441406,45.24327695009182,1.9719236912018232,12.885764780365845,777.6133049585651,712.8516974828412,8.690121186293306,750.2066165663203,748.7201110239894,-0.018756659538886833,14.741868751952877,-0.012737494347242381,713806364,49.56140350877193,68.71664882012273,760.454170735677,729.8141621907552,745.1341664632162,-62161959.06564884,0.01716276213793929
2021-08-23,749.5,749.5,734.4000244140625,736.0999755859375,733.039306640625,3614761,6.601365945897886,-0.005622021083815376,754.4599975585937,748.6659997558594,43.362313378028134,0.6012487861779618,12.545259372173643,776.5288755505799,712.0061220080138,8.669296139948667,748.863126949141,750.6663021295816,-0.005606247097686645,14.767447811523208,-0.045199843654872784,710191603,33.80278403752986,53.25290684365223,759.3558349609375,729.5958312988281,744.4758331298829,-30721550.622550264,0.020146731935873918
2021-08-24,736.0,749.7000122070312,731.5,746.3499755859375,743.2466430664062,4537435,6.61519462636797,0.01382868047008401,753.5449951171875,748.8239990234375,49.0017942220401,0.3381701707183993,12.472406115373385,775.5775065169233,711.9624898209673,8.553049578843865,748.6237792002645,752.2346541549138,0.01392473894845736,15.012630982630926,-0.054287812761050346,714729038,39.599934895833336,40.98804081404506,758.953335571289,728.8733306884766,743.9133331298829,20765288.959149912,0.0247282774552055
2021-08-25,748.2000122070312,751.4500122070312,735.2000122070312,739.0499877929688,735.97705078125,6726509,6.605365561140889,-0.009829065227080491,751.2949951171875,748.8799987792969,45.52509268094656,-0.45413455331970454,12.217333369005718,775.5460332602269,712.7289606362575,8.441594850627254,747.7119895424269,751.6475224305667,-0.009780917842514447,15.101014483871575,0.009480743560735572,708002529,20.13330078125,31.178673238204414,758.5691680908203,729.554165649414,744.0616668701172,-25813859.40647965,0.021718791412560858
2021-08-26,734.0999755859375,750.0,732.3499755859375,746.3499755859375,743.2466430664062,6492155,6.61519462636797,0.009829065227080491,749.8499938964844,748.7889978027343,49.39196296451238,-0.4873755866362899,12.23834839454708,775.1725147551015,715.4474742585703,8.013449562829306,747.5822739275231,751.1374723197141,0.009877529143554664,15.283086621742356,0.04381843837112249,714494684,39.599934895833336,33.11105685763891,759.2983347574869,730.7883310953777,745.0433329264323,22990481.697880805,0.024043079963290772
2021-08-27,746.5,759.5999755859375,741.0,752.4000244140625,749.2715454101562,5841967,6.6232681298751235,0.008073503507153745,749.3549987792969,748.8409985351562,52.407228272527355,-0.02524001577580748,11.480577575359337,774.1229188417194,720.0120726133587,7.243100059608986,748.0411073071936,751.5829595215989,0.008106182121028871,15.52000726204201,0.097827738420291,720336651,55.7333984375,38.48887803819446,761.1241668701172,732.0041656494141,746.5641662597657,31226284.300823547,0.024916243249748827
2021-08-30,756.0,789.5,754.0,784.0499877929688,780.7899169921875,12517507,6.66447277825784,0.04120464838271687,751.7699951171875,749.7499987792969,64.36771240136721,2.8619030516290422,12.86065544692154,776.4708614097841,725.1791263831846,6.831383537249574,751.470524496315,755.2810962948888,0.042065340712281296,17.061433570891687,0.21933378118212968,732854158,90.60342722925647,61.97892018752995,765.5383321126302,734.0183308919271,749.7783315022787,274527853.53040963,0.046957671957671955
2021-08-31,784.9000244140625,789.0,778.4000244140625,786.5,783.229736328125,12114870,6.667592722498332,0.00311994424049189,754.2199951171875,750.7539990234375,65.09889633724185,5.286738017801895,14.14215632765787,780.4254525694116,727.7595327821509,6.984013274072491,754.8066650204755,758.8963933262589,0.0031248163320909406,16.599900857680673,0.2405463556859015,744969028,94.82758620689656,80.38813729121769,768.6441650390625,737.4191650390625,753.0316650390625,111297004.10120101,0.013504873558706425
2021-09-01,798.0999755859375,819.0,795.4000244140625,798.9000244140625,795.578125,19972195,6.683235812047593,0.01564308954926119,758.4349975585938,751.9409997558594,68.60977878124729,8.11546550275932,16.600185325670694,788.8974806600027,725.3175095743723,8.3977468847788,759.0060325817695,767.8142382374444,0.015766083171090184,17.735622224989196,0.07528811947070523,764941223,77.02859933035714,87.48653758883673,772.3224995930989,740.892500813802,756.6075002034506,202202805.10201165,0.029570199608903898
2021-09-02,795.5,806.0999755859375,792.4000244140625,802.7000122070312,799.3623657226562,6799617,6.6879810603449945,0.0047452482974010834,763.2649963378906,753.2080004882813,69.61840902112758,10.542353977276207,18.597355111485165,796.9722592835992,722.132733392182,9.853107751241529,763.1673639746516,770.2839325669242,0.004756524817677521,17.447360006909612,0.05627925474363807,771740840,81.37144252232143,84.40920935319173,774.6191650390625,743.6541687011719,759.1366668701172,84626576.0985791,0.017221811655405407
2021-09-03,804.5,809.9000244140625,787.7000122070312,798.0,794.6819458007812,7509746,6.682108597449809,-0.005872462895185393,769.0399963378907,754.5210009765625,66.76106626135407,11.948691791481906,20.003806072005084,802.6217321237716,721.3532617727128,10.665328588269334,766.4847578818277,772.6895564542682,-0.005855253688247131,17.786835164061156,0.05192807290310575,764231094,76.0,78.1333472842262,777.6174997965494,745.5825022379556,761.6000010172527,4678260.118390303,0.02759479453950435
2021-09-06,800.8499755859375,805.9000244140625,795.3499755859375,800.7999877929688,797.4702758789062,4539192,6.685611212757466,0.003502615307656498,775.5099975585938,755.7540002441406,67.61385094566018,13.137716834056619,21.309796249630722,807.7298680802132,722.2401270369742,11.175348708285094,769.7528750162221,774.2901471304534,0.003508756632792931,17.26992185435143,0.09011744446986794,768770286,79.19998604910714,78.85714285714288,779.9483337402344,748.7433349609375,764.345834350586,10032541.499424372,0.013173564524873857
2021-09-07,798.0,799.4000244140625,782.0499877929688,787.8499755859375,784.5740356445312,6926921,6.6693076854198425,-0.01630352733762308,779.6599975585938,756.2840002441407,59.95260992266649,12.886522183272973,21.29117486190819,810.2284880745467,722.9765046012346,11.381646145182202,771.476408403814,776.241605041696,-0.016171344161382772,17.375641721897757,0.039586912320924525,761843365,64.39997209821429,73.19998604910717,781.877500406901,750.702500406901,766.2900004069011,-56458293.838285945,0.021741900527686403
2021-09-08,790.0,797.3499755859375,783.0,794.7000122070312,791.3956298828125,5903035,6.677964700306687,0.008657014886844117,785.225,756.93,62.38078806791987,13.08930397156928,21.273883573308694,813.4819659468039,723.0380291703837,11.772568800124503,773.6881801945966,778.0539087376968,0.008694595206402367,17.15952271218631,0.03982331617742135,767746400,72.22858537946429,71.94284784226193,783.7199991861979,752.0100016276042,767.8650004069011,8137906.004303444,0.018164526058148733
2021-09-09,789.0,793.7000122070312,784.2000122070312,790.1500244140625,786.8645629882812,4909325,6.672222831753122,-0.005741868553564622,789.6050048828125,757.6940002441406,59.787683236017095,12.7360507456209,21.257827376752015,815.7830797726342,723.6719190066626,11.966723397437493,775.2559748821648,780.6018928972217,-0.005725415531745881,16.683842518458714,0.04901888827516704,762837075,67.02859933035714,67.88571893601193,784.7991668701172,753.7891693115234,769.2941680908203,-12178943.879709724,0.012040557667934094
2021-09-13,786.0,790.4500122070312,783.5,788.3499755859375,785.072021484375,4814443,6.669942122714932,-0.0022807090381897765,793.2,758.495,58.74724698684003,12.170551579507674,21.172640696021347,817.6480200816533,724.9069786976437,12.024341622490002,776.5030225682383,782.2410137038966,-0.002278110197439842,15.988568924785325,0.06759898060275343,758022632,64.97140066964286,68.07619512648812,786.1141652425131,755.4141713460286,770.7641682942708,-9837136.280052982,0.008842254716324745
2021-09-14,791.0,801.0,790.0,794.4000244140625,791.0968627929688,6301208,6.677587143463669,0.007645020748737075,794.2350036621094,759.4540002441406,61.19173151699782,12.071425910528546,21.758972341525926,820.1126207499735,725.8923780293233,12.18886650367175,778.2074989345073,784.5889258498388,0.007674318532994606,15.750101459733695,0.054417497481907266,764323840,71.60996116009731,67.86998705336579,787.929165649414,757.1591705322265,772.5441680908203,22136031.957430255,0.01390644753476612
2021-09-15,796.0,797.4500122070312,787.0,791.4000244140625,788.109375,4075592,6.673803559800531,-0.003783583663138579,794.7250061035156,760.2690002441407,59.31481651233716,11.616881002803552,21.984956190545308,821.9509452675856,726.9940559531175,12.26084712364013,779.4639299325602,787.5060956232459,-0.0037764349292571664,15.371523655969236,0.04346665363380211,760248248,68.14775786553814,68.24303989842612,789.4958343505859,758.6608367919922,774.078335571289,-772506.6808565808,0.013128156038983983
2021-09-16,792.5,807.4500122070312,789.0999755859375,802.5999755859375,799.2627563476562,15446511,6.687856427414099,0.014052867613568054,795.0950012207031,761.1140002441406,63.78128669787009,12.021813365131152,22.78515264957239,825.0205075579538,728.5094912213431,12.424738036915324,781.6673628519295,791.5699323859848,0.014152073321159309,15.58427458204956,0.07445216467377604,775694759,78.97432767427884,72.91068223330478,792.0966684977213,760.4966684977214,776.2966684977213,115075943.75693452,0.023154620342074134
2021-09-17,808.8499755859375,820.7000122070312,797.25,807.3499755859375,803.9930419921875,14641298,6.693757249087879,0.005900821673780143,795.5599975585938,762.0940002441406,65.51060864938151,12.580984721768004,24.17607476219261,828.2756408088673,730.5493530876171,12.538455324220932,784.1133259694541,795.3961729083853,0.005918265816706736,16.146112983833966,0.07133152419961336,790336057,79.9849562550958,75.70234726497094,795.2141693115234,762.5991668701171,778.9066680908203,84722758.2523115,0.028991794417801486
2021-09-20,800.0,808.5499877929688,791.5,795.8499755859375,792.5408325195312,6306484,6.67941069519915,-0.014346553888729296,795.3449951171875,762.7529992675782,58.25810279100975,11.958329975865126,24.861414526032007,828.061779158189,736.3232122968891,11.728387495711178,785.231102123405,797.6004259212004,-0.014244132467649884,16.210675470200737,0.06591309953537515,784029573,41.25285155466544,66.73737849468004,798.2675018310547,765.2274993896484,781.7475006103515,-20108791.249229494,0.021312484741210936
2021-09-21,795.25,799.0,772.2999877929688,795.3499755859375,792.0429077148438,7833561,6.67878223864837,-0.000628456550779255,794.7999938964844,763.5719982910156,57.95767214265667,11.294331756415659,23.809969602495983,826.1257817840128,744.1842096710652,10.436356204677654,786.1948043579318,798.3661548223065,-0.0006282591133233151,16.959913808545775,0.11593805643614812,776196012,47.623917698420904,56.28724183606073,801.2916697184245,767.0916636149088,784.1916666666666,-9314117.416409831,0.033574363039335114
2021-09-22,792.5,796.7999877929688,786.0,788.3499755859375,785.072021484375,4359142,6.669942122714932,-0.008840115933438142,794.8499938964844,764.3919982910156,53.77654375794305,10.086990339394902,22.83362788778396,824.1581252927458,750.3518661623323,9.375140142769844,786.400058760599,796.8121087660711,-0.008801156993615389,16.519919093147415,0.08357533815665084,771836870,33.16111507643262,40.67929477650634,803.3150014241537,769.8549977620443,786.5849995930989,-23447368.47213661,0.013627744849171924
2021-09-23,794.3499755859375,814.5,792.5499877929688,812.1500244140625,808.7731323242188,9043492,6.699685082226431,0.029742959511498412,796.5949951171875,765.5629992675781,63.435086588535185,10.924695513609208,22.946647783287904,822.0164719784402,759.8035231387473,7.86599600861461,788.8524364418813,797.4193767802634,0.030189699454783003,17.207783758927064,0.1464112799801671,780880362,82.33474487569768,54.37325921685042,806.8250020345051,772.7949971516928,789.809999593099,135674577.96045968,0.027632671846990656
2021-09-24,812.5499877929688,816.9500122070312,795.0999755859375,798.0499877929688,794.7316284179688,5184626,6.682171236832494,-0.0175138453939363,797.3849914550781,766.1089990234375,55.97308231329012,10.331730030600283,23.17648387667777,817.0313661699595,769.9586301679312,5.932329266177158,789.7283937134134,797.6434267102647,-0.017361369448048003,17.539373249081827,0.10157254249511362,775695736,53.20245250231404,56.23277081814813,810.0583363850913,775.6083302815755,792.8333333333333,-3510751.657629974,0.026890698356223427
2021-09-27,802.9000244140625,808.7999877929688,792.7999877929688,796.9500122070312,793.6362915039062,7715259,6.680791956882247,-0.0013792799502470032,798.2449951171875,766.6469995117187,55.42533310661337,9.661668080867912,23.183966798792206,809.8200737819523,781.6249213352353,3.543339861977548,790.4161669032818,797.6497459932414,-0.0013783291808318054,17.429418017004554,0.07028458759934324,767980477,50.92977681825404,62.15565806542193,812.3541707356771,778.1641621907552,795.2591664632162,-6827981.578666372,0.019927761257295295
2021-09-28,802.0,805.5999755859375,778.0,789.2000122070312,785.9185180664062,7369680,6.671019789616062,-0.009772167266185683,797.7249938964844,766.9479992675781,51.59436820947625,8.408352672036244,21.987070931744334,809.3865454653491,782.5734520932448,3.368563709292248,790.300342646496,797.6989035886089,-0.009724574793013141,18.155886414785478,0.010316802357955304,760610797,34.91738820105273,46.34987250720695,812.7133361816407,779.313330078125,796.0133331298828,-40352673.85955546,0.03441393464580736
2021-09-29,783.0,789.5,778.5,782.1500244140625,778.8978271484375,14241004,6.66204656922182,-0.008973220394241643,796.7999938964844,767.1679992675781,48.32232501186479,6.76819652867448,20.875667626628452,809.8984765841213,781.6265234158788,3.5528129521361693,789.5241218624548,796.1989446242524,-0.00893308120111802,17.64475167087223,-0.058095935623361114,746369793,20.35130506717647,35.39949002882776,812.6708374023438,779.2308288574219,795.9508331298828,-80383494.19293125,0.0140485312899106
2021-09-30,779.9000244140625,787.3499755859375,764.8499755859375,766.5499877929688,763.3626708984375,9178187,6.641899911831825,-0.020146657389995326,793.1949951171875,767.3949987792969,41.97831743002998,4.161596098675091,19.895276994466347,813.0676287284734,775.2223676094172,4.765535413094053,787.3361090939322,794.6534556551063,-0.019945069531616122,17.991555122952782,-0.021322876206717297,737191606,3.0438873631627663,19.43752687713067,811.0400034586589,777.7099924723308,794.3749979654947,-122247866.94114147,0.02884985164207965
2021-10-01,763.4000244140625,771.7000122070312,754.0,768.1500244140625,764.9560546875,6089895,6.643985058359605,0.002085146527780246,789.275,767.8429992675781,42.807676503075065,2.199600436983019,19.637880295601224,814.0193276322547,770.8156699263392,5.452133221751139,785.5088629339446,793.3955811495936,0.0020873219575681112,17.970730628958385,-0.019962645925604747,743281501,21.214425523854494,14.869872651397925,809.450840250651,775.7208231608073,792.5858317057291,-34253252.30130335,0.02318576321846028
2021-10-04,771.0999755859375,781.1500244140625,770.2999877929688,779.0,775.7609252929688,5845527,6.658011045870748,0.014025987511143256,787.5900024414062,768.4879992675782,48.213392944278354,1.5028827950826553,18.696628657278648,813.6666429185454,769.2683546400483,5.6096161051431555,784.8889712259498,792.4762747444487,0.014124813175933726,17.615678441175643,0.006820551456861427,749127028,37.48125251072233,20.579855132579876,807.7975077311198,775.2024881998698,791.4999979654947,30864799.390857868,0.014070855874232272
2021-10-05,774.4000244140625,784.0,771.2000122070312,782.5999755859375,779.345947265625,3945224,6.662621678580218,0.004610632709470153,786.3150024414062,769.0319982910156,49.905248285120685,1.2270720648926954,17.619394827488176,812.6436277382172,768.4713685996735,5.587482155422417,784.6709716411867,792.049908751402,0.004621278030728426,17.271700537732293,0.026374640340900167,753072252,42.87851626948069,33.85806476801918,806.8391713460286,774.0191579182944,790.4291646321615,19756739.85098908,0.01652890933552547
2021-10-06,782.25,794.2000122070312,776.0,778.9500122070312,775.711181640625,5092479,6.657946874629573,-0.004674803950645234,785.3750061035156,769.4849987792969,48.1863757718889,0.7058321399035776,16.79375635362368,812.7506456005767,767.4743543994232,5.730360069123515,784.1261183617434,790.5125887292055,-0.004663894061807894,17.33800851411079,0.018973583166118333,747979773,37.40630830709371,39.255359029098926,806.5458374023438,773.6408264160157,790.0933319091797,-5805994.62156972,0.02326623484439917
2021-10-07,790.0,790.1500244140625,774.0999755859375,777.0999755859375,773.8688354492188,6622698,6.65556901079831,-0.0023778638312634826,781.8700012207031,770.392998046875,47.29715627293647,0.141828341264727,15.887785506141004,812.4498220461206,766.01517429177,5.883519477730719,783.4569619069047,787.1833003389244,-0.0023750389525664106,17.246011393683233,-0.033929802218786186,741357075,36.69574441060605,38.99352299572683,806.0691741943359,772.9941558837891,789.5316650390625,-10103487.427486131,0.020316517503955696
2021-10-08,781.9000244140625,785.0,776.0,781.9500122070312,778.6986694335938,4295686,6.661790815493237,0.006221804694927613,780.2600036621094,771.5739978027344,49.90698074412681,0.08522625408488693,15.046526862049946,812.2491976141009,765.3957975030867,5.939663264679387,783.3134428878691,786.1623740740883,0.006241200326170038,16.657010579848716,-0.03310034336849793,745652761,44.40032849415294,39.50079373728425,805.6258402506511,772.6008219401042,789.1133310953776,10521660.46598444,0.011510422968389581
2021-10-11,782.0,793.0,779.0,787.1500244140625,783.8770751953125,4417455,6.668418858476406,0.006628042983169102,779.2800048828125,772.9719982910157,52.61624137165096,0.4547244387175624,14.82970544257297,812.1998772966059,765.3251227033942,5.94282240765905,783.6788316046494,785.9446169639023,0.006650057069958137,16.467224109859522,-0.041156490275524725,750070216,52.660870509505294,44.58564780475478,805.9258402506509,772.1958231608073,789.0608317057291,18821100.104668967,0.017902813299232736
2021-10-12,788.0,799.7000122070312,785.4500122070312,797.1500244140625,793.83544921875,5098502,6.68104289748006,0.012624039003653387,780.0750061035156,774.7369982910157,57.389060800053784,1.5367560712508066,15.06312276702234,812.4997628462432,765.3002371537567,5.982954201101094,784.961802348403,786.1807699860354,0.012704058552807318,16.308850959155272,-0.0106086166109506,755168718,68.5464909397473,55.20256331446853,806.0366739908854,771.9816569010416,789.0091654459636,40263713.36822298,0.018083756345177664
2021-10-13,799.9500122070312,804.5,793.2000122070312,794.5999755859375,791.2959594726562,4381414,6.677838812655526,-0.003204084824533382,781.3200012207031,776.2059973144532,55.84431284963109,2.163566064054521,15.576267549315972,812.7685261811333,765.3514689360542,6.0093094811282795,785.8797236091206,784.6882142269875,-0.003198957222637522,15.951075018713379,-0.028616033245702645,750787304,64.49558016352958,61.90098053759407,806.3533386230469,772.2133239746094,789.2833312988281,5972691.365254016,0.01412586739237933
2021-10-14,799.0,804.0,788.0,802.0499877929688,798.715087890625,7157116,6.687170934843062,0.009332122187535319,784.8700012207031,777.4749975585937,59.29180677014857,3.2243034588171895,15.565423457275815,812.6793388213812,765.3856575165094,5.993882560556516,787.4197487694871,784.6723859614578,0.009375802209832251,15.954569660233853,-0.04378640366252158,757944420,87.68247900802255,73.57485003709984,806.1508371988932,772.2458262125651,789.1983317057292,37537964.83317712,0.02002503128911139
2021-10-18,820.0,820.0,802.0499877929688,813.2999877929688,809.9182739257812,11014585,6.701100030163469,0.013929095320407647,789.3849975585938,778.6649975585938,63.87815482205188,4.916057218715991,16.49819887804711,814.017956595509,764.6420409630847,6.255421143094066,789.8845334383901,786.6152816914005,0.014026557161302522,16.09710127071938,-0.009299140943086348,768959005,89.84846635298295,80.67550850817838,806.0433369954427,772.6883260091147,789.3658315022786,95122042.44439237,0.0218902587890625
2021-10-19,820.0,827.0,798.5,801.6500244140625,798.3167724609375,10633732,6.686672134089611,-0.014427896073858193,791.65,779.7119982910157,56.74809475326583,5.256140069108824,17.713562588688294,814.7399821579454,764.5000202834608,6.362549301792858,791.0050563884542,788.7246057258667,-0.014324312742854506,16.98302260852514,-0.046242650060331444,758325273,65.27400604666096,80.9349838025555,807.1366719563803,772.636659749349,789.8866658528647,-50881044.772604875,0.03475609756097561
2021-10-20,800.5999755859375,813.7999877929688,792.0,804.7999877929688,801.45361328125,9023067,6.690593784177692,0.003921650088081208,793.8700012207031,780.9909985351562,58.10960498568178,5.713966844581591,18.23075917761747,815.9699107469772,764.2150929151322,6.550475762255964,792.3188593793603,790.9842506674252,0.003929349819715489,17.327091550271113,-0.07512469912718764,767348340,69.58902437392979,74.90383225785791,807.6241709391277,773.6141611735026,790.6191660563152,1987872.1527433582,0.027229563399641533
2021-10-21,807.9500122070312,813.5,792.2999877929688,807.7999877929688,804.441162109375,7405639,6.69431448801786,0.0037207038401678716,796.7549987792969,782.0369982910156,59.419783460925174,6.24686284423035,18.711013153051702,818.0457547424194,764.0842501403931,6.8213742784080695,793.7932525616088,793.9084275293847,0.003727634251371015,17.603728740039696,-0.03259166341441501,774753979,73.69861341502569,69.52054794520551,808.8516723632813,773.80166015625,791.3266662597656,15473902.050914453,0.02623926219039267
2021-10-22,812.0,825.0,806.7999877929688,816.7000122070312,813.3041381835938,10646970,6.705271845311005,0.010957357293144732,800.7150024414062,783.1399987792969,63.10635137108967,7.303158092436206,19.78009478638416,819.0462238455651,763.5387798165442,7.014782005462762,795.9748487183158,798.2541700437935,0.011017608997963446,17.646320416253378,-0.07468624342458198,785400949,81.83424060763876,75.04062613219808,809.1525054931641,774.4774932861328,791.8149993896484,68330162.64083216,0.022413808136737993
2021-10-25,830.0999755859375,866.9000244140625,825.4500122070312,845.0999755859375,841.5861206054688,29193770,6.739454934661473,0.03418308935046799,807.0299987792969,784.8259985351563,71.88391507647114,10.313037110944038,22.25674295520029,829.9499347038666,757.3400677375396,9.14891001072847,800.6534322295179,810.983198507731,0.03477404549334939,19.971584115594656,-0.05069423878960555,814594719,77.22043255233429,77.58442885833291,812.2550048828125,775.6199951171875,793.9375,575511386.8084186,0.04993375909663554
2021-10-26,848.4000244140625,851.6500244140625,823.5,841.9000244140625,838.3994140625,16771909,6.735661271342385,-0.0037936633190875924,812.5049987792969,786.5169995117187,69.86692271785569,12.2984101845434,24.38595960480465,837.8611567105856,753.9238469515237,10.546312418568233,804.5816791042364,815.501461868999,-0.0037864764694335307,20.55575842262807,0.0015731660594108933,797822810,73.06035900228619,77.37167738741977,814.8375071207681,776.987494913737,795.9125010172526,156057602.36338565,0.03318013154644118
2021-10-27,840.0,840.7999877929688,785.6500244140625,787.5,784.2255859375,39606414,6.668863370699788,-0.06679790064259716,811.5399963378907,787.0689990234375,46.15626449837145,9.374145999095731,23.710621762488255,837.8368722117787,753.7781302296275,10.562697870177388,802.9548525228805,813.9104915023213,-0.06461577721407397,23.105347106726065,-0.1674730819072453,758216396,14.439673883017766,54.90682181254609,816.9008402506511,776.2958292643228,796.598334757487,-1384374058.2478492,0.06565471830822173
2021-10-28,787.5,789.0,754.6500244140625,758.3499755859375,755.19677734375,19320926,6.6311449883037445,-0.03771838239604364,807.9149963378907,786.9959985351562,38.5974291487145,4.6508698777618065,22.405350296894255,839.384802846599,749.8501947119947,11.267636098141386,798.7067690050764,810.1203271645059,-0.03701590401785715,23.908534855241165,-0.2115900135101426,738895470,3.2961703090200447,30.265401064774682,817.2658386230469,774.325830078125,795.7958343505859,-836928329.1508131,0.043619016617063494
2021-10-29,762.0,762.0,714.0,742.0,738.9147338867188,21343427,6.60934924316738,-0.021795745136364175,801.9099975585938,786.7009985351563,35.12303461726037,-0.4069755048139996,22.54534819341431,842.3210498117706,744.4589489675262,12.334677891015684,793.3061243379262,803.0511018526457,-0.021559934215471865,25.62935379415251,-0.15050120689192822,717552043,18.312619705131183,12.016154632389679,816.8616729736328,771.3716644287109,794.1166687011719,-511619116.6304306,0.06299212598425197
2021-11-01,755.0,760.0,740.0,752.3499755859375,749.2216186523438,11694854,6.623201608754481,0.013852365587101012,795.8149963378906,786.6599975585938,38.87408605836797,-3.539397903055715,22.675346240182932,843.6019255724692,741.5980683240151,12.86952531430745,789.4055387424987,800.4064622408109,0.013948754158945365,25.227257094570188,-0.15073781468331487,729246897,25.081732807369246,15.563507607173506,816.285004679362,770.5649973551433,793.4250010172526,-89845403.28940788,0.026490066225165563
2021-11-02,752.5,761.3499755859375,748.0499877929688,755.8499755859375,752.7070922851562,11812106,6.627842911494574,0.00464130274009289,791.2349914550781,786.9719970703125,40.13461173995028,-5.674037697654626,22.728096972724014,844.6304484773353,738.2545429777427,13.440762414685073,786.2097708228263,798.0102993407603,0.004652090268593589,24.37530928731294,-0.15318803129311773,741059003,27.370810270510642,23.588387594337036,815.320834350586,769.3558319091796,792.3383331298828,-2386887.096469298,0.017674402382682725
2021-11-03,759.4500122070312,762.6500244140625,748.5,750.5999755859375,747.4789428710938,10529505,6.620872854174857,-0.006970057319716894,785.814990234375,787.2619970703125,38.84074420001472,-7.700618303706278,22.707686853924734,845.8487683720122,733.8362230830659,14.181630628239292,782.8183617526464,795.8740624993659,-0.006945822808197111,23.644931796366482,-0.19170567658218537,730529498,23.937194075798548,25.46324571789283,814.1208363850911,768.0208302815755,791.0708333333333,-37648896.53215643,0.01863193651540176
2021-11-04,757.0,757.0499877929688,751.4000244140625,752.9500122070312,749.8192749023438,793433,6.623998840745101,0.003125986570243988,780.3299926757812,787.3939978027344,39.77665749697502,-9.013171489058891,22.688734600753975,846.6667110266753,730.4182804284028,14.742189701649162,779.9737570340163,795.6418412192257,0.0031308775613259066,22.41672325427111,-0.18236031543618808,731322931,25.474170037770737,25.594058128026656,812.0308339436849,767.1858327229818,789.6083333333333,-11306567.773129292,0.0074636240144072
2021-11-08,761.0,761.0,741.5,751.0499877929688,747.9271850585938,13872770,6.621472211190777,-0.0025266295543246997,773.764990234375,787.6339978027344,39.25363242075398,-10.09037981843062,23.031243467145448,847.461170042052,727.0188226337292,15.299317611986249,777.2191123443928,791.9053729348452,-0.002523440312449443,22.20838587896603,-0.16154026525367868,717450161,24.231512019013906,24.547625377527748,810.7399983723958,765.5500020345052,788.1450002034505,-21341257.051492315,0.025624178712220762
2021-11-09,750.0,753.9500122070312,743.3499755859375,745.0499877929688,741.9520874023438,12120207,6.613451313837292,-0.00802089735348499,763.7599914550781,787.607998046875,37.57346623685117,-11.297988853483275,23.349287414508957,848.3503461373539,722.4396440970211,16.031513165110745,774.1553861966381,788.5377782541151,-0.007988815787923209,21.379218074832295,-0.194061883414762,705329954,20.307379225057222,23.337687093947306,809.1433329264323,763.7933329264322,786.4683329264324,-55594580.35049744,0.014133382161458333
2021-11-10,742.7000122070312,753.3499755859375,732.0,749.3499755859375,746.234130859375,10844883,6.619206131510685,0.005754817673393475,754.5049865722656,787.5469970703125,39.56977296200299,-11.772350309387662,24.056681535094896,848.3765615345144,718.6334238170482,16.55932494755073,771.7929661384762,785.7198416845026,0.005771408446977322,21.377129325625525,-0.16632255523318445,716174837,23.119666410390906,22.55285255148736,807.4366638183594,761.3516662597656,784.3941650390625,12557049.560617063,0.028746432253977248
2021-11-11,748.0,748.0,735.0999755859375,738.0499877929688,734.981201171875,6195359,6.604011556443433,-0.015194575067251748,749.5599853515625,786.6269970703125,36.28586508829267,-12.911266712063707,24.713547504210407,847.9991303385613,713.100851350892,17.28246500159198,768.5793491531897,783.7631074731875,-0.015079719972143857,20.868048659509416,-0.19073289369330224,709979478,15.729224298774428,19.718756644740868,804.6833302815755,758.7333302815756,781.7083302815755,-42485970.8618337,0.017246021943933824
2021-11-12,742.7999877929688,742.7999877929688,733.5,736.0499877929688,732.989501953125,9372897,6.601298034619508,-0.002713521823925369,747.3299865722656,785.6179968261719,35.720816891442794,-13.815987349920192,25.38470731153354,847.4198771355522,707.8251057746041,17.951483257607418,765.4813147379306,780.1135135864672,-0.0027098435513571717,20.041758597613654,-0.19067764277718427,700606581,14.4211800341222,17.756690247762524,801.5841634114583,755.8341634114583,778.7091634114583,-26659186.2872779,0.012520177633014202
2021-11-15,738.0,744.0,728.0,733.25,730.201171875,12849161,6.59748670785756,-0.003811326761947953,746.4549865722656,784.3049963378907,34.901405948136315,-14.590727760786308,26.221476252930184,845.5882603810522,702.776723749807,18.446753587805954,762.4116657152706,767.448013093493,-0.003804072874675879,19.753061554926965,-0.2224691383677157,687757420,13.984741435347974,14.711715256081547,798.4374969482421,752.6874969482421,775.5624969482421,-32871391.395686056,0.02168021680216802
2021-11-16,733.25,733.2999877929688,721.2999877929688,726.1500244140625,723.1306762695312,8978763,6.587756638675051,-0.00973006918250885,743.8349914550781,782.7739965820313,32.84399183848663,-15.59782183016307,27.250892259965887,841.784847168375,697.8651406245937,18.695120018814784,758.9581760675364,759.1861121831478,-0.00968288521778038,19.199271443860756,-0.2406581226624892,678778657,9.582039103899849,12.662653524456688,793.8966634114583,748.7416646321615,771.3191640218099,-53456462.52650798,0.016365496079099897
2021-11-17,721.0,724.9000244140625,706.75,712.3499755859375,709.3880004882812,18083445,6.568569329390674,-0.019187309284377285,739.4849914550781,781.06099609375,29.23644627287196,-17.309961285848317,28.699232129455,839.9024929436622,690.817489966494,19.479069280030238,754.5192998311937,743.6584337822134,-0.019004404550231002,19.21361094173231,-0.22942172376353714,660695212,6.808480955547113,10.125087164931658,788.6599975585938,744.5399963378907,766.5999969482422,-184187103.49597794,0.025173404180391816
2021-11-18,715.0,716.0,701.9000244140625,706.3499755859375,703.4129638671875,13458109,6.560110830793983,-0.008458498596691122,735.0599914550781,779.1719958496094,27.806381598279387,-18.932749049865492,30.194114160117742,836.8900526820423,683.9849290074108,20.107520409702314,749.9317451411694,737.8776322332288,-0.008422826146747275,18.84835127346125,-0.24879268695469198,647237103,7.325022505144033,7.905180854863679,783.5024973551432,740.1524973551433,761.8274973551431,-115228137.16532598,0.01972024557473776
2021-11-22,713.0,713.0,677.4000244140625,686.4000244140625,683.5459594726562,16741079,6.5314605837420245,-0.02865024705195829,728.4049926757813,777.1429968261718,23.662015593012413,-21.579855237095444,32.22550648654483,834.0247758585793,674.7102094929832,21.118959646643713,743.8811050719211,732.8273400632042,-0.028243720338952283,20.044895867209554,-0.28066315934510094,630496024,10.557184750733137,8.230229403808108,778.6091634114583,733.8191670735678,756.214165242513,-261065184.79810995,0.04992983953146914
2021-11-23,681.0,692.6500244140625,677.3499755859375,685.6500244140625,682.799072265625,16575348,6.530367329053042,-0.0010932546889828032,721.8649963378906,774.9619970703125,23.520091300759304,-23.467703614701918,34.112961081818774,827.444706720858,668.1852798514076,21.296634635475108,738.3352878664108,726.6683432908864,-0.0010926573037933762,19.705978221560656,-0.27354601487842045,613920676,9.730415096067707,9.204207450648306,771.9166656494141,727.4166656494141,749.6666656494141,-95309402.26603666,0.02246703205304699
2021-11-24,690.0,695.0999755859375,682.0499877929688,685.1500244140625,682.3012084960938,11463429,6.529637828025374,-0.0007295010276680003,715.875,772.8619970703126,23.41924237729117,-24.719234923485374,35.63548906244769,810.3693029434456,669.2656885116324,19.072759869385276,733.2700246804729,721.8165008592708,-0.0007292350064849185,19.230550333804093,-0.3066619368271109,602457247,9.144248960327886,9.810616269042924,762.5774973551431,720.9174997965495,741.7474985758463,-35590943.75534555,0.01891302578691123
2021-11-25,686.0,687.0,676.5499877929688,679.9000244140625,677.072998046875,9760486,6.521945764440727,-0.007692063584646469,708.9300048828125,770.692998046875,22.33627114868861,-25.836882132093592,37.19824500511297,789.5877786242359,673.8472128308422,15.817657288392981,728.1871675122434,717.2548565953659,-0.007662555371708235,18.603369039034607,-0.34589836975624716,592696761,3.9668870773885194,7.613850377928052,753.7991628011068,713.9091664632161,733.8541646321615,-46025348.91844852,0.015233253946109694
2021-11-26,669.0,674.9000244140625,660.4500122070312,661.75,658.9984741210938,10252753,6.494887841107211,-0.02705792333351642,701.3000061035157,768.0399975585938,19.05555746873489,-27.8659594467166,39.039498975610535,784.9916574961544,665.8683339589238,16.42106395362945,721.859818225363,713.9859376750184,-0.026695137170651195,18.66384355103437,-0.2711699554676017,582444008,1.2928771265943957,4.801337721436948,744.8166656494141,708.9966644287109,726.9066650390625,-139400261.1470512,0.02159942033935912
2021-11-29,665.0499877929688,665.4500122070312,649.3499755859375,651.0999755859375,648.3927001953125,12084376,6.4786632027461755,-0.01622463836103538,692.8050048828125,765.2339965820313,17.437138544998064,-29.987706191241273,40.97966244039708,785.8003740435967,654.3346174114814,18.25742134065993,715.1207855930368,706.7267138277665,-0.016093727864091467,18.48071448461004,-0.2555142159267024,570359632,1.6730395672223821,2.31093459040178,738.3025014241537,704.3074940999348,721.3049977620443,-132266020.00149101,0.024208761621849272
2021-11-30,648.0,677.4500122070312,648.0,655.6500244140625,652.9237670898438,24699809,6.485627147213858,0.006963944467682559,685.0450073242188,762.2949975585938,20.542102038389885,-30.945336284665473,41.68787972580468,786.3188518505922,645.1811420458921,19.718855802510905,709.4569035759916,697.6913173856742,0.006988249114938672,19.26423575049727,-0.3156640314122638,595059441,7.261534111910751,3.409150268575857,733.4266693115235,701.2866607666016,717.3566650390625,30834884.663077205,0.04544754970220872
2021-12-01,664.9000244140625,681.4000244140625,660.0,679.5999755859375,676.774169921875,16184200,6.5215043538736115,0.03587720665975347,680.3900024414063,759.7399975585937,34.50440645893525,-29.432425452017128,42.00474723450467,782.2587069589904,641.966286937494,19.70087881096308,706.6133866245578,692.8664860653276,0.036528559871981114,19.72750462546175,-0.2664877541434969,611243641,31.5999755859375,13.511516421690224,729.6408376057942,697.3608266194661,713.5008321126302,268685494.72493196,0.03218532655781008
2021-12-02,675.0,678.7999877929688,668.0499877929688,676.0999755859375,673.2887573242188,8612601,6.516340957986496,-0.005163395887115563,676.7650024414063,757.3449975585937,33.57587740631416,-28.19088647541787,42.29898134972609,776.9267199305158,639.3232739659685,19.43208424466972,703.7073474780226,690.4650758727196,-0.0051500884722404106,19.143396280283678,-0.2607748459828928,602631040,29.27080790201823,22.710772533288843,725.475005086263,693.4499928792318,709.4624989827473,69465762.57497732,0.015925925925925927
2021-12-03,679.0999755859375,687.3499755859375,671.0,673.0,670.2017211914062,9505985,6.511745329644728,-0.0045956283417680766,673.4300048828125,754.897998046875,32.73561232285502,-27.14419858920644,41.804718985940255,771.7682374520871,636.7217588858036,19.176064994058557,700.7828381944014,687.4675804960993,-0.004585084599730838,18.943866230687522,-0.26095255450808225,593125055,26.041666666666668,28.970816718207477,721.7450022379558,689.499994913737,705.6224985758464,3509706.578133721,0.024075947833499034
2021-12-06,674.0,678.75,661.1500244140625,663.0999755859375,660.3427734375,8022785,6.496925771556751,-0.014819558087976858,671.1,752.392998046875,30.14134761410105,-26.804553918348233,41.731644201777165,765.6524542336398,633.8525384421415,18.835219092645556,697.1939941364524,683.2887077592484,-0.01471028887676451,18.84787404177681,-0.2769748998480422,585102270,17.702201344490913,24.33822530439195,718.0358357747396,684.5958272298177,701.3158315022786,-51780609.386471696,0.026112723421272254
2021-12-07,672.0,691.5499877929688,670.0,687.0,684.1434326171875,15123987,6.532334292222349,0.035408520665598076,671.2349975585937,749.8899975585938,42.07575738000513,-24.32643088771249,40.6105238346875,758.2591465773818,634.8408473191026,17.71851264073006,696.2231375520283,681.1983287042015,0.036042867280976276,19.5337410535807,-0.23963901868185264,600226257,50.7151984634067,31.48635549152144,714.7216684977213,681.0766611735027,697.899164835612,223715569.22981867,0.032068434215727304
2021-12-08,695.0,701.5499877929688,687.6500244140625,697.0999755859375,694.201416015625,11670826,6.546928837470028,0.01459454524767878,672.4299926757812,747.8709973144531,46.25435616968722,-21.30196116297759,38.84039073897808,751.7253873905177,636.5796052852636,16.587966291661203,696.3066459362102,678.8139959896438,0.014701565627274427,19.177758677822705,-0.1904415795021753,611897083,72.2058464499081,46.87441541926859,712.2858317057292,678.3108317057292,695.2983317057291,153155228.18842262,0.019999947307778775
2021-12-09,698.1500244140625,699.9000244140625,688.0,693.9500122070312,691.0645141601562,7021395,6.542399929392499,-0.004528908077529259,673.8349914550781,745.8109973144532,45.160158878025115,-18.940884113562788,37.196695721533615,743.0990533677476,639.665942970143,14.96033102827111,696.0822046286694,677.195520259697,-0.004518668037907458,18.65792051612555,-0.22088620242251122,604875688,70.69232647235577,64.53779046189021,709.265835571289,676.2358306884765,692.7508331298828,36306984.65025058,0.01704508199945972
2021-12-10,690.0999755859375,691.9500122070312,683.75,688.0499877929688,685.1890258789062,5549743,6.533861491969802,-0.008538437422696887,676.464990234375,743.7879968261718,43.10338132856974,-17.34584410943296,35.9011945892799,735.9595869611625,641.8054093767281,13.667668700351198,695.3172315966979,676.0377075279749,-0.008502088493806848,18.053784208333102,-0.20670025075355372,599325945,74.78991021960124,72.56269438062172,706.4075022379557,673.8474985758463,690.127500406901,-9726751.244431447,0.01188235400250367
2021-12-13,699.0,711.9000244140625,693.0999755859375,704.0,701.07275390625,13634563,6.556778356158042,0.02291686418824046,681.7549926757813,742.2249963378906,49.76432821596673,-14.626129809232452,33.3574823297893,729.7856881492027,644.7743094093911,12.369249634909117,696.1441619208218,677.3548939798793,0.023181472988893503,18.467802237816006,-0.17757384248855448,612960508,87.63689922421385,77.70637863872363,705.1600056966147,671.6499959309896,688.4050008138022,141738713.7768806,0.026895634947246064
2021-12-14,701.0,714.0,697.5999755859375,710.9000244140625,707.944091796875,8612512,6.566531807277908,0.009753451119865808,687.2799926757813,741.1119970703126,52.36252782162684,-11.778190677079351,31.12429869487866,724.7717130776465,647.5532869223535,11.253664570024293,697.5494821582732,678.2513430715564,0.009801171042702395,18.320103821833612,-0.1409077986209719,621573020,95.3030672940341,85.9099589126164,703.8008402506509,670.2508280436198,687.0258341471355,86863933.30323103,0.023395184613498574
2021-12-15,712.4000244140625,720.0,707.5499877929688,712.5,709.5374145507812,7692888,6.568779912142806,0.002248104864897904,690.5699951171875,739.9989965820313,52.96993965164317,-9.28504155896917,29.41935375404906,721.6426931245337,649.3173044340601,10.551057480782905,698.9733410003425,679.7747568721342,0.002250633747348907,17.900811563633443,-0.1410547145232881,629265908,89.58333333333333,90.84109995052711,703.1450073242188,669.5499938964844,686.3475006103515,37160266.42464472,0.017476153537854217
2021-12-16,719.0,721.9500122070312,705.0499877929688,709.6500244140625,706.6992797851562,7309187,6.564771925148229,-0.004007986994577273,693.925,738.6119970703126,51.70525658748196,-7.453255640707198,27.659128652850466,721.1235766823237,649.5664257590826,10.441040759878167,699.9901679921254,682.2241341439787,-0.0039999657346491135,17.829326767235518,-0.13218789648656554,621956721,83.36715921218028,89.41785327984924,702.9600077311197,669.4899943033854,686.2250010172526,-1500580.8604862615,0.023504901827625175
2021-12-17,707.5,708.0,685.0999755859375,688.9000244140625,686.0355224609375,7844705,6.535096158038346,-0.0296757671098824,695.5150024414063,736.737998046875,43.55214448605469,-7.588429002288763,26.582475297870126,718.9884029328528,649.956604391366,10.085401264791255,698.9339638418337,684.9817615580857,-0.02923976507593684,18.30937834301334,-0.13665387519483155,614112016,55.30766418206714,76.08605224252693,702.6958435058593,668.3458251953125,685.5208343505859,-109018612.78682874,0.03236752567358657
2021-12-20,680.9500122070312,681.8499755859375,660.0999755859375,674.3499755859375,671.5460815429688,9934646,6.513749227759021,-0.021346930279324994,696.6400024414063,734.6459973144531,38.91799339675695,-8.768543890075762,26.723835488421866,718.6499568472021,649.0900455942041,10.171510832297676,696.5926316269864,688.492672738539,-0.02112069721655241,19.058711949092746,-0.08957994039191147,604177370,23.163797834262244,53.946207076169905,700.9950093587239,668.0299886067708,684.5124989827474,-132705927.18903404,0.031940670548644155
2021-12-21,683.0,683.0,662.5,665.8499755859375,663.0814208984375,10116104,6.501064383282143,-0.012684844476877899,694.525,732.4209973144531,36.47619748886061,-10.271271578341157,26.772704676996188,718.5175556864001,647.2424418721937,10.437428822284504,693.664759623077,688.9322025074516,-0.012604730937543884,19.16166109558612,-0.13047739615709822,594061266,9.296680024986406,29.25604734710528,700.5166727701823,667.0316569010416,683.774164835612,-101559898.39634469,0.030014641288433383
2021-12-22,670.0,676.8499755859375,664.0,669.3499755859375,666.56689453125,7489534,6.506307055757621,0.005242672475477939,691.75,730.1689965820312,38.19573313280062,-11.052368524095073,26.818083209243774,718.1887601549992,645.9912325207821,10.584750989142522,691.3490659052541,688.8131844351022,0.005256439330676654,18.7108264163255,-0.11036827361368545,601550800,14.955528735847697,15.805335531698796,699.6383382161459,666.1733235677083,682.9058308919272,-16377720.132114906,0.019179068038712686
2021-12-23,677.0,684.5,672.5999755859375,678.7999877929688,675.9774780273438,6884683,6.520326515376819,0.014019459619198038,690.2349975585937,728.0019958496093,42.70533198820665,-10.784539020360285,26.271053705536108,718.150286062594,645.9197029510779,10.59045117820449,690.1539156088459,689.1370569341261,0.01411819310034157,18.456483416163856,-0.09368435820869486,608435483,30.2344399916712,18.162216250835115,699.5850046793619,665.9749888102214,682.7799967447916,37914318.88365538,0.017577584068039144
2021-12-24,681.1500244140625,682.0,662.4500122070312,667.5,664.724609375,6028893,6.503539390274405,-0.016787125102414535,688.1799987792969,725.4089953613282,39.037327805624805,-11.353223888151092,26.252012624768554,717.8744377981903,646.7705512154815,10.420862151716214,687.9963998365748,689.6237599772727,-0.016647006476398496,18.534590871649918,-0.06869679212097637,602406590,11.964462461674188,19.05147706306437,700.0875030517578,665.9674896240234,683.0274963378906,-32779505.24219137,0.028701441814945248
2021-12-27,663.0499877929688,674.5999755859375,655.9500122070312,672.1500244140625,669.3551635742188,6996729,6.510481566222603,0.006942175948198681,684.9950012207031,722.9599963378906,41.27269926613973,-11.298451123182872,26.52593791574128,716.3179221103998,650.4320717860845,9.64124391710886,686.487221224907,689.1795202967852,0.006966328710205971,18.54283176502537,0.0030163928354382617,609403319,24.545473040956438,22.248125164767288,700.8283335367838,666.4533274332682,683.640830485026,10763472.03165561,0.028127537474187437
2021-12-28,677.2999877929688,680.8499755859375,672.0,675.4500122070312,672.6414794921875,4645547,6.515379153488133,0.004897587265529246,681.45,720.4279968261719,42.873599795787975,-10.863533821011515,26.278130500848885,715.0267343724342,653.703258303347,8.960638898429302,685.4360584612998,687.9609772415628,0.0049096000492530045,17.85048489509052,0.06397592736855086,614048866,29.545454545454547,22.01846334936174,700.5849975585937,668.2699951171875,684.4274963378906,13807989.6049936,0.013066552111975948
2021-12-29,674.5,679.5999755859375,667.25,670.5,667.7120971679688,3969894,6.508023702721733,-0.007355450766399763,677.25,717.5719970703125,41.06527010893794,-10.793858460372576,26.28082542234636,715.1064817175334,652.7135133996542,9.122979418433447,684.0135767030808,686.9898526120788,-0.007328465641531445,17.457591373008164,-0.02338741323071721,610078972,22.045436049952652,25.378787878787893,700.0716613769531,668.6616638183593,684.3666625976563,-8498019.305415545,0.0183098229591364
2021-12-30,668.0,673.0999755859375,664.5,668.8499755859375,666.0689086914062,5119705,6.505559783240043,-0.002463919481689558,673.1699951171875,714.91599609375,40.45277202710663,-10.747888447770151,26.41875075212533,715.2627393612297,651.8322557559577,9.279601466148991,682.5694242157339,686.0660156449724,-0.0024608865235831168,16.824904531074544,-0.04979122840725603,604959267,19.545399058948863,23.712096551452035,699.68916015625,668.4941650390625,684.0916625976563,-8464431.930337083,0.012874214949008233
2021-12-31,672.9500122070312,686.5,671.2000122070312,678.5499877929688,675.7286376953125,5586980,6.519958150537502,0.014398367297459025,672.1349914550781,712.39099609375,45.59050294211122,-9.815598849326875,25.457394039226703,715.2621345211264,652.387859375358,9.194497923644542,682.186620746899,683.2994844713011,0.014502523078562923,16.883841665573684,-0.00730526307112048,610546247,34.24238725142045,25.277740786774004,699.7183278401692,668.6283315022786,684.1733296712239,33307705.490180608,0.022735697325853902
2022-01-03,680.25,698.5,679.0,696.3499755859375,693.45458984375,8550860,6.545852372439055,0.025894221901552328,674.3349914550781,710.1619958496094,53.516294610070055,-7.553371803251707,23.734305061028127,715.8636012023725,655.1113926941119,8.862628243217635,683.5355116839504,681.871777236222,0.026232389821219337,17.102853847106367,0.07351774121247884,619097107,61.21206572561553,38.33328401199496,700.9941619873047,669.7141632080078,685.3541625976562,112572704.24298337,0.02866593164277839
2022-01-04,701.0,711.0499877929688,700.0499877929688,709.1500244140625,706.2013549804688,9705906,6.564067104167835,0.018214731728780187,678.6649963378907,708.01099609375,58.228503954447135,-4.67380686857598,22.695558602654817,718.6781242940624,654.5118720438281,9.345575254896534,685.9749890868183,681.8648627229118,0.018381631761176465,16.931222301386715,0.06065091834831132,628803013,80.6060791015625,58.68684402619951,701.6616628011068,671.4366628011068,686.5491628011067,120348281.89512207,0.015691868758915834
2022-01-05,711.9000244140625,730.9000244140625,707.75,726.9000244140625,723.8775634765625,11312955,6.588788950077138,0.024721845909303042,684.4200012207032,705.6469970703125,63.7207891681991,-0.9485203030201319,22.7061218020964,724.4618431186864,651.7081581020168,10.57335720908535,689.8726114989367,684.0772583247846,0.025029964589884823,17.375422452292128,0.0816052397973225,640115968,94.66310960837342,78.8270848118505,703.4450002034506,672.2949940999349,687.8699971516928,173986061.46504068,0.032518645343658184
2022-01-06,719.9500122070312,733.5,719.0,730.2999877929688,727.2633666992188,7955578,6.593455391910973,0.004666441833834689,689.5700012207031,703.4149963378907,64.67879709602887,2.252183005667348,22.830371748762165,730.6407224729529,649.164276306344,11.809849397369986,693.7228378126541,686.6507258556852,0.00467734662912811,17.170035134271263,0.10979587748220043,648071546,95.87361352580201,90.38093407857933,705.2574981689453,673.8474945068359,689.5524963378906,76027803.06036839,0.02014028717848029
2022-01-07,734.0,740.9000244140625,725.25,730.5999755859375,727.5621337890625,10454143,6.593866080944726,0.00041068903375318655,695.8799987792969,702.2769958496094,64.7672012031741,4.758121285067773,23.268685314744967,736.4379750817538,647.6220224768399,12.834118862127427,697.2349461720145,692.577768767105,0.00041077337804074077,17.061462939970635,0.084047330045094,658525689,87.87516498170382,92.8039627052931,707.8466654459635,675.6916605631511,691.7691630045572,27433344.544089273,0.021321559147224115
2022-01-10,733.6500244140625,744.0,733.2000122070312,742.7999877929688,739.71142578125,9595787,6.610426813044745,0.01656073210001896,702.9449951171875,701.96599609375,68.24778684135597,7.6404599844744325,23.80906226960996,743.4055738184426,644.534422519448,14.247179497653828,701.5744739454387,699.0870572378634,0.016698621153452553,16.799931616691484,0.12016305729422239,668121476,98.63712393708353,94.12863414819647,709.2966623942057,677.9416636149089,693.6191630045572,87190260.53874427,0.014720898839462695
2022-01-11,742.9000244140625,747.0499877929688,737.2999877929688,743.25,740.1596069335938,7252279,6.6110324618782075,0.0006056488334627019,709.7249938964844,701.99099609375,68.3719026097472,9.847530195858326,24.444712426086216,749.0831929335712,642.0918009629132,15.381442656755965,705.5435716649208,704.2036639323225,0.0006058322757493961,16.296365072642093,0.0968935580630145,675373755,95.82877188656971,94.11368693511902,710.7158274332681,680.0258310953776,695.3708292643229,31239162.898779016,0.013124242400839852
2022-01-12,749.6500244140625,751.4500122070312,743.1500244140625,746.8499755859375,743.7445678710938,5294563,6.615864329066922,0.004831867188714867,717.3599914550781,701.88099609375,69.4022929657223,11.751671232192848,25.229132852899998,754.9101350125724,639.6998564425058,16.522221879374445,709.4775148954939,708.1406847237217,0.004843559483266091,15.725195266951141,0.1050084613747022,680668318,95.1832077266034,96.54970118341889,712.1983266194662,681.9233327229817,697.060829671224,23119919.32506501,0.011071816878090737
2022-01-13,749.0,749.0,737.0499877929688,740.7000122070312,737.6201171875,5196538,6.607595701499642,-0.008268627567280085,724.5449951171875,701.5779968261719,65.4778264339159,12.619002073941601,25.40727347976237,759.3129051234516,638.4020851109233,17.30121245852182,712.4510860680213,712.1084898939844,-0.00823453649319772,15.455539334099722,0.11521265021677651,675471780,88.7434554973822,93.25181170351846,713.4524922688803,683.6724995930989,698.5624959309896,-13599039.156374814,0.015954622439294058
2022-01-14,734.7999877929688,735.9500122070312,716.0499877929688,721.7000122070312,718.6991577148438,16302342,6.581609556992501,-0.025986144507140985,728.8599975585937,700.9999975585938,55.109693420822644,11.6390589776031,23.983805421636568,761.559954986844,639.4350340268278,17.434026804905926,713.3319361764984,716.7482076349733,-0.025651410404850084,16.112288268382777,0.0976712927501896,659169438,65.78493867354022,83.23720063250863,714.8308258056641,685.3508331298829,700.0908294677735,-211029345.05212495,0.027082232913250088
2022-01-17,719.0,720.5999755859375,709.5,712.6500244140625,709.686767578125,19680557,6.568990450559178,-0.012619106433323424,730.4900024414062,700.1939978027344,50.969719325488235,10.016722095532941,22.29573153821953,762.4687488289218,642.3562450675626,17.099995271042253,713.2669921991236,717.8568691768721,-0.012539819370783967,15.83283997828624,0.023057915319325176,639488881,55.376673552863316,69.9683559079286,716.4058258056641,687.990835571289,702.1983306884765,-189082315.42325878,0.015438074528424895
2022-01-18,717.5,735.9000244140625,714.25,725.2000122070312,722.1845703125,24055886,6.586447495713337,0.017457045154158912,732.0950012207031,699.6769982910156,55.91550704676942,9.632648383999253,21.55302952339588,763.7582455682035,647.0017519903903,16.55228299354496,714.4034702951147,720.286635938758,0.017610309917953426,16.362637122694366,0.06021889958119449,663544767,69.8102400060649,63.6572840774895,719.1966613769531,690.6666687011718,704.9316650390625,138239945.2916123,0.03017425005444251
2022-01-19,725.2000122070312,731.9500122070312,718.7000122070312,729.5999755859375,726.5662841796875,7746270,6.592496405297864,0.006048909584527529,732.3649963378906,699.367998046875,57.532894951221024,9.572956390841568,20.863377652488207,765.220379385444,651.5646181731497,16.044179096778414,715.8507565132884,722.3955655731429,0.006067241181526795,16.14030589964477,0.0944203703050296,671291037,72.77254003602025,65.98648453164951,722.050830078125,693.4808349609375,707.7658325195313,68802184.64595085,0.018270821534704235
2022-01-20,731.0499877929688,737.1500244140625,722.1500244140625,728.9000244140625,725.8693237304688,8505400,6.591536581882559,-0.0009598234153056495,732.225,698.9589990234375,57.173537403582486,9.36125907889209,20.51185500099777,766.69424117581,655.1007600448931,15.697548667016923,717.0935439324097,724.3969144250256,-0.000959362932150376,16.058855478241572,0.08739241365188286,662785637,68.87510835949827,70.48596280052783,724.74416402181,695.8641713460286,710.3041676839193,18965151.750473205,0.02051843273438089
2022-01-21,722.0,725.25,708.0499877929688,712.5,709.5374145507812,10689060,6.568779912142806,-0.022756669739752766,730.4150024414063,698.4479992675781,49.38947380641321,7.780454290586249,19.20656886641248,765.2711156686217,661.0238855520814,14.61790583677566,716.6560635578945,725.603803257876,-0.022499689758202268,16.401082702731014,0.07333685303300573,652096577,24.221802127442295,55.28981684098696,726.8574981689453,698.2125030517578,712.5350006103515,-110545512.72542821,0.023822731588685944
2022-01-24,715.0,716.4000244140625,688.2000122070312,704.5999755859375,701.6702270507812,8812501,6.557630231257601,-0.011149680885204738,726.5950012207031,697.8189990234375,46.131290331198855,5.823064497024234,18.784596657248212,763.6043577874321,665.9356385504585,13.6643562946368,715.5078647034225,725.5016451519065,-0.01108775356359648,17.243863381609604,0.05309784746880205,643284076,25.92879585597826,39.67523544763963,729.1100006103516,699.5100006103515,714.3100006103516,-83261152.94110954,0.03944057651333042
2022-01-25,714.0,755.0,708.5999755859375,752.2000122070312,749.0723266601562,38088158,6.6230022622646745,0.06537203100707334,727.4900024414062,698.1979992675781,62.27839960456893,8.020291204069736,18.44663948239553,766.5332530958832,670.6817432420074,13.338506778472409,719.0023549418613,728.5089690289442,0.06755611449107723,19.612160598213386,0.19933625060682827,681372234,95.80840074155901,48.6529995749932,734.1125030517578,700.7574981689453,717.4350006103516,1180911426.1062999,0.06498602859112394
2022-01-27,744.0,777.0,738.0999755859375,773.8499755859375,770.6323852539062,34927774,6.6513780248099375,0.028375762545262972,730.1900024414062,699.1519982910156,67.10772711233494,11.377428395609968,18.925101098327662,772.1231695817463,675.4268243147382,13.360000784045182,724.2259378603447,734.3721649012178,0.028782189613880904,20.989865156488325,0.29736308010569495,716300008,96.45267472175044,72.72995710642925,739.9666717529296,703.9566619873046,721.9616668701171,897760494.0399092,0.052284979051159274
2022-01-28,778.0999755859375,784.7000122070312,761.5,764.7000122070312,761.5203857421875,17765524,6.639483616013343,-0.011894408796594647,732.5900024414062,700.1989990234375,63.412683619104754,13.148095174760329,19.61741102043171,773.0342648215102,684.1007327370836,12.206629067784837,728.0806116076483,737.4596981097562,-0.01182394994840974,21.147732802955677,0.23498589666978412,698534484,79.27461139896373,90.51189562075774,745.7708414713542,708.3008280436198,727.035834757487,190884235.34191638,0.029816235618772252
2022-01-31,775.4500122070312,777.7999877929688,762.3499755859375,773.0499877929688,769.8356323242188,12319200,6.650343713757864,0.010860097744521013,737.725,701.5329992675781,65.29088066282316,15.05162879291845,20.260270233814037,775.522569427707,691.0624281308868,11.517933353664462,732.3634093395835,739.2582656477392,0.010919282663326202,20.740752760389647,0.2473173638519938,710853684,87.92743584034974,87.88490732035466,750.3941752115886,712.909159342448,731.6516672770183,132204757.93949297,0.01992393057427198
2022-02-01,778.0999755859375,793.9000244140625,769.0999755859375,781.9000244140625,778.6488647460938,15457534,6.661726886354489,0.011383172596625357,744.65,703.4429992675781,67.2120657120416,17.077458579848667,21.372766266939173,781.2710202490192,693.8689821923871,11.849999039003595,737.0811822038196,742.0658570914035,0.011448207439159752,21.0307024795136,0.21930511839565003,726311218,88.64711578604553,85.28305434178635,755.1766784667968,717.1616577148437,736.1691680908203,135268080.62769884,0.03187257371322967
2022-02-02,790.0,805.9000244140625,787.3499755859375,804.0999755859375,800.7565307617188,13478899,6.6897236091921295,0.02799672283764032,752.5399963378907,705.8119982910156,71.4770008222833,20.240968522580488,22.749853706723176,792.74896329608,691.8860342625138,13.587572595207586,743.4639244306879,745.2503291710169,0.02839231420731969,21.242795159548344,0.2322312081028772,739790117,98.47064686369042,91.68173283002858,760.1725138346354,721.4024881998698,740.7875010172527,244576626.64298946,0.023481074465981012
2022-02-03,802.2000122070312,811.9000244140625,793.0499877929688,799.5499877929688,796.2254028320312,10802708,6.684049054138074,-0.005674555054055119,759.5349975585938,708.0999975585937,69.48213172929037,22.12587365636341,24.193273775072864,801.6107937274606,690.2892001690237,14.923465917804807,748.8054542747146,747.8620517480537,-0.0056584851773602285,21.07188383537302,0.19482501864844562,728987409,90.01613952921521,92.37796739298373,763.9400136311849,725.5999867757162,744.7700002034505,48757415.86032592,0.023497926120984582
2022-02-04,796.9500122070312,804.5,791.1500244140625,798.5499877929688,795.2296142578125,10776387,6.682797567815823,-0.0012514863222516937,766.4999938964844,710.4729968261719,69.02616174246944,23.270732394724746,25.400072180965726,808.9939561217227,689.7310377747617,15.91525047392362,753.5430288955007,751.8121612801884,-0.0012507035398253707,20.520318960413338,0.18151286888101806,718211022,89.20773217164249,92.56483952151605,767.4058461507162,729.1808217366536,748.293333943685,9068213.953441974,0.016751333686496575
2022-02-07,802.5,803.5999755859375,784.0999755859375,789.5999755859375,786.3167724609375,10939179,6.6715264571997395,-0.011271110616083213,774.2099914550781,713.0299963378907,64.91987645868545,23.188546872427423,26.020241216721736,813.7495006105959,690.8754932858884,16.332841448619586,756.9770238183994,757.0875340189004,-0.01120782962099498,20.447439034669525,0.17612584388478303,707271843,81.97247645311272,87.06544938465682,770.6075103759765,731.9974884033203,751.3024993896485,-62247785.738785945,0.024299065420560748
2022-02-08,794.0,801.0,776.1500244140625,798.5499877929688,795.2296142578125,12300670,6.682797567815823,0.011271110616083213,783.6049926757812,715.9789965820313,67.03196965938042,23.57386064928039,26.051421098433657,819.5430597234196,690.6569341730648,17.06874931416391,760.9363537207394,762.7190099486924,0.011334868900407136,20.761905931188664,0.1827906608379133,719572513,89.20773217164249,86.79598026546591,773.9050099690755,733.8899892171223,753.897499593099,52644835.856846735,0.03129719847095403
2022-02-09,801.0,809.5,800.1500244140625,803.8499755859375,800.507568359375,9399830,6.689412654237553,0.006615086421730254,788.7699890136719,718.9429956054687,68.25100925891554,24.029887726888887,26.40323286111893,825.6830294664893,690.5769619885888,17.820963190916363,765.0233653269487,765.8523573669511,0.006637014431140287,20.061056379463135,0.16928045434108044,728972343,93.49228129852405,88.22416330775978,776.9833424886068,737.0083241780599,756.9958333333334,50760934.78960321,0.011672878384441324
2022-02-10,807.5499877929688,815.9500122070312,803.0999755859375,809.7999877929688,806.432861328125,12848281,6.69678728852393,0.007374634286376747,792.364990234375,721.5469958496094,69.60960074544438,24.58797387284801,26.965696350716136,832.2161682460707,690.3388244297106,18.63674474798717,769.2878055618078,769.842819151979,0.007401893870425447,19.545983539579606,0.1687652149796701,741820624,95.18589086961839,92.62863477992833,780.3341776529948,739.9041544596355,760.1191660563151,67885264.12277952,0.015912372998992737
2022-02-11,800.9500122070312,809.9000244140625,798.5,803.7999877929688,800.4578247070312,9717894,6.689350466828448,-0.007436821695481655,796.2749877929688,724.10099609375,66.51845695298215,24.266383544207997,27.148177261611117,837.0233002386713,691.8416899957037,18.992077282208047,772.5746800600135,774.051487399902,-0.007409236960292387,18.964129316328385,0.17065948273374745,732102730,90.48921767979452,93.05579661597902,783.3975118001301,743.0224873860677,763.2099995930989,-16243154.62574016,0.014233128460351152
2022-02-14,790.0,803.0,769.9500122070312,773.3499755859375,770.1343994140625,8617389,6.65073169591492,-0.038618770913528166,796.3049865722656,726.1079956054688,53.52733666511355,21.308824523268754,25.546291820374822,836.9681138274177,697.061872744848,18.240352836281275,772.6485177291491,777.2473700708056,-0.0378825736121734,20.027404049871897,0.17575270279243255,723485341,60.31670042977605,81.99726965972967,786.9316762288412,745.241655476888,766.0866658528646,-180347451.70373794,0.041835427586036394
2022-02-15,777.0,799.0999755859375,764.2999877929688,796.9500122070312,793.6362915039062,7426563,6.680791956882247,0.0300602609673275,797.8099853515625,728.7849963378907,60.04104681693999,20.631437049021542,23.765563133450396,837.6414773566046,704.8185079949578,17.222225616617642,774.9629457746618,785.5075937145823,0.03051663201154553,21.082588602950242,0.2360776150142732,730911904,75.59410268170397,75.46667359709153,791.7433430989583,747.6833211263021,769.7133321126303,56728955.27799392,0.044787629077179855
2022-02-16,795.0,808.2999877929688,789.2999877929688,797.0499877929688,793.73583984375,7457765,6.680917396764391,0.0001254398821437519,797.1049865722656,730.98599609375,60.066581667422874,19.873579535608997,22.568679866939593,838.606844683545,711.0381382266112,16.464249278227083,777.0664735859291,791.0409317290416,0.0001254477500547413,20.933832274168083,0.24453363638762998,738369669,65.28921914250388,67.06667408466132,795.2658406575521,751.4708211263021,773.368330891927,19406714.70977076,0.02389937106918239
2022-02-17,797.0,802.0,780.5,782.7999877929688,779.5451049804688,6516308,6.66287721992786,-0.018040176836531252,795.4299865722656,732.6999963378906,54.70096328976003,17.916584850905565,20.982278217639085,837.8468375438891,717.1181465869703,15.528155577651107,777.6125225580281,793.4148662280793,-0.017878426972263384,20.97427282601322,0.20773406854780743,731853361,38.152981781701534,59.67876786863648,798.7625071207683,754.1424875895183,776.4524973551431,-55436021.09674308,0.026976160602258468
2022-02-18,781.1500244140625,790.5499877929688,779.0,787.4000244140625,784.1259765625,5466662,6.668736409515558,0.005859189587698488,794.314990234375,734.5689965820312,56.06531240700775,16.54610379020346,19.538751947620963,836.5969213382101,724.2180627926492,14.400023024912093,778.5446655919361,795.0639756841648,0.005876388212604722,20.301109609367188,0.2227702425292691,737320023,44.724154311927904,49.38878507871112,801.4025054931641,757.1274871826172,779.2649963378906,-1714110.1021532938,0.014785876505134016
2022-02-21,783.5499877929688,796.7999877929688,776.0999755859375,788.8499755859375,785.5699462890625,5635224,6.6705761577545335,0.0018397482389751474,794.239990234375,736.5849963378906,56.50994700782672,15.399471100626783,18.43467514164417,831.0323447985293,737.4176368909239,11.93722579623081,779.5261236866029,796.3089611243084,0.0018414416140690726,20.329602652057478,0.25210554650746486,742955247,47.5314156604438,43.469517251357765,805.1766713460286,760.5516530354819,782.8641621907552,4875829.727667652,0.02641824073705512
2022-02-22,766.0999755859375,787.0,766.0999755859375,779.1500244140625,775.9103393554688,6923558,6.658203613225849,-0.012372544528684415,792.2999938964844,738.0879968261719,52.66971440103595,13.551834328978316,17.396171930024842,817.4901596160206,758.4148269562451,7.49732162321152,779.4903047082656,794.9579340996273,-0.012296319290204916,20.502488176910514,0.25506962744233824,736031689,28.751267379944554,40.33561245077211,808.5291717529296,764.6341522216796,786.5816619873046,-43146839.78120714,0.027281066544973455
2022-02-23,783.5,785.5,772.25,777.2000122070312,773.9684448242188,6303173,6.655697733209707,-0.002505880016141937,789.6349975585938,739.4139965820312,51.90604908010609,11.794262273946742,16.431847519235465,814.3758705213145,764.0291160509512,6.379446960529254,779.27218161291,793.4988929684965,-0.0025027429197576057,19.98445330713119,0.13521220891905703,729728516,24.975834107350924,33.75283904924644,808.8575042724609,768.2774871826172,788.567495727539,-22576456.122422237,0.01691129546904914
2022-02-24,752.4000244140625,769.1500244140625,725.2999877929688,730.2999877929688,727.2633666992188,13085009,6.593455391910973,-0.062242341298734516,781.6849975585938,739.7699963378906,37.73488423833176,6.541527094963158,17.557695198194548,822.5425103888375,751.5074774041312,9.025765831529533,774.608163153868,787.5582983191249,-0.06034485805124923,22.26413695762628,-0.0439799623584061,716643507,5.515718315928387,19.74760660107464,808.0350056966147,766.9599873860677,787.4974965413412,-416650313.0796257,0.05828021690355781
2022-02-25,742.2999877929688,764.8499755859375,737.4000244140625,758.0499877929688,754.8980712890625,10066136,6.63074933042439,0.037293938513417224,777.1099975585937,740.7379956054688,46.96169865171879,4.5652641815719335,18.60312518579941,823.1517985357449,750.2331868158177,9.269010750554989,773.0311940718775,784.2992588049248,0.03799808361473889,23.141697731579313,0.046053321442030275,726709643,36.127954969330936,22.206502464203435,807.4041687011719,765.9041564941406,786.6541625976563,47340078.306791395,0.0369795926489102
2022-02-28,749.9000244140625,749.9000244140625,736.2000122070312,742.4000244140625,739.3131713867188,14463418,6.609888214357311,-0.020861116067078633,774.0150024414063,741.8079956054687,43.08413131859182,1.7164541174174701,19.615789986324483,826.0870972907695,744.2328917229023,10.425162532546041,770.1139398187522,778.7053865807292,-0.02064502820515901,23.04943186403347,0.014611661189322497,712246225,18.863797038802595,20.169156774687327,805.9050038655598,764.5799916585286,785.2424977620442,-135121281.9202785,0.018269118230441198
2022-03-02,728.7000122070312,756.4500122070312,725.0,750.25,747.1304931640625,11691602,6.620406484320476,0.010518269963164961,769.3450012207031,743.32599609375,45.51430712225983,0.09112856839772121,20.94029390424236,827.2424284644298,739.9125581078358,11.145020257071685,768.2221360264901,773.5603945157351,0.010573781422128947,23.64947331710474,0.048844080388437724,723937827,27.762503145709253,27.584751717947615,804.3508351643881,762.3608266194661,783.3558308919271,16145432.86690586,0.04315906639246216
2022-03-03,756.0,759.4500122070312,732.4000244140625,737.6500244140625,734.5828857421875,8357181,6.6034694904606575,-0.016936993859818728,763.4050048828125,744.7619970703125,42.38597682308398,-2.188439399295362,21.9475588712943,827.1602473254923,733.3497441295858,12.023057040273612,765.3105063491162,767.6680162459793,-0.016794369324808378,23.892367208237882,-0.034452594169602335,715580646,14.899906685971695,20.508735623494534,801.9783335367838,759.1383310953776,780.5583323160807,-64818373.42253854,0.03578040713355655
2022-03-04,723.0,732.5,710.0499877929688,715.0,712.0270385742188,11660648,6.5722825426940075,-0.031186947766649986,756.6250061035156,745.6749975585938,37.40840524723638,-5.756325772834202,23.59397932866198,829.9329614859499,722.1220311898313,13.892668855792268,760.5190295539622,760.2363318616863,-0.030705651276910162,24.157200737727585,-0.05099011706391902,703919998,5.038180363390585,15.900196731690533,798.0424987792969,754.8424987792969,776.4424987792969,-197682099.0633722,0.031051192540845436
2022-03-07,693.0,705.0,655.5999755859375,667.5499877929688,664.7742919921875,20147061,6.503614275549786,-0.06866826714422114,744.6400024414063,745.4499975585937,29.573262787775278,-12.271265349554255,26.24949931507445,840.0906014996281,698.8643911761533,18.353520537715628,751.6648351005343,746.2976424056685,-0.06636365343640738,26.674545286037223,-0.10672429254254581,683772937,7.825809595109513,9.254632214823951,793.7441670735677,746.9391621907553,770.3416646321614,-703212893.2783263,0.0712843065137987
2022-03-08,665.0,673.75,637.0,670.4000244140625,667.6124267578125,24828458,6.50787458558503,0.004260310035244075,732.7950073242188,745.507998046875,30.514653107880108,-17.008365910264274,28.982744883699144,845.5321961897891,681.5028013688045,21.483383823322054,743.9253293208703,730.3490581890809,0.004269398057389573,27.39422062274885,0.017986960110350284,708601395,19.497972442607175,10.78732080036911,788.0041687011719,739.4741638183593,763.7391662597656,-187229621.39591673,0.05526315789473684
2022-03-09,671.5,680.5,659.0999755859375,674.2000122070312,671.396728515625,20438651,6.51352682090591,0.005652235320879662,722.3000061035157,745.5489978027343,31.823187958839938,-20.222809022375486,31.098241294989663,846.3047698231458,668.2952301768541,23.50581535009793,737.2848229290761,719.9995408670691,0.0056682393415632415,26.966063750699824,0.010672655869238884,729040046,22.545461943655305,16.62308132712402,781.8000040690104,733.6149943033854,757.7074991861979,-10632124.262139894,0.031868986469192104
2022-03-10,707.9000244140625,720.4000244140625,688.25,694.9500122070312,692.0603637695312,23224756,6.543839918096104,0.03031309719019415,714.0750061035156,745.9389978027343,38.620482891736984,-20.855517340726124,30.952625121101224,842.1178467960697,661.5921568660397,24.010705453894815,733.2529361936432,715.1581196833324,0.03077721688564461,28.339917211866354,-0.039276444123084085,752264802,36.26409050926165,26.102508298508067,777.7750071207681,727.3099924723308,752.5424997965495,317731749.91262,0.04541605213345411
2022-03-11,691.9000244140625,706.6500244140625,687.4500122070312,690.8499755859375,687.9774780273438,14224356,6.537922688163512,-0.0059172299325922495,710.1300048828125,746.3459973144531,37.81815103793563,-21.440627721279384,30.83770685835919,835.7890259793878,656.0259764620184,24.099911748196796,729.2145589929094,711.638981775539,-0.0058997576071303515,27.687066854378134,-0.08026019764962412,738040446,33.69836026251994,30.835970905145654,772.36083984375,721.2608276367188,746.8108337402343,67030329.62989028,0.027749691472103696
2022-03-14,694.7000122070312,712.4000244140625,685.0,710.0499877929688,707.0975952148438,10720884,6.565335372899231,0.027412684735718784,705.3300048828125,747.1699975585938,43.715091608463226,-20.12308499184951,30.45316198877163,828.2696544163714,654.1703480250349,23.48820945260722,727.3893617357721,708.966119703363,0.027791869270527236,27.66656382292702,-0.03961035216734846,748761330,48.699991861979164,39.55414754458693,768.0816731770833,715.381660970052,741.7316670735677,159570845.65674078,0.03944151998358807
2022-03-15,713.0,718.0,695.0,698.1500244140625,695.2471313476562,12157425,6.548434014357855,-0.016901358541375977,700.9050048828125,747.5619982910156,41.11272664341436,-19.810784091703567,29.822089457702244,825.1277247731682,649.7922825510504,23.7755866557413,724.6046629432284,706.2956902384337,-0.016759331854781956,27.33323783557509,-0.04726296805072325,736603905,41.17846761889731,41.19227324779882,763.6600077311198,711.9649943033854,737.8125010172525,-43258326.30228595,0.03225806451612903
2022-03-16,711.0,726.0,709.0999755859375,723.8499755859375,720.8402099609375,10038170,6.584584154871983,0.03615014051412846,698.2650024414063,748.1119982910157,48.27438834597579,-17.290201422987252,28.845808943171914,817.2401713986791,650.3698322634303,22.740419964276505,724.5327879568198,704.7359526730918,0.03681150221751306,27.37014767488669,-0.042749701728216766,746642075,65.72074123407845,51.86640023831833,759.4083424886068,709.5033253987631,734.4558339436849,157567543.80255833,0.023769373296853025
2022-03-17,737.0,746.75,736.4500122070312,739.25,736.1761474609375,13657428,6.605636158732587,0.021052003860603463,698.425,748.7139978027344,52.03847115664556,-13.889854633292885,27.014165657224396,809.2346237762736,652.595381106539,21.430568827637597,725.9344271990275,704.7875945397983,0.0212751605076682,27.05085315625639,-0.06115158019733293,760299503,79.97655027416893,62.29191970904825,756.1033426920573,707.0683268229166,731.585834757487,192738997.68971997,0.013975560099007802
2022-03-21,745.0,749.4000244140625,723.7000122070312,725.9000244140625,722.8817749023438,7495685,6.5874122979236125,-0.0182238608089742,699.5150024414063,748.6939978027344,48.72809951110892,-12.132431643854602,25.78844360180724,802.6904216369355,653.4495869079863,20.498143564928387,725.9311507433165,703.4178491651938,-0.018058810396939462,26.954364517026022,-0.06526335677694811,752803818,72.60107435820879,72.7661219554854,753.5416778564453,704.0866607666015,728.8141693115234,-2465141.936678618,0.034496660680578856
2022-03-22,729.0,736.0,706.3499755859375,731.4000244140625,728.35888671875,11117081,6.594960539095185,0.0075482411715723785,705.9000061035156,748.7159985351562,50.13547761377382,-10.178525522284872,25.239342017721757,794.8045585349032,655.7354500100187,19.174804928598796,726.4519958548161,701.7419103156734,0.007576800957459051,27.146911652528626,-0.043597745662359036,763920899,77.09270314686168,76.55677592641315,751.3933461507161,700.1283253987631,725.7608357747396,39940916.35444046,0.040672187124914265
2022-03-23,736.0999755859375,742.9000244140625,724.6500244140625,726.75,723.7282104492188,5886245,6.588582539438986,-0.006377999656199229,711.5350036621094,748.6389990234375,48.91302200734645,-8.902634918504077,24.411396156959746,785.3191478262289,659.0108631600991,17.490225046265472,726.4803772019765,700.1017042895467,-0.006357703389178515,26.511417963062293,-0.06631776785856774,758034654,73.2952152330177,74.32966424602942,748.480014038086,697.459994506836,722.970004272461,-4933816.519955391,0.024792827883838676
2022-03-24,719.0999755859375,730.4500122070312,719.0,722.25,719.246826171875,7559843,6.582371339346345,-0.006211200092640645,716.3400024414062,748.2279992675781,47.700872397550405,-8.160525358066138,23.84106835848658,776.8231566605868,661.8168518843349,15.98819775526364,726.0774841351215,699.1698678388416,-0.006191950464396245,25.435603266202936,-0.08556405304255922,750474811,75.84517925543642,75.41103254510529,745.3316802978516,695.2566619873047,720.2941711425781,-24324134.506651796,0.015922698645207914
2022-03-25,723.2999877929688,726.6500244140625,715.5,721.25,718.2510375976562,5430894,6.5809858178223095,-0.0013855215240354823,718.9700012207031,747.7879992675781,47.419642057975885,-7.565875128571292,23.436933221287862,767.5718367519047,665.473170572314,14.249191847816329,725.6177237413003,698.5595297377356,-0.0013845621322257085,24.415204776764334,-0.07897110409155603,745043917,74.95549973337852,74.69863140727756,742.3675150553385,692.5024943033853,717.435004679362,-11728640.835550599,0.015415490947379897
2022-03-28,726.0,737.9000244140625,715.0499877929688,736.0,732.9396362304688,7077669,6.601230118728877,0.020244300906567148,723.4850036621094,747.5709997558594,51.92217942157614,-5.83712209829946,22.489200911401273,768.2236521877275,665.3913563571945,14.345873225044542,726.6065119564146,702.4336739459322,0.020450606585788567,24.303407051359294,-0.01692279313956407,752121586,88.07827268373262,79.62631722418253,740.7208485921224,692.9558278401694,716.8383382161458,65687531.55481647,0.03147387964337982
2022-03-29,741.6500244140625,741.6500244140625,731.0,737.7999877929688,734.732177734375,6174137,6.603672768617399,0.0024426498885219416,726.2600036621094,747.5129992675782,52.45721252241966,-4.272577283709552,21.42215221300362,764.6567277881992,666.9332807567226,13.652434907785274,727.6725572741816,710.5284171735699,0.00244563558827271,23.328165434409524,-0.030864636661481603,758295723,87.15389773135894,83.39589004949005,739.0500193277994,692.9649912516276,716.0075052897135,29304758.00634996,0.01435990570144794
2022-03-30,747.0,765.8499755859375,741.2999877929688,750.4500122070312,747.3296508789062,16618114,6.620673042868606,0.01700027425120698,731.4900024414062,748.0879992675781,56.15045214128152,-1.9889852132228043,20.441618182788982,766.0517762727474,666.3432310514714,13.921934202707979,729.8418386963577,720.4403805507927,0.01714560127861131,23.665438460020898,-0.04209860036226153,774913837,80.95242049574,85.39486363694387,740.0775166829428,692.907491048177,716.4925038655599,149914617.87923253,0.032864776161939425
2022-03-31,763.0,763.0,751.2999877929688,761.1500244140625,757.9851684570312,20449544,6.634830479580494,0.014157436711888849,735.2200073242187,749.0579992675781,59.04828000779467,0.6763825988386998,19.53112229758968,768.2836701319225,665.2013396337024,14.382059079232926,732.8235706694725,728.6823211406579,0.01425812783394198,22.8714776980886,-0.013841605225509467,795363381,94.18682425342318,87.43104749350739,739.8191833496094,694.6241577148437,717.2216705322265,195845119.57855928,0.015334223076056685
2022-04-01,760.0,775.75,755.1500244140625,774.5499877929688,771.3294067382812,9321859,6.652282199792213,0.017451720211718147,738.7500061035156,750.0449987792969,62.39951536295343,3.8258686174452805,19.211205923058767,775.3659477623528,661.8090583411629,15.802792135811847,736.7975151574244,734.5997626587947,0.017604891216053797,22.709227547220667,0.03790445899025137,804685240,98.67767249913912,91.27230574943412,740.7625152587891,696.2124908447265,718.4875030517578,148556752.67507154,0.02710523103412829
2022-04-04,780.0,785.5,767.0,784.0999755859375,780.8397216796875,10959783,6.6645365321004615,0.012254332308248905,744.5700012207031,751.1349987792969,64.62157237437293,7.011637389098155,19.287908078016887,785.5393245340322,658.5456791280772,17.588112207232548,741.3025113887113,740.3622310581018,0.012329724283103749,22.408568436704908,0.09943588643893658,815645023,98.4530116971685,97.1058361499103,743.5491811116536,699.3941579182942,721.4716695149739,119296113.4674148,0.023717948717948717
2022-04-05,776.0,796.0,776.0,783.0999755859375,779.8438110351562,7334134,6.6632603705807165,-0.0012761615197449672,749.7399963378906,752.2189978027344,64.19377654341898,9.347933294078643,19.73878788500991,791.4599627198368,664.1800397215695,17.487829790991285,745.2832222646376,745.9195638317223,-0.0012753475719122775,22.236527834083127,0.13844835816198772,808310889,85.61068499604445,94.24712306411737,747.5283467610677,706.3133260091146,726.9208363850911,34875948.489138275,0.02577319587628866
2022-04-06,777.0,779.9500122070312,769.2000122070312,773.7000122070312,770.4829711914062,9954921,6.651184217332882,-0.012076153247834398,754.4349975585938,753.442998046875,60.162037556969196,10.321980775799261,19.75880054278227,793.8530559362529,672.1169452844503,16.6082676385511,747.9895832115322,749.846981667128,-0.012003529143099434,21.641058944427638,0.052026684474211916,798355968,75.12550839922496,86.39640169747933,751.9233469645183,713.3083262125651,732.6158365885417,-50758612.39689043,0.013835263835263836
2022-04-07,769.5,795.0,769.2000122070312,792.0999755859375,788.806396484375,9820244,6.674687615648288,0.023503398315406265,761.4199951171875,755.192998046875,64.81976147104696,12.435297325597958,20.324515666766565,798.6604071625338,679.09959039606,16.18135786108708,752.1905729614756,753.3440001789132,0.023781779874113118,21.938125290752,0.05093326523774561,808176212,95.64972297603664,85.4619721237687,757.8516784667969,718.7966613769531,738.324169921875,103541882.5156524,0.03352824924362411
2022-04-08,794.9000244140625,800.7000122070312,789.0,794.9000244140625,791.5948486328125,8104237,6.678216351292442,0.003528735644153791,768.7849975585938,756.0469982910156,65.48116436652609,14.172682593631407,21.044024411560606,804.8322128041233,682.9227859751735,16.388374017089706,756.2581397664839,756.9446654933961,0.0035349689615300495,21.206831499057664,0.1214085068397035,816280449,93.85269152966916,88.20930763497694,761.5125111897787,724.502495320638,743.0075032552083,49642133.71501565,0.014718847462176863
2022-04-11,789.4500122070312,794.25,784.0499877929688,786.0499877929688,782.7815551757812,6340427,6.667020388107937,-0.011195963184505331,773.7899963378907,756.2909985351563,61.54286122470384,14.66638399803037,21.395791147468596,807.1025901279862,690.1724098720139,15.619065336156998,759.0954586261491,761.1986422336049,-0.011133521637035182,20.467060436345953,0.15346359627924283,809940022,82.8954813331528,90.7992986129529,765.7191772460938,729.6091613769531,747.6641693115234,-20861296.190575838,0.012920402874547455
2022-04-12,780.0999755859375,801.0,777.7999877929688,798.4500122070312,795.1300048828125,7672215,6.6826723635752865,0.015651975467349644,779.8549987792969,756.9659985351562,64.74253693216593,15.875224550199391,21.973651914615363,812.5426184797203,693.5723839616859,15.798293533386785,762.8435113481379,764.3210890001368,0.01577510922540526,20.66227127710919,0.14089252741625544,817612237,97.0331734371061,91.26044876664271,770.0058430989584,734.3158284505208,752.1608357747397,56470003.476432405,0.02973979353044536
2022-04-13,805.7999877929688,805.7999877929688,790.8499755859375,793.0499877929688,789.7525024414062,7640132,6.6758862559570575,-0.006786107618228954,784.1149963378906,757.3659985351562,62.311157815824416,16.210636430689306,22.687051057891694,814.0637892737067,701.5412095055902,14.848536374417437,765.720318628598,768.474169663137,-0.0067631339864796525,20.254252772103623,0.16247850397647795,809972105,85.9504132231405,88.62635599779982,774.2458424886069,739.3608266194661,756.8033345540365,-8681265.058962632,0.01855300624659764
2022-04-18,780.0,801.6500244140625,776.0,798.8499755859375,795.5283813476562,11478317,6.68317316291207,0.007286906955012107,787.8849914550781,757.7049975585937,63.880164425559435,16.75136400794031,22.362487636476562,818.2579402688681,704.8470585104288,14.892063495206592,768.8755240531065,772.2817929667605,0.0073135210670767226,20.639665032243546,0.16907654768195074,821450422,92.34158434486915,91.77505700170526,778.3091766357422,742.5491607666015,760.4291687011719,41488977.30289624,0.03288464668469551
2022-04-19,805.0,816.2000122070312,785.5499877929688,797.7999877929688,794.4827880859375,8711816,6.68185792417044,-0.001315238741629976,790.2099914550781,757.5789978027344,63.365873035268145,16.900352525060498,22.642855552974453,822.3118395065796,706.6481580520142,15.129719762355379,771.6302348854744,776.1365608209595,-0.0013143741942266418,21.35469070237347,0.19781143854005329,812738606,78.40373030774752,85.56524262525242,782.2783447265625,744.4833251953125,763.3808349609375,7731458.797905519,0.03807456448951863
2022-04-20,800.8499755859375,802.4500122070312,788.5999755859375,794.7000122070312,791.3956298828125,6676491,6.677964700306687,-0.0038932238637530148,791.2699951171875,757.4819982910157,61.78433261715704,16.577193310534994,22.903197189722494,824.3305856203513,711.5094107175394,14.691787578370995,773.8273565351464,778.7618176117571,-0.0038856550932185874,20.81864398228206,0.22807834806623045,806062115,71.2950694366351,80.6801280297506,784.7983449300131,748.1883229573567,766.493333943685,-11220819.800519124,0.017294171247193266
2022-04-21,795.0999755859375,804.0,790.5499877929688,801.7999877929688,798.4661254882812,6851615,6.686859184983873,0.00889448467718612,793.1399963378906,757.5469982910156,64.0005098437943,16.701471826687566,23.208879575367558,827.0765119634085,715.8034807123728,14.424068207412224,776.491416654939,783.1257100173909,0.008934158143800053,20.292313141192718,0.21650140164740875,812913730,77.81198921869387,75.83692965435885,787.6983439127604,752.7083231608073,770.2033335367839,28690592.882655732,0.01691612705322932
2022-04-22,796.0,798.0,778.2000122070312,780.5999755859375,777.354248046875,6255027,6.660062823470493,-0.026796361513380162,793.8299926757812,757.3669982910156,53.94160220555279,14.917341806283957,22.635466997227752,825.9375678579069,722.3274223764682,13.384032595835446,776.8827079817008,787.5604488044404,-0.026440524482154615,20.528574744388774,0.21491130841976874,806658703,41.6870700419798,63.59804289910294,790.4841756184895,755.3391560872395,772.9116658528645,-78840901.5426548,0.024874356523830087
2022-04-25,772.0,788.7999877929688,761.25,780.7000122070312,777.453857421875,8023525,6.660190968762253,0.0001281452917600845,792.6899963378906,757.0099987792969,53.97835895298607,13.357501072821037,21.095967080953844,823.0970343295522,731.012957125526,11.850393821586591,777.2462607650657,788.3585077660931,0.0001281535027191083,21.03010424785877,0.25070062937477405,814682228,35.39582872839195,51.63162932968856,793.9400075276693,757.1849904378255,775.5624989827475,-25745202.96071078,0.035686512685192684
2022-04-26,791.0,796.5999755859375,769.0,775.0,771.777587890625,11087204,6.652863029353347,-0.007327939408905415,790.6999938964843,756.4329992675781,51.45844140626533,11.528479569144565,20.07051703296343,818.069819994792,741.4151714602862,9.83076450937604,777.0323311683928,788.4755706556214,-0.007301155524408576,21.49938077200725,0.2085933039945113,803595024,25.022742393932695,34.035213721434836,797.7158376057943,759.3158253987631,778.5158315022786,-50713199.74813406,0.03489251022242414
2022-04-27,765.5999755859375,772.9500122070312,749.0,765.9000244140625,762.7153930664062,11485697,6.641051644791853,-0.011811384561494442,788.6849975585938,755.555,47.63510179723208,9.238182850643511,19.195343955569488,814.6393724465681,747.8356214499163,8.551016977245482,775.9721114775042,786.2128122920614,-0.011741903981854818,21.82085357400673,0.1976154083714774,792109327,25.14884128591605,28.52247080274692,799.4191701253255,760.9091603597005,780.164165242513,-86584108.10769507,0.03128267106944663
2022-04-28,776.9000244140625,785.4500122070312,766.3499755859375,779.7999877929688,776.5575561523438,11037317,6.659037460894443,0.017985816102590313,786.8199951171875,755.075,53.33814147258337,8.447341385170489,17.913334974215072,810.1907115229828,756.4842823735016,6.85610344949819,776.336671126596,786.3719050842936,0.018148534973007946,21.65864887536116,0.20699203849024317,803146644,45.833306842384914,32.00163017407791,801.8608367919921,762.505825805664,782.1833312988281,73417498.69835457,0.024584935024939643
2022-04-29,765.0,766.8499755859375,725.0,728.5999755859375,725.5704956054688,34401710,6.591124851066279,-0.06791260982816372,780.3749938964844,754.18,37.246698133052114,3.647138791601833,18.21162435636236,815.3998259937085,749.0901642406665,8.476840653113833,771.7903191703429,775.5264471655054,-0.06565787767186326,24.025887369475985,0.07622058988069783,768744934,3.947341122899491,24.976496417066837,802.106669108073,761.021659342448,781.5641642252604,-1149772815.062381,0.054705850439133986
2022-05-02,722.0,738.2000122070312,718.5,727.3499755859375,724.3256225585938,16136040,6.589407758653701,-0.001717092412578225,773.2249938964844,752.7879992675781,36.95358295575223,-0.2549816311839095,18.697595861394724,820.5738813849522,740.5361039666103,10.253957526294002,767.5579054956377,769.5227253400305,-0.0017156190528208048,23.716896286444218,0.003154815093162364,752608894,9.058315742258001,19.612987902514153,800.9833353678384,759.0983256022135,780.0408304850259,-396704305.02079374,0.027285335466802285
2022-05-04,733.0,735.1500244140625,704.0,707.2000122070312,704.2594604492188,14548684,6.561313528584507,-0.028094230069194204,764.1649963378907,750.9909997558593,32.51195170606226,-4.91669719913466,19.592080734038916,828.423515176326,725.9514726166428,13.184983464663375,761.8095347062466,763.9390959375261,-0.02770325710490862,24.247834009845523,-0.08919963475449434,738060210,2.8520604802846132,5.285905781814054,798.8591715494791,755.9191569010417,777.3891642252604,-327671734.88111746,0.04249662266584243
2022-05-05,716.0,721.7999877929688,698.9000244140625,702.3499755859375,699.4295654296875,12726146,6.554431820516382,-0.0068817080681249365,754.9299926757812,749.3819995117187,31.5296156969179,-8.899905226999408,20.571985046425123,833.6712213922458,712.528766400723,15.669700678815854,756.1467195519315,758.3458557492655,-0.006858083339051024,24.151557536207005,-0.1725850786776434,725334064,2.941135149957619,4.95050379083343,795.5200032552083,752.1399922688802,773.8299977620443,-150372094.39062965,0.03198318907668471
2022-05-06,690.0,692.5,668.0999755859375,673.4000244140625,670.6000366210938,15511195,6.512339542981892,-0.04209227753448985,742.0899963378906,747.1019995117188,26.401744104223837,-14.228626650268097,22.268075099296862,841.8884752093793,693.3415174664019,19.351752955799423,748.2660819197534,749.552251118913,-0.041218697484432076,24.87287485504936,-0.19590524794395203,709822869,3.578695150282035,3.1239635935081083,790.3883382161458,746.5683247884115,768.4783315022787,-349489590.04183096,0.035362354223278984
2022-05-09,660.2000122070312,669.0,648.7999877929688,663.7000122070312,660.9403686523438,13999329,6.497830258544272,-0.014509284437620451,730.4,744.5990002441406,24.93824175633415,-19.015191398401157,24.241596577509796,848.9931234207836,675.2368692549976,22.799217309817845,740.2121705185417,739.7703634674004,-0.01440453200973879,24.853386409766816,-0.15623012857743057,695823540,8.900849606334237,5.140226635524649,785.1716715494791,740.4066569010416,762.7891642252605,-207025638.14077473,0.030596806776030102
2022-05-10,663.7000122070312,672.0999755859375,657.5499877929688,659.75,657.0067138671875,9523698,6.4918609753834335,-0.0059692831608382235,718.3049987792969,742.2109997558593,24.346398940100357,-22.863752315608735,25.891715714121197,851.8745825114261,659.1204126057614,25.513541809013773,732.549106659633,732.7399309962368,-0.005951502387194663,24.117429365709814,-0.21890271735650724,686299842,7.05541968155539,6.511654812723907,778.4941711425781,734.8541564941406,756.6741638183594,-94087694.95097765,0.02192253657580181
2022-05-11,661.7000122070312,676.0,655.4500122070312,672.3499755859375,669.5543823242188,9352398,6.5107790019583405,0.018918026574906932,708.0399963378907,740.1139990234375,30.049211692862514,-24.61332475596032,27.186487666067688,850.4172494927875,648.3227407415875,26.968588289900264,726.8158560811859,727.0836505005269,0.019098106231053347,23.862612110514025,-0.19173426988817852,695652240,15.17396001332391,10.376743100404532,772.5900024414061,728.064990234375,750.3274963378906,47197425.996321246,0.03105635093526206
2022-05-12,667.0,667.0,644.0,649.6500244140625,646.9487915039062,11166084,6.476433793909076,-0.03434520804926411,696.4149963378907,738.5009997558594,26.215206529294775,-27.514400980704863,28.655056005630097,850.9207875498473,634.1792063466371,29.18881989010603,719.4667292557456,719.9996414559549,-0.03376210604022478,24.183138073044272,-0.19557951915806518,684486156,3.6688470221185066,8.632742238999288,766.5016693115234,720.6966583251954,743.5991638183593,-153247232.38859603,0.034482758620689655
2022-05-13,656.4000244140625,659.4000244140625,633.4000244140625,635.9500122070312,633.3056640625,9618627,6.455119963092447,-0.021313830816628965,682.0299987792969,736.0590002441406,24.207713288595357,-30.566647988336854,30.25109525503721,849.0021096880721,619.8478842084123,31.201855387801995,711.512756203487,713.8932980099273,-0.021088296301362663,24.31291392496968,-0.25203647675101404,674867529,1.562492987686752,6.80176667437641,759.1666697184244,713.0816599527996,736.124164835612,-138932615.67278558,0.0396099924329055
2022-05-16,639.8499755859375,649.2000122070312,630.0499877929688,638.9500122070312,636.293212890625,6159695,6.459826223159542,0.004706260067094625,673.0650024414062,733.99,25.552142669910367,-32.370355495873696,31.80575639682444,845.1521026465653,608.2878936913253,32.59359994936793,704.602018680015,708.7286083475461,0.004717351902531863,23.944136102762027,-0.23250864486638584,681027224,5.34375566879401,3.525031892866443,751.5183380126953,705.0133270263672,728.2658325195313,-33991481.89092853,0.02992892888137726
2022-05-17,642.9000244140625,657.5,641.1500244140625,654.9500122070312,652.2267456054688,8152237,6.484558915481769,0.0247326923222273,665.8250061035156,732.0840002441406,32.43571070024345,-32.13827043202514,32.67974999729733,837.0355562277402,602.0144437722597,32.66336992536473,699.8732561587785,701.8663931222522,0.02504108254843529,23.558839794919653,-0.2503817927559611,689179461,16.023179216315,7.643142624265274,744.0050028483072,698.4299967447917,721.2174997965495,75626700.7030238,0.025431598950145986
2022-05-18,654.75,670.4000244140625,650.2999877929688,659.4500122070312,656.7080078125,13013873,6.491406172782821,0.006847257301052068,661.0500061035157,730.52,34.27631538648882,-31.231214949727587,32.66083414536758,827.1226956552141,598.0923067861922,32.139766768759905,696.0234234014694,695.1657058859563,0.0068707533645750996,23.31178242536066,-0.24334058985283627,702193334,18.918931657131726,13.428622180746933,736.4875040690105,691.9674967447917,714.227500406901,64250519.23434127,0.030698795908505154
2022-05-19,643.2999877929688,657.75,641.2000122070312,650.2000122070312,647.4965209960938,9216948,6.477280026644076,-0.014126146138745632,655.835009765625,729.2240002441406,32.326828525630546,-30.902539401491822,32.92218992494489,816.4501838352428,594.3148186061635,31.491476588186107,691.6592890019991,687.9496439446111,-0.014026840289292464,22.9502265378349,-0.23401867416034144,692976386,14.729551324637013,16.5572207326946,729.3458353678385,684.5558329264323,706.9508341471353,-35421006.25521958,0.025726703104329892
2022-05-20,659.75,675.75,658.0,673.0999755859375,670.3011474609375,9708672,6.511893870745589,0.03461384410151336,655.8050048828125,729.335,41.23738870112548,-28.466086672203573,32.09779906497231,801.5124026910951,596.382598529608,29.34838510508425,689.8917353433266,675.4822439925697,0.03521987534447257,23.13592377034446,-0.2221238099750254,702685058,39.80580496972228,24.48476265049703,723.0691680908202,677.8491668701172,700.4591674804688,136411820.0868018,0.026904130352406214
2022-05-23,673.0,684.7999877929688,668.5499877929688,675.3499755859375,672.5418701171875,7919353,6.515231038856536,0.0033371681109466422,656.9700012207031,729.4339990234375,42.0448338806597,-26.05329793361932,30.846654817767135,789.5324148548702,597.837586365833,27.634276122500996,688.5068058426228,669.8935666973812,0.0033427426557866013,22.64407207246271,-0.20640275685913909,710604411,43.10178116900577,32.54571248778837,717.423334757487,672.5583323160807,694.9908335367838,57349636.19560061,0.024145616641901933
2022-05-24,669.7000122070312,681.4500122070312,661.2000122070312,664.0499877929688,661.288818359375,8088546,6.49835742946356,-0.016873609392975553,657.4,729.2309985351562,39.136314111687014,-24.767456233784515,29.969825491999277,775.67037276236,600.0346260169368,25.533925790960982,686.1775850759891,665.2401420774315,-0.01673204738500922,22.473066924429656,-0.24388996840737587,702515865,37.05722070844686,39.98826894905832,711.6575022379558,667.5224985758464,689.590000406901,-41817101.9767106,0.030237419189026248
2022-05-25,668.0,672.6500244140625,660.0499877929688,665.0,662.23486328125,5169619,6.499787040655854,0.0014296111922940113,656.6650024414063,728.6319982910156,39.5151419966392,-23.401995737526477,29.20104134893233,760.9431404154739,603.761858363823,23.035202800934506,684.1606722116093,661.3109628302753,0.0014306335735185804,21.767850474191373,-0.22820783728211314,707685484,55.9647804249688,45.374594100807165,705.192505900065,662.55749613444,683.8750010172527,-10664899.888436414,0.01886233027109843
2022-05-26,672.9500122070312,685.25,668.0,683.25,680.4090576171875,10114633,6.526860824808177,0.0270737841523232,660.025,728.4799987792969,46.41507231814707,-20.60966063946057,27.768895184550292,746.8662064067046,609.573789931186,20.243050462413372,684.0739415247893,660.6887657770899,0.027443609022556492,21.659432583177704,-0.21660786371021096,717800117,96.37681239544138,63.132937842952366,700.6683380126954,658.7033294677734,679.6858337402343,119506401.53718784,0.025633404691421693
2022-05-27,689.0,693.7999877929688,684.25,688.2999877929688,685.4380493164062,5539060,6.534224771669273,0.007363946861095982,665.2599975585938,728.0449987792969,48.17678285823608,-17.784217754192696,25.986336839836326,724.4898778047807,622.80011853311,15.095452285413932,684.4764221217588,661.978122182943,0.0073911273954903045,20.865900812448494,-0.24503161047855382,723339177,91.37254901960785,81.23804728000603,695.7700022379557,654.7599985758463,675.265000406901,58483590.768743604,0.013860649917226053
2022-05-30,695.0999755859375,698.0,690.0999755859375,693.6500244140625,690.765869140625,3818060,6.5419675457232485,0.0077427740539750545,670.7299987792969,727.9549987792968,50.050375787755975,-14.941098979673825,24.14809715024427,717.1635706932135,626.6314305274897,13.47409985652342,685.3500985305496,662.9260339562803,0.007772826842912917,20.068337340632976,-0.14175153071708466,727157237,93.59827107508984,93.78254416337971,691.7608388264973,654.1458302815755,672.9533345540365,33112370.80393667,0.011365306706280835
2022-05-31,689.0,696.0,683.0499877929688,685.2000122070312,682.3509521484375,10410424,6.529710784265247,-0.012256761458001364,673.7549987792969,727.1819995117188,47.15085827544907,-13.21739038390615,22.771358564516703,707.8904863410959,631.6895185417167,11.376844611239974,685.3358045949765,664.7471645818459,-0.012181953304433502,19.55988554537571,-0.17337374421250187,716746813,81.16264092202142,88.71115367223973,689.4266723632812,652.4866638183594,670.9566680908204,-47608016.31893517,0.018795373304834904
2022-06-01,683.0,692.4500122070312,680.5,686.0499877929688,683.1973876953125,6966674,6.530950493573974,0.0012397093087272992,676.4149963378907,726.1179992675782,47.48044765418758,-11.64847658966687,21.62561448767724,703.663136723899,633.8018657175073,10.446818552839446,685.4038220424044,667.165258035489,0.0012404780659587278,19.01632316406539,-0.12100664205448688,723713487,82.41352456181795,85.72481218630976,687.0108378092448,651.9908304850261,669.5008341471355,-11921670.22952136,0.0174963575505582
2022-06-02,682.0,693.1500244140625,682.0,691.5499877929688,688.6744995117188,6347433,6.53893543741902,0.007984943845045223,680.5499938964844,725.4309985351563,49.66781620752535,-9.847778014810842,20.517960106794636,701.3147529841619,635.0702506779473,9.91398468625196,685.9891711615057,670.5207115269467,0.008016908531248035,18.454444681922325,-0.050674247943289764,730060920,90.50771000985365,84.69462516456437,685.484174601237,651.6391611735027,668.5616678873697,19300030.92349288,0.016349009404783725
2022-06-03,697.2999877929688,698.0,673.1500244140625,677.2999877929688,674.4837036132812,8475726,6.518114288197779,-0.020821149221240454,680.9699951171875,724.3489978027344,44.4968993369789,-9.461501034341723,19.975393280893694,701.6755913559899,635.0994086440102,9.960716307827383,685.1616298883117,673.1407571376081,-0.02060588569378452,18.91126831792341,-0.034632840644523405,721585194,63.588353392096025,78.8365293212559,685.7475056966147,651.8574971516928,668.8025014241537,-74086053.35883571,0.035637424381133875
2022-06-06,677.0,684.0,670.2999877929688,672.2000122070312,669.405029296875,6756864,6.510555933450825,-0.007558354746953988,680.6549987792969,723.257998046875,42.7802798894771,-9.457874660096309,19.624074155450295,702.0673803580562,635.5576196419438,9.944455391625066,683.9271901091422,674.8871885348287,-0.007529862214461502,18.53903573857397,-0.10584337633466208,714828330,54.57747651811552,69.55784664002175,686.1725056966146,652.9324971516928,669.5525014241537,-47668578.744611904,0.020236354810976735
2022-06-07,672.2000122070312,678.0,661.0999755859375,665.8499755859375,663.0814208984375,8312778,6.501064383282143,-0.009491550168681862,680.8349975585937,722.1299975585938,40.676129777489166,-9.853807064178227,19.774357304595046,702.1454339181748,636.0895636404189,9.872088295144701,682.2055506307418,676.1831783199073,-0.00944664758372249,18.421963501108866,-0.08834223880217275,706515552,43.397832176924624,53.85455402904541,686.5491739908855,653.0741617838542,669.8116678873698,-51080489.39688561,0.025141362849094167
2022-06-08,670.0,673.5499877929688,655.4500122070312,658.5999755859375,655.8615112304688,9282494,6.490116332872627,-0.010948050409516519,680.1949951171875,720.8769970703125,38.35650073516713,-10.630063995419846,20.189963043492394,701.731466496222,635.1285310623717,9.964085327630738,679.9574006264746,677.2797580454791,-0.010888338613544435,18.39896436431091,-0.1619421659926767,697233058,7.402971286931301,35.12609332732384,686.1566731770833,652.9266621907552,669.5416676839193,-61892217.465628535,0.027014888934235076
2022-06-09,656.9500122070312,662.75,650.0,661.2999877929688,658.55029296875,5682743,6.4942075762214735,0.004091243348846696,677.9999938964844,719.3829968261718,39.73484466526292,-10.901716583205825,20.835193239682305,701.3739008043076,636.6510930921768,9.674379478316093,678.1805041661407,677.0018125925577,0.004099623909990413,17.995466909717273,-0.10410242234883874,702915801,23.541641235351562,24.780814899735855,685.8675059000651,653.662494913737,669.7650004069011,-10401755.508928591,0.01940786934026567
2022-06-10,655.5,663.7000122070312,652.2000122070312,660.7000122070312,657.952880859375,6758832,6.493299897511746,-0.0009076787097272998,675.2399963378906,717.8409973144531,39.52336105383636,-11.038175021139182,21.350562824813853,699.1693457582927,641.3306481381916,8.629421541730723,676.5156954081303,675.856689856285,-0.000907266894015657,17.53150498759461,-0.03568007638715294,696156969,22.29169209798177,17.74543487342157,685.9400054931641,655.1849945068359,670.5625,-6170674.629278281,0.017543859649122806
2022-06-13,646.9500122070312,652.0,640.0999755859375,648.9500122070312,646.2516479492188,6135431,6.475355690944202,-0.017944206567544363,670.7699951171875,715.8109973144532,35.534537404691164,-11.95661767170077,22.398074957907102,697.770892503951,643.7291013925333,8.056920068176735,673.890392246121,674.6471520019015,-0.017784167977763166,17.750685818558832,-0.013714665380498425,690021538,15.285030897058297,20.37278807679723,685.9583384195964,655.9283274332682,670.9433329264323,-50117767.70975942,0.018394040017815718
2022-06-14,645.0,655.7000122070312,643.0999755859375,650.75,648.044189453125,5391833,6.4781255438746745,0.002769852930472716,667.3249938964843,713.6029968261719,36.59029227677317,-12.396348725873054,23.02903080002028,698.1085376055852,642.9714550701962,8.222788027040373,671.6865453655381,673.7622629043353,0.0027736925173129645,17.382782304454185,-0.04305180367647344,695413371,18.393816793410313,18.65684659615015,685.7033406575522,656.0483235677084,670.8758321126302,-10235766.848769095,0.01953494049781977
2022-06-15,654.0,656.3499755859375,647.2000122070312,650.5,647.795166015625,4638336,6.47774129795256,-0.0003842459221141681,663.7699951171875,711.1219970703125,36.5008805536466,-12.619541446653443,23.55295613153913,698.6397579690134,641.5452334860646,8.520394549555377,669.6687791402488,672.1197207846776,-0.00038417210910490773,16.79472380977219,-0.04642225563442233,690775035,17.9620380462855,17.21362857891806,684.7208363850912,656.1608266194661,670.4408315022787,-4184978.282923032,0.013990769692517202
2022-06-16,657.5,658.2000122070312,631.0499877929688,634.9000244140625,632.2601318359375,5960283,6.4534675446298015,-0.02427375332275883,658.1049987792969,708.137998046875,31.35251308750793,-13.895037597178316,24.787040028331326,700.6510515723479,638.0039411034332,9.359709680489367,666.3574691663264,669.217842906308,-0.023981515120580332,17.53438813865007,-0.0833792313651058,684814752,5.7506137701486635,14.035489536614847,684.8341715494792,655.2141581217448,670.024164835612,-63381838.951159894,0.041292812797053234
2022-06-17,630.0,640.7999877929688,626.5999755859375,635.2000122070312,632.558837890625,6849201,6.453939929150544,0.00047238452074260806,653.8950012207031,705.1799987792969,31.552447920428406,-14.7120792860743,26.11342159196017,702.0286215785112,632.8363747593795,10.366928042754258,663.3900923130602,665.8071138585559,0.0004724961118809379,17.296218429248725,-0.12378583678339732,691663953,12.044865098673469,11.9191723050359,682.9191721598307,653.6541575113932,668.2866648356119,-19757495.189327065,0.022539701915922618
2022-06-20,635.25,637.1500244140625,622.2000122070312,628.2999877929688,625.6875,5305222,6.443017739980235,-0.010922189170309515,649.5049987792969,702.2719982910156,29.429321756705733,-15.734981938199212,27.521001042018554,703.400856355716,626.7591412028777,11.523683661139751,660.048177596861,661.2194805426021,-0.010862758629503255,17.128632270518903,-0.12384476580603247,686358731,8.04746249115272,8.614313786658307,680.503340657552,651.3683247884114,665.9358327229818,-30989939.27779001,0.02353406093196576
2022-06-21,632.0,645.3499755859375,628.1500244140625,636.5,633.8533935546875,10333886,6.4559844179974615,0.01296667801722684,646.5700012207031,699.1599987792969,35.02482031004777,-15.70295333359718,27.991982659331928,704.001993042011,623.4030057372859,12.143842667286213,657.8054940162076,656.7647234616696,0.013051109925746651,17.133726477758625,-0.08196788854193604,696692617,18.86542229007486,12.985916626633704,678.7391713460286,649.9091603597005,664.3241658528647,46162014.471449554,0.027215112613726267
2022-06-22,632.5499877929688,633.6500244140625,621.25,626.7999877929688,624.1937255859375,5899024,6.440627491006704,-0.015356926990757636,643.3900024414063,695.797998046875,31.811586753026788,-16.272698809941744,28.74843080593435,705.1685192303767,618.4164783282172,13.1086467528987,654.8525886616134,652.8163791230708,-0.015239610694471772,16.999174586490152,-0.07801695171239152,690793593,7.231254453379479,11.381379744869044,676.7958374023438,647.9858276367188,662.3908325195313,-22759731.715897024,0.0196032323980077
2022-06-23,627.4000244140625,640.8499755859375,618.25,629.3499755859375,626.7330932617188,8450777,6.444687501945009,0.004060010938305325,640.1950012207031,692.6639978027343,33.5377889582185,-16.33021890268219,28.749990973515995,703.4917045495646,614.703290567623,13.471210907464922,652.4237683686919,648.1018053915034,0.004068263948037831,17.39923180073639,-0.13663105538327933,699244370,16.882092145912548,14.326256296455652,674.5958353678386,645.2508280436198,659.9233317057292,6779674.888768373,0.036021636446450456
2022-06-24,634.3499755859375,642.4500122070312,631.6500244140625,634.0,631.3638305664062,6918584,6.452048954437226,0.007361452492216536,637.525,689.3749975585938,36.68543938964773,-15.818243023192395,28.59818123405596,699.9345419462123,612.8304543916782,13.270324513149115,650.6691237621499,645.3013035031072,0.007388614593546672,17.092146430761918,-0.1573834381616847,706162954,26.359832635983263,16.824393078425118,672.0208363850911,642.5508290608724,657.2858327229818,23707614.636750914,0.017025282901592293
2022-06-27,644.0,646.9000244140625,634.7000122070312,637.0999755859375,634.450927734375,4552114,6.456926590801829,0.004877636364603255,636.3399963378906,686.2559973144531,38.767444626363556,-14.989565942398372,28.02729007373885,694.3151585081157,612.7948329469625,12.473368896890543,649.3768239358438,642.9420468098269,0.004889551397377678,16.792709143854818,-0.17358539497203052,710715068,34.08676265265691,25.77622914485093,669.5183359781902,639.6183298746745,654.5683329264323,17310166.38851984,0.018944118333899456
2022-06-28,634.0,644.7000122070312,632.0,642.3499755859375,639.6790771484375,10711123,6.465133288470204,0.008206697668375007,635.4999938964844,683.1259973144531,42.232028286368816,-13.750692834170763,27.668008867723547,689.7251379607106,613.0998498322582,11.762944193795109,648.7076002834718,640.6259179933926,0.00824046492102215,16.50037364836742,-0.0751597800144956,721426191,53.02523457234443,37.82394328699489,667.0858357747395,637.2108296712239,652.1483327229819,43258985.962839946,0.020031564995317427
2022-06-29,636.3499755859375,637.7999877929688,623.5,625.5499877929688,622.9489135742188,13620084,6.438631243249331,-0.02650204522087307,633.0049926757813,679.6809973144532,35.34102899366884,-13.963532669224378,27.84406329838171,684.7891263172588,611.9858614757098,11.228357352181147,646.5021133796143,638.0861010753637,-0.026153947896774166,16.668202358193856,-0.13472565538006895,707806107,16.06157498861886,34.39119073787342,664.3341674804688,634.2241638183593,649.279165649414,-138125167.97185934,0.02247189179162241
2022-06-30,624.0,639.2999877929688,623.6500244140625,636.7999877929688,634.152099609375,10563138,6.45645561536084,0.01782437211150878,633.1949890136718,676.5229968261718,42.14846253814637,-13.07372305088495,27.846682494519133,676.4616329564919,614.8383548364768,9.544378332309728,645.5781014189814,636.2676391913787,0.017984174277888787,16.595471002530456,-0.11327405166777016,718369245,46.43299655789324,38.50660203961887,661.7766642252604,631.2166666666666,646.4966654459636,33181812.34271355,0.025080069517477963
2022-07-01,633.0,646.5999755859375,631.7999877929688,643.9500122070312,641.2723999023438,6549359,6.467621102295168,0.011165486934328506,634.0699890136718,673.3659973144531,46.03703428893833,-11.657218148205061,27.08952898445502,671.157271246307,616.8077189880679,8.439600869639936,645.4230453035576,635.9236442693567,0.011228053629277257,16.467222201847477,-0.0484964320554781,724918604,64.33042391538498,42.27499848729905,659.1724975585937,629.6174987792969,644.3949981689453,42279321.94521116,0.023380707413852685
2022-07-04,641.5499877929688,655.1500244140625,640.5,654.3499755859375,651.629150390625,3933384,6.483642339191086,0.01602123689591739,636.6749877929688,670.8409973144531,51.17751850262738,-9.584948360629028,25.59142690093679,667.5344915568046,618.6454950154609,7.602201410649421,646.2732291399748,635.7345380530638,0.016150265054366786,16.337422359862835,0.008065774573820796,728851988,90.3628649694977,67.04209514759201,657.9449981689453,628.2949981689453,643.1199981689454,41364473.68518758,0.02283535919696741
2022-07-05,656.0999755859375,659.9000244140625,646.0,648.5,645.803466796875,5044787,6.474662003756499,-0.008980335434586983,637.8749877929688,668.1969970703125,48.385426525088924,-8.318809703593047,23.792967181578263,664.5109120111787,619.9340770024932,6.941026729827671,646.4853025552152,635.8007857800659,-0.00894013265714444,16.16332250659138,0.011124827101318091,723807201,72.62900904755904,75.77409931081392,656.9524993896484,627.6024993896484,642.2774993896485,-5886429.295774059,0.021185832847576205
2022-07-06,652.0,659.4000244140625,651.0,657.9500122070312,655.2142333984375,6684686,6.489128959149278,0.014466955392779646,640.989990234375,665.8559973144531,52.8595429868261,-6.478172349472743,22.122968870745346,664.3844982612652,619.9954944145161,6.9121294476523865,647.5771796649119,636.773430996127,0.014572108260649586,15.787372642839317,0.08582948397909392,730491887,95.31810068670006,86.1033249012523,656.146669514974,627.7666646321615,641.9566670735677,40151433.10152258,0.012883473027703221
2022-07-07,663.4500122070312,664.5,651.6500244140625,658.1500244140625,656.4110717773438,11171714,6.489432905966398,0.0003039468171195381,643.8699951171875,663.7009973144532,52.952499604345064,-4.946296840704235,20.96314411536992,663.7212703215961,620.3437260162945,6.756284834336719,648.5841172600691,639.1051737687354,0.0003039930136339297,15.57755856734633,0.053308598973801885,741663601,86.27032305743244,84.73914426389722,656.15583597819,627.7658335367838,641.960834757487,14873463.816148805,0.01936841562967314
2022-07-08,667.0,676.7999877929688,661.4000244140625,669.1500244140625,667.3819580078125,12669533,6.506008286727569,0.016575380761171488,647.3849975585938,661.487998046875,57.8725805419416,-2.8122485436267652,20.827930394951448,665.8444331522163,619.0655644063773,7.28126776734894,650.5427750842589,642.8001723462431,0.0167135145361319,15.797016053886324,0.030417736006530263,754333134,86.93430405834357,89.50757593415871,656.8633341471354,628.0833353678385,642.473334757487,97867729.93871626,0.02308840086792541
2022-07-11,666.5499877929688,681.9500122070312,665.3499755859375,679.8499755859375,678.0537109375,14864123,6.52187214969074,0.01586386296317066,651.6599975585938,660.512998046875,62.03195242487931,-0.2546676072070113,21.04583943621221,672.4386569220432,615.5613369744411,8.831882021293428,653.3339370367996,647.3438420512211,0.01599036207350424,15.854374665829711,0.07942967100349206,769197257,96.70323984512213,89.96928898696608,658.533334350586,629.283334350586,643.908334350586,138652836.85473484,0.024904413660044568
2022-07-12,677.0,685.25,673.0,676.2000122070312,674.4133911132812,6446810,6.516488908326183,-0.005383241364556923,655.0450012207032,659.4899987792969,59.86076868068638,1.4608721458838545,21.46233278851889,676.9037485326793,613.6412465845082,9.803997874932922,655.5116584815836,649.9402838755976,-0.0053687776862247905,15.59691933255616,0.0526383225064778,762750447,86.49255553288246,90.04336647878274,659.9308329264322,630.7158365885416,645.3233347574869,30530532.01106722,0.01809453471196455
2022-07-13,680.0,685.0,676.9500122070312,679.9000244140625,678.1036376953125,9614674,6.521945764440727,0.005456856114544273,660.4800048828125,658.9439990234375,61.33805330945145,3.0834655513348252,21.849076615660806,681.7602113073928,611.724786251201,10.82895050014204,657.8343599989626,653.733094012226,0.0054717718725778575,15.11142422258563,0.043386322085203564,772365121,91.33607192560729,91.51062243453731,661.3391682942708,632.2341695149739,646.7866689046224,33893118.11477306,0.011838217342601104
2022-07-14,678.5999755859375,680.4500122070312,665.5999755859375,668.25,666.484375,8026311,6.504662355019028,-0.017283409421699147,663.6250061035156,658.2619995117187,54.53256328606657,3.3902423054656765,20.977719365452348,684.1812662517502,612.6387288654373,11.03353397629375,658.826325713347,655.8586133254637,-0.017134908068436205,15.092753679621923,0.03755163231743716,764338810,72.46963562753037,83.43275436200672,662.2266682942708,634.3516682942708,648.2891682942708,-51040106.69831458,0.021883343877623158
2022-07-15,670.0,674.2000122070312,659.0999755859375,662.2000122070312,660.4503784179688,6015057,6.495567643547201,-0.009094711471827388,665.4500061035156,658.0379992675781,51.34651238708171,3.109339114471254,19.56343260610319,685.4731019058934,614.0468932112942,10.992706378197454,659.147629188936,656.8922588455177,-0.009053479675224518,15.093273889727055,0.007911528277473696,758323753,62.67208454579959,75.49259736631244,663.8200032552083,635.855000813802,649.8375020345052,-41274049.848779015,0.0225373680911847
2022-07-18,668.0499877929688,688.0,663.4500122070312,684.5,682.6914672851562,12464664,6.528688644728503,0.03312100118130257,668.4650085449218,658.4539990234375,60.505855337827626,4.632740607980622,19.309958649757565,689.8943676679473,615.2456286699432,11.439192608833071,661.5621406947515,660.4603321998054,0.03367560764404942,15.858039168530032,0.06423206202691477,770788417,94.57364341085271,76.57178786139424,666.7716684977213,637.8466684977213,652.3091684977214,171549886.74604502,0.03674872875018581
2022-07-19,678.5999755859375,703.8499755859375,678.5999755859375,700.5999755859375,698.7488403320312,10171314,6.5519370759160225,0.02324843118751918,673.6750061035157,659.2709985351562,65.54855457826119,7.057822558662792,20.014152691938623,697.7481701390103,613.8018237574742,12.80108982077609,665.2800297320073,666.6902345105008,0.02352078244841116,16.52889351363503,0.10933010622854694,780959731,95.94762845548998,84.39778547071411,670.0583363850913,640.3283315022786,655.1933339436848,166355233.63328454,0.03720896096142337
2022-07-20,706.2999877929688,714.5,702.7000122070312,705.7000122070312,703.8353881835938,11620331,6.5591902353045475,0.007253159388524999,678.4500061035156,659.9379992675781,66.98653896704622,9.28422504183527,21.183073966844045,704.7764774786431,614.6635188592475,13.659273459877582,669.1295518724858,673.307633882631,0.007279527260657392,16.341117149379848,0.07757574163817262,792580062,89.35914571458726,93.29347252697669,674.048334757487,644.3783335367839,659.2133341471354,94961153.64391549,0.01670676482643176
2022-07-21,707.9500122070312,718.4500122070312,704.3499755859375,715.5499877929688,713.6593627929688,8036515,6.573051460697236,0.013861225392688858,684.1900024414062,661.2559985351562,69.62365245232117,11.708507375485851,22.446054007802054,712.9657914129666,615.0942061456271,14.739030683441904,673.5505457696746,677.4906887321633,0.013957737587579677,16.18103996878798,0.104915784199883,800616577,96.27963571530921,93.86213662846217,677.7883382161458,648.9683308919272,663.3783345540364,84426702.24531883,0.0199167121660708
2022-07-22,717.0,735.0,715.0999755859375,730.75,728.8192138671875,9713490,6.5940714039913555,0.02101994329411916,690.35,663.1519982910156,73.18351392128909,14.686980179043758,24.27328741422165,723.7406044224688,613.9943931361249,16.4077655868515,678.9981128392294,681.9311299562289,0.0212424183723543,16.446681714879016,0.1552192438790848,810330067,95.2247191011236,93.62116684367338,682.7891723632813,653.0591613769532,667.9241668701171,126572345.13035694,0.02775456682574965
2022-07-25,733.5,738.7999877929688,722.5,727.3499755859375,725.4281616210938,6230411,6.589407758653701,-0.0046636453376542875,695.1,664.9199975585938,71.1742219214852,16.581941480093633,26.102663150313962,731.7907170649542,614.9692804936396,17.34851596172865,683.6030521484397,685.2989081582676,-0.004652787429438976,16.43620357759971,0.15509914964420937,804099656,86.95898200574898,92.82111227406062,687.4933369954426,657.3533284505208,672.4233327229817,28068415.37035662,0.02222220558005283
2022-07-26,722.9000244140625,723.4500122070312,702.0499877929688,706.4500122070312,704.58349609375,14135744,6.560252445491216,-0.02915531316248554,698.125,665.9499975585937,60.22774058841179,16.210396230119272,25.964533421039597,734.8677300715236,618.3022711491795,17.2285017872388,685.7789531064009,689.2189246813562,-0.028734397580847726,17.06933102155464,0.0719267806950208,789963912,62.880104211532604,81.68793510613507,691.4766713460286,660.4666615804036,675.9716664632161,-187601549.49894363,0.02960302073776802
2022-07-27,707.9500122070312,720.5499877929688,703.5999755859375,718.9500122070312,717.0504150390625,6106880,6.577791831252721,0.0175393857615056,702.0299987792969,667.1399975585938,63.81249663054562,16.731716661277574,25.836270100999116,737.3592373458707,625.1507663162386,16.470847293310428,688.9381015921753,692.9012710928672,0.017694104018695533,17.060808249088684,0.1563940444128766,796070792,75.09413733290958,74.97774118339707,695.880005900065,664.6049936930339,680.2424997965494,-11643183.16631455,0.023942385641310546
2022-07-28,725.0,733.7000122070312,723.0499877929688,725.9000244140625,723.9820556640625,6964838,6.5874122979236125,0.009620466670891226,707.7950012207032,668.6539978027344,65.66547610778579,17.503900688970816,26.33159959971232,741.132770023103,630.2872373011156,16.16507446734111,692.4582847180693,697.0624372700108,0.009666892119100323,16.89575051701092,0.10050345550755801,803035630,83.81435206634987,73.92953120359736,700.3450093587239,669.569991048177,684.9575002034505,28389411.691225227,0.01468968884698276
2022-07-29,733.9000244140625,734.9500122070312,723.0,724.75,722.8350830078125,6624854,6.585826767801765,-0.0015855301218472562,714.05,669.6869982910156,65.07171680243997,17.817673684030524,26.846671943471534,744.1783186271888,635.3216874763269,15.782041416343917,695.5336861734913,701.3135986587982,-0.0015842738330127393,16.542483494869515,0.050111960366960875,796410776,82.37141073896944,80.42663337940965,704.5416778564453,674.0516571044922,689.2966674804687,4383974.670675337,0.01628288841735903
2022-08-01,726.0,732.2999877929688,720.4000244140625,730.7999877929688,728.8690795898438,5493105,6.594139807800197,0.00831303999843147,718.6799987792969,670.7959985351563,66.77381992153357,18.343076923655644,27.085832502537396,748.2569013752477,638.8881059489711,15.768905896471102,698.8923815658225,703.7472844384994,0.008347689262461211,16.210874915157852,0.0530673239226432,801903881,89.96236038305872,85.38270772945937,708.2958414713542,678.0808268229167,693.1883341471354,23616803.687222183,0.016391134130724863
2022-08-02,727.0,734.3499755859375,721.0999755859375,730.4500122070312,728.52001953125,7275626,6.5936607992901815,-0.00047900851001525524,721.6650024414063,672.1239990234375,66.57171990943226,18.517761444442044,27.41183133971678,750.4801294215583,644.8598791233635,15.138998330354902,701.8978701983185,707.1411071688026,-0.000478893803753877,15.999383849789435,0.08691841428428568,794628255,89.52324428226267,87.2856718014303,712.1216725667317,681.9716603597005,697.0466664632161,6174740.24746599,0.018225584594222834
2022-08-03,730.0,738.5,727.5,730.5,728.5698852539062,9458761,6.593729231190754,6.843190057281845e-05,724.1450012207031,673.4339990234375,66.58727537113425,18.447581545985145,27.926742920183596,752.6424204595315,649.9525868646873,14.642834611360742,704.6218825603834,711.4907505968534,6.843424208824445e-05,15.642285003375903,0.038217221159592474,804087016,89.585964213646,89.69052295965582,716.0541707356771,685.6441609700521,700.8491658528645,2373461.806894588,0.015068493150684932
2022-08-04,735.2000122070312,736.7000122070312,712.2000122070312,721.5999755859375,719.6934204101562,7466635,6.5814709349151785,-0.01225829627557573,724.75,674.2009985351563,61.132775842271485,17.472394987998427,26.989727812510413,752.4922731166525,656.4477293247537,13.633588886038183,706.2388438009123,714.5155625599433,-0.012183469423767912,16.274978931706194,0.028596297576298665,796620381,77.17316817519809,85.42745889036894,719.9066711425781,688.3316589355469,704.1191650390625,-43511001.924964175,0.033324264952679074
2022-08-05,724.0,731.2000122070312,721.2000122070312,728.5,726.5751953125,4583196,6.590987625635259,0.009516690720080767,724.525,675.0049987792969,63.620833933073584,17.05967362103388,26.119642355385317,753.6641418634347,661.2108581365653,13.068756423976586,708.3589539151111,718.942244139139,0.009562118413958709,15.826766150870037,0.04177214403583642,801203577,82.89038919536011,83.21650719473475,722.5291727701822,691.4941569010417,707.0116648356119,6579108.8879676685,0.013812154696132596
2022-08-08,730.0,747.3499755859375,728.0999755859375,745.5499877929688,743.5801391601562,8191870,6.614122184663727,0.023134559028467727,726.3450012207031,676.042998046875,68.91592118515555,17.9020171760302,26.24065879528541,757.9669240529626,663.4780771677405,13.29475946013772,711.9009571415737,722.7434949432351,0.023404238562757307,16.071282854379323,0.016476788027880836,809395447,96.02651594257574,85.36335777104466,725.8925038655599,694.5924916585286,710.2424977620442,95307225.29704717,0.02636986301369863
2022-08-10,745.0,747.8499755859375,736.1500244140625,739.0,737.0474243164062,9069541,6.6052979209482015,-0.008824263715525582,729.6,677.1189978027344,65.0016929032883,17.835455212260285,26.379142569634578,759.8424969007348,667.8825030992651,12.882031736009337,714.4818183661857,725.8633717808541,-0.008785444169020162,15.759044877057587,0.006817721031802967,800325906,80.67690405084309,86.531269729593,729.0075012207031,697.7624938964843,713.3849975585938,-7834513.459537327,0.0157046324454698
2022-08-11,743.0499877929688,760.6500244140625,743.0499877929688,758.8499755859375,756.844970703125,12384073,6.631804097233606,0.026506176285404415,733.5899963378906,678.5749975585937,70.47469003223854,19.1635263106092,27.13621696451005,764.9895885850656,670.6304065321219,13.145426000456514,718.7073571490193,729.8725039209645,0.026860589426167092,16.179829129700796,0.07974392609861546,812709979,96.92824624024713,91.210555411222,733.1633361816406,700.9633239746094,717.063330078125,161270859.98313272,0.023686208075138996
2022-08-12,758.7000122070312,762.0,753.4000244140625,760.5499877929688,758.54052734375,4614341,6.634041839707484,0.0022377424738779794,737.0549926757812,679.9549975585937,70.89447831946148,20.121263600068914,27.900992457925295,767.3117835719762,677.5382103245082,12.426698083081389,722.6923695913002,731.356639979781,0.0022402480881924536,15.638411019431988,0.1307103617808437,817324320,97.58129789528019,91.7288160621235,737.2116668701171,705.6366607666016,721.4241638183594,58986577.34598077,0.011335146233780171
2022-08-16,765.0,772.0,758.4500122070312,764.6500244140625,762.6296997070312,7051498,6.639418244722547,0.0053764050150633125,741.0449951171875,681.7019982910156,71.93101100332956,20.96939387241025,29.04923910259227,766.8036358668179,688.2913592503695,10.791360959924864,726.6883367172776,733.6297639134285,0.005390883816843717,15.489237931827471,0.14747877652880687,824375818,89.49253137485701,94.66735850346146,742.1274983723958,710.7074971516927,726.4174977620444,38936459.13770648,0.01771240234375
2022-08-17,771.4000244140625,773.75,766.25,772.0999755859375,770.0599365234375,7674390,6.649114043694432,0.009695798971884884,745.1749938964844,683.6999975585937,73.75964855605181,21.98921404966586,30.188526991816055,770.5367450758782,693.318247599903,10.550020030990574,731.013254704769,739.5478846293529,0.009742955514300489,15.032862049978188,0.12349294273129215,832050208,97.64786337874499,94.90723088296075,745.8774983723958,716.1624959309896,731.0199971516927,51094706.895186014,0.009722582010153325
2022-08-18,772.0,776.0,762.0999755859375,765.0499877929688,763.0286254882812,9449924,6.639941175211962,-0.009172868482470342,748.6349914550781,685.6839978027343,69.16743420372819,21.975236939533374,30.78504114676488,773.5202096675177,696.7797842289667,10.438743896771571,734.2548483322166,743.4985994254386,-0.00913092606643151,14.951945075984211,0.04391858897885691,822600284,82.8369681784829,89.99245431069498,748.9783335367839,720.3983286539714,734.6883310953775,-27382996.931259602,0.01800521297158355
2022-08-19,772.0,772.6500244140625,750.25,757.5,755.49853515625,7553270,6.630023537383524,-0.009917637828437798,751.3349914550781,687.6619982910156,64.53368678095994,21.11157793312975,30.146669620110718,774.7789628974496,700.7010297783316,10.04119791347054,736.4686723005769,745.7132467453051,-0.009868620238461911,15.483950742989803,0.06432876718060608,815047014,71.0031292481864,83.82932026847145,752.1333353678385,722.4933268229166,737.3133310953776,-47145729.84175125,0.02901557566588407
2022-08-22,753.4000244140625,754.4500122070312,739.2000122070312,741.8499755859375,739.8898315429688,4994311,6.6091470334871,-0.020876503896423593,753.3599914550781,689.272998046875,56.13825471321381,18.945899237724348,28.614503725436123,774.690192377202,703.4197990778762,9.64344923061727,736.9811773753731,746.8294164386051,-0.02066009823638615,15.685096246559727,0.014059390059704082,810052703,46.473305724008156,66.77113438355917,753.8100006103516,724.0549957275391,738.9324981689454,-67822636.00153102,0.02024157088640964
2022-08-23,738.0,750.8499755859375,733.7999877929688,747.0499877929688,745.076171875,6594634,6.61613210095678,0.006985067469679862,755.214990234375,690.9999975585938,58.089249204014735,17.448050530059163,26.77445896788031,775.4536955017456,704.2862947326294,9.61890619146464,737.9401117008584,747.6288456195647,0.0070095199543871445,15.782588499874658,0.0017792705041127096,816647337,54.62379663617778,57.36674386945746,754.5149983723958,725.0449971516927,739.7799977620443,253906.20009187236,0.02310296448911755
2022-08-24,745.0,752.0499877929688,742.0,750.1500244140625,748.1680297851562,6875820,6.620273219078596,0.004141118121816056,755.6749938964844,693.0239978027344,59.252877370925326,16.322980526248443,25.153971706726384,776.3764637864867,705.6435313307009,9.54547613241788,739.1029605306874,748.9615345717059,0.004149704399637688,15.373117020809952,0.046335625528432234,823523157,59.48278913497478,53.52663049838693,755.1283325195312,726.2833312988281,740.7058319091797,14294831.266729843,0.013489916500629195
2022-08-25,753.9000244140625,758.5999755859375,740.0,743.3499755859375,741.3859252929688,6320890,6.611166964216065,-0.009106254862531138,756.1099914550781,694.8759973144531,55.60584892970155,14.713044513882437,24.12514181603545,774.4680854596212,711.2419059954569,8.511241066938192,739.5074381549969,750.405370078413,-0.009064918492052931,15.603606918319063,0.07839794550644108,817202267,48.82440335253358,54.3103297078954,756.8216623942058,728.2566660563151,742.5391642252604,-23889963.335894737,0.024671673940312656
2022-08-26,748.0,755.0,741.2999877929688,744.9000244140625,742.931884765625,4613713,6.613250013957183,0.0020830497411177262,754.7149963378906,696.7639978027344,56.266634628363846,13.4076792310658,23.16979977467958,773.8038064626694,714.5011862131119,7.969148869539039,740.0210177987174,752.2607871839067,0.002085220796440135,15.467635867512792,0.029353464747065603,821815980,43.248207091885774,50.51846652646473,758.2941630045573,730.0541666666667,744.174164835612,-3195667.4926615283,0.018315524340950868
2022-08-29,730.0,734.9000244140625,722.0499877929688,728.7000122070312,726.774658203125,5904146,6.591262141428029,-0.021987872529154018,751.5299987792969,698.6399975585938,48.192930007045064,10.939854411989813,22.26140846293259,773.62246503704,714.9625264180381,7.881301901567922,738.9428267899854,752.0232173208991,-0.02174790129692128,15.99495020705429,0.0537920784663475,815911834,12.32627045299502,34.79962696580481,758.4541636149088,729.9941660563151,744.224164835612,-64830047.34561699,0.017602789891909245
2022-08-30,733.0,753.5499877929688,733.0,751.5,749.514404296875,9193270,6.622071209193029,0.030809067765000364,750.2149963378906,700.9659973144531,57.44740738200374,10.70050516785659,21.238228568016527,773.685285253965,717.574706201113,7.525257751748953,740.138748048082,752.419549150802,0.03128857885416236,16.62745201983166,0.13603312093737854,825105104,54.58759136887287,36.72068963791791,759.8066619873047,730.4866668701172,745.1466644287109,118127613.40310487,0.028035454014964187
2022-09-01,733.5,754.9000244140625,733.5,744.1500244140625,742.183837890625,9353805,6.612242660223153,-0.009828548969876394,747.4200012207032,703.282998046875,54.09282475447194,9.804714913684734,20.3723883385643,773.5329390197413,719.0620560974461,7.298816236217995,740.5207743686516,752.678183972978,-0.00978040663464741,16.968350047991006,0.10456327037322055,815751299,40.96391403265239,35.95925861817344,761.0991658528646,730.8291646321615,745.9641652425131,-6457621.122711785,0.02917522074173483
2022-09-02,749.0,754.5499877929688,740.25,750.2000122070312,748.2178955078125,7767812,6.620339853919489,0.008097193696336547,745.9350036621094,705.5569982910156,56.35217693841146,9.473770408417295,19.568393839787234,773.5659034087781,721.0040917084094,7.0337035899409175,741.4426065437353,752.1433857223813,0.008130064630089251,16.777752744060844,0.10454879894775178,823519111,52.17797598643312,49.24316046265281,762.1366658528646,731.7616658528646,746.9491658528646,29177571.47781352,0.01909210653266856
2022-09-05,750.2000122070312,758.7999877929688,749.3499755859375,756.0999755859375,754.1022338867188,5894055,6.628173610274762,0.007833756355272392,745.7950012207032,708.142998046875,58.49733288961567,9.577172556642836,19.11193231506669,773.9288675669114,723.2011251088699,6.776665046617255,742.8385464525165,751.995661814606,0.007864520505070471,16.254342705701585,0.15400311839425085,829413166,63.113957532211735,52.0852825170991,763.1883321126303,732.968330891927,748.0783315022787,32908996.261444025,0.012596656962494622
2022-09-06,758.0,761.5499877929688,748.7999877929688,750.0,748.0183715820312,7606181,6.620073206530356,-0.008100403744405682,746.6100036621094,710.5559985351563,55.46233829346942,9.062436329090701,18.875363380908777,772.126581244648,727.8434138725394,5.9045404263101915,743.520589647515,751.1852773899014,-0.008067683881632592,16.004032512437185,0.12339892607666819,821806985,51.80723982002835,55.69972444622442,764.0983317057292,735.0533304850261,749.5758310953777,-19962013.51433311,0.016820580474934038
2022-09-07,743.1500244140625,758.0,739.0499877929688,755.4000244140625,753.4041748046875,10156460,6.6272474425977395,0.007174236067383433,747.4450073242188,712.9839990234375,57.561446098317084,8.986648510573787,17.800527183846615,771.2437401189422,731.4162574396514,5.300930715397955,744.6519643871861,749.6843990819453,0.007200032552083346,16.214459633479617,0.15363412508038565,831963445,61.81655064898627,58.91258266707547,765.7383321126302,735.7983296712239,750.7683308919271,29909416.802188437,0.025499578260758868
2022-09-08,761.75,782.2000122070312,757.0999755859375,779.75,777.6897583007812,13410790,6.6589733554879125,0.031725912890173014,750.4050048828125,715.8369995117188,65.46547187100731,10.76730683613448,18.289825806309914,776.2718369034833,729.8081618758135,6.170147012818621,747.9946344455493,751.0257184917567,0.0322345443459906,16.97056878772884,0.1749210457321868,845374235,95.92683090173699,69.8502071235839,767.6650014241537,737.139995320638,752.4024983723959,227671411.659486,0.03295049113369708
2022-09-09,787.9500122070312,787.9500122070312,780.0,784.8499755859375,782.7763061523438,8732302,6.665492585614555,0.006519230126642128,754.5550048828125,718.6869995117188,66.85774387518447,12.446540820723953,19.02670418502398,781.4408621967111,729.2241341411795,6.913078436597633,751.5046669351102,753.0875446064638,0.006540526560997018,16.344100460536158,0.21739542551347038,854106537,95.29584905520576,84.34641020197637,769.6408376057943,739.490825398763,754.5658315022787,105580155.2258508,0.010089488018108451
2022-09-12,789.0,805.0,786.7999877929688,801.0,798.8836669921875,15521649,6.68586094706836,0.02036836145380505,760.1650024414063,722.1959997558594,70.86360711396628,14.908660097284951,20.443066592198793,790.2806760246895,724.5993227546073,8.671492570105714,756.2185081793855,759.2807932356658,0.02057721209968255,16.615952171502325,0.20588104757940295,869628186,95.17781867226664,95.46683287640315,771.8416697184244,741.6316599527995,756.7366648356119,202310058.60628948,0.02306718910903834
2022-09-13,805.0,808.9500122070312,803.1500244140625,805.5499877929688,803.4215698242188,9887516,6.691525258783335,0.005664311714975057,767.85,725.5709997558594,71.89430207987473,17.03073365531418,21.90928602244793,798.6674266149936,720.7125721643032,10.261403271508252,760.91674433306,763.9180551010419,0.0056803842608847965,15.99695645975439,0.17033808441950068,879515702,96.08742985173167,95.52036585973472,774.0633371988931,744.1333262125651,759.0983317057292,97428737.60395198,0.0072049537800854034
2022-09-14,794.4000244140625,811.3499755859375,794.4000244140625,803.0499877929688,800.92822265625,10494713,6.68841696330807,-0.0031082954752648106,773.0049987792969,728.7529992675782,70.42027139199577,18.299814264535826,22.503428338210107,804.9180985380954,718.301896579092,11.372776386425992,764.9294341863847,768.0703582687574,-0.0031034697261301813,16.065027510620148,0.17169896790236125,869020989,90.70549952121912,93.99024934840583,776.1283345540365,745.8583272298177,760.993330891927,14985057.534650665,0.02133679588489065
2022-09-15,805.5,806.5,787.6500244140625,790.0,787.9127197265625,5996899,6.672032945461067,-0.016384017847002497,777.5899963378906,731.4659997558593,63.1426473021443,18.044538629990825,22.501288271515726,807.3556177452849,717.6543798133089,11.764019655684853,767.3171071210147,770.406899160839,-0.016250529844143546,16.263952373142818,0.12052569349252032,863024090,76.09184937915687,87.6282595840359,777.8966674804688,746.4916625976563,762.1941650390625,-47177953.31889411,0.02340158359520484
2022-09-16,786.0499877929688,792.5999755859375,776.0999755859375,789.2999877929688,787.2145385742188,11467351,6.671146461248715,-0.0008864842123523786,781.4999938964844,734.2819995117187,62.7679247027867,17.583059154729426,21.6343743405172,810.0639796604258,717.3710178981679,12.137074495532127,769.4107148040579,772.587453962407,-0.0008860914013053556,16.280812917918333,0.19226206650870697,851556739,75.30796102224673,80.7017699742076,778.9408325195312,747.275830078125,763.1083312988281,-21077508.22783938,0.02099103143087358
2022-09-19,789.2999877929688,802.0,786.7000122070312,798.0999755859375,795.9912109375,11427799,6.682233872291733,0.011087411043018136,785.6999938964843,737.0849987792968,65.53680261581206,17.723117747001083,21.33995298186786,814.3295126871038,717.1654824300837,12.688781950552222,772.1430253547131,776.4073642255312,0.01114910417973669,16.210753980421934,0.23593315550441282,862984538,83.08869926134584,78.16283655424984,780.3591634114584,749.4041646321615,764.8816640218099,60017158.391053855,0.01938424937234624
2022-09-20,806.7999877929688,816.2000122070312,802.0,812.75,810.6025390625,8274079,6.700423559184014,0.018189686892281287,791.9749938964844,740.1769982910156,69.59120406991718,18.799540326717533,21.743162545710028,820.6498039577405,717.9351936008534,13.351827883395881,776.0103562733119,780.5249640234673,0.018356126879100598,16.34570274046992,0.2743297429896094,871258617,95.82828089747497,84.74164706035586,783.5641642252604,752.7141642252603,768.1391642252604,100816025.69960584,0.01760041202513638
2022-09-21,809.25,816.0,803.3499755859375,806.5499877929688,804.4189453125,6567084,6.692765876788925,-0.007657682395089793,797.089990234375,742.9249975585938,66.04975289848004,18.93406370654168,22.117571426420614,825.0012501508535,719.5337474077402,13.656861503277431,778.9188926085174,784.462680606952,-0.007628437043409764,16.081725717155106,0.23505075280933738,864691533,87.49187121150989,88.80295045677691,786.5808329264323,756.170829264323,771.3758310953775,6461341.256802209,0.01563178796918443
2022-09-22,805.0,808.7999877929688,784.2999877929688,789.2000122070312,787.1148071289062,7804275,6.671019789616062,-0.02174608717286297,798.0349914550782,745.1119982910157,57.26714583093297,17.439643074687524,21.09030862836682,826.4225362871973,722.0174600506932,13.48519496828103,779.8980468559948,787.1334638322718,-0.02151134566800217,16.683031023072598,0.18302632533435806,856887258,65.00325151539604,82.77446787479364,789.6049997965495,757.749994913737,773.6774973551433,-88115540.05836084,0.030434782608695653
2022-09-23,789.0,789.0,764.25,768.5999755859375,766.5692138671875,10278805,6.644570646366415,-0.026449143249646312,796.4099914550782,746.9599975585937,48.945342705011264,14.426750563436258,20.159617627670702,825.8258654867874,725.1391308511032,12.98375332433985,778.8220400683703,787.5357115052783,-0.02610242815821162,17.273529679069643,0.1644735214551024,846608453,38.30198113013498,63.59903461901366,791.2441680908203,758.7741607666015,775.009164428711,-170534352.96684128,0.03136882129277566
2022-09-26,759.0,763.5,741.0,742.5999755859375,740.637939453125,11090327,6.610157508866514,-0.03441313749990105,790.5699890136718,748.2139965820312,40.87239678340484,9.827740754752767,20.311760308817565,825.9994643713104,724.7355270837678,13.06012153534049,775.3723196414719,786.3469804225215,-0.03382773982028697,18.011132958131633,0.11956982912622238,835518126,4.601408515331172,35.96888038695408,791.7825002034505,758.4324940999348,775.1074971516927,-249077118.9889471,0.029644268774703556
2022-09-27,746.3499755859375,754.1500244140625,730.5,737.5,735.5513916015625,11358306,6.603266088213975,-0.006891420652539004,783.764990234375,749.5989965820313,39.49627692732215,5.705695236766246,20.841594417306396,824.9403811895519,726.6746090448231,12.666257127341298,771.7654320565698,785.2408128392788,-0.0068677292669090395,18.41391091926955,0.09100004229509777,824159820,8.168026841221016,17.02380549556241,792.9308329264322,758.5008280436198,775.715830485026,-121643761.86138733,0.031687579805299196
2022-09-28,733.9000244140625,733.9000244140625,707.7000122070312,716.4500122070312,714.5570678710938,13170668,6.574308478200829,-0.028957610013145896,775.1049926757812,750.6839965820312,34.35486051282888,0.7319489216766897,22.059739136200683,828.7198543578196,719.3901370972586,14.124282882226128,766.4972968328043,780.2863431433801,-0.028542356329449126,19.227202124533783,0.029375365659733508,810989152,8.064516129032258,6.944650495194833,791.8800018310546,756.8849945068359,774.3824981689453,-225376187.70395854,0.035699702051310116
2022-09-29,722.25,730.7999877929688,711.0,719.0,717.1002807617188,12090981,6.577861357721047,0.0035528795202175445,768.0049926757813,751.3739965820313,35.45105274586079,-2.9697843379619826,23.190873518031093,831.1864539156845,714.4085350979874,15.111063331308994,761.9737447534897,775.0573545912739,0.0035591984779419494,19.268115386564855,0.017530062886827725,823080133,10.414735293058756,8.882426087770694,790.6041656494141,755.7691619873046,773.1866638183594,-54570826.59797479,0.02741431331667532
2022-09-30,720.0,737.75,714.4000244140625,733.2000122070312,731.2627563476562,9536017,6.597418532614529,0.019557174893481744,762.3949951171875,752.0259973144531,41.32675220446564,-4.703394501072921,23.77459435625812,832.0960062131686,711.7989828005033,15.583575860883897,759.2333892728747,769.3608548883168,0.01974966927264421,19.559676829377185,0.031211004414075056,832616150,23.502304147465438,13.993851856518836,790.0624989827475,754.3224965413411,772.1924977620444,72084096.33831342,0.03243052164713542
2022-10-03,731.0,742.0,721.0499877929688,722.75,720.8403930664062,6405645,6.583063380896456,-0.01435515171807289,754.8599975585937,752.3669970703126,38.54599880423149,-6.841655351922213,24.032743892986407,833.8454830121607,706.7145084429173,16.504514627718788,755.7587807706961,764.7844885517402,-0.014252607791938376,19.658986499209618,-0.008078160157273601,826210505,13.870956491215438,15.929331977246562,789.3299997965494,752.4399973551433,770.8849985758463,-20598013.51650132,0.028659387424119356
2022-10-04,733.4000244140625,744.5,732.0,742.7999877929688,740.8373413085938,5438934,6.610426813044745,0.027363432148288958,747.8649963378906,752.9119970703125,46.047145000659896,-6.839534139308853,24.10134271863501,834.0201300144605,705.8198602199144,16.651115779248347,754.5246100109125,760.6866882651018,0.027741249108223842,19.80834460640893,0.042729987066113646,831649439,32.35020791330645,23.241156183995795,788.6333333333333,751.768330891927,770.2008321126302,65834369.03234135,0.01704390453216396
2022-10-06,750.0,760.4000244140625,746.0,755.0999755859375,753.1048583984375,9376433,6.626850158477155,0.016423345432410308,742.7199951171875,753.3989965820313,50.07325785883653,-5.778733204183368,23.14631067657009,834.0188529518013,705.7911323997613,16.65500571783389,754.5794067323435,758.6884679826812,0.016558949912633736,19.65060832174356,0.01821598597882942,841025872,43.68660219254032,29.969255532354087,788.5566670735677,752.1466634114583,770.351665242513,98831463.97184002,0.019200032552083333
2022-10-07,753.7999877929688,757.5,742.2999877929688,755.7000122070312,753.703369140625,7500540,6.627644488179951,0.000794329702795693,739.3699951171875,753.9659973144531,50.268225809362825,-4.833900681770729,22.436759049396354,832.9346855307178,704.4703010415478,16.711846990374198,754.6861310632662,755.8906763797578,0.0007946452661822256,19.332708599264112,-0.007565943954301677,848526412,44.23963133640553,40.09214714741745,787.0024993896485,751.5824981689453,769.2924987792969,35944220.44259902,0.02016451638787494
2022-10-10,748.0,778.7000122070312,745.0,776.8499755859375,774.7974243164062,14106654,6.655247250111013,0.027602761931062147,740.1949951171875,755.3739965820313,56.68845099469547,-2.3513835279246678,21.07443877454592,832.2263744041153,704.3786121681504,16.64028990575611,756.7969733987587,753.6411003666543,0.027987247634332357,20.35894457124748,0.04641098602907317,862633066,63.73268514184908,50.552972890265,787.419166056315,749.424164835612,768.4216654459635,210884883.81346726,0.04505349225538937
2022-10-11,780.0,795.5,774.5,785.5499877929688,783.4744262695312,15953495,6.666384093854136,0.01113684374312296,744.4899963378906,756.70599609375,59.03139755351701,0.3144230054548416,20.576149952049747,830.2160786335596,704.8439067180029,16.33449807980549,759.5353557220169,753.8847106287591,0.011199089245602867,20.404734244729806,0.006641572919901134,878586561,71.88364206906385,59.951986182439505,786.9383321126303,748.6633321126302,767.8008321126302,162825362.1010304,0.026923076923076925
2022-10-12,789.5,810.7999877929688,783.4500122070312,808.7000122070312,806.5632934570312,21228018,6.695428035196411,0.029043941342274948,751.6099975585937,758.3619958496093,64.52982251875866,4.24616029392007,20.716234711104022,830.7694742242007,704.6055135687681,16.434286302499636,764.217703958685,758.006478948183,0.02946982976742607,20.900822911958926,0.10015679904059749,899814579,97.96316577768043,77.8598309961978,787.7708312988282,747.3408325195312,767.5558319091797,381894544.00844896,0.03464214767059848
2022-10-13,807.0,814.9500122070312,795.5999755859375,802.0,799.8809814453125,13024911,6.687108607866515,-0.0083194273298961,760.1649963378907,759.9069958496094,61.938871138415884,6.743718047069365,21.000663905776587,830.6008077504343,704.6691812632375,16.405144031780505,767.8160178673817,759.9980469796612,-0.008284916663654052,20.790052462611413,0.0771530102759678,886789668,87.92539654356061,85.92406813010166,787.953335571289,747.2833282470704,767.6183319091797,69120139.53915259,0.023977740546584574
2022-10-14,815.5499877929688,820.7000122070312,794.4500122070312,800.5,798.3849487304688,8220645,6.685236532436769,-0.0018720754297456565,768.3149963378906,761.30099609375,61.34501883488902,8.503984457119941,21.479713898702805,832.0315387225428,704.288450291129,16.62975022715492,770.9287780704881,761.4385182643222,-0.0018703241895261513,21.180048715282027,0.07668067717472486,878569023,82.12388300262721,89.33748177462276,788.8483367919922,747.4383270263672,768.1433319091797,14819401.513050865,0.03218686823972302
2022-10-17,803.5,817.0,797.0999755859375,814.1500244140625,811.9989624023438,9463827,6.702144654197409,0.016908121760639716,776.4099975585938,762.9749963378906,64.66508027698563,10.87508989452499,21.924546034991433,835.788003975057,703.0169887007243,17.256379581074953,775.0450872460666,765.20989206392,0.01705187309689249,21.088618408052064,0.07680461018186542,888032850,94.20355062569138,88.08427672395975,790.1891723632813,748.43916015625,769.3141662597657,91060780.23799287,0.02476667630872744
2022-10-18,820.0,822.9000244140625,811.5499877929688,816.3499755859375,814.1930541992188,8470882,6.704843154665806,0.002698500468397036,785.7699951171875,764.6919958496094,65.18409848879163,12.784355616806579,22.572016137836123,838.7241265600694,701.9058661157119,17.761339334531613,778.978886135578,769.861853371946,0.0027021446980344255,20.393005423269326,0.04489391110021732,896503732,94.31419432807559,90.21387598546475,791.0583414713541,749.7033243815104,770.3808329264323,42777277.934474185,0.013841508074504573
2022-10-19,818.4500122070312,838.4500122070312,816.9000244140625,829.8499755859375,827.6574096679688,10868663,6.7212449321468775,0.016401777481071633,794.4749938964844,766.8569958496093,68.26464169420524,15.211451489057822,23.7358757584472,842.0616155652845,700.2783746690905,18.38547165915714,783.823751797517,778.4421384017513,0.016537025055106236,20.514936223113928,0.03462673009743137,907372395,93.25222769918315,93.92332421765006,792.3300069173177,750.2399922688803,771.284999593099,112077059.64482473,0.02633024310777036
2022-10-20,824.9000244140625,831.9000244140625,816.9500122070312,825.8499755859375,823.6679077148438,11813817,6.716413129404754,-0.004831802742123692,801.5499938964844,768.8039953613281,66.39023103493952,16.62058413553325,24.816602549014625,845.4120593425256,698.8579296711463,18.98037658103862,787.8262493011761,786.71276688667,-0.004820148361365795,20.117441650536595,0.05909699310990734,895558578,89.8427747996861,92.4697322756483,793.2583404541016,750.9383270263672,772.0983337402344,5855507.881608248,0.018123423159855576
2022-10-21,860.0999755859375,906.0,855.8499755859375,900.4000244140625,898.02099609375,58057724,6.802839136147262,0.08642600674250822,816.0199951171875,771.90099609375,78.33185316213441,23.482209515664636,27.509207252592315,869.7711289271176,685.6188613072575,23.679240418939692,798.547561216689,818.7351137982957,0.0902706920530354,24.405483276502732,0.23409624672966295,953616302,96.97216803658876,93.35572351181935,799.2066752115885,754.3216593424479,776.7641672770183,2887422608.6604056,0.05830720362466947
2022-10-24,916.0,918.4500122070312,905.0,909.4500122070312,907.047119140625,3085307,6.812840034608282,0.010000898461020036,829.2799987792969,775.3099963378907,79.29365581500052,29.312459657193244,30.18463009952952,893.0655178792864,676.409476017198,27.608728103937928,809.1096994062455,823.1191070106656,0.010051074575278873,23.951519313393163,0.26216765786187474,956701609,95.17296894032566,93.99597059220018,805.4925099690755,761.7374928792317,783.6150014241537,981088863.345176,0.014683419439990448
2022-10-25,905.7000122070312,910.5999755859375,891.5999755859375,902.8499755859375,900.4644775390625,13187308,6.805556399620783,-0.007283634987499177,841.0099975585938,778.1899963378906,76.62247425630784,33.01977568255222,31.838533168278026,910.7040425529309,674.7959513435534,29.758195158312905,818.0373447566923,830.4072833467645,-0.007257173602182809,23.59783936243651,0.305591173871417,943514301,91.1438918768334,94.42967628458263,812.9500091552734,769.5449920654297,791.2475006103516,269005143.959297,0.020978248585533692
2022-10-27,909.0,919.9500122070312,901.25,915.1500244140625,912.7320556640625,11967044,6.819088012943633,0.0135316133228498,851.6549987792969,781.2819970703125,78.10293229083413,36.52927474645821,33.5419249468422,928.0579800740595,675.2070162638311,31.542005144225044,827.2861713907275,838.6016297577048,0.01362357995318364,23.24799456562185,0.3446534494351789,955481345,97.29806522188758,94.53830867968223,821.2725087483725,778.3624928792317,799.8175008138021,187798531.6719792,0.020572070634797854
2022-10-28,915.0,917.9500122070312,898.9000244140625,903.0499877929688,900.6640014648438,7320207,6.805777909352114,-0.013310103591519074,861.7599975585938,784.0499963378907,73.19240522642208,37.89734915727786,34.974298166259246,938.4030604413902,683.5219334550943,31.429459185282525,834.5017729528457,844.157675670206,-0.013221915858922628,22.94813693900377,0.353439331834832,948161138,90.34008388975506,92.92734699615869,830.2791737874347,788.0841603597006,809.1816670735677,3549662.0413351953,0.020819658790129782
2022-10-31,908.0,918.0,902.0999755859375,906.0,903.606201171875,9038777,6.80903930604298,0.003261396690866114,872.3099975585938,786.7279968261719,73.62774647995425,38.772652314380935,36.3053784584619,946.8289482568467,693.7960456396376,30.845915862375843,841.3111279097175,852.4567887381246,0.003266720831524461,22.444700330079396,0.3486949336241066,957199915,90.40906769593458,92.68240560252576,839.5058420817056,797.700824991862,818.6033335367838,18959555.67153393,0.017511040103593063
2022-11-01,904.0,904.0,869.0,871.75,869.4466552734375,29191921,6.77050268555576,-0.03853662048721951,878.0699951171875,788.8619970703126,61.201130822002916,36.284383821349024,35.56782565977896,949.0016397443039,705.4783529314773,29.43804553586385,844.210068108792,861.4058679269701,-0.03780353200883002,23.484364592216583,0.2125044401471423,928007994,64.68863574576466,81.81259577715144,847.7450093587238,804.774989827474,826.2599995930989,-660229010.942822,0.03871681415929203
2022-11-02,875.0,877.0,861.5999755859375,863.5499877929688,861.2683715820312,11029140,6.7610517856540575,-0.00945089990170267,882.7899963378907,790.9829968261719,58.648956955786886,33.267256434835986,34.50943824120762,947.0084423076308,721.5515491474472,27.024127908469453,846.0519652215708,867.9926394139767,-0.009406380507061995,22.906911722348436,0.19866370953277995,916978854,55.059741502739044,70.05248164814611,854.4066762288412,811.991655476888,833.1991658528647,-280369058.7363118,0.017600027901785713
2022-11-03,857.9000244140625,880.4000244140625,856.0,864.0499877929688,861.7670288085938,10185978,6.76163062337231,0.0005788377182520676,886.2099975585937,793.4269970703125,58.76188188773307,30.564182198282197,33.244429819094066,945.5290878319224,735.1559036231556,25.034219413910886,847.766062609323,872.0497328453235,0.000579005277132616,23.013562628899443,0.16910604303191548,927164832,55.45814787724104,58.40217504191494,861.3541778564453,817.749154663086,839.5516662597656,-90061026.91210394,0.028441570951962012
2022-11-04,869.0,872.9000244140625,862.2999877929688,868.0999755859375,865.8062744140625,7323879,6.766306887274202,0.004676263901892241,890.4349975585938,795.8479968261719,59.721384790626935,28.42115517366028,32.06977914141719,944.1625891783121,747.8224022767661,23.20826578168366,849.7026257499529,874.6269996387684,0.00468721468686506,22.126882199770467,0.16399536716090768,934488711,57.79404056588541,56.10397664862185,866.8608449300131,823.6358205159504,845.2483327229818,-10245928.605914533,0.01219797079527474
2022-11-07,876.25,876.7999877929688,861.2999877929688,872.9500122070312,870.6434936523438,9931261,6.771878294414438,0.005571407140235962,887.6899963378906,798.3039965820312,60.894816369029876,26.805155096523436,31.132049664933522,941.3797780284287,762.3302134266494,21.018784358816784,851.9166625553888,877.4793241908368,0.005586956292471079,21.653533471215436,0.16002654925287818,944419972,56.6420761858216,56.63142154298271,872.8016774495442,829.546654256185,851.1741658528645,28696010.160455246,0.01768901569186876
2022-11-09,875.0499877929688,880.75,868.5,873.7000122070312,871.3916015625,10190209,6.772737081275699,0.0008587868612615068,884.1149963378906,800.9109973144531,61.08362270946652,25.29341537686878,30.419464446692718,939.7106151352518,773.6843799819358,19.379796909230578,853.9912672841166,879.844829173827,0.0008591557242823011,20.98185250898576,0.11184249994499978,954610181,55.11886901634771,56.5183285893516,877.1025105794272,835.9924886067708,856.547499593099,14660441.22015175,0.013999200241001857
2022-11-10,843.7000122070312,856.7000122070312,841.0,843.7000122070312,841.4707641601562,18956575,6.737796995640031,-0.03494008563566808,878.2,802.8869970703125,50.566642871171524,21.427597472559683,28.286643691137282,936.2780496663286,782.9319478922653,17.839135648562557,853.0111477529656,879.5562947694577,-0.034336728374557035,21.81886391598901,0.06368226642634395,935653606,25.97087378640777,45.91060632952571,879.93501180013,839.3549886067709,859.6450002034504,-374244686.25994945,0.01860852433314734
2022-11-11,847.0,854.7000122070312,844.1500244140625,850.7000122070312,848.452392578125,19329819,6.746059554331235,0.008262558691203736,871.7549987792969,805.3269970703125,52.61664147015122,18.713038174624558,26.30616727526438,934.9082292948368,788.5017682637568,16.990322817957583,852.7910396057338,879.8830041600419,0.00829678783776333,21.046087921989795,0.016738375589756698,954983425,12.286270686817414,31.125337829857653,881.5383463541666,842.6383219401041,862.0883341471354,-34542406.75331649,0.01245571168001033
2022-11-14,850.5,853.9000244140625,847.3499755859375,851.0,848.7515258789062,6985306,6.7464121285733745,0.00035257424213952504,866.55,807.3169970703125,52.7071561698862,16.396923355742615,24.467153460525253,932.3069245175843,796.0030730410094,15.773079096819131,852.6204644051877,876.0618748267977,0.00035263640374294525,20.01065655814231,0.03607381050461296,961968731,12.66624250009857,16.97446232444127,883.2266805013021,845.6066548665364,864.4166676839192,-10117131.231004588,0.007701409556878307
2022-11-15,851.25,859.8499755859375,847.2000122070312,858.6500244140625,856.3812866210938,7124767,6.755361416862948,0.008949288289573865,861.8150024414062,809.6069970703124,55.064519824318936,15.005702315794792,23.071457168502793,928.7596628446349,805.3653371553651,14.231306934536999,853.1947082155568,874.5709151556708,0.00898945289549058,19.484892759625446,0.07352574307716027,969093498,22.355948936117578,15.769487374344541,885.0475118001302,848.7874898274738,866.917500813802,32964050.586003024,0.01486045624541116
2022-11-16,858.0,861.5999755859375,850.5999755859375,855.4000244140625,853.139892578125,6521854,6.751569224333914,-0.0037921925290342884,860.1800048828125,811.7109973144532,53.836754820414136,13.485449907678344,21.868628910739535,926.1932129640436,812.0567870359564,13.132337227451425,853.4047383297002,871.6664003433768,-0.0037850112474145936,18.87882899108077,0.046299847965663304,962571644,18.239420123585543,17.753870519933916,886.925010172526,851.5549906412759,869.2400004069011,-3142666.8046656568,0.01282051282051282
2022-11-17,855.4000244140625,861.4000244140625,852.7000122070312,858.2000122070312,855.9324951171875,4909607,6.754837186781418,0.003267962447504047,859.6450073242188,813.752998046875,54.77238567273934,12.364049469901715,20.75171695710222,923.2376624087757,819.1973412533338,11.941945718121865,853.8614310799221,868.1612661868753,0.00327330805828141,18.15177064936295,0.056669681713327966,967481251,22.337678190949674,20.97768241688428,888.8175099690754,853.7124928792318,871.2650014241535,8117004.177294064,0.01017069436371672
2022-11-18,859.2999877929688,865.7999877929688,855.0,859.2000122070312,856.929931640625,7065304,6.7560017379620385,0.0011645511806204212,859.160009765625,815.9369982910156,55.12222454922222,11.424330614436826,19.97224312993718,921.51237739734,823.8576299268788,11.190148456850492,854.369867377742,866.0109560935575,0.0011652295336472829,17.62664330247765,0.0431888238997815,974546555,23.636379489650974,21.404492601395418,889.860009765625,855.8299926757812,872.8450012207031,7415870.725764688,0.012568355575923494
2022-11-21,860.0,870.9500122070312,859.0,870.0499877929688,867.751220703125,7209207,6.768550667231323,0.012548929269284415,859.3550109863281,818.2299975585937,58.84212075709147,11.423416963997056,19.54628940322078,918.7955817838767,830.9944267610451,10.035621942526083,855.8632121791923,863.567110470221,0.012627997476474695,17.221169652802907,0.05892703556683167,981755762,46.11109173487103,30.695049805157243,891.7983428955079,858.068325805664,874.9333343505859,54618436.871234715,0.013895363031431686
2022-11-22,874.9500122070312,877.0,868.3499755859375,870.0499877929688,867.751220703125,5535233,6.768550667231323,0.0,859.0650085449219,820.0359973144531,58.84212075709147,11.292519751099803,19.490275404350022,915.7171184654023,831.0378864174102,9.6956049144022,857.2143336662186,859.9362411025381,0.0,16.608944992892877,-0.16115433911321977,987290995,73.08173029677673,47.60973384043293,888.9425089518229,859.3624918619792,874.152500406901,18206145.62374491,0.0098863069814047
2022-11-23,873.9000244140625,877.7999877929688,868.75,874.7000122070312,872.388916015625,5861417,6.773880984381487,0.005330317150163744,859.1650085449219,821.832998046875,60.470720055907705,11.432217389397806,19.483580528947815,910.6357980393582,832.6442068434544,8.947683788886977,858.8796363843913,859.9270640151461,0.005344548565373808,16.06901947861258,-0.14517752819074606,993152412,84.77990492334905,67.99090898499895,886.8616739908854,857.7216593424479,872.2916666666666,24239203.308582287,0.0103558617005837
2022-11-24,878.0,880.7999877929688,873.0999755859375,878.5499877929688,876.228759765625,4928778,6.77827280730938,0.004391822927892974,862.6500061035156,823.3839978027344,61.81784871264941,11.718505985923798,19.653400584493536,906.8873709812431,833.9626351222726,8.3780607867757,860.7530031852082,860.0612484718243,0.004401481116049544,15.4712332449282,-0.1530529845548017,998081190,94.34673193443166,84.06945571818584,885.0866750081381,857.0766591389975,871.0816670735678,20730184.415198002,0.008769945566094818
2022-11-25,883.0,891.7999877929688,880.9000244140625,887.75,885.4043579101562,7614047,6.788690171823197,0.010417364513817695,866.3550048828125,825.027998046875,64.89646873542458,12.543166048310809,20.412361636333603,900.3912788646438,837.7187247974656,7.211575094226527,863.3241457389979,861.2668758627561,0.010471814165228022,15.31257372743333,-0.17615524013472922,1005695237,92.0275811689677,90.38473934224949,883.4316721598307,856.2016611735025,869.8166666666666,53609611.70167244,0.012344239387209795
2022-11-28,887.7000122070312,899.5,885.2999877929688,891.7000122070312,889.343994140625,7928147,6.79312976683045,0.004439595007252883,870.4250061035157,826.8009985351563,66.15813559104738,13.361425862442047,21.491170318972713,897.6782811116743,839.2967249918413,6.72221026954187,866.026609212144,862.5549159751052,0.004449464609441067,15.23310504740461,-0.15859811991176032,1013623384,86.66668753338675,91.01366687892873,882.4658396402996,855.720826212565,869.0933329264324,38747388.85331627,0.01599640870988238
2022-11-29,894.4000244140625,901.9000244140625,890.0,892.5499877929688,890.1917114257812,5661158,6.794082520816981,0.0009527539865308299,873.8150024414062,828.8519982910157,66.43767217882288,13.918049970255652,22.606193865857517,893.9809276951678,841.6490771876447,6.030300278319568,868.5526452674607,863.0978848409776,0.0009532080007867982,14.995027859308745,-0.1542877237952408,1019284542,84.6469082548763,87.78039231907694,881.5716735839844,855.22666015625,868.3991668701171,16123693.676528601,0.01330503587794334
2022-11-30,895.0,905.0999755859375,885.4500122070312,901.25,898.8687133789062,10452798,6.803782688599159,0.00970016778217797,878.4,831.0909985351562,69.23852109853908,14.889559290952548,23.173388666765636,899.2305454487873,839.3494594340252,6.8885050842165105,871.6666790515121,869.2568333158649,0.009747366899353072,15.32752325356571,0.006348027526724097,1029737340,93.68338200127378,88.33232592984564,881.5883382161459,856.7783284505207,869.1833333333334,66000878.02393076,0.02195526634514665
2022-12-01,909.5,909.5,899.5,903.8499755859375,901.4618530273438,7053100,6.806663390409675,0.0028807018105156956,882.9649963378906,833.2059985351563,70.04309987246734,15.688437189625006,23.935354226514168,904.6589224481722,837.9510812139372,7.656083816120413,874.7317549119335,875.8163574917727,0.0028848550190707645,14.946985878311017,0.049355596416200985,1036790440,90.93093816833755,89.75374280816256,883.1633371988931,858.8933298746745,871.0283335367837,34225551.21142744,0.010995052226498075
2022-12-02,898.2999877929688,907.0,891.4000244140625,905.1500244140625,902.7584838867188,7988851,6.808100702794347,0.0014373123846720404,887.5599975585938,835.0539990234375,70.45916300437219,16.239260667015287,23.821262228271394,909.6113754350605,837.1086318891583,8.30158734564085,877.6287329597553,879.7572284160713,0.0014383458131779214,14.993628000284335,0.1067048620640415,1044779291,93.01769432059433,92.54400483006857,884.4416687011719,861.0516662597656,872.7466674804688,18332447.990885973,0.017366109092648487
2022-12-05,907.0,907.2999877929688,897.5999755859375,899.2000122070312,896.8241577148438,5098164,6.8015054927148615,-0.00659521007948527,890.475,836.9069995117187,65.94490394466138,16.01110987447214,23.734269901884574,912.7633536987368,837.0666572875913,8.651891433554445,879.6831405071149,882.793597572936,-0.006573509414511625,14.615512586480545,0.08344213765106666,1039681127,82.51276141999423,88.82046463630871,886.0766672770181,862.7766672770182,874.4266672770184,-14111942.692002852,0.01069461103311053
2022-12-06,897.5,906.9000244140625,895.7000122070312,904.6500244140625,902.259765625,5351099,6.807548155552407,0.00604266283754562,893.9350036621094,839.2159997558593,67.96923093867261,16.08465527147962,23.454088059143256,916.4813840746829,836.5186281323483,9.122961253338637,882.0609389744432,885.82217535938,0.00606095655365313,14.371548273662738,0.07469853089652698,1045032226,91.46130875306653,88.99725483121837,887.4650024414062,864.5950012207031,876.0300018310547,14738389.016687524,0.012479122236246518
2022-12-07,902.7999877929688,918.0,899.8499755859375,914.6500244140625,912.2333374023438,9103656,6.818541505129552,0.01099334957714504,897.9300048828125,842.1370007324218,71.33606405173573,16.756696191967194,23.911643884749473,921.8055503096045,835.2894631181298,9.847627650220177,885.164661397264,889.6122354658631,0.011053998485742511,14.641439426548434,0.12052396588318505,1054135882,94.68257843501983,89.55221620269356,889.5858367919922,866.1258331298828,877.8558349609375,65603836.33889584,0.020104147828394398
2022-12-08,915.6500244140625,943.9500122070312,913.75,939.3499755859375,936.8680419921875,17466047,6.845188120722929,0.026646615593376666,904.0100036621094,846.0720007324219,77.59927541704565,19.062630953160124,25.53803084853475,931.0404612869788,835.6195484786463,10.802408191827654,890.325167510471,898.5228556315417,0.02700481114369202,15.752766053725779,0.2760712904139468,1071601929,94.58500769854744,93.57629829554463,894.571669514974,869.6616658528646,882.1166676839193,309474950.82341444,0.03298204707235897
2022-12-09,944.0,945.0,927.5999755859375,933.7000122070312,931.2330322265625,8018981,6.839155200563706,-0.006032920159222854,908.6050048828125,849.9960009765625,73.63572807230622,20.201327707878136,27.087634970984237,937.4988202772008,837.4611894884242,11.272099679810374,894.4561051006197,903.3871446149828,-0.006014758637090445,15.870427365178402,0.2493872282788485,1063582948,85.25768533102305,91.50842382153013,899.1933369954428,873.5983296712241,886.3958333333334,72953684.28370816,0.01843222925218485
2022-12-12,929.9000244140625,941.1500244140625,922.0,938.6500244140625,936.1699829101562,7621788,6.844442698780132,0.005287498216426378,913.3000061035157,854.4400012207032,74.84785136098013,21.258127247800644,27.9368837933353,943.6560641409369,840.0689480660944,11.614695691985895,898.6650497971381,907.0881546810564,0.005301501705382572,16.10468429724155,0.2808536135918841,1071204736,91.6721631659836,90.50495206518472,903.9825032552084,877.1274983723958,890.5550008138022,49469857.18750559,0.02059363793019479
2022-12-13,940.2000122070312,949.2999877929688,936.5999755859375,944.5999755859375,942.104248046875,8136559,6.850761531616089,0.006318832835956911,918.5050048828125,858.9520007324219,76.26068495290468,22.318486214467384,29.07757603704235,950.4217126528761,841.8982946713427,12.1098260955698,903.0398046341666,911.461592787041,0.006338838776027478,15.8614934336551,0.2544833479215258,1079341295,93.83200596574503,90.25395148758393,908.3983378092447,881.5383280436197,894.9683329264324,48764704.90055525,0.013507777113530517
2022-12-14,945.6500244140625,950.1500244140625,938.5,942.4000244140625,939.9100341796875,8573479,6.848429838803585,-0.002331692812504116,922.6200073242187,863.1360009765625,74.59230759408445,22.719415383022806,30.172817764905165,954.9525953047435,846.0674120194753,12.091501798143728,906.7883969941568,915.2845622105536,-0.0023289765284085773,15.560674217969915,0.2378226877513123,1070767816,88.8086642599278,91.43761113055216,912.8216735839844,885.8966613769531,899.3591674804687,3680744.8514546193,0.012319594049903411
2022-12-15,939.75,944.9500122070312,932.5999755859375,938.1500244140625,935.6712646484375,7359261,6.843909876957007,-0.004519961846578546,926.0500122070313,867.4440014648437,71.34504096709351,22.435591621828166,30.540188726852403,957.6620233400179,851.3529852049039,11.753251093325472,909.7752186531955,918.6356081385176,-0.004509762192167255,15.331342961050188,0.22077800530999633,1063408555,81.49576989429677,88.04548003998987,917.0608408610027,889.7708262125652,903.4158335367838,-19624324.549515128,0.013141831999035647
2022-12-16,932.25,945.2000122070312,929.0999755859375,935.0999755859375,932.6292724609375,6926928,6.840653449332896,-0.0032564276241107137,929.0450073242188,871.2900012207032,69.02273925363117,21.71423758193248,30.50747619843301,958.7447560157208,857.8602488670916,11.106928240037202,912.1871002658376,921.5391758258816,-0.003251131214359826,15.3862496510533,0.21971609307239012,1056481627,76.73872335608394,82.34771917010285,921.1491760253906,893.3291564941406,907.2391662597656,-20626420.602442544,0.01727008487111156
2022-12-19,935.0999755859375,948.0999755859375,932.4000244140625,946.2000122070312,943.699951171875,4842336,6.852453976098158,0.011800526765262553,933.7450073242187,875.112001953125,72.527478242217,21.787091468233257,30.643710174323722,961.919901848857,862.3001054753619,10.92190590756849,915.4264252126179,923.7453490415425,0.011870427666451855,15.408656902540566,0.2069594572193042,1061323963,93.89488182105477,84.04312502381184,925.1150065104166,896.9199930826823,911.0174997965496,28957931.086946234,0.01678959638731393
2022-12-20,943.75,952.75,940.4500122070312,949.75,947.2406616210938,9511818,6.856198792067735,0.0037448159695765426,938.2550048828125,878.9930017089844,73.55785597891555,21.879074690634752,31.033171760953167,964.5413654959516,867.6486430489704,10.576711148417507,918.6953370971305,928.2048260069422,0.003751836553762322,15.186609108999722,0.25460261450237665,1070835781,95.11002250392475,88.58120922702118,929.0900054931641,900.529995727539,914.8100006103516,32163868.888275698,0.013033099648178809
2022-12-21,953.0999755859375,958.9000244140625,928.0,932.2999877929688,929.8367309570312,8368960,6.837654638209189,-0.018544153858545798,940.0200012207031,882.102001953125,61.37280215613913,20.309783367560726,30.075266864563332,963.9603736569057,873.9896324466098,9.790336071331495,919.9910181157818,930.5236788099852,-0.018373268972920465,16.308995916504205,0.2006549189642673,1062466821,60.592538339120374,83.19914755469999,933.4816741943359,902.7366607666015,918.1091674804687,-86637679.81067893,0.032420548951400494
2022-12-22,936.0,936.0,912.9500122070312,919.5499877929688,917.120361328125,9202717,6.823884406669984,-0.013770231539204758,938.0400024414063,884.782001953125,54.29559195166594,17.83173707891217,27.92997039832776,962.0140664496737,880.035939653842,8.900749330821899,919.9490152278948,931.9393295017925,-0.013675855590412511,16.790495336251674,0.1585144804112929,1053264104,37.73729585337659,64.47995223214059,936.5166737874348,904.2366628011066,920.3766682942708,-107102321.10355964,0.024626055334368322
2022-12-23,912.0,917.25,904.0,906.5999755859375,904.20458984375,6371695,6.809701311577494,-0.014183095092490383,935.3299987792968,886.7400012207031,48.21416532304845,14.653987735633336,26.56434290432585,960.6549832727496,883.2800203893598,8.392374213811314,918.677678119137,932.0378046143134,-0.014082988830343868,16.701887654588607,0.12355307998903128,1046892409,17.246774167068256,38.52553611985509,937.7575083414713,905.2424936930338,921.5000010172528,-90709792.38750654,0.014528508771929825
2022-12-26,908.0,932.9500122070312,905.0999755859375,928.7000122070312,926.2462158203125,4764440,6.833785771926176,0.024084460348682057,934.3349975585937,889.2740014648438,57.05445534425129,13.76026695228984,25.142575465343366,959.995843057069,887.6391606050403,7.832356748883194,919.6321861275079,932.9999909864155,0.02437683346153907,17.498184009338974,0.15194801289339174,1051656849,48.85692254898313,34.61366418980935,939.944176228841,906.0641591389973,923.0041676839191,39959601.52350041,0.030671846499001926
2022-12-27,932.4500122070312,937.7999877929688,922.5999755859375,932.2000122070312,929.7369995117188,3346083,6.837547397033504,0.003761625107327582,933.0950012207031,891.9080017089843,58.26943642911282,13.18244848155291,24.123478593363945,959.141762734202,892.4582433693137,7.2027996484204255,920.8291219446053,934.7614369639209,0.003768708898455042,17.33402888060271,0.18066575243674657,1055002932,51.36611961106504,39.15660544237216,941.9116750081381,907.7016591389975,924.8066670735677,21127394.174500138,0.016301155030342154
2022-12-28,930.9500122070312,937.4500122070312,921.2999877929688,924.7000122070312,922.2568359375,5956496,6.829469373784665,-0.008078023248838662,931.325,894.1190014648438,54.69832554155761,11.981223771071768,23.075254824250447,958.371156085425,895.5738512387937,6.774451733847924,921.1977781600744,934.7690314937822,-0.008045483696404787,17.249457132992696,0.12113431899248003,1049046436,37.70492350041469,45.97598855348764,943.2641784667969,909.4041564941406,926.3341674804688,-22740015.27516662,0.01734789645232954
2022-12-29,922.7999877929688,944.0,915.7999877929688,934.5499877929688,932.0806884765625,12204113,6.840065116950252,0.010595743165587201,930.9649963378906,896.4830017089844,58.31187079839847,11.689308175458223,22.524077496185008,958.1892134336442,898.8257951112776,6.393423644850488,922.469417172731,934.3248566348999,0.010652076842118774,18.031639638281163,0.1487742312523883,1061250549,55.64658325569606,48.239208789058615,945.5325124104818,909.8524892171224,927.6925008138021,72560138.30695944,0.03055918138282199
2022-12-30,941.25,943.5,930.3499755859375,933.75,931.2828979492188,3704449,6.839208736447027,-0.0008563805032251182,930.8299987792968,898.5610021972657,57.90786307120707,11.263571196259818,22.0122699772671,957.6720780785625,902.2029280249532,5.964825579308002,923.5437583943757,934.4124517630444,-0.0008560139140957324,17.68295283655126,0.1010841935052732,1057546100,54.18941123891306,49.18030599834128,947.1441802978516,911.7091522216797,929.4266662597656,22211036.782536287,0.013970809470451527
2023-01-02,932.25,945.0,931.7999877929688,941.5999755859375,939.1121215820312,3498198,6.847580530017793,0.008371793570765895,930.3699951171875,900.8760021972656,60.77941326716559,11.427865675865633,21.640042659670222,956.3365676650352,907.778434776371,5.209778669778236,925.2633981269054,933.817925432941,0.008406935031793905,17.362742791585543,0.13616772011100436,1061044298,68.48808536468768,59.44135995309895,949.2241800944012,913.4391520182293,931.331666056315,25710858.190695688,0.014159305129558862
2023-01-03,944.75,965.5999755859375,942.5999755859375,962.2999877929688,959.7573852539062,6927819,6.869326239677089,0.021745709659295898,931.6249938964844,902.1140014648438,67.14457577245352,13.077637359583605,22.49063676300158,959.20778722591,910.6722115533868,5.191303795346059,928.7906923808162,934.6230572304271,0.02198387079837172,17.836832592186575,0.14620050821050207,1067972117,94.64287483626521,72.44012381328866,952.5350107828777,915.569983927409,934.0524973551434,104174244.64230058,0.024345064831966128
2023-01-04,963.5,970.0,955.0,957.4500122070312,954.9202270507812,9059392,6.8642735131196995,-0.00505272655738942,934.1399963378906,903.0740014648437,64.50319933273309,13.834267978324078,23.490522906597157,961.3618985283028,912.7980990302908,5.182460362111504,931.5201514118842,936.8227209038878,-0.005039983006817739,17.634201692744675,0.06825707545197765,1058912725,80.98486698035038,81.37194239376777,954.8766764322916,918.2266520182291,936.5516642252603,5432861.531808533,0.015568240788790867
2023-01-05,960.0,961.9000244140625,938.25,949.5499877929688,947.0411376953125,6998980,6.855988175304658,-0.008285337815041594,937.1399963378906,904.0080017089844,60.339362995764596,13.639212891847023,22.921884375351702,962.4624705011047,912.7175282781923,5.305617834586049,933.2372786862732,937.8146644853178,-0.008251109001348289,18.06390331569595,-0.01478381106723287,1051913745,69.01513301964962,81.54762494542176,955.4266774495443,919.4316518147787,937.4291646321615,-35050454.73842059,0.024635442097981772
2023-01-06,946.5499877929688,950.9500122070312,934.2999877929688,939.9000244140625,937.4166870117188,5787783,6.845773512601426,-0.010214662703232236,940.4700012207031,904.5030017089844,55.6165739995027,12.561161681140561,22.0841204194795,962.7253149172985,913.0746850827014,5.293808490734312,933.8718258984436,937.8270704784536,-0.010162670215325464,17.962911965579273,-0.011413771435644907,1046125962,54.39397638494318,68.13132546164775,955.7033447265625,919.7833190917969,937.7433319091797,-48918080.90951097,0.017590221994386868
2023-01-09,946.7999877929688,960.0,941.3499755859375,958.75,956.216796875,7025747,6.865630352681466,0.019856840080040072,943.475,905.617001953125,61.89126277987122,13.077089278683161,21.843874256232265,965.3452741793973,912.4647233791965,5.632151375160709,936.2411758128776,937.9959589773663,0.020055298538468103,18.115559367033434,-0.008199531095015936,1053151709,82.95454545454545,68.78788495304612,956.650010172526,920.7799845377604,938.7149973551432,71984079.31214543,0.01969795590886783
2023-01-10,964.0,964.0,942.75,952.1500244140625,949.63427734375,7140150,6.858722611045809,-0.006907741635656883,945.4700012207031,906.5400024414063,58.75897402284747,12.805785620002894,21.845939893534034,966.247621645199,912.3173807962072,5.74164224063617,937.7563042510857,938.9999273626438,-0.00688393802966103,18.3394479836739,-0.029610936504094958,1046011559,72.95458244554925,70.10103476167932,957.5508443196616,920.825819905599,939.1883321126301,-7421850.682572614,0.022043568464730292
2023-01-11,953.0,955.75,942.7999877929688,949.75,947.2406616210938,7100355,6.856198792067735,-0.002523818978073855,947.975,908.1000024414062,57.617038988242534,12.25583595558453,21.84785798531425,966.9730198562148,912.3269801437851,5.815573853288957,938.8985609890775,941.4792699840533,-0.002520636824579703,17.954488285342283,-0.0052862614472354835,1038911204,69.31818181818181,75.07576990609219,957.9033426920574,921.048319498698,939.4758310953775,-13834633.793198034,0.013588680175268888
2023-01-12,949.3499755859375,949.7000122070312,924.0,935.5499877929688,933.078125,8661375,6.841134578592268,-0.01506421347546727,948.075,909.5400024414063,51.26847717350098,10.552531558620785,20.3305496849698,966.8950204854053,912.1449758524853,5.827448563056002,938.5796492561147,943.2291259067797,-0.014951315827355871,18.511310550674978,-0.006192745588085279,1030249829,46.91833706064579,63.063700441458984,958.4633412679035,920.2733205159504,939.3683308919269,-86605965.08418287,0.02707116750192071
2023-01-13,935.5,937.4500122070312,923.0,934.1500244140625,931.6818237304688,9083608,6.839637051040902,-0.0014975275513657849,948.1150024414062,910.9420031738281,50.675638823169265,8.986099051473047,18.906236894060715,966.881309895929,912.063691324774,5.834935938576314,938.1577802235383,943.1639813198823,-0.0014964068164960986,18.22121781184328,0.041903040781238125,1021166221,33.856148502330484,50.030889127052724,958.1341746012371,920.1091562906902,939.1216654459637,-37346467.393620856,0.015446298457542758
2023-01-16,940.4500122070312,941.75,911.7000122070312,913.1500244140625,910.7373046875,10008273,6.816900187374142,-0.022736863666759533,945.2700073242188,911.8430041503906,42.699449542948074,5.981217753263536,18.34848172466567,967.3130932540279,908.3269091873784,6.289712736971992,935.7760891940644,941.5289425761434,-0.022480329123977794,19.06612995335224,-0.0474348663816608,1011157948,2.4871569650759486,27.7538808426841,957.8500101725261,918.3899881998699,938.119999186198,-152564644.46454027,0.0319527751639324
2023-01-17,914.9500122070312,919.7000122070312,906.7000122070312,917.7000122070312,915.2753295898438,6904960,6.821870553126734,0.00497036575259191,940.810009765625,912.7380041503907,44.72931244587833,3.9217659874016135,18.13998933152116,966.4179700048783,906.0170336572312,6.451592309427552,934.0545580524422,940.5340297698377,0.004982738511000173,18.632834956684228,-0.04894913521683022,1018062908,17.37757049176218,17.906958653056233,956.2375111897787,916.7074879964193,936.472499593099,-29909892.347555093,0.01420842650041783
2023-01-18,921.9000244140625,925.5999755859375,913.25,924.0,921.55859375,5730939,6.828712071641684,0.00684151851494974,937.4650085449218,913.74400390625,47.50238750767591,2.766106040511204,17.46562862358319,966.4319566790373,905.1730482037751,6.546136424666997,933.0969810950668,940.51997391616,0.006864975165269405,18.184059287345175,0.023869981219464317,1023793847,27.330159761721788,15.731629072853336,954.3708414713541,916.6958231608072,935.5333323160809,14099933.045647325,0.013396220044344665
2023-01-19,923.5999755859375,938.0,920.75,928.7000122070312,926.2462158203125,7721730,6.833785771926176,0.005073700284492055,935.3800109863281,915.44400390625,49.53655907493856,2.20408163093839,16.501957751527737,966.1696419824519,906.3503653417669,6.389173563615508,932.6782221533491,939.8258435927174,0.0050865932976529304,18.11734076682052,0.048245105305366805,1031515577,34.75514098352436,26.48762374566947,954.3966756184897,917.3016560872396,935.8491658528644,28894794.52148205,0.018676916907729987
2023-01-20,931.25,934.8499755859375,924.6500244140625,930.5499877929688,928.09130859375,4511360,6.83577579607189,0.001990024145714031,934.4450073242188,917.0410034179688,50.35201658083106,1.8862077769498455,15.607120513190536,964.2796562509252,910.6353522939967,5.722318474431609,932.4755331666462,939.4070320090093,0.0019920055578992457,17.551812938610123,0.08253823227159239,1036026937,37.67769381558509,33.254331520277105,955.2808400472006,918.490825398763,936.8858327229816,15195535.413410686,0.010952967701342282
2023-01-23,936.0,939.7000122070312,924.4500122070312,932.7000122070312,930.2356567382812,5236124,6.838083618820661,0.002307822748770505,931.8400085449218,918.6750036621094,51.33623671031199,1.7871779838989141,15.120732418115852,964.2743382211323,911.0406703237896,5.677304096088612,932.4969121228734,937.841959099651,0.0023104878214676994,17.3873977287094,0.061162859576608525,1041263061,41.074257525983334,37.835697441697626,955.1525054931641,919.6224945068359,937.3875,12570374.761175958,0.016292735042735044
2023-01-24,935.0,935.0,903.75,910.2000122070312,907.7951049804688,18527897,6.813664368993914,-0.024419249826746814,927.6450073242188,919.7060034179688,41.96138769355965,-0.1056479563422954,14.869937711586454,965.685528229244,907.4294803156779,6.220231822158186,930.373397845174,932.3461315371668,-0.024123512067678266,18.377583605230154,-0.022430998739176335,1022735164,10.705414451504149,29.819121931024224,955.227505493164,918.092495727539,936.6600006103515,-273728330.079608,0.03342245989304813
2023-01-25,905.0,907.4500122070312,884.2000122070312,892.3499755859375,889.9922485351562,11921748,6.793858404942734,-0.01980596405118007,921.9050048828125,920.4450024414062,36.298136113386555,-3.011361822814024,15.648573173042891,969.5913750813276,900.288629801485,7.4125339699737465,926.7521195347706,927.3872712127124,-0.019611114460228785,18.922041919142284,-0.02231342937723838,1010813416,10.212988252642754,20.66422007671011,953.9250040690104,916.0799967447916,935.0025004069012,-233111868.95150346,0.02569060773480663
2023-01-27,892.3499755859375,892.5,851.0,873.75,871.44140625,17300736,6.77279429354802,-0.02106411139471387,915.7250061035156,920.7560021972656,31.52380446674482,-6.737359493454278,17.573079264710575,975.6328751063704,888.1671309971453,9.385743515698573,921.7042986266972,919.237774627709,-0.02084381251170464,20.53475321063212,-0.03608971018542705,993512680,20.13274336283186,13.683715355659615,951.6383371988932,912.4633310953775,932.0508341471353,-292232801.1296678,0.04650641691646839
2023-01-30,851.9000244140625,885.5,846.1500244140625,871.8499755859375,869.5464477539062,21233998,6.770617362760907,-0.002176930787112674,909.4950012207031,921.0090014648438,31.074170314178787,-9.731378311249046,19.501274467054476,979.7438340703981,877.8661695917114,10.968681723057493,916.9562678609105,909.8014830834796,-0.0021745629917739873,21.878697666011075,0.013382399034196496,972278682,21.80734535081368,17.384358988762795,949.5466684977213,907.7516672770182,928.6491678873699,-124307676.78199214,0.04619083749058752
2023-01-31,873.0,879.2999877929688,861.0999755859375,871.5999755859375,869.2970581054688,16856151,6.7703305750598375,-0.00028678770106971285,905.3399963378906,921.0400012207032,31.011493219782977,-11.986163672071257,21.291741440659525,981.5855967530282,869.0244069090812,12.164766171284436,912.6366209775798,903.3832241344896,-0.00028674658140814824,21.615934418941087,0.017090451144432896,955422531,23.220763541064528,21.720284084903383,946.3566680908203,904.0616668701172,925.2091674804688,-44245250.76066405,0.020847665758340492
2023-02-01,876.2999877929688,895.2000122070312,833.2999877929688,857.25,854.9849853515625,12409819,6.7537295913430295,-0.01660098371680796,899.2949951171875,920.7840014648438,27.57355609408083,-14.76086633857858,23.691646330708327,980.9599832873481,859.1450215954643,13.24000112696195,907.3617046940008,897.9923364395569,-0.016463946750676195,24.493369418592614,-0.02226419288117122,943012712,20.575607546125056,21.86790547933445,943.5558369954426,897.3708333333332,920.4633351643879,-133468816.7041569,0.0706379382361543
2023-02-02,850.9500122070312,872.0,837.0499877929688,868.4500122070312,866.1553955078125,9567053,6.766710027556134,0.012980436213104518,893.7399963378906,920.6590014648438,33.74706905804881,-15.873115415895654,25.9201294428965,977.9191123888558,853.2858924939568,13.612153697982585,903.6558292190513,893.507048519215,0.013065047777230943,25.24027247490966,0.04650314742617599,952579765,32.411268287329506,25.40254645817306,939.4708374023437,891.2908325195312,915.3808349609375,26944468.022157654,0.0410717571016711
2023-02-03,873.0,885.0,859.25,882.5999755859375,880.2679443359375,7365732,6.782872069173921,0.016162041617787004,889.1299926757813,920.7400012207031,40.63213546180659,-15.434873421563111,26.974573907224464,974.1087312046958,850.4012724574135,13.560622687623516,901.6505098254214,890.4342701087412,0.016293353883370054,25.276681583844685,0.07792006158610866,959945497,45.45872037234537,32.81519873526667,935.8616689046223,887.471666463216,911.6666676839192,78464714.71327782,0.02949599083619702
2023-02-06,871.8499755859375,899.1500244140625,870.5999755859375,882.6500244140625,880.3179321289062,10129098,6.78292877369525,5.6704521329109525e-05,884.3399963378906,920.6380017089843,40.655626697703966,-14.911632939183619,26.97811205700365,971.1626377810165,847.6223658810928,13.58492308339648,899.8409397862443,887.9780259705702,5.670612906127914e-05,25.510493529864707,0.07780967627248367,970074595,46.38160272317695,41.4171971276173,933.5775034586588,883.9974985758463,908.7875010172526,26492871.22766813,0.032746515601996304
2023-02-07,886.8499755859375,888.4000244140625,871.5,879.0999755859375,876.7772827148438,5055187,6.778898629085477,-0.004030144609773245,878.9799926757812,920.3860009765625,39.462826444451906,-14.614948331709002,26.98139748179861,964.1331079493532,846.6868932713498,12.971605637096006,897.8656098624056,886.5029116698196,-0.004022034475648084,24.89546002159312,0.04600605371180753,965019408,43.04509143224927,44.96180484259056,929.8050038655599,880.3999989827474,905.1025014241537,-3133150.0476457793,0.019056238235668592
2023-02-08,882.0999755859375,886.4500122070312,868.25,871.75,869.4466552734375,6572818,6.77050268555576,-0.008395943529716732,875.1349914550781,919.9700012207031,37.03983249282852,-14.802273847446486,27.11585372104828,957.7232476492118,845.0567511300851,12.49919530895791,895.3784089231289,884.7553258215481,-0.008360796030097206,24.417213749124414,0.030178774746715507,958446590,36.13722122600326,41.85463846047652,925.7783376057944,876.6783315022788,901.2283345540366,-33251084.569755625,0.020632595749639195
2023-02-09,876.1500244140625,876.1500244140625,862.5499877929688,867.7000122070312,865.4074096679688,5993312,6.765846046867706,-0.0046566386880542154,872.6699951171875,919.2990014648437,35.73773452238403,-15.103427920498234,27.471646629354048,950.8167253817642,843.7582746182359,11.93134316075152,892.7423711406434,881.8837909151771,-0.004645813355857453,23.644558239979368,0.02050845177064902,952453278,32.330842594727805,37.17105175099348,921.7791727701822,872.6141642252603,897.1966684977212,-27265588.48288729,0.015522497565629772
2023-02-10,872.0499877929688,872.7000122070312,865.1500244140625,867.25,864.9585571289062,4603464,6.765327285849859,-0.0005187610178465363,872.0199951171875,918.567001953125,35.58803036395142,-15.203154416806228,27.80202575849512,945.8953395705151,841.8496616501881,11.639879048665541,890.314526270106,880.0551300907262,-0.0005186264846148703,22.494946065192895,0.01500284140334331,947849814,31.907898888173754,33.45865423630163,917.4691721598308,870.1191660563152,893.7941691080729,-10469606.157381702,0.008657746572620988
2023-02-13,867.25,870.4500122070312,856.5,859.0999755859375,856.830078125,5707194,6.755885301225826,-0.009441984624033672,870.7449951171875,917.6460009765625,32.90006939421477,-15.758176788348237,28.468050087339925,940.7897188090583,839.4502775288324,11.384919054587016,887.3417119192328,877.598773317392,-0.009397549050518927,21.88459364675278,-0.028770250500039472,942142620,25.368716515439132,29.869152666113592,913.9683380126953,866.6683319091796,890.3183349609375,-34499049.00965458,0.016085341259188528
2023-02-14,862.5499877929688,871.9000244140625,854.25,870.75,868.4493408203125,7527755,6.76935490924611,0.013469608020284518,870.6599975585938,917.0770007324219,39.8892139371356,-15.084096336573111,29.177786324800135,938.1837185428668,837.8162753536175,11.302640037632719,885.7615488793059,871.9223744122515,0.013560731864899367,21.58212441584633,0.05252722509019249,949670375,50.50573145857101,35.927448954061326,910.520006306966,864.4599965413411,887.4900014241535,46966003.35216917,0.020462610473422092
2023-02-15,872.0,872.2000122070312,861.5999755859375,868.2999877929688,866.0057983398438,7322266,6.7665372630080585,-0.0028176462380518075,871.7649963378906,916.35,38.96991345347677,-14.579514661964595,29.808058361578826,934.4707985390462,836.5891929160318,11.053448905770404,884.0985430615594,869.7100833247362,-0.002813680398542906,20.797689573364003,0.0375340586565852,942348109,53.1510714282404,43.00850646741687,908.0333404541016,862.2133270263672,885.1233337402343,3695573.7286364716,0.012156005299419438
2023-02-16,872.7999877929688,874.2999877929688,862.25,864.75,862.4652099609375,5843235,6.762440447817278,-0.004096815190780312,871.3949951171875,915.3519995117188,37.61712193963128,-14.301228733297648,30.181705804017447,928.9406555678769,836.1943358872012,10.508694250542373,882.2558246747443,869.2181372642597,-0.004088434691784437,20.1728537319072,-0.0025318774617316474,936504874,47.76005272099859,50.47228520260336,905.3258412679037,859.535826619466,882.430833943685,-12597084.038086345,0.01380612736193925
2023-02-17,861.0,868.25,850.0,854.9000244140625,852.6412963867188,8420479,6.750984531589987,-0.01145591622729114,868.625,913.6630004882812,34.081888784289745,-14.705974519877941,31.0800543393662,921.5795050731411,836.1754876026401,9.717397228437719,879.6505103642032,868.6232640202173,-0.011390547078274027,20.035507036770973,-0.01967198194974423,928084395,32.80185969429606,44.57099461451171,901.8041748046875,855.91416015625,878.8591674804687,-59493369.727295056,0.021196283391405342
2023-02-20,859.7000122070312,861.2000122070312,842.5,846.75,844.5128173828125,5992322,6.741405491697881,-0.009579039892106067,865.0349975585938,911.9240002441406,31.448355140100432,-15.505637986612328,32.21131086509685,912.4454510776388,836.9295428188454,8.63347292859062,876.5171284247552,867.2073859667203,-0.009533307031601046,19.94011454893242,-0.040061145346192484,922092073,20.42521598647495,33.662376133923225,898.2358449300131,851.4958241780599,874.8658345540365,-52389503.640380904,0.02175178776492555
2023-02-21,849.0,849.0,837.4000244140625,844.0499877929688,841.8199462890625,9677064,6.738211720084947,-0.0031937716129339933,861.5299987792969,910.0319995117187,30.604643497135328,-16.170838109696206,33.4533143451277,899.6099925742288,840.8999988808492,6.7462978071499204,873.4250197931566,865.5644993104395,-0.003188676949549718,19.344390337289926,-0.034168669153898226,912415009,11.272135059614898,21.499736913461998,893.613343302409,847.2383249918619,870.4258341471356,-34881961.832275406,0.013663104341504712
2023-02-22,840.0,843.0,829.5499877929688,833.3499755859375,831.1481323242188,6984037,6.725453692691896,-0.012758027393051208,857.6899963378906,907.8069995117188,27.460464807027435,-17.361285469257837,34.88478725483706,893.9067076987299,838.918280094239,6.346679900377877,869.6083489162786,864.0195467269458,-0.012676988758698715,18.99836245605493,0.005767554044934573,905430972,5.459749703374558,12.385700249821497,888.672509765625,844.077490234375,866.375,-61446841.380330406,0.016011919294084822
2023-02-23,833.0499877929688,848.25,830.2000122070312,844.3499755859375,842.1190795898438,8437003,6.738567071663521,0.013113378971625345,855.3549926757812,905.8459985351562,34.868515832579945,-17.218629862427065,35.63599862421013,890.388470545058,837.6365172479107,6.105461861928521,867.2027895514842,861.1680834770222,0.01319973639198313,18.930621408691632,0.051532419433868416,913867975,21.264339088699995,12.665407950563178,885.7258422851562,841.6508239746094,863.6883331298828,41389074.873223186,0.021667352568828763
2023-02-24,850.0999755859375,854.5999755859375,844.4500122070312,851.4000244140625,849.1505126953125,7763814,6.7468820820692486,0.008315010405727463,853.7699951171875,904.1109985351562,39.15718567668488,-16.34824188944799,35.66617716494603,889.4194744211247,836.3705158132502,6.147788422468492,865.6977643003012,857.8504626859695,0.0083496761200621,18.310577022356515,0.06128892523753656,921631789,37.12833139217112,21.284140061415254,883.0450073242188,842.1049926757812,862.575,50286536.81939471,0.011939729055879944
2023-02-27,851.8499755859375,858.4500122070312,845.9500122070312,854.3499755859375,852.0926513671875,8064267,6.750340917318098,0.003458835248849823,853.2949951171875,902.4959985351562,40.9104590665716,-15.244685499306797,35.30286072697612,888.4595609052966,835.5804293290784,6.134327727401448,864.6170225179809,856.333185252597,0.0034648239221102273,17.89553580647391,0.04306499655999452,929696056,43.58519710378118,33.99262252821746,880.9566752115886,842.7016581217447,861.8291666666667,32621641.53110683,0.01467394536391456
2023-02-28,855.9500122070312,857.5999755859375,840.0,844.0999755859375,841.8697509765625,13012372,6.738270942066486,-0.012069975251612242,850.6299926757813,900.4539978027344,36.92850873710369,-15.024010999916413,35.276939385083764,887.7993383040059,833.490651930369,6.3102308944749135,862.6630180482625,854.0143943815125,-0.01199742528577974,17.874424362149878,-0.01687510152187912,916683684,31.223125233302117,37.312217909751496,879.7550069173176,841.5599934895833,860.6575002034504,-78043994.82296439,0.02056191989594895
2023-03-01,846.0499877929688,868.75,845.0499877929688,865.1500244140625,862.8641357421875,12345125,6.762902930522113,0.024631988455626974,850.3149963378906,898.7619982910156,48.10066929187767,-13.000697898721114,34.16857448887633,888.2151340463564,833.8648586294249,6.31216617672697,862.8998757973864,853.8439161126585,0.024937862145432366,18.358395794429352,0.05602503786944229,929028809,79.55315446054469,51.45382559920936,877.7316731770834,843.356660970052,860.5441670735678,147228991.08521628,0.028012543642788542
2023-03-02,866.0,866.7999877929688,843.5,845.4500122070312,843.2161865234375,13900508,6.73986904442294,-0.02303388609917345,848.3849975585938,897.0249987792969,40.81425282805982,-12.838835925425542,33.234303985355716,887.6537490287282,832.126243647053,6.457512660707339,861.2379840268763,853.0699760927782,-0.0227706312790934,18.711366651467877,-0.06493361802748857,915128301,35.53078081354749,48.76902016913146,876.7866719563802,843.5766621907553,860.1816670735677,-133483787.82755157,0.02690529768241195
2023-03-03,849.75,858.5999755859375,845.5999755859375,852.6500244140625,850.3971557617188,7977804,6.7483491753920815,0.008480130969141797,848.1599975585938,895.6869995117188,44.14452726347929,-11.991349520425956,32.366767089229434,884.2612207216009,832.5237768369927,6.027247903282356,860.4200831113702,852.6048416013039,0.008516189133684904,18.314123560570618,-0.09764835244664162,923106105,51.62019356668994,55.5680429469274,874.9825052897137,843.0474955240885,859.015000406901,-6201071.818982042,0.015298617240364814
2023-03-06,856.9500122070312,863.75,855.5999755859375,859.5,857.2290649414062,10781567,6.756350824822904,0.008001649430822155,849.4349975585938,894.745,47.18910383070604,-10.644274090617387,31.04230588332182,880.6100128619265,833.8599822552609,5.453583992698592,860.3324561483826,852.427188660441,0.008033748184836709,17.798827276668252,-0.09036662871141278,933887672,66.9274015799581,51.35945865339854,872.736669921875,842.8416625976563,857.7891662597656,47168623.212438926,0.009510501543809453
2023-03-08,858.5,862.5,853.0499877929688,860.9500122070312,858.6752319335938,8785735,6.758036444910755,0.0016856200878514471,851.125,893.39,47.83727359679247,-9.351900354558325,30.003256437483767,877.5464047022434,835.1085940770535,4.9557921070428925,860.391271011111,852.0122342123306,0.0016870415439571573,17.202483343122754,-0.04963746685343062,942673407,70.16765232192738,62.90508248952517,871.3225026448566,842.1724965413412,856.7474995930988,24215823.069307443,0.011007585564392837
2023-03-09,862.5,874.25,862.0,867.7999877929688,865.507080078125,14746065,6.765961259297609,0.007924814386853996,854.5700012207031,892.1019995117188,50.90292586882887,-7.686345667262913,27.929083892014226,876.8384224208521,835.4215751377417,4.837682050875937,861.0968630855737,853.0922472810408,0.007956298842923148,16.923733660968896,-0.028542891640727434,957419472,85.57044643040014,74.22183344409524,870.6516682942707,842.0966634114584,856.3741658528645,75412064.51553412,0.014202898550724638
2023-03-10,859.5999755859375,861.5999755859375,845.5,851.9000244140625,849.6492309570312,11198583,6.747469177707161,-0.01849208159044835,855.3250061035156,890.6459997558594,44.38262837029631,-7.562203367929783,27.18995995038566,875.4185428641654,835.2614559151316,4.694868353834614,860.2209736882869,852.8060440708601,-0.018322152111736933,17.3077518132546,-0.03240959553577785,946220889,50.00006827196821,68.5793890080986,869.9866648356119,841.1816660563151,855.5841654459634,-93567351.55858335,0.018729613824108263
2023-03-13,845.5999755859375,857.0,828.4500122070312,832.3499755859375,830.1507568359375,8315798,6.724252996108533,-0.023216181598627372,853.4200012207032,888.6019995117188,37.94639738611389,-8.938309981602629,27.429877626542005,875.2353864974476,831.9546098404429,5.070411231303687,857.5665929166346,852.1251856294092,-0.02294875955846054,18.11076866894847,-0.05363990485632566,937905091,8.51520615362473,48.02857361866438,869.5816640218097,838.6766652425131,854.1291646321613,-139571955.1494106,0.03376299505352486
2023-03-14,828.0,835.7000122070312,817.4000244140625,832.8499755859375,830.6494140625,12573734,6.724853524609239,0.0006005285007057992,851.2700012207031,886.5839990234375,38.19326337391803,-9.874709066598712,28.143514026812365,875.5510610624711,829.0139352754194,5.460293492713123,855.2126293613302,850.6651248324688,0.0006007088540467276,18.124284320664206,0.012819876461899886,950478825,27.17670678419205,28.563993736595023,868.1308298746744,836.7908335367838,852.4608317057291,-42332740.383136876,0.022101434532570956
2023-03-15,838.0499877929688,843.5,819.3499755859375,824.0499877929688,821.8726806640625,6652641,6.7142311928667295,-0.010622331742509594,849.2650024414063,884.2329992675782,35.51528932413021,-11.197816104520825,28.119508029796172,874.6623172297656,825.232677887422,5.815610903535362,852.2447587357719,850.4088801923958,-0.010566114007240834,18.554694327335515,-0.04331931426974721,943826184,11.697390034677861,15.796434324164908,866.6224955240887,834.6324991861978,850.6274973551432,-53139686.52171457,0.02881692591830036
2023-03-16,821.5,837.9000244140625,814.2999877929688,830.5499877929688,828.3555297851562,8791383,6.722088117239559,0.007856924372829255,845.8049987792969,881.5979992675781,38.92188946831291,-11.588309469223077,28.3370368438345,872.6457980100636,823.4741971071239,5.798127614142336,850.1785900745525,849.575788092449,0.007887870998467994,18.91507591974682,-0.03572538185285861,952617567,27.105916082022276,21.993337633630755,865.2833292643229,831.9933329264322,848.6383310953776,20382764.159428474,0.028727981279481132
2023-03-17,835.0,841.5,823.0,837.4000244140625,835.1875,7762461,6.730301882739643,0.008213765500084236,845.0,879.1969995117188,42.3767188832279,-11.215749389523921,28.216052769106874,870.4411227685638,822.94387479003,5.609740023327483,848.9615838211726,848.708871138925,0.00824759102013406,18.885427639764902,0.004908032948856476,960380028,38.53216333187745,25.778489816192558,863.9491638183594,830.0141662597656,846.9816650390625,42243016.1330175,0.02215568862275449
2023-03-20,836.0,841.0,825.5499877929688,837.5499877929688,835.3370361328125,10744023,6.730480948835006,0.0001790660953631118,843.4899963378906,876.9569995117188,42.45346161010907,-10.784079890707062,28.10371041400265,869.5785505706797,822.0714433258047,5.616659169010354,847.8747651518197,847.4591437968102,0.00017908212865314077,18.64004082314107,0.05546206920662157,971124051,38.78231070197033,34.80679670529005,862.6583302815756,829.0033315022787,845.8308308919271,15155145.37242348,0.01848087584573116
2023-03-21,840.0999755859375,857.3499755859375,838.75,855.5999755859375,853.33935546875,11489951,6.751802948673816,0.021321999838809447,843.0999938964844,875.2709985351562,50.925227015684385,-8.88309672848311,26.609255784544803,870.4001914816322,822.134799973446,5.703325692155089,848.6104994788785,847.7237077925114,0.021550937921367863,18.722894178128765,0.11691831894993067,982614002,68.89070789567725,48.73506064317504,862.6741607666015,829.029165649414,845.8516632080078,143314031.9853472,0.02214019298472748
2023-03-22,855.5999755859375,859.7999877929688,847.0499877929688,849.6500244140625,847.4050903320312,8018924,6.744824528714372,-0.006978419959443372,841.9699951171875,873.0889990234375,48.39601358659861,-7.767130564058448,25.036283653424157,870.7007216090823,822.3942735081051,5.70628916159942,848.709501853658,846.9363187929729,-0.006954127327785775,18.296258879691,0.08680575449092641,974595078,58.96585391678655,55.546290838144735,863.1658284505207,829.4058308919272,846.2858296712238,15963206.494464703,0.014901823707122551
2023-03-23,847.0,861.1500244140625,845.0999755859375,848.7999877929688,846.5573120117188,9857892,6.743823572918257,-0.001000955796115477,840.0699951171875,871.0219982910156,48.02901440314985,-6.872092979778245,23.714155509277816,870.7116853348716,823.928311003019,5.521334847867549,848.7181195621639,846.7733964313053,-0.0010004550069658835,18.135815304579143,0.07425924934911518,964737186,57.54794491260114,61.80150224168835,864.1149973551431,830.0949961344401,847.1049967447916,-265310.6397031713,0.018949290233913813
2023-03-24,846.25,852.5,837.25,839.9000244140625,837.680908203125,8078718,6.733282866199402,-0.010540706718854764,838.8699951171875,868.8249987792968,44.245784975644895,-6.802506845912717,23.027029361916828,870.6818174987025,823.5131837220006,5.568265015858964,847.8783009766305,846.2458767306783,-0.010485348146679119,17.929685639966348,0.02429707192722649,956658468,42.70230426757318,53.07203436565365,864.0891652425131,830.3491628011067,847.21916402181,-48021966.44557489,0.018020679468242245
2023-03-27,841.0499877929688,842.2000122070312,829.2000122070312,833.3499755859375,831.1481323242188,10602508,6.725453692691896,-0.007829173507506226,838.9699951171875,866.7809985351563,41.64579787829589,-7.192977367254002,22.892599682744947,870.4242884413875,821.9657078965031,5.726644644525481,846.4946509394217,844.3255231340016,-0.007798605355077259,17.577565237111607,-0.008941540637858045,946055960,31.776453567985207,44.0089009160532,863.4700002034506,829.444994099935,846.4574971516928,-62305285.54891559,0.015456869613795245
2023-03-28,837.4000244140625,837.4000244140625,826.0499877929688,832.4500122070312,830.2505493164062,11002402,6.7243731746548425,-0.0010805180370532241,838.9299987792969,864.7469982910156,41.28681342853598,-7.48872226329172,22.956069233898358,869.7322272567993,820.4677727432007,5.829423087634432,845.1570662982417,842.4415982435809,-0.0010799344876364358,17.132741764538903,-0.015436896660511986,935053558,30.275263917183608,34.91800725091402,862.3650024414062,828.4549926757812,845.4099975585938,-27369601.10297512,0.013553900513718624
2023-03-29,832.5,848.4500122070312,830.0,842.5999755859375,840.3737182617188,17121194,6.736492320570239,0.012119145915396423,840.7849975585938,863.3359973144532,46.85125729727277,-6.825405974824093,22.023601084854512,869.6780755541585,820.3719244458415,5.83487483900677,844.9135338494508,839.5378525525956,0.012192880329229938,17.226832510431212,0.04756297718898542,952174752,59.83085644088815,40.62752464201902,862.0633382161457,828.0683247884114,845.0658315022787,106729794.36777456,0.022162176825262763
2023-03-31,854.9000244140625,860.9000244140625,847.5,858.5,856.2316284179688,12946752,6.7551866803375304,0.018694359767291502,843.5799987792968,862.1519970703125,54.17752314561892,-4.959553305816598,20.68337632443014,868.4126106993248,820.972386859269,5.616271472590766,846.207483006646,839.9381580256191,0.018870193300214222,17.30349081883791,0.04607596007101178,965121504,94.3436022569311,61.48324087166765,861.3475056966147,828.3824910481771,844.8649983723959,172812380.04446653,0.01567437598711815
2023-04-03,864.0,866.7999877929688,856.4500122070312,864.5999755859375,862.3155517578125,13266882,6.762266943996123,0.0070802636585929335,846.2999938964844,860.9639965820312,56.64656354268568,-2.9545760590741565,19.836891041672395,870.9110986614941,820.3888952349904,5.974363342851861,847.9591489665786,841.9961669671426,0.007105387985949285,16.806811159345024,0.13733572510716965,978388386,95.80950055803571,83.32798641861835,861.235004679362,829.5649912516276,845.3999979654948,111555897.54916462,0.011979138409649884
2023-04-05,871.0,871.0,857.0,860.5,858.2263793945312,11890015,6.757513615651594,-0.004753328344529351,848.5949951171875,859.5999963378906,54.5201650570464,-1.6771181368968655,19.326259284677203,871.9618221042653,820.1231693508129,6.127192548274382,849.1535157316664,844.7997644127124,-0.004742049157656969,16.606324647963238,0.10398767889506247,966498371,81.4814854683613,90.5448627611094,861.8125050862631,830.0424916585287,845.9274983723957,4686118.372101106,0.016073478760045924
2023-04-06,861.7999877929688,863.25,849.0,851.9500122070312,849.6990356445312,19677316,6.74752785398959,-0.009985761662004045,848.2299987792969,858.0279968261718,50.28132790792052,-1.339198641332132,18.209588167027526,871.0027216227095,820.3272710530719,5.9923788721402795,849.4198487293202,846.6651738131467,-0.009936069486308874,16.438015744537292,0.05033658187073047,946821055,66.40214516460651,81.23104373033453,861.8733378092447,829.4933268229166,845.6833323160806,-110598501.6082254,0.016535159203812027
2023-04-10,854.7999877929688,854.9500122070312,843.9500122070312,847.3499755859375,845.1111450195312,15656078,6.742113803627127,-0.005414050362462675,847.9999938964844,856.32099609375,48.113919351210455,-1.4261398651071886,17.02635844659211,869.35694973487,820.6130392788019,5.768612552050915,849.2227179537599,847.8571901776999,-0.005399420805426214,16.049586048498913,-0.0027351717776382452,931164977,50.72911580403646,66.20424881233478,861.4466705322266,828.9116607666016,845.179165649414,-84878521.96454194,0.012868507436928255
2023-04-11,848.25,855.7000122070312,844.0499877929688,853.2999877929688,851.04541015625,23930907,6.749111171236866,0.0069973676097383475,848.4499938964843,855.1829956054687,51.05293533715564,-1.0033590539412671,15.868363821891888,866.6567072249499,821.863281788722,5.305643489881735,849.6110293670179,848.8525780599026,0.007021906388699595,15.73533164603917,0.05936764468016638,955095884,61.05608921202224,59.3957833935551,860.5666717529297,828.0916595458984,844.3291656494141,66633285.19537241,0.013734187343427646
2023-04-12,854.9000244140625,856.6500244140625,846.6500244140625,851.0499877929688,848.8013916015625,13480335,6.746470866910487,-0.0026403043263787396,849.564990234375,854.3569958496093,49.9018252549973,-0.840173414948822,14.75605845415617,866.5592093807178,821.8757759708448,5.292881727461853,849.7480730266323,849.8528460531519,-0.0026368217885711642,15.325665099893515,0.06160907892623025,941615549,55.61733751006503,55.80084750870794,860.1841735839844,828.3191589355469,844.2516662597657,1990592.5651241392,0.01169727420098493
2023-04-13,853.6500244140625,867.7000122070312,845.0,864.3499755859375,862.0662841796875,23934570,6.76197775112322,0.015506884212733496,852.664990234375,854.1689953613281,56.189977199348476,0.35822089441262506,14.586720142006424,869.0942640707499,822.5407212808127,5.50397020551833,851.1387304132328,850.9113323456994,0.015627739831663323,15.852404178974782,0.14686565618201106,965550119,85.20573390851654,67.29305354353463,860.8791748046875,829.5991577148437,845.2391662597656,212883190.0750121,0.026591708027668984
2023-04-17,882.0,882.0,861.0,864.5499877929688,862.2656860351562,22577380,6.762209126231278,0.00023137510805781858,855.8749877929688,854.0229956054687,56.27885281371198,1.3090069151920716,15.334137557470893,871.2417288779544,823.5632576943111,5.626425643232589,852.4159930208267,852.7918194110194,0.00023140187734216333,16.220089594762296,0.053137724544274456,988127499,68.81142377152457,69.87816506336874,863.0408416748047,831.4908233642578,847.2658325195313,73971564.42685951,0.023809523809523808
2023-04-18,865.3499755859375,872.0,857.0999755859375,863.3499755859375,861.0689086914062,17238709,6.7608201425801475,-0.0013889836511307152,857.9499877929687,853.8579956054688,55.550716572895396,1.9432798105103757,15.664376737287643,871.6084638545755,827.126521496987,5.237066728025577,853.4573246936943,853.7255319184848,-0.0013880194598054896,16.12579922471231,0.05574123886405359,970888790,66.66663030375756,73.56126266126624,864.3375081380207,833.712489827474,849.0249989827473,10866080.653313525,0.017218495215156778
2023-04-19,865.0,874.5,862.5499877929688,873.4000244140625,871.0923461914062,23494247,6.77239366900436,0.011573526424212055,859.439990234375,854.18099609375,60.19551251194152,3.2197849220716535,16.127379114816677,874.3352515905801,828.6847374230917,5.36112487956498,855.3566294289675,855.7134556587093,0.01164075880271409,15.827528723449376,0.10709230045436406,994383037,84.62918014366986,73.36907807298402,865.8833404541016,836.4233245849609,851.1533325195312,161034246.57112402,0.01381504301390896
2023-04-20,874.7999877929688,875.5999755859375,864.1500244140625,868.75,866.45458984375,19444753,6.767055396879002,-0.005338272125357868,859.8549926757812,854.1869958496094,57.21635277497568,3.8122609402976195,16.628447106903177,876.1163617028692,830.0386248693965,5.4013541789711335,856.6321885309706,857.7022654296748,-0.005324048871171105,15.514844612622635,0.07623720264054838,974938284,76.31814636434544,75.87131893725764,867.307504272461,838.5524932861329,852.9299987792969,-6600968.593235344,0.013088650356251216
2023-04-21,870.7999877929688,873.8499755859375,857.5,864.2000122070312,861.9166259765625,15520786,6.761804237623071,-0.00525115925593056,860.2249938964844,853.8189965820312,54.38032081560069,3.8700449945648643,16.41747435732885,876.7753386797317,832.0446503339401,5.235272133211651,857.3529336429764,859.2981780761005,-0.005237396020683405,15.574496825002269,0.04677625051804262,959417498,65.76925424429086,75.57219358410208,868.8766693115234,840.0316619873047,854.4541656494141,-49279914.089265294,0.018775810536442818
2023-04-24,868.0,884.4000244140625,860.5,882.2999877929688,879.96875,18201632,6.7825321203925935,0.02072788276952231,863.2599914550781,853.8119958496094,62.37073249486444,5.315087021207319,16.937475085529147,881.2080437869738,830.2819464474012,5.951083281836627,859.7288435620233,861.7799154237981,0.020944197327321223,16.169177367078,0.06374505635298211,977619130,94.80831647133914,78.96523902665851,870.4000061035156,841.0249938964844,855.7125,203206091.85305738,0.02753459033878168
2023-04-25,885.0,895.7999877929688,874.4000244140625,878.3499755859375,876.0292358398438,36394389,6.778045119664022,-0.004487000728571111,866.3599914550781,853.7969958496094,59.90478636784095,6.071570974041947,18.069046378959815,884.2889814140456,830.0710039375169,6.325156669520631,861.502284707158,864.8610447608874,-0.004476949180189815,16.542804939351445,0.00560219954302333,941224741,66.34518722557709,75.64091931373572,872.3666707356772,842.1266621907553,857.2466664632162,-28103489.92727676,0.02418074958068503
2023-04-26,877.4000244140625,889.4500122070312,875.2000122070312,887.6500244140625,885.3047485351562,19468723,6.788577548656961,0.010532428992938492,869.7949951171875,854.1149963378906,63.55801030958793,7.336950376665413,19.119791151431144,888.9795487388915,829.2654402747803,6.950593058139981,863.992545631625,866.3004183853179,0.010588090267687589,16.3790331579692,0.061572065997959446,960693464,84.28164471283446,81.8117161365836,873.8975026448568,843.8374989827474,858.8675008138022,111338886.37173456,0.016241166632650038
2023-04-27,888.0,890.0,877.5,881.4000244140625,879.0712280273438,15992383,6.781511580107072,-0.007065968549889057,872.8299987792968,854.3889965820313,59.62613366078881,7.746157026850028,20.127247970983763,891.1904634141627,831.2045255995092,6.965410164018687,865.6504007537619,867.3802207252554,-0.007041063288569904,16.1019593609714,0.058174649886187584,944701081,72.22763710845075,74.2848230156208,875.7475026448568,845.9624989827474,860.8550008138021,-29521967.04275514,0.014076576576576577
2023-04-28,885.0999755859375,890.0499877929688,853.6500244140625,860.0,857.7276611328125,23004117,6.756932389247553,-0.02457919085951854,872.3950012207031,854.2439965820313,48.5510471442046,6.271360779270594,18.816651285202294,889.6900009276853,835.3699905273927,6.297753199235004,865.1122673486418,868.2847597167674,-0.024279582279667866,17.55181679082389,0.026467590285490096,921696964,30.954667985073748,62.487983268786344,878.5666676839191,846.4416676839194,862.5041676839194,-338033099.2968852,0.04112525633594038
2023-05-02,870.0,876.4000244140625,864.25,870.6500244140625,868.349609375,12947953,6.769240087166581,0.012307697919028193,873.0050048828125,854.4749975585937,53.208987655024664,5.893999731955319,17.599668648405213,888.0047871199235,840.8752055558577,5.452036204216062,865.6396727834438,869.4529021742992,0.012383749318677362,17.469545906769504,0.024435683885352884,934644917,51.40103694897343,51.52778068083267,880.530000813802,848.3250020345052,864.4275014241537,-20747022.724205896,0.013965545303520115
2023-05-03,863.8499755859375,866.8499755859375,854.0499877929688,859.8499755859375,857.5780639648438,15103015,6.756757927036811,-0.012482160129770214,872.6550048828125,854.2569970703125,48.42142206857292,4.669636044983804,16.97739445098512,886.7766691138673,843.8283235619139,4.963390922101611,865.088273050348,870.5446680388993,-0.01240458108916187,17.407438100649806,0.00404286966808934,919541902,29.232242429776512,37.19598245460792,881.2424987792969,849.6025024414063,865.4225006103516,-115657873.87600483,0.014817373565689684
2023-05-04,860.0,867.1500244140625,857.5,865.9500122070312,863.6619873046875,9756391,6.7638271842717455,0.007069257234934234,871.9100036621094,854.2099975585937,51.097812295419416,4.1437741284410095,16.37383122420172,886.9215056889367,844.4284882075477,4.90865713243299,865.1703434462225,871.2367649060324,0.007094303418380576,16.85333712303643,0.00143825885140853,929298293,41.24019141975257,40.62449026616753,881.4499989827473,850.1850026448568,865.8175008138021,1123603.6344713643,0.011220958621002907
2023-05-05,867.1500244140625,885.0,862.75,865.2999877929688,863.0137329101562,14343308,6.763076253505411,-0.0007509307663342568,871.5650024414062,854.2209973144531,50.79533982668124,3.6326977547751085,15.951129320050853,886.9516129793882,844.4683821377993,4.907328200135928,865.182690526865,872.3348268059735,-0.0007506488883877172,17.23881304281954,-0.04877985893832778,914954985,27.63932028642383,32.703918045317664,882.465000406901,850.0100016276041,866.2375010172525,-5841132.374121524,0.02565876650356371
2023-05-08,865.2999877929688,881.4000244140625,865.2999877929688,878.4500122070312,876.1290283203125,7007882,6.778159004707166,0.015082751201754618,872.9900024414062,854.6919970703125,56.416055894403954,4.239888324053027,15.55862040905362,888.402382340213,844.8126139976777,5.029932055127161,866.4462449725951,872.6985766070794,0.015197069917454842,17.157471869839124,-0.0211455357642355,921962867,58.837507330741325,42.572339678972604,883.1808359781902,850.5158335367839,866.8483347574869,59488835.46920558,0.018606306307894963
2023-05-09,882.2000122070312,890.2000122070312,880.0,888.25,885.903076171875,12117151,6.789253234901136,0.011094230193970489,873.5850036621093,855.5219970703125,60.076221278544274,5.449055023364394,15.775663926991461,891.0620930288746,845.7829020883128,5.213958766367269,868.5227930704432,873.9768462229566,0.011155999381623483,16.77122387913633,0.03128396180197183,934080018,82.08779513021568,56.18820758246031,884.549169921875,852.2891662597656,868.4191680908203,98994899.74677458,0.011562017757757127
2023-05-10,892.0,892.5,877.5499877929688,889.9000244140625,887.5487060546875,11893027,6.79110912429743,0.001855889396293442,874.7400085449219,856.4389978027343,60.675035408306385,6.465936236500852,15.752407429283124,892.8635118709058,848.2364881290941,5.126302193074681,870.5587198650735,875.0176578859218,0.001857612624894367,16.641137331128824,0.07021020112329915,945973045,86.00244720056185,75.64258322050631,886.6416707356772,853.9866658528647,870.3141682942709,46080823.18699452,0.016760103371111265
2023-05-11,891.0,900.0,889.0,895.9500122070312,893.5827026367188,13816121,6.797884621471104,0.006775497173673983,875.5700073242188,857.6909985351563,62.8738524660316,7.671572267468491,16.216642210973212,896.1179893953232,849.247013046083,5.370908237953364,872.9769381833553,876.7162128429859,0.00679850278344718,16.238198950333906,0.04210137064928026,959789166,91.26215765645946,86.45079999574568,888.8075032552084,856.2175008138022,872.5125020345052,71085183.32645097,0.012345679012345678
2023-05-12,895.2000122070312,913.5999755859375,894.0,910.6500244140625,908.2439575195312,10533272,6.814158657054043,0.016274035582939383,878.4950073242187,859.0169995117187,67.61242058756726,9.70138412286201,17.401688750561533,902.2785489334776,849.0464571700379,6.079064888346981,876.5648511577083,878.9300703730537,0.01640717897957278,16.47832585287702,0.06866110136768257,970322438,95.07931013418582,90.78130499706907,892.0191680908204,858.4691680908203,875.2441680908203,126921212.42880397,0.021894521133456652
2023-05-15,910.6500244140625,919.5,909.1500244140625,915.7999877929688,913.3803100585938,7339579,6.819797986893631,0.0056393298395880365,884.0750061035156,860.3049987792969,69.10038138796838,11.591958762038985,18.78836031047063,909.5168153352521,846.9531919889668,7.123790680786388,880.3015308372569,880.4634597437481,0.005655260792662764,16.040586548095625,0.026849431312995487,977662017,94.38114870338478,93.57420549801004,894.1916666666668,861.8766703287762,878.0341684977213,67506112.85399424,0.011365481039323489
2023-05-16,916.2000122070312,922.5,912.0,917.7999877929688,915.3750610351562,12567615,6.821979488660416,0.002181501766784777,888.7900024414063,861.5739990234375,69.68290182617747,13.100620274077528,20.21872960769493,915.9091842636064,845.8858230606122,7.949092932139069,883.8728124520866,882.4956587274639,0.002183882972983886,15.644830366088796,0.079127159138363,990229632,93.17354557204634,94.21133480320567,896.0791666666667,864.814170328776,880.4466684977212,39258857.61799808,0.011460379677038625
2023-05-17,917.7000122070312,918.9000244140625,911.25,914.7999877929688,912.3829345703125,10248327,6.818705448804692,-0.0032740398557242756,894.2850036621094,862.9879992675782,67.6235435221943,13.89400897696737,21.46321074012655,920.4516115754437,846.4883969694782,8.371898790935674,886.8182577226468,884.203415115256,-0.0032686860317072686,15.073772798086917,0.08751341844150681,979981305,88.81624555201155,92.12364660914757,898.258334350586,867.7183380126953,882.9883361816406,-7410368.127333973,0.008336084027790848
2023-05-18,920.0,929.5,912.5999755859375,914.7000122070312,912.2832641601562,13614127,6.818596156007712,-0.00010929279697968752,899.1600036621094,863.9789990234375,67.55189609202742,14.349298267510108,23.126035530830638,924.5909144701288,846.4790928540899,8.820862110815417,889.4736629116358,887.029684890482,-0.00010928682473931861,15.204219342085173,-0.007821352018921049,966367178,80.48781469125133,87.49253527176977,900.9450012207031,869.9100036621094,885.4275024414062,-3377509.591679684,0.01836959175441576
2023-05-19,920.9000244140625,927.0,908.9500122070312,924.0499877929688,921.6085205078125,8393002,6.8287661695214075,0.010170013513695508,905.0350036621094,865.5509985351563,70.68056425982726,15.288348632853513,24.251182154060952,929.9547364379841,846.6452696655315,9.378528254671021,892.7666462336675,891.5185243195792,0.010221903860455184,15.407488517148284,0.02473285840197196,974760180,92.77665828326617,87.36023950884305,903.8000030517578,872.1050018310547,887.9525024414063,51190405.99792317,0.019600377146752
2023-05-22,923.0,927.75,914.4000244140625,917.5499877929688,915.1256713867188,9383158,6.821707061052742,-0.007059108468665087,908.9450012207031,866.8489978027344,65.92187553632567,15.331327139799328,25.334758010600012,932.9389805309578,848.9960231311517,9.421550979950712,895.1269644774105,894.9731211980038,-0.007034251486247811,15.260523307776085,0.017632999704397304,965377022,84.1616828712486,85.80871861525539,906.3858367919922,874.990835571289,890.6883361816406,-23596882.667358935,0.014463678858003792
2023-05-23,917.5499877929688,922.5,912.4000244140625,916.1500244140625,913.7293701171875,8273445,6.820180133374726,-0.001526927678016321,911.7350036621094,867.9819982910157,64.90825540357577,15.07860579006001,26.093114791308416,935.8103629105857,849.509644413633,9.667815085576443,897.1291606618536,899.7076469123233,-0.0015257625170631561,14.891912756216186,-0.04466631447402601,957103577,81.45836724175348,86.13223613208943,907.7600016276041,877.7450052897135,892.752503458659,-15587307.567382991,0.011007548057661144
2023-05-24,911.1500244140625,920.8499755859375,910.2000122070312,917.7000122070312,915.2753295898438,6248545,6.821870553126734,0.001690419752008232,914.5150024414063,869.1169982910156,65.54002242181792,14.83241451901904,26.5192321730282,938.5696751520411,850.6853358342871,9.823567772970234,899.088289380442,902.8377112313904,0.0016918493168847082,14.58891637212262,0.05516783331422103,963352122,82.32211566596442,82.64738859298886,908.8925018310547,879.952505493164,894.4225036621094,1261009.7934162812,0.011688484984407449
2023-05-25,916.7000122070312,923.5499877929688,912.4500122070312,921.0499877929688,918.616455078125,8149350,6.82551431034484,0.0036437572181053923,917.025,870.1819982910156,66.92594044106326,14.737733774842127,27.091881397996247,941.5705769455442,851.0244303786747,10.102242413586378,901.1798797054445,907.0521233838691,0.003650403771795707,14.33970631596654,0.014222395349944806,971501472,86.83798971909573,83.53949087560456,910.4808329264322,881.8558390299479,896.1683359781903,18620418.95864527,0.012108623800727775
2023-05-26,918.0,927.9000244140625,915.0,926.9500122070312,924.5008544921875,4908462,6.83189963984763,0.006385329502790249,918.6549987792969,871.682998046875,69.27006679372883,14.96625954078445,27.901874832276246,945.1843522113196,851.965653892196,10.374058704341039,903.6341780389289,909.2628153460961,0.006405759179477499,14.236871894401967,0.06137157480661781,976409934,95.09145872226837,88.08385470244286,912.5166676839192,883.8516713460285,898.184169514974,25513503.409880456,0.01405231417653867
2023-05-29,931.0,937.7000122070312,928.0499877929688,929.7999877929688,927.3433227539062,7133871,6.834969496127821,0.0030698562801907414,920.0549987792969,873.6319982910156,70.3627722337113,15.202096759807887,29.208814385454332,947.0217017024519,857.1083031803606,9.967507693873934,906.126159920266,912.5925446065486,0.0030745731144139476,13.987809616230397,0.11734189157816143,983543805,86.86613265577404,89.59852703237941,914.3766703287762,888.3866678873699,901.3816691080729,22058739.925445177,0.010365224934546186
2023-05-30,930.7999877929688,939.7000122070312,928.0499877929688,937.4500122070312,934.97314453125,7804403,6.843163436110488,0.008193939982667153,922.0200012207031,875.7239990234375,73.12521248206828,15.823884599653866,30.526078418475173,950.4552186905511,860.3547849715584,9.951395622597312,909.109383947577,916.3610994145229,0.008227602188101812,13.82082495893269,0.14100688479021514,991348208,95.56213124601977,92.50657420802075,917.5833363850912,891.643333943685,904.6133351643881,47155495.63327013,0.012516141563007553
2023-05-31,937.3499755859375,939.9000244140625,910.2000122070312,914.8499755859375,912.4328002929688,34757004,6.818760090724164,-0.024403345386323494,922.025,877.5399987792969,56.400184739065146,14.327859221216272,29.577604841747547,948.1807618075381,868.1292418545713,8.814741953913604,909.6561069607542,919.5694749087248,-0.0241079911747899,14.955052619511159,0.025430180560671735,956591204,45.42475925034507,75.95100771737965,921.4983388264975,893.868333943685,907.683336385091,-507954543.61524457,0.031685083459319204
2023-06-01,922.0,930.9500122070312,916.0499877929688,919.7000122070312,917.27001953125,11817533,6.824047543181492,0.005287452457327646,922.525,879.3229992675781,58.589128647767126,13.379376627015176,28.69687937764332,946.1068756349173,875.5781280271922,7.743242927942218,910.6126693651615,920.7214617605381,0.005301455703693225,15.036837191052772,-0.03542792348327003,968408737,34.73342733466776,58.57343927701089,924.6958384195965,896.540833536784,910.6183359781901,-131107869.32442564,0.016160547086835682
2023-06-02,922.6500244140625,930.5,920.25,926.0999755859375,923.653076171875,11616991,6.830982193813991,0.006934650632499206,922.7299987792969,881.0969982910157,61.34685977189568,12.994330344097875,27.879062875260825,942.8366660112238,884.9283364301825,6.336518042931248,912.0876509099973,921.3683042108108,0.006958750999195962,14.734205091189628,0.022481342054242848,980025728,55.41181458729799,45.1900003907703,926.8258382161459,899.8708333333334,913.3483357747397,5862921.540580444,0.011109304426138566
2023-06-05,927.5999755859375,953.9000244140625,927.5999755859375,950.8499755859375,948.337646484375,14520005,6.857356295722245,0.026374101908253955,926.0599975585938,883.362998046875,69.7394613127349,14.51893134358886,28.610019045426263,945.9305258493237,889.0744729299731,6.196828123865926,915.7793008791344,923.7891862819928,0.026724976409097545,15.66747964382787,0.051546329182959136,994545733,93.21457619615974,61.11993937270853,930.7891713460285,902.8141652425129,916.8016682942709,241534389.68019348,0.028352791634682867
2023-06-06,951.0999755859375,970.75,951.0999755859375,968.2000122070312,965.6419067382812,14457988,6.875438690113558,0.018082394391313095,931.2649963378906,885.6149987792969,74.00110038170601,16.932009904489973,30.011735053800628,954.4717827989085,888.5282172010915,7.1561112965618054,920.7717495770294,927.9003337192579,0.01824687076465681,15.969804270273201,0.06517764561760638,1009003721,95.87380534521905,81.50006537622562,935.1216715494793,906.2016642252605,920.6616678873697,247742544.07162046,0.020660314287104093
2023-06-07,972.9500122070312,981.25,968.0999755859375,976.75,974.1692504882812,15795824,6.88423073393518,0.008792043821621576,937.1699951171875,888.1569982910156,75.80911349671135,19.31169145102274,31.67901573682451,963.5586768324777,888.1263207261161,8.147428553540962,926.1030115220742,933.2405878393208,0.008830807359193171,15.768391423401008,0.05210070136709429,1024799545,93.77593255909564,94.28810470015817,939.4675048828125,910.7274963378907,925.0975006103515,172616916.2771287,0.01351562181928864
2023-06-08,973.0499877929688,974.8499755859375,959.9000244140625,962.0999755859375,959.5579833984375,10209982,6.869118369991413,-0.015112363943766915,941.2749938964844,890.422998046875,67.18742824592104,19.787375143041686,32.38606708802493,967.3986660044475,890.901327892037,8.233045080305986,929.5312938138707,935.9162395279052,-0.014998745240913713,15.845647435010758,0.005301042352154933,1014589563,73.04711090188586,87.56561626873355,943.1966684977212,914.061664835612,928.6291666666666,-42178684.95238287,0.015364011468500045
2023-06-09,967.0,981.7000122070312,963.2999877929688,974.75,972.1744995117188,12947464,6.882181027862707,0.013062657871294014,946.0549926757812,893.1199975585937,70.32568941133826,20.94368340038295,33.31226857228258,974.4179827206298,890.2920087344484,9.022955244695813,933.8378372601687,939.6736940455761,0.013148347089769308,16.11381809115954,-0.01298365324597438,1027537027,90.2797032069493,85.70091555597696,946.495004272461,917.4799957275391,931.9875,95130928.81600258,0.019027946653632367
2023-06-12,973.0,977.9000244140625,968.5999755859375,974.2000122070312,971.6260375976562,7465375,6.881616633902755,-0.0005643939599515591,950.4949951171875,895.9369982910156,70.01216691978297,21.56707479344334,34.172312807664696,980.336917341811,890.2130765546734,9.636079343637691,937.6818539217747,942.2981829652347,-0.0005642347196396225,15.627120286657073,-0.01543727021345865,1020071652,89.5104895104895,84.27910120644158,949.3800079345704,920.4699920654297,934.925,28973066.19204481,0.009558118014516958
2023-06-13,974.2999877929688,989.7000122070312,974.2999877929688,985.8499755859375,983.2451782226562,15233785,6.893504188447797,0.011887554545041645,955.3349914550781,899.0049975585938,72.78034203584815,22.739050031412603,35.417220668614284,988.0207751610027,889.3342175147785,10.513361408069862,942.2692940802665,946.7497768281047,0.011958492335176096,15.618040266181568,0.011781587356788711,1035305437,95.15718664013365,91.64912645252419,952.917508951823,923.5174906412761,938.2174997965494,127973046.97876915,0.0158062451062402
2023-06-14,986.0,988.2000122070312,976.0,977.7000122070312,975.1167602539062,8644423,6.8852028869970825,-0.008301301450714504,961.6199951171875,901.7069982910157,68.04796439121466,22.747990247100688,36.57320653949604,992.672466097339,890.9725290198486,10.7982063861416,945.6436481875774,949.6762988431888,-0.008266940792956201,15.37389540481369,-0.011900942859478063,1026661014,84.90566037735849,89.85777884266058,956.4275085449219,926.5724914550781,941.5,-4310138.261593543,0.012373237532486054
2023-06-15,988.3499755859375,989.0,972.2000122070312,977.1500244140625,974.5681762695312,15978311,6.884640196461055,-0.0005626905360278656,967.3649963378906,904.0799987792968,67.72791640900206,22.451884663404712,37.20314929790994,996.4153804150527,893.4746159228379,10.893836645697574,948.6442554472426,952.889341378034,-0.0005625322553972634,15.475759146824766,0.003912965463601729,1010682703,84.21385183274371,88.09223295007864,959.4483408610025,929.6033274332682,944.5258341471354,-7295296.755370048,0.016998015083684273
2023-06-16,982.7999877929688,985.4500122070312,977.2000122070312,981.5499877929688,978.9566040039062,8860900,6.889132942417558,0.004492745956503619,972.9099975585938,906.4189990234376,68.98468925009053,22.31502540539725,37.78809614500856,1000.7048023182748,894.9351940196158,11.15925054366768,951.7781347182641,955.0077051295594,0.004502853470780721,14.963204050120765,-0.01815356262693778,1019543603,89.7483969634434,86.28930305784856,962.0283416748047,933.1633270263671,947.595834350586,23559991.417643577,0.008394383498647235
2023-06-19,983.8499755859375,986.0,961.0,965.6500244140625,963.0985717773438,11025846,6.872801475001125,-0.016331467416433654,974.3900024414063,908.5219995117187,59.90584210363192,20.68512406014645,36.5825063469418,1001.7419257257399,898.7080742742602,10.843100471096811,953.099267070245,956.7180850113663,-0.016198832027554233,15.680118046540711,-0.02637573321036564,1008517757,69.74844302771227,81.23689727463317,965.160009765625,935.1299926757814,950.1450012207031,-109020367.94175878,0.02541037822876512
2023-06-20,965.9500122070312,977.0,958.5499877929688,974.8499755859375,972.2742919921875,7596593,6.88228358796455,0.009482112963425493,975.0549987792969,910.9799987792969,62.94464836448424,19.906307155952504,35.232495504115334,1003.2458626887953,903.0741324283922,10.509434986464091,955.1707631193586,964.6663513116504,0.009527210624219018,15.877967629432892,0.007378296576377476,1016114350,79.8370241704111,79.77795472052229,968.2333435058594,937.3683227539062,952.8008331298828,10252067.134485349,0.01910037990980104
2023-06-21,978.2999877929688,978.2999877929688,963.1500244140625,966.0,963.4476928710938,7805855,6.873163834212518,-0.009119753752032445,973.9799987792969,913.3529992675781,58.36222715507008,18.363289510130926,34.06725225892091,1003.1854581720654,907.964535724419,9.96477751633805,956.2021190127531,967.974531271193,-0.009078294924937724,15.825967325823845,-0.02401933356962573,1008308495,65.8747184429842,71.82006188036922,971.1033437093099,939.7883229573569,955.4458333333332,-42637061.74008366,0.015486009984610506
2023-06-22,962.2000122070312,973.4500122070312,958.7000122070312,966.5999755859375,964.0460205078125,10135883,6.873784734153315,0.0006208999407970595,974.4299987792969,915.6189990234375,58.582366497428204,16.992965594930865,32.53947849421387,1002.929350525198,912.7756421505834,9.41206592030555,957.1923910673421,970.9282068713037,0.0006210927390657428,15.749112516836428,-0.03955768670607217,1018444378,62.80189533214015,69.50454598184518,973.6475118001302,941.9674886067709,957.8075002034504,-10158165.685415259,0.015329453141626363
2023-06-23,960.0,965.5,954.5499877929688,958.4000244140625,955.8677978515625,6188008,6.865265252834956,-0.008519481318359112,972.7950012207032,917.7659997558594,54.35281257087448,15.071570803272039,30.717873470701466,1002.2163395662621,916.6336543302223,8.920205905439502,957.3074037670297,973.0187269814934,-0.008483293377805401,15.484889322274451,-0.06443923546666455,1012256370,18.912025653715947,49.196213142946796,975.3600107828777,943.8749888102215,959.6174997965494,-37213630.862586334,0.011406262715657553
2023-06-26,959.5,963.5,953.0999755859375,960.5499877929688,958.0120239257812,5799528,6.867506024366075,0.0022407715311194565,971.4299987792969,919.69,55.26478490671814,13.565955771050199,28.885014421154832,1001.5379607834581,920.3870331130264,8.44475491271981,957.6162212933095,973.4277965953609,0.00224328393587081,15.121684685973596,-0.035235201536123,1018055898,20.355204242439402,34.023041742765194,976.7575103759766,945.1974884033203,960.9774993896484,-4092028.410901176,0.01083900407927306
2023-06-27,967.0,976.0,960.7999877929688,973.25,970.6785278320312,6921886,6.880640986490565,0.01313496212449028,970.1700012207032,921.8640002441406,60.30924571890557,13.24485145438814,28.176646349281206,1002.1629141571855,923.3420785185958,8.18702999352457,959.1051525987086,973.0254832800246,0.01322160467276845,15.145136651763428,-0.036932871197801594,1024977784,55.05465642744578,31.440628774533735,978.682509358724,946.7674886067709,962.7249989827473,57241348.32681875,0.015718730307167788
2023-06-28,979.0,984.0,967.0,978.2000122070312,975.615478515625,10010996,6.885714160584332,0.005073174093766397,970.2200012207031,924.1610009765625,62.10297601822326,13.237208288853367,28.049739910462822,999.1140279291243,932.7259684087663,6.8730391384594025,960.9237106566441,973.8383674383068,0.005086064430548376,15.277626890923184,0.08576925933536969,1034988780,68.57926641151995,47.996375693801745,980.7850087483723,950.1399892171223,965.4624989827474,52116817.71196693,0.017364657814096015
2023-06-30,977.0999755859375,989.8499755859375,976.0,987.4500122070312,984.8410034179688,7096350,6.8951258749441715,0.009411714359839785,971.25,926.4420007324219,65.26226555361167,13.818260415128293,28.286030710921185,996.1662745214111,942.4487218164796,5.541848464641584,963.4500250900143,974.48143220346,0.009456143819841056,15.17565179770992,0.13890895752197802,1042085130,93.46948740433673,72.36780341443419,983.842505900065,953.3024912516275,968.5724985758465,61133097.570655644,0.014174573669016914
2023-07-03,990.0,990.0,978.0,982.0999755859375,979.505126953125,5562743,6.889693111304689,-0.0054327636394821965,971.3049987792969,928.7090002441406,62.04074411453055,13.68924408371663,28.51454826651452,990.7993509741755,953.4156453637152,3.8456349406702435,965.2262108515307,974.9248720351525,-0.005418032867442024,14.948819526444925,0.12623259492097863,1036522387,78.59073391005177,80.21316257530286,986.817505900065,956.1024912516275,971.4599985758463,537113.3477299437,0.012121212121212121
2023-07-04,982.0999755859375,984.8499755859375,969.0,970.7000122070312,968.13525390625,7396806,6.878017473293673,-0.011675638011015899,971.8099975585938,930.8390002441406,55.728188847243366,12.522761342740864,27.7207159390669,989.0832684963677,957.1167315036323,3.285020757654447,965.7475252663403,973.8504283526836,-0.011607742248547437,15.01318781640868,0.04391444282328263,1029125581,47.69654465157054,73.25225532198637,987.831669108073,958.1616617838542,972.9966654459635,-56036507.231339365,0.016138861602639932
2023-07-05,969.0,975.5,962.0999755859375,966.5,963.9462890625,8200047,6.8736812986483855,-0.004336174645287905,970.975,932.5230004882812,53.56573405992963,11.13109712354958,26.30220191503674,989.1192222935234,956.9107764857735,3.310169506940144,965.8191895266888,972.9536910288922,-0.004326787013715916,14.897961859098237,-0.026214216950433772,1020925534,36.31440527978563,54.200561280469344,987.7533355712891,958.7083282470703,973.2308319091796,-41639034.07593311,0.013828714565595975
2023-07-06,961.0,986.0999755859375,961.0,980.9500122070312,978.358154296875,10221727,6.888521502310929,0.014840203662543239,972.4700012207031,934.5750012207031,59.402517206184996,11.066619325900206,25.76488320684582,989.6253790835102,956.8246209164898,3.3703160283614144,967.26022025815,972.3111689100706,0.014950866225588388,15.626677125301041,-0.021325877010163155,1031147261,75.47430405081298,53.161751327389744,988.3833333333334,958.1433308919271,973.2633321126301,84589708.59264956,0.026118601025949532
2023-07-07,976.25,989.4500122070312,971.7999877929688,976.7000122070312,975.1134643554688,6236524,6.884179554951672,-0.00434194735925697,973.4800048828125,936.3560009765625,57.12799915922465,10.5509558738853,25.490852424197588,989.5915849525225,958.3184187095869,3.2109456991484575,968.1592480628053,971.9768160689575,-0.00433253473379136,15.771201931641146,0.0029123479926473437,1024910737,63.956696495029526,58.58180194187607,989.2033376057943,958.6933278401693,973.9483327229818,10526418.19754986,0.018079410411331626
2023-07-10,976.7000122070312,986.0,960.4000244140625,964.0499877929688,962.4840087890625,7138850,6.871143147823166,-0.013036407128505623,974.0450012207032,938.0090002441407,50.882846563059964,9.01758847675319,24.152990139319485,989.6327519220332,957.2072505193731,3.33109052228199,967.7678899418686,971.9675522396856,-0.012951801224490023,16.473257192662313,-0.044648385595936445,1017771887,29.674810195676265,56.36860358050628,989.4083353678386,958.1783304850262,973.7933329264322,-56695611.79303677,0.026210684208029956
2023-07-11,967.9000244140625,971.75,950.5999755859375,953.2000122070312,951.6516723632812,10616390,6.859824758030956,-0.011318389792210226,973.3100036621094,939.8730004882813,46.21614685341928,6.847942594916844,22.73239458558183,990.8115627874014,953.9284396540048,3.793116106738575,966.3804730147413,970.7888811939758,-0.011254577795054677,16.807311994190897,-0.09780178376981194,1007155497,6.599073629420786,33.41019344004222,989.2483337402343,956.8333312988282,973.0408325195312,-95690252.13820626,0.021851455605516785
2023-07-12,956.7000122070312,957.5499877929688,947.0,950.0,948.456787109375,10141257,6.856461984594587,-0.0033627734363692596,970.9850036621094,941.46,44.90796128506497,4.814766726878247,21.681677345161024,990.3507276378324,950.8042772449802,4.074527824246535,964.8204279657183,969.1531992760988,-0.003357125646297421,16.360360265532172,-0.17058812039060411,997014240,6.976744186046512,14.416876003714549,987.4174987792969,955.4875,971.4524993896484,-53531514.842496164,0.011027477431123643
2023-07-13,956.2999877929688,966.0,952.1500244140625,960.1500244140625,958.59033203125,13079930,6.867089547683464,0.010627563088877245,969.1800048828125,943.4660009765626,49.76510805517408,3.9766420914811533,20.256417292813815,989.6875202683384,949.7124858351772,4.122412530406846,964.3756276274654,968.3006770115944,0.010684236225328991,16.33462024656559,-0.11932847931736287,1010094170,30.581452125726745,14.719089980398044,986.4399973551433,954.3450022379559,970.3924997965494,70663900.94198695,0.014482877509913665
2023-07-14,964.4500122070312,967.0,947.75,957.0499877929688,955.495361328125,5383514,6.863855623937266,-0.0032339237461975756,966.1400024414063,945.2880004882812,48.36265937666116,3.0273775088865023,19.036172669828662,989.1000188220476,948.2899836193587,4.212887973124871,963.6779476432276,968.2581486762926,-0.0032287002471156345,16.54286165752519,-0.08839840408807591,1004710656,23.372064634811046,20.310086982194797,985.4533304850262,953.1133341471356,969.2833323160806,12428573.280548386,0.01995956219228887
2023-07-17,960.0,968.9000244140625,950.4500122070312,964.8499755859375,963.28271484375,8472444,6.871972623538885,0.008116999601618602,964.4150024414063,947.2790002441407,52.026019099512226,2.8713729161629544,17.741596515463414,987.4427110383236,948.2772901823795,4.046599800719697,963.7895693520571,968.2177788196992,0.008150031756393616,16.679086696775624,-0.06273547259027272,1013183100,41.51157113008721,31.821695963541696,984.9633310953775,951.6033335367838,968.2833323160806,48199497.61125702,0.01921876271565755
2023-07-18,964.0,979.9500122070312,951.2999877929688,963.6500244140625,962.0846557617188,14457717,6.8707281834800495,-0.0012444400588353943,963.7100036621093,948.9830004882813,51.421631032548795,2.6207022965728584,17.27907194315258,987.407151260327,948.112849960376,4.060335338841108,963.7762793579625,967.7383604525949,-0.0012436660644016273,17.53415367658183,-0.03218729958837342,998725383,38.720987009447676,34.534874258115345,984.8499989827473,951.1249989827472,967.9874989827474,4500796.2325609345,0.02971994233823911
2023-07-19,964.0,969.9000244140625,956.5,964.2999877929688,962.7335815429688,7574544,6.871402436857383,0.0006742533773334003,963.4900024414062,950.5040002441406,51.74860647970975,2.4462913137688247,16.84958484029252,986.6551244973598,947.8098779440465,4.016122959504391,963.8261563517726,966.7652443742285,0.0006744807372380812,17.23885872925902,-0.059397136494403174,1006299927,40.23252975109012,40.15502929687503,984.2691670735678,951.0491658528647,967.659166463216,4782382.88546302,0.013900440263550312
2023-07-20,963.9000244140625,979.9000244140625,957.5999755859375,977.9000244140625,976.3115234375,15329753,6.885407440284036,0.014005003426652785,963.1850036621094,952.2640002441407,58.10321479763216,3.3666697749210925,17.163332130106415,987.7843956740899,947.8706092087227,4.1240599553827595,965.1665247386574,966.3939602251386,0.014103532918444461,17.60037230774945,0.04230463792202619,1021629680,71.86052189316861,50.27134621790216,984.7591715494791,950.8241617838542,967.7916666666667,140584262.42336884,0.023135230068783118
2023-07-21,971.5999755859375,985.0,968.0,971.2999877929688,969.72216796875,6230317,6.87863536784056,-0.006772072443475885,962.6450012207031,953.7709997558594,54.36157554867775,3.522898755908386,17.78182652327897,988.0666764368407,948.058329666675,4.132826820999861,965.7506640771633,966.0701540706581,-0.006749193635666728,17.55748857148163,0.01691943784542886,1015399363,57.24377103699348,56.445607560417436,985.297504679362,951.1374949137369,968.2174997965496,19447873.900440983,0.017496912749249405
2023-07-24,973.4500122070312,984.9500122070312,968.7999877929688,971.5,969.921875,9167788,6.878841268817495,0.00020590097693506948,963.3900024414063,954.9879992675782,54.45728954827319,3.6211087745545,18.356142745510628,988.2659400701054,949.169063592004,4.035941995907074,966.2982198793381,966.2039009324326,0.00020592217599602058,17.456955417380264,-0.007739152444848477,1024567151,57.71494217837214,62.27307836951144,986.3375050862629,951.6574940999348,968.9974995930991,7705070.974463401,0.016590502040722918
2023-07-25,977.6500244140625,977.6500244140625,953.7999877929688,962.5,960.9364624023438,13448045,6.869534066161939,-0.009307202655556068,964.3200012207031,955.9219995117187,49.43344293394828,2.938839031048701,17.401718804143535,988.2184356634233,949.4115692193892,4.005601311523984,965.9364846527345,965.9428205456712,-0.009264024704065843,17.91360407478837,-0.041058903006197765,1011119106,36.51353484754156,50.490749354302416,987.2900065104166,951.2649943033854,969.2775004069011,-78119913.0085122,0.024395270317093126
2023-07-26,966.8499755859375,980.0,963.2999877929688,976.7999877929688,975.2132568359375,8298226,6.884281910299534,0.014747844137595223,967.0,957.1019995117188,56.327381679054064,3.5115459330852445,16.69984510150139,988.6186413957261,949.3663622663834,4.050834145276636,966.9711039994235,965.6376958051652,0.014857130174513067,17.884060926589203,-0.03694451529555602,1019417332,70.20018662805661,54.809554551323465,987.5325063069661,951.3574940999348,969.4450002034506,53069715.99935986,0.017272599295366984
2023-07-27,989.3499755859375,990.0,955.75,959.9000244140625,958.3407592773438,17858061,6.866829137803456,-0.01745277249607824,966.975,958.0040002441406,47.998830293065325,2.5720850775818462,16.779079104717763,987.6073626132224,948.5476422695901,4.034772034793406,966.2976678484367,965.411461294538,-0.017301355026724474,19.053056574689975,-0.12250739401221909,1001559271,30.000056776889537,45.57125941749593,988.0025065104168,950.1024943033856,969.052500406901,-183510479.27906266,0.03461868989253839
2023-07-28,959.9000244140625,969.75,942.2000122070312,949.9500122070312,948.4069213867188,8504392,6.856409364480732,-0.010419773322723813,966.2650024414063,958.7090002441406,43.884634769335214,1.0129955694035289,15.68215460365374,985.1237944651112,947.2812104177013,3.9166307220058973,964.740748263541,964.5286085930853,-0.010365675543247188,19.659980233138462,-0.16484262411869938,993054879,16.213393261870255,38.80454555560549,987.1641743977865,947.8941609700521,967.5291676839191,-117582695.90194017,0.028700892897451147
2023-07-31,954.7000122070312,958.5999755859375,948.2999877929688,953.9000244140625,952.3505249023438,6601991,6.860558869745105,0.00414950526437341,965.1700073242188,959.3060009765625,45.868287072843266,0.09504327530146384,14.663581852665716,982.9525484409045,946.6324613247206,3.7645490540575346,963.7082983731145,964.4710122216326,0.004158126381675675,18.991409344554913,-0.15192936832900836,999656870,24.477019236294222,23.56348975835137,985.5908406575521,946.4908284505209,966.0408345540366,-21808935.27350643,0.01078871651960883
2023-08-01,956.0,964.0,952.0,959.9000244140625,958.3407592773438,8409096,6.866829137803456,0.006270268058350403,964.7950073242188,960.1530017089843,48.827381946450885,-0.14660075312940535,14.143105582636071,982.3198331632651,946.1851778230631,3.7474266475170896,963.3456056151095,965.0471658732478,0.006289967340849412,18.492022962800995,-0.10777325563730399,1008065966,37.029323697097,25.906578731753857,984.5875091552734,945.8724945068359,965.2300018310547,26366738.90883119,0.012552301255230125
2023-08-02,951.5,958.9000244140625,936.5999755859375,945.25,943.7145385742188,9324465,6.851449442771043,-0.01537969503241321,962.8900085449219,960.7350012207031,42.690964848514604,-1.5029152499947713,13.806205559246369,983.017297311027,943.3627136753012,4.117005306281421,961.6222146041467,964.3594868946105,-0.015262031504796658,18.835453381752707,-0.10347074996536361,998741501,16.198540186031412,25.901627706474244,983.9766774495441,944.3716603597004,964.1741689046224,-82280180.29577047,0.02343673024500788
2023-08-03,944.0999755859375,946.5999755859375,927.1500244140625,935.5499877929688,934.0302734375,17076611,6.841134578592268,-0.010314864178774918,958.6550048828125,961.0920007324219,39.17994065368076,-3.3222177213191344,14.099706950174845,982.4193165093867,939.4206920355351,4.474735074997946,959.1391453840346,961.4494386557483,-0.010261848407332685,18.879346081047157,-0.14106388187772367,981664890,13.36510205548229,22.197655312870268,981.7150095621744,942.6749949137369,962.1950022379558,-137855616.86840624,0.020601579996656353
2023-08-04,947.0,954.8499755859375,934.6500244140625,952.25,950.7031860351562,12376086,6.858827605358713,0.017693026766445463,956.7500061035156,961.7160009765626,47.227026081097925,-3.377542413433275,13.6901924583117,980.227346828229,939.1676604959898,4.278398784571129,958.4830362998408,960.3158686401717,0.017850475575792446,18.973675016106288,-0.07981978158817993,994040976,39.93633307242453,23.166658437979446,980.2391723632812,940.9441650390625,960.5916687011719,91835319.22737695,0.021330465862592397
2023-08-07,952.25,955.0,944.5499877929688,947.4000244140625,945.861083984375,10922609,6.853721416259192,-0.00510618909952143,954.3400085449218,962.1250012207031,45.35038923809211,-3.769290097432986,13.297673055821196,979.9637974768211,937.766213509507,4.40078464909782,957.427511358338,959.0518510433706,-0.00509317467675241,18.364841958315214,-0.0777546048446792,983118367,32.219582921414656,28.507006016440528,978.4233408610025,940.6433298746745,959.5333353678386,-4704484.914035149,0.0109740217453728
2023-08-08,950.0,959.9000244140625,944.0499877929688,952.9000244140625,951.3521728515625,11512735,6.859509991974945,0.005788575715753197,953.3800109863281,962.587001953125,47.87971208131463,-3.5945136094278496,12.52548956516766,979.9653060850762,937.734706121955,4.404296782010145,956.9963221255498,958.3287658887613,0.00580536189388603,18.18521300565654,-0.03377237310464566,994631102,40.97058075192234,37.70883224858721,977.8466756184895,940.5966634114582,959.221669514974,40645200.02865495,0.016684249074835525
2023-08-09,952.0,953.2999877929688,944.2999877929688,950.0,948.456787109375,7701831,6.856461984594587,-0.003048007380358264,950.7000122070312,962.8380017089844,46.65361146873382,-3.647958324398246,11.808462038132236,979.9653060850762,937.734706121955,4.404296782010145,956.3300057326403,956.451163902473,-0.003043366921777313,17.529126362395356,-0.003804189838399047,986929271,36.35637941448957,36.51551436260889,977.6533426920572,940.5583292643229,959.1058359781903,-1341931.9457706157,0.009453781512605041
2023-08-10,948.0,951.9500122070312,937.2999877929688,939.75,938.2235107421875,13590891,6.845613882444288,-0.010848102150299077,948.685009765625,963.3360021972657,42.51005605194373,-4.465922607359062,11.702505444866977,980.5085921505342,935.1514176150908,4.735409655598824,954.750957567627,954.5329570251884,-0.010789473684210571,17.323476223228724,-0.05597908724505321,973338380,20.04770163945252,32.45822060195484,976.8716776529948,939.6966593424479,958.2841684977215,-93318399.1485902,0.01545361225112078
2023-08-11,937.5,945.7000122070312,933.0,937.2000122070312,935.6776123046875,9558237,6.842896719658642,-0.0027171627856459324,947.410009765625,963.6860021972657,41.52203670070846,-5.259301939518309,11.927515869254654,981.2378286296732,932.4371835773579,5.100201940352848,953.0794389618559,952.3395906022129,-0.0027134746400305776,16.993228793500332,-0.06901305086191471,963780143,15.990440249617862,24.131507101186685,975.6125122070313,939.0924926757813,957.3525024414063,-47355058.16439824,0.0135466796875
2023-08-14,935.0,943.2999877929688,928.9000244140625,939.9500122070312,938.4231567382812,7172522,6.845826695346864,0.002929975688222619,946.0150085449219,963.9630029296875,43.05905045545154,-5.601587149164288,12.436222594903503,980.7594150587527,930.425600810388,5.267288496972083,951.8290173661583,950.5074158853016,0.0029342722622505146,16.807995549600754,-0.07369508887954694,970952665,20.365939164871705,18.801360351314063,974.2091766357422,938.0941619873047,956.1516693115234,-2635395.721466081,0.015401030351771391
2023-08-16,935.9500122070312,940.0,931.2999877929688,933.0499877929688,931.5343017578125,7394623,6.838458776896547,-0.007367918450317035,943.3300048828125,963.6070031738282,40.20373231033129,-6.356352868964109,12.908593125863153,980.758159687733,927.3668525192982,5.596206414870047,950.0405383591878,948.4401435533191,-0.007340841879304838,16.22885388227436,-0.08785987006744232,963558042,9.387375768887887,15.247918394459184,971.7025085449219,937.5824951171875,954.6425018310547,-34893851.39568075,0.009295381263488691
2023-08-17,935.9500122070312,943.0,931.6500244140625,936.5499877929688,935.0286254882812,9336994,6.84220289770786,0.0037441208113131452,942.4600036621093,962.9740026855469,42.294052119619025,-6.596054183690853,13.00582881409983,979.9758073469886,925.3742048600427,5.731398655063805,948.7557240195479,945.1041315731937,0.0037511387876214553,15.880362575393155,-0.09912617270747964,972895036,22.065654380349535,17.27298977136974,970.2750061035156,936.3599975585937,953.3175018310546,10155035.534773082,0.012126689927780989
2023-08-18,934.8499755859375,945.9500122070312,931.0499877929688,943.0499877929688,941.5181274414062,6648744,6.849119290552976,0.006916392845115915,943.2100036621093,962.3000024414063,46.06490916923892,-6.190167131881935,12.7632561707408,975.9216295823411,925.9433789625808,5.255709568787704,948.2123205693975,944.3107154887927,0.006940366328248571,15.810338421012393,-0.14576127997724517,979543780,43.14782608695652,24.866952078731344,968.3158376057943,935.1408315022787,951.7283345540363,32196235.84492436,0.015938412369025934
2023-08-21,944.2000122070312,954.25,943.9500122070312,952.5999755859375,951.0525512695312,6822155,6.859195062737888,0.010075772184912068,943.2450012207031,962.1100024414062,51.11890162238883,-5.039798852742138,12.026218574966762,973.2041556031387,926.79085172108,4.885623773024856,948.6301924757346,944.1605833742145,0.01012670369183577,15.481029405728025,-0.10345567320530659,986365935,69.06368530020704,44.75905525583773,966.7558369954428,934.2508321126303,950.5033345540363,54166409.9294686,0.010908692713202708
2023-08-22,953.8499755859375,959.0999755859375,948.6500244140625,957.0499877929688,955.495361328125,10860061,6.863855623937266,0.004660561199377966,944.2099975585937,961.7560021972656,53.31418789475623,-3.72609283003203,11.792860319012535,970.5807934035672,927.9692126999485,4.488855238643151,949.4320777440425,944.1270111509126,0.004671438506277603,15.121666674738522,-0.04015438644367617,997225996,91.29759810353053,67.83636983023139,965.4633331298828,933.5283355712891,949.4958343505859,50273739.32255887,0.010955550075320527
2023-08-23,962.0,980.4500122070312,958.4000244140625,979.25,977.6593017578125,12677151,6.8867869725459405,0.022931348608674185,946.8449951171875,961.857001953125,62.389069671223844,-0.8834322335580964,13.106427919355493,974.522563622524,925.7024424809916,5.1383516146479815,952.2718798636574,946.4674864596403,0.02319629328685968,15.712977941833092,0.033388345808054956,1009903147,97.74856945241261,86.03661761871676,965.7758310953775,934.0208384195963,949.898334757487,204379851.07443857,0.02292098523177625
2023-08-24,984.7999877929688,994.25,979.0999755859375,981.3499755859375,979.755859375,11899556,6.88892914985405,0.0021421773081096163,949.9799926757812,961.767001953125,63.119367706225376,1.5213105281819708,15.02674838487832,975.8028303063855,924.8771745764269,5.3586774837565025,955.0412223133984,951.0075312857098,0.002144473409178005,15.672766975563764,-0.03256762369934226,1021802703,80.26009298641816,89.76875351412048,966.2749979654949,934.6750040690106,950.4750010172526,84785801.7471436,0.015383859262645969
2023-08-25,974.0,988.2000122070312,970.7999877929688,983.0999755859375,981.5029907226562,6228241,6.890710819539126,0.0017816696850756486,954.314990234375,961.8750012207031,63.75103751957873,3.5276325149792456,15.975921887311808,980.4713235734984,922.5286764265016,6.089610840462082,957.7134845298307,952.7565051725558,0.0017832578015350986,15.796142506885102,0.048250877300439955,1028030944,82.93798228065161,86.98221490649416,966.0399983723958,936.1250020345051,951.0825002034505,35528215.082381204,0.01786450145180955
2023-08-28,980.0999755859375,992.5,980.0999755859375,990.2000122070312,988.591552734375,8451441,6.897906955255166,0.007196135716040608,959.614990234375,962.1360009765625,66.27482726329251,5.625720952870665,17.084966992003142,987.0116740365871,920.013325963413,7.026478213256161,960.807439546707,955.3416198938487,0.007222090120449831,15.553562643112059,0.0947056002658461,1036482385,93.80261774139016,85.66689766948669,966.9641662597656,938.5641662597657,952.7641662597656,51846432.09480253,0.012651795452447939
2023-08-29,990.2000122070312,991.0,977.5,980.7000122070312,979.1069946289062,8114141,6.888266614845538,-0.009640340409628578,963.689990234375,962.1190014648438,60.23209617407088,6.447576897624685,17.85049077002129,990.3885992972594,919.3163994820375,7.443264782848867,962.7019702762617,957.3990380012526,-0.009594021291542632,15.406879597175484,0.0692690130957918,1028368244,79.2655044298371,85.33536815062632,968.5975006103515,939.8774993896484,954.2375,-34107415.635065824,0.013633609203771062
2023-08-30,983.0,998.0,980.0,983.3499755859375,981.7526245117188,9023083,6.890965084847223,0.002698470001685216,968.7199890136719,962.4730004882813,61.29228482399945,7.229397558098526,18.95033049915811,993.6367121800855,918.413281716399,7.868353934657531,964.6684469724213,959.9917584941569,0.0027021141489971257,15.592102483091521,0.026715412393276558,1037391327,78.79879943540253,83.9556405355433,970.321666463216,941.0016652425129,955.6616658528646,4571421.1315324195,0.018311291963377416
2023-08-31,981.7999877929688,994.7000122070312,968.5999755859375,973.5,971.918701171875,21558300,6.880897824812254,-0.010067260034968939,972.414990234375,962.4460009765625,55.38211508917269,6.973795777447776,18.859580334996426,995.4442796608862,919.4307142355981,7.939271823756168,965.5095472607621,964.7011771105454,-0.010016754797871785,16.34266920723454,-0.02928399554626672,1015833027,64.54412640199835,74.20281008907936,972.1124989827474,942.4124989827475,957.2624989827475,-140042012.0723668,0.026583863256878996
2023-09-01,974.25,993.0,969.0,991.1500244140625,989.5400390625,10946742,6.898865909768276,0.017968084956021535,977.2249938964844,962.9490014648437,62.381915541350295,8.102043671479123,18.775312325417723,999.525210257654,920.9097873009398,8.187251644201048,967.9514974658384,968.089242505268,0.01813048219215463,16.889621406717787,0.02696113304531997,1026779769,90.08686250920827,77.80992944886975,974.7375020345053,944.5824971516928,959.6599995930989,82126171.67883997,0.024634334103156273
2023-09-04,993.75,994.5499877929688,980.0,982.25,980.6544189453125,6727188,6.889845858438569,-0.009020051329706291,980.1899963378906,963.262001953125,57.48459295458147,8.183694134667121,18.803434800634278,1001.9727617434635,921.4622358151303,8.371535927184938,969.3132596119491,970.5622894613455,-0.008979492705278314,16.722504720021426,-0.04245143745134844,1020052581,76.4749856186794,77.03532484329537,976.3725036621094,946.7824951171875,961.5774993896484,-12539367.732378863,0.014641497150157232
2023-09-05,985.4500122070312,986.2000122070312,977.9000244140625,981.4500122070312,979.855712890625,10548660,6.889031082421609,-0.000814776016960117,982.6299987792969,963.7230017089844,57.05104171737502,8.090587133626968,18.61065243835742,1003.9880716063481,922.8519247315426,8.421679748086094,970.4691408114808,973.3056790774111,-0.0008144441771125166,16.12089636808909,-0.025051958723305408,1009503921,75.28008248633205,80.6139768714066,977.9083363850912,948.5333302815756,963.2208333333332,-9805655.398911444,0.00842253558288558
2023-09-06,981.4500122070312,983.1500244140625,961.7999877929688,965.0499877929688,963.4823608398438,16351052,6.872179900819099,-0.016851181602509868,981.2099975585937,963.8130017089844,48.90754942456186,6.617175574041994,17.58345284335609,1004.3101200110777,923.7448726647035,8.357152431068855,969.953031000194,975.2416645048378,-0.016709994610100476,16.494406386160854,-0.08752633807160928,993152869,50.78415802951749,67.51307537817635,979.0691691080731,949.1441630045574,964.106666056315,-182040319.79670745,0.021753564986038313
2023-09-07,965.0499877929688,979.7999877929688,963.0999755859375,978.2000122070312,976.6110229492188,8686550,6.885714160584332,0.01353425976523237,980.8950012207031,963.912001953125,54.5140414654792,6.43638868632604,16.62962464799771,1005.6314675610238,925.2435263354605,8.326581625394745,970.7384577817975,976.724664004762,0.013626262453135807,16.509092516223024,-0.06257803669995758,1001839419,63.36726685524897,63.143835790366204,980.6791697184244,949.9841623942057,965.331666056315,15472123.11708057,0.01730481572796402
2023-09-08,978.2000122070312,987.2999877929688,972.5,980.2999877929688,978.7075805664062,6439351,6.887858634815338,0.002144474231005944,980.6150024414062,963.9540014648437,55.35653150565332,6.388916798973014,15.783216233827346,1006.3407147936283,928.5892778821529,8.036614989253875,971.6490796876234,978.0835230441961,0.0021467752604087398,16.387013607419146,-0.016807280975411804,1008278770,64.13369612268876,59.428373669151775,982.5383341471354,951.828330485026,967.1833323160806,14172360.965215007,0.015129817632670817
2023-09-11,981.7999877929688,1004.0,979.0,1000.4000244140625,998.7749633789062,7130484,6.908155223407764,0.020296588592426446,981.6350036621094,964.2130017089844,62.51350690182188,7.8823372809464445,16.165024973950615,1009.4209816890308,931.8290122074535,7.994021349701012,974.3872648996653,980.6268811322904,0.020503964981522182,17.00222692117492,0.026050882352414866,1015409254,92.1053124707205,73.20209181621944,985.9450002034504,954.0049977620441,969.9749989827475,100272780.00582036,0.025463434824641418
2023-09-12,1010.0,1010.0,998.0499877929688,1000.9000244140625,999.274169921875,8958327,6.908654898617082,0.0004996752093182621,983.6550048828125,964.5890026855469,62.673810433923904,9.002454897524444,16.8705001270711,1011.9230388876215,935.4219562295659,7.8569624642655445,976.9122896153223,982.7590228903886,0.0004998000677707282,16.64135444159323,-0.017927487184189485,1024367581,81.12038738320065,79.11979865887001,989.1025024414063,957.4074951171875,973.2549987792969,36410369.001940124,0.011831695254486387
2023-09-13,1002.9500122070312,1017.0,993.7000122070312,1014.4500122070312,1012.8021850585938,12254423,6.922101884722211,0.013446986105128289,986.7650085449219,965.4640026855469,66.81532700534709,10.85835855328503,17.909029910363916,1015.1506229298957,940.334374628698,7.651937846069402,980.4873108145326,984.7993203796055,0.013537803439360507,17.116971109548622,0.052586648055990344,1036622004,95.38045791836991,89.53538592409706,993.5125020345052,960.3574971516928,976.9349995930991,122834977.70723037,0.023231454717963663
2023-09-14,1014.4500122070312,1022.4000244140625,1009.0499877929688,1020.9000244140625,1019.2416381835938,7855558,6.928439894089224,0.006338009367013342,991.5050109863281,966.5520031738281,68.60125658318529,12.703203034532635,19.15201112848929,1018.8567250882527,945.0632761324505,7.514913938442993,984.3361406811545,986.7708707160125,0.00635813704905841,16.847904360373274,0.09014475836524538,1044477562,97.52475397105968,91.34186642421012,997.6316721598307,964.2766611735026,980.9541666666668,74723955.89777145,0.013159876248657627
2023-09-15,1021.0,1031.75,1014.5499877929688,1027.1500244140625,1025.4815673828125,8986157,6.9345432795072615,0.006103385418037455,995.1050109863281,967.4760034179687,70.27085990180841,14.502403661897233,20.749232561092203,1023.5316981260353,948.7983067567773,7.578183284160741,988.413653417622,989.0823542560662,0.006122049025894638,16.873054920848844,0.08968747683081525,1053463719,93.4239102456152,95.44304071168165,1001.9700052897135,968.3849955240885,985.1775004069011,62350306.13259048,0.016846241143027667
2023-09-18,1021.5499877929688,1029.9000244140625,1019.0,1024.75,1023.08544921875,6397319,6.932203959384447,-0.00233932012281457,999.3550109863281,968.4370031738281,68.7588659218464,15.555309286637794,22.232366748509197,1027.4109399728254,952.1340673513931,7.6054722012292295,991.8742578540389,991.0258463810234,-0.0023365860458715026,16.44640988464982,0.06846668910599917,1047066400,89.99285378352461,93.6471726667332,1005.7141743977863,972.0691609700519,988.8916676839193,10547620.854499564,0.010670084229173855
2023-09-20,1012.2999877929688,1047.5,1012.2999877929688,1027.300048828125,1025.63134765625,13619788,6.934689327752758,0.002485368368311036,1003.9400146484375,969.7020043945313,69.50954821775909,16.40638956254827,24.33264356428429,1031.163917699238,955.4060957284964,7.626997433634365,995.2481427087138,994.8011255611285,0.002488459456574832,17.785952907677064,0.025085130170508084,1060686188,76.42946523382444,86.61540975432145,1010.6566782633465,974.5366587320965,992.5966684977213,26669956.57064048,0.03477231317939145
2023-09-21,1026.5999755859375,1033.5999755859375,1012.0999755859375,1014.4500122070312,1012.8021850585938,8156588,6.922101884722211,-0.012587443030547263,1008.8800170898437,970.9270043945312,61.49123281448024,15.861148799683747,26.260005565463977,1033.4196955660452,956.6703190823924,7.713156281246008,997.076892184744,998.9198295052857,-0.012508552526355077,18.05124198570013,-0.06343976474522361,1052529600,61.435258943572045,75.95252598697374,1012.9966776529949,976.9316569010418,994.9641672770182,-60984984.14523572,0.02094291886937632
2023-09-22,1010.0,1027.25,1008.0,1018.25,1016.595947265625,7108110,6.925840746528522,0.003738861806311,1012.8850158691406,972.2920043945312,62.85579174086932,15.556344962694084,27.567834397748214,1035.99479262301,957.7852244668338,7.845355805133628,999.0933786433399,1001.191671795632,0.0037458600692423794,18.136867558150122,-0.019404571481987622,1059637710,65.86931641346932,67.91134686362197,1014.8483439127604,978.3733256022135,996.610834757487,-2321173.894359175,0.01905940594059406
2023-09-25,1015.2000122070312,1026.0,1005.1500244140625,1018.9500122070312,1017.2948608398438,7123890,6.92652797628543,0.0006872297569087138,1016.7500183105469,973.4680041503906,63.11508401293558,15.19609968284783,28.4487400582641,1038.376686737869,958.988334014084,7.949308403718565,1000.9844866017867,1002.8532523020795,0.0006874659533819827,18.330660988706363,-0.0207083571353438,1066761600,66.68613334149984,64.66356956618044,1016.8208424886068,980.0008290608724,998.4108357747397,2550815.3429121757,0.02053780076362483
2023-09-26,1019.0,1020.7000122070312,1011.0,1014.1500244140625,1012.5026245117188,6387615,6.92180612627822,-0.004721850007210371,1018.1250183105469,974.6100048828125,60.02107591117133,14.357776295690428,29.266723885885995,1039.9218622081223,959.8381597645339,8.009331276118836,1002.2383473458129,1005.2521533996177,-0.004710719599062663,17.714186075729568,-0.06020406755665705,1060373985,61.08521489428527,64.54688821641817,1018.0700093587238,981.5199971516926,999.7950032552084,-19590044.23648533,0.009519148387665604
2023-09-27,1009.9500122070312,1027.949951171875,1004.0,1025.199951171875,1023.53466796875,5158686,6.932642946862013,0.010836820583793205,1020.5550109863282,975.8170043945313,64.3533057820761,14.418824479644059,30.399732012393752,1042.579602523704,961.6304133454366,8.077914842987454,1004.4251667578188,1010.9196858144036,0.01089575160656997,18.159597868311383,-0.017634120787099652,1065532671,73.57814884185102,67.11649902587875,1020.3916717529297,982.796664428711,1001.5941680908203,31472053.565540045,0.02371399661606763
2023-09-28,1027.0,1037.949951171875,1025.199951171875,1030.9000244140625,1029.2254638671875,15818489,6.938187509784619,0.005544562922605856,1022.2000122070312,977.1620043945312,66.37734144614015,14.757043862692171,31.900327274395767,1045.8475086577405,963.1175120942125,8.23608133630542,1006.9465817726991,1016.2451785571127,0.005559962459686041,17.773198020574856,0.0033105851319892195,1081351160,77.86669921875,70.84335431829547,1022.3408376057944,985.2708302815756,1003.8058339436848,70601715.10900488,0.012414800389483933
2023-09-29,1030.9000244140625,1041.0,1024.5,1036.699951171875,1035.015869140625,9528626,6.943797823229494,0.005610313444875281,1023.7800048828125,978.6100036621094,68.346784769782,15.316531338778304,33.41947460332025,1048.7123296168836,966.5726862522571,8.151665170715498,1009.7802360011921,1019.4825004602402,0.005626080726022886,17.68225530481951,0.10139501213932309,1090879786,84.23350536040147,78.5594511403342,1024.6175018310546,988.5074981689453,1006.5625,60377460.304726884,0.016005431767622844
2023-10-03,1035.0,1044.699951171875,1032.5999755859375,1041.050048828125,1039.3590087890625,11589322,6.947985145103969,0.00418732187447457,1025.1700073242187,979.8730041503907,69.77671322853386,15.927345199016486,34.9812695034087,1052.9235171932737,967.3515011172731,8.471323488181342,1012.7583134132809,1022.6605322737541,0.004196100956050719,17.283521039185082,0.07582122209276942,1102469108,88.01124045474606,83.37048167796588,1026.7758331298828,991.8558319091796,1009.3158325195312,53735608.414726675,0.011690797667572464
2023-10-04,1035.3499755859375,1037.0,988.8499755859375,995.5499877929688,993.9328002929688,22584212,6.903295335998449,-0.04468980910552034,1022.2500061035156,980.3580041503906,46.24480710759952,12.594760360797181,32.58496910811086,1052.2258124884384,969.3792046014056,8.19612210957932,1011.1194252589655,1021.4372975757209,-0.04370593045586435,19.777560482256686,0.01176617717356853,1079884896,11.423715972784471,61.22282059597737,1029.5325012207031,991.2524963378906,1010.3924987792968,-667143480.1490299,0.04650603713668208
2023-10-05,1000.0,1009.2000122070312,988.9000244140625,1003.25,1001.6203002929688,7950412,6.911000009147026,0.007704673148577257,1019.8450012207031,980.9930041503907,49.357429637024524,10.454476799097392,30.359833026762868,1051.2654933907208,972.5195224784197,7.782049011612298,1010.3699561866831,1021.3874738540549,0.007734430517247537,19.81487671873612,0.036227953518564004,1087835308,24.552461073843663,41.32913916712477,1031.0625010172525,991.58249613444,1011.3224985758465,-181568980.4157248,0.02029998779296875
2023-10-06,1005.0,1008.0,999.4000244140625,1000.9500122070312,999.3240356445312,5289753,6.90870484021317,-0.002295168933855507,1018.4950012207031,981.7620043945312,48.45489783276876,8.475002312296851,28.293635236939732,1047.1904518634462,980.1845664471007,6.610112565378549,1009.4728186648116,1020.8901945695429,-0.002292537047564158,19.013812352107646,0.08109246720493085,1082545555,20.63091489215566,18.869030646261304,1032.064165242513,993.8591664632161,1012.9616658528646,-68633905.02378815,0.008557189637748756
2023-10-09,994.7999877929688,999.7000122070312,988.25,996.25,994.6316528320312,6823214,6.903998230104425,-0.0047066101087454015,1016.2950012207032,982.1510046386719,46.580456473846674,6.452621016239391,27.108317523611813,1045.0552347330135,984.1247823568301,6.005426020661004,1008.2135026014962,1019.3118760505029,-0.004695551375905382,18.562826627459334,0.05862767901354454,1075722341,13.50210970464135,19.56182855688026,1032.8533325195312,995.1733337402344,1014.0133331298828,-44257427.73538707,0.011509863638452468
2023-10-10,999.9000244140625,1014.9500122070312,996.5,1012.25,1010.6056518554688,5728499,6.919930854912271,0.01593262480784574,1015.625,983.1980041503906,53.215474208304954,6.070953379542061,25.397540476074916,1042.3381496303264,990.0368686802204,5.1468139963246,1008.5979309251633,1018.567652523664,0.016060225846926013,18.572625597428758,0.07893387037703913,1081450840,40.50632911392405,24.879784570240393,1034.4291676839193,996.3841664632162,1015.4066670735677,46351513.42153764,0.018451856942240684
2023-10-11,1019.0,1025.6500244140625,1012.0,1019.0999755859375,1017.444580078125,7396783,6.926675139878154,0.006744284965883196,1016.1199951171875,984.5810034179688,55.749515403647656,6.24917817383357,24.440670960573943,1042.2662270584847,991.9787863692499,4.944088873984722,1009.5981256547608,1017.4625175124597,0.006767078869782672,18.22101122718831,0.052948325850170966,1088847623,54.650136883214614,36.21952523392671,1035.0841684977215,998.1741648356121,1016.6291666666666,49229026.45016424,0.013395509729207557
2023-10-12,1022.0,1031.0,1014.9500122070312,1018.4500122070312,1016.795654296875,4920222,6.926037154646041,-0.0006379852321130031,1015.4450012207031,985.8720031738281,55.44265559459732,6.265748347980207,23.846748584896854,1042.0176104766908,993.9824017303403,4.718586292568854,1010.4411624692627,1017.4511439537029,-0.0006377817628074878,18.065938124744054,0.06470821140193884,1083927401,53.498739290456236,49.551735095865006,1036.2133341471356,998.8933329264324,1017.5533335367838,14277699.405995505,0.015704489034215997
2023-10-13,1009.0,1011.4500122070312,992.25,994.0499877929688,992.4352416992188,12173162,6.901787494922248,-0.024249659723793116,1011.7599975585938,986.5550024414063,45.350820997753466,4.260885444574569,22.45464472775135,1043.1502913533027,990.8097184123224,5.146666865590104,1008.8800982143775,1015.7053894461662,-0.023957999039330824,18.646943416335997,-0.04303251931565841,1071754239,10.274566536487054,39.474480903386,1035.551668294271,998.6416646321616,1017.096666463216,-193257733.5288934,0.01902875342619549
2023-10-16,990.0,1009.4500122070312,990.0,1004.7999877929688,1003.1677856445312,4646960,6.912543783565217,0.010756288642968848,1008.5700012207031,987.7460021972656,49.69529859589358,3.499116669033697,21.288226489900662,1042.7999731886841,989.5500329148315,5.240233238756456,1008.4915162694814,1015.1221587674723,0.01081434548766258,18.70430547281423,-0.06447329951328515,1076401199,29.317984248699286,31.03043002521423,1035.0549997965495,997.5349985758463,1016.2949991861979,-31116031.17629781,0.01964647697679924
2023-10-17,1008.8499755859375,1014.7000122070312,1003.0999755859375,1008.0499877929688,1006.4124755859375,6105067,6.915773038466171,0.0032292549009547145,1005.2699951171875,989.1960021972657,50.96448166727109,3.1216725666124603,19.86873365002205,1041.5705965956363,988.8694058457698,5.191110368836154,1008.449465938385,1014.7980396870399,0.0032344745615877635,18.19685769769134,-0.09461598967570611,1082506266,35.075296580298335,24.889282455161595,1033.9816670735677,997.0216634114583,1015.5016652425129,2855634.7745673954,0.011498277149044365
2023-10-18,1010.0,1014.0999755859375,989.3499755859375,992.8499755859375,991.2371826171875,7818946,6.900579570643161,-0.015193467823010565,1004.9999938964844,990.0080017089844,45.218348917293866,1.5778430502900846,19.33396860558518,1041.3034608508244,985.9465391491757,5.461282200187321,1006.9638001905328,1013.6507405991557,-0.015078629424231438,18.664939290713384,-0.12772690877905546,1074687320,8.148768051068467,24.180682960022068,1033.3849975585938,995.0399963378907,1014.2124969482422,-78280171.50588964,0.024504950495049506
2023-10-19,979.7000122070312,999.0,979.7000122070312,991.4000244140625,989.7896118164062,4836625,6.899118110212318,-0.0014614604308427204,1003.8149963378906,990.8880017089843,44.70060433620442,0.2346432725056502,19.322778255991363,1040.3711549123286,983.2888426462649,5.641492378653487,1005.481535830869,1010.2927238786609,-0.0014603930176050328,18.710299898017336,-0.11625422350201549,1069850695,18.000035682124853,20.40803343783059,1030.6399963378906,993.8849975585938,1012.2624969482422,-30768637.22640983,0.01969989542971472
2023-10-20,989.0,992.9000244140625,977.75,980.3499755859375,978.7575073242188,5664400,6.887909625858016,-0.011208484354302328,1001.7549926757813,991.4370007324219,40.86084739927559,-1.701880599768515,19.408205227303416,1041.7445312018185,978.5054626946657,6.2605191137937135,1003.0880539027803,1006.9688311054044,-0.011145903324599749,18.455994506306276,-0.10189942904747731,1064186295,3.8834615118132056,10.01075508166888,1028.5033315022786,992.3833302815754,1010.4433308919272,-51984143.46349078,0.015318528224532356
2023-10-23,980.0,984.9000244140625,961.0999755859375,964.2999877929688,962.7335815429688,5896695,6.871402436857383,-0.01650718900063275,998.5599914550781,991.7230004882813,36.02090540692432,-4.480046413670152,20.23924926456508,1044.5418071376303,970.3131855381508,7.368135361533073,999.3939523685126,1001.461906801452,-0.016371691939275013,18.83771267215047,-0.13185529745709182,1058289600,4.2160885081854635,8.699861900707878,1026.3441670735679,989.7691609700521,1008.0566640218098,-80422636.33373684,0.024285764110331634
2023-10-25,960.0,974.0,951.4000244140625,955.4500122070312,953.89794921875,6957048,6.862182446463592,-0.009219990393790845,992.8799926757813,992.0370007324219,33.653793130145274,-7.3115983497798425,21.388724442553706,1047.2749051856472,961.2300874901341,8.568046184528722,995.2088152102763,996.9659128219785,-0.009177616610980932,19.106445737420973,-0.1734532492128214,1051332552,5.087925923540408,4.395825314513062,1023.6108337402344,986.8608276367188,1005.2358306884765,-67854015.41137582,0.023541641235351563
2023-10-26,956.0,975.0,952.75,972.0499877929688,970.4710083007812,17540495,6.879407230908621,0.017224784445028618,988.1749938964844,992.7340002441406,41.42876259840032,-8.122513086602567,22.373869489178666,1047.1031574553676,957.1918315583043,8.971865557705087,993.0032125991041,991.4615418124348,0.01737398647114219,19.330985327605188,-0.07563202753646879,1068873047,25.942173005583644,11.748729145769877,1021.804165649414,983.7991607666015,1002.8016632080078,171496520.70638058,0.023274058577405856
2023-10-27,980.0,1004.75,973.2999877929688,1002.75,1001.12109375,13443016,6.9105015046501626,0.031094273741541834,986.6049926757812,993.99,52.51232318382134,-6.216277070884644,21.232713893771972,1044.7258102013266,957.3241836951579,8.731213183749071,993.9314780658561,991.1783044165321,0.031582750468147625,20.285915818992766,-0.029735755798133586,1082316063,64.5100393661543,31.84671276509282,1020.9066701253256,982.1516591389975,1001.5291646321614,332299343.7683378,0.03209184919084821
2023-10-30,1002.75,1002.75,979.2000122070312,989.2000122070312,987.5931396484375,5270567,6.896896547987567,-0.013604956662595313,986.1199951171875,995.1130004882813,48.17884766061005,-5.732857257771002,20.1730694123229,1040.6752903755462,957.2047023002351,8.355916109207145,993.4808622697775,990.9158777202151,-0.013512827517296211,20.519063817133908,-0.026444897672632542,1077045496,47.48743641530296,45.97988292901368,1019.3983378092447,979.5633280436198,999.4808329264322,63155702.24809666,0.02348540293489778
2023-10-31,998.0,998.0,978.0,981.8499755859375,980.2550659179688,7816805,6.88943852233087,-0.007458025656696954,983.8249938964843,996.0190002441407,45.96310286815442,-5.8751055419684235,19.255053111805267,1034.7332017073352,957.6617934098524,7.736559114669893,992.3731587760784,989.683957497181,-0.007430283593198639,20.481987830195774,-0.08167889969211951,1069228691,38.253719235128045,50.08373167219514,1017.1675048828125,976.9824951171875,997.0750000000002,-17250634.590600263,0.02004008016032064
2023-11-01,977.8499755859375,979.2999877929688,968.0,971.7999877929688,970.2213745117188,5703984,6.8791500094105436,-0.010288512920326731,980.1999938964843,996.5940002441406,43.04785453875883,-6.72130928609829,18.940887859461792,1026.7017754873937,958.7682135262783,6.843071145574249,990.4138091586394,986.82347834068,-0.010235767217869784,20.008272669891614,-0.12388655943295804,1063524707,25.628102557496515,37.12308606930921,1013.8066721598307,973.7016611735025,993.7541666666668,-43966857.91105946,0.011555952421226666
2023-11-02,978.0,988.3499755859375,974.0,982.9500122070312,981.353271484375,5193982,6.890558266572387,0.011408257161843238,979.2099975585937,997.2010009765625,47.059729074877126,-6.418232673270836,18.04675180761527,1026.3061500152942,957.9038414397841,6.894664261351566,989.7029713537244,985.0198542287692,0.011473579495905328,19.76125232153998,-0.01904918480487715,1068718689,49.84201244423189,37.907944745618856,1010.8483367919922,974.1233306884766,992.4858337402344,23953064.767114293,0.01467277667273773
2023-11-03,986.0,991.4000244140625,981.5,988.8499755859375,987.2437133789062,4268048,6.896542627078685,0.0059843605062983585,978.9549926757812,997.8370007324219,49.102826605501384,-5.636984884581352,17.019152781477327,1025.2216928499276,957.5482961637442,6.826146962194795,989.6217336615541,983.4015937346311,0.006002302564358297,19.056878899577303,-0.02804354665080072,1072986737,59.16265149111904,44.877588830949186,1009.6683380126954,973.9833282470703,991.8258331298828,24771906.18864747,0.010040592712030933
2023-11-06,995.0,1016.2000122070312,993.0999755859375,1009.4000244140625,1007.7603149414062,6552178,6.917111398092869,0.020568771014183973,981.8599975585937,998.4400012207032,55.539034379125006,-3.32133688282795,16.913386578701214,1026.3157329088951,957.29925732548,6.958656384751408,991.5053803998882,984.0408068492318,0.02078176602669002,19.64924730825705,0.014186111218190528,1079538915,89.5061897006922,66.17028454534774,1010.5658406575521,973.4308247884115,991.9983327229818,98022353.94992676,0.0232161172071294
2023-11-07,1008.0,1022.2000122070312,1005.25,1020.9000244140625,1019.2416381835938,6559859,6.928439894089224,0.011328495996354881,987.5200012207031,999.2310021972656,58.68742306173984,-0.5518538400544912,17.09289670641054,1029.783296689166,956.2966959866153,7.400165247477733,994.304870306,984.6240219993856,0.011392906401677116,19.456444801026635,0.0338823481480612,1086098774,98.1638587328996,82.27756664157032,1011.9100077311199,974.2249918619793,993.0674997965494,82966370.31664225,0.01681548830062624
2023-11-08,1024.0,1026.949951171875,1015.5999755859375,1021.7000122070312,1020.0403442382812,7643314,6.929223197545142,0.0007833034559183716,994.1450012207031,1000.0030029296875,58.905426894166915,1.6880746793930257,17.47692760038114,1031.4552373234592,955.5697565730251,7.6381002738798385,996.9139314394316,986.275131079501,0.000783610318187522,18.877411285663126,0.009674247791434323,1093742088,93.05103368045177,93.57369403801458,1012.2308380126954,975.255825805664,993.7433319091797,31731828.704098854,0.01108396053314209
2023-11-09,1024.75,1028.8499755859375,1016.6500244140625,1021.9000244140625,1020.2400512695312,4407935,6.929418942509016,0.00019574496387342322,999.1300048828125,1000.6370031738281,58.963732125688935,3.4397225025479656,17.92217684949029,1031.9904658845523,955.3145328947447,7.716574258798308,999.2935593417775,987.6485783922128,0.00019576412316868463,18.400449848963973,0.003515460131331852,1098150023,91.02652607688307,94.08047283007818,1012.335834757487,975.5058298746744,993.9208323160808,11165036.77323315,0.011905295117711637
2023-11-10,1017.9000244140625,1031.0,1016.6500244140625,1029.199951171875,1027.5281982421875,3294063,6.936537032964792,0.0071180904557763824,1001.775,1001.607001953125,61.131286029407136,5.355227375984327,18.439889065784108,1034.1698037454205,954.2101889303608,8.042689537170137,1002.1417871351201,989.1167767142762,0.007143484277728707,18.111130258747796,0.0405250048175177,1101444086,97.73863143188827,93.93873039640773,1012.4583333333333,975.7983296712239,994.1283315022787,19752624.68149113,0.014097627705822907
2023-11-13,1030.050048828125,1031.8499755859375,1023.5,1025.3499755859375,1023.6844482421875,5985481,6.932789272891311,-0.00374776007348121,1005.3899963378906,1002.447001953125,59.35074342510148,6.487830265684579,18.96381138055731,1037.9778929381046,953.5320985169735,8.480579538486927,1004.3520907971027,992.4782399948356,-0.003740745985805538,17.413904924975633,0.09073100150209146,1095458605,91.92044257912194,93.56186669596445,1013.2983306884765,977.7233306884766,995.5108306884765,-8778428.919564806,0.008106378515720826
2023-11-15,1045.0,1045.0,1031.550048828125,1041.3499755859375,1039.658447265625,7240388,6.948273203840397,0.0154839309490864,1011.3399963378906,1003.8040014648437,64.03857901920793,8.577615090769541,20.079391200507082,1044.1532165432307,951.0117736911443,9.33671584134452,1007.8756988722298,998.0568027449613,0.015604428127924619,17.573627745624695,0.09543658053280503,1102698993,96.04333396849593,95.23413599316876,1014.8924947102865,979.9175008138021,997.4049977620441,74304662.36014506,0.012870766671650718
2023-11-16,1042.800048828125,1044.0,1022.1500244140625,1026.3499755859375,1024.682861328125,6908825,6.93376407437592,-0.014509129464477688,1016.7949951171875,1004.5080004882813,57.35998900004176,8.920579097992572,20.31070921414179,1046.5504143403941,950.4445746732778,9.625045650673728,1009.6351537973447,1006.6760150547826,-0.014404379268900369,17.879081162789895,0.07072608202239472,1095790168,75.7791890726461,87.91432187342137,1016.5158253987629,980.5158376057941,998.5158315022787,-44320029.21328498,0.020953178522087727
2023-11-17,1014.9000244140625,1020.0,991.8499755859375,994.3499755859375,992.7347412109375,13268353,6.902089232802724,-0.03167484157319578,1017.9349914550781,1004.75,46.27298887164948,6.534917518489351,19.177436105652934,1046.594594556478,950.550394457194,9.618149971847277,1008.1794225391154,1007.9479898213915,-0.031178448639540668,19.066289651162045,0.031339175142022745,1082521815,34.22074751420455,68.68109018511558,1016.8508270263671,980.5108367919922,998.6808319091797,-297831540.4044283,0.02773674621824401
2023-11-20,981.0,994.75,980.3499755859375,988.7000122070312,987.093994140625,8215656,6.896390961249635,-0.005698271553089107,1017.9199951171875,1004.895,44.63263386923338,4.140628119496,18.70024808022831,1046.5545751506947,950.3204126422739,9.638476429091126,1006.3242406027264,1007.175812925614,-0.00568206719729325,18.73298499136922,0.03254915764966661,1074306159,26.88313273640422,45.627689774418336,1016.5008280436198,980.6508341471354,998.5758310953776,-130222617.15727039,0.014678923969482671
2023-11-21,989.9500122070312,997.5,986.6500244140625,991.7999877929688,990.1889038085938,7061614,6.899521461747077,0.0031305004974422346,1016.1599914550782,1005.43,45.76858219961854,2.4648652112482523,18.086476327674667,1046.5212785807994,951.4987104328726,9.511673423731356,1004.9409784303685,1007.8110498562493,0.0031354056312971057,18.16991289098124,0.05477504932498004,1081367773,30.909075055803573,30.67098510213749,1016.7016591389975,981.2816701253256,998.9916646321614,-28813651.7208805,0.010960124705436553
2023-11-22,991.0,999.9000244140625,988.0,998.0999755859375,996.4786376953125,6103988,6.905853447232003,0.006331985484925973,1013.8799865722656,1005.8279992675781,48.099065568928985,1.6264190505361285,17.362618825765605,1045.4784087442738,955.921579048695,8.949418431278902,1004.2894543499465,1009.1293119557265,0.006352074884562242,17.722063714058475,0.11203736825454812,1087471761,33.943627585827464,30.578611792678462,1017.3683247884113,983.1383382161457,1000.2533315022787,16032149.351991653,0.012008097289669525
2023-11-23,999.0,1003.4000244140625,995.4000244140625,999.0499877929688,997.4271240234375,3112891,6.906804815227503,0.0009513679954995524,1011.6149841308594,1006.2029992675781,48.45875207087872,1.02676654739912,16.460523201069954,1042.5930785923772,963.1669067591853,7.919808193727664,1003.7904575349962,1010.3593770455374,0.0009518206895793302,17.027630591625726,0.14378291780968327,1090584652,28.924988623768677,31.259230421799952,1018.5883260091147,985.8183369954428,1002.2033315022785,7315572.750102362,0.008008008008008008
2023-11-24,1002.0,1010.75,999.7000122070312,1008.5,1006.86181640625,6956281,6.916219357394266,0.009414542166763518,1010.2749816894532,1006.3649987792969,52.020724214070725,1.2990994170418162,15.419319562436183,1041.8516819094393,967.5533046628263,7.395062492937725,1004.2389853888061,1011.1150206553003,0.009458998370949878,16.64708642129755,0.090126117386081,1097540933,43.54217135908673,35.47026252289434,1020.0141591389975,988.3641713460287,1004.1891652425129,46263151.16039382,0.01102793192911053
2023-11-28,1013.0499877929688,1021.9500122070312,1009.25,1021.1500244140625,1019.4912719726562,6173384,6.928684746071567,0.012465388677300737,1009.4699890136719,1006.7699987792969,56.36770138610076,2.5067798303675772,15.110844032148673,1043.4380788130447,967.8069102006272,7.520831030088246,1005.8495605340686,1011.8800312933823,0.01254340546758792,16.418723977421386,0.04564100005436518,1103714317,63.10910041860755,45.192086800487694,1020.2691599527994,990.4941721598307,1005.3816660563152,67483355.93171981,0.012536412181100267
2023-11-29,1027.1500244140625,1063.5,1021.1500244140625,1060.1500244140625,1058.4278564453125,9422396,6.966165709557435,0.03748096348586838,1012.9499938964843,1007.6839990234375,66.45758087636273,6.535512007983243,16.55723354621871,1052.9922507948384,965.3477394395366,8.684811456876925,1011.0210332845442,1015.1689195203802,0.038192233332588144,18.270956235172537,0.1103674741004802,1113136713,95.97116704469549,67.54081294079663,1024.1033264160155,992.44833984375,1008.2758331298828,267476747.97723994,0.04123056474646538
2023-11-30,1062.699951171875,1080.9000244140625,1055.449951171875,1074.25,1072.5048828125,24755589,6.979378022655104,0.013212313097668904,1016.2399963378906,1008.7509985351562,69.22815550247084,10.742231715158823,18.406267184663584,1064.117097995268,963.4628946805133,9.928506266420813,1017.0428396383971,1026.8119096600199,0.013299981381154513,18.783750307102178,0.20951760658903917,1137892302,93.38635386897752,84.15554044409356,1028.588330078125,996.3883361816406,1012.4883331298828,321861049.6694153,0.0239485032573144
2023-12-01,1075.4000244140625,1109.0,1070.199951171875,1104.6500244140625,1102.8555908203125,14428758,7.007283843798212,0.0279058211431078,1024.070001220703,1010.3009985351563,74.18004751191623,16.34074931118846,20.781322361603966,1080.8874617022213,959.9775346356693,11.848890277751027,1025.3863810456035,1034.926371195178,0.028298835852047954,20.213485915746666,0.28081525079513986,1152321060,96.6187526152836,95.32542450965225,1036.0424997965495,1001.0924997965494,1018.5674997965494,399710080.1995382,0.03607964287453445
2023-12-04,1120.5,1129.0,1099.0999755859375,1125.5999755859375,1123.771484375,14043213,7.026071484110358,0.01878764031214608,1037.195001220703,1012.317998046875,76.93472091514157,22.212054081775022,23.36410784223963,1100.9295981957578,954.2003944800233,14.27931121035248,1034.9305329065876,1043.8724466703038,0.018965238499847548,20.905381522769225,0.3233596199597874,1166364273,97.7127320177279,95.90594616732972,1043.626668294271,1007.1216634114584,1025.3741658528645,329373111.16400623,0.02668453762968541
2023-12-05,1136.800048828125,1151.8499755859375,1127.1500244140625,1132.449951171875,1130.6103515625,15804808,7.032138663154922,0.006067179044563886,1051.5699951171875,1014.42099609375,77.76983916384825,27.10538716436895,26.126962973292983,1118.8672600630453,950.6227301713297,16.2595161789269,1044.2180965509006,1054.8540791686269,0.006085621654683848,21.287139985428563,0.24006083447038884,1182169081,88.68803241162536,94.33983901487899,1051.8616638183594,1013.8766662597657,1032.8691650390624,181966069.68162188,0.021727612694367005
2023-12-06,1135.0999755859375,1145.699951171875,1117.949951171875,1120.5,1118.6798095703125,7342767,7.021530293240982,-0.010608369913939875,1064.4399963378905,1016.5419958496094,72.81668383805409,29.677029375888424,28.12668884195731,1131.3792674902659,949.220720302703,17.510194007142204,1051.483039736529,1059.3811303433386,-0.010552299604507098,21.748772843612237,0.19038980824795804,1174826314,81.72013085368076,89.37363176101138,1058.1849934895833,1019.734999593099,1038.959996541341,2158218.4829039127,0.02444718579583748
2023-12-07,1119.25,1129.5999755859375,1108.5,1117.8499755859375,1116.0341796875,6439419,7.0191624547160725,-0.0023678385249095157,1076.4149963378907,1018.5339953613282,71.72571075756795,31.142251048454,29.418852073536197,1141.7340811912923,948.5609017188641,18.48286304581644,1057.8037002936155,1063.4256513071966,-0.0023650374065706803,21.702430182349755,0.15532351083909657,1168386895,80.17492711370262,83.52769679300296,1063.5191569010417,1024.6541666666667,1044.0866617838542,-10657005.547283983,0.018851887948123744
2023-12-08,1115.8499755859375,1134.3499755859375,1111.5,1131.199951171875,1129.3624267578125,7300989,7.031034251977416,0.011871797261343353,1089.6299926757813,1020.778994140625,73.85116048568271,33.00027461588434,30.722510938915853,1153.4821756407573,947.7628011658835,19.58071302923613,1064.7938194248784,1072.6751347056768,0.011942546743752391,21.78439771117745,0.1820738900870048,1175687884,87.95916943786443,83.28474246841597,1069.3074900309243,1029.2924997965495,1049.299994913737,61426348.08637083,0.020477641336989663
2023-12-11,1129.0,1139.4000244140625,1113.8499755859375,1116.5,1114.6864013671875,6924589,7.017954071280212,-0.013080180697203403,1100.4299926757812,1022.8259936523438,67.80677269951822,32.90727390297047,32.04520891457826,1161.1522840826397,949.5526902825945,20.05013456356503,1069.7182175748899,1080.3767200072969,-0.012995006900987316,22.053372790959422,0.15257905324720036,1168763295,78.60170336905296,82.24526664020671,1075.0141611735025,1033.6641611735026,1054.3391611735026,-47385297.428078204,0.02263068983890611
2023-12-12,1120.0,1133.9000244140625,1109.0,1131.0,1129.162841796875,9044111,7.030857476116121,0.01290340483590846,1111.414990234375,1024.9419946289063,70.38184697983851,33.61609358484179,32.9525648901175,1170.4319561006116,950.4530231474353,20.744070056186565,1075.5545778058527,1087.8082621945848,0.01298701298701288,22.256705049752497,0.17183802829878383,1177807406,87.2749596016864,84.6119441362013,1080.4924977620444,1038.0874928792318,1059.289995320638,71631307.1906406,0.022232164655412945
2023-12-13,1150.0,1151.0,1111.449951171875,1114.8499755859375,1113.0389404296875,8184523,7.016475123797413,-0.01438235231870788,1116.8849853515626,1026.6209936523437,64.22033009316468,32.50002621897693,34.199894124079,1176.1079488965752,953.7270303514715,20.8824552805135,1079.2969966420512,1094.0622022971233,-0.014279420348419558,23.491943891064818,0.1515874952211634,1169622883,76.35026427119045,80.74230908064331,1086.995834350586,1041.4708221435546,1064.2333282470704,-64243061.78142383,0.034391346807065216
2023-12-14,1132.4000244140625,1138.5999755859375,1117.9000244140625,1120.449951171875,1118.6298828125,9421193,7.021485625730128,0.00501050193271535,1121.50498046875,1028.2959936523437,65.3529668942365,31.701965495095465,35.35812841275754,1182.0380109152131,955.7069658914277,21.174746986132867,1083.2163256448916,1098.114600065237,0.005023075488694628,23.510376470274473,0.09532483066479985,1179044076,79.36245023216632,80.99589136834777,1091.675833129883,1045.4258209228515,1068.550827026367,13757946.599795565,0.018279716288937535
2023-12-15,1119.199951171875,1127.8499755859375,1108.5999755859375,1120.3499755859375,1118.530029296875,12048410,7.021396393679725,-8.92320504037869e-05,1123.0749755859374,1029.8819921875,65.31321590738219,30.707453023716425,35.78079702464563,1187.0908966173895,960.0540801892508,21.147786374984427,1086.7528637345151,1103.9916908438597,-8.922806934208438e-05,23.206063865254865,0.1280860706543566,1166995666,77.91023464725868,77.87431638353853,1095.9508331298828,1049.9608184814454,1072.955825805664,3782950.967021699,0.01719978631150225
2023-12-18,1119.699951171875,1120.0,1107.199951171875,1111.3499755859375,1109.544677734375,7922468,7.013330749562842,-0.008065644116882709,1121.6499755859375,1032.1979919433593,61.67629293111926,28.860385383476796,36.07483851572961,1187.9569318008084,970.8880450058323,20.109724331949394,1089.095445815603,1107.9400951190278,-0.008033204084547774,22.48777533302684,0.17428852152922858,1159073198,69.01299530958426,75.42856006300313,1100.7225006103515,1056.2674835205078,1078.4949920654296,-46273824.3443261,0.011431677579987838
2023-12-19,1123.800048828125,1126.8499755859375,1114.199951171875,1120.25,1118.4302978515625,6824641,7.021307153666252,0.007976404103410495,1120.42998046875,1034.5379919433594,63.82172264464654,27.794332793715967,36.557748456099795,1187.459019002208,984.5409565837296,18.684904668448482,1092.062546214117,1112.243023401047,0.008008300364041654,21.988648523524922,0.1670704642971642,1165897839,67.2199506400459,71.38106019896297,1107.2599995930989,1062.9799825032553,1085.119991048177,25068372.896699242,0.011256472561336581
2023-12-20,1122.0,1123.8499755859375,1102.699951171875,1110.25,1108.446533203125,9848057,7.012340494172212,-0.00896665949404074,1119.40498046875,1036.7239916992187,59.77276170794659,25.84464107474423,36.17763722112154,1184.0990341099541,999.7459426966866,16.883349630690407,1093.7946846699153,1119.9215038590087,-0.008926578888640901,21.928746801420463,0.15184652259867973,1156049782,49.05087183443294,61.76127259468774,1113.7891672770181,1068.479145304362,1091.1341562906903,-57297589.03443358,0.018850289139093136
2023-12-21,1103.9000244140625,1103.9000244140625,1077.199951171875,1095.4000244140625,1093.6207275390625,10914682,6.998874894637426,-0.013465599534785433,1117.1599853515625,1038.7069921875,54.26695522612502,22.837965566418006,34.30211296082777,1178.2965606005223,1015.2784210889308,14.86323840054355,1093.947574169358,1120.3923538165564,-0.013375343918880844,22.723125517613646,0.14665354243868697,1145135100,24.38053220349515,46.883784892658035,1119.3708363850913,1072.5808095296225,1095.9758229573567,-127154370.49699219,0.02418703927138655
2023-12-22,1095.4000244140625,1106.300048828125,1085.800048828125,1088.300048828125,1086.5322265625,10600025,6.992372169568435,-0.0065027250689908556,1112.8699951171875,1040.2279931640626,51.809731169792315,19.655666582197,32.66476664049103,1169.5724364197572,1032.9275513732114,12.408162161532799,1093.40971461305,1118.445454209334,-0.006481628106348891,22.564330837784098,0.10340379583373532,1134535075,14.86951644473806,29.433640160888757,1124.7050048828125,1076.6649780273438,1100.684991455078,-92558069.30588216,0.01871462437748767
2023-12-26,1091.199951171875,1100.6500244140625,1086.699951171875,1094.25,1092.4725341796875,5687517,6.997824476071004,0.005452306502569115,1110.6449951171876,1041.7309936523438,53.70170669872359,17.413056171435983,31.14437362874977,1159.2377102526268,1051.837277540342,9.71477071607497,1093.4897417927596,1114.7711811585111,0.005467197376570754,21.949026723812914,0.0860586934524192,1140222592,23.103031906975204,20.78436018506951,1129.2275085449219,1080.8974731445312,1105.0624908447264,-8292390.809154734,0.012784158601918984
2023-12-27,1096.050048828125,1110.550048828125,1089.6500244140625,1106.3499755859375,1104.5528564453125,6132936,7.0088215656497255,0.010997089578721031,1108.1799926757812,1043.4889929199219,57.36738161921176,16.422826053946665,30.187783216452583,1147.0400201564082,1072.5549627537482,6.7115899951261495,1094.7145259635383,1113.2817268437514,0.01105777983636047,21.87409798740217,0.07756899200372507,1146355528,39.498651934432736,25.82373342871537,1133.8741760253906,1084.724139404297,1109.2991577148437,46708120.31035988,0.01906849457869957
2023-12-28,1107.25,1113.0,1098.0,1107.8499755859375,1106.05029296875,14097667,7.010176457043949,0.0013548913942234009,1107.4799926757812,1045.7649926757813,57.81330060448062,15.579508143617886,29.409993672853002,1141.7127693636069,1082.6522086637367,5.310330029764041,1095.9655211656716,1112.2154790362508,0.0013558096742449788,21.383090988302012,0.058907815556461046,1160453195,41.53117091486511,34.71095158542439,1135.407509358724,1088.992470296224,1112.199989827474,29667040.43678663,0.013547076089410703
2023-12-29,1101.449951171875,1106.8499755859375,1093.949951171875,1102.300048828125,1100.5093994140625,8786731,7.0051542292658535,-0.005022227778095356,1105.6650024414062,1047.7149938964844,55.50022731061272,14.298515530701707,28.411732100226153,1137.9966113399378,1089.1733715702185,4.38432990246428,1096.5688095144767,1110.6606952269258,-0.005009637478104567,20.84858623299919,0.01568863021991475,1151666464,34.01094993135617,38.34692426021804,1136.3216735839844,1091.161639404297,1113.7416564941407,-22621462.18147151,0.011711857084688838
2024-01-01,1095.0,1104.0,1093.0,1097.699951171875,1095.916748046875,4083732,7.000972316211057,-0.004181913054796205,1103.4,1049.5079931640626,53.58649382858146,12.764983436542934,27.417857434601803,1138.3361794715631,1088.1387961143744,4.509135194207911,1096.676537291372,1109.5447604886338,-0.004173181032823492,20.14511578778496,-0.04837883478677313,1147582732,27.777759399242438,34.439960081821276,1135.1125040690106,1092.7324747721354,1113.922489420573,-20064198.06179259,0.01004566210045662
2024-01-02,1095.0999755859375,1099.3499755859375,1082.300048828125,1093.25,1091.47412109375,7895577,6.99691019029303,-0.004062125918027348,1101.5900024414063,1051.5159936523437,51.72831336778991,11.063046421009176,25.762002276610676,1137.4814048206533,1085.7585732066902,4.652923852139091,1096.3502004064794,1107.2753610012114,-0.004053886644637572,19.92403085707264,-0.09915255890266347,1139687155,21.748019253353622,27.84557619465078,1133.1566670735676,1092.0616475423176,1112.6091573079427,-30111354.103117064,0.015569287862224515
2024-01-03,1091.0,1102.5999755859375,1081.300048828125,1098.5999755859375,1096.8154296875,10225290,7.001791898685634,0.004881708392604267,1099.425,1053.6599926757813,53.802428825633555,10.030324060468956,24.419241554703007,1134.5136917364198,1085.3412887323302,4.430235617797538,1096.564464709285,1104.9829280357799,0.004893643344100251,20.02230913569692,-0.01163570155357019,1149912445,34.85344609921887,28.126408250605014,1130.8375,1090.0824829101562,1110.4599914550781,26432916.53838155,0.019523305919168194
2024-01-04,1103.0,1130.0,1100.050048828125,1123.4000244140625,1121.5751953125,11411683,7.024115101830629,0.02232320314499514,1100.7400024414062,1056.5209936523438,61.96163202655435,11.08525688610166,24.537765210399435,1134.9390039926025,1085.2059789175537,4.480160120881741,1099.1202323002162,1104.6014154834606,0.02257423027421601,20.8350030841516,0.059844082217297784,1161324128,87.50005779838997,48.03384105032086,1130.4358337402343,1089.4608215332032,1109.9483276367187,197484502.58684984,0.02715317422654125
2024-01-05,1124.0,1139.9000244140625,1119.0,1136.949951171875,1135.1031494140625,8025466,7.03610447446321,0.011989372632580597,1104.8949951171876,1059.9739929199218,65.54244888987816,12.866349332606887,25.038695858179373,1138.3602008827806,1083.6947795859692,4.920258209387747,1102.7230626689457,1104.98366185165,0.012061533259160928,20.839647464859524,0.09632132187151746,1169349594,95.29494450382467,72.54948280047788,1131.0908365885416,1090.1358194986979,1110.61332804362,138324485.19382626,0.018594327770518237
2024-01-08,1145.0,1146.0,1118.5,1122.0,1120.1773681640625,4735538,7.022868086082641,-0.01323638838056862,1108.264990234375,1063.3049926757812,58.9488423852213,12.922578371484406,25.732766155849,1136.8148589899504,1084.3201263616122,4.726838573480871,1104.5589614623793,1105.4080820841946,-0.013149172623179939,21.315386931655272,0.046724724741994204,1164614056,65.11630382711449,82.63710204310975,1131.4808390299481,1090.060819498698,1110.7708292643229,-1089212.8504303023,0.024017467248908297
2024-01-09,1128.550048828125,1135.550048828125,1112.3499755859375,1116.550048828125,1114.736328125,6359362,7.017998896812143,-0.004869189270498175,1110.4949951171875,1066.1949938964844,56.709136871017265,12.384612671748982,25.91160811689814,1136.8196328360996,1084.3203573982755,4.727236974584778,1105.7009697829264,1105.4054451257814,-0.004857353985628365,21.450007382407573,0.05518788057918793,1158254694,57.19486879224996,72.5353723743964,1131.275008138021,1090.0899861653647,1110.6824971516926,-23468545.872994997,0.020557416364722348
2024-01-10,1115.25,1116.0,1099.050048828125,1107.0,1105.2017822265625,5934163,7.009408932708637,-0.008589964103506098,1110.5599975585938,1068.2799938964845,52.91517029497226,11.060167129578986,25.150167494522602,1133.9129255351131,1084.8270646992619,4.424660938361334,1105.8246869464572,1104.9177623138091,-0.0085531757740267,21.16786399794989,0.013013120223705262,1152320531,43.31399371906105,55.20838877947521,1130.013338216146,1089.6233235677084,1109.8183308919272,-45603879.560366824,0.015198342229881192
2024-01-11,1111.050048828125,1127.9000244140625,1111.050048828125,1125.75,1123.9212646484375,4683035,7.026204759181681,0.016795826473043896,1112.35,1071.0109936523438,58.750195321807986,11.392180825832384,24.98124797108526,1135.3869849328448,1084.4430077429365,4.589898988480688,1107.7223358086994,1106.916144645861,0.01693766937669383,21.14873259910079,0.07526219203018465,1157003566,68.7016765341816,56.40351301516424,1128.6683369954426,1090.5483296712239,1109.6083333333333,43336644.31321105,0.015165811480508853
2024-01-12,1126.3499755859375,1129.449951171875,1118.050048828125,1120.3499755859375,1118.530029296875,5616755,7.021396393679725,-0.004808365501956402,1114.1549926757812,1073.7809936523438,56.575640634465266,11.091708915782647,24.892318112475575,1135.3737523237676,1084.4462427934197,4.588435967093747,1108.9249681684364,1109.141842442585,-0.0047968238188429435,20.452387580861448,0.1002015113817642,1151386811,60.35541920901397,57.45702982075224,1128.051668294271,1090.8616658528647,1109.4566670735678,-5774861.314134724,0.010121101425708885
2024-01-15,1122.0,1130.449951171875,1116.5999755859375,1119.5,1117.6815185546875,6719079,7.020637436038809,-0.0007589576409152698,1116.3349975585938,1076.7349938964844,56.22288855271416,10.662090889192768,24.70141562707735,1135.2641635855052,1084.4708339730887,4.576521942329356,1109.9321140571567,1110.808440553399,-0.0007586697054132729,19.980786724081163,0.06166383567867822,1144667732,59.04170015584259,62.699598633012755,1127.9441670735678,1091.2941670735677,1109.6191670735675,-5732322.511368476,0.012344006761085116
2024-01-16,1116.6500244140625,1127.800048828125,1115.0999755859375,1119.0999755859375,1117.2821044921875,5229753,7.02028004800818,-0.0003573880306291244,1118.9199951171875,1079.4579931640626,56.045776659094415,10.172079480467119,24.406559551961948,1135.9648828004176,1084.545114758176,4.631347582201989,1110.8052437265644,1111.8146964626283,-0.0003573241751340106,19.46073576108876,0.06826824769126066,1139437979,58.423423933346164,59.27351443273428,1128.3300028483075,1091.6900004069012,1110.0100016276042,-3305460.0901338933,0.011373369421499439
2024-01-17,1082.0,1115.0,1079.199951171875,1082.300048828125,1080.5419921875,24913719,6.986843730416248,-0.03343631759193233,1117.2900024414062,1081.3269946289063,42.71489074599795,6.736639581492227,23.413147975502103,1136.3380656166219,1080.3769368247845,5.04901430542076,1108.0904632600464,1108.2243415234227,-0.032883502422153876,20.920684950586885,-0.05702001683143158,1114524260,4.6408613625814565,40.7019951505901,1128.07417195638,1089.1191670735675,1108.596669514974,-612317176.3398591,0.03308692128292514
2024-01-18,1066.0,1108.75,1066.0,1097.5,1095.71728515625,11473135,7.000790144949327,0.013946414533078766,1114.7,1083.088994140625,48.195895885661805,5.180816511031935,23.08264481590445,1136.0774890350308,1079.3625134063755,5.119973961484459,1107.0818477114706,1107.0539016710163,0.014044119454982074,22.47992173983068,-0.00893309347847247,1125997395,39.375,34.146428431975906,1128.0783386230469,1086.9633361816407,1107.5208374023437,-87844997.587733,0.040103189493433396
2024-01-19,1107.1500244140625,1126.300048828125,1105.0,1116.550048828125,1114.736328125,12303696,7.017998896812143,0.017208751862816563,1112.660009765625,1085.0019946289062,54.12069799557534,5.422488182732195,21.782531787290786,1136.7937738253577,1080.761231057455,5.053542540728429,1107.9835811511518,1108.212832113244,0.0173576754698177,22.93135938899456,-0.0255874538490637,1138301091,63.18756103515625,35.734474132579265,1128.9975056966146,1088.4225056966147,1108.7100056966146,126975673.84835982,0.019238629235814392
2024-01-23,1125.9000244140625,1141.5999755859375,1078.800048828125,1089.25,1087.480712890625,18924087,6.993244664997552,-0.024754231814591243,1109.385009765625,1086.3529943847657,46.00117333722879,3.3722556750374224,21.651411802136835,1136.7051342753211,1080.944865724679,5.028770865613798,1106.199430565328,1108.4790764327008,-0.024450358366629232,25.779114201052984,-0.049591525088868264,1119377004,29.0625,43.875020345052114,1131.6,1086.7950073242187,1109.1975036621093,-302093774.8023371,0.055777533880501204
2024-01-24,1034.800048828125,1073.199951171875,1020.9000244140625,1059.1500244140625,1057.4295654296875,20884046,6.9652220016810835,-0.02802266331646841,1103.6450073242188,1087.0979943847656,39.04568447714152,-0.6736197629181788,23.095034496789005,1141.9414267614134,1072.1985756799927,6.299768849713135,1101.718534741398,1101.3309094703231,-0.02763367049431953,28.81989001425902,0.0005414247898181819,1098492958,30.57554553535795,40.9418688568381,1131.3783264160156,1082.738348388672,1107.0583374023438,-519770774.75784284,0.05054109421142794
2024-01-25,1058.0,1063.699951171875,1025.800048828125,1042.25,1040.556884765625,20835434,6.949137116760906,-0.016084884920177345,1097.1700073242187,1087.3589953613282,35.774961256241,-5.183938708730011,24.4355412846803,1148.7554365538938,1058.9745683289186,8.133319565925888,1096.0548647660266,1092.4927753658596,-0.015956213968282618,29.468462323508373,-0.029601913141003536,1077657524,17.06633073742778,25.56812542426194,1129.3149861653646,1078.9750203450521,1104.1450032552084,-408003153.7710062,0.035822213935491495
2024-01-29,1036.0,1068.0,1036.0,1061.25,1059.5260009765625,11188604,6.967202737625557,0.018065620864651244,1090.7200073242188,1088.0769958496094,41.68885201125132,-7.142918638255196,25.446871455720977,1150.0475503071289,1053.02245701709,8.808171593955171,1092.7401157406907,1087.8918985557775,0.01822979131686253,29.649286443257775,-0.020254602210052926,1088846128,32.25418342165787,26.6320198981479,1127.6049865722657,1075.5650207519532,1101.5850036621093,5721266.076331228,0.03088803088803089
2024-01-30,1060.050048828125,1070.449951171875,1050.800048828125,1054.0999755859375,1052.3876953125,9426983,6.960442578100094,-0.006760159525463827,1084.0950073242188,1088.3319958496095,40.18911212592371,-9.166703509082026,26.247988530067165,1151.8519763050747,1046.3980236949253,9.594354837725406,1089.060102392619,1085.0259324231838,-0.006737361049764412,28.93504472186436,-0.06215834206725573,1079419145,27.506184426370435,25.608899528485395,1125.8133138020835,1073.0983601888022,1099.4558369954427,-43028350.37519102,0.018536768490763973
2024-01-31,1048.199951171875,1084.0999755859375,1042.699951171875,1067.75,1066.0155029296875,12600390,6.973308909721576,0.012866331621482097,1078.9200073242187,1089.1599963378906,44.308171652507696,-9.558935252236552,26.23855070429485,1152.1035155727968,1043.1514893100157,9.926138514244931,1087.0305688314172,1082.1789653196938,0.012949458998398056,29.82540041416423,-0.04496787742696609,1092019535,38.815239882925724,32.85853591031804,1125.6641479492187,1069.9091918945312,1097.786669921875,100320970.62607566,0.03949630446727055
2024-02-01,1072.6500244140625,1087.6500244140625,1056.800048828125,1084.25,1082.48876953125,9756682,6.988643782715475,0.015334872993899573,1075.435009765625,1090.957996826172,48.890194461878096,-8.441066273201159,26.03919473841319,1151.938665828249,1042.4163390545634,9.982188527378641,1086.7657527522347,1080.9909268859815,0.015453055490517453,29.898584355005177,-0.020362700638881886,1101776217,52.48550224823873,39.60230885251166,1125.5841512044271,1068.4491902669272,1097.016670735677,140763825.5420252,0.02876052289542376
2024-02-02,1088.050048828125,1096.199951171875,1065.0,1067.050048828125,1065.3167724609375,8667415,6.972653156319901,-0.015990626395574026,1073.910009765625,1092.5249975585937,44.756400073471426,-8.841124388542767,25.39537739331929,1151.902395422007,1039.2976167850243,10.277909639436736,1084.8880666642242,1079.6883943273945,-0.0158634550812774,29.991539127638735,-0.08383839629582895,1093108802,38.235329812474845,43.1786906478798,1125.1749857584634,1067.0500223795573,1096.1125040690106,-52464801.34357622,0.028675106632712936
2024-02-05,1067.050048828125,1079.5,1058.0,1061.5,1059.7757568359375,12569454,6.967438281143311,-0.005214875176590361,1070.310009765625,1093.9189978027343,43.478902873884735,-9.496545617466609,25.057463973901328,1149.1586613613224,1035.8513484043026,10.371331247967483,1082.660631743822,1077.4835428205288,-0.005201301320608365,29.38500061852168,-0.15068192120957566,1080539348,33.63711019909504,41.452647419936234,1122.1783203125,1064.8983520507813,1093.5383361816407,-63995656.07643947,0.020149008027891588
2024-02-06,1061.550048828125,1065.0999755859375,1048.199951171875,1050.050048828125,1048.3443603515625,8011171,6.956593107566198,-0.010845173577112455,1063.660009765625,1094.957999267578,40.886085905005956,-10.815215954494306,25.095140096692713,1143.833476252858,1032.4865432783922,10.23258822004021,1079.554861942327,1074.8876807653226,-0.010786576704545414,28.493216603917453,-0.20510851197951346,1072528177,24.150817072455386,32.00775236134179,1118.1033203125,1061.2233520507812,1089.6633361816407,-82483563.21184051,0.01592013907655029
2024-02-07,1061.050048828125,1073.699951171875,1057.5,1069.0999755859375,1067.3634033203125,7281793,6.9745724291833655,0.017979321617167088,1061.6450073242188,1096.3589990234375,46.59257844430955,-10.205459628698918,24.633470237566506,1139.5074037283978,1031.5226133614458,9.947793399162686,1078.5591584798137,1073.3066922492178,0.018141922643661212,28.14726558533406,-0.172881409100613,1079809970,39.93369566756407,32.573874313038196,1114.4349833170572,1058.685019938151,1086.5600016276044,64983894.47308767,0.015267848288369629
2024-02-08,1072.0,1075.5999755859375,1031.6500244140625,1035.9000244140625,1034.21728515625,9869141,6.9430259166320285,-0.031546512551337,1059.3200073242188,1096.9069995117188,39.44581664412808,-12.259857932698878,25.08810857838369,1137.6058452350544,1025.359169413383,10.37896360426484,1074.496383806885,1069.1498641761514,-0.031054112739717588,29.276028841515558,-0.18741213123049022,1069940829,12.42751124119364,25.504007993737734,1111.7841430664062,1053.9591918945312,1082.8716674804687,-196775368.04787052,0.04099808877973414
2024-02-09,1039.949951171875,1054.9000244140625,1034.550048828125,1051.4000244140625,1049.692138671875,8233454,6.957877911605875,0.014851994973846594,1060.235009765625,1097.5119995117188,43.78143693228647,-12.493248536314923,25.510272751999647,1135.002403345166,1022.4026137446776,10.43844699613945,1072.2967305313782,1066.625111120507,0.014962833897766536,28.638453608974267,-0.16036077964100903,1078174283,25.269272857093735,25.876826588617178,1108.9341451009113,1050.76919148763,1079.851668294271,19487235.31737648,0.019568225916070273
2024-02-12,1051.4000244140625,1057.25,1035.3499755859375,1046.699951171875,1044.9996337890625,8694379,6.953397590211248,-0.004480321394627396,1058.7800048828126,1097.242998046875,42.781166747550756,-12.908665837256194,25.75471046713557,1128.316119436118,1021.1838927709134,9.968106634733626,1069.8589420209494,1061.9382786993624,-0.004470299727077576,28.157137237909144,-0.17119746834453797,1069479904,21.37525865364583,19.690680917311102,1105.429978434245,1046.7600199381511,1076.0949991861978,-20747066.95776578,0.02082939310018299
2024-02-13,1051.0,1075.550048828125,1044.800048828125,1070.75,1069.0106201171875,8413609,6.97611461649548,0.022717026284232666,1060.4450073242188,1097.172998046875,49.1794399398994,-11.168505515952347,24.90590251849513,1121.5858819305363,1022.9541327179013,9.19840604874925,1069.9438046856208,1057.0394694262761,0.022977022977022976,28.342341720915634,-0.13045056676900824,1077893513,66.20189120006744,37.615474236935704,1103.4516520182292,1042.8466837565104,1073.1491678873697,127982782.52791269,0.029257849666983825
2024-02-14,1061.300048828125,1100.9000244140625,1060.550048828125,1096.8499755859375,1095.0682373046875,16609115,7.000197692113354,0.024083075617873817,1063.3550048828124,1097.0169970703125,55.05338157219437,-7.5958062942183915,23.343140408701924,1116.9809983182784,1025.2940138887527,8.559777237476823,1072.5062971523175,1061.0291359890105,0.024375414976359977,29.200029854131483,-0.05533306633484475,1094502628,94.6071236421502,60.72809116528785,1102.9724873860678,1039.717519124349,1071.3450032552084,331659258.1786564,0.038019385404242156
2024-02-15,1097.5,1097.550048828125,1069.25,1072.199951171875,1070.458251953125,11780823,6.977467845853308,-0.022729846260046038,1062.15,1095.9489965820312,49.262215065709704,-6.6765047911985675,21.892004163893947,1109.038942211834,1028.5460675537909,7.531197523402236,1072.4771213446563,1065.0549853623795,-0.022473469446807837,29.135745495131022,-0.08316916580083793,1082721805,58.55585091380866,73.12162191867546,1101.7024861653645,1036.887520345052,1069.2950032552085,-83045296.98561387,0.025785921483485193
2024-02-16,1073.0,1076.0,1058.0,1068.75,1067.013916015625,8660907,6.97424502025097,-0.0032228256023385526,1062.3199951171875,1094.6749975585938,48.49335977997915,-6.155378581276182,20.63426182822291,1107.8824425412229,1028.3475623415895,7.446284343711987,1072.12215740707,1066.0044169995729,-0.0032176378744508405,28.340335102621662,0.00545337762885907,1074060898,53.57397196525271,68.91231550707056,1099.5833170572919,1036.5483561197918,1068.0658365885415,-47601569.831304885,0.016775396085740912
2024-02-19,1069.0,1070.0,1060.0999755859375,1062.949951171875,1061.223388671875,7562645,6.968803294610643,-0.0054417256403267444,1062.464990234375,1093.5239965820313,47.16071490615063,-6.139624009007775,19.466358230814087,1103.8328223777276,1028.9421776222725,7.022835953671157,1071.248613956099,1066.4276241970756,-0.005426946271929856,27.023170053438864,-0.0316655714861007,1066498253,45.198450191787,52.442757690282825,1096.6208170572918,1036.8708536783856,1066.7458353678385,-45109663.45695189,0.009261014419141721
2024-02-20,1059.0,1090.5,1057.699951171875,1088.5999755859375,1086.8316650390625,8722800,6.9926477235730715,0.023844428962428665,1066.3199829101563,1092.9389965820312,53.27595370224546,-4.011157664268012,18.741313931886513,1096.450489903216,1033.5295027725654,5.9081294046904524,1072.9011245875122,1067.384090369075,0.024130980377565336,27.43580425163073,-0.0029849547672998527,1075221053,82.23819663808665,60.336872931708825,1095.344980875651,1034.4450174967446,1064.8949991861978,134123467.48700562,0.030972661782932013
2024-02-21,1093.8499755859375,1093.949951171875,1073.0999755859375,1084.199951171875,1082.4388427734375,9177213,6.98859762179015,-0.0040501017829210895,1067.82998046875,1091.9989965820312,52.16075477891115,-2.6488437273258114,18.217614851694684,1095.488144992841,1033.986842800128,5.776193901808084,1073.9772033098325,1067.859708346802,-0.004041911182015356,26.96538791836693,0.057263806242177785,1066043840,75.88437076940433,67.7736725330927,1092.2741475423177,1035.5691792805987,1063.9216634114584,17787848.326967373,0.019061092518440556
2024-02-22,1090.300048828125,1110.699951171875,1081.5,1100.9000244140625,1099.1116943359375,14633340,7.003883328252815,0.015285706462664805,1074.32998046875,1091.6869970703126,55.93126134838137,-0.21911792006176256,18.412952480485142,1101.2266461459533,1032.4233416470154,6.449352507916026,1076.5412815102354,1070.4655124426286,0.015403130413478516,27.12499957933179,0.036132883631523886,1080677180,87.60286421537516,81.90847720762208,1093.4499816894531,1039.0550109863282,1066.2524963378905,168847849.2942105,0.02678157375417864
2024-02-23,1099.0,1107.4000244140625,1090.0,1096.800048828125,1095.0184326171875,6250943,7.000152172766817,-0.0037311554859984497,1078.8699829101563,1091.002998046875,54.78953872927668,1.3599469012249301,18.594337421504857,1104.3753525942402,1034.7296400815412,6.511668454906459,1078.470687921463,1072.141915691233,-0.003724203374524948,26.43035849609827,0.045777001779417535,1074426237,82.41629952885911,81.96784483787957,1095.1324890136718,1042.7875061035156,1068.9599975585938,39196807.305345565,0.0158325972830414
2024-02-26,1093.449951171875,1094.800048828125,1079.6500244140625,1085.199951171875,1083.4371337890625,5354189,6.98951953579019,-0.010632636976627197,1082.7199829101562,1090.4099975585937,51.58132325721784,1.6562440632590096,18.143645074868452,1105.9931151502437,1035.5068726427248,6.5828851654733915,1079.1115701357878,1073.8096192955177,-0.010576310302542469,25.767477490238573,0.006080482716295691,1069072048,67.74190559578243,79.25368978000562,1095.8633239746093,1045.2033386230469,1070.533331298828,-28340474.4115645,0.013855251809034219
2024-02-27,1081.6500244140625,1088.550048828125,1072.050048828125,1079.050048828125,1077.2972412109375,6546815,6.983836348638502,-0.005683187151687363,1083.5499877929688,1089.5819995117188,49.91266314353444,1.3789206378496601,17.29501448966437,1106.554495324381,1037.4404997928066,6.447216125875022,1079.1057109636295,1074.507264994631,-0.005667068393348962,25.10551481236439,0.03399176925057866,1062525233,59.96213577690375,70.04011363384846,1096.7774983723957,1046.4325032552083,1071.6050008138022,-36288340.07891993,0.0152544719896236
2024-02-28,1077.4000244140625,1085.0,1064.050048828125,1074.199951171875,1072.455078125,7643191,6.979331432016019,-0.004504916622483535,1081.2849853515625,1088.6589990234374,48.57796914550598,0.759027877410972,16.07199752093254,1106.832775201746,1037.807215032629,6.437030036129611,1078.6384957453672,1076.5629292851984,-0.004494784705785682,24.808688838043718,0.019262686909404317,1054882042,52.06822480843833,59.92408872704154,1096.233329264323,1047.9333414713542,1072.0833353678386,-36809595.19655404,0.019444914328147062
2024-02-29,1071.0,1082.300048828125,1055.3499755859375,1075.0999755859375,1073.3536376953125,13648997,6.980168936782539,0.000837504766519892,1081.5749877929688,1087.9339990234375,48.85130337822407,0.3365038402698701,15.36171041975962,1105.9707834267124,1037.7542043662565,6.364303205765859,1078.3014938254214,1077.8101386429528,0.0008378555715633507,24.961644866911133,0.01222675008400237,1068531039,52.75383262024375,54.92806440186198,1095.772499593099,1047.8625020345053,1071.817500813802,-4080244.713874136,0.02516346707954015
2024-03-01,1076.0,1101.699951171875,1076.0,1099.25,1097.4644775390625,4819390,7.002383408060919,0.02221447127838072,1084.6249877929688,1087.5139990234375,55.66169186979115,1.9281293616909352,14.821482867037934,1109.5056736449703,1037.439309265186,6.713387157420242,1080.2965896515718,1080.4499791023757,0.022463049913939992,25.07866848969873,0.07443280316545287,1073350429,82.62523802820031,62.48243181896083,1096.3091654459636,1048.9491678873699,1072.6291666666666,76232175.86930107,0.02388471298501394
2024-03-04,1099.25,1108.9000244140625,1093.0999755859375,1106.75,1104.9521484375,5895441,7.0091830716122505,0.006799663551331214,1089.0049926757813,1087.4439990234375,57.5519596556445,3.7514470281982994,14.648046458132779,1114.085024028637,1037.3849588815194,7.130014897383814,1082.8159620657077,1082.597395109494,0.006822833750284252,24.415909942443466,0.14903411605174757,1079245870,92.86368037192315,76.08091700678911,1097.8533345540363,1051.0633321126302,1074.4583333333335,54887930.28976703,0.014373480853422788
2024-03-05,1102.199951171875,1110.9000244140625,1094.5,1100.800048828125,1099.011962890625,4851446,7.003792511536023,-0.005390560076227402,1090.225,1087.5519995117188,55.5293879644147,4.662580752882604,14.578914859415546,1116.2023944086297,1040.3425885015265,7.035309396118786,1084.5287322335569,1082.9113664144916,-0.005376057078721463,23.843346690416258,0.18112104650149036,1074394424,81.81824174954842,85.76905338322399,1100.209169514974,1053.4691670735679,1076.8391682942706,-947934.4454031736,0.014879355054067782
2024-03-06,1100.199951171875,1131.949951171875,1095.3499755859375,1125.0,1123.1724853515625,13787638,7.025538314638521,0.02174580310249752,1094.3050048828125,1088.2859985351563,61.461678057114284,7.253777573649586,15.3947379503215,1123.8143570316624,1038.3206283199002,7.908269307048934,1088.3831386875038,1087.2855017261845,0.021983966295820334,24.754534468667774,0.20445224209193325,1088182062,90.92695380290579,88.53629197479249,1103.7625040690104,1054.9824991861979,1079.3725016276044,222124132.76852447,0.03326665807151976
2024-03-07,1126.0,1126.9000244140625,1107.550048828125,1111.449951171875,1109.64453125,6943879,7.0134207042050045,-0.012117610433516113,1095.3599975585937,1088.6299975585937,56.885899905973325,8.120337825013621,16.1522879633056,1124.1745608006574,1045.5154172266864,7.250726543474843,1090.5799779717297,1090.4379061275285,-0.01204448784722223,24.368494548472757,0.22921597331851906,1081238183,73.23758938147303,81.99426164464245,1105.9116719563804,1059.5916646321616,1082.751668294271,11314777.918446966,0.01718470300704929
2024-03-11,1112.25,1120.0,1101.9000244140625,1105.0999755859375,1103.304931640625,6751641,7.007691085502562,-0.005729618702442707,1096.189990234375,1088.6049975585938,54.82592288222085,8.200176575494652,16.47286524648179,1124.6287484678292,1050.4312246767022,6.822572683718509,1091.9628348873684,1093.2426264755286,-0.005713235741512501,23.920743194005954,0.17588591412851648,1074486542,64.94780137910813,76.37078152116236,1108.9016703287762,1062.8066630045573,1085.8541666666665,-24810244.370527443,0.016273297896999325
2024-03-12,1105.0,1121.4000244140625,1084.25,1097.0,1095.218017578125,9817138,7.00033446027523,-0.0073566252273318256,1097.3699951171875,1088.387998046875,52.22782207824859,7.523127098782425,15.691712858699251,1122.2247195558537,1057.8652584714903,5.9042940184146975,1092.4425648980953,1094.9634764472871,-0.007329631494781941,24.86569185258142,0.15568226542544128,1064669404,54.37341734833237,64.18626936963788,1112.38667195638,1064.7666646321613,1088.5766682942708,-61282466.87269534,0.03361993159643665
2024-03-13,1096.0,1099.550048828125,1070.75,1080.4000244140625,1078.64501953125,11503890,6.985086644515705,-0.015247815759525274,1097.5049926757813,1087.9499975585939,47.28266165080938,5.582727010756116,14.880109722385457,1121.8124638842519,1059.242516584498,5.737585513438684,1091.2956562805682,1094.72540957641,-0.015132156413798947,25.146717350834535,0.10007552408131114,1053165514,32.702424036703974,50.6745475880482,1113.2825073242188,1065.8574951171875,1089.570001220703,-147737017.71977216,0.026277416813982664
2024-03-14,1075.0,1081.25,1055.5999755859375,1058.25,1056.5308837890625,10253613,6.964371879401033,-0.020714765114671962,1095.9099975585937,1087.1609985351563,41.61986943903499,2.231896196385833,14.820168231846342,1122.7181964021197,1054.4767865080366,6.268745833950794,1088.148450920514,1091.6747856269396,-0.020501688183573674,25.182667855350818,-0.01889973045123238,1042911901,3.7859338620923753,30.287258415709612,1111.4941752115885,1065.5391581217448,1088.5166666666669,-200657524.7614898,0.023860487827034885
2024-03-15,1056.25,1056.25,1030.25,1046.4000244140625,1044.7001953125,17798175,6.953111004034415,-0.011260875366617462,1093.0400024414062,1086.2239990234375,38.93341697153331,-1.3641305134251525,15.713956423848092,1125.5163360227118,1049.0986542116632,7.028157366174737,1084.172410300852,1084.6442804924168,-0.011197709034668102,25.3839058656829,0.05723214402616394,1025113726,15.88007096165526,17.45614295348391,1109.61083984375,1063.8858276367187,1086.7483337402343,-207491134.40332538,0.024615384615384615
2024-03-18,1044.0,1066.9000244140625,1043.5999755859375,1061.3499755859375,1059.6259765625,7612407,6.967296938687614,0.014185934653198728,1089.25,1085.4789990234376,43.85699790232003,-2.9733960129460684,15.949185557277994,1125.9919476600248,1047.8830401329437,7.186145290385934,1081.998845089908,1082.935669415524,0.01428703251440222,25.235058934428764,0.07038440133865148,1032726133,30.58012833592998,16.748711053225907,1109.360841878255,1063.1058247884114,1086.2333333333333,6706363.8325178325,0.022318054433069924
2024-03-19,1055.550048828125,1060.949951171875,1046.699951171875,1050.800048828125,1049.0931396484375,6728886,6.957307104278956,-0.00998983440865775,1083.6550048828126,1084.0269995117187,41.32488278914634,-5.041921305069309,16.16761260974862,1127.194123675343,1045.4658738832507,7.523335439869096,1079.0275311602143,1081.5090664621225,-0.00994010175765847,24.47898504011689,0.07268042398406767,1025997247,20.20654738899038,22.222248895525244,1109.0016743977862,1062.3116597493488,1085.6566670735679,-45090715.030274004,0.013500070428512978
2024-03-20,1050.0,1057.449951171875,1030.949951171875,1034.75,1033.0692138671875,12619644,6.941915130628842,-0.015391973650114465,1077.05,1081.9830004882813,37.75367308560167,-7.885448761767293,16.953817822269116,1130.2416543286383,1037.0333456713618,8.601428859491902,1074.8106234306701,1078.0785367761298,-0.015274122651616096,24.62334325153711,-0.02037707159679018,1013377603,4.424780885484308,18.403818870134927,1106.7925048828124,1060.7324951171875,1083.7625,-150060839.9391278,0.025238095238095237
2024-03-21,1039.3499755859375,1050.550048828125,1028.1500244140625,1035.5999755859375,1033.917724609375,9903738,6.942736224302583,0.0008210936737409469,1068.1099975585937,1080.255,38.05895216779471,-9.955616679541436,17.782387909296354,1132.2935570923419,1030.1214453490643,9.449815287807697,1071.0762760168861,1075.7721593391564,0.0008214308634331147,24.46453476314607,-0.0416212584447301,1023281341,7.177221992899219,10.602850089124674,1104.5875101725262,1058.3724955240887,1081.4800028483073,-44408322.97336162,0.021551955491637357
2024-03-22,1040.0999755859375,1047.25,1029.949951171875,1033.300048828125,1031.62158203125,9891194,6.9405128904748565,-0.002223333827726215,1060.2950073242187,1078.59,37.52269929867515,-11.64755873050558,18.551774418678786,1132.100453738837,1023.5545511439757,10.070804683401747,1067.4785400941469,1072.3121248710993,-0.0022208640517891176,23.95278576778742,-0.1035888541277803,1013390147,4.961491375691056,5.521164751358232,1100.9491821289062,1055.9241577148437,1078.436669921875,-29968788.82266351,0.01663306339217926
2024-03-26,1029.0,1044.199951171875,1027.5,1040.550048828125,1038.8597412109375,9656767,6.947504745424723,0.006991854949866649,1053.8400146484375,1077.2610009765624,40.374715259500135,-12.262071064104248,19.362441862317528,1130.8705556463665,1019.1594492364462,10.391585806357998,1064.9139218783353,1068.566075276924,0.007016355034747512,23.43472615379368,-0.06428957797800998,1023046914,12.494068864283928,8.210927410958107,1097.8816772460937,1052.92666015625,1075.4041687011718,36684777.55911216,0.016229301430393587
2024-03-27,1045.800048828125,1057.550048828125,1044.25,1052.8499755859375,1051.1396484375,17027308,6.959256028655992,0.01175128323126895,1049.4250122070312,1075.8030004882812,44.96478772424956,-11.622597156025904,19.190707166235367,1129.8500382518007,1016.9449690724178,10.51847696628553,1063.7649746123925,1065.5569167403517,0.011820600817485705,22.975102857094132,-0.02724973221924476,1040074222,24.269973610828675,13.908511283601257,1096.0391784667968,1051.2691589355468,1073.6541687011718,151851353.3748473,0.01271758290987691
2024-03-28,1052.8499755859375,1058.4000244140625,1044.0999755859375,1047.199951171875,1045.4989013671875,10235318,6.9538751679683735,-0.0053808606876186715,1046.1050048828124,1074.34,43.31524951871384,-11.439847783513187,18.974553588222523,1129.3168799197895,1014.2931176388045,10.731780726157107,1062.1873533323433,1059.5906830077124,-0.005366409787793458,22.355456140739193,-0.05108697079040094,1029838904,19.818859490227624,18.860967321780112,1094.4300109863282,1049.8799865722656,1072.1549987792969,12063920.067820199,0.013582228389345466
2024-04-01,1052.3499755859375,1063.75,1048.9000244140625,1053.0999755859375,1051.3892822265625,5484556,6.9594934512035085,0.005618283235135024,1045.5900024414063,1073.0119995117188,45.5611322853983,-10.695642221778826,18.408987250487776,1128.8188625836701,1012.6811374163299,10.846390396202684,1061.3218887850664,1056.7641862522269,0.00563409538690296,21.94078418983818,-0.06263890488066287,1035323460,27.26301270492922,23.78394860199521,1093.166678873698,1049.226652018229,1071.1966654459636,25593982.889468715,0.014111251893809556
2024-04-02,1051.0,1055.8499755859375,1040.199951171875,1047.199951171875,1045.4989013671875,13617893,6.9538751679683735,-0.005618283235135024,1045.6699951171875,1071.5739990234374,43.69666890541422,-10.461344743800737,18.33806808335945,1128.2731215479314,1010.4368760106624,11.019375761256347,1059.9769423457149,1053.6394370376138,-0.005602530197363009,21.491444205854204,-0.10256561186654867,1021705567,20.979708253328983,22.687193482828647,1091.443341064453,1048.633319091797,1070.038330078125,-45032606.48223764,0.014890603628984301
2024-04-03,1043.800048828125,1070.300048828125,1043.75,1063.25,1061.5228271484375,11573590,6.969085534133743,0.015210366165369749,1045.8599975585937,1071.192998046875,49.72402788920185,-8.87821496429433,17.32123049200583,1124.8882105592224,1010.2217869993716,10.741031955352835,1060.2886621223136,1051.0365568640204,0.015326632521481809,21.85277310744498,-0.09157625420196192,1033279157,49.61828698448412,32.62033598091415,1089.8250142415363,1046.9299825032551,1068.3774983723958,108826920.9170536,0.02543595285125035
2024-04-04,1070.0,1080.699951171875,1059.1500244140625,1062.949951171875,1061.223388671875,17964844,6.968803294610643,-0.00028223952310035827,1047.0749877929688,1070.5019970703124,49.61709174179077,-7.560630400095306,16.391687889798554,1119.8159320395246,1010.9140606362569,10.222024543476593,1060.5421182222717,1050.5585071016137,-0.0002821996972725005,21.831141225328373,-0.16079768177441023,1015314313,65.95339752906976,45.51713092229432,1088.3466735839843,1044.8766540527345,1066.6116638183594,32682086.71258558,0.020140118465245327
2024-04-05,1061.0999755859375,1063.0,1048.0999755859375,1059.0999755859375,1057.3795166015625,9210187,6.965174746797917,-0.003628547812725813,1049.5099853515626,1069.3529956054688,48.18516017462604,-6.749294330725206,15.54360647273286,1115.282270949976,1011.2777144015863,9.781483453540643,1060.4047713045256,1049.9839060542247,-0.003621972588354727,21.336061453095095,-0.13234440503200762,1006104126,59.39850486675508,58.32339646010303,1086.0050048828125,1042.6849853515625,1064.3449951171874,-12745301.157084102,0.014042055185077855
2024-04-08,1067.0,1079.449951171875,1063.550048828125,1076.050048828125,1074.3021240234375,4967186,6.981052253420783,0.015877506622866022,1053.5549926757812,1069.0889965820313,54.42174633341683,-4.68457453818678,15.002380258708891,1105.002835556401,1016.6621546779743,8.327486317118126,1061.8947977353446,1051.455446226373,0.01600422399482171,21.265626748298125,-0.16515484757317658,1011071312,91.25957403846596,72.20382547809697,1082.749169921875,1041.4991577148437,1062.1241638183594,51881010.61935087,0.014901501727975632
2024-04-09,1090.0,1090.0,1071.3499755859375,1080.0,1078.24560546875,11385226,6.984716320118266,0.0036640666974827596,1058.2249877929687,1069.50599609375,55.75812974343909,-2.698435296268599,15.000836909162272,1098.0179807030477,1020.5020144141399,7.317935772857305,1063.6191027129307,1053.3570382520732,0.0036707875959642866,21.078798010138435,-0.14621000534720147,1022456538,84.0,78.21935963507372,1080.9716715494792,1039.7916544596353,1060.3816630045574,47274394.72695811,0.017110114141341743
2024-04-10,1086.199951171875,1093.0,1080.0,1087.800048828125,1086.0330810546875,9064074,6.991912631875902,0.007196311757636131,1062.9499877929688,1070.4169970703124,58.35486653055338,-0.4893657808838725,15.137907396047293,1093.6346744733248,1023.1553279680813,6.659077794581032,1065.922049961997,1055.3751988117733,0.007222267433449003,20.501741009414264,-0.11609041924390452,1031520612,92.0611432490458,89.10690576250396,1079.613340250651,1038.943320719401,1059.2783304850261,62891611.43014489,0.01196833049566483
2024-04-12,1079.5,1096.4000244140625,1071.0999755859375,1073.449951171875,1071.7061767578125,18045983,6.978632994128475,-0.013279637747427131,1065.0099853515626,1070.66099609375,52.275794199582485,0.1022263714789915,14.697980779098836,1088.5790937707834,1025.8559037878103,5.9328558272442145,1066.6389929343663,1059.367357632681,-0.013191852373705237,20.84447728217932,-0.16356307580533427,1013474629,66.690761814152,80.91730168773263,1077.9925069173178,1038.5074849446614,1058.2499959309894,-151677208.42530325,0.023436821517484947
2024-04-15,1063.0999755859375,1071.0,1055.25,1057.949951171875,1056.2314453125,8889435,6.964088306168769,-0.014544687959705982,1066.0849853515624,1070.7379956054688,46.625799417594344,-0.6719077128120716,13.903871053134026,1085.6099232191566,1026.5800670152182,5.589445691614915,1065.8114651474625,1060.8238883476963,-0.014439424942987555,20.655582560014725,-0.17471358435366954,1004585194,44.194398232550064,67.64876776524933,1076.2316691080728,1038.051652018229,1057.1416605631512,-142416564.47510108,0.014815163542186368
2024-04-16,1049.949951171875,1057.8499755859375,1044.3499755859375,1051.9000244140625,1050.1912841796875,7107881,6.958353354954718,-0.005734951214050987,1065.964990234375,1070.42099609375,44.59960318258882,-1.753381193004543,13.708080152235008,1085.3294591423478,1026.2255335334335,5.598142204576666,1064.4865660299959,1061.9266186608268,-0.0057185377730875064,20.151610633294922,-0.13619262847871694,997477313,35.41366584636863,48.76627529769027,1074.9408345540364,1037.975819905599,1056.4583272298178,-76140294.46053174,0.012857755729149106
2024-04-18,1044.1500244140625,1051.4000244140625,1013.8499755859375,1024.0,1022.3366088867188,17832438,6.931471805599453,-0.026881549355264767,1063.6449951171876,1069.21599609375,36.68269515926242,-4.806350896350978,14.741909165313158,1087.1024539463033,1022.2125362880715,6.152700564747948,1060.6307025985677,1059.8509513218178,-0.026523456380375676,21.430070504354212,-0.1933175369721149,979644875,12.295600739371535,30.634554939430114,1074.7908365885419,1036.6708170572917,1055.7308268229167,-357063735.1950145,0.03596231188060994
2024-04-19,1015.0,1036.949951171875,995.7000122070312,1029.0999755859375,1027.42822265625,21598007,6.936439889118343,0.004968083518890332,1060.2299926757812,1068.4569946289062,38.82055074589566,-6.736669837743193,16.26282854028044,1087.161768563341,1018.9282216710338,6.479642105389219,1057.6277762164125,1055.6182628185677,0.00498044490814209,22.845775394389182,-0.14136194115589315,1001242882,33.16778483625063,26.959017140663637,1073.8533304850262,1033.9383219401043,1053.895826212565,-45588372.7950667,0.04064033395551108
2024-04-22,1039.0,1058.5,1032.0,1053.949951171875,1052.23779296875,9410832,6.960300243317211,0.02386035419886756,1059.3299926757813,1068.3059936523437,48.02851497910748,-6.1899225816910075,16.483184975393133,1087.3054350317448,1019.0995454370054,6.476047125521048,1057.2775071645517,1055.547518526569,0.024147290035439584,23.313936038651565,-0.10138076505533071,1010653714,57.845016786181205,34.43613412060116,1074.2324971516928,1033.092488606771,1053.6624928792316,140709839.363884,0.02550529355149182
2024-04-23,1058.0,1060.25,1048.75,1055.75,1054.0350341796875,8300012,6.962006693814053,0.001706450496842038,1058.9949951171875,1068.4199926757813,48.6316254754364,-5.547425279899926,16.597321347185346,1087.2948861203226,1021.2100943484274,6.268402719845947,1057.1320302917372,1055.526187092357,0.0017079073120347399,22.470083464462167,-0.056535153488337375,1018953726,59.63255264508879,50.215118089173586,1074.1758321126304,1034.5358235677083,1054.3558278401692,56863564.37064363,0.010869565217391304
2024-04-24,1056.0,1068.949951171875,1056.0,1063.25,1061.5228271484375,5641163,6.969085534133743,0.007078840319690194,1057.714990234375,1068.3029931640624,51.17402804381973,-4.382535082999311,16.24980143579952,1087.740481067248,1023.5295018429081,6.082687647160327,1057.7146940734765,1056.4365023400685,0.007103954534690926,21.8079311578488,-0.040007144223744774,1024594889,67.08041668762793,61.51932870629935,1074.9349934895831,1036.23999226888,1055.5874928792318,47160336.45688121,0.01226321133700284
2024-04-25,1100.0,1133.949951171875,1086.0999755859375,1127.0,1125.1693115234375,46136295,7.027314514039777,0.058228979906033373,1062.414990234375,1070.1249926757812,66.39774082107925,1.6655416819000948,16.661156117392963,1103.4684375516492,1017.1715404756944,8.13875980554037,1064.3132946379073,1070.256765629732,0.05995767693392895,25.30021830170781,0.11292773929526695,1070731184,94.97290832537558,73.89529255269747,1080.404988606771,1038.6549947102865,1059.5299916585286,1976512649.6522937,0.04349997780539773
2024-04-26,1130.0,1141.3499755859375,1123.0,1130.300048828125,1128.4639892578125,10133766,7.030238406395946,0.002923892356169411,1066.664990234375,1071.7029931640625,66.9718296034219,6.6483345901829125,17.242017531532003,1116.600438664887,1013.0145393624566,9.728133993345752,1070.597747417928,1073.819792166685,0.002928171098602439,24.803772393438503,0.08424930418806129,1080864950,92.41336798069335,84.822230997899,1085.1941569010417,1043.279160563151,1064.2366587320962,681132164.9592932,0.0162389164477323
2024-04-29,1130.300048828125,1164.0,1125.300048828125,1159.25,1157.366943359375,15183242,7.05552852327157,0.02529011687562388,1075.2449951171875,1073.953994140625,71.56193610527316,12.785865485423756,18.347007883771717,1135.8890377558998,1004.3659427128503,12.290413641672163,1079.040819092411,1080.5659146753824,0.025612624897158653,25.796356591898252,0.10953225452680315,1096048192,97.17765873765651,94.85464501457518,1091.3624857584634,1046.9074991861978,1069.1349924723309,520080131.34027225,0.03423865301253275
2024-04-30,1160.1500244140625,1182.9000244140625,1155.1500244140625,1165.9000244140625,1164.006103515625,18965164,7.061248620879345,0.005720097607775365,1086.0400024414062,1075.8569946289062,72.50712474862294,17.979250721444487,19.788522683867825,1152.9586921750474,999.1662956179212,14.292143572464377,1087.3131243611397,1088.7288299113536,0.005736488603892642,25.935902549619808,0.11163953704585389,1115013356,90.9188040109746,93.50327690977485,1097.9391520182294,1052.1391703287761,1075.0391611735026,257439246.1912236,0.023919320274130258
2024-05-02,1156.0,1174.0,1148.0,1149.8499755859375,1147.982177734375,12302236,7.047386756834942,-0.013861864044403482,1095.8349975585938,1076.9169946289062,66.74142838117045,20.562904766551128,20.790467652247745,1163.3795836510283,998.4204041419404,15.261280455228285,1093.2690149539776,1093.2234737389829,-0.013766230801985913,25.940480938932676,0.07943788322770294,1102711120,82.34506053793748,90.14717442885622,1103.598319498698,1056.6833353678387,1080.1408274332682,-45821243.599670246,0.02249134948096886
2024-05-03,1150.9000244140625,1163.25,1134.0999755859375,1141.5,1139.645751953125,9993632,7.04009846596985,-0.007288290865091973,1107.5849975585938,1078.3029956054688,63.894804044929984,21.686705128180165,21.08536360565464,1170.5931776905713,1000.63681498521,15.65530720178662,1097.8624421012178,1096.0261583766573,-0.007261795680503891,26.169734044299094,0.06776111984628996,1092717488,77.88460378502715,83.71615611131313,1109.1999877929688,1060.9350036621095,1085.0674957275392,-70904803.34311925,0.02532802484638328
2024-05-06,1143.9000244140625,1156.0,1135.6500244140625,1143.6500244140625,1141.792236328125,7490104,7.041980202420863,0.001881736451013083,1119.0400024414062,1079.80099609375,64.31683172641657,22.491545477265845,21.35919556238961,1177.556689712879,1001.7133054043087,16.137824565341617,1102.2231642262507,1099.2980854467385,0.0018835080280881211,25.75403701155898,0.042720470953237194,1100207592,79.03312102533839,79.75426178276771,1113.1899841308593,1065.5450073242187,1089.367495727539,-12898996.805128295,0.017789994887325338
2024-05-07,1146.050048828125,1148.800048828125,1124.050048828125,1127.699951171875,1125.8681640625,7115509,7.02793539593938,-0.014044806481482652,1126.4150024414062,1081.09599609375,58.82361289583149,21.593433976719552,21.07401774376976,1181.3918068919638,1004.3531882252238,16.199384563362408,1104.6495248877386,1102.2410123945378,-0.013946638308655057,25.68232008216191,0.07006479068838793,1093092083,70.51278331053753,75.8101693736344,1116.6458231608074,1068.680839029948,1092.6633310953775,-79961592.07200564,0.021595915488427153
2024-05-08,1124.6500244140625,1135.449951171875,1118.25,1128.6500244140625,1126.816650390625,8175609,7.028777528860794,0.0008421329214138851,1133.7050048828125,1081.8969970703124,59.04797871130582,20.719495663967564,20.54489942689677,1184.7535387834498,1007.94646121655,16.12688261658228,1106.9352867473885,1105.1042023948241,0.000842487614901577,25.076436588569987,0.059957573742633954,1101267692,71.02030103502186,73.52206845696597,1120.2966532389323,1072.1016764322917,1096.199164835612,-21475579.124343682,0.015293603164091955
2024-05-09,1122.0,1134.550048828125,1112.199951171875,1115.6500244140625,1113.8377685546875,5226693,7.0171924955637754,-0.011585033297018654,1138.9450073242188,1082.5259985351563,54.659209482122805,18.761629513931666,19.77586118893604,1186.5999521821022,1010.0600453764915,16.07348492728235,1107.7652617632623,1112.783250786524,-0.011518185193633346,24.881698093404275,0.0348739077152652,1096040999,64.07585704341419,68.53631379632456,1123.008329264323,1074.1683329264324,1098.5883310953775,-52456532.37478123,0.019919873133912656
2024-05-10,1123.699951171875,1140.0,1113.3499755859375,1120.0999755859375,1118.280517578125,7242718,7.02117322422137,0.003980728657594135,1138.2550048828125,1082.9099975585937,55.86837080406754,17.36886291420774,19.268729265742994,1188.6701162843647,1011.9998788328231,16.0560409187688,1108.939996413041,1124.901578130014,0.003988662281625643,25.00800711630843,0.024611264379832035,1103283717,58.38300949786154,64.4930558587659,1125.6099955240884,1075.9699991861978,1100.7899973551432,4000983.5095130242,0.023716317141662186
2024-05-13,1120.0999755859375,1135.4000244140625,1105.050048828125,1132.0,1130.1612548828125,5513160,7.0317412587631285,0.01056803454175892,1138.425,1083.6139965820312,59.01602172014468,17.02901794843251,18.395093940731943,1191.722718408645,1013.3672718257297,16.17670456741389,1111.1361872308466,1129.1911248664671,0.010624073451869664,25.389576292710505,0.03480855439458214,1108796877,62.05738714071615,61.50541789399733,1128.3383280436196,1076.9633341471354,1102.6508310953777,45071486.90225955,0.027095773812566212
2024-05-14,1129.949951171875,1136.0999755859375,1118.0999755859375,1122.8499755859375,1121.026123046875,5471143,7.023625353281608,-0.00811590548152008,1134.7849975585937,1084.3669970703124,55.7248925709006,15.838778287532932,17.61390077117061,1193.5667712340382,1016.4632214417429,16.02725305803368,1112.2517861218078,1132.820054672236,-0.008083060436451017,24.861749414659755,0.08759018020365424,1103325734,52.6792456460154,57.706547428197744,1130.2416585286458,1079.596669514974,1104.91916402181,-18350232.38113158,0.015929909091400143
2024-05-15,1125.550048828125,1131.199951171875,1118.5999755859375,1128.050048828125,1126.2176513671875,5436338,7.0282458006021855,0.004620447320577092,1131.0,1085.3469970703125,57.186164436194524,15.140576096318455,16.8885071137208,1194.8645183233748,1022.1754841180312,15.578341754337158,1113.7563825700283,1134.9979991388125,0.004631138046268246,23.98590842689388,0.12541902915476302,1108762072,43.33683066283642,52.691154483189365,1133.3116577148437,1082.981671142578,1108.146664428711,12729493.052480878,0.011194504943654936
2024-05-16,1134.1500244140625,1143.949951171875,1111.300048828125,1139.300048828125,1137.4493408203125,10750526,7.038169360562074,0.009923559959888806,1129.9450073242188,1086.6489990234375,60.243265849999474,15.31844530723265,16.791556354574087,1196.1204409987267,1029.6595638840859,14.957531898881898,1116.1891126898472,1141.6156993276031,0.00997296175970841,24.604765135240743,0.15227311409280947,1119512598,43.994875710901034,46.67031733991766,1138.2766540527343,1086.0316772460938,1112.1541656494142,84872109.35082696,0.028787992453307015
2024-05-17,1132.0,1146.0,1126.0999755859375,1141.3499755859375,1139.4959716796875,9909986,7.039967029900128,0.0017976693380532538,1129.9300048828125,1087.9739990234375,60.7926345039729,15.446759270170332,16.79131145040008,1192.0466766984946,1045.4683257429115,13.101887656230057,1118.5853853466178,1142.1154415728986,0.0017992861142426264,24.268712226585155,0.216087368953222,1129422584,46.628051562767055,44.65325264550154,1142.7974853515625,1092.3175109863282,1117.5574981689454,41833866.7642405,0.017579526867546377
2024-05-21,1136.0,1145.75,1129.199951171875,1137.6500244140625,1135.802001953125,8162017,7.036720031723218,-0.0032469981769098766,1129.3300048828125,1088.7419995117189,59.20249397090493,15.076105908103955,16.79108403938136,1185.1535465111986,1063.2164608130204,10.84670986545451,1120.401065257803,1140.8853125961884,-0.0032417323792165442,23.717379126695143,0.1685177571502425,1121260567,41.87538318486798,44.166103486178734,1147.4099914550782,1099.4000061035156,1123.4049987792969,-6188087.321262278,0.014568704954335387
2024-05-22,1142.0,1142.0,1117.949951171875,1126.0,1124.1708984375,9094033,7.026426808699636,-0.01029322302358171,1129.160009765625,1089.1269995117189,54.379310664115394,13.68455382321963,16.069189971596142,1179.5496297506377,1076.0253824563936,9.179410725334103,1120.9342971380124,1135.2974804763119,-0.010240429098626103,23.741141248225848,0.12628812041218784,1112166534,30.38428717614608,39.62924064126042,1151.3124938964843,1103.5475036621094,1127.429998779297,-72693166.75528078,0.021059587415170753
2024-05-23,1126.0,1169.6500244140625,1125.75,1165.25,1163.357177734375,12818081,7.06069093525285,0.034264126553214425,1132.8200073242188,1090.4159985351562,64.7877395622549,15.569411263002849,16.640749287366933,1175.715093505533,1090.809918701498,7.492101286926337,1125.1548402677254,1134.9726333332867,0.03485790408525746,25.18106147435704,0.16195415119397413,1124984615,93.18881412236892,55.14949482779436,1157.864162190755,1106.859169514974,1132.3616658528647,311175397.2482397,0.03898758828957593
2024-05-24,1165.5,1177.0,1160.5999755859375,1174.0,1172.093017578125,8814997,7.068172000388042,0.007481065135191756,1138.6550048828126,1091.3959985351562,66.61630623352482,17.566727932200365,17.44611078314084,1170.911141738061,1106.6888704689704,5.6394688202392524,1129.8067602422277,1136.7747449392675,0.007509118214975352,24.55384454147886,0.18160611038669056,1133799612,95.8304349743983,73.13451209097114,1163.4266662597656,1112.0766662597657,1137.7516662597657,155145948.24941325,0.014071235018500643
2024-05-27,1178.9000244140625,1196.0,1168.0,1187.0,1185.0718994140625,10450046,7.079184394609668,0.011012394221626032,1145.3450073242188,1092.9069995117188,69.17729474584256,19.968423579780165,18.830091775795346,1179.6407894629517,1103.9592227440796,6.628268200588081,1135.2537354572537,1140.52025540329,0.011073253833049357,24.7999985028018,0.0619709556641663,1144249658,90.10444768354849,93.04123226010528,1165.8333353678386,1116.4683329264321,1141.1508341471354,142282381.4164711,0.02375095378755003
2024-05-28,1188.0,1192.4000244140625,1179.0,1183.4000244140625,1181.4776611328125,4018776,7.076146950873033,-0.0030374437366349483,1150.485009765625,1094.4730004882813,67.63006803822928,21.335356036643816,20.115216983260243,1185.9687533573108,1102.9412564083143,7.254762886680561,1139.8390963102831,1142.5756369806968,-0.0030328353714722533,23.985714639320424,0.06784712473918912,1140230882,86.14625360037151,90.69371208610613,1168.2550048828125,1119.3849975585938,1143.820001220703,37782463.481922664,0.01127948183001894
2024-05-29,1172.0,1185.9000244140625,1156.0,1159.75,1157.8660888671875,9418064,7.055959743631853,-0.020187207241180616,1154.1750122070312,1095.7280004882812,58.39054359682334,20.27656491954167,19.86394374106795,1186.0299484619238,1102.930061303701,7.260929575325497,1141.735372852161,1145.742583200817,-0.01998480980746331,24.408165337516287,-0.034895571946915574,1130812818,60.14291428095917,78.79787185495975,1168.7000081380208,1120.7099934895834,1144.705000813802,-135897474.5281612,0.025511966223602817
2024-05-30,1155.199951171875,1179.800048828125,1155.0,1167.949951171875,1166.052734375,7232217,7.063005312446005,0.00704556881415197,1158.1650024414062,1097.4789990234376,60.41011136428525,19.870082913647593,19.57337280082052,1186.3528258285953,1102.8121766128108,7.29878790971275,1144.2319993588005,1148.2643966009052,0.007070447227311982,24.43615701541691,-0.009489531786351252,1138045035,69.15880826025217,71.81599204719431,1168.532509358724,1120.8374898274737,1144.684999593099,-5763273.999784209,0.021468187219854856
2024-05-31,1173.0,1178.0,1153.4000244140625,1162.1500244140625,1160.2623291015625,10057642,7.058027037868105,-0.004978274577899455,1160.45,1099.5569995117187,58.2563117225292,18.862502194290983,19.206744134445966,1187.617091387936,1102.7779159362826,7.408257106774582,1145.938477935492,1151.1300206123701,-0.004965903506390035,24.447858341882668,0.03748003057111487,1127987393,62.78175507541654,64.02782587220933,1168.8241760253904,1121.2691589355468,1145.0466674804688,-40810149.30412728,0.020971846194320118
2024-06-03,1197.050048828125,1242.199951171875,1193.4000244140625,1223.9000244140625,1221.9119873046875,22197339,7.109797780336052,0.051770742467946995,1168.7050048828125,1103.1069995117186,70.36901124223967,22.784055736740584,20.91910869484956,1203.7932502239344,1094.8417595416906,9.479668605008563,1153.3633871239274,1163.636638622205,0.05313427587039232,28.419434657306226,0.09482214744511568,1150184732,86.01990801356297,72.65349044974393,1173.4841715494792,1123.9641642252604,1148.7241678873697,900187072.3986242,0.04076682241113153
2024-06-04,1224.0,1224.0,1101.550048828125,1131.25,1129.4124755859375,24135989,7.031078495014136,-0.07871928532191586,1168.0650024414062,1104.505,47.907221126023884,18.205965473586502,19.828423774415537,1203.6968864221133,1093.6981209021053,9.575955825561211,1151.257350254982,1163.1987451119007,-0.07570064757406825,35.13590012263257,0.029955997616203857,1126048743,21.116225946099824,56.63929634502648,1178.9475036621093,1119.2174987792969,1149.082501220703,-1190737622.6054878,0.10004080978094362
2024-06-05,1138.0,1193.0,1110.699951171875,1184.5,1182.5758056640625,21039499,7.07707602359884,0.04599752858470385,1173.9150024414062,1107.1789990234374,56.501277132862654,18.659530475689962,18.815644919726804,1207.7589784713,1095.3160337357313,9.764592480886233,1154.4233168973647,1164.345118359954,0.04707182320441983,38.5047678873106,0.13374226509865586,1147088242,58.976188244442824,55.370774068035246,1183.2858378092446,1117.8008280436197,1150.5433329264322,349989673.631504,0.07231990230942442
2024-06-06,1192.0999755859375,1195.9000244140625,1163.25,1170.949951171875,1169.0478515625,12006879,7.065570622438277,-0.011505401160563089,1174.4849975585937,1109.902998046875,54.05738723178626,17.721327873091923,17.782130748009557,1209.4518067224974,1097.8531981603153,9.673502924495253,1155.9972820663656,1167.3049645255735,-0.011439467140671122,38.08657192493573,0.09274977707897301,1135081363,49.34230396700584,43.144906052516205,1186.520841471354,1119.4908243815105,1153.0058329264323,8200693.394908905,0.027388662933253108
2024-06-07,1178.0,1195.199951171875,1166.75,1186.800048828125,1184.8721923828125,8583998,7.07901592955934,0.013445307121062733,1175.7650024414063,1112.9269995117188,56.43134656585284,18.04871165419786,16.82243901712926,1211.9261200955764,1102.4938872286423,9.456557800280383,1158.930878900819,1169.8416584089168,0.013536101726967287,37.39824187114568,0.12485088533319709,1143665361,60.61148893772283,56.30999371639053,1189.9316670735677,1122.2916646321614,1156.1116658528647,93438368.85233942,0.0241510621153438
2024-06-10,1185.0,1212.4000244140625,1185.0,1200.0,1198.05078125,9995057,7.090076835776092,0.011060906216751931,1177.0650024414062,1116.2609985351562,58.36101539414513,19.152513152772826,15.893261420534245,1216.166620389487,1106.243389376138,9.46630703029412,1162.8422237674076,1173.1176776802206,0.011122304203567301,36.68408348135402,0.14427666048948212,1153660418,69.99645896039243,59.98341728837374,1193.7016682942708,1125.9866658528647,1159.8441670735676,119102299.19085142,0.0231223834717827
2024-06-11,1204.449951171875,1209.3499755859375,1190.449951171875,1194.5999755859375,1192.6595458984375,9390212,7.085566659861187,-0.004510175914904657,1178.1849975585938,1119.3419970703126,57.244031432369724,19.36828146018979,15.030453652267443,1219.4172145952355,1109.2527927289832,9.461574333826524,1165.8667715596487,1176.8747134346515,-0.004500020345052036,35.413793547976056,0.0981372963887826,1144270206,66.15712148195979,65.58835646002505,1196.8283345540365,1130.2583272298177,1163.5433308919269,5895850.36146871,0.015691830445651672
2024-06-12,1192.0999755859375,1206.1500244140625,1184.0999755859375,1187.9000244140625,1185.970458984375,7199718,7.079942341847781,-0.0056243180134059045,1181.0,1122.042998046875,55.81662301580474,18.782140508299108,13.98902215628957,1220.1098385200012,1115.06517368703,8.996727378792128,1167.9651765934022,1179.384951244859,-0.005608531147498819,34.459240353700984,0.08769742614038735,1137070488,61.39355530791423,65.84904525008885,1200.3825052897137,1133.4074930826823,1166.8949991861978,-30193222.580356784,0.018496811743735693
2024-06-13,1201.800048828125,1202.0,1173.449951171875,1174.6500244140625,1172.741943359375,5321148,7.068725530649172,-0.011216811198608845,1181.6700073242187,1124.5919995117188,53.00188313886014,17.051891722535174,13.354303379072856,1219.2552546555614,1120.5797551100634,8.434398077955258,1168.6018287667985,1180.001010948563,-0.011154137324423052,34.037155244731274,0.0533271384474428,1131749340,51.973001308796015,59.84122603289004,1204.0508422851562,1135.4808227539063,1169.7658325195312,-57067881.5267856,0.02375607228171121
2024-06-14,1180.949951171875,1184.6500244140625,1170.0,1181.050048828125,1179.1314697265625,4451031,7.074159193646695,0.005433662997522681,1183.560009765625,1127.1510009765625,54.20320729034776,16.012503405209145,12.893178473673887,1219.4821984764221,1124.5278112892029,8.101875571488163,1169.7873735345438,1179.712773774912,0.005448452118540503,32.65236018539779,0.029579861450507196,1136200371,56.52332399470927,56.62996020380655,1205.503348795573,1138.7333170572915,1172.1183329264322,-31489.130429185927,0.012405288132257471
2024-06-18,1194.0,1194.0,1181.1500244140625,1191.9000244140625,1189.9639892578125,6837181,7.0833039719719775,0.009144778325282488,1180.360009765625,1130.0450024414063,56.24512399715608,15.881214275638513,12.065380794000147,1220.5732179328872,1128.4917967155504,7.839835904338967,1171.8933402849743,1179.9828268144483,0.00918671956087147,31.245045255860447,0.026808905763280357,1143037552,64.2374961378367,57.577940480447374,1207.710847981771,1141.645821126302,1174.6783345540366,49445001.57428076,0.010762123606312814
2024-06-19,1193.0,1243.3499755859375,1185.5,1226.6500244140625,1224.6573486328125,17987437,7.11204217534908,0.028738203377102423,1189.9000122070313,1133.3130029296874,62.077094207536824,18.369449695198682,12.769448702589987,1227.0628634143056,1130.9021512341317,8.15624588005273,1177.1082625829827,1184.8679529454673,0.02915512986677138,33.14539742229452,0.05922816112376654,1161024989,88.22287743462822,69.66123252239144,1213.8241780598958,1143.6291585286458,1178.726668294271,433190624.35809356,0.04849117819441534
2024-06-20,1230.0999755859375,1241.5,1220.4000244140625,1239.5,1237.486572265625,8206858,7.122463351475245,0.010421176126165221,1195.4000122070313,1136.84400390625,63.988538994833505,21.13465270945653,13.423226046280552,1233.1749506743174,1136.1400639741203,8.19096541407731,1183.0503328131747,1188.0134316274848,0.010475665699412273,32.28501014826902,0.10333069974495429,1169231847,97.28492413644679,83.24843256963727,1218.9341756184895,1149.0341634114582,1183.984169514974,214702158.07753512,0.017153057478833687
2024-06-21,1246.0,1246.0,1223.75,1237.449951171875,1235.4398193359375,29311314,7.12080805012751,-0.0016553013477347278,1202.0500122070312,1140.4110034179687,63.43916989489592,22.89673490574023,14.162326134520244,1241.0301065729439,1135.5049031926812,8.880593212104168,1188.2312488473365,1196.7727928888712,-0.001653932092073429,31.56822370910695,0.08149058237357666,1139920533,94.08096108114869,93.19625421740794,1221.96083984375,1154.225830078125,1188.0933349609375,31507636.081509113,0.017857142857142856
2024-06-24,1231.0,1235.75,1225.050048828125,1228.0999755859375,1226.10498046875,6676530,7.113223518736799,-0.007584531390711469,1206.1800048828125,1143.452001953125,60.872249843056025,23.2704851847966,14.848633359314245,1246.0291732751025,1135.9158340491163,9.245665948407696,1192.028270441489,1195.0637633054996,-0.007555841411673203,30.199057897295738,0.04615797009948177,1133244003,87.6081478263956,92.99134434799707,1224.6308369954427,1157.4658345540365,1191.0483357747394,-31114382.97201649,0.008692080562043054
2024-06-25,1234.449951171875,1278.75,1226.0,1271.449951171875,1269.3846435546875,17607952,7.147913222051979,0.03468970331518051,1213.325,1147.2810009765626,67.44863347692404,26.756236473707077,16.617502591759006,1260.4030274200388,1129.9869750213672,10.911696607287695,1199.5922400348593,1208.1491002496668,0.03529840928891392,31.809839476060326,0.082040419079549,1150851955,95.65602695207116,92.44837861987185,1229.6216695149737,1159.9816670735677,1194.801668294271,498498065.2215674,0.04273158255620159
2024-06-26,1281.0999755859375,1292.949951171875,1259.199951171875,1285.4000244140625,1283.31201171875,13956370,7.158825251930543,0.010912029878563878,1222.4050048828126,1151.2330004882813,69.24029802549447,30.295150175521258,18.556879472214003,1276.1080055610028,1124.4819968804036,12.632395246701448,1207.7644099757356,1220.5079157089845,0.010971783222241571,31.948422370627444,0.11493439296048175,1164808325,94.17892860436969,92.48103446094552,1235.3516662597656,1163.6766662597656,1199.5141662597657,295960944.2039014,0.026344548156410463
2024-06-27,1310.0,1310.0,1280.0,1288.949951171875,1286.856201171875,22311393,7.161583174545247,0.002757922614703645,1232.5099975585938,1155.5430004882812,69.69738119086108,33.00574452456863,20.68595800353525,1289.3615721172928,1124.1484254413008,13.69069503280407,1215.4963662801297,1233.2764579898248,0.0027617291818791134,31.809249344154058,0.10198491036776201,1187119718,85.30537603621292,91.71344386421795,1241.6449971516927,1169.959999593099,1205.8024983723958,151456188.74448082,0.022900763358778626
2024-06-28,1283.0999755859375,1289.9000244140625,1261.5999755859375,1265.25,1263.1947021484375,7167069,7.143025010094187,-0.01855816445105951,1241.5699951171875,1159.6890014648438,62.969811042250285,32.862701319660346,21.7437785363314,1295.954689535923,1127.2853129054834,13.920979883173427,1220.234807586784,1237.5524917253397,-0.018387022048705348,31.558592164437698,0.08068558419820855,1179952649,68.03571428571429,82.50667297543234,1247.0533304850262,1175.0183329264323,1211.0358317057292,-62754060.648812376,0.022055996700648027
2024-07-01,1273.0,1273.0,1256.449951171875,1261.9000244140625,1259.8502197265625,5797015,7.140373820005931,-0.0026511900882564277,1249.6549926757812,1163.8890014648437,62.05797190814748,32.10889219420551,22.479456738565403,1300.4466296372143,1132.768372804192,13.782444762569648,1224.2029234750962,1240.8570045710203,-0.0026476787875420182,30.486553354701076,0.08555751200126598,1174155634,65.64287458147321,72.99465496780017,1251.6141662597656,1180.3841613769532,1215.9991638183594,-33864592.697146446,0.013000823902690495
2024-07-02,1265.0,1267.8499755859375,1238.25,1253.4000244140625,1251.364013671875,9945447,7.133615157268844,-0.006758662737087029,1255.8049926757812,1168.477001953125,59.695904217982275,30.474325019627486,22.32888807595392,1303.4077537976623,1132.7572486437439,14.009765757483647,1226.9835997549976,1244.0737456054494,-0.006735874344678594,30.423226371217964,0.06835125799420848,1164210187,59.571446010044646,64.41667829241075,1252.3208353678385,1183.0108256022136,1217.6658304850262,-67645730.56571548,0.02339919018651186
2024-07-03,1260.0,1288.5999755859375,1243.5999755859375,1280.0,1277.9207763671875,15171347,7.154615356913663,0.021000199644818807,1261.139990234375,1173.4950024414063,64.27812492585653,30.968330841048555,22.745934321341725,1305.005294072211,1146.0347083691952,12.97168430908268,1232.0327807307121,1248.608016105167,0.021222255519240507,31.46442448755954,0.16214390482738003,1179381534,78.57142857142857,67.92858305431551,1254.371669514974,1192.8066548665365,1223.5891621907551,246489729.68195224,0.03571428571428571
2024-07-04,1288.0,1293.0,1268.5,1280.9000244140625,1278.8193359375,4817380,7.155318253897175,0.0007028969835118914,1265.2799926757812,1178.03400390625,64.42549977195728,31.07425380720315,23.245397794069365,1310.97401155896,1149.7059933238527,13.107597730310125,1236.6868039386502,1251.5581290144517,0.0007031440734863725,30.966965595591002,0.09927170230934387,1184198914,79.21430315290179,72.45239257812504,1257.3850016276042,1201.599991861979,1229.4924967447919,85053749.63519503,0.019021739130434784
2024-07-05,1272.0,1295.4000244140625,1270.9000244140625,1287.050048828125,1284.9593505859375,8593502,7.16010809481835,0.00478984092117507,1270.2400024414062,1182.6600048828125,65.47370501317317,31.29371957374883,23.772837878940397,1315.5479123963196,1156.742102252118,12.846859325020082,1241.4833034519336,1255.0420154624594,0.004801330546367888,30.50503948162022,0.14221380259878316,1192792416,82.18862590581683,79.99145254338244,1262.3650024414062,1207.3949951171876,1234.8799987792968,63584747.94659495,0.019261006289308175
2024-07-08,1285.0,1297.4000244140625,1279.5999755859375,1287.8499755859375,1285.7579345703125,4216951,7.160729421297796,0.000621326479445905,1276.2150024414063,1187.1520043945313,65.61561951960257,31.17285392338931,24.318367972860862,1320.257014283566,1162.1379930406526,12.739231329130835,1245.8991769885054,1258.4862487644527,0.0006215195427254905,29.597540149227704,0.12731783691648352,1197009367,82.20881573167671,81.20391493013182,1267.1008402506511,1213.1958231608073,1240.148331705729,23443750.609721106,0.013852178076361868
2024-07-09,1284.0,1295.0,1279.199951171875,1289.4000244140625,1287.305419921875,6930340,7.161932291810956,0.00120287051316037,1278.010009765625,1190.4000048828125,65.90804055841619,30.84656303348902,24.8022329431177,1325.013155777001,1166.3218539886238,12.739459058403085,1250.0421148385585,1264.2287004756492,0.0012035942520554066,28.612005054863225,0.13420563095059304,1203939707,77.0089495547021,80.46879706406526,1270.9575073242188,1218.2124877929687,1244.5849975585938,14976160.466912244,0.012305333978290499
2024-07-10,1284.199951171875,1294.0,1275.1500244140625,1291.6500244140625,1289.5518798828125,9020489,7.163675768711737,0.00174347690078136,1278.635009765625,1193.6270043945312,66.35532680890222,30.418881418513365,25.01099333985341,1328.6407158901163,1172.3992987583213,12.494115745185898,1254.0047728933682,1267.0427313957734,0.0017449976402958978,27.914717235654244,0.19134948120798365,1212960196,78.72466598731884,79.31414375789926,1275.3950073242188,1222.6549926757812,1249.025,18522786.98897075,0.014678380550268884
2024-07-11,1301.050048828125,1301.4000244140625,1276.949951171875,1296.75,1294.6435546875,7848846,7.167616413231509,0.00394064451977183,1279.4150146484376,1196.3770043945312,67.39939649695509,30.143984970119618,25.4532457860823,1330.9795170251336,1180.9454951818975,11.94574050691211,1258.0757469035236,1274.9768032836294,0.003948419068277476,27.667242664692335,0.2359226295329297,1220809042,84.40258079349341,80.04539877850482,1280.4641743977863,1227.4841573079427,1253.9741658528646,32860210.981512386,0.018792569328297586
2024-07-12,1293.9000244140625,1339.6500244140625,1293.9000244140625,1317.300048828125,1316.1751708984375,11278987,7.183339503302603,0.01572309007109407,1284.62001953125,1199.4050048828126,71.26842595856114,31.224409198036255,26.90205600921569,1332.766927972066,1193.4230866763717,11.0319366704556,1263.7161566106283,1280.3420453857502,0.015847348238384518,28.958868188642885,0.25300893485056297,1232088029,80.33438558313937,81.15387745465058,1288.0033406575521,1233.303328450521,1260.6533345540363,165475892.71502885,0.035358218669728915
2024-07-15,1316.699951171875,1324.4000244140625,1305.0,1307.449951171875,1306.33349609375,11537127,7.175833916944018,-0.0075055863585848925,1289.1750122070312,1202.5570043945313,67.15443388362297,30.92929891743779,28.247379787839552,1330.5836573183558,1208.2463475644565,9.637298245145494,1267.8812799021757,1285.746358993747,-0.007477489782994118,28.276093633315718,0.19671040021560482,1220550902,68.24451135169363,77.66049257610884,1294.9266723632813,1239.75166015625,1267.3391662597655,-20602587.510029443,0.01473382329572983
2024-07-16,1307.449951171875,1318.449951171875,1299.699951171875,1304.0,1302.886474609375,5433264,7.1731917424865985,-0.002642174457419877,1294.235009765625,1205.8070043945313,65.72342101125116,30.07040673610777,29.154807816504142,1326.5316537053723,1223.508348736034,8.080132458369588,1271.3211580067305,1287.3543925727765,-0.002638686986666472,27.595658373793164,0.16423949536926163,1215117638,64.8421934609333,71.14036346525546,1301.1400044759116,1245.374989827474,1273.2574971516926,-19363859.505947314,0.014340893112730064
2024-07-18,1300.0,1318.5999755859375,1294.5,1309.4000244140625,1308.281982421875,6787511,7.177324314652219,0.004132572165620907,1297.1750122070312,1209.1220043945314,66.91194392611035,29.485573991901674,29.65984709555986,1327.6697778566381,1230.6452245847681,7.58503571133963,1274.9477167121906,1287.4517286320126,0.004141123016919046,27.345966746089186,0.14468550685728382,1221905149,70.16766004268848,67.75145495177185,1303.9025044759114,1251.512489827474,1277.7074971516927,17980530.238496076,0.018538442758413463
2024-07-19,1305.6500244140625,1309.0,1288.199951171875,1292.3499755859375,1291.2464599609375,4496066,7.164217526597956,-0.013106788054263241,1298.3200073242188,1212.4150048828126,59.85487724855915,27.331235906967777,29.720972469206533,1327.0302396695902,1236.5697603304097,7.0573006193774726,1276.6050747001666,1288.7899119807937,-0.01302126814588589,26.90697435295335,0.10248394858104037,1217409083,53.35302027642779,62.787624593349896,1307.02333984375,1254.663317871094,1280.843328857422,-45111919.810149744,0.015930799555156024
2024-07-22,1283.3499755859375,1292.3499755859375,1278.199951171875,1282.5,1281.4049072265625,6695557,7.1565665770449245,-0.007650949553031694,1297.8650024414062,1215.4920043945312,56.169234080853485,24.546144073945243,29.15445230019883,1324.452900278098,1243.6521046047144,6.29263955482776,1277.1664961572935,1289.811751441908,-0.00762175553991995,25.995763643032575,0.06441050530932664,1210713526,43.63904274747222,55.71990768886287,1309.0491739908855,1257.4991495768231,1283.2741617838542,-59004688.5928852,0.011025850066815984
2024-07-23,1288.5,1291.0999755859375,1251.0,1263.25,1262.1712646484375,8789327,7.141443044172018,-0.015123532872906686,1295.4050048828126,1218.44400390625,49.725032984512374,20.548751394808278,27.20373973151207,1318.677140325689,1252.94286699853,5.1122851074374465,1275.8411155708848,1291.3948144396284,-0.015009746588693917,27.003207353240068,0.06077458520740318,1201924199,20.45810976028224,39.15005759472746,1312.4600077311197,1257.969980875651,1285.2149943033855,-132464592.6976284,0.031121440113261543
2024-07-24,1262.9000244140625,1267.3499755859375,1226.6500244140625,1239.25,1238.1917724609375,10344860,7.122261636900683,-0.01918140727133455,1290.3900024414063,1220.8270043945313,43.08775985814009,15.268187314062288,26.120810685733403,1322.4387936183725,1245.9612185886585,5.955269791795139,1272.3562474212767,1289.7793141021903,-0.018998614684345938,27.98154619742828,-0.02884021056204801,1191579339,11.150420872511061,25.08252446008854,1311.1416727701821,1257.856650797526,1284.499161783854,-209672624.2325428,0.032227373810336434
2024-07-25,1200.0,1200.0,1155.5,1175.9000244140625,1174.8958740234375,32979871,7.069789111591392,-0.05247252530929103,1278.8150024414062,1221.7050048828125,31.23586005171485,5.903437491077511,27.001598711708873,1339.4521958014136,1217.9978164056176,9.498084327441703,1263.1699404682088,1262.5713147699441,-0.05111960910707081,31.96500718332626,-0.07832861795244488,1158599468,11.077937393151203,14.228822675314873,1306.5766743977865,1252.2166524251302,1279.3966634114583,-1462740223.1957595,0.037083333333333336
2024-07-26,1165.0,1183.1500244140625,1155.25,1177.3499755859375,1176.3446044921875,18554648,7.071021408504479,0.0012322969130869055,1266.875,1222.7950048828125,31.69893696278932,-1.385227233915657,27.824462445699485,1347.9628894464395,1198.3271252019981,11.753238113774039,1254.9966104794212,1249.6665443317352,0.00123305650290928,31.674651271235994,0.021184087372140777,1177154116,11.984800791735761,11.404386352466046,1300.4183430989583,1246.2683186848958,1273.343330891927,-469644518.65770113,0.023948518810354077
2024-07-29,1182.3499755859375,1194.5999755859375,1163.6500244140625,1170.050048828125,1169.0509033203125,19598573,7.064801803653077,-0.006219604851402494,1252.15,1223.6350048828126,30.582302318079044,-7.662263814132984,28.06407694627922,1355.6795287433686,1181.0904907878814,13.764672131196825,1246.9064617507263,1239.656005149451,-0.006200303146207231,31.622886978424496,-0.00964463663579494,1157555543,8.026055785595837,10.362931323494303,1295.743339029948,1241.3283243815104,1268.5358317057294,-251926937.8576615,0.026176641274540665
2024-07-30,1164.0999755859375,1180.0,1160.199951171875,1170.0,1169.0009765625,18090045,7.064759027791802,-4.2775861274435556e-05,1238.4050048828126,1224.24900390625,30.574350183356913,-12.496843220089431,28.369700596010205,1361.0699546849,1166.5100624049437,15.394954143051418,1239.5820368220857,1230.3650005716534,-4.277494640092527e-05,30.778398539117386,-0.0009851183589775002,1139465498,7.99891434226684,9.33659030653285,1291.2200052897138,1236.479990641276,1263.8499979654948,-84579236.32120618,0.017008890338786282
2024-07-31,1157.0,1171.0,1154.0,1166.0999755859375,1165.104248046875,17347076,7.061420105589779,-0.0033389222020234754,1224.6150024414062,1224.74400390625,29.921438975689654,-16.453317998868215,28.806631713308867,1365.605291889535,1153.2447203174963,16.861708362378202,1232.5837452757858,1221.0942204802143,-0.003333354200053429,29.794227214894715,0.030165987933203447,1122118422,6.51762671409644,7.514198947319744,1286.1166727701825,1232.6366556803387,1259.3766642252604,-73295758.71546715,0.014693171996542784
2024-08-01,1168.0,1175.6500244140625,1165.449951171875,1172.300048828125,1171.299072265625,11190500,7.066722951729343,0.00530284613956411,1210.9050048828126,1225.4370043945312,32.39317236038116,-18.87102523928843,28.972622784684372,1366.2529572454002,1141.8270598444435,17.896231050982248,1226.8424408521992,1215.014926573025,0.005316931113965584,28.394644788272767,0.0060624682812236794,1133308922,9.857283286593965,8.124608114319118,1279.3966776529946,1229.3966532389322,1254.3966654459637,21822693.50597709,0.008732939419681078
2024-08-02,1164.0,1167.800048828125,1156.0999755859375,1160.8499755859375,1159.8587646484375,10581445,7.056907753353383,-0.009815198375959788,1197.7550048828125,1226.13400390625,30.269818422743953,-21.463582051082312,29.378962559346373,1366.5288984993394,1129.5461137076918,18.98843453283139,1220.5574441601743,1205.6132545387372,-0.00976718652672015,27.523603963552393,-0.002984574801201651,1122727477,4.0199381481850285,6.798282716291848,1272.7958475748699,1224.0758158365886,1248.435831705729,-73497982.33679344,0.010051609314594073
2024-08-05,1142.0,1151.449951171875,1124.300048828125,1133.5,1132.5321044921875,12013362,7.033065469947584,-0.023842283405799414,1182.8550048828124,1225.49900390625,25.902249612752854,-25.43195273896049,30.494115120346738,1367.3395542199241,1113.3804531042947,20.474628363203117,1212.2662590020625,1194.3397385147646,-0.023560301642021053,28.168341305999544,-0.03121068001098089,1110714115,4.734922614429181,6.204048016402762,1265.5266743977863,1216.54165242513,1241.0341634114584,-243542765.71561736,0.02377399504706655
2024-08-06,1140.0,1151.0,1123.0999755859375,1126.0999755859375,1125.138427734375,8571122,7.026515593022789,-0.006549876924794695,1169.1400024414063,1224.5410034179688,24.857185841942652,-28.84156758740596,31.554698591716768,1366.5192427338388,1098.0257645903798,21.788482445688025,1204.0599462957648,1188.2307414373122,-0.006528473236932064,28.149175813718326,-0.05760410524085008,1102142993,1.5345268542199488,3.42979587227809,1258.2875061035156,1208.2924865722657,1233.2899963378907,-123465263.27581127,0.024473705626370613
2024-08-07,1138.800048828125,1144.800048828125,1127.0,1136.800048828125,1135.829345703125,8370312,7.035972619735146,0.009457026712357042,1158.8950073242188,1223.5370043945313,29.299084316599746,-30.330672322994815,32.53952610084608,1362.3363922811182,1086.948617484507,22.4871971778379,1197.6542417750372,1181.594794685101,0.009501885688808498,27.474239915751838,-0.06214771204927894,1110513305,7.3695919542607395,4.546347140969994,1250.8041748046876,1200.6091552734374,1225.7066650390625,18553546.548036866,0.01563053043986258
2024-08-08,1133.0999755859375,1142.800048828125,1126.0,1138.1500244140625,1137.17822265625,7903428,7.037159437644052,0.001186817908905624,1155.1200073242187,1222.6320043945314,29.86240524716287,-31.044010774814524,33.477948404091684,1355.9717221844417,1077.9632875811835,22.844359729229488,1191.9871734549445,1176.9891473260082,0.0011875224559756425,26.71179769520706,-0.07604167268405224,1118416733,8.892200193870014,5.932106334116938,1243.1375122070312,1193.1474853515624,1218.1424987792968,13297472.079488851,0.014826625355311233
2024-08-09,1152.0,1155.699951171875,1139.949951171875,1142.75,1141.774169921875,6262086,7.041192917211854,0.00403347956780209,1151.660009765625,1222.2920043945312,31.854822403839165,-30.882166657278503,33.53252275511458,1346.794268563268,1071.7407412023572,22.745465850218604,1187.2979188401878,1172.2038455595755,0.004041624994302273,26.057378342536023,-0.11412705164753532,1124678819,11.696443103608631,9.319411750579832,1235.4241739908855,1186.3041544596354,1210.8641642252605,23636119.171190295,0.013671875
2024-08-12,1146.0,1169.0999755859375,1135.8499755859375,1164.300048828125,1163.305908203125,9078384,7.059875368980721,0.018682451768867736,1151.085009765625,1222.2190063476562,40.39710911935418,-28.684339973121723,32.80914647939196,1331.0382491202286,1072.1967606453964,21.54108835989999,1185.1076455057057,1167.0213679700103,0.01885806066779705,26.571137032354876,-0.08877900574603012,1133757203,28.56157590446274,16.383406400647164,1226.7725056966146,1178.9024861653647,1202.8374959309897,138305118.71070927,0.029013961605584643
2024-08-13,1161.3499755859375,1179.5999755859375,1155.4000244140625,1159.5999755859375,1158.6097412109375,6180463,7.055830375993635,-0.004044992987086715,1150.0450073242187,1222.1680053710938,39.241720443883466,-27.010443542197663,31.575274978425064,1315.2379231921323,1073.212089014899,20.266351226969235,1182.6783436085848,1162.6621407888329,-0.004036823022482983,26.40176661374917,-0.07084185060486338,1127576740,47.46422420293191,29.24074773700113,1219.641668701172,1171.2916564941406,1195.4666625976563,26735953.72314984,0.020837776450346387
2024-08-14,1159.0,1159.0,1148.6500244140625,1153.0999755859375,1152.1153564453125,5021841,7.050209225604525,-0.005621150389109708,1148.7450073242187,1220.7520043945312,37.63846353572614,-25.90969342062226,30.68465587450085,1297.7860879684583,1075.5739217971666,18.725533863969986,1179.8613561778566,1159.3688689266653,-0.005605381283934174,25.29806551075816,-0.06119190520207718,1122554899,41.95804195804196,39.327947355145575,1211.531669108073,1164.021659342448,1187.7766642252604,-12849326.425616719,0.008930091100895168
2024-08-16,1166.4000244140625,1170.0,1149.5999755859375,1166.8499755859375,1165.8536376953125,6107134,7.062063068397841,0.01185384279331636,1148.2,1221.46400390625,42.94848511417552,-23.655149098355423,29.269912473849775,1275.5106282466677,1083.5943766361447,16.270259374915476,1178.6221770738643,1157.893735193443,0.011924378016757053,24.948205432422757,-0.0499107315004359,1128662033,61.18881118881119,50.20369244992839,1204.079170735677,1156.9391560872396,1180.5091634114583,51698952.85812776,0.017489732499200168
2024-08-19,1169.0,1171.300048828125,1150.199951171875,1153.25,1152.2652587890625,6691823,7.05033932243793,-0.011723745959911547,1147.4400024414062,1220.83900390625,39.37704995543182,-22.70409220772717,27.88719097963199,1253.8882424541519,1091.306764870067,13.865071098678863,1176.2057792573057,1155.2369953030482,-0.011655290629035808,24.67334059126756,-0.0583564241053511,1121970210,52.98771788683293,52.044857011228736,1197.180841064453,1150.0108215332032,1173.5958312988282,-43439435.33090077,0.01804969859388366
2024-08-20,1158.0,1177.0,1154.6500244140625,1168.0,1167.002685546875,6721749,7.0630481633881725,0.012708840950242717,1150.8900024414063,1220.7800048828126,44.74383537924083,-20.523587895038418,26.2929050401818,1230.6345408086804,1103.1104665155385,10.928706768984673,1175.4242764708956,1153.6618989968092,0.012789941469759425,24.607387691891308,-0.04127331166998292,1128691959,79.46906975940266,64.54853294501562,1191.700840250651,1143.7108256022134,1167.7058329264323,51617386.72303307,0.0193004970517595
2024-08-21,1166.5999755859375,1178.0,1161.5,1174.4000244140625,1173.397216796875,9480630,7.0685126786487915,0.005464515260618974,1155.7200073242188,1220.5320043945312,46.93880486314615,-18.070785270641636,24.756599361256104,1208.6929766110388,1116.167033154586,7.959700202833334,1175.3267286559592,1153.6013672096126,0.005479472957245379,24.02828857104193,-0.003229696940842544,1138172589,90.79654659845133,74.41777808156235,1185.6633422851562,1140.0333251953125,1162.8483337402345,57656637.881473266,0.014143665648297906
2024-08-22,1179.699951171875,1181.0,1168.949951171875,1169.949951171875,1168.950927734375,5841326,7.064716250100674,-0.0037964285481173476,1159.0349975585937,1219.9310034179687,45.58292821216028,-16.298130535569044,23.154969808948827,1189.3506104479613,1128.5793944348513,5.243576457019237,1174.814654609856,1152.855899403812,-0.0037892312241799564,23.172700017976435,-0.007407658623753661,1132331263,80.91529504529672,83.72697046771695,1180.6750122070312,1137.9099853515625,1159.292498779297,1889326.9394949973,0.010214503116792435
2024-08-23,1170.0,1173.949951171875,1163.5,1165.949951171875,1164.954345703125,5121962,7.061291442465934,-0.00342480763474029,1161.814990234375,1219.3580029296875,44.343016108017046,-15.04265311594736,21.972994186980152,1188.0427256129724,1128.8922719456214,5.105922585629652,1173.970397139572,1152.7029867316562,-0.0034189496704482014,22.263932243254906,-0.008336388780898986,1127209301,74.0068350912997,81.9062255783493,1178.505841064453,1139.145819091797,1158.825830078125,-13028789.686835,0.008931582198183761
2024-08-26,1171.699951171875,1175.25,1166.0999755859375,1170.300048828125,1169.30078125,3392612,7.065015446903462,0.0037240044375277392,1164.5699951171875,1219.0060034179687,46.061368767022074,-13.540574377386747,20.7908010229142,1186.9401527385232,1129.2898521442892,4.977942645825524,1173.6208401575293,1155.4071064604377,0.0037309471576183473,21.337940570745626,-0.06959257922451233,1130601913,81.51995395484454,78.81402803048036,1177.5000081380208,1140.0149861653647,1158.7574971516926,5495865.777565415,0.007809187330690855
2024-08-27,1170.0,1184.8499755859375,1164.25,1181.25,1180.2413330078125,8702113,7.074328478807953,0.009313031904491176,1166.264990234375,1219.1380029296874,50.22703087159382,-11.335923142554293,19.530015055481464,1188.8112150335019,1128.538784966498,5.201840901633662,1174.3474268091932,1159.3558874563685,0.009356533123996424,21.285228786116473,0.025360220074469697,1139304026,93.88279170875691,83.13652691830042,1177.0166748046875,1140.566650390625,1158.7916625976563,65357096.88728092,0.01760681674011752
2024-08-28,1177.0,1181.699951171875,1169.3499755859375,1170.949951171875,1169.9500732421875,5483503,7.065570622438277,-0.008757856369675743,1167.3999877929687,1218.9360009765626,46.5826785233131,-10.30110429650972,18.359285228579637,1188.932863208939,1128.5121319082484,5.2144263555765775,1174.0238577008772,1162.3358348544211,-0.008719618055555545,20.64699641467512,0.0031170364062587156,1133820523,76.38057743326578,83.92777436562244,1176.8408365885416,1141.1358194986979,1158.98832804362,-15867866.803686306,0.01049275750716865
2024-08-29,1169.0,1179.9000244140625,1163.4000244140625,1175.4000244140625,1174.3963623046875,7290114,7.069363814949404,0.003793192511126975,1169.6299926757813,1218.6060009765624,48.32712651149425,-9.017965690727351,17.23000184030627,1190.1155427385843,1128.2594572614157,5.336158773034437,1174.154921197371,1165.486819214651,0.003800395770744869,20.35078238505547,-0.02356131911504022,1141110637,80.7143853635204,83.65925150184773,1177.2758382161458,1141.620821126302,1159.448329671224,16338405.228035554,0.014114627887082978
2024-08-30,1177.0,1182.949951171875,1171.8499755859375,1175.25,1174.2464599609375,10190506,7.06923616990424,-0.0001276450451639377,1170.4699951171874,1217.5780004882813,48.26989545806329,-7.921856586000331,16.033643104611237,1190.5386800242347,1128.131315092953,5.383031225892727,1174.259214416669,1167.9556651952082,-0.00012763689888239949,19.69001047083276,-0.07598313013349424,1130920131,80.40821308992346,79.16772529556992,1177.5983317057294,1141.8533243815104,1159.7258280436197,4426918.614911592,0.009430735417109176
2024-09-02,1176.0,1194.0,1174.0999755859375,1188.800048828125,1187.784912109375,6432362,7.080699715036951,0.011463545132710529,1174.025,1216.5640014648438,53.61307706785484,-5.891888502434767,15.657590916759162,1194.4821167896641,1126.9828856517422,5.8152271145104715,1175.6440557891885,1170.3134146326568,0.011529503363645999,19.70501146677774,-0.0432250745283274,1137352493,88.53372883956426,83.21877576433609,1179.2108296712238,1142.6458272298175,1160.928328450521,59581518.99175438,0.01692178946774022
2024-09-03,1188.0,1193.550048828125,1176.699951171875,1191.5999755859375,1190.58251953125,7920246,7.0830522003506555,0.0023524853137049107,1176.3849975585938,1215.647001953125,54.655330454575065,-4.010957658534608,15.308399599467949,1197.512547595721,1129.7624524042792,5.822268119705809,1177.1636671984027,1172.0938494033028,0.0023552545784066847,19.501089051740045,0.026265940162577738,1145272739,94.70777132059423,87.88323775002736,1181.2391723632813,1145.704150390625,1163.471661376953,34644578.799823076,0.014183583885732324
2024-09-04,1182.699951171875,1189.6500244140625,1173.300048828125,1177.699951171875,1176.6943359375,6527941,7.071318621386922,-0.011733578963733393,1176.714990234375,1214.6390014648437,48.79398143696137,-3.6004188291528862,14.702668052282279,1195.8592030753166,1136.5757944832771,5.083392133465034,1177.214741862543,1173.616019089023,-0.011665008978560598,19.415291745030938,0.05342149744359067,1138744798,63.288198501615234,82.17656622059128,1183.0025044759113,1148.6224873860676,1165.8124959309896,-48944166.58243202,0.013824280257843227
2024-09-05,1182.0,1182.8499755859375,1173.449951171875,1180.550048828125,1179.5419921875,4234766,7.0737357519234605,0.002417130536538359,1177.775,1212.8210034179688,49.97852333755796,-3.0103829665558806,14.140203044181302,1195.3771535769242,1141.4328439816695,4.6169187611841425,1177.5323901449794,1174.6009293613868,0.002420054151665685,18.699915507104624,0.0648416079922015,1142979564,69.29238315543046,75.76278432588002,1184.7200012207031,1151.1799865722655,1167.9499938964843,-8268391.093232549,0.007952643328310067
2024-09-06,1176.0,1181.3499755859375,1150.800048828125,1158.75,1157.760498046875,9874576,7.055097116880065,-0.0186386350433958,1177.0550048828125,1210.2880029296875,41.979312422723744,-4.2528330323880255,14.287674782272134,1193.0744698454957,1145.7955252716918,4.04288777679027,1175.743591083553,1174.6124219483506,-0.018466009848345566,19.546344882155186,0.0033913578836096713,1133104988,18.402685549910426,50.32775573565207,1186.8066609700522,1151.8916585286458,1169.349159749349,-146266956.335765,0.0259778288756909
2024-09-09,1158.0,1175.5999755859375,1145.0,1170.8499755859375,1169.8502197265625,7700940,7.06548523889645,0.010388122016385282,1177.1099975585937,1207.9260034179688,47.045468536769256,-4.212557019761334,14.760521501525174,1191.0615486360464,1150.6184440397349,3.454195681972595,1175.2775324647325,1174.3176566282393,0.010442265877831813,20.335889932425353,0.07108056425252093,1140805928,52.755052216198976,46.81670697384666,1188.4333272298177,1152.0333272298178,1170.2333272298176,13365138.547258012,0.026424849383365718
2024-09-10,1178.9000244140625,1190.8499755859375,1173.3499755859375,1187.199951171875,1186.1861572265625,8723854,7.079352831284304,0.013867592387853733,1177.7049926757813,1206.3650024414062,53.015390044468745,-2.8287238346968024,14.015384384905966,1193.166175648164,1150.8038072619925,3.6145828398004056,1176.4130009130317,1175.460258601874,0.013964193472144393,20.311897794394973,0.06129158137322692,1149529782,86.12234933035714,52.42669569882222,1189.0149922688802,1154.1899922688801,1171.6024922688803,99544912.79260814,0.014844346117218769
2024-09-11,1187.199951171875,1194.8499755859375,1181.0,1186.0999755859375,1185.087158203125,6000329,7.078425872451753,-0.0009269588325508948,1179.2199951171874,1204.8490014648437,52.585868293323585,-1.8000352169610778,13.045596365877199,1194.541781196137,1152.078201714019,3.6191270671322564,1177.335569929499,1176.318504507668,-0.0009265293389304485,19.850331922362297,0.07922338890295813,1143529453,82.44733342965098,73.77491165873575,1189.6199930826822,1155.829990641276,1172.7249918619793,28781493.992474202,0.011666085036700267
2024-09-12,1190.0999755859375,1205.699951171875,1176.75,1203.3499755859375,1202.3223876953125,7592871,7.09286459269,0.014438720238246994,1182.014990234375,1203.8480004882813,58.292595367154426,0.40249900168623753,12.787145259111213,1198.7207326896971,1152.924250220459,3.894846611801498,1179.8131323729692,1178.1922779694555,0.014543462064804835,20.50030472589892,0.12821300252054332,1151122324,96.12853793031329,88.23274023010715,1192.6341573079428,1156.9841573079427,1174.8091573079425,96911847.83082473,0.024325646387499244
2024-09-13,1209.9000244140625,1219.550048828125,1201.0,1217.449951171875,1216.410400390625,6762566,7.10451374624475,0.011649153554750491,1186.2349853515625,1202.5969995117186,62.288100171787455,3.248328718289031,13.316809253478999,1207.1482147197244,1149.5567657490255,4.887455107702436,1183.3975913061984,1180.6968302006374,0.01171726918353233,20.361000733200786,0.1347965769104746,1157884890,97.18296944232489,91.9196136007631,1195.0674926757813,1159.602490234375,1177.3349914550781,95871959.6091356,0.015331885654856919
2024-09-16,1222.0,1234.0,1215.0,1231.050048828125,1229.9989013671875,4039284,7.115622782407633,0.011109036162882724,1190.4599853515624,1201.6,65.70117695758353,6.525857469193852,14.48068855549168,1216.8552765253148,1147.6297088262477,5.855445742132667,1187.935920594001,1182.9222001446342,0.01117097063674688,20.263786395115016,0.19202695331441144,1161924174,96.68544812148876,96.66565183137568,1198.3841552734375,1163.1291625976562,1180.756658935547,68580424.44393063,0.015548281505728314
2024-09-17,1235.199951171875,1240.5999755859375,1227.5999755859375,1232.0999755859375,1231.0478515625,8030427,7.116475289815622,0.0008525074079885897,1194.5099853515626,1200.5009985351562,65.95732613883501,9.103107970164729,15.837041454077129,1225.616394079082,1145.278588831074,6.777002425421415,1192.1420210694234,1187.4084555516224,0.000852870895713842,19.744944509749654,0.16310222723404347,1169954601,91.1087843402647,94.99240063469283,1201.2608215332032,1166.9408264160156,1184.1008239746093,28481048.27061685,0.010524611815007336
2024-09-18,1231.9000244140625,1250.4000244140625,1225.0,1240.449951171875,1239.3907470703125,8210034,7.123229456628205,0.006754166812583229,1200.7849853515625,1199.552998046875,68.00387458559385,11.684677121995492,17.47950083889285,1235.1241144062506,1142.375861179687,7.802166492448069,1196.7427763172761,1192.5550282392223,0.0067770276368739335,20.14887878862914,0.13877659525834712,1178164635,90.55970499295259,92.78464581823539,1205.0716552734375,1169.8616577148437,1187.4666564941406,55196071.73001681,0.02061857611062529
2024-09-19,1248.449951171875,1261.699951171875,1239.0,1242.699951171875,1241.6387939453125,8449864,7.125041671519983,0.0018122148917782965,1206.9999755859376,1198.6189965820313,68.55248828623613,13.753602501669093,19.402111288482224,1243.4664994168331,1141.3084761691046,8.567518889083313,1201.119650112952,1198.8092839477465,0.001813857945557995,20.331098244575276,0.13034970684672167,1186614499,83.71893063432657,88.46247332251465,1209.329150390625,1173.0541625976562,1191.1916564941407,31073486.576672275,0.018182507957621667
2024-09-20,1244.0,1250.0,1229.9000244140625,1245.0,1243.9368896484375,15009629,7.126890808898808,0.00184913737882475,1215.6249755859376,1197.68599609375,69.13509228691487,15.401298902213284,20.43316725363295,1250.7495752897883,1141.9304051789616,9.096007071493776,1205.2987310545757,1205.4790994576492,0.0018508480876304745,20.31458948324401,0.18994782483067202,1201624128,85.6898387667023,86.65615813132719,1213.5033203125,1176.263330078125,1194.8833251953124,33373081.920251437,0.016157536644644293
2024-09-23,1251.5,1252.449951171875,1240.550048828125,1246.800048828125,1245.7353515625,5462814,7.128335587055938,0.0014447781571300666,1223.2199829101562,1196.6869970703126,69.60961315562156,16.66030939146799,21.488695078215446,1257.3970462770424,1142.9329341917075,9.53736469708066,1209.2512375091994,1208.9376559344355,0.0014458223519075997,19.71354040185158,0.19099794928176628,1207086942,87.23229770524453,85.54702236875784,1217.4433146158854,1179.9283365885417,1198.6858256022138,17679915.266060375,0.009508511661006792
2024-09-24,1241.0999755859375,1247.0999755859375,1235.3499755859375,1239.550048828125,1238.4915771484375,9225946,7.12250372889978,-0.005831858156158276,1228.4549926757813,1195.1319970703125,65.2578852411306,16.87850496690703,22.031258539321502,1262.0732166842276,1144.086768667335,9.807032677393119,1212.1368385871924,1213.3305230671383,-0.005814885880710663,19.14471608743361,0.13621350165941587,1197860996,81.01978439465861,84.64730695553519,1220.1949829101563,1183.5650024414062,1201.8799926757815,-38698767.244646534,0.009467408130801623
2024-09-25,1238.0,1271.0,1231.0999755859375,1268.0999755859375,1267.01708984375,6853324,7.14527497698838,0.022771248088599982,1236.6549926757812,1194.3449975585938,72.53850520411066,19.134595316185823,23.462921254479294,1271.3793643653873,1144.4956234275812,10.504164460407054,1217.4666611585014,1217.2885446290616,0.023032492140840688,20.627238110764246,0.19919835917373518,1204714320,97.69839332217262,88.6501584740253,1225.7091532389325,1186.3241678873699,1206.016660563151,117541676.41682355,0.032229421982279884
2024-09-26,1267.550048828125,1281.6500244140625,1262.25,1277.0999755859375,1276.009521484375,7270078,7.152347142385418,0.007072165397038255,1244.0299926757812,1193.8069970703125,74.36244661510331,21.40207812184667,25.12663680474325,1281.3335046120671,1144.711478298089,11.262942548583203,1223.146024437305,1225.8834305716819,0.007097232216128235,20.539579989571262,0.2027589638767231,1211984398,96.67029051210564,91.79615607631233,1230.8924865722656,1191.2174987792969,1211.0549926757812,82801026.80560786,0.015305134840236254
2024-09-27,1273.0,1281.550048828125,1257.25,1273.1500244140625,1272.0628662109375,13372027,7.149249442685048,-0.0030976997003699935,1249.6,1193.0819970703126,72.09910309801758,22.61960184337636,26.26008804930181,1288.6865692031288,1147.1484161484336,11.621325246239293,1227.9083101493773,1235.2448577669618,-0.003092906778940918,20.808184906610816,0.24987362466103288,1198612371,92.15143474820614,95.50670619416151,1236.2508260091145,1195.255830891927,1215.753328450521,-7612226.877460141,0.019088805049587588
2024-09-30,1263.5,1275.0,1229.3499755859375,1232.199951171875,1231.1478271484375,8466919,7.116556428953684,-0.032693013731363685,1249.714990234375,1191.8789965820313,53.81267056463514,20.049056445273436,25.3905697701445,1289.805916448478,1150.3690591374593,11.42843105155088,1228.3170378658056,1239.9140188398421,-0.03216437376344061,22.582602014285936,0.18107644172016893,1190145452,52.85980768984606,80.56051098338598,1240.5324910481772,1196.9624959309897,1218.7474934895833,-233684711.08293268,0.03612981750222596
2024-10-01,1228.0999755859375,1242.949951171875,1224.6500244140625,1226.6500244140625,1225.6025390625,11164280,7.11204217534908,-0.004514253604604335,1249.1699951171875,1190.7619970703124,51.891727440057,17.363887899751717,24.310463791007894,1290.3577247415542,1153.3222557271956,11.21550040182203,1228.1582746799252,1241.7548543025805,-0.00450407967678812,22.276696638823548,0.08659162605955546,1178981172,47.56912564395275,64.19345602733502,1242.8116495768231,1199.0966715494792,1220.954160563151,-119202194.56345153,0.014901007345986992
2024-10-03,1207.5,1219.1500244140625,1173.0999755859375,1175.699951171875,1174.696044921875,17300892,7.069618952342585,-0.04242322300649448,1242.6949951171875,1189.01099609375,38.35544906389816,10.997850998330705,24.071806206355994,1290.5204523820394,1152.9595280867106,11.25942716084291,1223.1622438696347,1237.4788405833945,-0.04153594931571858,24.51050750948794,0.010240686525752742,1161680280,2.3951860123565916,34.274706448718504,1244.7516520182294,1198.0666666666668,1221.4091593424478,-627388541.224601,0.03813668640010352
2024-10-04,1175.5,1202.800048828125,1174.0,1178.4000244140625,1177.393798828125,13064515,7.0719128858663955,0.002293933523810132,1236.2650024414063,1187.7939965820312,39.25970929390051,6.100274072111688,23.850195592036375,1290.676344786996,1152.5886332403477,11.303539549618419,1218.8991753500563,1233.6755355205974,0.002296566602300265,24.816903317962016,-0.051791255218922756,1174744795,4.88258539295265,18.282299016420705,1246.0274881998698,1197.4025004069013,1221.7149943033855,-185612748.8257622,0.024500254213632496
2024-10-07,1182.949951171875,1184.8499755859375,1130.9000244140625,1145.699951171875,1144.7216796875,20047013,7.043771040280983,-0.028141845585412106,1226.3349975585938,1187.1899951171874,32.95484339956302,-0.41493049136374793,24.860917096842602,1292.5876646383201,1149.3723085062113,11.729541655647143,1211.92782066642,1223.323979866866,-0.027749552414042977,26.897835307527227,-0.07143355579008455,1154697782,9.817530187603648,5.698433864304334,1246.7066548665364,1195.7416646321612,1221.224159749349,-498896778.5333107,0.04560628378100877
2024-10-08,1153.0,1168.3499755859375,1142.5,1153.300048828125,1152.3153076171875,8464570,7.05038271956964,0.006611679288656802,1216.9849975585937,1186.7089965820312,35.545656554868984,-4.9084313421194565,25.799444208448385,1294.5208398064524,1145.6841406622975,12.198704644522458,1206.3442233484873,1218.97962905828,0.006633584690717953,26.822988184556532,-0.10578399716567703,1163162352,14.859054337686567,9.853056639414326,1246.0141560872394,1195.5241658528644,1220.769160970052,-123411220.43232755,0.022419753326918906
2024-10-09,1154.0,1185.0,1154.0,1170.1500244140625,1169.15087890625,9807734,7.064887245566477,0.014504525996836826,1210.0449951171875,1186.71099609375,40.99015576282533,-7.028886305603919,25.80302136848093,1295.5239613163155,1142.976026476653,12.511620717925876,1202.897156783304,1214.7942543881895,0.014610227063684755,27.17134268365071,-0.12921095510663047,1172970086,26.036484245439468,16.90435625690993,1245.9849914550782,1194.145001220703,1220.0649963378905,69036312.1581369,0.026863084922010397
2024-10-10,1177.0,1191.0,1175.050048828125,1184.25,1183.23876953125,6806243,7.076864941803861,0.011977696237384095,1201.6599975585937,1186.99599609375,45.164348747807,-7.48532577377955,25.509329285457444,1295.5963533871645,1142.7186368472103,12.539619954947606,1201.1212370896558,1211.5618705485383,0.01204971609772687,26.719816462385484,-0.11523500088532766,1179776329,35.389701881218905,25.428413488115016,1245.8958251953125,1193.8458374023437,1219.870831298828,86990677.47401763,0.013551360383920985
2024-10-11,1182.5,1188.199951171875,1166.0,1172.449951171875,1171.4488525390625,4754158,7.066850813841683,-0.010014127962178598,1191.1949951171875,1187.1229956054688,42.457566724608476,-8.698946622328549,25.521529498883524,1296.4775326403046,1138.7474551526643,12.954045583327412,1198.3906384308195,1207.1794571240787,-0.009964153538632003,26.396968941634736,-0.16030575222203539,1175022171,27.562140469527364,29.662775532061953,1244.572491455078,1193.1975036621093,1218.884997558594,-8402638.533074848,0.018773743062896406
2024-10-14,1171.550048828125,1175.0,1156.5999755859375,1164.3499755859375,1163.355712890625,9765296,7.059918249411269,-0.006932564430413457,1180.314990234375,1186.963994140625,40.656331986238996,-10.196807771240174,25.819016845800665,1297.1698551935215,1132.7451350408537,13.533372221948254,1195.1486705408306,1202.9150603647329,-0.006908589639874618,25.825758618236716,-0.19246437920585077,1165256875,22.18902233623549,28.380288228993958,1242.1974894205728,1190.8375040690103,1216.5174967447917,-55533318.970660366,0.015705709228954947
2024-10-15,1166.0999755859375,1172.0,1149.5,1153.8499755859375,1152.86474609375,8741516,7.050859434791804,-0.009058814619464783,1172.4799926757812,1186.823994140625,38.3830912282103,-12.09174960846417,26.306223332216444,1297.087638378428,1125.1073445317284,14.200367440285355,1191.2154614975075,1197.8630063572589,-0.009017907175818074,25.588204431219804,-0.22862341013962487,1156515359,15.223848206882256,21.658337004215074,1238.9608215332032,1187.2508361816406,1213.1058288574218,-79701718.32355346,0.019295086588690034
2024-10-16,1151.0,1162.949951171875,1148.0999755859375,1153.199951171875,1152.2152099609375,7739854,7.050295923422826,-0.0005635113689779203,1165.1349853515626,1187.2179931640626,38.24054152201458,-13.49044673210119,26.80116830733729,1296.1146023698761,1118.1903780988737,14.739167231180343,1187.59493670459,1192.8403815781876,-0.0005633526262652788,24.82118808512821,-0.22871911393833844,1148775505,14.792654565713102,17.401841702943653,1235.1191528320312,1183.224169921875,1209.1716613769531,-29921302.14870402,0.01290180328925934
2024-10-17,1151.0,1151.3499755859375,1124.0,1131.8499755859375,1130.883544921875,6595231,7.031608719579084,-0.018687203843742672,1160.7499877929688,1187.3329931640626,33.800365633082805,-16.135686727765005,27.932312905180986,1295.0427326149443,1108.402250295212,15.531080066059417,1182.285892788528,1186.2400253429744,-0.01851368061908243,25.133956877038692,-0.25370561529539737,1142180274,4.982528183473444,11.666343652022972,1230.0724833170575,1177.9825052897136,1204.0274943033853,-103845781.2719801,0.023761924922621632
2024-10-18,1158.0,1203.8499755859375,1156.050048828125,1196.8499755859375,1195.8280029296875,20829666,7.087448364023801,0.055839644444716896,1162.5949829101562,1188.5339916992189,52.05338606175529,-12.839100550831972,26.452637048119726,1290.8442314394108,1108.0157539121517,15.242946953443376,1183.672948293043,1178.7999264644125,0.057428105669526275,28.481531385821643,-0.14188600108776697,1163009940,48.24501694432947,22.67339989783871,1228.216650390625,1173.6166748046876,1200.9166625976563,868003599.5760067,0.041278002381530655
2024-10-21,1196.8499755859375,1214.800048828125,1185.550048828125,1190.300048828125,1189.28369140625,7456038,7.081960696195529,-0.00548766782827137,1167.0549926757812,1189.5769921875,50.54110791166785,-10.63249185669747,24.674053326168412,1285.7342463695325,1107.6557438648426,14.880859636857702,1184.3041007249556,1175.980583755692,-0.005472638084489945,28.536422001120098,-0.2090568123523223,1155553902,55.73776884727402,36.32177132502568,1226.4366536458333,1170.9216756184894,1198.6791646321615,256776864.6563577,0.02443915327456157
2024-10-22,1194.25,1198.0,1173.3499755859375,1175.75,1174.7459716796875,7256246,7.069661520825157,-0.012299175370372062,1169.2999877929688,1190.2369921875,47.25668809453965,-9.943187038673841,23.441694797742546,1279.5319738167746,1106.7530115347881,14.480999825469842,1183.4894244654358,1172.1282727661871,-0.01222384964400347,28.258822173473128,-0.23707790052423292,1148297656,54.38779476797666,52.79019351986008,1223.8624918619794,1167.0725016276042,1195.4674967447916,15206465.812861443,0.02064058983802596
2024-10-23,1175.0999755859375,1183.1500244140625,1158.6500244140625,1160.4000244140625,1159.4091796875,6501834,7.0565200732866,-0.013141447538557394,1168.3249877929688,1190.1589916992189,44.007544087206284,-10.51432021045457,22.772142087525626,1273.9445146965986,1104.4254682135575,14.255061046105105,1181.2904339843526,1169.7476825059923,-0.013055475726929666,27.990334875367903,-0.2548204683903702,1141795822,40.08811105703692,50.07122489076257,1220.836659749349,1162.771669514974,1191.8041646321612,-61466506.83825842,0.02084928985534496
2024-10-24,1165.0,1175.199951171875,1154.6500244140625,1167.3499755859375,1166.3531494140625,5046700,7.062491480717357,0.005971407430757303,1166.6349853515626,1190.3139916992188,45.82378351121161,-10.287555847450221,22.276894502816422,1261.170278957584,1107.1247039525722,13.008985461407427,1179.9627712797417,1168.0498845571294,0.005989271824933251,27.458877152685375,-0.28039477210376007,1146842522,47.7422381875526,47.40604800418876,1215.3191548665363,1159.1891743977862,1187.2541646321615,2894043.439981565,0.0176394221097103
2024-10-25,1187.0,1201.75,1170.0,1189.3499755859375,1188.3343505859375,12798716,7.081162197859286,0.01867071714192914,1168.3249877929688,1191.0389916992187,51.21800472116617,-8.23766860182036,20.754750488641573,1244.0475445012394,1115.4724384089168,10.898412136670457,1180.8567907374747,1172.3602721852724,0.018846104818700526,27.954673385640884,-0.27800649626128693,1159641238,71.97130004812902,53.26721643090622,1211.6049865722657,1154.240008544922,1182.9224975585937,188679182.47999385,0.02674810446503791
2024-10-28,1194.0,1194.0,1167.050048828125,1171.5999755859375,1170.599609375,8572243,7.066125594115355,-0.015036603743931565,1169.0499877929688,1191.1339916992188,47.13980732094225,-7.9537094367051395,19.448353684866813,1222.6276960011687,1126.7372820261749,8.163092143776549,1179.9751892944712,1173.9403717379398,-0.014924118522183005,27.882907513229036,-0.33337636906214624,1151068995,52.422852410618496,57.37879688210008,1207.082480875651,1149.4525126139324,1178.2674967447915,-38545148.0066687,0.022571148385154942
2024-10-29,1176.4000244140625,1191.199951171875,1157.5999755859375,1186.8499755859375,1185.8365478515625,9908946,7.07905799705649,0.012932402941135734,1172.3499877929687,1191.8059912109375,50.76690223121464,-6.424069527435677,18.58086289871029,1212.9875736558267,1131.8424068129232,6.921198340075983,1180.6299308460393,1174.6498221305174,0.01301638811691963,28.291269518422496,-0.25819335229264795,1160977941,69.2179975639726,64.53738334090674,1203.1316446940104,1146.7066813151043,1174.9191630045573,87892568.33111043,0.02856169235687739
2024-10-30,1178.75,1187.6500244140625,1164.300048828125,1170.4000244140625,1169.400634765625,9686560,7.0651008705655025,-0.013957126490987903,1174.0699951171875,1191.8539916992188,47.0190418336437,-6.464671748671208,17.775335740136377,1201.6496138408343,1137.5553666279156,5.480002628933772,1179.6556540429938,1174.1329467083387,-0.013860177368882565,27.938319951816425,-0.23971429958844712,1151291381,51.10132099366256,57.580723656084594,1200.5191487630207,1143.589180501302,1172.0541646321615,-76931436.57192151,0.019809099118504772
2024-10-31,1165.5,1178.0,1153.8499755859375,1159.550048828125,1158.5599365234375,8682294,7.055787319910764,-0.009313550654738378,1176.8400024414063,1191.5569921875,44.67627776056457,-7.288336250811653,17.423382490411395,1201.0003432391827,1136.5896469951922,5.510863454504481,1177.7408344987207,1173.3886227192409,-0.009270313875266112,27.66772741340543,-0.19453838170520327,1142609087,39.15201510014331,53.15711121925953,1198.1483154296875,1143.408349609375,1170.7783325195312,-88445597.4772616,0.020720741668007293
2024-11-01,1164.050048828125,1172.5,1164.0,1169.550048828125,1168.5513916015625,460781,7.0643743801732155,0.008587060262451374,1174.110009765625,1191.548994140625,47.28338112963883,-7.0528786812544695,17.096568758523908,1200.259610444978,1136.4453822308033,5.461898563506777,1176.9607596729497,1174.0259626732336,0.00862403482290941,26.61645768186754,-0.15695755167584916,1143069868,50.16522503676896,46.80618704352498,1196.3141459147137,1143.6041849772137,1169.9591654459634,-26409992.49242054,0.007302091528244115
2024-11-04,1172.0,1176.949951171875,1135.449951171875,1139.25,1138.2772216796875,9288653,7.0381254301439915,-0.026248950029224005,1169.0050048828125,1191.0149951171875,40.98159415121391,-9.205126603859298,17.784921120579206,1200.9604012982643,1135.0995962603295,5.638622732872072,1173.3692587517164,1173.348092906064,-0.025907440950034832,27.67956784744843,-0.15830561150138941,1133781215,16.79514515335411,35.370795096755494,1195.5283142089843,1144.0633483886718,1169.795831298828,-196434423.79581335,0.035409556313993173
2024-11-05,1138.949951171875,1174.9000244140625,1133.449951171875,1171.699951171875,1170.699462890625,11701049,7.066210923001219,0.028085492857227834,1168.6,1191.0429931640624,48.844811590652434,-8.197858910093828,18.486261126498864,1201.2040676081656,1136.695920184803,5.518469375095869,1173.2102770774459,1173.2515658973607,0.028483608665240245,28.663175375644077,-0.0898698450503738,1145482264,52.53295762226518,39.83110927079612,1196.5733174641928,1143.5483418782553,1170.060829671224,187654171.2078734,0.03639323501400494
2024-11-06,1171.800048828125,1183.550048828125,1161.449951171875,1166.5,1165.50390625,10353506,7.061763091461485,-0.004447831539734715,1169.2099975585938,1190.7479931640626,47.746997554156685,-7.730077090682698,18.659726780137834,1201.033644035779,1136.5013413157837,5.521397807895449,1172.5712030700702,1174.9549085034344,-0.004437954586132942,28.194384109973072,-0.12447060891504264,1135128758,40.62693196482699,36.651678246815464,1196.1674886067708,1144.0325032552082,1170.0999959309897,26659573.297481246,0.018859956251368576
2024-11-07,1168.5999755859375,1172.9000244140625,1151.050048828125,1159.9000244140625,1158.9095458984375,6252889,7.05608909453625,-0.005673996925234626,1168.4650024414063,1190.5269946289063,46.32387287983015,-7.801983095541345,19.17983672576529,1199.2195392443662,1135.8804485486028,5.42495747735656,1171.3644241504503,1172.2622461953706,-0.005657930206547368,27.74121207254196,-0.13782364936809047,1128875869,32.51388013565019,41.891256574247485,1195.3549906412761,1142.6300028483072,1168.9924967447917,-18626085.395224348,0.01869756635497266
2024-11-08,1156.0,1167.75,1151.0999755859375,1160.949951171875,1159.9586181640625,3786168,7.056993872389607,0.000904777853357075,1165.625,1190.2379931640626,46.59656177876074,-7.68565337968721,19.66279596099079,1198.6853675788416,1135.2646202141273,5.434627793776016,1170.3725695810622,1170.1746425478498,0.0009051872883121259,26.94898438265057,-0.12293803522989222,1132662037,40.263514407146204,37.80144216920783,1194.2966613769531,1142.1266662597657,1168.2116638183593,-3558562.403225825,0.01440313530628244
2024-11-11,1152.0,1176.800048828125,1142.949951171875,1171.0,1170.0001220703125,6620678,7.065613363597717,0.00861949120811012,1165.5650024414062,1190.1529931640625,49.25410916774439,-6.705212774085794,19.56900814958735,1199.0402473052375,1135.5747429291375,5.436913978670939,1170.4323248590563,1168.969955534047,0.008656745984596759,27.441921045050528,-0.09022848089052321,1139282715,54.978070253827426,42.58515493220798,1194.9824991861979,1141.2674967447917,1168.1249979654947,43172570.64912003,0.0293837653266059
2024-11-12,1171.6500244140625,1187.0,1153.800048828125,1158.1500244140625,1157.1611328125,9606088,7.054579204503159,-0.011034159094558404,1162.6950073242188,1189.5399926757811,46.095545933264276,-6.885717898785288,18.90559766288477,1198.9443616786277,1136.10063343856,5.38265672580017,1169.262581959533,1168.83445228773,-0.010973506051184856,27.853208911252274,-0.09997962740139618,1129676627,36.16406381252301,43.80188282449891,1195.9108317057292,1141.1258341471353,1168.5183329264323,-67901140.63453811,0.028336064934132668
2024-11-13,1151.9000244140625,1165.5,1135.0999755859375,1139.1500244140625,1138.1773681640625,8079113,7.038037670676883,-0.016541533826275767,1159.5700073242188,1188.4909936523438,41.82468198786228,-8.4643390888059,19.049841577109373,1200.06653366886,1133.573468772546,5.698656590283884,1166.3947193361548,1167.4171631022093,-0.01640547390189162,28.03512430431015,-0.12044714253286645,1121597514,8.345635676676544,33.16258991434236,1196.2800028483073,1139.9400004069012,1168.110001627604,-124969144.87817937,0.026391200425163713
2024-11-14,1137.550048828125,1150.75,1131.5999755859375,1140.699951171875,1139.7259521484375,5975873,7.039397345228447,0.0013596745515638275,1157.6849975585938,1187.7509936523438,42.294378306492796,-9.481049976787745,19.315689802355646,1198.8286141650199,1135.6963858349802,5.408571622067843,1163.9475985586046,1163.665582979503,0.0013605993280909612,27.400474312149605,-0.106008094872393,1127573387,14.58328850250694,19.697662663902204,1196.134171549479,1140.6141642252603,1168.3741678873698,-35481604.65006696,0.01683444559981371
2024-11-18,1131.199951171875,1135.0,1121.550048828125,1126.199951171875,1125.23828125,9474971,7.026604369463986,-0.012792975764460479,1153.3499877929687,1186.6639916992187,39.112825808853025,-11.326267339431524,19.93408711485506,1197.026367123678,1130.4336304349158,5.722352844613025,1160.3525845217732,1159.4709239641916,-0.012711493487050363,26.811147742978203,-0.2257230552162824,1118098416,6.676107485120196,9.868343888101265,1191.5166727701821,1139.4316630045573,1165.4741678873697,-103418587.88335565,0.011889985636881812
2024-11-19,1130.0,1139.0,1122.050048828125,1133.949951171875,1132.981689453125,19225966,7.03346234854466,0.0068579790806735375,1152.8199829101563,1186.1679907226562,41.639748674852676,-12.024642568403578,20.251824688134047,1194.2752207791393,1127.5497670138295,5.747672982771734,1157.838048012259,1153.4000366601601,0.006881548868773901,26.106776559327976,-0.1343899317856721,1137324382,18.759314559244753,13.339570182290666,1187.6408345540365,1136.7858296712238,1162.2133321126303,64861295.038881436,0.014999956789269912
2024-11-21,1138.0,1152.0,1115.75,1139.1500244140625,1138.1773681640625,8126248,7.038037670676883,0.004575322132223114,1149.564990234375,1185.5339916992189,43.338943878006596,-12.019949026843733,19.752371476103967,1192.9995507240353,1125.1654395103399,5.852397176167963,1156.058236241002,1150.466794964645,0.004585804899778445,26.831292519375978,-0.08546112588723159,1145450630,32.842139528508774,19.425853857624613,1185.8841674804687,1133.8691650390624,1159.8766662597657,49791821.53574693,0.031854130052724076
2024-11-22,1136.6500244140625,1147.9000244140625,1127.550048828125,1142.4000244140625,1141.424560546875,16687505,7.0408866129561725,0.002848942279289446,1147.1549926757812,1184.6379931640624,44.427976561591684,-11.620033015344234,19.288593493504607,1192.8587182405395,1123.5062719938355,5.988041309473142,1154.757454162246,1148.060016568567,0.0028530043719847686,26.36834130984466,-0.007213947938279693,1162138135,37.4035430372807,29.66833237501145,1184.2708333333333,1132.6708333333333,1158.4708333333333,52753534.67858231,0.01790346645743294
2024-11-25,1160.0,1164.5,1142.0,1155.9000244140625,1154.9129638671875,12385823,7.052634561421479,0.011747948465306912,1146.7549926757813,1184.033994140625,48.827708383713265,-10.097363399322148,17.911861961865547,1192.0390961694382,1123.1808989477493,5.948307060833203,1154.8662703767047,1148.5377580855522,0.011817226638212164,26.09203121628433,0.0022676590957959393,1174523958,56.350911458333336,42.19886467470764,1183.7883382161458,1131.993330891927,1157.8908345540365,129056918.55952744,0.01939655172413793
2024-11-26,1157.0999755859375,1159.5999755859375,1142.6500244140625,1144.800048828125,1143.822509765625,5127437,7.0429852708943415,-0.009649290527137921,1145.1400024414063,1182.8629956054688,45.62893642859486,-9.67478709847569,16.633468396772134,1186.9554261354804,1123.8095763059257,5.465363181702926,1153.9075826101732,1148.416059028679,-0.00960288550176669,25.43902549882652,-0.03445869324202991,1169396521,40.77199835526316,44.84215095029244,1181.1475036621093,1130.832501220703,1155.9900024414062,5076022.507554077,0.01464864880261691
2024-11-27,1145.199951171875,1155.449951171875,1133.550048828125,1149.6500244140625,1148.6683349609375,5989943,7.047212848444093,0.004227577549751338,1143.0050048828125,1181.5069970703125,47.254865346285996,-8.846562176729321,15.94063945868187,1185.0421580691739,1123.5278492550449,5.329213202889006,1153.5021008772103,1147.249870572853,0.004236526361876214,25.186230987749628,0.012920229730197635,1175386464,47.57898163377193,48.233963815789515,1179.3283345540362,1129.5183369954427,1154.4233357747396,21059392.37662284,0.019123212781610745
2024-11-28,1148.5,1154.449951171875,1129.4000244140625,1132.5,1131.532958984375,10731275,7.032182857357189,-0.015029991086903394,1140.4400024414062,1179.53599609375,42.42369758465547,-9.464945599540215,15.515813059914048,1179.839136360139,1123.295873405486,4.910112756299694,1151.5019007936664,1144.6608392554576,-0.014917604531694995,25.17649497132555,-0.07364212393516716,1164655189,23.50877192982456,37.28658397295325,1176.9125,1127.9575073242188,1152.4350036621095,-115674621.37047142,0.02181099412957118
2024-11-29,1133.550048828125,1140.9000244140625,1127.699951171875,1136.300048828125,1135.3297119140625,6406277,7.035532691895119,0.0033498345379294747,1140.1550048828126,1177.6199975585937,43.794865670733664,-9.538433610045331,15.213231067845205,1177.4911750460744,1122.233837160957,4.805560455429183,1150.0541053683767,1143.3658933875818,0.0033554515038631827,24.321036276387115,-0.03748992493502563,1171061466,28.84217379385965,33.30997578581876,1174.4475036621093,1126.507501220703,1150.4775024414062,-22328763.51916105,0.01164489671702971
2024-12-02,1132.699951171875,1141.4000244140625,1126.5999755859375,1137.0999755859375,1136.1290283203125,4785858,7.036236419160215,0.0007037272650958215,1139.7950073242187,1175.552998046875,44.09667336574936,-9.42349776739593,14.994758763267546,1176.5268703808827,1120.9531345019298,4.83779930714022,1148.82037872243,1142.5718748072882,0.0007039749392225847,23.640965744368394,0.00017129618558549414,1175847324,29.964878015350877,27.438607913011737,1172.541670735677,1125.5366658528646,1149.039168294271,-4890697.25752634,0.013066168858587027
2024-12-03,1144.4000244140625,1164.9000244140625,1138.0,1160.5,1159.509033203125,8382042,7.056606225714492,0.020369806554277226,1143.2250122070313,1173.9089990234374,52.18516832609989,-7.3593894158520925,14.537052476433544,1174.9771777507735,1121.5978222492263,4.64860546697123,1149.932723606008,1142.2710192677337,0.02057868693735987,23.938043107493865,0.030886546726004802,1184229366,62.80701754385965,40.5380231176901,1172.7508382161457,1123.905830891927,1148.3283345540365,129129759.2072894,0.02350578804630437
2024-12-04,1157.5,1168.0,1153.9000244140625,1159.449951171875,1158.4599609375,18379798,7.055700991617265,-0.0009052340972273143,1145.7750122070313,1172.197998046875,51.82281774880923,-5.742107401177918,14.279193125631632,1176.071427045122,1122.5235680720655,4.659181725080409,1150.8391262313287,1143.0090157292848,-0.0009048244964454666,23.235323998811264,0.04894294978440157,1165849568,83.6362701854067,58.80272191487245,1171.875838216146,1125.7708333333333,1148.8233357747397,30176796.168380324,0.012181404393898488
2024-12-05,1164.0,1176.9000244140625,1150.0999755859375,1166.4000244140625,1165.404052734375,10640451,7.061677382185517,0.005976390568252832,1148.5000122070312,1170.5899975585937,54.09481689129076,-3.855147189151694,14.50639970967499,1175.0072525631617,1123.0577498782445,4.521151719357578,1152.3211165344462,1144.4103830780364,0.005994284820282969,23.489947200905103,0.00862795063036179,1176490019,82.82911560443246,76.42413444456632,1171.3658386230468,1126.7258361816407,1149.0458374023438,59360207.90939826,0.023024096931378867
2024-12-06,1167.5,1193.8499755859375,1160.0,1184.550048828125,1183.53857421875,7542210,7.077118275832521,0.015440893647003406,1152.7150146484375,1169.4899975585938,59.47024722352754,-0.884961061922013,15.488296427273612,1179.3068643379968,1120.5631429862221,5.108438404318334,1155.3905386576537,1146.3889137619346,0.015560720193897648,24.229949228407417,0.057724817016252115,1184032229,88.09227955829601,84.8525551160451,1172.4016662597655,1126.5866760253907,1149.4941711425781,111047599.72712365,0.028993555105728052
2024-12-09,1184.25,1186.0,1161.0,1163.25,1162.2567138671875,6308112,7.058973090724758,-0.01814518510776253,1153.4500122070312,1167.392998046875,51.803691590202796,-0.2469563267416106,16.40005766504376,1179.736798012209,1120.4682068706034,5.153331204461504,1156.1390587854962,1148.7173094277102,-0.017981552446177496,24.284952854949744,0.03608055415307954,1177724117,60.81948124008471,77.24695880093776,1172.9991658528645,1126.8691731770834,1149.934169514974,-52559529.16647961,0.021110407430863416
2024-12-10,1157.0,1165.050048828125,1151.25,1153.6500244140625,1152.6649169921875,4714389,7.0506861293336245,-0.008286961391133829,1154.335009765625,1164.9239990234375,48.753146751769194,-0.5100907681223816,16.511679615159125,1179.0059556406586,1120.4690565663727,5.0913272606604485,1155.9020078929786,1151.6110626852362,-0.00825271917983017,23.536031138747976,0.015552313777138662,1173009728,48.527575238943726,65.81311201244152,1172.6925028483074,1126.84750773112,1149.7700052897135,-47691855.92390141,0.011927440646607605
2024-12-11,1150.0,1158.3499755859375,1144.550048828125,1147.25,1146.2703857421875,7788242,7.045123053274943,-0.00556307605868156,1154.0950073242188,1162.4059985351562,46.77557598655617,-1.220980488637906,16.143075669389834,1176.1510988589062,1120.9489133481252,4.806250073347329,1155.0780071412664,1152.5460086689138,-0.005547630805376236,22.8405951115383,-0.03333596139832195,1165221486,30.70635600604089,46.684470828356474,1171.0133280436198,1127.173350016276,1149.0933390299479,-49127244.60305177,0.011999936311141305
2024-12-12,1145.0,1154.550048828125,1143.5999755859375,1145.6500244140625,1144.6717529296875,4825283,7.043727461815579,-0.001395591459363743,1155.410009765625,1160.675,46.27027761962761,-1.8916644418955002,15.733302178418159,1175.1923442526445,1120.6576679543869,4.750717686982759,1154.18010402439,1154.2920662616054,-0.0013946180744716097,21.991272120870384,-0.01179718404946224,1160396203,28.327210153345725,35.85371379944348,1168.9816670735677,1127.3666768391927,1148.1741719563802,-21522638.19784343,0.009563382744268559
2024-12-13,1141.0,1152.699951171875,1113.6500244140625,1148.1500244140625,1147.169677734375,8731618,7.045907251628706,0.002179789813126831,1156.5950073242188,1159.105,47.22952601609818,-2.196141448671142,15.630053909209023,1175.343650779452,1121.4063614275794,4.696835882460036,1153.6058107281683,1153.0339674878608,0.00218216728208831,23.209747452080535,0.057516613051177376,1169127821,43.017482549414154,34.01701623626696,1168.9933288574218,1126.513348388672,1147.7533386230468,7378483.934052189,0.03422430040123795
2024-12-16,1146.5,1155.0,1141.75,1150.9000244140625,1149.917236328125,3975202,7.048299545187463,0.0023922935587572525,1157.9750122070313,1158.6090014648437,48.32246432616175,-2.190291337755525,15.385916260075016,1175.638724097815,1122.131295433435,4.657335434752994,1153.3481167934917,1153.0836362528744,0.0023951573762353018,22.498336919789068,0.0682065847347558,1173103023,46.44641231784571,39.26370167353523,1169.108329264323,1127.2183512369793,1148.163340250651,9747364.978017397,0.01155691234191016
2024-12-17,1145.25,1151.8499755859375,1130.0,1136.25,1135.27978515625,7292817,7.0354886454916885,-0.012810899695774758,1155.5500122070312,1157.7660009765625,43.1905042757866,-3.329410248698423,15.728850658048604,1174.7598891833625,1124.0151352307,4.414938688103838,1151.719724717921,1152.5505973786924,-0.012729189419837805,22.452025395942524,0.06793550334148796,1165810206,28.17953783725369,39.21447756817122,1170.1174967447919,1127.3875162760417,1148.7525065104167,-67977509.73885423,0.019078782436967912
2024-12-18,1136.199951171875,1139.9000244140625,1115.949951171875,1122.25,1121.291748046875,7222127,7.0230908776620415,-0.012397767829646966,1151.8300170898438,1157.297001953125,38.9350202168143,-5.300749449594605,16.64434396823877,1176.0424463750285,1121.5625829218463,4.742317566205393,1148.9130842685952,1152.1415038843993,-0.012321232123212345,22.55902881353145,0.005441129636879886,1158588079,10.723168107056642,28.449706087385383,1170.1858357747396,1126.7558430989584,1148.4708394368488,-90065688.57961807,0.02107910074937552
2024-12-19,1104.9000244140625,1119.050048828125,1101.050048828125,1108.9000244140625,1107.953125,11677610,7.011123833975639,-0.011967043686402334,1146.0800170898438,1156.4090014648436,35.357520453491915,-7.84979389077489,18.039691067790738,1179.4252116651867,1115.1548176316885,5.601930916586288,1145.1023166634018,1148.703435148172,-0.01189572340025613,22.46195183912742,-0.01741653660837701,1146910469,8.459032092152635,15.78724601215436,1167.9750040690103,1126.370011393229,1147.1725077311198,-133952435.12793909,0.01629106670492251
2024-12-20,1103.949951171875,1105.8499755859375,1065.0,1071.8499755859375,1070.9346923828125,12623056,6.977141383689645,-0.033982450285994226,1134.810009765625,1154.4430004882813,27.739655505697982,-12.713011591484246,20.327988883926217,1189.7663739064649,1097.7586505075976,8.04430311510446,1138.125903227453,1142.1218856261037,-0.03341153216017112,23.993242737337066,-0.11484711790461954,1134287413,5.31624127578422,8.166147158331205,1166.0808349609374,1122.4258422851562,1144.2533386230468,-356440705.81608385,0.037003466998276564
2024-12-23,1075.0999755859375,1083.550048828125,1072.4000244140625,1079.1500244140625,1078.228515625,3886921,6.983928995828398,0.0067876121387531185,1126.4000122070313,1152.3410009765626,30.89872508644993,-15.796007187329451,22.45283685605202,1193.4314654767513,1086.418558937311,9.3877145771414,1132.509152864273,1139.0832861121253,0.006810700186035135,23.11515920196924,-0.1344257423023782,1138174334,10.98178276690866,8.252352044948543,1161.7250040690103,1119.205008951823,1140.4650065104165,-99897093.21131833,0.010371151211296097
2024-12-24,1077.300048828125,1084.75,1076.0,1078.9000244140625,1077.978759765625,4343694,6.983697305185955,-0.00023169064244310533,1118.9250122070312,1150.4700024414062,30.84898586506982,-18.051391119261325,24.33655418097346,1196.2921349842384,1076.967886988418,10.498072973832079,1127.4035215833005,1132.685224691412,-0.00023166380423866872,22.08907640182858,-0.11998144938198223,1133830640,10.787758671162315,9.02859423795177,1157.858339436849,1116.1583394368488,1137.008339436849,-34022980.07043944,0.008122156876831254
2024-12-26,1083.0,1092.5999755859375,1072.75,1076.699951171875,1075.780517578125,4775460,6.981656041471875,-0.0020412637140800882,1111.8700073242187,1148.717001953125,30.385426275828337,-19.7882203716415,25.496071624852412,1197.7186654742254,1068.246349174212,11.427565338655597,1122.5746101155457,1126.5571084771898,-0.0020391817521575595,21.929140629264932,-0.1576371124555901,1129055180,9.08028978559769,10.28327707455626,1154.4791748046873,1112.9841674804688,1133.731671142578,-18345234.53357096,0.018328693985168513
2024-12-27,1078.0999755859375,1086.25,1076.0,1077.449951171875,1076.5299072265625,3801667,6.982352371870691,0.0006963303988163361,1105.05,1147.1890014648438,30.767356825605574,-20.863648186222918,26.572766394168582,1199.3472349283081,1061.1127748373167,12.230648584252037,1118.277023549482,1120.2892630701178,0.0006965728931107584,21.094916298603152,-0.12889511677828394,1132856847,10.289215844524794,10.052421433761639,1150.7950113932293,1110.7799967447916,1130.7875040690103,-4214244.677856987,0.009507467055111673
2024-12-30,1074.0999755859375,1096.5,1063.949951171875,1069.949951171875,1069.036376953125,9452155,6.975367151756261,-0.006985220114430035,1097.2299926757812,1145.5240014648436,29.050916342682186,-22.066748061621638,27.95407331111708,1200.7537894182592,1053.0712105817406,13.105061736072551,1113.674445227805,1112.6646989054861,-0.0069608801706684265,21.913140050711856,-0.17862257010552268,1123404692,5.934712368330814,8.434739332817804,1148.8541748046875,1106.9041625976563,1127.879168701172,-48665523.22595233,0.030304487075673254
2024-12-31,1062.0,1070.449951171875,1058.5,1064.699951171875,1063.790771484375,5292136,6.970448302459636,-0.004918849296625005,1088.6099853515625,1144.1810009765625,27.878477141602303,-23.17667818551945,29.398746759548423,1201.7363749085087,1044.8486226500852,13.966776456614491,1109.0102076986689,1107.8365731723377,-0.004906771568380264,21.20148370222351,-0.18993223246192759,1118112556,6.209266587690761,7.47773160018216,1145.1875020345053,1103.522499593099,1124.3550008138022,-34744317.07531744,0.011252308071445387
2025-01-01,1064.1500244140625,1076.949951171875,1053.949951171875,1071.800048828125,1070.8848876953125,2985355,6.977094802617873,0.006646500158236535,1082.164990234375,1141.6800024414063,31.882346306603765,-23.215770313595613,30.199228089351152,1198.4073581644666,1039.3076442769398,14.219837085057286,1105.4663830443315,1102.8963964266466,0.0066686371577600045,21.32994915206469,-0.22423109155655951,1121097911,17.664610619447647,9.936196525156445,1140.647499593099,1099.3724995930988,1120.009999593099,2549435.667276997,0.021613493842340657
2025-01-02,1072.0,1088.699951171875,1067.5,1086.5999755859375,1085.672119140625,6557076,6.990808811649115,0.013714009031242647,1078.5999877929687,1139.6060009765624,39.430626272147016,-21.80120992826187,30.03361545124716,1193.660325716617,1036.7696791661956,14.068197272002225,1103.6695823340083,1098.9950598244395,0.013808477405831798,21.32066358205114,-0.17574850936116856,1127654987,32.310745806364324,18.728207671167613,1137.0266642252604,1095.0416666666667,1116.0341654459635,65545974.91936577,0.019776073854361007
2025-01-03,1086.0,1093.5,1079.800048828125,1084.9000244140625,1083.9736328125,7357220,6.989243118331919,-0.0015656933171968035,1076.1999877929688,1137.7890014648438,38.8974497562634,-20.580097925790824,29.530077849255004,1186.9493984780702,1035.3306064047424,13.645336477868645,1101.8820053892516,1094.2039988644115,-0.0015644682588533687,20.77632698132427,-0.2120376857837215,1120297767,30.62845946252848,26.867938629446854,1132.45166015625,1091.7766723632812,1112.1141662597656,13510715.132627133,0.01261505632769337
2025-01-06,1087.75,1090.0,1059.9000244140625,1063.4000244140625,1062.491943359375,5283413,6.969226624028732,-0.02001649430318686,1075.3549926757812,1135.8490014648437,32.84779894988078,-21.103954927549694,29.86564800925529,1175.6396083155853,1034.5253941258209,12.769563723422095,1098.217054820186,1090.5221860244262,-0.019817494254009138,21.442301881653787,-0.27357361664684626,1115014354,9.652779249797693,24.19732817289687,1126.8458272298178,1086.545839436849,1106.6958333333332,-71225347.95579095,0.027671777141749024
2025-01-07,1064.550048828125,1070.5,1056.0,1067.5,1066.5885009765625,4619462,6.97307474510278,0.003848121074048194,1074.189990234375,1133.852001953125,34.92626255246509,-20.94681971207183,30.317682230265508,1167.320533917964,1033.2694685234424,12.183193165996483,1095.2916210277872,1085.2299474569368,0.003855534598277366,20.946423175821373,-0.2152532055616861,1119633816,15.765023015098643,18.682087242474974,1121.0499938964845,1081.8000061035157,1101.425,-11115328.371819645,0.01362077810804842
2025-01-08,1063.75,1082.3499755859375,1059.0999755859375,1074.949951171875,1074.0321044921875,8780098,6.9800293824285315,0.006954637325751634,1073.7949829101562,1131.5640014648438,38.64252591038822,-19.9906997806836,29.870676358024504,1159.5233384334324,1033.196656683755,11.522372398754543,1093.354319136748,1080.7494359445595,0.006978876975995307,21.110964377548417,-0.16085583999866832,1128413914,32.258016126007874,19.22527279696811,1117.2966552734374,1077.1016723632813,1097.1991638183595,39902424.798911676,0.021856639247943597
2025-01-09,1079.5999755859375,1080.1500244140625,1054.25,1061.75,1060.8433837890625,9054190,6.9676737691933806,-0.012355613235150997,1072.2999877929688,1129.367001953125,34.845441231676574,-20.06677628369789,29.660568068483308,1152.4018032347483,1031.7681918824394,11.04617421006523,1090.3443839808672,1075.3806493221816,-0.012279596047690244,21.45304009444228,-0.15230055871575374,1119359724,15.028988745545847,21.017342628884162,1113.6683268229167,1072.2633341471353,1092.9658304850261,-66375769.0009487,0.02399038995902684
2025-01-10,1056.25,1064.8499755859375,1037.0,1040.699951171875,1039.811279296875,5612886,6.947648795725272,-0.020024973468108165,1068.6249877929688,1126.4440014648437,29.814217232010762,-21.57690534461426,30.12538161335333,1145.847781527263,1027.8272062657059,10.859082054524508,1085.616342760963,1072.6170359593564,-0.019825805347892578,21.90996405812051,-0.15967380366277314,1113746838,6.218405330882353,17.835136734145397,1109.4924865722655,1066.3975036621093,1087.9449951171875,-100892939.24478239,0.02636684079142012
2025-01-13,1026.5999755859375,1063.0,1023.25,1049.300048828125,1048.404052734375,7180930,6.955878600697863,0.008229804972590848,1066.5599975585938,1124.022001953125,34.00662015485203,-21.828116558285274,31.0034011326793,1135.8808038662658,1027.9091863681094,9.979861075747113,1082.1576481006928,1070.039376219495,0.00826376290934383,23.184252339683333,-0.19544282662288107,1120927768,35.563206591296925,18.936866889241745,1104.8783243815105,1061.7133341471354,1083.295829264323,7540153.0935360715,0.03872004767710273
2025-01-14,1052.949951171875,1061.0,1045.5,1051.6500244140625,1050.7520751953125,6892897,6.958115661536094,0.002237060838230498,1065.2550048828125,1121.8640014648438,35.14658476628945,-21.58871855577854,31.818704972053414,1122.171579526646,1031.693410707729,8.401470772694196,1079.2521601305375,1068.189152348458,0.0022395649257445083,22.635377172563096,-0.2130228733998766,1127820665,38.771364387798634,26.850992103326007,1100.1658243815104,1056.7758341471354,1078.470829264323,13312144.142099915,0.014720547717153467
2025-01-15,1043.0,1052.9000244140625,1014.6500244140625,1026.800048828125,1025.9232177734375,11418721,6.934202496550671,-0.023913164985422952,1060.7550048828125,1119.0090014648438,29.36920975554773,-23.13746497029092,33.41087621159812,1113.0017957523587,1029.918199364829,7.754241556086298,1074.2567209588792,1063.1070840388961,-0.023629510777392837,23.750707374522875,-0.21421024882711975,1116401944,14.84426150048843,29.726277493194704,1095.5899943033853,1050.5600016276042,1073.074997965495,-184732577.33438793,0.03667305848513902
2025-01-16,1033.9000244140625,1046.449951171875,1027.050048828125,1038.0,1037.1136474609375,10261727,6.945051063725834,0.010848567175163026,1055.8950073242188,1116.9840014648437,34.58810973739028,-23.193752068003732,34.88932093403249,1104.1626677450645,1030.332327372123,6.917827452566883,1070.8036999151764,1059.8312510443423,0.010907626255625358,23.457792729467673,-0.17617126003156705,1126663671,28.52777342788752,27.38113310539157,1090.9191528320312,1046.3441772460938,1068.6316650390625,15043035.114611559,0.018763808768400426
2025-01-17,1000.0,1011.7000122070312,974.5999755859375,991.0499877929688,990.2037353515625,33831617,6.898764974826734,-0.04628608889909991,1046.5100036621093,1113.3710021972656,25.936445905723474,-26.7188355021799,37.19929619297888,1106.4999730648638,1016.2100183902144,8.507045714026841,1063.20810828449,1040.3311136228983,-0.0452312256329781,26.310809278367305,-0.1666287819254723,1092832054,13.835163018760221,19.069065982378763,1086.0133188883465,1039.5283396402997,1062.7708292643229,-1053915542.3842001,0.03710003662109375
2025-01-20,992.0499877929688,994.2000122070312,976.5,988.0499877929688,987.206298828125,33440507,6.895733291400142,-0.003031683426591769,1038.975,1109.802001953125,25.4975699100153,-29.415481093034032,39.344273219143375,1112.1244406260055,1002.2055520497759,10.3975149533893,1056.0501920472022,1027.6959451947114,-0.003027092514960694,25.695752344700445,-0.04727178246255907,1059391547,11.312034857278377,17.891657101308745,1080.1233215332034,1035.9533386230469,1058.038330078125,-418186194.7947334,0.017841855173456312
2025-01-21,993.5999755859375,994.4500122070312,963.0,970.2000122070312,969.37158203125,11894500,6.87750224839309,-0.01823104300705225,1029.2450012207032,1106.0080017089845,23.00340821428715,-32.61694812870064,41.52009602050127,1117.4271058765376,986.0078855785405,12.495676912466513,1047.8739844433765,1023.1621589761722,-0.01806586286773748,26.106770906295502,-0.08299668100726867,1047497047,5.51725073335728,10.221482869798663,1076.0141530354817,1029.8141713460286,1052.9141621907552,-280939754.6695335,0.03165258955293836
2025-01-22,975.75,975.75,954.0,959.2999877929688,958.4808349609375,17303146,6.866203839098966,-0.011298409294123957,1017.6800048828125,1101.9750024414063,21.613081003097648,-35.62303452723984,43.65575067811729,1121.4681505669785,970.0068372259905,14.483683928806407,1039.4383657147662,1014.9536044175442,-0.01123482197167458,25.79557298441725,-0.11375714723700568,1030193901,3.799274403561828,6.876186664732534,1070.820819091797,1023.3208374023437,1047.0708282470703,-219383060.78323644,0.022290545734050732
2025-01-23,954.0,963.7000122070312,948.0,951.0499877929688,950.2379150390625,24649522,6.85756662456353,-0.008637214535435866,1006.6100036621094,1097.5760021972656,20.598311027372418,-38.23038957421795,45.7142854138577,1124.1819881035676,954.7280033515102,16.302195424387044,1031.0204249603094,1004.3371021214798,-0.008600020957970078,25.07446150031825,-0.15778897353201954,1005544379,2.1478787274427815,3.8214679547873343,1064.291655476888,1017.2066701253254,1040.7491628011069,-208700057.9277455,0.016457035856426886
2025-01-24,948.0,961.7999877929688,946.0999755859375,948.5,947.6900634765625,14421921,6.854881789375069,-0.0026848351884609656,997.3900085449219,1093.3830017089845,20.281342269068503,-40.04093298682551,47.65024613665365,1124.5401221875502,941.4748741503406,17.721579791211717,1023.1613368688513,998.7913403097937,-0.0026812342418365276,24.40485797936918,-0.18153425943785162,991122458,1.7614858084862386,2.569546313163654,1058.1758229573568,1010.5458363850912,1034.360829671224,-94083834.31002162,0.0165611943112144
2025-01-27,943.0999755859375,949.75,933.5,948.0999755859375,947.2904052734375,12713296,6.8544599561733985,-0.0004218332016705517,987.2700012207031,1089.562000732422,20.228754219405047,-41.03505375637974,49.606381870760075,1123.861663105789,929.9683356735081,18.88114669154917,1016.0126357942881,993.9534857837449,-0.0004217442425540341,23.822368123699952,-0.11185802828871708,978409162,9.808517286258006,4.57262727406238,1050.7099884033205,1004.7100067138672,1027.7099975585938,-34751697.29214263,0.01723041079489378
2025-01-28,960.0,993.8499755859375,958.2000122070312,983.7999877929688,982.9598999023438,21781371,6.891422611953198,0.03696265577979929,980.4849975585937,1086.4240014648437,36.14239488318808,-38.49842314328839,48.48156364060521,1119.9238414007941,925.816161040612,18.976769298985417,1012.9447645560672,989.3245445733467,0.037654269725055256,25.388627543435668,-0.06832612900008349,1000190533,34.29933816509164,15.289780419945332,1047.5983235677083,999.2283406575522,1023.4133321126301,506812907.9598701,0.037135378519694014
2025-01-29,988.0,988.6500244140625,977.5999755859375,983.4000244140625,982.560302734375,11175206,6.891015979804016,-0.0004066321491817959,976.1449951171875,1083.5680029296875,36.055612295578285,-36.10421192800686,47.437089569747116,1114.2312515714273,922.6687484285728,18.80922020156654,1010.1309797806381,985.923909015408,-0.0004065494855346463,24.364443349484905,-0.07034180240548428,989015327,37.99012842710027,27.365994626150012,1042.7833272298178,995.6083394368491,1019.1958333333332,165957853.88546777,0.011184259947494939
2025-01-30,984.6500244140625,991.4000244140625,974.7999877929688,984.7000122070312,983.8591918945312,10473118,6.892337038650457,0.001321058846441403,970.8149963378906,1080.5830041503907,36.588562941940914,-33.71325867980863,46.547666128575024,1104.838009149109,921.8719945130005,18.05547062041466,1007.7089828688661,984.29840406176,0.0013219318290573767,23.809842868885536,-0.08139424593871943,999488445,39.53668896295849,37.27538518505017,1037.688333129883,990.9733367919923,1014.3308349609375,64395901.66470346,0.01685881908241658
2025-01-31,982.0,990.0,978.0499877929688,986.0999755859375,985.2579345703125,9036312,6.893757744580082,0.0014207059296245106,970.3199951171875,1077.5220031738281,37.19562977998512,-31.34413003997065,45.721772933200945,1094.4170654771242,922.4129333021726,17.056879586188078,1005.6509821752538,982.40811755757,0.001421715610390395,22.962712107324514,-0.06229163316033438,1008524757,41.2548828125,39.59390006751963,1032.5333343505858,985.9933319091797,1009.2633331298828,29898971.14181522,0.012169055200642822
2025-02-01,989.5,1004.9500122070312,982.0,998.1500244140625,997.2977294921875,4830391,6.905903590077974,0.012145845497892438,971.3299987792968,1074.6370031738281,42.314697807418554,-28.169519603210347,44.03519663564832,1087.4336217275054,922.8713770517917,16.37186842550157,1004.9366052456165,980.5437408050662,0.012219905817323351,22.96180497158928,-0.040038245240483425,1013355148,54.14573801916933,44.97910326487598,1028.372502644857,982.5474965413412,1005.459999593099,48770621.9865621,0.023193544423477767
2025-02-03,987.0999755859375,1000.5,983.3499755859375,989.4000244140625,988.55517578125,7124605,6.897098723469232,-0.008804866608742579,973.25,1071.3070031738282,39.77921223333632,-26.059274735626445,42.46909007363517,1078.5868370337516,923.9081641869515,15.448595152797825,1003.4569308807065,978.2731721407662,-0.008766217287963785,22.546677788908795,-0.05734585850896677,1006230543,49.49096819794096,48.29719634320347,1024.8258371988932,978.7358286539713,1001.7808329264323,-25303321.837812625,0.017374151391182372
2025-02-04,994.0,1017.0999755859375,987.7999877929688,1015.2999877929688,1014.4330444335938,16058171,6.922939402284099,0.02584067881486707,978.85,1068.717001953125,49.43701599730947,-22.04288324805532,40.06069266458649,1068.2569734991612,928.2730313836515,14.022723602766598,1004.5848410628267,977.6290558601463,0.02617744364241803,23.02905707491308,-0.016825344825219527,1022288714,97.84690392508736,67.16120338073259,1021.858337402344,975.163330078125,998.5108337402344,268836253.2755387,0.029476848886286468
