Date,Open,High,Low,Close,Adj Close,Volume,Log_Close,Log_Return,SMA10,SMA50,RSI,MACD,ADX,BB_Upper,BB_Lower,Bollinger_Width,EMA20,VWAP,Lagged_Return,Volatility,Chaikin_MF,OBV,Stoch_RSI,Stoch_RSI_signal,KC_High,KC_Low,KC_Mid,Force_Index,Intraday_Pct_Range
2018-04-02,141.5833282470703,142.375,140.0833282470703,142.0,104.12103271484375,3367125,4.955827057601261,0.004116406188532373,140.88333435058593,139.43583435058594,56.50124778181928,0.9251695156476387,20.29770186150813,144.71708630229918,134.7495808729938,7.133233834325839,140.26504958527997,140.46985392817857,0.004124890225739808,2.9067759065706165,0.2618813642751545,-33072486,74.17587392676984,76.0278909620658,142.3819450378418,136.34027786254882,139.36111145019532,-983293.0365067166,0.01618602826549324
2018-04-03,142.3333282470703,143.25,140.5,141.125,103.47943115234375,4460793,4.949646022469826,-0.00618103513143442,141.25833435058593,139.37083435058594,53.43051328750456,0.8695774111677963,20.007683320902526,144.67799323992594,135.31784111066,6.685922418078541,140.3469496247771,140.50288768372482,-0.0061619718309858795,2.895577627529858,0.23318485394401367,-37533279,69.0909090909091,71.12164730338073,142.73958435058594,136.56875,139.65416717529297,-2929893.5955022387,0.019320843781762718
2018-04-04,140.9583282470703,141.125,137.9166717529297,138.7916717529297,101.76853942871094,3998232,4.93297404449248,-0.016671977977346764,141.22083435058593,139.24250122070313,46.21712049851227,0.62997818240828,18.942181299517635,144.49864820341426,135.7680204977576,6.230229050151884,140.19882792269638,140.42816147052227,-0.01653376968694642,2.9179169574970336,0.2073935856263969,-41531511,35.15158913352273,59.47279071706723,142.86944580078125,136.79861145019532,139.8340286254883,-7196089.6411277,0.0227608278770644
2018-04-05,139.1666717529297,141.4583282470703,139.0,140.7916717529297,103.23500061035156,3916746,4.947281292492509,0.014307248000029027,141.43333435058594,139.18916809082032,52.176858610014584,0.5946229099339178,17.766155003298973,144.33044385962938,136.40289201683544,5.647745265480279,140.25528923986147,140.39307792833523,0.0144100865328598,2.899969781543004,0.23631109499351202,-37614765,64.24249822443181,56.161665482954554,143.08611272176105,136.99861119588215,140.0423619588216,2823631.452957433,0.017664633465077895
2018-04-06,140.3333282470703,141.6666717529297,139.2916717529297,141.2083282470703,103.54052734375,3134724,4.950236305239538,0.002955012747029251,141.35833435058595,139.1341680908203,53.33694188595779,0.5933841357622782,16.5536449313937,144.11000375279647,137.1191649483754,4.971631382838083,140.34605485959565,140.37779437041956,0.002959383100953561,2.8624719400042182,0.2494193289673712,-34480041,70.30295632102273,56.56568122632577,143.3173629760742,137.22569427490234,140.2715286254883,1811945.8922781288,0.0169239911122081
2018-04-09,140.8333282470703,142.0416717529297,140.375,141.375,103.66275024414062,3930802,4.951415934436285,0.0011796291967467454,141.2500015258789,139.0883346557617,53.81953145600416,0.5989471261946733,15.53733973728651,144.04560791792878,137.54606078324312,4.616292211104474,140.44404963487227,140.8276217319785,0.0011803252329285474,2.7770576409274663,0.22918191499452986,-30549239,72.72727272727273,69.09090909090911,143.4527801513672,137.50694427490234,140.47986221313477,1040751.0705990574,0.011834356069507706
2018-04-10,141.5833282470703,142.0,140.125,140.3333282470703,102.8989486694336,2607237,4.944020508770117,-0.00739542566616791,141.1125015258789,139.01666778564453,50.31706787931706,0.5133836640354161,14.434903640270146,143.72130995581836,138.20369157006053,3.9142455304740658,140.43350474079588,141.02249464294678,-0.007368146793490293,2.71262495228979,0.20037841200577908,-33156476,51.72409438636989,64.91810781155513,143.63611323038737,137.73194452921547,140.68402887980142,-1463673.0671957405,0.013243084642903908
2018-04-11,141.0833282470703,142.1666717529297,139.75,140.4166717529297,102.96003723144531,6787894,4.944614229221106,0.0005937204509889327,141.0000015258789,138.92500122070314,50.594105052204235,0.44714472219533263,13.638796572826948,143.51085589873244,138.1933128024394,3.775267594235581,140.43190159909435,141.13055763630715,0.0005938967378629201,2.6914854380497824,0.14792116950791742,-26368582,46.875044703526214,57.10880393905629,143.37986399332684,137.95486094156902,140.66736246744793,-110739.76682403596,0.017129392841495228
2018-04-12,140.0833282470703,141.5416717529297,139.4583282470703,141.25,103.57112121582031,6867020,4.9505313700265505,0.005917140805444809,140.87083435058594,138.88416778564454,53.39254042116057,0.4566287763923924,13.09024357975955,143.5172413745976,138.1952601512813,3.7783067449900924,140.50981573251394,141.12675357766364,0.005934681663275709,2.6480467286076106,0.17963182152538326,-19501562,62.49996423717903,53.69970110902506,143.32986424764,137.98402684529623,140.6569455464681,3778074.5705231726,0.01487217309817841
2018-04-13,141.3333282470703,143.0833282470703,140.9583282470703,142.4583282470703,104.45711517333984,3483164,4.959049523587842,0.008518153561291264,140.975,138.88250091552734,57.17990926354818,0.55524641376158,12.757326389894981,143.65069327751988,138.1659738977731,3.89240241517384,140.69538835294787,141.1321360375258,0.008554536262444623,2.6106862479927813,0.17231545741407514,-16018398,85.15614047636078,64.84371647235535,143.40555801391602,138.01388778686524,140.70972290039063,4065228.4904266694,0.015035377899579386
2018-04-16,141.3333282470703,145.75,141.3333282470703,145.0833282470703,106.38186645507812,3694548,4.97730825492266,0.018258731334817924,141.28333282470703,138.94583404541015,64.02013935013397,0.8355850594068386,13.76867993983814,144.36860818679887,137.7980589884941,4.657211472978765,141.11328739048335,141.2000370457773,0.0184264411375612,2.7396852126311315,0.16427777660889317,-12323850,91.4892912450206,79.7151319861868,143.66389134724938,138.0680539449056,140.8659726460775,7820535.163475556,0.03125003711232733
2018-04-17,145.375,148.1666717529297,145.0833282470703,147.4583282470703,108.12334442138672,6699236,4.993545615504634,0.016237360581974336,141.91666564941406,139.05750061035155,68.86605905832346,1.2351599520416414,15.567057740122275,145.4803213275897,137.6946786724103,5.498820626947578,141.71757699587258,141.73298401330229,0.01636990292885665,2.764232233576006,0.29340502895396386,-5624614,93.08933165015245,89.91158779051129,144.00555877685548,138.5847198486328,141.29513931274414,13213968.72115852,0.021209585594905416
2018-04-18,147.0833282470703,150.0,146.9583282470703,148.7916717529297,109.10099029541016,4948994,5.002547151430292,0.00900153592565811,142.91666564941406,139.21583404541016,71.21037362059968,1.640504891729563,17.7539109533441,146.9097816965825,137.22771830341748,6.815054959774784,142.39130030606847,142.21824929436755,0.009042171586438386,2.784049342101269,0.27297236798273644,-675620,90.00003788390603,91.52622025969303,144.48541971842448,139.11458079020184,141.80000025431315,8803795.580677515,0.020679921981506245
2018-04-19,149.1666717529297,149.6666717529297,147.5,147.9583282470703,108.48993682861328,3141238,4.9969306682188215,-0.00561648321147068,143.63333129882812,139.42166717529298,67.77542137898853,1.8729100788611959,19.784560365621505,147.7481998593591,137.31846579005497,7.317399981189666,142.92149344330676,142.7582229627508,-0.0056007402567742615,2.7399509428747275,0.24560108858137192,-3816858,83.10339907032895,88.73092286812916,144.98055826822917,139.6138865152995,142.29722239176434,1189445.001786711,0.014525173267379905
2018-04-20,148.2916717529297,148.2916717529297,144.375,145.2916717529297,106.53462982177734,3495886,4.978743251334964,-0.018187416883857388,144.04166564941406,139.55666717529297,58.115051228978885,1.8209254757552458,19.687890530537313,148.04221743057593,137.35778256942405,7.487340477331385,143.1472247108899,143.01273650538235,-0.018023023953661288,2.8240024293072246,0.18032819341452708,-7312744,61.03450845000524,78.04598180141342,145.21944783528645,139.89444173177083,142.55694478352865,-5818403.069187959,0.0264119468519803
2018-04-23,145.0416717529297,146.25,144.2916717529297,144.6666717529297,106.07635498046875,3569025,4.974432280590794,-0.004310970744169751,144.37083282470704,139.69500061035157,56.09688061548727,1.7095879607775828,19.552258890773995,148.21896575829305,137.40186859229289,7.574445464102732,143.29193395298893,143.23722288386108,-0.004301691848262457,2.762168559147445,0.12341776010130878,-10881769,55.86209247966581,66.66666666666669,145.36597544352213,140.07013651529948,142.71805597941082,-3426561.43972932,0.013501831738441447
2018-04-24,144.625,145.5416717529297,143.4166717529297,144.0416717529297,105.61807250976562,2003576,4.970102644884732,-0.0043296357060622626,144.74166717529297,139.81833404541015,54.07457381716417,1.5530176802591598,18.940250899925935,148.336172112987,137.5179965881849,7.569017148818467,143.3633375529833,143.5465380779289,-0.004320276345801455,2.716656519208342,0.12631888799010219,-12885345,45.83337957208807,54.24332683391972,145.4576421101888,140.2409703572591,142.84930623372395,-1977010.4799097735,0.014693171996542784
2018-04-25,144.0,144.0416717529297,141.25,143.2083282470703,105.00703430175781,5424140,4.964300410985358,-0.005802233899373732,145.02083282470704,139.95416717529298,51.41316616710871,1.346172905251592,17.86105196675226,148.38279085881268,137.63804349177323,7.5132620261286505,143.34857476194395,143.68687495758792,-0.005785433449347788,2.722014750188438,0.1539269694654663,-18309485,36.575797862866054,46.090423304873326,145.56736450195314,140.25902557373047,142.9131950378418,-3672451.3892179714,0.01938660939534505
2018-04-26,143.875,144.875,141.2916717529297,143.3333282470703,105.09867095947266,5347538,4.965172884533942,0.0008724735485836632,145.22916564941406,140.10000030517577,51.796403999013265,1.1787455412969337,16.700178923206956,148.4196407378135,137.68035926218653,7.507362094111826,143.34712271290837,143.7918991167125,0.0008728542643436921,2.783537142822858,0.12768393471291276,-12961947,36.75887554479279,39.72268432658231,145.68055826822916,140.26805369059247,142.97430597941081,-778522.2964059907,0.02490584359388575
2018-04-27,143.8333282470703,143.9583282470703,141.1666717529297,142.2916717529297,104.33488464355469,9327048,4.957878977402277,-0.0072939071316646675,145.2125,140.1975003051758,48.372309112773216,0.9510421535799196,15.561311663694582,148.42355726825195,137.76394273174805,7.449392119854228,143.24660357386279,143.756710770394,-0.007267371147239854,2.7841170964884125,0.06060014424499464,-22288995,26.877553885814617,33.40407576449116,145.71041870117188,140.39791564941407,143.05416717529297,-6736560.845709549,0.01940896820064711
2018-04-30,142.6666717529297,144.2916717529297,141.5,143.4583282470703,105.19033813476562,2290147,4.966044597535941,0.00816562013366351,145.05,140.3508334350586,52.184852882323405,0.8548705911851471,14.670636077627165,148.47448177755763,137.85885104714941,7.4148759599058565,143.26676782845396,143.84788653558257,0.008199049738950137,2.7846567148056462,0.04627228371812771,-19998848,37.94464572365707,33.86035838475484,145.81527989705404,140.45277684529623,143.13402837117513,-464310.3685120703,0.019567791963103393
2018-05-02,143.9583282470703,143.9583282470703,141.5,142.0,104.12103271484375,2610385,4.955827057601261,-0.010217539934679998,144.50416717529296,140.47083343505858,47.46624407818101,0.6534465087314061,13.843580176278849,148.46434726998507,137.95648555472195,7.337358537529324,143.14612327336312,144.12267592774944,-0.010165518202322255,2.7613475385388364,0.0573891266065169,-22609233,24.11070855268586,29.644302720719192,145.84375178019204,140.5104159037272,143.17708384195961,-2692635.5769897816,0.017076665706003306
2018-05-03,142.2916717529297,146.8333282470703,141.7083282470703,145.25,106.50408172607422,3549040,4.978456395732021,0.02262933813076007,144.15,140.6625,56.83379629305874,0.7474481933191441,14.394664645165069,148.44389376908666,138.6227718803274,6.842397995978741,143.3464924854238,144.5396405388839,0.022887323943661997,2.930179857214634,0.09423534493321317,-19060193,47.46546734058442,36.50694053897579,146.20555725097657,140.68055419921876,143.44305572509765,6792041.474336739,0.036017568258660086
2018-05-04,145.1666717529297,145.1666717529297,142.1666717529297,142.4166717529297,104.42656707763672,3371295,4.958757069041549,-0.01969932669047214,143.59583435058593,140.7958334350586,48.6835919433681,0.5865578217248242,14.906385937702272,148.39299760806472,138.83616804134937,6.65449801736375,143.25793812994817,144.60551569027749,-0.019506562802549476,2.9411190279186106,0.041496656367840085,-22431488,14.150951544391873,28.575709145887398,146.37430775960289,140.7951375325521,143.5847226460775,-4103976.4103590264,0.0206659005388367
2018-05-07,142.625,143.5833282470703,141.6666717529297,142.0833282470703,104.18213653564453,5823535,4.9564137041318705,-0.002343364909678236,143.275,140.9008334350586,47.81482322137582,0.4272281874245323,15.060179257671754,148.36327995402084,138.95338569539322,6.550190353461528,143.14607052205503,144.43420024006858,-0.0023406213735823744,2.8679431326487546,-0.018387431533409625,-28255023,10.377249305148894,23.997889396708405,146.4375015258789,140.90416564941407,143.67083358764648,-2662150.519049526,0.013438432912467133
2018-05-08,142.5416717529297,143.3333282470703,141.875,142.8333282470703,104.73208618164062,3453937,4.961678413759948,0.0052647096280775685,143.09166564941407,141.0525,49.977735277680225,0.35735763989666225,15.20298734050056,148.33653587632892,139.12596259779218,6.408191209237629,143.11628554348505,144.04701390522584,0.005278592564328388,2.7672563551074374,-0.015103620545304203,-24801086,18.86782023178402,14.46534036044161,146.49791742960613,140.98541590372722,143.74166666666667,839584.9936501578,0.010230890581934958
2018-05-09,142.125,143.6666717529297,141.5833282470703,142.0,104.12103271484375,10928712,4.955827057601261,-0.00585135615868726,142.8874984741211,141.2133334350586,47.61624392318146,0.23206697879206217,15.50042303639162,148.2271963876451,139.40196926176895,6.136531464707624,143.00997263458171,143.42111044896626,-0.005834270315600576,2.7184054373040043,-0.06058814121382747,-35729798,9.803861730238971,13.01631042239064,146.58819580078125,141.05485992431642,143.82152786254883,-5791607.944580806,0.014658529504727352
2018-05-10,142.8333282470703,143.0833282470703,139.875,140.4166717529297,102.96003723144531,9844190,4.944614229221106,-0.011212828380155138,142.60833282470702,141.2958334350586,43.41842771470324,0.004954754755289059,14.64166511093101,148.2271963876451,139.40196926176895,6.136531464707624,142.7629915982339,142.88387052499326,-0.011150198923030374,2.7533999237158833,-0.09355149544846049,-45573988,6.435700106056074,11.702460689359702,146.64513956705727,141.03263804117836,143.83888880411783,-12321592.045878334,0.02246204220292766
2018-05-11,140.0,141.875,139.0833282470703,139.5416717529297,102.3184814453125,15561708,4.938363278896038,-0.006250950325068061,142.22916717529296,141.3708334350586,41.25393824855838,-0.24283920715106433,13.807847138194205,148.39586882351438,139.06246400119267,6.493744488536535,142.45619923201443,142.2445601685997,-0.006231453780214946,2.7561336258025837,-0.22787014281773385,-61135696,5.914109753024194,7.3845571964397605,146.65138931274413,140.9680549621582,143.80972213745116,-13184860.34862611,0.01994051252092634
2018-05-14,139.5833282470703,144.0833282470703,138.25,143.0416717529297,104.88481903076172,7046984,4.963135998667658,0.024772719771620544,142.30416717529297,141.47250030517577,51.63924110731556,-0.1550100980218474,13.768932532471103,148.40012552080717,139.11654165448581,6.4577709233540475,142.51195851972065,142.09125356977574,0.025082113149662133,2.9759332416074216,-0.19301747130196117,-54088712,55.82533505654051,22.72504830520694,146.81805597941081,140.76388880411784,143.79097239176434,12048009.21712463,0.041791009860038544
2018-05-15,141.875,144.9583282470703,141.0833282470703,141.75,103.93770599365234,5782708,4.954064942607862,-0.009071056059796412,142.13333435058593,141.5866668701172,48.24924111775885,-0.1874709632053566,14.123263018192047,148.27041488906016,138.91291946152577,6.516739871897304,142.43939104165202,142.07391941380772,-0.009030038149727027,3.04015229577832,-0.24527743829002444,-59871420,40.77672319236574,34.172056000643494,146.71805572509766,140.71805572509766,143.71805572509766,-963570.6469854745,0.027312775330396475
2018-05-16,142.125,143.0833282470703,140.4166717529297,141.6666717529297,103.87664031982422,3899072,4.95347691615934,-0.0005880264485220721,142.1000015258789,141.70333374023437,48.03018324990004,-0.2174141113267467,14.035300051112573,147.69596136593864,138.90820733523324,6.1323281308360595,142.36579872844038,142.0121152465824,-0.0005878535948522501,3.0134740242327704,-0.2861292073194141,-63770492,39.80590808811112,45.469322112339135,146.43819376627604,140.47986246744793,143.459028116862,-537792.1056357832,0.018762754576187333
2018-05-17,141.75,142.5833282470703,138.8333282470703,139.25,102.10459899902344,6783446,4.9362708788073935,-0.017206037351946257,141.5000015258789,141.76666717529298,42.06529379911513,-0.4311791209281921,13.052807525679269,146.78132276385097,138.86867876202794,5.540097293579862,142.06905599239843,141.80922142268403,-0.01705885881998004,3.066083022501858,-0.3370595446352826,-70553938,11.650492340675926,30.744374540384275,146.0555544535319,140.02639032999676,143.04097239176434,-11108172.259027846,0.026455026455026454
2018-05-18,138.75,140.0833282470703,138.125,138.8333282470703,101.79907989501953,5496430,4.933274136303039,-0.0029967425043544438,141.14166717529298,141.82083374023438,41.11715420835965,-0.6269838794430598,12.466253880387727,145.9375470877272,138.79995443815167,5.013454575759018,141.76089144522433,141.5599406704427,-0.002992256753534539,2.986957681399605,-0.32766749912153725,-76050368,8.13391763578286,19.86343935485665,145.57708155314128,139.56875178019206,142.57291666666669,-5229528.834979497,0.014114077456362612
2018-05-21,138.3333282470703,139.3333282470703,135.5833282470703,137.0,100.4548110961914,3879174,4.919980925828125,-0.013293210474913941,140.63333435058593,141.83583374023436,37.14951348581813,-0.9194954577672263,13.041927421681018,145.9672448634773,137.94108948710866,5.654047032277328,141.30747321234583,141.332834382625,-0.013205245960881129,3.0414607041567763,-0.3187283905567378,-79929542,12.592637803819445,10.792349260092758,145.1347198486328,139.14305725097657,142.13888854980468,-6484375.791326988,0.0271084347316672
2018-05-22,136.875,139.9583282470703,136.6666717529297,137.625,100.91307830810547,4612272,4.9245325950428445,0.004551669214719389,140.1125015258789,141.83333374023437,39.299931752631714,-1.08833506519764,13.216427860450533,145.83123747349995,137.37292970179303,5.973293300074603,140.9567614778367,141.13292797159468,0.0045620437956204185,3.0593318320127656,-0.3135331901621078,-75317270,18.148193359375,12.958249599659117,144.85208053588866,138.7270851135254,141.78958282470703,-239678.597108996,0.0240486319206621
2018-05-23,137.3333282470703,139.9583282470703,137.125,138.7916717529297,101.76853942871094,3475720,4.93297404449248,0.008441449449635208,139.7916687011719,141.86916717529297,43.20625478684477,-1.115146297962724,13.378463982165083,145.5821632796658,137.09700389562715,6.0033850168922305,140.750562456417,140.89935801751403,0.008477178949534592,3.04318871880259,-0.29750086846049584,-71841550,33.47833148105099,21.406387548081828,144.6020800272624,138.40625178019206,141.50416590372723,2623456.6976921833,0.020631031689358006
2018-05-24,138.875,139.8333282470703,136.875,137.5416717529297,100.85198211669922,2379879,4.923926938485044,-0.009047106007435524,139.50416870117186,141.76750061035156,40.21974270181932,-1.2231591293546273,13.643822266097446,145.51324055710995,136.59926096876893,6.319450247775227,140.4449538179896,140.73495552420428,-0.009006304083037375,3.037127256535999,-0.3355972559972863,-74221429,20.888997395833332,24.17184074541979,144.37291285196937,138.160418955485,141.2666659037272,-1108746.9341026056,0.021302093588265077
2018-05-25,137.8333282470703,140.0833282470703,137.4166717529297,137.75,101.00473022460938,7705690,4.925440448033024,0.0015135095479799077,139.32500152587892,141.69916717529296,40.95230311647959,-1.2772266541334716,13.72223879432772,145.32705851863736,136.22711018253452,6.464083538937825,140.18829154960966,140.42874421064445,0.0015146554816094504,3.010665059222044,-0.3842645435136162,-66515739,23.111165364583332,25.8261647471559,144.08957926432294,137.96875254313153,141.02916590372723,700626.282077289,0.019346964395727022
2018-05-28,138.375,141.5416717529297,137.9583282470703,139.75,102.47122192382812,11540245,4.939855112035208,0.014414664002184274,138.99583435058594,141.66583374023438,47.59202061977686,-1.1454878014202166,12.87679807754725,145.1655128523613,136.13448867351758,6.420920106545318,140.14654949726588,140.27096098712136,0.014519056261343088,3.066451251629733,-0.362102998751796,-54975494,44.444498697916664,29.481553819444457,143.9930524190267,137.79305699666344,140.89305470784507,15620535.427359095,0.025895888027890696
2018-05-29,140.7083282470703,141.1666717529297,137.25,138.2916717529297,101.40191650390625,7141778,4.929365018151273,-0.010490093883935181,138.6500015258789,141.60000061035157,43.730641343386964,-1.145553485796711,12.479716836587713,144.82539194054652,135.9579439359183,6.316220994346754,139.96989447399577,139.92181456846228,-0.010435264737533534,3.1271812874368723,-0.3821935854297327,-62117272,28.888997395833332,32.14822048611112,143.84027481079102,137.52777938842775,140.68402709960938,-1736525.9186838483,0.027835393979327137
2018-05-30,137.0833282470703,140.2916717529297,137.0,137.75,101.00473022460938,5414080,4.925440448033024,-0.003924570118249093,138.25833435058593,141.60750061035156,42.35600171824097,-1.1757604896211262,12.247429189463732,144.69088812278412,135.6674477536807,6.43707656552751,139.75847595266282,139.69728272859243,-0.003916879057601075,3.138930606400645,-0.3847530878393911,-67531352,23.111165364583332,32.14822048611112,143.67499771118165,137.27916793823243,140.47708282470703,-2533944.7756289914,0.024012196049084736
2018-05-31,137.9166717529297,142.0416717529297,136.75,139.625,102.3795394897461,29432894,4.938960257389365,0.013519809356340673,138.29583435058595,141.61666717529297,48.40221966579692,-1.0364553160975447,11.762587354900187,143.76547086414232,136.0303650123225,5.52910719888984,139.7457639571711,139.56411035675464,0.013611615245008979,3.2926978311527195,-0.3121363575525348,-38098458,43.111165364583336,31.703776041666682,143.42708155314128,137.01458460489908,140.2208330790202,35946469.241457,0.03836861552466574
2018-06-01,139.5833282470703,139.5833282470703,136.4166717529297,136.9583282470703,100.42423248291016,2975864,4.919676706178971,-0.01928355121039349,138.10833435058595,141.58250030517578,41.70265772067355,-1.1282275813359206,11.110181971901294,143.51337366829483,135.7366278575841,5.569737345186758,139.48029388954245,139.3513608176495,-0.019098812912656693,3.2866714322896904,-0.30738266260737995,-41074322,14.666666666666666,26.96299913194446,143.155552927653,136.72639032999672,139.94097162882485,6691721.434245435,0.022686495113051507
2018-06-04,137.3333282470703,137.8333282470703,134.875,135.0416717529297,99.01886749267578,5021538,4.905583410457998,-0.014093295720972954,137.9125015258789,141.44416717529296,37.66710706621716,-1.3401673091169926,10.993312386816708,143.47009565048617,135.07574022597865,6.027270447676283,139.0575679717698,138.99031441841737,-0.013994450127070901,3.2632183476311636,-0.31664014426125336,-46095860,2.030520075621676,19.93611736895724,142.88124771118163,136.34791793823243,139.61458282470704,-4185801.800767472,0.021541225897825145
2018-06-05,134.5833282470703,135.4583282470703,133.3333282470703,134.4166717529297,98.5605697631836,2369418,4.9009444661767345,-0.004638944281263768,137.59166870117187,141.28333404541016,36.429141894879486,-1.5408019413201828,11.613452925555421,143.22120639495418,134.4829638320966,6.293202263194821,138.6155778556898,138.7712158521233,-0.004628200998159193,3.1819170370860803,-0.32577768621306696,-48465278,11.711821684966216,9.469669475751534,142.50069249471028,135.90069554646809,139.2006940205892,-2382524.7669224907,0.015789474280936862
2018-06-06,134.5,135.875,133.5416717529297,135.4166717529297,99.29383087158203,3647491,4.908356482535933,0.007412016359198859,137.25416870117186,141.15750091552735,39.83624859174236,-1.6006632407236054,11.917823709753105,142.88575700082055,134.1600804015232,6.299085148588865,138.3109201316174,138.52092367330778,0.007439553345273131,3.121303552084954,-0.2813386131031454,-44817787,23.92353384380859,12.555291868132175,142.13958079020182,135.51458536783855,138.82708307902018,1637485.7443591696,0.017348165405727232
2018-06-07,135.0,136.25,134.8333282470703,135.4166717529297,99.29383087158203,4624826,4.908356482535933,0.0,137.0416687011719,141.03500091552735,39.83624859174236,-1.6293219426410985,11.953299543051074,142.7447026768762,133.80113472546756,6.468054652651826,138.03527742888522,138.3438845875116,0.0,2.9995441378595777,-0.2508205461003701,-40192961,23.92353384380859,19.852963124194478,141.7687479654948,135.3229181925456,138.54583307902018,545828.5814530567,0.010493864836516204
2018-06-08,135.2083282470703,135.4166717529297,134.0,134.5416717529297,98.65223693847656,2199740,4.9018739782147,-0.006482504321233762,136.72083587646483,140.87500091552735,37.78138519223432,-1.7030081399537949,12.403499175917618,142.73559796268015,133.3102394396636,6.828835827927262,137.7025530787942,138.29967092584968,-0.006461538218842433,2.8864818246503,-0.19833871153700705,-42392701,13.875698691104063,20.57425545957376,141.42430369059244,135.1159739176432,138.27013880411783,-1101238.8061823142,0.010477695947404659
2018-06-11,134.5833282470703,135.5,134.375,134.7916717529297,98.83554077148438,4838494,4.903730414321309,0.0018564361066095714,136.22500305175782,140.74250091552733,38.753466682450586,-1.721388971011237,12.76130675581983,141.9207940619786,133.30004334036516,6.264606127195818,137.42532628585474,138.13253042776265,0.0018581603509364442,2.7606616943181357,-0.24883861199658758,-37554207,16.74650873473393,18.181913756548873,140.8437484741211,135.0062515258789,137.925,439336.0646058952,0.008359133442848925
2018-06-12,135.0,135.4583282470703,134.0833282470703,134.4166717529297,98.5605697631836,3082809,4.9009444661767345,-0.002785948144574668,135.8375030517578,140.59083435058594,37.79947616191835,-1.7460874686088346,13.247976981789018,141.3247247179358,133.16277985970095,5.947042923351946,137.1387877589095,137.99787128233535,-0.0027820709923931375,2.6616858590096975,-0.23611851858131752,-40637016,12.440293669289131,14.354167031709055,140.32152633666993,134.73402938842773,137.52777786254882,-624256.8951313682,0.010185185185185186
2018-06-13,134.5833282470703,134.7083282470703,133.3333282470703,133.5416717529297,97.91898345947266,6527995,4.894413577094285,-0.006530889082449143,135.4166702270508,140.43916778564454,35.59749114129613,-1.8153402804746577,14.088163496728196,140.6875433871516,132.98746119048513,5.6271724255929225,136.79620528214951,137.71598832156988,-0.006509609177114073,2.5697797262232904,-0.2660438871557105,-47165011,2.3924585165846053,10.526420306869236,139.86388778686523,134.40555648803712,137.13472213745118,-4016082.7150437892,0.01021671865237091
2018-06-14,133.5,133.5,131.6666717529297,132.0,96.78857421875,6200254,4.882801922586371,-0.011611654507914793,134.65417022705077,140.30333435058594,32.05438198324053,-1.9718929050422958,15.614109929283629,140.6956003621284,132.25440421550832,6.185159190366754,136.3394238267067,137.31155125366968,-0.01154449942623148,2.520152602921627,-0.25645566129241604,-53365265,3.2128023814006026,6.015184855758128,139.37638778686522,134.10972366333007,136.74305572509766,-7711198.540207467,0.013732795858204588
2018-06-15,132.0833282470703,132.25,128.7916717529297,130.0416717529297,95.35262298583984,10800649,4.8678549510353974,-0.014946971550973132,133.9625045776367,140.08833435058594,28.212959734492543,-2.228296298358231,17.97852977332842,140.9553507592663,131.11548816895635,7.233309258039154,135.73963791491843,136.2168132468171,-0.014835820053562987,2.587165148932247,-0.25733416577930773,-64165914,9.433962264150944,5.013074387378731,139.01874923706055,133.6020851135254,136.31041717529297,-16671210.195663638,0.02618292779995132
2018-06-18,130.2916717529297,131.5,129.9166717529297,130.8333282470703,95.93312072753906,2289944,4.873924209678457,0.0060692586430599604,133.5416702270508,139.88083435058593,31.77254799539044,-2.340636372809854,20.174062485655725,141.1170499791284,130.3371217738013,7.942355894341318,135.27237032750432,135.86231584981516,0.006087713911004711,2.515462513084966,-0.25020075778483675,-61875970,15.408728257665095,9.351830967738893,138.5826380411784,133.3826410929362,135.9826395670573,-4348504.0393423075,0.012152183065643337
2018-06-19,131.125,131.125,128.4583282470703,130.125,95.41374206542969,5222522,4.868495526935133,-0.005428682743324309,133.1125030517578,139.65583435058593,30.32371416606307,-2.4584829993082167,22.607854191577,141.18693554525638,129.51723620767334,8.621735869097662,134.7821445820277,135.36276299089212,-0.005413974073430916,2.526263173073875,-0.22352469673958636,-67098492,12.269966906238837,12.37088580935164,138.142360941569,133.0048624674479,135.57361170450844,-3915674.582144864,0.020336867515193043
2018-06-20,130.6666717529297,131.4166717529297,129.9166717529297,130.875,95.96366119384766,7262452,4.874242669190701,0.0057471422555677165,132.65833587646483,139.46666778564452,33.767597478981614,-2.4629670172278963,24.61767173099549,140.87752268711068,129.034981890526,8.775096074274932,134.41003557421556,133.05818602494452,0.0057636887608070175,2.4529586607114555,-0.20630424036764977,-59836040,21.72289216116573,16.467195775023235,137.68125025431314,132.67708460489908,135.1791674296061,2326001.139285045,0.011479591389886062
2018-06-21,131.4166717529297,131.4166717529297,129.0833282470703,129.375,94.86377716064453,9600354,4.862715164019633,-0.011527505171067709,132.05416870117188,139.24583435058594,30.518644977717912,-2.5580702561424573,26.7136458347712,140.8159083721668,128.27992903017696,9.317111303543827,133.9305083766712,132.46877836179985,-0.011461318051575908,2.4444147210791636,-0.2382360953251066,-69436394,9.77783203125,14.590230366218202,137.2437510172526,132.30208384195964,134.77291742960614,-8825020.286904985,0.017755308171600818
2018-06-22,129.1666717529297,131.8333282470703,128.0833282470703,131.0833282470703,96.11641693115234,5141889,4.875833214468525,0.013118050448891694,131.70833435058594,139.04250091552734,37.85248925686502,-2.4671526457691186,28.915792258198,140.4750373230032,127.95413290404761,9.329019203363611,133.65934836432828,132.0854374131053,0.013204469542572372,2.5376708124306515,-0.17724951673141773,-64294505,36.734670998914446,22.745131730443404,136.89375127156575,131.84374974568684,134.3687505086263,2914349.3856984195,0.029032256921297846
2018-06-25,130.875,131.4166717529297,127.79166412353516,128.875,94.49717712402344,8198617,4.858842942337124,-0.016990272131400808,131.11666717529297,138.77083435058594,33.0030213051036,-2.5439681371714755,31.032993489054828,139.80146932712765,127.54020089992311,9.172732718241164,133.20369613915418,131.73602592161592,-0.016846751425993567,2.6153377279280714,-0.2067251482595739,-72493122,12.807907989078618,19.773470339747703,136.3763900756836,131.32222213745118,133.84930610656738,-11098708.543441102,0.027698243586586676
2018-06-26,128.7083282470703,130.25,127.95833587646484,129.6666717529297,95.07766723632812,6173371,4.864967094176015,0.00612415183889059,130.64166717529298,138.46250122070313,36.16060323863107,-2.5120068223706937,32.99896606056474,139.22097359823744,127.25819662881332,8.97839554155873,132.86683667379947,131.4099386049804,0.006142942796738549,2.5922181847571486,-0.1596094786603876,-66319751,22.167571219436955,23.90338340247669,135.81458409627277,130.92291692097982,133.3687505086263,-441380.553776836,0.01780509586866862
2018-06-27,130.375,130.375,126.33333587646484,128.1666717529297,93.97779083251953,7083915,4.853331539962345,-0.011635554213669685,130.10416717529296,138.0766680908203,32.98819708314069,-2.577997167499774,35.21990726541714,138.75514370781988,126.76569369452389,9.030891986174613,132.41920191943092,130.92537323621508,-0.011568122939548675,2.6957500375270063,-0.14034596902484778,-73403666,20.000033291912647,18.32517083347609,135.34930597941081,130.3826395670573,132.86597277323406,-7231041.851258946,0.03100030008464166
2018-06-28,127.5,131.5833282470703,124.58333587646484,130.3333282470703,95.56647491455078,15010362,4.870095232292219,0.016763692329874402,129.9375,137.70750122070314,41.03512296940164,-2.4274814250626093,37.62623296204323,137.47531719173773,127.11635303531303,7.830151378186241,132.22054728396802,130.51892585271315,0.01690499148107194,3.003195918461182,-0.09742734342793803,-58393304,52.67169810793301,31.613100873094222,134.90277735392252,129.76527887980143,132.33402811686196,19271184.920714792,0.054901900945925244
2018-06-29,129.4583282470703,134.0833282470703,128.0,133.0416717529297,97.55236053466797,6659236,4.890662400597438,0.02056716830521843,130.2375,137.40916809082032,49.240432659299536,-2.0658421856479663,37.79690737197756,136.836785863361,127.36321871427572,7.171511722136568,132.29874961434533,130.38569743008898,0.020780130011912368,3.223205370504691,-0.042527337206028186,-51734068,77.77785572822359,50.149862376023094,134.75138880411785,129.32222315470378,132.03680597941081,18447394.023294903,0.04699062879493023
2018-07-02,132.5,132.625,126.16666412353516,127.95833587646484,93.82503509521484,15954402,4.851704709967561,-0.03895769062987675,129.95000076293945,137.062501373291,38.43080363620879,-2.164472513167624,38.465313118721575,136.60745852107345,126.88421246891676,7.3803061900397395,131.88537687740433,130.05934931971177,-0.03820859892609474,3.4840483889968223,-0.05894409517310151,-67688470,33.33335845070051,54.594304095619044,134.57638918558754,128.79722277323404,131.6868059794108,-47918591.37499667,0.04874215755822524
2018-07-03,128.3333282470703,129.5416717529297,126.33333587646484,129.1666717529297,94.7110366821289,7506727,4.861103599502812,0.00939888953525081,129.85416793823242,136.752501373291,41.70670688652083,-2.1206891669403376,39.08597559784102,136.30656027785903,126.66011071213121,7.336632835949778,131.6264525798353,129.72629232218128,0.009443197804880787,3.464354638101681,-0.01541433173479133,-60181743,48.245679550716645,53.11896457654692,134.32777849833172,128.4402784983317,131.3840284983317,-9925765.42571402,0.025000020807440456
2018-07-04,129.125,129.875,127.08333587646484,127.41666412353516,93.4278564453125,11418056,4.8474625361818875,-0.013641063320924296,129.50833435058593,136.4200012207031,38.510847835500805,-2.2018203257516973,39.40498402429641,135.86212496770634,126.30454525934444,7.291224090449415,131.22552034590197,129.43224484931363,-0.013548445629550265,3.4163053156326435,-0.08939532282044763,-71599799,29.824531815805386,37.13452327240753,134.0097229003906,128.07638931274414,131.04305610656738,-16629711.883807342,0.02161985768468659
2018-07-05,127.375,127.91666412353516,126.41666412353516,126.79166412353516,92.96956634521484,4155312,4.842545299491465,-0.004917236690422655,129.25000076293946,136.09166793823243,37.408356699153636,-2.2901502042990387,39.90316229138854,135.34474406291866,125.95942540119268,7.183443479660978,130.8032483247242,129.2534616134175,-0.004905166873573452,3.279426364516026,-0.09836498735306805,-75755111,23.245579163865873,33.77193017679598,133.5909725189209,127.64930610656738,130.62013931274413,-7274617.294602448,0.011776251226692836
2018-07-06,127.0,127.04166412353516,124.875,125.125,91.74749755859375,10642270,4.829313237635384,-0.013232061856080612,128.65416793823243,135.727501373291,34.566512017660955,-2.466209210687367,40.7905238248152,135.1024573192189,125.26004496959945,7.560545211461618,130.26246276998856,128.90812289041048,-0.013144902979672968,3.199943347303107,-0.14283627321612474,-86397381,5.7017321951873745,19.590614391619557,133.17986081441245,127.16319516499838,130.17152798970542,-14249598.832850475,0.01706034742941068
2018-07-09,125.25,126.58333587646484,125.20833587646484,126.04166412353516,92.41963958740234,5759994,4.8366125199400845,0.0072992823047002275,128.37083435058594,135.40250122070313,37.38401109295523,-2.5029180267986533,41.61450239156853,134.50071243852864,124.98678908735025,7.332856723528598,129.8604819465168,128.72345070563273,0.007325987001280065,3.0755428136718024,-0.1259783024922184,-80637387,15.350835981538456,14.766049113530583,132.7451385498047,126.70347290039062,129.72430572509765,-1229879.70989832,0.010978043912175649
2018-07-10,126.66666412353516,128.5416717529297,126.08333587646484,128.25,94.03887939453125,3890373,4.853981484050879,0.01736896411079414,128.22916717529296,135.09833465576173,43.676115068064675,-2.326991667204311,40.851574573352956,133.7164714999376,125.15436285064833,6.614965854124534,129.7071027135152,128.5622640769286,0.017520681687449136,3.034433157651997,-0.09602935542607947,-76747014,38.596495454884945,19.88302121053694,132.44791666666666,126.2979174296061,129.37291704813637,5317540.275854003,0.01940791520385572
2018-07-11,127.33333587646484,128.125,126.45833587646484,127.25,93.30565643310547,4037034,4.846153655430632,-0.00782782862024689,128.1375,134.80333465576172,41.63580054251073,-2.2424112810012957,40.14314159929564,133.0596810219644,125.18198615332855,6.101025411432547,129.47309293127566,128.395749599813,-0.007797270955165692,2.9456639409293657,-0.0691767612576727,-80784048,28.070171211781723,27.339167549401722,132.13333333333333,125.95416768391927,129.0437505086263,-918842.5747153321,0.013088985001948791
2018-07-12,128.3333282470703,128.9166717529297,127.04166412353516,128.375,94.13054656982422,3424965,4.8549556682487225,0.008802012818090788,127.94166717529296,134.4658346557617,44.76207894786898,-2.060846462397791,38.90755096873905,132.6593210196328,125.21984615566018,5.769737001605611,129.36851265210655,128.29623884412013,0.008840864440078589,2.8691884901054485,-0.034565431703216076,-77359083,39.912285985272845,35.52631755064652,131.92152837117513,125.73819478352864,128.8298615773519,2262442.891761556,0.014610449639276267
2018-07-13,128.5,129.5833282470703,126.58333587646484,127.45833587646484,93.4583969116211,3615536,4.847789533755607,-0.007166134493115095,127.38333358764649,134.16666793823242,42.752588581752505,-1.9682335977066998,37.294714366737345,132.5474757459912,125.0733578416553,5.80241729696375,129.1865910544264,128.19889392956685,-0.007140518975931154,2.8785316244268784,-0.02591015003055827,-80974619,30.263182198921765,32.74854646532546,131.77430585225423,125.63680585225423,128.70555585225424,-1455340.4617793509,0.023346244129225438
2018-07-16,127.5,130.8333282470703,126.70833587646484,129.6666717529297,95.07766723632812,4117044,4.864967094176015,0.01717756042040719,127.55416717529297,133.9183348083496,48.72464537825042,-1.6970801027725315,34.99310078459938,132.39628471820902,125.1078832200234,5.660802740819242,129.23231302571241,128.16827662585393,0.017325943111364595,2.967564534868206,-0.015735695811203775,-76857575,53.508841672268254,41.228103285487634,131.8173613230387,125.42569491068521,128.62152811686195,5576097.159529767,0.03235288133808211
2018-07-17,129.1666717529297,130.0,127.54166412353516,129.4166717529297,94.89434051513672,2670880,4.863037212662139,-0.001929881513875742,127.57916717529297,133.6500016784668,48.11273518655209,-1.4852409816386682,32.85588817261412,132.320351437119,125.1129836764064,5.599405187781315,129.2498709997331,128.1815297961971,-0.0019280204899247977,2.9311910592679657,-0.015331219062899169,-79528455,50.877260611492446,44.88309482756083,131.76111132303873,125.39027849833171,128.57569491068523,1413552.3865099228,0.019032277003832337
2018-07-18,129.9583282470703,130.0833282470703,127.33333587646484,129.375,94.86377716064453,2892637,4.862715164019633,-0.0003220486425057345,127.77500076293946,133.3975016784668,48.0045151859847,-1.3056685794838927,30.995818116622484,132.12290843374856,125.1604266797768,5.412306825779903,129.26178804737756,128.09371887234389,-0.0003219967904076748,2.918248295792073,-0.020273453106099525,-82421092,48.868805273440415,51.08496918573371,131.73333295186362,125.23750089009604,128.48541692097984,390823.2925837927,0.021160570528249024
2018-07-19,129.1666717529297,129.875,127.875,128.7916717529297,94.43606567382812,3163729,4.858196151276345,-0.004519012743288364,127.97500152587891,133.1650016784668,46.430156959844275,-1.196631844462388,29.268610207487395,132.0784180912606,125.14658419755777,5.389704602602823,129.21701506695396,127.83321489437486,-0.004508817368659379,2.8526591318069245,0.03147762996719865,-85584821,50.537700037802416,50.09458864091177,131.66111030578614,125.1986125946045,128.42986145019532,-1100053.8969890776,0.015483870358025517
2018-07-20,128.3333282470703,130.0,128.3333282470703,129.7083282470703,95.10820770263672,3659896,4.865288300880583,0.007092149604238429,128.43333435058594,132.9683348083496,49.24699284707546,-1.0244437779532802,27.568530788286637,131.8623116947093,125.22519059410908,5.163316801875424,129.2638067983936,127.66769000237512,0.0071173584569901305,2.767945747601408,0.02640535659263347,-81924925,81.11886500121643,60.175123437486434,131.5076384226481,125.25347353617352,128.38055597941081,1869893.6585231717,0.012987053134950044
2018-07-23,129.4166717529297,133.0,129.4166717529297,131.7916717529297,96.63580322265625,6286406,4.881222431550909,0.015934130670325786,129.0083351135254,132.7433348083496,55.034122251542804,-0.7116713803297046,27.061063181912242,132.29730241500278,125.08186704910855,5.606852629851488,129.50455584168276,127.93125110668879,0.016061755895049323,2.82618735470633,0.06851778207687288,-75638519,85.12826772836539,72.26161092246143,131.6076379140218,125.35764096577961,128.4826394399007,9354459.963037996,0.027688304748798288
2018-07-24,131.6666717529297,132.4583282470703,130.3333282470703,131.2083282470703,96.20807647705078,4224482,4.876786351988292,-0.004436079562617046,129.3041679382324,132.532501373291,53.204758547116235,-0.5050460905754619,26.589843261707447,132.5176319396919,125.01570317383347,5.8259865757195675,129.6668198802911,128.1256813822931,-0.004426254695008125,2.776102543655878,0.03964834295697209,-79863001,77.9486553485577,81.39859602604652,131.70138765970867,125.46805712381999,128.58472239176433,1475270.5607994494,0.016139239882872768
2018-07-25,130.0,130.9583282470703,124.875,125.83333587646484,92.26688385009766,15232765,4.834958300231286,-0.04182805175700555,129.1625015258789,132.2158346557617,40.00832553915504,-0.7661789889578756,26.168125216992404,132.6078003024922,124.6922012233867,6.152816970200718,129.30172616564096,127.99992731836019,-0.04096532927760621,3.030190093899766,-0.035538200279014324,-95095766,11.794903094951923,58.29060872395835,131.7499984741211,125.3125015258789,128.53125,-54092240.25188419,0.046794832669771635
2018-07-26,126.20833587646484,128.2083282470703,125.0,127.79166412353516,93.70281982421875,17803995,4.8504013138657,0.015443013634413916,129.10416793823242,131.98666793823242,45.32887417542875,-0.8058189894746022,25.776529889757008,132.4190960310703,124.6267390824551,6.063009692550486,129.15791073305945,128.08510515673981,0.015562873172120906,3.042914247697662,-0.009068812168597257,-77291771,35.89740459735577,41.88032101362181,131.4687486012777,125.41041806538901,128.43958333333336,5213297.462171007,0.025420890187560084
2018-07-27,127.5,129.375,126.75,129.125,94.68048095703125,5766367,4.860780927439802,0.010379613574102109,129.27083435058594,131.792501373291,48.66698655533149,-0.7213298716489192,24.73993509652007,131.64604107701493,125.00812686121749,5.172652576906484,129.15477637752997,128.26139899613443,0.010433668624707071,3.013063230004972,-0.007004415571085235,-71525404,52.30769230769231,33.33333333333335,131.13124885559083,125.41875114440919,128.275,6863435.1526989695,0.020588235294117647
2018-07-30,130.8333282470703,131.1666717529297,128.375,129.9166717529297,95.2609634399414,9747265,4.866893258419972,0.006112330980169389,129.29583435058595,131.6508348083496,50.59582928230143,-0.5837611081996386,23.076979517125572,131.80956695720187,125.04043456867703,5.270883666195202,129.22733784185374,128.46525313660004,0.006131049393453436,2.997249553071023,0.05512014317933631,-61778139,62.05134465144231,50.08548051883014,130.99305470784506,125.64722340901695,128.320139058431,7432234.630113116,0.02133761932324916
2018-07-31,129.875,132.3333282470703,128.5416717529297,129.0416717529297,94.619384765625,9065227,4.860135389040921,-0.006757869379050874,129.25833435058593,131.4791682434082,48.42981911001253,-0.5391273350334131,22.055308168913637,131.79827343986358,125.03922808601531,5.263285395390146,129.2096553571943,128.66656945400302,-0.006735086330290518,3.053992906004566,-0.039976024489280615,-70843366,51.28211388221154,55.213716947115394,131.10347061157228,125.69930725097656,128.40138893127443,-2810637.539962294,0.02919466020512512
2018-08-01,129.0,130.0,127.29166412353516,129.4583282470703,94.92487335205078,4903117,4.863359039756298,0.003223650715376891,129.26666717529298,131.292501373291,49.53763642115775,-0.4647763982904394,20.49362130289391,131.8964521854492,125.14521575278323,5.253028807989447,129.23333848956344,128.70015708548007,0.003228852265168891,3.0293031181803003,0.05096329783244945,-65940249,56.41019381009615,56.581217447916686,131.1388874053955,125.74305686950683,128.44097213745118,425064.5130667677,0.020994851755541423
2018-08-02,128.9166717529297,129.7916717529297,128.4583282470703,129.5,94.95545196533203,3895179,4.863680881139593,0.00032184138329505174,129.3375,131.13166793823243,49.654124554824236,-0.3979034003430968,19.043483498732737,131.9600659911984,125.35243553468052,5.1358798483044765,129.25873482389073,128.7550128832041,0.0003218931797894786,2.908163145871663,0.08527390274819739,-62045070,56.92307692307692,54.87179487179488,131.24097137451173,125.8618064880371,128.5513889312744,249900.79562552742,0.010342677077598958
2018-08-03,129.875,130.9166717529297,129.5,130.375,95.59703826904297,3276529,4.8704149133209365,0.006734032181343608,129.40416717529297,130.98416793823242,52.15177084652087,-0.27117494439755774,18.23935137379766,131.87449829280442,125.96300323307447,4.585442400539716,129.365045793044,128.7944276108132,0.006756756756756799,2.801628046375807,0.16689800605637606,-58768541,67.6923076923077,60.34185947516027,131.4326385498047,126.12847290039062,128.78055572509766,1994608.8485418423,0.010907963448929258
2018-08-06,130.75,131.6666717529297,130.0,130.625,95.78034973144531,2395237,4.872330622719075,0.0019157093981387874,129.2875,130.8016679382324,52.87117067365124,-0.14885293538725364,17.833823731535755,131.87795520639398,126.41787990713142,4.227768749629865,129.48504143180173,128.8399831922777,0.0019175455417066445,2.7205597397010846,0.15586063820732543,-56373304,70.76923076923077,65.12820512820514,131.68819440205894,126.35486157735188,129.02152798970542,1064075.7828472808,0.012747011494682122
2018-08-07,130.8333282470703,133.25,130.2916717529297,132.375,97.06352233886719,4450873,4.88563880392157,0.013308181202495106,129.40416717529297,130.68333450317382,57.66900909487587,0.08828086580757599,18.11524549880755,132.38806115241596,126.32027396110942,4.6908323913444026,129.76027558115393,128.9857066360834,0.013397129186602852,2.7375432045131722,0.1450726269225156,-51922431,89.55223880597015,76.00459242250288,131.9305550893148,126.54722302754722,129.238889058431,5547377.094282426,0.02261142697129664
2018-08-08,132.9166717529297,133.125,131.3333282470703,131.875,96.69690704345703,4151246,4.881854504230331,-0.00378429969123939,130.0083335876465,130.56583450317382,55.917457161609974,0.23317736684845158,18.376565711274218,132.647446152275,126.52338896125042,4.725884521954051,129.96167790675833,129.12710066721883,-0.0037771482530689626,2.6699809579714944,0.13238444599598592,-56073677,83.58208955223881,81.30118637581326,132.1784720102946,126.78263918558757,129.48055559794108,465377.0314274756,0.013479661575186834
2018-08-09,132.0,134.4583282470703,130.6666717529297,133.9166717529297,98.19393920898438,4915016,4.8972177539303186,0.015363249699987591,130.62083435058594,130.45166793823242,61.11146616957294,0.5069113765375732,19.140498746913497,133.40197120524905,126.3230310835693,5.451104098024306,130.3383439873461,129.31747960675693,0.015481871112263068,2.7501006391264324,0.14845041775471016,-51158661,94.34792923527155,89.16075253116018,132.51944338480632,126.93194567362468,129.7256945292155,6845025.232074132,0.02872467041015625
2018-08-10,134.1666717529297,134.5416717529297,131.875,132.9583282470703,97.49125671386719,4518788,4.890035757675734,-0.0071819962545847105,131.00416717529296,130.37166793823243,57.67625767473058,0.6391495218204568,19.88148337866988,133.7411345003788,126.53386702550013,5.538194165882696,130.587866297796,129.36089767936716,-0.007156267351293488,2.744141432969522,0.15293306871683326,-55677449,83.62059304041735,87.18353727597592,132.76527735392253,127.21111170450847,129.9881945292155,-605359.0120788044,0.01987581355405768
2018-08-13,132.5,132.5416717529297,130.4583282470703,131.6666717529297,96.54414367675781,2702390,4.880273514862857,-0.009762242812876742,131.17916717529297,130.3041679382324,53.32539857698108,0.6324330261782336,19.62103951904954,133.89393521546327,126.58106631041562,5.615025520459473,130.6906096744754,129.3350242898878,-0.009714746802023555,2.7267027591859843,0.1430863158853128,-58379839,70.25863633852396,82.74238620473763,132.78750050862632,127.43749974568686,130.11250012715658,-2528826.066160057,0.01572334721403302
2018-08-14,131.5,132.2916717529297,130.4166717529297,130.75,95.87201690673828,2030044,4.873287102945032,-0.006986411917824675,131.35,130.23083450317384,50.41856652803277,0.5468387883196328,19.352329979817135,133.9469016295624,126.66143272102354,5.591125031894038,130.69626589595396,129.78558172755106,-0.006962063677357966,2.6658668478155567,0.12032045061423542,-60409883,60.2619766104877,71.38040199647635,132.86666717529297,127.575,130.2208335876465,-2083531.3500562822,0.014258555133079848
2018-08-16,130.75,132.5,130.125,132.125,96.88021850585938,2153881,4.8837484441904015,0.010461341245369127,131.61666717529297,130.16500106811523,54.431178454990224,0.5832326043754961,18.9056777644423,134.14089755626404,126.74243679432189,5.671853880861386,130.832335810625,130.62137511146844,0.010516252390057268,2.6450906444001596,0.12172061564445529,-58256002,68.98391218776621,66.50150837892598,132.9805564880371,127.72638854980468,130.3534725189209,1279880.4666479058,0.018164435946462717
2018-08-17,132.5,133.5416717529297,131.375,131.6666717529297,96.54414367675781,4672155,4.880273514862857,-0.0034749293275444515,131.83333435058594,130.09000106811524,52.89451992894859,0.5685379550304503,19.011896188414006,134.2401783748492,126.93065597573674,5.597502812508095,130.91179637655878,130.94045545124186,-0.003468898747930438,2.610917866437983,0.09294027910086874,-62928157,60.34486931650168,63.1969193715852,133.15625127156576,127.88541615804036,130.52083371480308,-1000960.2519112286,0.01635223964475236
2018-08-20,131.9166717529297,133.4166717529297,131.6666717529297,132.125,96.88021850585938,3448567,4.8837484441904015,0.0034749293275444515,132.00833435058593,130.04166763305665,54.28440438730291,0.5871077855944691,19.11052758210202,134.39665486810085,127.01584665777806,5.646867052830772,131.02733957879127,131.22271385962662,0.0034809738939125534,2.5494237331209844,0.05833733807059367,-59479590,66.66663158902757,65.33180436443183,133.31319580078124,128.03402786254884,130.67361183166503,720063.6947059412,0.013265950214978305
2018-08-21,133.0,134.75,131.3333282470703,134.0416717529297,98.2856216430664,5279408,4.8981507348364675,0.014402290646065907,132.3500015258789,130.02666763305663,59.64660594767145,0.747863003100889,19.832083560886723,134.7630930845925,126.8744084412864,6.0302400055794845,131.31441883347114,131.6526764859553,0.014506503333431953,2.6113700202501775,0.06795416372734549,-54200182,90.50286473011388,72.5047885452144,133.40347391764323,128.14097162882487,130.77222277323406,6985949.355429324,0.025689261300223216
2018-08-23,134.3333282470703,137.5,133.4166717529297,136.9583282470703,100.42423248291016,7704134,4.919676706178971,0.02152597134250378,132.80833435058594,130.07750076293945,66.1527586855334,1.0979559222969044,21.500625555458544,135.87445163579332,126.33804989008559,7.27379639812219,131.85193401571868,132.49065917187528,0.02175932645421419,2.716509893594473,0.12018584862183115,-46496048,94.00916370632262,83.72622000848804,133.7326405843099,128.2743054707845,131.00347302754722,17308858.093696166,0.03039698562042712
2018-08-24,137.1666717529297,139.7083282470703,136.375,136.9166717529297,100.39368438720703,5436786,4.919372505397871,-0.0003042007811000502,133.3125015258789,130.14500076293945,65.98911524268465,1.3564099030768944,23.641891878576196,136.42474419948587,126.89609091403952,7.237295355939661,132.33428999069116,133.20412297005464,-0.0003041545167336013,2.760568347414176,0.19349815490643746,-51932834,72.65314724825976,85.7217252282321,134.11736284891765,128.93402773539225,131.52569529215495,5618634.401796835,0.024301298591500726
2018-08-27,137.4166717529297,139.0416717529297,136.6666717529297,138.4583282470703,101.52408599853516,2630486,4.930569401271676,0.011196895873804458,133.76666717529298,130.27416732788086,69.04137758920575,1.6664258202795281,25.630210607185443,137.4672598838737,126.92024164200521,7.97845448895861,132.91753172939394,133.60057860342582,0.011259815728814848,2.733027751170306,0.09788936123383037,-49302348,87.1244567737271,84.59558924276983,134.62847442626952,129.52847213745116,132.07847328186034,4576415.350362943,0.017283201300859374
2018-08-28,138.875,145.4583282470703,138.625,140.25,102.83782958984375,8727238,4.943426544402806,0.0128571431311304,134.49583435058594,130.47833389282226,72.1675367616019,2.0332505582614147,28.618721360015538,138.88754312967683,126.61245839620209,9.246768107666666,133.61586204088024,134.7984231930536,0.012940151564827307,3.0378114832295693,-0.0013194914918923132,-40575110,66.03263059952134,75.27007820716942,135.4902796427409,129.9694445292155,132.7298620859782,11949702.320584033,0.04920488386729298
2018-08-29,141.2083282470703,141.2083282470703,137.9166717529297,138.375,101.4630126953125,3769664,4.929967391028801,-0.013459153374005162,135.16666717529296,130.62916732788085,64.7937574723533,2.1479052611445297,30.942776127746832,139.6286561541968,126.71717819638916,9.695273056767617,134.06911327508212,135.2658508772588,-0.013368983957219305,3.055943269723216,-0.042885391227527186,-44344774,53.80436567368405,68.98715101564417,135.98263982137044,130.41180623372395,133.19722302754718,-728845.8931386555,0.02331063992473063
2018-08-30,137.9583282470703,142.2916717529297,137.9583282470703,141.4166717529297,103.69330596923828,13384598,4.9517106514127285,0.0217432603839276,136.23333435058595,130.85500076293945,70.12628641125018,2.4558973731966773,33.2630505248122,140.8855814454995,126.69775290508642,10.604418675659584,134.76888074916283,136.44131665600463,0.021981367681515263,3.1471861437329416,0.11423111972347365,-30960176,73.64136194688945,64.49278607336495,136.53889083862305,130.91388854980468,133.72638969421388,26898087.142899908,0.03141052490936804
2018-08-31,141.2083282470703,143.9166717529297,140.8333282470703,142.9166717529297,104.79317474365234,8445506,4.962261745401052,0.010551093988323323,137.3125015258789,131.09583419799804,72.35044281001646,2.788872419696844,35.643028876272545,142.30103291028638,126.6281357908855,11.655780735942601,135.54486084475968,137.3556074039579,0.010606953065764868,3.142625955313401,0.11036179151931612,-22514670,83.42397388755927,70.28990050271092,137.23958587646484,131.57708282470702,134.40833435058593,17411535.047633305,0.02183542248630329
2018-09-03,143.75,144.0,139.5,141.25,103.57112121582031,4592967,4.9505313700265505,-0.011730375374501278,138.27083435058594,131.33333419799806,66.43213161854895,2.8850144112259954,37.009973691418566,143.07132711914443,127.03284158202746,11.87577786321473,136.08820743097306,137.86955968468,-0.011661842754153828,3.2395812442195866,0.07703683997909577,-27107637,72.55437189330122,76.53990257591666,138.01458536783855,132.03541666666666,135.0250010172526,700532.7751856307,0.03130434782608696
2018-09-04,141.25,142.0833282470703,139.5,140.0833282470703,102.71564483642578,3016566,4.9422374473117765,-0.008293922714774027,139.06666717529296,131.51333419799803,62.57352490617327,2.834393844113663,38.27927959119701,143.5408374191243,127.53416410675462,11.80977458066458,136.4686951277442,138.2037966637527,-0.008259623029590712,3.192706030137496,0.05260048369166939,-30124203,64.94564054593312,73.64132877559787,138.58750127156574,132.4916669209798,135.5395840962728,-2112717.3036368536,0.018289049536780972
2018-09-05,139.75,142.0,138.75,139.9583282470703,102.62398529052734,2837060,4.9413447229230805,-0.0008927243886960312,139.65833282470703,131.73500076293945,62.156954829308184,2.752461561115524,38.969491831061404,143.8949528047642,128.11338154582174,11.603740963761727,136.8010411391086,138.4676590100912,-0.0008923260288300483,3.196798456556246,0.05106422831516385,-32961263,64.13042288421063,67.210145107815,139.14027862548826,132.8861114501953,136.01319503784177,-940660.7678789513,0.023255813953488372
2018-09-06,138.3333282470703,142.25,138.0416717529297,140.75,104.69432067871094,7658860,4.9469852670198,0.005640544096719324,140.0375,131.95666732788087,63.800638280921206,2.720055820412057,39.15599378266734,144.38743263846072,128.45840171212524,11.676213392994597,137.1771324591935,138.82577067804124,0.0056564819174758085,3.2690505844501074,0.053193056956798185,-25302403,66.6667026756084,65.2475887019174,139.62152862548828,133.24236145019532,136.43194503784179,3728648.4918023935,0.030421651097369867
2018-09-07,142.0833282470703,142.125,138.25,141.2916717529297,105.09725189208984,3585828,4.950826347776015,0.003841080756215476,140.475,132.21916732788085,64.92324400122729,2.706879202483094,39.329174166301414,144.84051196451085,128.94698956136804,11.610115373831647,137.56899334431122,139.28759832689525,0.0038484671611345167,3.312332685560814,0.08978844726513709,-21716575,70.50154694413717,67.09955750131873,140.14791742960614,133.56041742960613,136.85416742960612,2537777.3229103684,0.02727272824902946
2018-09-10,141.5833282470703,142.7916717529297,140.125,141.0,104.88026428222656,5871138,4.948759890378168,-0.0020664573978468326,140.72916717529296,132.43250076293944,63.77633551506597,2.6424407528465395,39.67706929708594,145.26346050542645,129.2323738451595,11.6803861145609,137.89575588294824,139.71670811731522,-0.0020643237447124374,3.2662140475157337,0.03499168971996011,-27587713,68.43661418003319,68.53495459992627,140.5062515258789,134.03125,137.26875076293945,-295704.3004646102,0.01883464519407402
2018-09-11,140.875,143.125,140.625,141.4583282470703,105.2211685180664,9709410,4.952005173688941,0.003245283310772784,140.85,132.60083389282227,64.82780097695259,2.5984033005859146,40.09406596323599,145.63481597653947,129.7110183740465,11.566398046333179,138.2350484890551,140.32432530047802,0.0032505549437611414,3.2114844726931815,0.011111694458481933,-17878303,66.7819788585867,68.57337999425236,140.92847340901693,134.470139058431,137.69930623372395,2868163.1434364384,0.01774622892635315
2018-09-12,142.0,143.0,139.0416717529297,141.6666717529297,105.37619018554688,7109565,4.95347691615934,0.001471742470398496,141.17916717529297,132.87500061035155,65.32059148954652,2.550909584318248,39.36283364440645,145.81273725379205,130.5330970967939,11.058346649520063,138.56186975228124,140.78665086739488,0.0014728260148493266,3.264830456577262,0.027518507055196158,-10768738,58.256969350815154,64.49185412981168,141.5062505086263,134.86041768391925,138.18333409627277,1943542.179302218,0.027875551035706426
2018-09-14,142.0,145.9166717529297,142.0,145.7916717529297,108.44446563720703,7340733,4.982178696906942,0.028701780747602434,141.61666717529297,133.20750061035156,73.29762441540711,2.8136890421220073,39.56521421130587,146.45450780691044,131.39549371896845,10.839671769114167,139.25042232377157,141.29106427671775,0.029117646013411713,3.335199709678886,0.09596857175578416,-3428005,98.64864864864865,74.56253228601683,142.27916742960613,135.42916742960614,138.85416742960612,20834863.14310074,0.027582195443166813
2018-09-17,145.8333282470703,146.1666717529297,142.5833282470703,143.5416717529297,106.77086639404297,2792490,4.966625388533866,-0.015553308373076113,141.67916717529297,133.53000076293947,64.57269602797138,2.8080183718301157,39.819113642578394,146.59546818035741,132.39620052081446,10.178990452042349,139.65911274559616,141.47506731625924,-0.01543298031325846,3.352924266548921,0.07195586492013352,-6220495,68.18181818181819,75.02914539376066,142.96527913411458,135.99444478352865,139.4798619588216,2756219.38103358,0.024571499182878737
2018-09-18,144.3333282470703,145.375,140.9166717529297,141.4166717529297,105.19021606445312,3646318,4.9517106514127285,-0.014914737121137556,141.69583435058593,133.82250091552734,57.59921482435388,2.602059660099087,39.00280665251879,146.14230677997517,133.82436192119673,8.79957954703976,139.82649931772318,141.525899354671,-0.014804063336099627,3.4318816937290206,0.07759418335083666,-9866813,42.42424242424242,69.75156975156976,143.5986119588216,136.39861195882162,139.9986119588216,-4246877.372988806,0.030889111345361136
2018-09-19,142.5,143.2916717529297,140.0,140.9583282470703,104.84928894042969,5092003,4.948464302349312,-0.003246349063416254,141.78333435058593,134.13916748046876,56.18968539750621,2.3744798808099574,37.71790063630835,145.42421103790173,135.42579048797717,7.120114292755848,139.93429254908958,141.62388952005057,-0.0032410853697656394,3.4218666979576398,0.07243206669429786,-14958816,36.54817805637039,49.051412887477,144.12638982137042,136.77222264607747,140.44930623372395,-2971550.128907239,0.023099450897752193
2018-09-21,141.0,144.8333282470703,139.0416717529297,140.2083282470703,104.29142761230469,9597428,4.943129375454415,-0.0053349268948972295,141.80833435058594,134.42250076293945,53.86677004948757,2.109287975317784,37.0565324796379,144.7918848557644,136.67478231952856,5.7677185136673,139.9603911869925,141.76875769761992,-0.005320721445315479,3.591137397684996,-0.0018592978399960226,-24556244,26.666541466346153,35.21298731565299,144.6444445292155,137.05277887980142,140.84861170450844,-5789230.709635747,0.04107557797262855
2018-09-24,140.1666717529297,142.3333282470703,138.5833282470703,139.9166717529297,104.07444763183594,6216532,4.941047043641628,-0.0020823318127867196,141.7250015258789,134.65583419799805,52.95004689040677,1.8542130244700274,36.17361985737123,144.57821907212684,137.18428245375208,5.248346801531827,139.95622743136747,141.56748945928123,-0.0020801652639825807,3.602484726421782,-0.06326803583386806,-30772776,23.076923076923077,28.763880866546543,144.84375025431316,137.28541742960613,141.06458384195963,-3138471.5224339208,0.02675386347626264
2018-09-25,140.9583282470703,142.0833282470703,137.0,141.6666717529297,105.37619018554688,6496965,4.95347691615934,0.012429872517711438,141.76250152587892,134.94416763305665,57.611452398262394,1.7728384843532012,34.478516211228644,144.34702422721062,137.89047729866826,4.5752579962874655,140.11912689056388,141.4608776552635,0.01250744445301133,3.7082592636109624,0.011566268869038679,-24275811,50.90911814790586,33.550860897058364,145.0604169209798,137.32708409627278,141.1937505086263,6533635.325855359,0.036062631490353
2018-09-26,143.0,143.0,138.3333282470703,139.8333282470703,104.01248931884766,3591889,4.9404512008653985,-0.013025715293941253,141.64583435058594,135.17333419799806,51.81930322517148,1.5426305908101767,33.265552508275285,144.2399974339269,138.13500409195203,4.324032445496326,140.0919079721359,141.44714921073725,-0.012941247812024326,3.7767172985623,-0.009750349012463591,-27867700,30.909018272251046,34.96501983235999,145.29166692097982,137.32916692097982,141.3104169209798,-2212232.47266003,0.03263406820230551
2018-09-27,140.125,141.6666717529297,138.75,139.9583282470703,104.10543060302734,6718629,4.9413447229230805,0.0008935220576820058,141.49583435058594,135.42333404541014,52.17237304772563,1.3546599552330463,32.13922906981859,144.24590866257796,138.099925688008,4.353514184975406,140.07918609355823,141.3833849766844,0.0008939213674377111,3.7152854738742564,0.01828106879284641,-21149071,32.27265387925366,38.03026343313686,145.0298619588216,137.45902760823566,141.24444478352865,-177525.07422000996,0.02081478503428858
2018-09-28,139.9583282470703,141.4166717529297,138.3333282470703,139.0416717529297,103.42359924316406,5444684,4.9347736849842825,-0.006571037938797986,141.23333435058595,135.61083404541014,49.318226529225186,1.1188281989920483,30.8454770942013,144.1696281393081,138.2428733865708,4.197232573427124,139.98037520397455,141.36188284490652,-0.00654949587939091,3.6701467618731938,0.016220369884794385,-26593755,22.27277040085094,28.48481418411855,145.04097417195638,137.49097112019857,141.26597264607747,-3386444.989502373,0.02203043966355691
2018-10-01,139.5833282470703,141.9166717529297,138.4583282470703,141.3333282470703,105.12821960449219,4950123,4.951121130576137,0.016347445591854637,140.7875,135.84916717529296,55.8246621437693,1.1041197547575905,29.8699086668416,144.16449989062664,138.23966728466633,4.195995169067514,140.10922787474559,141.3496889861377,0.016481796178434927,3.655017957872207,-0.023550508837336954,-21643632,47.27264555628243,33.93935661212901,144.9979184468587,137.5354153951009,141.26666692097982,6433839.349995791,0.02477619318360079
2018-10-03,140.6666717529297,140.7083282470703,138.4166717529297,139.4583282470703,103.73353576660156,5780126,4.93776583439182,-0.013355296184316856,140.37916564941406,136.05083374023437,50.15165843421354,0.9304408340068449,28.936503196001333,143.97475344660816,138.08357937809885,4.177273551546197,140.04723743401462,141.22811057285156,-0.013266509911393554,3.602277853319951,-0.05528317134010982,-27423758,26.8181114512432,32.12117580279219,144.80694503784179,137.42361068725586,141.11527786254882,-5080544.383334735,0.016291396288708283
2018-10-04,138.6666717529297,140.5,137.2916717529297,139.0,103.39262390136719,6563494,4.9344739331306915,-0.0032919012611287712,140.1374984741211,136.25500030517577,48.84498523918193,0.7472024936636785,27.341621120743604,143.98906087717853,137.8442719475285,4.360583517970117,139.94750053553705,140.9820802602898,-0.0032864888947924387,3.574138595730691,-0.04163828742422148,-33987252,21.81816971204184,31.96964223985583,144.60972264607747,137.3555554707845,140.98263905843098,-3699004.594229254,0.023136981702328398
2018-10-05,138.8333282470703,139.9166717529297,133.7916717529297,135.75,100.97515869140625,13292940,4.910814958814044,-0.023658974316647097,139.61666564941407,136.37583374023438,40.739347776462246,0.33586530400836523,26.639528984648884,144.50155603329526,136.89844396670472,5.4037754559989635,139.54773857977162,140.27861118903044,-0.023381294964028743,3.756342981749927,-0.06344562120927234,-47280192,15.824874723800505,21.487051962361857,144.58333435058594,136.975,140.77916717529297,-30034371.53140975,0.04411764867510659
2018-10-08,134.5,137.4166717529297,132.875,136.2083282470703,101.31607055664062,4637569,4.914185539034474,0.0033705802204293533,139.21666564941407,136.4641668701172,42.19615428194328,0.04632684972548873,26.341030431480593,144.78288767604045,136.24211232395953,6.078302892682796,139.22969950046672,139.64599774326197,0.0033762670134092065,3.812437893977053,-0.03956277793274123,-42642623,25.07832204279041,20.907122159544258,144.41111246744794,136.67361094156902,140.54236170450847,-8594437.930178171,0.0337670762299605
2018-10-09,137.3333282470703,137.5,134.0833282470703,134.75,100.2313461303711,5756458,4.903421209789107,-0.010764329245366966,138.6999984741211,136.53500030517577,38.91786133836105,-0.2973813361566897,26.01278529045539,145.1628748245641,135.2621251754359,7.061246072303265,138.80306145280323,139.2288876044533,-0.01070660117364508,3.784168883902241,-0.08613783708986021,-48399081,15.0,18.634398922196976,144.1263905843099,136.46805470784506,140.29722264607747,-8461349.513041975,0.024878678733998964
2018-10-10,134.75,138.875,134.375,136.9583282470703,101.87394714355469,3411681,4.919676706178971,0.016255496389864454,138.22916412353516,136.75750015258788,45.78656578372427,-0.3871164781937466,24.890593408263694,145.11476207498285,134.87690357443122,7.312973746419119,138.62737257606676,138.9926204909362,0.016388335785308517,3.8352996779092234,-0.09866096033577872,-44987400,34.14631345372789,24.741545165506107,143.96666819254557,136.2458323160807,140.10625025431312,2202291.1771814018,0.03339517625231911
2018-10-11,135.0,138.0833282470703,134.4166717529297,135.9583282470703,101.13013458251953,3668989,4.91234842883492,-0.00732827734405106,137.84166412353517,136.9208334350586,43.40625342062648,-0.5327822848815629,23.84855808908569,145.12964474555184,134.35785372856924,7.708245324597235,138.3731778780671,138.7283308454023,-0.007301490992179915,3.8232537362114662,-0.08866875846415381,-48656389,25.783940558963177,24.976751337563694,143.75902837117513,135.93819402058918,139.84861119588214,-1711895.607606199,0.02716041847511574
2018-10-12,136.5833282470703,137.7916717529297,135.875,136.8333282470703,101.78096771240234,4147903,4.9187636030531445,0.006415174218224351,137.52916412353517,137.075,46.04918910522742,-0.5710357541112216,22.88095386413468,144.9805992736243,134.0443992004968,7.83886758027655,138.22652553225788,138.3177086680456,0.0064357955211828966,3.6870693088341966,-0.06507141881735644,-44508486,39.09459997106482,33.00828466125197,143.48472315470377,135.72222162882488,139.60347239176434,1848978.2141312666,0.01403298468069656
2018-10-15,136.875,137.9583282470703,136.4166717529297,137.2083282470703,102.05988311767578,2191491,4.921500414958782,0.0027368119056374596,137.34582977294923,137.2208331298828,47.18750482594107,-0.5645843610107022,21.871929477590477,144.75173353223263,133.82743059130254,7.842871504981426,138.12955436224001,138.12663382128446,0.0027405603941963452,3.533825536356084,-0.08825106775553805,-42316995,42.79830367476852,35.892281401598844,143.16180597941081,135.64097162882487,139.40138880411786,1164198.8213770888,0.01126324379280822
2018-10-16,137.2083282470703,137.7916717529297,135.0833282470703,136.625,101.62603759765625,3857880,4.917239946496703,-0.004260468462079281,136.8749969482422,137.37249969482423,45.576588459688885,-0.5996291483932907,21.637843533724148,143.5173327049517,134.14516424329045,6.750762933179474,137.98626347059812,137.85545765351722,-0.004251405541651376,3.474862534177748,-0.14986470838497976,-46174875,37.03703703703704,39.6433135609568,142.69791717529296,135.29791564941405,138.9979164123535,-1112207.3114127151,0.019738914834546158
2018-10-17,137.125,138.0833282470703,135.1666717529297,135.75,100.97515869140625,5369029,4.910814958814044,-0.006424987682658312,136.50416412353516,137.4983331298828,43.194519360204474,-0.6900530798366731,21.210610226134715,142.7791163121544,134.1042134607948,6.26610699782701,137.7732859972078,137.6275661870463,-0.006404391582799596,3.4349906741750966,-0.16377800890826538,-51543904,31.79721713596206,37.21085261592254,142.27638829549153,134.9430554707845,138.609721883138,-3502669.353804238,0.021270056475045578
2018-10-19,135.5,137.7083282470703,133.5833282470703,134.5416717529297,100.07636260986328,6202959,4.9018739782147,-0.008940980599344783,136.05833129882814,137.5991665649414,40.07926276349143,-0.8494250449237484,21.57610243316733,142.52653597405708,133.6692937988921,6.413740701621886,137.46551321203845,137.21102886219586,-0.008901128891862342,3.484277054591161,-0.16442915782676393,-57746863,18.433225607749492,29.0891599269162,141.89513829549153,134.59513829549152,138.24513829549153,-6164363.501347425,0.03044280442804428
2018-10-22,135.875,139.9166717529297,135.0833282470703,137.375,102.18390655517578,6407974,4.922714412723786,0.020840434509086236,136.22083129882813,137.7391665649414,49.310858195445384,-0.7385885756966388,20.47457372059879,142.15577698382458,133.6817199644176,6.1442386282942865,137.45689290613004,137.06140183567504,0.021059112839577177,3.6193286935489355,-0.14682711208028576,-51338889,49.769557256288444,33.333333333333336,141.77430521647136,134.32013804117838,138.04722162882487,10049141.32667895,0.03557198532371205
2018-10-23,136.7916717529297,138.3333282470703,135.4583282470703,137.5,102.27685546875,7316558,4.923623917106626,0.0009095043828404314,136.3499984741211,137.87666656494142,49.679194902705596,-0.633362412334094,19.451725630356577,141.89011853328975,133.67654559024538,5.961223915939459,137.46099834364145,136.84381814778143,0.0009099181073703999,3.5661623582954403,-0.07120865297593584,-44022331,59.042591528444675,42.41512479749421,141.41527786254883,134.2527763366699,137.8340270996094,3959426.942226317,0.021017361387269
2018-10-24,138.3333282470703,138.9583282470703,133.0833282470703,135.875,101.06814575195312,12856915,4.9117353454413735,-0.011888571665252812,136.4624984741211,137.9466665649414,45.091900255006514,-0.6733320859123637,19.61530063858906,141.64578567054454,133.51671127769762,5.908562746016939,137.30995088234226,136.53197034706227,-0.011818181818181839,3.7310793327029086,-0.05746869639257553,-56879246,39.34426229508197,49.385470359938374,141.30625,133.9312484741211,137.61874923706054,-12608515.602591226,0.04246988107961194
2018-10-25,135.4166717529297,137.4583282470703,131.0833282470703,135.25,100.60325622558594,94631476,4.907124917726591,-0.004610427714782261,136.29166564941406,138.0141665649414,43.43081692051517,-0.7468316069675609,20.498954842570065,140.9829856478536,133.53784412509563,5.424099532932133,137.11376508402395,135.3876152042147,-0.004599816007359703,3.919930808938415,0.0813281300228847,-151510722,47.16981458001527,48.51888946784731,141.0881945292155,133.58402582804362,137.33611017862955,-43632620.20086374,0.047076921308709385
2018-10-26,132.4583282470703,133.5416717529297,129.0,132.75,98.74365234375,9339921,4.888467660122048,-0.018657257604543176,135.97083282470703,137.99083312988282,37.48283086954653,-0.9953359997376765,21.941563082069674,140.9188024663206,132.89369448192159,5.861754356607022,136.69816840935502,135.10228835427074,-0.01848428835489835,4.086364322585671,0.11378746525817098,-160850643,34.351129033385284,40.28840196949418,140.65069478352865,133.15902608235677,136.9048604329427,-30110741.733621247,0.0342875515117347
2018-10-29,132.9583282470703,133.2916717529297,131.0833282470703,132.4583282470703,98.52670288085938,6963919,4.88626809216389,-0.0021995679581578997,135.53333282470703,137.98083312988283,36.84876564637411,-1.2019575755064977,23.281127875890743,140.73027815030449,132.3322187979377,6.151016303025009,136.29437410818505,134.97729593169242,-0.002197150681202964,3.9522199785337926,0.12709612878215876,-167814562,31.679327961310253,37.73342385823694,140.22291717529296,132.8020812988281,136.51249923706055,-11391032.885867322,0.01660929055723168
2018-10-30,132.5833282470703,134.2083282470703,130.7083282470703,132.8333282470703,98.8056411743164,3257071,4.889095171271597,0.0028270791077069646,135.09583282470703,138.0041662597656,38.294039827969556,-1.3202285243224594,23.908620585415672,140.54759599360537,131.8940666040509,6.35257420399322,135.9647506928408,134.91547420705083,0.0028310790643568673,3.9199185514956647,0.14570459220790932,-164557491,35.11444086464878,33.71496595311478,139.89305521647137,132.43055369059246,136.16180445353191,-2982743.2119557746,0.026398492527489704
2018-10-31,133.3333282470703,134.0833282470703,129.375,133.0416717529297,98.96060180664062,6069514,4.890662400597438,0.0015672293258406356,134.7375,138.0499996948242,39.127572079459036,-1.3812256145305355,24.916632088667168,139.65686701200576,131.95562993623645,5.670753122406471,135.68636222237308,134.78257926915958,0.0015684580715455976,3.9762335297509965,0.1454241962043867,-158487977,37.02293010546031,34.605566310473115,139.5354156494141,131.94791564941406,135.74166564941407,-151218.520236886,0.03531246320009091
2018-11-01,133.125,133.5416717529297,130.625,130.8333282470703,97.31798553466797,2992327,4.873924209678457,-0.016738190918980322,134.24583282470704,138.02416625976562,33.900351373155544,-1.5894390490409762,25.85264277025784,139.4199714848625,131.3300254633797,5.97595280714207,135.22416851043948,134.6989507518429,-0.01659888572326773,3.9005505456923317,0.13760383520653183,-161480304,16.793838713509963,29.643736561206357,139.17361094156902,131.52360941569012,135.34861017862957,-4455796.771984072,0.02190927138350939
2018-11-02,131.5833282470703,132.7916717529297,130.0416717529297,131.6666717529297,97.9378433227539,11487762,4.880273514862857,0.0063493051843996895,133.95833282470704,138.02416625976562,37.30418704795956,-1.667978422631137,26.910308835868584,139.0016063858692,131.01505773766598,5.915596857051229,134.88535929543855,134.44411272699176,0.0063695047510039515,3.8183683638571653,0.14220915228677247,-149992542,24.427516126552376,26.08142831517422,138.77916692097983,131.17499821980795,134.9770825703939,4896902.315710712,0.020899304164402974
2018-11-05,131.25,131.25,126.41666412353516,127.91666412353516,95.14847564697266,18263054,4.8513789903521385,-0.02889452451071861,133.01249923706055,137.93999954223634,29.854033413499423,-2.009649726533752,28.832432138756616,139.64468325529327,129.5886472805954,7.470127086183631,134.22167404097155,133.85914795942855,-0.028481069502777068,3.9206283113955487,0.12922443172688233,-168255596,11.111104831777597,17.44415322394665,138.31666679382323,130.84166450500487,134.57916564941405,-44025427.11879263,0.0368254162016369
2018-11-06,128.2916717529297,128.9166717529297,126.95833587646484,128.4583282470703,95.55137634277344,6223800,4.855604557943551,0.004225567591412904,132.10833206176758,137.82833267211913,31.967553318115947,-2.2112292541921477,30.61726092000979,139.86464968774482,128.59368084814383,8.396810646257245,133.6727839653619,133.62628654469708,0.004234507890324979,3.7804645660433556,0.13346928975061126,-162031796,15.123429405252299,16.887350121194096,137.81805559794108,130.6013868967692,134.20972124735516,-12427669.591558808,0.015264715547836198
2018-11-07,129.1666717529297,129.2083282470703,128.75,129.0416717529297,95.98529815673828,212175,4.860135389040921,0.004530831097369514,131.42499923706055,137.66999954223633,34.264661869950544,-2.297428214093088,32.051844717495804,140.00680077373335,127.8806969374483,9.053131586871286,133.23172565941599,133.5455698806025,0.004541110831968842,3.564002811325973,0.15351787086442312,-161819621,19.44448996961242,15.22634140221411,137.34791628519696,130.427081934611,133.88749910990398,-4060042.5916157947,0.003548347579528904
2018-11-09,129.625,129.6666717529297,127.91666412353516,128.7083282470703,95.73734283447266,8098182,4.857548823052891,-0.0025865659880297542,130.77083206176758,137.50583267211914,33.567180507335394,-2.36537299836786,33.59073625197614,139.8355617896233,127.22693592155834,9.442453340416778,132.80092590585926,133.290740039674,-0.002583223708521154,3.434431726902299,0.14442600948979376,-169917803,16.975280210548565,17.181066528471103,136.8118055979411,130.1659704844157,133.4888880411784,-3152998.4498501215,0.013500541017508437
2018-11-12,128.5833282470703,129.5416717529297,127.08333587646484,127.33333587646484,94.71456909179688,3916333,4.8468083399107025,-0.010740483142188673,130.22916564941406,137.28333282470703,30.78363085568718,-2.501336274889354,35.21684598746614,139.84574892268736,126.35424955143375,10.136363222079583,132.28020304591695,133.04296695846003,-0.01068301009990602,3.364710594728195,0.13272570563633873,-173834136,7.309012136670923,14.576260772277308,136.34305648803712,129.81805343627929,133.0805549621582,-4640951.480450325,0.019118620663957305
2018-11-13,127.08333587646484,131.5,126.95833587646484,130.6666717529297,97.19400787353516,7903864,4.872649590047835,0.02584125013713212,130.05,137.09166625976562,43.10179870218455,-2.313447817347594,35.265656451564304,139.38875135402103,126.19458147068603,9.935992400580004,132.1265333989658,132.751526348333,0.02617802992060736,3.448778703928692,0.15287624940354508,-165930272,33.88711089319596,19.390467746805154,136.11805623372396,129.3305539449056,132.72430508931478,16017171.795782506,0.035737684191340525
2018-11-14,130.8333282470703,133.8333282470703,130.3333282470703,131.125,97.53494262695312,3853852,4.876151066716461,0.0035014766686263243,129.87916717529296,136.94666625976564,44.56270239152714,-2.1033158856913587,33.915645823914275,138.79667078034228,126.17832921965775,9.524175156663478,132.03114926573096,132.50474075197556,0.003507613999206516,3.452437367933786,0.14211462358952867,-162076420,42.64154228735404,27.945888439073645,135.9444455464681,128.9611089070638,132.45277722676593,6516610.0863464475,0.026751593396680054
2018-11-15,131.625,132.625,127.83333587646484,128.1666717529297,95.33444213867188,4538966,4.853331539962345,-0.022819526754116026,129.39166717529298,136.68166625976562,37.813870626179934,-2.1507051910182327,33.511921732705794,138.3415520331868,125.78761514210619,9.505907299324502,131.6631037883213,130.23388712541268,-0.022561130578229283,3.5480964219053126,0.1220247728582153,-166615386,22.459998296237327,32.99621715892911,135.7006950378418,128.50902633666993,132.10486068725587,-6779630.858079015,0.03640390597177707
2018-11-16,127.66666412353516,129.5833282470703,127.5,128.375,95.48939514160156,5166086,4.8549556682487225,0.0016241282863775908,129.14583435058594,136.39083282470702,38.51998898290846,-2.146705325727197,33.239611261974275,137.92981892608495,125.46184824920803,9.467247624488596,131.34995104657642,129.97171632370646,0.0016254478970314512,3.4434701237028125,0.13274520047252542,-161449300,25.13373068212195,30.07842375523778,135.26666742960612,128.1583315531413,131.7124994913737,-1542382.5256300173,0.01631849834389347
2018-11-19,128.3333282470703,128.75,126.58333587646484,127.45833587646484,94.80755615234375,6879644,4.847789533755607,-0.007166134493115095,128.72500076293946,136.11499954223632,36.553207006591784,-2.192231853365513,33.26778903014901,137.6924427406139,124.99089084703257,9.670618778974301,130.97932103037533,129.60716627828444,-0.007140518975931154,3.3522696951194084,0.1411731619835104,-168328944,13.36905359900281,20.320927525787365,134.78472302754722,127.87222073872883,131.32847188313804,-4718342.73353927,0.01688309773563921
2018-11-20,127.0,127.58333587646484,123.75,124.29166412353516,92.45207977294922,4600113,4.822630933705805,-0.025158600049802082,128.36250076293945,135.79916625976563,30.718178044190196,-2.455530077778917,34.03839499084862,137.11252170927332,124.26247829072668,9.83264919640107,130.342401324962,129.27538337826087,-0.0248447599064755,3.386631565215511,0.12909050698294933,-172929057,5.241913453090276,14.581565911405017,134.12222264607746,127.30972112019856,130.71597188313802,-11284146.176102852,0.0301837470587783
2018-11-21,124.29166412353516,124.875,122.625,123.20833587646484,91.64627838134766,7625524,4.813876710145436,-0.008754223560369034,127.8375015258789,135.4641664123535,29.011953424816227,-2.7202539590339967,35.005406664379684,136.38727064107775,123.5585629465687,9.870292989468952,129.66296652034322,128.60996998473723,-0.008716016916416658,3.3054435962715454,0.09891218124118252,-180554581,5.204486017951151,7.938484356681417,133.41458396911622,126.66458244323731,130.03958320617676,-9268679.090642683,0.01810258166439621
2018-11-22,123.125,123.66666412353516,121.33333587646484,121.66666412353516,90.4995346069336,3684871,4.801285044011931,-0.012591666133505264,127.10000076293946,135.0824996948242,26.73604663104028,-3.0196410262449547,36.17365820951059,136.04166046749236,122.48333953250763,10.48898244656009,128.9014139111234,128.2564473061605,-0.012512722795602449,3.2360067856143147,0.09387495026173724,-184239452,2.6666276041428247,4.371009025061422,132.5500005086263,126.15416615804035,129.35208333333335,-6876800.719474075,0.018950889316307108
2018-11-26,122.0,122.45833587646484,118.08333587646484,120.58333587646484,89.69371032714844,6534517,4.792341097933724,-0.008943946078207254,126.28750152587891,134.6683329772949,25.23780481743131,-3.306211027088281,37.82686436074545,135.71953903770165,121.33879454994482,11.188701246951464,128.10921600306068,127.24202834096468,-0.008904067970256446,3.317363443784721,-0.061803429233939756,-190773969,15.873023562003755,7.914712394699248,131.73888969421387,125.54305534362793,128.6409725189209,-7011618.137865463,0.035860655737704916
2018-11-27,120.41666412353516,122.33333587646484,119.375,121.45833587646484,90.34455871582031,4866687,4.799571289374951,0.007230191441227163,125.7000015258789,134.27749969482423,28.712607302407278,-3.423253494676743,39.36198435832068,135.50531827335524,120.42384890193773,11.78565892889246,127.4757988481468,126.51887095617695,0.007256392383242938,3.2917186175475868,-0.09731181986204746,-185907282,21.428581808705072,13.322744324950555,131.12430623372396,125.08680547078453,128.1055558522542,501694.7040448454,0.02456749568672567
2018-11-28,122.45833587646484,122.95833587646484,118.33333587646484,119.54166412353516,88.91887664794922,17823474,4.783664964359401,-0.015906325015549783,124.58750076293946,133.8391664123535,25.875585713549683,-3.628838889805394,40.954039568410856,135.40235376897024,119.23514699396921,12.698213520444707,126.72016696961235,125.10531582064057,-0.015780487515316577,3.386953002008473,-0.1656836407584667,-203730756,9.259231450753083,15.520278940487309,130.64513918558757,124.36597277323406,127.50555597941081,-22607267.868569523,0.03776794749738939
2018-11-29,119.875,121.45833587646484,117.375,118.54166412353516,88.17506408691406,30727317,4.7752644947590035,-0.008400469600397642,123.32916717529297,133.3766662597656,24.514605358021697,-3.8283278587545624,42.579601866567884,135.12634189310418,118.08199245748176,13.462708073442197,125.94126193665262,123.5170666389272,-0.008365284249068128,3.436694635898214,-0.22337599584909146,-234458073,7.088594333648862,12.592135864369011,130.0013895670573,123.6638895670573,126.8326395670573,-28020633.95618984,0.034063281555494006
2018-11-30,118.33333587646484,118.83333587646484,114.625,116.91666412353516,86.96633911132812,29840662,4.761461408562801,-0.013803086196202408,122.20416641235352,132.79916610717774,22.44834935363758,-4.070624596720393,44.458247687950845,134.770572657533,116.8252609301135,14.265189905196124,125.08177643064144,121.75440546655027,-0.013708260399538097,3.4918118673672587,-0.1986241877390235,-264298735,11.930575602719017,9.426133795706992,129.207639948527,122.92013918558757,126.06388956705727,-41667595.15206328,0.03556340100864032
2018-12-03,116.95833587646484,121.375,116.66666412353516,120.75,89.81768798828125,12013041,4.793722292532682,0.03226088396988125,121.44166641235351,132.34333267211915,36.125481771805774,-3.9082761637081376,44.70487445151226,134.210982982112,116.37651778082746,14.234121931050575,124.66922629438987,121.40988770119695,0.032786907710730784,3.5787064394456576,-0.1307752232274098,-252285694,31.887210178919112,16.968793371762334,128.69375089009603,122.22708371480306,125.46041730244954,16810815.64980764,0.04025652247171112
2018-12-04,120.625,120.625,118.33333587646484,119.33333587646484,88.763916015625,6785000,4.7819207190437485,-0.011801573488933847,120.62916641235351,131.90166595458984,33.75612073412552,-3.8495515817303243,44.93388501767644,133.45081759139154,115.90334958390142,14.07433307112487,124.16104625458749,120.86469867808663,-0.011732208062402938,3.495703416880622,-0.14959396685080883,-259070694,24.511950316045684,22.77657869922794,128.06736170450844,121.64652811686199,124.8569449106852,-804438.8355214763,0.01899825180132772
2018-12-05,119.125,120.75,116.0,117.54166412353516,87.43122863769531,8833965,4.76679285901805,-0.015127860025698325,119.95416641235352,131.43333267211915,30.987986259531567,-3.9025981421611107,45.58098080109641,133.32271397556875,114.99395319972422,14.762408809961835,123.53062890877298,120.42145088249892,-0.015014008782796795,3.5852960299605776,-0.13617468075185424,-267904659,16.203689575195312,24.200950023386707,127.54166717529297,121.12916717529296,124.33541717529297,-10819856.649753496,0.03987408184679958
2018-12-06,117.25,118.5,115.16666412353516,116.5,86.65640258789062,5460772,4.757891273005756,-0.008901586012294516,119.28333282470703,130.95916610717774,29.474643985408775,-3.982780498311584,46.323095390544076,133.0781834890668,114.04265086151915,15.405850079433018,122.86104520317556,120.01309549506577,-0.008862084192039155,3.5672988761394535,-0.16129956243768032,-273365431,12.534823203704137,17.750154364981714,127.04097264607746,120.49097264607747,123.76597264607747,-7398812.402721381,0.028429303850446428
2018-12-07,116.66666412353516,117.58333587646484,113.79166412353516,114.875,85.44766998291016,13240540,4.743844580675851,-0.014046692329904964,118.60416641235352,130.45833267211913,27.239748373911354,-4.129843250300567,47.2353450520415,132.7343603329546,112.9698068423384,16.088089768958252,122.1004694695398,119.35468831935658,-0.013948497854077258,3.5833255101958987,-0.18017190100765268,-286605971,7.242355603000889,11.993622793966784,126.52847315470379,119.64513880411782,123.08680597941081,-16810189.13424046,0.032500044304984925
2018-12-10,113.25,116.04166412353516,112.25,113.5,84.42489624023438,34436070,4.7318028369214575,-0.012041743754393153,117.89583282470703,129.89499923706055,25.479273877527405,-4.3076862240776705,48.31299965601237,132.38630822653948,111.79702612404645,16.863789789136053,121.28137713910745,118.04891140263844,-0.01196953210010876,3.5982068397201314,-0.20858253758187156,-321042041,8.152172560953462,9.3097837892195,125.88888931274414,118.80138931274413,122.34513931274414,-37169793.87808015,0.03348047791201021
2018-12-11,111.70833587646484,115.04166412353516,111.70833587646484,114.45833587646484,85.13774108886719,13406569,4.740210877966169,0.008408041044711823,117.19583282470703,129.38749938964844,28.926986874868092,-4.321483000007532,49.391705635327995,131.95888807778218,110.93694627280377,17.30942966657567,120.63156368552244,117.58417126652597,0.008443487898368573,3.579286940245144,-0.1480554155889202,-307635472,20.886079983497325,12.093536049150563,125.22013880411785,118.0451395670573,121.63263918558758,-3824600.590692451,0.02983956587408614
2018-12-12,114.95833587646484,118.0,114.08333587646484,117.25,87.21427917480469,12274362,4.764308407326388,0.024097529360219028,116.96666641235352,128.93333282470704,37.93503404299631,-4.060347917163369,48.69287225109478,130.5345347421899,111.0196324331031,16.157785673740882,120.30951000118698,117.28591236555734,0.02439022114167555,3.603385310480145,-0.1342233173878191,-295361110,46.34146185854044,25.126571467663748,124.52569427490235,117.4131950378418,120.96944465637208,21569063.826224666,0.03407029245572966
2018-12-13,117.79166412353516,118.33333587646484,116.45833587646484,117.54166412353516,87.43122863769531,10636545,4.76679285901805,0.002484451691661782,116.86666641235351,128.50333267211914,38.80765878589727,-3.78621647867395,47.87073412868893,128.70259551556006,111.49323807208641,14.329438763719459,120.04590563188681,117.20613927237429,0.0024875404992337202,3.4799292168744205,-0.11469183562452745,-284724565,51.851806640625,39.69311616088759,123.72847226460776,116.77847302754722,120.25347264607748,9257886.991986388,0.01591793454954143
2018-12-14,117.5,120.125,116.33333587646484,119.58333587646484,88.94987487792969,13732576,4.784013499672326,0.01722064065427542,117.13333358764649,128.06833282470703,44.671930819040995,-3.365424967046266,46.212076975565274,127.43635946126344,111.90114053873657,12.981851086876786,120.00185136946567,117.20399316269518,0.01736977069495893,3.5021959959216162,-0.05526800278785337,-270991989,70.0,56.064422833055154,123.13541666666667,116.2854174296061,119.7104170481364,21777570.67343557,0.032269481902426865
2018-12-17,125.0,126.125,120.625,121.75,90.5615234375,21749589,4.801969761962699,0.01795626229037328,117.23333358764648,127.71416625976562,50.13348687565099,-2.824553283214982,43.35713702927067,126.09052991202537,112.58447008797464,11.317532061632543,120.16834171523084,117.65295082539379,0.01811844524703199,3.7193008621797263,-0.09716448629681612,-249242400,69.65317383750498,63.83499349271,123.02361145019532,115.83194503784179,119.42777824401855,38675226.349768445,0.044
2018-12-18,121.66666412353516,123.66666412353516,121.04166412353516,123.08333587646484,91.55329132080078,13037010,4.812861653405247,0.010891891442548207,117.60833358764648,127.39583297729492,53.19539477769185,-2.2622417996608988,40.70612136485425,125.03725225639019,113.20024774360982,9.937146345793897,120.44596020677693,117.73109841590127,0.010951424036672153,3.6411365148811745,-0.0633871099173362,-236205390,78.90174802248706,72.85164061999735,122.79652811686196,115.55902811686198,119.17777811686196,24480217.553143438,0.021575342916730966
2018-12-19,123.625,125.25,122.70833587646484,124.83333587646484,92.85499572753906,8182075,4.82697953466138,0.01411788125613267,118.33750076293946,127.17749969482422,56.933138436858194,-1.6563026965953185,38.716611142229155,125.16291137657532,113.12875579871763,10.100357868582186,120.86380550865196,117.78325675937592,0.014218009184902458,3.562602772642173,-0.030550189291141294,-228023315,91.04047848748506,79.86513344915903,122.68472239176432,115.5763895670573,119.13055597941081,17705826.684381146,0.020559467126674672
2018-12-20,123.83333587646484,124.95833587646484,122.20833587646484,124.41666412353516,92.54505157470703,13909968,4.823636127310749,-0.003343407350630656,119.12916717529296,126.94166641235351,55.790724165222755,-1.195927610990239,36.68046266411956,125.4067475997717,113.00575240022829,10.402974004755134,121.20217299578368,118.3913209170694,-0.0033378243880466396,3.5045597174534464,0.013172502340658266,-241933283,88.15026928680408,86.03083193225872,122.72430572509765,115.56597290039062,119.14513931274413,2038015.061623143,0.022207267377044402
2018-12-21,124.58333587646484,126.16666412353516,123.54166412353516,125.45833587646484,93.31988525390625,18956932,4.831973718404514,0.008337591093765084,120.18750076293945,126.75583312988282,58.05663727638959,-0.7385097532484082,35.15813652300193,126.09728050360687,112.69438667168609,11.225595926747259,121.60752184156284,118.96594977765263,0.008372445606606105,3.4417340233496287,0.050808734879341406,-222976351,95.10089800863499,91.43054859430805,122.88055597941079,115.69305597941081,119.28680597941079,13843938.744946972,0.021070233683603678
2018-12-24,125.0,125.45833587646484,121.0,122.0,90.74746704101562,8506178,4.804021044733257,-0.027952673671257422,121.03750076293946,126.4566665649414,49.06528273271034,-0.6475965186302091,32.79579000190723,126.24631469017466,112.68701889747182,11.349856957257884,121.64490071379495,119.11682409857882,-0.027565612538254625,3.514348441429287,0.03162765630619692,-231482529,71.18156364737779,84.81091031427229,123.00694491068523,115.81111132303872,119.40902811686199,-14996834.117681656,0.03566668701171875
2018-12-26,121.83333587646484,123.625,120.20833587646484,121.29166412353516,90.22058868408203,10358386,4.798198092430602,-0.005822952302654727,121.72083358764648,126.1633332824707,47.444532222424286,-0.6254936096458721,30.57541904350328,126.22857114198898,112.68809527036454,11.334894358733868,121.61125913377022,119.29799256404701,-0.005806031774301945,3.5073709901511347,0.012045697988419488,-241840915,66.2824088878476,77.52162351462012,123.06250012715657,115.82083371480306,119.44166692097981,-9890422.323274665,0.028043754190557057
2018-12-27,122.25,124.79166412353516,120.16666412353516,123.58333587646484,91.92520904541016,32905857,4.816915712928204,0.018717620497602283,122.35416717529297,125.89833343505859,52.86887945614605,-0.41823696152246725,28.674108577444,126.66573700060508,112.65509658704141,11.708667568578015,121.7990759664078,119.87871671042608,0.01889389324064039,3.587201633711768,0.08740946943866298,-208935058,82.13259373473021,73.19885542331853,123.19097226460774,115.94930585225423,119.57013905843098,46976141.2208042,0.03783231083844581
2018-12-28,122.875,126.33333587646484,122.08333587646484,124.875,92.885986328125,11010662,4.827313236968718,0.010397524040513417,123.08750076293946,125.65166687011718,55.64750185223684,-0.14805143007230015,27.412645443623198,127.31611989098207,112.63804728431091,12.234063512594407,122.0920211124642,120.36817152692701,0.010451766125056938,3.6345443741609276,0.14871270569022413,-197924396,90.02847263955663,79.48115842071148,123.46458333333332,116.2062505086263,119.83541692097981,25140098.461449303,0.03458799593082401
2018-12-31,124.83333587646484,125.04166412353516,123.41666412353516,124.20833587646484,92.39010620117188,5010889,4.8219602838048505,-0.005352953163867191,123.55000076293945,125.40333358764649,53.88184464087061,0.012138403004897214,26.241286819361026,127.76037560865365,112.92295874193229,12.329409434812606,122.29357489951187,121.6124994300529,-0.005338651639921199,3.4910054902922902,0.15201037926746783,-202935285,85.47008547008546,85.87705061479078,123.70694427490234,116.70694503784179,120.20694465637207,6152979.538271798,0.01301735621010802
2019-01-01,124.125,124.66666412353516,122.0,123.91666412353516,92.17314147949219,4011082,4.8196092761492375,-0.0023510076556130244,123.76666717529297,125.16666687011718,53.088191711714536,0.11423766625898679,24.577786341383042,128.08022008140887,112.9197806815306,12.581277470443572,122.44815482560932,122.22719644645987,-0.002348246201605786,3.4321239640953523,0.1300452000992418,-206946367,80.27206732302295,85.25687514422168,123.80138842264812,117.00555636088055,120.40347239176432,1271046.9673674551,0.021483698880444362
2019-01-02,123.29166412353516,123.91666412353516,121.79166412353516,122.5,91.11940002441406,5201079,4.808111029984782,-0.011498246164455495,123.70833358764648,124.92583343505859,49.290590181787145,0.07991786930983835,22.94949796061902,128.26669948079393,113.04996769449905,12.611422132099495,122.45309246126558,122.64267505670692,-0.01143239396860174,3.33875796665997,0.12753762035544794,-212147446,61.66664123535156,75.80293134282,123.95833282470703,117.17916717529297,120.56875,-4488439.0261922525,0.017235552907054634
2019-01-03,122.5,122.83333587646484,119.04166412353516,119.5,88.88789367675781,7035283,4.783316371371566,-0.02479465861321639,123.175,124.56833343505859,42.37731368938872,-0.18719784475925394,22.194507078055178,128.25121551816702,113.26128524477244,12.413378376722775,122.17184556019266,122.8726405100464,-0.024489795918367308,3.3711089513935213,0.11991436408848738,-219182729,31.666641235351562,57.868449931242026,124.0284720102946,117.34513918558757,120.68680559794109,-15566712.342064084,0.030952422472895407
2019-01-04,119.95833587646484,121.91666412353516,118.54166412353516,121.45833587646484,90.34455871582031,7988112,4.799571289374951,0.0162549180033853,122.87916717529296,124.24750015258789,47.54891453162657,-0.238122703588175,21.65942623525162,128.24323498822122,113.76509936236471,11.96498927585091,122.10389225698049,123.10928952092856,0.016387747920207918,3.3713868834368412,0.1447933742665249,-211194617,37.43319592272367,43.58882613114227,124.22638854980468,117.53888931274415,120.88263893127441,5240033.429191529,0.028134768420559227
2019-01-07,121.875,124.75,121.79166412353516,123.83333587646484,92.11115264892578,14121843,4.8189365960264325,0.019365306651481617,122.71666717529297,124.00666687011719,53.052039150874265,-0.08584875875511955,20.203376569594273,128.21145420892543,114.69271372930699,11.130925084048862,122.26860117312187,123.17750839505209,0.01955403046535742,3.365692400586721,0.18576297350130433,-197072774,67.9144594475506,45.671432201875284,124.58680508931477,117.98263943990071,121.28472226460774,24106262.55973051,0.02427352514022436
2019-01-08,123.33333587646484,124.58333587646484,121.66666412353516,122.45833587646484,91.08839416503906,6656692,4.807770856838292,-0.011165739188140122,122.76250076293945,123.75083358764648,49.79470861762935,-0.07525408677760481,18.803769121930863,127.59578419561109,116.20421733026782,9.345009675181705,122.28667114486882,123.21479294747888,-0.011103633688522185,3.3336194971826467,0.24378045749801344,-203729466,50.26741214370343,51.871689171325905,124.99166666666667,118.47500025431316,121.73333346048992,1933453.1865768386,0.023648689400983462
2019-01-09,122.5,123.70833587646484,121.16666412353516,122.125,90.84046173095703,4636543,4.805045110362947,-0.002725746475345403,122.84583435058593,123.53833358764649,49.009110181697224,-0.0926867175470818,17.615078708217183,126.8427880152585,117.72387992297392,7.457196165904055,122.27127389297655,123.13049541176197,-0.002722035001366585,3.2770518011645784,0.21021914015386692,-208366009,45.989307430943825,54.72372634073262,125.38194491068523,118.94444414774576,122.1631945292155,-385866.35425567767,0.02074834084024235
2019-01-10,122.45833587646484,124.625,122.29166412353516,123.41666412353516,91.80123901367188,15340801,4.8155661438737365,0.01052103351078948,122.82916717529297,123.35750030517578,52.158826636074295,-0.002249769206429164,16.57876848977687,126.54114068623207,118.64219366435387,6.443298475241022,122.38035867683928,123.09525989561845,0.010576574194760768,3.2215481010813938,0.17259462016339455,-193025208,62.56680407727633,52.9411745506412,125.65277837117515,119.3736104329427,122.51319440205893,13081486.067242939,0.019054120405643086
2019-01-11,123.33333587646484,125.25,122.66666412353516,123.33333587646484,91.73925018310547,13579929,4.8148907375901455,-0.0006754062835909735,122.67500076293945,123.16750045776367,51.93594502455799,0.061983760572886126,15.869004473225887,126.08631156182919,119.67618996404973,5.216517213147324,122.47111841013695,122.90211144671744,-0.0006751782481083657,3.175961513608783,0.13557787787125605,-206605137,61.49735133706072,56.68448761509362,126.00347290039062,119.65347137451172,122.82847213745117,3606100.9031414455,0.020945966134025655
2019-01-14,123.33333587646484,123.625,121.0,121.29166412353516,90.22058868408203,5010679,4.798198092430602,-0.016692645159543495,122.38333358764649,122.93250030517578,46.673417441437785,-0.05126559394282992,14.98353003955435,125.89469372703915,120.03864062354678,4.762309362377349,122.35878943046059,122.8744200662437,-0.016554094952679343,3.136607119779584,0.0804582550494757,-211615816,35.29409460769434,53.119416674010466,126.10972290039062,119.87638778686524,122.99305534362793,-5618074.2171515,0.021283783344912485
2019-01-15,121.66666412353516,122.04166412353516,120.125,121.5,90.37556457519531,14730974,4.799914262780603,0.001716170350000823,122.14166717529297,122.74583374023437,47.26066848151129,-0.12279011125062311,14.512213785214177,125.90490965901803,120.0034246915679,4.7997437606458,122.27699996089291,122.79115679474899,0.0017176438131201177,3.049468334333554,0.17047799731091362,-196884842,37.967922292831474,44.91978941252885,125.85000050862632,119.9749989827474,122.91249974568686,173302.18059671624,0.01575340408436823
2019-01-16,121.91666412353516,123.75,121.41666412353516,121.95833587646484,90.71647644042969,5679378,4.803679477196402,0.003765214415799356,122.08750076293946,122.55166702270508,48.601682798991085,-0.14086611487918788,13.625054083719245,125.8793973512681,119.91643699931785,4.851962090980838,122.24665100047119,122.75609116338406,0.0037723117404513395,2.99831601591436,0.12804563476743205,-191205464,43.85030403321355,39.037440311246456,125.82430623372397,119.97847112019856,122.90138867696128,1793142.5224690062,0.019138777239676864
2019-01-17,122.41666412353516,123.04166412353516,120.20833587646484,120.75,89.81768798828125,7529166,4.793722292532682,-0.009957184663719865,122.21250076293946,122.40833374023437,45.32928449924812,-0.24981438006253143,13.002529994884855,125.67637141833427,119.71112934460518,4.8618956183036435,122.10411280995012,122.5059534549501,-0.0099077760267966,2.9865311752826424,0.080603868143783,-198734630,32.91928008870945,38.245835471584826,125.69236157735187,119.81736005147297,122.75486081441242,-5467460.090949866,0.023144955528367418
2019-01-18,121.08333587646484,122.0,120.0,120.25,89.44575500488281,3100312,4.78957290898587,-0.004149383546812047,122.09166717529297,122.24416717529297,44.00883516226068,-0.3722118598493296,12.509877829319667,125.53879467950539,119.43203967108055,4.985699644297459,121.92753063757392,122.38342857170197,-0.0041407867494823725,2.916064662762454,0.031519456580470166,-201834942,25.46586676523272,34.07848362905191,125.49930597941079,119.69930445353191,122.59930521647134,-2855924.030316622,0.016517549549844728
2019-01-21,122.08333587646484,122.29166412353516,118.875,119.5,88.88789367675781,13187677,4.783316371371566,-0.006256537614304669,121.65833358764648,122.05333374023438,42.03100673923161,-0.5236946504532369,12.509415044911108,125.18466413081913,119.19033663212034,4.905843461879886,121.69633724351927,122.11612821909702,-0.006237006237006182,2.951821767103361,-0.05491826553868143,-215022619,14.285746780017629,24.22363121131994,125.2972225189209,119.41805458068848,122.35763854980469,-7545813.176772207,0.027986326708769257
2019-01-22,119.91666412353516,119.91666412353516,118.33333587646484,119.0,88.51598358154297,7074433,4.77912349311153,-0.004192878260036004,121.3125,121.85916717529297,40.71723345420046,-0.6762957581861855,12.722264950663604,125.34173872005515,118.7332620428843,5.415119661181031,121.43954322032695,121.91974469404497,-0.004184100418409997,2.854072229958143,-0.03692022072441381,-222097052,9.638520992608493,16.463378179286284,124.96666653951009,119.37499936421713,122.1708329518636,-4873415.392257402,0.013203571485604429
2019-01-23,119.08333587646484,119.66666412353516,116.91666412353516,117.29166412353516,87.24526977539062,5323552,4.764663688543729,-0.014459804567800383,120.82916641235352,121.65833374023437,36.51734488678429,-0.92442546227403,13.449252737495366,125.72997119200551,117.94502957093394,6.389610421009244,121.0445071158706,121.83256058243755,-0.014355763667771804,2.846638499246847,-0.03833657454322929,-227420604,4.499998626709403,9.47475546644518,124.74583320617675,119.2208324432373,121.98333282470703,-7687415.045303248,0.02309307158520321
2019-01-24,117.29166412353516,118.41666412353516,115.91666412353516,116.70833587646484,86.8113784790039,4250377,4.75967796670265,-0.004985721841078927,120.15833358764648,121.37916702270508,35.182855810347306,-1.1548276209436352,14.468478382957983,125.89042527843861,117.09707548450083,7.237697220085934,120.6315384264034,121.74151274946215,-0.004973313759585984,2.821878606443501,-0.15279910353866044,-231670981,8.48219504160335,7.540238220307086,124.34791653951011,119.03541577657063,121.69166615804038,-4215381.658299732,0.021314387673508697
2019-01-25,117.08333587646484,118.25,115.04166412353516,115.25,85.72660827636719,5463236,4.747103681876758,-0.012574284825892512,119.35,121.06166702270508,32.03133548597917,-1.4385161898649415,15.702035478820699,125.90276191520131,116.12223884773813,8.082241947428466,120.11901095722213,121.25187792272241,-0.012495558826307707,2.8494826971593112,-0.21124841320874144,-237134217,2.0408407304187435,5.007678132910503,123.88333320617676,118.67499885559081,121.27916603088379,-6716615.926362769,0.027402156356818988
2019-01-28,115.41666412353516,116.25,113.875,115.5,85.91255950927734,7303346,4.749270529961848,0.002166848085090045,118.77083358764648,120.80833358764649,33.13704669224697,-1.6244429468276138,17.20805153316771,125.7915985142574,115.36256866103557,8.649263643568771,119.6791051517724,120.7605898315137,0.002169197396963085,2.815591075933646,-0.19023745489241325,-229830871,14.285714285714286,8.269583352578797,123.47013880411785,118.1868044535319,120.82847162882487,-1021647.6421209231,0.02057761778193434
2019-01-29,115.5,116.16666412353516,114.5,115.41666412353516,85.8505859375,9728281,4.748548746799086,-0.0007217831627617244,118.1625,120.54916687011719,32.9446513418949,-1.7582477642590675,18.606495012204217,125.58937078788031,114.71479638741266,9.05067484121909,119.27315838717838,120.25062679841537,-0.0007215227399554047,2.7335248650480395,-0.1883619747855122,-239559152,13.553091195913462,9.959882070682168,123.0118054707845,117.82847112019856,120.42013829549153,-881025.7631278322,0.014429992411559794
2019-01-30,116.16666412353516,117.0,115.08333587646484,115.58333587646484,85.97455596923828,13777792,4.749991792529411,0.0014430457303244992,117.525,120.3116668701172,33.772844340503326,-1.82974783450004,19.34105314120356,125.47703855470053,114.13546220823892,9.466598203640796,118.92174671949138,119.30806927823528,0.001444087421824003,2.6751776692256906,-0.20725302077482732,-225781360,15.01833737551511,14.285714285714292,122.65902773539226,117.49652697245281,120.07777735392253,1237237.2417178059,0.01649926110899524
2019-01-31,117.08333587646484,117.66666412353516,115.83333587646484,116.41666412353516,86.59441375732422,44034840,4.757175687623881,0.007183895094470039,117.09166641235352,120.1541668701172,37.90247493552304,-1.798438253475254,19.58698108055315,125.51227727430472,113.79188990098825,9.795389283573282,118.6831674246384,118.09148022385578,0.007209761171462992,2.6329027105003067,-0.22168883957884736,-181746520,25.73837087124209,18.103266480890227,122.37013829549153,117.40347188313801,119.88680508931478,24876063.098720387,0.0156583192078219
2019-02-01,116.66666412353516,117.08333587646484,115.66666412353516,116.79166412353516,86.87335205078125,7099405,4.760391699041903,0.003216011418022191,116.74583282470704,120.02583343505859,39.72393576590633,-1.7234984022054078,19.88480827419637,125.34394891890679,113.49355108109322,9.923397990527931,118.50302425310475,117.88481350037632,0.0032211883309254397,2.546029070673834,-0.23054819670089013,-174647115,29.53583922567247,23.43084915747656,122.06597188313803,117.29513829549153,119.6805550893148,10066872.282906797,0.012142901004091558
2019-02-04,116.75,117.0,113.95833587646484,114.375,85.07575225830078,6716304,4.739482523595686,-0.020909175446217176,116.23333282470703,119.8800001525879,33.005070654885785,-1.8379261593306353,20.82606350291214,124.89592145539267,112.99574495696085,10.004702289826705,118.1098790861424,117.4015083735304,-0.020692094266068106,2.5814315744496428,-0.29025078524967274,-181363419,5.063291139240507,20.112500412051695,121.65277722676595,116.87361081441243,119.26319402058918,-7465076.5187348435,0.026052797631992773
2019-02-05,114.16666412353516,115.33333587646484,113.5,115.04166412353516,85.5716323852539,8526399,4.745294359476031,0.005811835880344951,115.83749923706054,119.7691667175293,36.21037430312226,-1.8534513248951185,21.86295575834262,124.52768407329225,112.62231516376829,10.040370185810609,117.81766813732266,117.03872380439391,0.00582875736424171,2.5279961674507283,-0.24374191652504343,-172837020,16.15718289362689,16.918771086179962,121.18472150166829,116.51388867696126,118.84930508931477,1301137.3712524069,0.016058416793899355
2019-02-06,113.16666412353516,114.79166412353516,112.5,114.25,87.24527740478516,12810810,4.738389029774314,-0.006905329701716312,115.53333282470703,119.625,34.12258018076827,-1.9076456573442044,23.168039269160882,124.18415889373469,112.17834034332586,10.158818415917628,117.4778902194824,116.54531304988225,-0.006881542696436038,2.5289724500281876,-0.1967192135097045,-185647830,17.8723450674101,13.030939700092503,120.74791552225747,116.10208346048992,118.42499949137368,-6327526.656532807,0.020250346171143886
2019-02-07,114.16666412353516,115.0,112.58333587646484,113.29166412353516,86.51346588134766,5193513,4.729965591836876,-0.008423437937437939,115.19166564941406,119.5,31.737061427712206,-2.004814498754868,24.216197373550497,123.5324273620936,111.81757187496696,9.955262821417426,117.07920201986839,116.3579083601654,-0.008388060187876079,2.5209504267072567,-0.21469500761750088,-190841343,8.085082510462337,14.038203490499782,120.26110979715982,115.60694491068523,117.93402735392252,-5427262.107368642,0.02116786140760127
2019-02-08,112.83333587646484,114.5,109.625,110.04166412353516,84.03165435791016,5597162,4.700859058838563,-0.02910653299831356,114.67083206176758,119.33,25.281972564453653,-2.3173563032930815,26.077740451130683,123.15801578244927,110.86281627931831,10.507782059236298,116.4089603154557,115.80665554871823,-0.028687017929722947,2.6890968247995954,-0.21356748994502917,-196438505,4.048559285784711,10.001995621219056,119.75763740539551,114.87430610656739,117.31597175598145,-13936271.702456214,0.04320531660375065
2019-02-11,109.95833587646484,111.08333587646484,107.16666412353516,108.625,82.9498291015625,13126864,4.687901583585556,-0.012957475253006834,113.98333206176758,119.1641667175293,23.078483040836474,-2.6488268631045173,28.345630713057663,123.20245917046978,109.55170647894428,11.729760155688849,115.66763076160277,115.04750010173609,-0.012873888584098325,2.776780748237459,-0.20218682144502384,-209565369,11.66668701171875,7.933442935988605,119.17152659098306,114.15902811686199,116.6652773539225,-17042995.423035536,0.035619598293393236
2019-02-12,108.375,111.625,108.33333587646484,111.04166412353516,84.79528045654297,14900754,4.709905483349502,0.02200389976394579,113.54583206176758,118.97,33.6949649867332,-2.6855576352889727,30.059447080099236,122.63181140627992,109.07652065548766,11.700304974081613,115.22706251035822,114.5066491976519,0.022247770987665394,2.813558132187295,-0.18597628081831594,-194664615,34.44444444444444,16.71989691398264,118.69583218892414,113.54583371480308,116.1208329518636,18325746.595936805,0.03037291002108564
2019-02-14,109.16666412353516,111.08333587646484,106.75,109.375,83.52255249023438,37913966,4.694782344677779,-0.015123138671722991,112.9249984741211,118.7708332824707,30.562160364424898,-2.8166839238033674,31.986787833399994,121.95529001883517,108.49470845528592,11.681997528900693,114.66972322365744,113.37860059899299,-0.015009358304293507,2.922113685349977,-0.11266011693669986,-232578581,22.82608695652174,22.979072804228313,118.13055445353189,112.78055597941082,115.45555521647134,-36017982.41010887,0.039694680709132554
2019-02-15,110.0,114.5,110.0,113.54166412353516,86.70435333251953,25855830,4.732169854351176,0.037387509673397545,112.63749847412109,118.6908332824707,44.46389024790188,-2.5549357704907294,31.683966057989206,121.12867133795699,108.60049354851763,10.906911010302423,114.5622890236458,113.22169277052879,0.03809521484374989,3.079462707824979,-0.026765721807425164,-206722751,62.21373165537865,39.82808768544828,117.78124910990398,112.26458346048992,115.02291628519694,59815712.02677971,0.04090909090909091
2019-02-18,113.16666412353516,117.0,112.45833587646484,114.54166412353516,87.468017578125,13001166,4.740938635614624,0.0087687812634476,112.4124984741211,118.65166656494141,47.19622440973912,-2.2409742740721157,30.233379635527335,120.33531622877413,108.823015070054,10.047464644615351,114.56032474744478,113.2412876102387,0.00880733964681002,3.183905666089992,-0.020951971758510456,-193721585,71.37403913286262,52.137952581587676,117.60416564941406,111.83333358764648,114.71874961853027,28606014.67559324,0.04013252629393916
2019-02-19,114.25,114.91666412353516,110.375,111.41666412353516,85.08163452148438,9029095,4.713276904488529,-0.027661731126094935,112.11666488647461,118.58249984741211,40.49181792000477,-2.218742625606552,29.539366590475833,119.61900724485747,108.73099046632416,9.536253021823576,114.26092849754863,113.10479740299513,-0.027282648841469914,3.2808884130503606,-0.0077532614828205604,-202750680,42.74807826572523,58.77861635132217,117.261110051473,111.3777779897054,114.3194440205892,-9275276.358135585,0.03975198357580006
2019-02-20,111.83333587646484,115.75,110.25,114.33333587646484,87.30891418457031,14955330,4.739118180740963,0.025841276252434042,112.04583206176758,118.59916656494141,47.9269443902562,-1.943370879417131,28.52870098002369,118.91844540300099,108.96488589582714,8.735662630911376,114.2678244383978,112.95267228076685,0.02617805671955664,3.4393963835467636,0.024102178264636835,-187795350,69.4656883334533,61.195935244013725,117.17499923706055,110.9,114.03749961853028,25988100.258449435,0.049180326750473576
2019-02-21,114.83333587646484,115.41666412353516,112.91666412353516,113.70833587646484,86.8316421508789,4719134,4.733636712725785,-0.005481468015178237,111.99166564941406,118.58416656494141,46.58379689758482,-1.7553346579933162,27.59022577031813,118.4960312062899,109.0289672678312,8.321779146861953,114.2145398134518,112.07600667225348,-0.005466472181615556,3.372296641864852,0.03226840027224476,-192514484,67.33871771567124,59.850828104949926,116.96527709960938,110.71527786254883,113.8402774810791,6696394.252816481,0.02177068166590096
2019-02-22,113.95833587646484,116.875,112.5,116.41666412353516,88.89981842041016,11678731,4.757175687623881,0.023538974898095866,112.30416564941406,118.56749984741211,52.761738966420275,-1.3719600413508886,26.06368603883851,118.44672419279071,109.04910710603743,8.261792783718313,114.42426593822164,112.10711163072949,0.0238182031791645,3.4439183103030766,0.07113817250696775,-180835753,94.30891827839177,77.03777477583877,116.97152709960938,110.53402786254883,113.75277748107911,23318689.455762636,0.03839122400613735
2019-02-25,116.33333587646484,117.5,113.54166412353516,116.95833587646484,89.3134536743164,27557787,4.761817767757847,0.0046420801339666085,112.99583282470704,118.5558332824707,53.90988771256683,-1.0127501586611345,24.377712273555748,118.69745885403684,108.96920603243778,8.546049397657777,114.66560593234003,112.53228408031738,0.004652871279277493,3.4806624221717746,0.1501690133946948,-153277966,94.96126396711483,85.53629998705928,116.99999936421713,110.48750012715657,113.74374974568687,17724413.012689516,0.03402580908251636
2019-02-26,114.33333587646484,117.66666412353516,113.58333587646484,117.125,89.44073486328125,15501729,4.763241740558586,0.0014239728007385821,113.84583282470703,118.50666656494141,54.278117548523575,-0.7064814582813312,22.738542888821634,118.93900065852684,108.89016422794778,8.821378453093406,114.89983393878383,112.71095497978295,0.0014249871314104823,3.5237099810930985,0.17491735290698168,-137776237,95.03819007889611,94.76945744146758,117.13124910990398,110.44791704813638,113.78958307902019,7630525.722272849,0.03571424043362364
2019-02-27,116.08333587646484,119.125,115.125,115.625,88.2952651977539,18258775,4.75035219583259,-0.012889544725996238,114.30416641235351,118.38416656494141,50.377097604483865,-0.5781343972056163,21.63958098925404,118.96267728677732,108.88732118734377,8.843850047756655,114.96889737318537,112.97285942740635,-0.012806830309498363,3.5577306967293056,0.1228343653140198,-156035012,71.71717171717172,87.23887525439422,117.31111043294273,110.39444478352864,113.8527776082357,-15715266.42590905,0.03445800355235117
2019-02-28,116.83333587646484,118.91666412353516,115.25,117.70833587646484,89.88618469238281,50183582,4.76820983483796,0.01785763900537063,115.1375,118.27666656494141,55.1937440178263,-0.3047971210641549,20.61911636822699,119.28917230858717,108.77332616553393,9.221898570269763,115.2297962782596,113.78628932662804,0.018018040012668823,3.5655116557868665,0.17829382853207557,-105851430,88.55220910274622,85.10252363293803,117.46874923706055,110.37708358764648,113.92291641235352,64461082.38477388,0.03138371506752275
2019-03-01,118.08333587646484,119.79166412353516,118.04166412353516,119.16666412353516,90.99980926513672,6789074,4.780523052124988,0.012313217287028166,115.7,118.16333312988282,58.24875458890999,0.029163364238200984,20.047608234277305,119.79960942012441,108.5378890539967,9.86410067674809,115.60473607304775,113.97156490653671,0.012389337052567173,3.459641412307113,0.2577768165578343,-99062356,95.20766679712203,85.15901587234667,117.58263829549155,110.49930547078449,114.04097188313804,28087493.05202505,0.014820042023802547
2019-03-05,119.16666412353516,123.5,119.16666412353516,122.5,93.54527282714844,12988303,4.808111029984782,0.02758797785979361,116.49583358764649,118.12499984741211,64.24902028089122,0.5563881065237126,20.80238083339238,121.07887332789596,107.8294587338716,11.576175034510495,116.26142787561463,114.60375199238248,0.027972049909942287,3.522048159746951,0.26189856058480027,-86074053,94.02985074626865,92.59657554871232,117.98888816833497,110.61388893127442,114.30138854980468,38225415.26020566,0.0363636584806356
2019-03-06,123.08333587646484,124.58333587646484,122.58333587646484,124.125,94.78616333007812,10313295,4.821289122365337,0.013178092380554673,117.76666717529297,118.09833312988282,66.75719443445104,1.0927449489807373,21.80482533158688,122.79277259305958,107.09055946870801,13.661027951458898,117.01033950650847,115.21479059199666,0.013265306122449028,3.419282996655372,0.2917527053194756,-75760758,97.429892648017,95.55580339713589,118.36944389343262,111.09861106872559,114.7340274810791,23914541.33673522,0.016249153354174133
2019-03-07,124.25,125.5,121.25,121.83333587646484,93.03616333007812,8337421,4.80265401139558,-0.018635110969756674,118.51666717529297,118.09499984741211,60.32914517674132,1.3177037991823966,22.016844431406195,123.68812947535206,106.87436976170848,14.58499085435047,117.46967249412337,116.50966331380914,-0.018462550844190573,3.478619925465703,0.25470681184628263,-84098179,76.34410242880544,89.26794860769705,118.90208269755047,111.38958346048992,115.14583307902019,-4766198.613427329,0.03420523138832998
2019-03-08,122.91666412353516,129.0,121.125,126.83333587646484,96.8543472290039,34663172,4.842873908684602,0.0402198972890222,119.82916717529297,118.2058332824707,67.64858881520277,1.8777974419422918,23.1499022408559,125.6863905191239,106.13444230558312,16.86815457895031,118.36144995910827,118.25745772014439,0.041039670825970376,3.792647073646724,0.26430417147789775,-49435007,88.4444580078125,87.40615102821164,119.77152735392254,111.7006945292155,115.73611094156902,113955173.79552421,0.06406779793572477
2019-03-11,127.5,133.5833282470703,124.58333587646484,126.16666412353516,96.34525299072266,30007645,4.8376037640524725,-0.005270144632129714,120.80416717529297,118.2574998474121,65.90262217866567,2.2420360542191133,25.077220557857782,127.21149085138748,105.89684197331954,18.28733329245347,119.10480368905368,119.60017176215125,-0.005256281783670991,4.164600309143777,0.19900524443549203,-79442652,68.21428968468578,77.66761670710125,120.82499923706055,112.09583358764648,116.46041641235351,24648225.069546897,0.07058817545572917
2019-03-12,125.66666412353516,130.2916717529297,125.16666412353516,126.04166412353516,96.24980926513672,23315044,4.8366125199400845,-0.0009912441123880456,121.7125,118.28083312988281,65.56095355144618,2.491886407949181,26.866873280788102,128.33317135589888,106.37516146880816,18.710890766277277,119.7654570637662,120.50225837550359,-0.0009907529922293934,4.233200832018832,0.16183607838910483,-102757696,67.67857528219501,74.77910765823111,121.62638854980469,112.87222213745117,117.24930534362792,6273154.689848967,0.04078255490538407
2019-03-13,125.83333587646484,125.875,120.83333587646484,123.5,94.30889892578125,20943115,4.816241156068032,-0.020371363872052406,122.35,118.26666641235352,58.87689652330756,2.4564867104705144,26.62181844501848,128.61649417490727,107.57933864979977,17.813316410810902,120.12112781959799,121.1064136540143,-0.020165269486160042,4.302852790236795,0.17027314656985748,-123700811,52.17392563021227,62.68893019903103,122.40486043294273,113.53819478352864,117.97152760823569,-33395857.790431,0.0400662041454956
2019-03-14,124.08333587646484,129.0833282470703,123.41666412353516,128.0416717529297,97.7770767211914,14675396,4.852355771506037,0.03611461543800498,123.59166717529297,118.34916656494141,65.62159937065303,2.7630563555802468,27.073363381077264,129.7907941949033,108.1050393927432,18.231302730378047,120.87546533705815,121.51915492788476,0.03677467006420798,4.400267885472393,0.16950272412227765,-109025415,73.71545692786583,64.52265261342437,123.34930483500162,114.24513918558755,118.7972220102946,33301935.054027878,0.04566821228256457
2019-03-15,128.8333282470703,132.7083282470703,127.20833587646484,131.7083282470703,100.57706451416016,20356743,4.880589843250046,0.02823407174400927,124.99166641235351,118.5333331298828,69.9121000986787,3.264255241103868,28.1213662550616,131.325919171855,108.80324724049854,18.75879741545446,121.90716656658311,122.3926842617472,0.02863643096769186,4.47881963441047,0.1907018638249568,-88668672,90.64448945734917,72.17795733847576,124.48124860127768,115.26041730244954,119.87083295186362,60861434.29834376,0.042690757472770166
2019-03-18,131.5416717529297,134.0,129.7916717529297,132.2916717529297,101.02252960205078,19289406,4.885009119426188,0.004419276176141906,126.30416717529297,118.78916656494141,70.54198985306998,3.6662674653735223,29.294050375502042,133.0309116296938,108.97325554559916,19.882018037043764,122.8961670605209,123.66017290088371,0.004429055577754193,4.45949882102903,0.16352468096439962,-69379266,91.63267693128648,85.33087443883383,125.43402633666992,116.24236221313477,120.83819427490235,27788711.24743783,0.03199235794246765
2019-03-19,133.9499969482422,137.3000030517578,130.39999389648438,134.89999389648438,103.01432800292969,25950621,4.904533717968968,0.019524598542779437,127.5441665649414,119.0579997253418,73.23964303849543,4.147524764040725,30.844723434149866,135.09023597369645,108.94976417889141,21.423104227553278,124.039388663946,124.97851345797886,0.019716450090872195,4.633820987760773,0.18158445942144796,-43428645,89.17696133041484,90.48470923968351,126.52861010233562,117.10111147562664,121.81486078898112,54387956.67800947,0.0515118276407246
2019-03-20,135.8000030517578,136.0,128.10000610351562,129.25,98.69979095458984,28098992,4.861748513388538,-0.04278520458042934,128.0566665649414,119.1663330078125,60.347785942738305,4.026601199869091,31.416914586173032,135.38641018783184,110.43692355240255,20.29871310897918,124.5356373626178,126.04091408521958,-0.04188283285483252,4.867119052669602,0.13518564897759966,-71527637,63.492054704654244,81.43389765545187,127.64055455525715,117.87722295125327,122.7588887532552,-87710103.30557236,0.05817373872571586
2019-03-22,131.0,136.1999969482422,129.6999969482422,134.64999389648438,102.82344055175781,53779933,4.902678773928861,0.040930260540323005,129.33833236694335,119.4101661682129,66.42986813319952,4.31674206640723,31.98089173469979,136.74669111301253,111.1083084292238,20.68821103559766,125.49890941346224,128.75849616574024,0.04177944987608795,5.015896045210501,0.1709220391407197,-17747704,86.23967952194512,79.63623185233807,128.69416542053222,118.83083381652833,123.76249961853027,164370838.86703494,0.04961832061068702
2019-03-25,133.85000610351562,137.5,133.75,135.35000610351562,103.35798645019531,31535535,4.9078640611546245,0.005185287225763169,130.18999938964845,119.6746662902832,67.13364250125751,4.550708196974853,32.720191789637745,137.84922953147267,112.16993703346873,20.54185913089496,126.43710909822923,129.59587979802393,0.005198754094035918,4.925474899124036,0.15481281527721194,13787831,88.2727621913893,79.33483213932955,129.83263778686523,119.84430618286133,124.83847198486328,69507119.2591858,0.028016435031761308
2019-03-26,136.0,142.0,136.0,140.8000030517578,107.51976013183594,23510777,4.947340465398358,0.03947640424373322,131.6533332824707,120.02233306884766,72.0470556836098,5.116912663268238,34.050985028255035,140.15752845923222,112.29997199853143,22.069105817960345,127.80500376047004,130.574686480032,0.040265952733493204,5.048654827506917,0.1612049001291998,37298608,94.33072239801871,89.6143880371177,131.13069343566892,120.97986183166503,126.05527763366699,108591481.68693034,0.04411764705882353
2019-03-27,140.89999389648438,140.89999389648438,136.1999969482422,137.0,104.61796569824219,20849776,4.919980925828125,-0.027359539570232627,132.7491668701172,120.29566635131836,64.77568784681745,5.199073609502932,35.286721606971085,141.2311915681615,113.2304753019557,22.007806999470752,128.68071768804433,131.21004863625691,-0.026988657453089204,5.023750693273722,0.09156306336070183,16448832,76.37794991776472,86.32714483572424,132.26944300333656,122.04444529215496,127.15694414774575,-16622314.390001073,0.033356970559524336
2019-03-28,137.5,139.35000610351562,135.10000610351562,135.75,103.6634292602539,41232946,4.910814958814044,-0.009165967014080678,133.9741668701172,120.58483306884766,62.539714995128506,5.104480919407607,35.97516692998789,141.8233713506965,114.5007955194207,21.318766907468778,129.35398267013534,131.97600200172576,-0.009124087591240837,4.968482786611313,0.00598953799308462,-24784114,70.47243739720591,80.39370323766312,133.30819346110025,123.06652857462566,128.18736101786294,-39901559.79666702,0.03090909090909091
2019-04-01,136.39999389648438,137.5,133.5500030517578,135.10000610351562,103.16706085205078,26716877,4.906015290143914,-0.004799668670130153,134.68000030517578,120.85683319091797,61.35372941569525,4.920347749734077,35.98781975090976,141.82556544999912,116.44610203046963,19.65330821387813,129.90122299712394,132.7917965212223,-0.004788168666551518,4.8957337981563755,0.02166716841913372,-51500991,67.40159972202568,71.4173290123321,134.2436101277669,124.00694554646812,129.1252778371175,-24877724.587638192,0.02895892320376413
2019-04-02,136.0500030517578,136.6999969482422,134.0,135.14999389648438,103.2052230834961,14343829,4.906385227561407,0.000369937417493027,135.0241668701172,121.12066635131836,61.414331687460425,4.723999161540235,35.99956879890863,141.80213808703877,118.21369519543191,18.14385116000327,130.40110593992017,133.27505219679378,0.0003700058527786876,4.738895451733933,-0.01779563947928143,-37157162,67.63776255182732,68.5039332236863,135.0948599497477,124.95486208597818,130.02486101786297,-7814563.959591963,0.019845622107152922
2019-04-03,135.9499969482422,137.5,134.0,134.8000030517578,102.93798065185547,12596804,4.903792221117359,-0.0025930064440480294,135.275,121.40166641235352,60.69666375749055,4.488410551706039,36.16994731501295,141.64066251348967,119.93850466180332,16.593185218869518,130.82004852199995,133.75432306606794,-0.002589647506714865,4.650402919467224,-0.03611564598223892,-49753966,65.9842622993364,67.0078748577298,136.0040267944336,125.68902893066407,130.84652786254884,-5544032.035073949,0.02574475968052057
2019-04-04,134.8000030517578,136.8000030517578,134.4499969482422,135.64999389648438,103.58706665039062,12939086,4.910077994110353,0.006285772992994154,135.35,121.70966629028321,61.86226747865531,4.320488140712058,36.32815593710981,141.79106553897319,121.10310102596823,15.738625762085528,131.2800433195699,134.45141026542606,0.006305569921984278,4.4860888611849665,-0.05030966823488163,-36814880,65.82956824475367,66.48386436530579,136.60041580200195,126.48375091552734,131.54208335876464,5484059.081061776,0.017433279304996132
2019-04-05,135.5500030517578,136.4499969482422,134.39999389648438,134.8000030517578,102.93798065185547,7742848,4.903792221117359,-0.006285772992994154,135.90500030517578,122.01566635131836,59.947665654842346,4.071883128636443,36.45007236924816,141.849179066321,122.11248780379618,14.954210205253998,131.61527757977828,134.79813323881652,-0.006266058849771827,4.31208273194017,-0.07247393964263733,-44557728,51.323955924700826,61.04592882293031,137.17555465698243,127.05388946533203,132.11472206115724,-2559546.9143856573,0.01512359281154017
2019-04-08,134.89999389648438,136.8000030517578,134.5500030517578,135.5500030517578,103.51069641113281,13409083,4.909340598458565,0.0055483773412055015,135.99500122070313,122.34666641235351,61.09192399929944,3.8905329553164165,36.64605870456445,141.46758884348935,123.86574474415714,13.267721670197059,131.99001333901444,135.0928566842326,0.00556379809362495,4.164791108230157,-0.06212349636181982,-31148645,53.597123881662,56.9168826837055,137.7141658782959,127.79250068664551,132.7533332824707,5851359.19520478,0.016679022252043537
2019-04-09,135.5,136.4499969482422,135.0500030517578,135.89999389648438,103.7779541015625,7506763,4.911919276245282,0.002578677786717165,136.05,122.7188330078125,61.64263671597832,3.732032425880675,36.82804601592959,141.60053723439435,124.63946215525411,12.741192246111236,132.36239243972585,135.29407166610477,0.0025820054359786404,3.9673055931054586,-0.0970338228468151,-23641882,56.11504473351995,53.67870817996093,137.89777654012045,128.6236119588216,133.26069424947102,3701985.28075633,0.010332058276637454
2019-04-10,136.25,137.0,134.3000030517578,134.60000610351562,102.7852554321289,9502300,4.902307462556211,-0.009611813689071269,135.43000030517578,123.07666641235352,58.33958078852361,3.461618085420639,36.55544919027596,141.4141894562935,125.66914413135298,11.790361542550999,132.57549850294393,135.38772376144104,-0.009565767853962903,3.8767835470437966,-0.07352423708987185,-33144182,46.762610461606016,52.158259692262654,137.94222145080568,129.29805641174318,133.62013893127443,-7001254.243165858,0.01981649136324541
2019-04-11,134.9499969482422,136.39999389648438,134.39999389648438,135.9499969482422,103.81615447998047,8703097,4.912287148630831,0.00997968607462063,135.325,123.49066635131835,60.69495159545991,3.317997936372649,36.30232356645473,141.17184799271064,126.90231887740657,10.645956141098594,132.89687930725805,135.8157395678749,0.010029649208844305,3.7427275793978114,-0.02743538102184601,-24441085,50.8129955228491,51.23021690599169,138.2068041483561,129.8751398722331,134.04097201029458,5498982.766122855,0.014820304151374428
2019-04-12,136.0,136.5,135.1999969482422,135.9499969482422,103.81615447998047,7212573,4.912287148630831,0.0,135.34499969482422,123.8996662902832,60.69495159545991,3.1676630852795142,36.09991871782868,139.9397975973752,129.3793689675662,7.842314948841595,133.1876524159232,136.33773501891082,0.0,3.5682472559949545,-0.02863219745744317,-17228512,28.402304890579092,41.99263695834474,138.64374872843422,130.68625055948894,134.66499964396158,1832994.2553742854,0.009558845968807446
2019-04-15,136.25,138.3000030517578,135.39999389648438,136.75,104.42707824707031,11013801,4.91815444130209,0.005867292671259072,135.50999908447267,124.3263330078125,62.1650910486373,3.077598552679774,36.46695584949532,139.48099230890307,130.70900708074538,6.493197563176547,133.5269236144067,136.4787601525332,0.005884538946053786,3.520515963086275,-0.05423070429764786,-6214711,37.869800046588985,39.02836682000572,139.00388819376627,131.32305552164715,135.1634718577067,6485047.69276026,0.021284470864392203
2019-04-16,137.39999389648438,138.14999389648438,136.5,137.5500030517578,105.0379638671875,7469500,4.923987509557118,0.005833068255027385,135.75,124.76566635131836,63.630089329027705,3.0357807315218395,36.80777604318577,139.6069387836484,131.1672280864688,6.233763578508485,133.91007403701158,136.1482997995641,0.005850113724005901,3.386907244043282,-0.08452759547047138,1254789,54.42183649616246,40.23131381111018,139.15430501302083,131.8584721883138,135.50638860066732,6145431.094323407,0.012008689736387194
2019-04-18,137.5,137.85000610351562,135.0500030517578,135.35000610351562,103.35798645019531,6634192,4.9078640611546245,-0.016123448402493246,135.80500030517578,125.14433319091796,57.08410804488735,2.7929233574611487,36.13182648534926,139.51462030077224,131.56538000440352,5.864866672140798,134.04721042429767,135.93584849107833,-0.015994161391725825,3.3449855160228914,-0.11125996767428757,-5379403,31.034519045852637,41.10871852953469,139.28666661580402,132.13166631062825,135.70916646321615,-7681657.737927353,0.020363658558238636
2019-04-22,135.10000610351562,136.39999389648438,134.35000610351562,136.0,103.85431671142578,5541225,4.912654885736052,0.004790824581427877,135.84000091552736,125.52849990844726,58.44434400618304,2.622673664598011,35.06159407451299,139.56311128767112,131.6268896278562,5.852886635217029,134.23319038388837,135.70565138747094,0.004802318929984173,3.252485678661881,-0.13064086703990171,161822,51.57888312088816,45.678412887634416,139.11333236694335,132.44333419799804,135.7783332824707,-159377.62661136407,0.015173854184714241
2019-04-23,136.0,136.10000610351562,133.25,133.64999389648438,102.05977630615234,8790522,4.895224396917021,-0.01743048881903153,135.725,125.91399978637695,52.02418493098945,2.2719342597712284,33.40948949137407,138.68851856011855,132.94148174505722,4.23151846895008,134.17764786127847,135.67977435399644,-0.017279456643497282,3.2237371375800055,-0.09719152532547601,-8628700,7.920666430986503,30.1780228659091,139.021666208903,132.85666681925457,135.93916651407878,-13824979.444262708,0.020955927231732535
2019-04-24,133.64999389648438,134.4499969482422,132.3000030517578,133.9499969482422,102.28887939453125,9255095,4.897466573207804,0.002242176290783604,135.56499938964845,126.29216644287109,52.73795312701159,1.9951793084401004,31.347076734131978,138.72557453717775,132.8344260731738,4.338745360703452,134.1559668219417,135.5716787172376,0.002244691847798963,3.147041191787461,-0.1932034080619098,626395,27.499898274739582,28.999815942204748,138.80666605631512,133.07666727701823,135.94166666666666,-2757288.6518819225,0.016086748931313868
2019-04-25,134.0,135.35000610351562,132.3000030517578,132.89999389648438,101.48706817626953,29354749,4.889596919793573,-0.007869653414231514,135.26499938964844,126.66516632080078,49.93760445841952,1.6718504927733022,29.862658978239676,138.85723254901944,132.457766840629,4.717369642509044,134.03635035285052,135.167875834347,-0.007838768762074233,3.140109896071057,-0.24104201936059294,-28728354,9.999847412109375,15.14013737261182,138.67083282470702,133.01083374023438,135.8408332824707,-21467480.239683703,0.02276121680416278
2019-04-26,133.4499969482422,135.10000610351562,133.35000610351562,134.10000610351562,102.40343475341797,4789673,4.898585835802289,0.00898891600871643,135.21499938964843,127.08133316040039,53.00865192135044,1.4952052378371832,28.484271062053967,137.55531865988445,133.08968103493976,3.2999964011750342,134.04241280529482,135.08945229833535,0.009029437638393922,3.0729600611396424,-0.313718816852594,-23938681,30.000050862630207,22.499932183159725,138.18749974568686,132.9525006612142,135.57000020345052,-3324049.368102576,0.01311352596492548
2019-04-30,134.25,134.8000030517578,131.4499969482422,134.0500030517578,102.36524200439453,7527996,4.8982128874477855,-0.0003729483545038548,135.025,127.56149993896484,52.86313170911753,1.3357797349653708,26.752724632900254,137.33358826458118,133.01641173541884,3.1937684698815154,134.04313568591036,134.99105291963974,-0.0003728788179115927,3.0927490641664983,-0.25929614443588206,-31466677,37.95625966203483,25.985385978924807,137.89000040690104,132.79000040690104,135.34000040690105,-1358964.9717812624,0.024953490528980448
2019-05-02,133.3000030517578,133.89999389648438,132.10000610351562,133.10000610351562,101.63978576660156,6401386,4.8911007712576815,-0.00711211619010399,134.74000091552733,128.05100006103515,50.0518333909749,1.1198679207762154,25.144860091543233,137.36290405313926,132.72209655721232,3.4365532965099184,133.95331382092039,134.82803002199853,-0.00708688494304166,3.011123913029048,-0.16594076425572019,-37868063,24.087703431776568,30.681337985480535,137.5824996948242,132.72750091552734,135.15500030517578,-4507186.4336072635,0.01350328395918978
2019-05-03,133.10000610351562,136.64999389648438,133.0,135.4499969482422,103.43433380126953,9226969,4.908602546000592,0.017501774742910925,134.61000061035156,128.5391667175293,56.24996874361423,1.12540787253468,24.412436639700633,137.38714357677276,132.73285611805147,3.4460887486891743,134.0958550711415,134.78692587235585,0.017655828226626147,3.056757483275857,-0.13590107340578403,-28641094,58.394108553378985,40.1460238823968,137.54999923706055,132.72500076293946,135.1375,12953132.971848115,0.02742294311876794
2019-05-06,135.0,135.60000610351562,133.6999969482422,135.0,103.09069061279297,6080575,4.90527477843843,-0.003327767562162798,134.3550003051758,129.0516667175293,54.84645034170655,1.0810259371861264,23.732329148703933,137.37940220595777,132.72559809921802,3.445922216531864,134.18196411198517,134.74787476391964,-0.003322236680552648,2.9741326027042554,-0.11898767354022398,-34721669,51.824815892293095,44.76887595914955,137.48416671752932,132.7391670227051,135.11166687011718,2493550.8615775467,0.014074141890914351
2019-05-07,135.4499969482422,136.1999969482422,133.60000610351562,134.10000610351562,102.40343475341797,9137799,4.898585835802289,-0.006688942636140283,134.2300003051758,129.4628335571289,52.049241393430655,0.962139996812482,23.370614039361215,137.3793367165768,132.65566389377477,3.4985633803953275,134.17415858736902,134.683113654694,-0.006666621455439836,2.9474081914201347,-0.11471961768489569,-43859468,38.68623057012131,49.63505167193113,137.39916636149087,132.744167582194,135.07166697184243,-4651458.597674835,0.019195207850171193
2019-05-08,133.85000610351562,134.0,130.1999969482422,130.8000030517578,99.88343048095703,8742473,4.87366946235458,-0.02491637344770936,133.71000061035156,129.78800033569337,43.324218390243864,0.5947830764727939,22.174369382341045,137.74493243053527,131.8050690953436,4.407244148816217,133.85281044112034,134.41359796712052,-0.024608522755848683,3.0154511174096563,-0.15133250570339288,-52601941,7.407477177766642,32.63950788006034,137.27333297729493,132.47333450317382,134.8733337402344,-20783944.585831795,0.028390010298684654
2019-05-09,130.75,130.8000030517578,126.4000015258789,127.69999694824219,97.51615905761719,14395488,4.849683739140625,-0.02398572321395509,133.11500091552733,130.1136669921875,37.04241474448725,0.05289573659320013,22.425228276444304,138.7010521995902,130.13894871593715,6.369664822567363,133.26682820370337,133.555126633275,-0.023700351920396767,3.11434757515746,-0.15217757849798857,-66997429,11.06379801246027,19.05250192011607,137.0449996948242,132.010001373291,134.52750053405762,-36678715.30400123,0.03365201931838552
2019-05-10,128.4499969482422,128.75,126.25,127.0,96.98162078857422,9724014,4.844187086458591,-0.005496652682033698,132.4200012207031,130.3670002746582,35.78081348996621,-0.42810288438701605,22.703839793962153,139.31718608750145,128.6678145228501,7.947737030353771,132.6699874223983,132.89717190895539,-0.005481573727256217,3.0704656055033555,-0.16800822583280436,-76721443,6.465513839451315,8.31226300989274,136.64249954223632,131.58250122070314,134.11250038146972,-16764091.851109948,0.019462826464739843
2019-05-13,126.9000015258789,127.0,123.0,123.55000305175781,94.3470687866211,11507204,4.816645957135208,-0.027541129323383373,131.48500213623046,130.56383361816407,30.30290968768658,-1.075288422229704,23.84239416499629,140.2965973532649,126.45340417261404,10.379151341304006,131.80141748233729,132.0601996967854,-0.02716533030111956,3.1368609193959727,-0.2165873647433557,-88228647,4.029328188194052,7.1862133467018765,136.20833333333334,130.8883344014486,133.54833386739097,-32054576.40557018,0.03152088220569701
2019-05-14,123.69999694824219,126.5,122.4000015258789,125.5999984741211,95.91252136230469,6908544,4.83310224188538,0.01645628475017258,130.635001373291,130.74750030517578,36.52173167833783,-1.406556221066296,25.040616977565655,140.59888482725407,125.25111593568535,11.54618683281814,131.21080614822145,131.57057488895748,0.016592435222397395,3.2056564590191954,-0.15977505668676512,-81320103,22.456130957958,10.983657661867786,135.75499992370607,130.2950008392334,133.02500038146974,-1243203.0850598533,0.033144693413667506
2019-05-15,126.30000305175781,126.9000015258789,123.0,123.94999694824219,94.65253448486328,9384447,4.819878233860321,-0.013224008025058964,129.62500076293946,130.88733352661131,33.89988192045497,-1.7816914419221632,25.926496542546396,140.7942694742984,123.85573128864102,12.800708964161384,130.51930051012818,130.94191066218588,-0.013136954983473781,3.2552525352234603,-0.20996283911255345,-90704550,10.877166682282395,12.454208609478146,135.30166689554852,129.65166765848795,132.47666727701824,-10737302.274706434,0.03087887119274798
2019-05-16,124.8499984741211,126.3499984741211,123.25,125.75,96.0270767211914,6519422,4.8342958089798485,0.014417575119527015,128.8900001525879,131.05983352661133,39.04111216531447,-1.9117066399804514,26.7490989957428,140.57320386412167,123.05679720399358,13.288629206963659,130.0650814139255,130.49617512506586,0.014522009649660994,3.244162959430434,-0.19541632578953547,-84185128,23.5087738084084,18.947357149549596,134.85333340962728,129.02333463033042,131.93833401997887,4244218.905562535,0.024829783836670703
2019-05-17,124.75,126.5999984741211,124.0,125.5,95.83615112304688,10003051,4.832305758571839,-0.0019900504080094805,127.89500045776367,131.25733352661132,38.59214438031668,-2.0117275884308867,27.354877585382695,140.1150906167594,122.38991045135583,13.504641887416241,129.6303117554564,129.3330869977278,-0.001988071570576566,3.198151210479767,-0.18420478482423802,-94188179,21.7543869042042,18.713442464964995,134.26583290100098,128.46583518981933,131.36583404541017,-252435.5314791547,0.02084167113523923
2019-05-20,128.1999969482422,130.10000610351562,125.5999984741211,129.25,98.69979095458984,12330905,4.861748513388538,0.029442754816699335,127.32000045776367,131.48816680908203,48.212551590595005,-1.7680206097133748,26.030609636455406,139.24742883259847,122.42757193034102,12.855532132009165,129.59409158827006,129.05343721640503,0.029880478087649376,3.298283702839471,-0.1502352771537961,-81857274,48.0701904672672,31.111117059959934,133.9541670481364,127.86916796366374,130.91166750590008,30743117.32284028,0.03510146440339859
2019-05-21,129.6999969482422,129.75,127.75,128.60000610351562,98.20344543457031,8095621,4.856706859264759,-0.005041654123779438,126.77000045776367,131.67683364868165,46.84269810361668,-1.6087850755691875,24.800932255308634,138.69756136651768,122.30243939642178,12.563311817755302,129.4994167801982,128.77448881428145,-0.005028966317093819,3.2055491526366517,-0.1284621362881109,-89952895,43.50882734804781,37.77780157317307,133.54500007629395,127.54000129699708,130.5425006866455,6739636.282112941,0.01542020082543345
2019-05-22,128.60000610351562,130.4499969482422,127.4000015258789,129.60000610351562,98.9670639038086,9540723,4.864452831013201,0.007745971748442493,126.65000076293946,131.81883377075195,49.23256981190306,-1.3859220778713848,23.322198221269225,137.98400002442952,122.3760013488615,11.989551846091802,129.50899671575223,128.59454690334573,0.007776049397657525,3.1944381719028394,-0.12159392145678911,-80412172,50.52637496486461,47.36846426005987,133.27333386739093,127.16833432515462,130.22083409627277,8607027.42737098,0.02371691506692628
2019-05-23,130.60000610351562,133.4499969482422,129.35000610351562,129.85000610351562,99.1579818725586,11017547,4.866379985113112,0.0019271540999108439,126.8650016784668,131.93333389282228,49.839720233331896,-1.1755773124059203,22.60309150971418,137.63013318732328,122.34986940667085,11.754953171929406,129.54147380030113,128.33819957916847,0.0019290122548321076,3.2591205056759627,-0.13027882569715984,-69394625,53.985558325358404,49.340253546090274,133.16333325703937,126.93333524068196,130.04833424886067,4705266.975790327,0.03139349657822255
2019-05-24,130.5,131.0,128.5500030517578,129.14999389648438,98.62344360351562,9371443,4.860974472282726,-0.005405512830385817,127.08000106811524,132.07966705322266,48.10491447309325,-1.0532218196544818,21.565765734049595,137.1760380675343,122.32396422128403,11.446684944318585,129.50418999993764,128.13643963760666,-0.005390929334829653,3.2013259658592648,-0.1788474607702597,-78766068,48.913004417863185,51.141645902695394,132.97833340962728,126.71833508809407,129.84833424886068,-2804994.0064015966,0.01877392297503592
2019-05-27,132.39999389648438,136.60000610351562,130.14999389648438,133.1999969482422,101.71615600585938,19948676,4.891851735195194,0.030877262912467174,128.04500045776368,132.2070002746582,57.353810765803,-0.6222795597271897,22.28449770333682,137.21759330964443,122.31240928434971,11.486289736306302,129.85617161406188,128.43457134476148,0.03135891012897729,3.5048035545144067,-0.09995703403053618,-58817392,76.05628127311988,59.65161467211382,133.1383337656657,126.53833452860515,129.8383341471354,52926467.78355135,0.048716106528480116
2019-05-28,133.9499969482422,134.75,131.6999969482422,132.60000610351562,101.25799560546875,15628186,4.887337123781291,-0.004514611413902969,128.74500122070313,132.3356671142578,55.76810174712396,-0.32541774757171993,22.95189167481782,136.99531613094257,122.3846864630516,11.26581041080557,130.11748918448603,128.71540225435126,-0.004504435874421953,3.4723178043175076,-0.122971715809772,-74445578,71.83099499630082,65.60009356242796,133.1450003306071,126.41500078837078,129.78000055948894,11390976.914727893,0.02276971348447528
2019-05-29,132.0,133.25,130.1999969482422,130.89999389648438,99.95979309082031,5397986,4.874433626288537,-0.012903497492753324,129.44000091552735,132.4328337097168,51.429354138952576,-0.22473875174216573,22.87854930577013,136.58652753355065,122.47847414491613,10.89151625825895,130.19201344277158,128.8580734128216,-0.012820604289445647,3.442152464848958,-0.15978618880881765,-79843564,59.859081904747576,69.2487860580561,133.03083330790201,126.33083407084148,129.68083368937175,-2320769.090679894,0.023106083725437973
2019-05-30,131.0500030517578,135.60000610351562,131.0500030517578,135.10000610351562,103.16706085205078,30257040,4.906015290143914,0.031581663855376974,130.3750015258789,132.66483383178712,59.75906274048452,0.19174563759392527,23.427311049101196,136.93820387286172,122.32679780560505,11.271406454911585,130.6594413152234,129.86997144031213,0.03208565624802562,3.5319995892905505,-0.04013802994232426,-49586524,89.4366231236128,73.7089000082204,133.21250089009604,126.2375001271566,129.72500050862632,83946368.53552857,0.034719595160641104
2019-05-31,135.25,136.0500030517578,132.3000030517578,133.25,101.75434112548828,11325445,4.892227063045954,-0.013788227097959904,131.1500015258789,132.76900039672853,55.26333203735901,0.3682871008948325,24.047489808088663,136.5348832396602,122.51011874398237,10.828052568691064,130.90616118996405,130.51479467700975,-0.013693604884800092,3.5475710471983684,-0.07858586677062197,-60911969,76.4084153269114,75.23470678509058,133.15916811625164,126.17416674296062,129.66666742960612,14014027.928489182,0.027726432532347505
2019-06-03,134.39999389648438,134.8000030517578,132.6999969482422,133.10000610351562,101.63978576660156,7302092,4.8911007712576815,-0.0011262917882728374,131.53500213623047,132.79683395385743,54.90269091032496,0.4904407330959657,24.623370084291306,136.1874210087732,122.66758158522092,10.445878416928057,131.1150988007785,130.88375286458083,-0.0011256577597326123,3.44417355122103,-0.10800468954229568,-68214061,74.2647174320367,80.03658529418696,133.10750134785968,126.10250027974446,129.60500081380206,3941163.15511814,0.015625046122643885
2019-06-04,133.14999389648438,136.35000610351562,133.14999389648438,135.0500030517578,103.12889099121094,10439893,4.9056451028358685,0.01454433157818702,132.18000183105468,132.852000579834,58.67809584250218,0.7361113897162284,25.55480000313059,136.3774307551124,122.57257153370597,10.662181192807465,131.48985158658604,131.48323563972343,0.014650615017445023,3.4303040118480994,-0.07411526533869094,-57774168,88.38949555723701,79.6875427720617,133.148335647583,126.08333244323731,129.61583404541017,14885560.711689364,0.024033138217933795
2019-06-06,135.14999389648438,137.0,132.8000030517578,136.5500030517578,104.27433013916016,12191883,4.916690870268727,0.011045767432858788,132.8750015258789,132.88500076293946,61.35797261650349,1.0398577857609723,26.578330015601797,137.31054154689872,122.21446074191965,11.633623482780319,131.97177077374528,132.0031572459451,0.011106997157379839,3.4852820787333916,-0.00573055672532909,-45582285,96.53848501352164,86.3975660009318,133.35750211079915,126.252499516805,129.80500081380208,17153736.570563123,0.031076560398952714
2019-06-07,137.0,137.5,134.5,135.14999389648438,103.2052230834961,9310029,4.906385227561407,-0.01030564270732004,133.40500030517578,133.00300064086915,57.60302332111935,1.1543038581872054,27.651847400199404,137.9690370072617,122.3009649763809,12.039860077202068,132.2744586901966,132.58958559469565,-0.01025272152313883,3.450619073109578,-0.0031477894351282665,-54892314,80.25205208247182,88.39334421774349,133.658335240682,126.69333279927574,130.17583401997885,-2971505.033719762,0.021897810218978103
2019-06-10,135.1999969482422,137.10000610351562,134.35000610351562,135.0,103.09069061279297,7295669,4.90527477843843,-0.0011104491229776414,133.99000091552733,133.01000076293946,57.19914549372957,1.218849799449032,28.55586768109409,138.50369706567108,122.56630491797148,12.20928641866572,132.53403405303501,133.0311832959154,-0.0011098328025028747,3.400574853601751,-0.002990837680206605,-62187983,75.24752101294203,84.01268603631183,134.0783354441325,127.08833300272624,130.58333422342938,-1720038.89175343,0.020340237145513886
2019-06-11,135.39999389648438,136.64999389648438,133.75,135.3000030517578,103.3198013305664,4554162,4.907494557732233,0.0022197792938030148,134.20000152587892,133.00900070190428,57.83591777967012,1.2794618225214833,29.014201360537395,138.6658756874791,123.57912629616347,11.505843220803614,132.797459671961,133.3068424963093,0.0022222448278357287,3.3648190709505097,0.036838974148636384,-57633821,78.21784870681743,77.90580726741042,134.55916837056478,127.67916653951008,131.11916745503743,337495.3682151652,0.021417976567277175
2019-06-12,135.0,135.6999969482422,133.3000030517578,134.39999389648438,102.63250732421875,3660802,4.9008203826759855,-0.0066741750562471225,134.38000030517577,132.88100051879883,55.183471075773866,1.240573511145925,29.152508900521234,138.7858578592747,124.33914366660423,10.98087533217523,132.95008197905847,133.58525029571732,-0.006651952217097468,3.2959029870600713,0.01782476022373017,-61294623,65.36304848545811,72.94280606840586,134.95583470662436,128.24583333333334,131.60083401997886,-2084005.0876904852,0.017777732566550925
2019-06-13,134.5,135.85000610351562,133.3000030517578,134.89999389648438,103.01432800292969,5113806,4.904533717968968,0.003713335292982123,134.78000030517578,132.83900039672852,56.38031982970107,1.2358539109383457,29.333141376932126,138.5610154628416,125.65898575786153,9.766126444154386,133.13578787595617,133.81834993682625,0.003720238264185438,3.242624420252767,0.04740919269963348,-56180817,70.94964256913768,71.51017992047106,135.39166819254558,128.81666666666666,132.10416742960612,1009933.6374365048,0.018959130496340612
2019-06-14,134.9499969482422,135.5,132.39999389648438,132.75,101.37251281738281,4761596,4.888467660122048,-0.016066057846919612,134.5449996948242,132.77900039672852,50.17530298710714,1.046562928595307,28.898793933695192,138.2147891310587,126.70521208964443,8.68909632219555,133.09904617348417,134.08037419062424,-0.015937687129431444,3.2324373976286855,0.010796572901548448,-60942413,35.37420332579045,57.228964793462076,135.813335164388,129.23833287556965,132.52583401997884,-6488290.345870774,0.02297151666260934
2019-06-17,133.4499969482422,133.85000610351562,131.39999389648438,132.25,100.99068450927734,3655275,4.8846940707384086,-0.003773589383639475,134.44499969482422,132.7220002746582,48.82939842863726,0.8464453449522296,27.86913301423028,137.59150355883972,128.0034976618634,7.220019844431415,133.01818463315234,134.1526332842774,-0.0037664783427495685,3.176549884014583,-0.0020730858650676765,-64597688,28.082221845978264,44.80202258030213,136.16250254313152,129.60249888102214,132.88250071207682,-3381188.4486235916,0.01835902782359353
2019-06-18,132.60000610351562,133.35000610351562,131.89999389648438,132.39999389648438,101.1052474975586,5172138,4.885827597403846,0.0011335266654377563,134.3749984741211,132.6670002746582,49.269026808547004,0.6919772885987072,26.913019303298576,137.47140261852866,128.43859799182292,6.7938810920781165,132.95930932489824,134.2312135091096,0.001134169349598313,3.053225764230059,-0.04996297469273903,-59425550,30.136931897753616,31.197785689840774,136.2216692606608,129.96666514078774,133.09416720072426,-609870.0616912625,0.010935234843799949
2019-06-19,132.5,135.25,132.5,134.64999389648438,102.82344055175781,5278372,4.902678773928861,0.016851176525015,134.33499755859376,132.66400009155274,55.451870726285115,0.7425567055456668,26.85302376204417,137.3578987106183,129.15710067903015,6.154098681401763,133.12032690314456,134.35169660393248,0.016993958487333094,3.0387100741790283,-0.028790837526793206,-54147178,55.81383795394919,38.01099723256036,136.53083572387695,130.2008316040039,133.36583366394044,7714267.979436246,0.020754716981132074
2019-06-20,134.60000610351562,135.25,133.60000610351562,134.5500030517578,102.74703216552734,6963441,4.9019358998541325,-0.0007428740747288387,134.13499755859374,132.64200027465822,55.130306374015284,0.7657457915453563,26.79731361659365,137.27685697621936,129.7331421082533,5.650511137284781,133.25648653634582,134.49561033700013,-0.0007425982120982111,2.939516061486553,-0.045977168376022455,-61110619,51.639442679540736,45.86340417708118,136.7266690572103,130.53666508992515,133.6316670735677,2107235.7612830293,0.012258497932128094
2019-06-21,134.85000610351562,135.1999969482422,134.0500030517578,134.5500030517578,102.74703216552734,9456244,4.9019358998541325,0.0,134.0749984741211,132.6370002746582,55.130306374015284,0.7751874311001359,26.74558276724674,137.13891390000643,130.34108487929043,5.082869038237899,133.37967858543266,134.58084131157557,0.0,2.811693049700683,-0.00842631447738112,-51654375,51.639442679540736,53.03090777101022,136.76500244140624,130.8699981689453,133.81750030517577,702411.9204276765,0.008527948419977074
2019-06-24,134.6999969482422,136.0,133.75,135.60000610351562,103.54887390136719,5918107,4.909709420517471,0.0077735206633384735,134.13499908447267,132.63800033569336,58.09014189041259,0.8575116094545479,27.04885285163687,136.8220086851982,131.3029913148018,4.116749553675635,133.5911383490596,134.6962290165185,0.007803812916703512,2.7715721175792054,0.038222914423342406,-45736268,68.85259023938765,57.377158532823046,137.03250274658203,131.15749816894532,134.09500045776366,4376824.24722874,0.016703786569977067
2019-06-25,135.9499969482422,139.6999969482422,135.14999389648438,138.4499969482422,105.72523498535156,18761799,4.93050922757466,0.020799807057189312,134.4499984741211,132.68900039672852,64.86489294359009,1.1395880945314047,28.55728931504269,137.64772580496683,131.00227419503315,4.947293214169866,134.05388678707698,135.2447614064192,0.021017630652250263,2.898602898591963,0.09073763677052983,-26974469,84.939764573517,68.47726583081513,137.16000213623047,131.4749984741211,134.31750030517577,37106245.00280956,0.03346821003232574
2019-06-26,139.5,141.89999389648438,139.3000030517578,140.0500030517578,106.94703674316406,24643824,4.941999523496605,0.011490295921944949,135.01499938964844,132.79800033569336,67.99302211478923,1.475237245290515,30.466923629231935,138.75280420462744,130.64219549019677,6.021350599393842,134.62494547895133,136.33562495581694,0.011556562938125348,2.9379881878526932,0.0654616458600978,-2330645,82.38103957403274,78.7244647956458,137.50750147501626,131.86749903361002,134.68750025431314,38655594.210246414,0.018637927202340948
2019-06-27,141.0500030517578,142.0,139.0500030517578,140.14999389648438,107.02339935302734,38789825,4.942713234060917,0.000713710564311576,135.53999938964844,132.8820002746582,68.18366335370666,1.7293748838373233,32.056641266728896,139.47874925102616,130.84125044379806,6.390573259085039,135.15114056633544,137.4702809372292,0.0007139653162993032,2.9388459564519427,0.02486737526545458,36459180,82.54712228041032,83.28930880932002,137.95000127156575,132.31999944051105,135.1350003560384,15470949.649112493,0.020914547213158843
2019-06-28,140.10000610351562,141.85000610351562,139.5,141.35000610351562,107.93980407714844,10648757,4.9512391273197585,0.008525893258841677,136.4,132.99000045776367,70.45784166471458,2.0045050629310595,33.53280764440465,140.56401112123595,130.38098857358827,7.516671323786903,135.74150871273355,137.81645417425366,0.008562342199726292,2.8967859669564917,-0.05797171325099561,47107937,93.86798563947245,86.26538249797183,138.18916803995768,132.7791659037272,135.48416697184243,13676075.476177145,0.01677377588248838
2019-07-01,142.1999969482422,145.85000610351562,138.64999389648438,142.5500030517578,108.85614776611328,31289422,4.9596928367670134,0.008453709447254987,137.43000030517578,133.10600051879882,72.5693355529424,2.292945785295302,35.696736499060805,141.7760696613985,130.0989303386015,8.590079501827692,136.38993674502157,138.6987297985136,0.008489542953138418,3.2041592698189745,-0.01644524113420088,78397359,77.1626279308466,84.52591195024313,138.78583526611328,133.03083190917968,135.9083335876465,29590165.766900353,0.05063299832314275
2019-07-02,143.0,144.39999389648438,142.5500030517578,142.9499969482422,109.16159057617188,8847109,4.962494897419893,0.0028020606528791348,138.48500061035156,133.21400039672852,73.25551815374754,2.5247100149549624,37.7060990069558,142.8598845226924,130.00011456178024,9.425910726424215,137.01470438342352,139.01217521384302,0.002805990094150612,3.1074329537409446,-0.018543021962438025,87244468,79.93074944350346,83.65378767127417,139.26166763305665,133.53166580200195,136.39666671752929,12222581.656654773,0.012936998914171766
2019-07-03,143.85000610351562,144.39999389648438,142.64999389648438,143.25,109.39067840576172,6947927,4.964591355594849,0.002096458174956517,139.34500122070312,133.3720002746582,73.7851902277948,2.7014519196438584,39.57193562142972,143.88220249296882,129.79779628632804,10.292609083208038,137.6085420611927,139.3039744113053,0.002098657279904881,3.010473457045163,-0.03738126525438828,94192395,82.00689337652958,79.7000902502932,139.6183334350586,134.03333282470703,136.82583312988282,5463793.42114526,0.012165449605477847
2019-07-04,144.4499969482422,144.4499969482422,142.35000610351562,143.4499969482422,109.54340362548828,5792826,4.965986521153356,0.001395165558506939,140.23500061035156,133.52100021362304,74.15270130122471,2.825093317540336,41.05257525717365,144.7901367795065,129.5798613894388,11.087418807869698,138.16487109805456,139.58516016760896,0.0013961392547447993,2.945438984736691,-0.08138515153959465,99985221,83.390954132858,81.77619898429701,139.9116663614909,134.53666636149086,137.2241663614909,2593629.488180419,0.014537839315282294
2019-07-05,142.8000030517578,143.8000030517578,135.39999389648438,136.5,104.23614501953125,21459265,4.916324614625014,-0.04966190652834168,140.43000030517578,133.57800033569336,48.635885657106,2.335352852014921,38.42640749839842,144.80799339876177,129.69700538053513,11.009626844993035,138.0063119458589,139.6053736203577,-0.048448916668501596,3.3350511397750298,-0.12319316233779862,78525956,32.97492529215907,66.12425760051555,140.32416687011718,134.4091659545898,137.3666664123535,-98563341.01162012,0.05882359226721345
2019-07-08,136.60000610351562,136.60000610351562,128.5500030517578,129.60000610351562,98.9670639038086,20404790,4.864452831013201,-0.051871783611812994,139.8300003051758,133.49100051879884,35.554739976463225,1.3746124858351152,37.3908461955025,145.19780677245163,128.7671926171968,11.99468121246122,137.20571138944524,139.01431619661574,-0.05054940583505041,3.6718334192023714,-0.1629255862880917,58121166,6.069380731416254,40.81175338547778,140.3941670735677,133.94916585286458,137.17166646321613,-126716397.97657031,0.058931205652051816
2019-07-09,128.4499969482422,132.0,127.5999984741211,129.5500030517578,98.92889404296875,19374808,4.864066930564721,-0.0003859004484807471,138.94000091552735,133.4240007019043,35.480265355711694,0.6022417277382601,36.64029119501526,145.50651986212614,127.88347952752231,12.892234810306014,136.4765963096655,138.3410595015131,-0.00038582599847925003,3.7238454268221237,-0.1633190082801563,38746358,10.684952122956526,16.57641938217728,140.19333419799804,133.59833221435548,136.89583320617675,-42884665.67700456,0.03425458645710867
2019-07-10,129.0,131.0,128.64999389648438,129.0500030517578,98.54707336425781,9141198,4.860199949812494,-0.0038669807522264676,137.84000091552736,133.32300064086914,34.69761357723246,-0.04964125057398405,35.94334726599139,145.80792914331101,127.04707116186478,13.75152220810546,135.76930171367428,138.1111030065323,-0.003859513610356635,3.625714046585945,-0.18172114554829014,29605160,7.9452272408985545,8.233186698423777,139.94583485921223,133.35583165486653,136.65083325703938,-17341954.55900152,0.018217101577640504
2019-07-11,130.25,130.89999389648438,128.60000610351562,128.9499969482422,98.47068786621094,6669919,4.859424708661143,-0.0007752411513513024,136.72000122070312,133.22100051879883,34.533530465895154,-0.5677877603517629,35.30853415566016,146.0473779411676,126.21262266918393,14.570451206580618,135.11984411696648,138.00464999296614,-0.0007749407295675192,3.531019314184717,-0.20316502056251412,22935241,7.3972488205797085,8.675809394811596,139.6733339945475,133.10833231608072,136.3908331553141,-6225339.926303729,0.017658255608205373
2019-07-12,129.85000610351562,132.4499969482422,126.44999694824219,127.80000305175781,97.59252166748047,21467991,4.850466565822603,-0.008958142838539906,135.36500091552733,133.11500045776367,32.62305021183411,-1.059009892115455,35.2333832800367,146.3563844036926,125.40861651183475,15.416089504747552,134.4227163964704,137.27435365327278,-0.008918138221794325,3.707375077457237,-0.2200054255612387,1467250,6.958791064016882,7.433755708498381,139.58583374023436,132.73083267211913,136.15833320617676,-18533819.055288907,0.046207159938189274
2019-07-15,128.0,128.9499969482422,127.30000305175781,127.94999694824219,97.70707702636719,5852788,4.851639538754623,0.001172972932019789,133.90500030517578,132.96500045776367,33.14258411714722,-1.419836722784936,35.16360032410062,146.59742505884725,124.73757555150432,16.112812175480883,133.80626692521056,137.00146589642952,0.0011736611338235559,3.5604192788163185,-0.2187296424971567,7320038,7.7319551140122025,7.362664999536264,139.32416610717775,132.54916687011718,135.93666648864746,-5592684.700151642,0.01289057731628418
2019-07-16,128.8000030517578,131.39999389648438,128.0,130.9499969482422,99.99797058105469,11313969,4.874815547648964,0.02317600889434157,132.7050003051758,132.8840003967285,42.665142376648895,-1.4470390918532132,33.99213168000352,146.62939569120482,124.56060522432249,16.275519298188666,133.53424121311835,136.25808238853577,0.023446659410344184,3.552531969489595,-0.17974412673272425,18634007,23.19586534203661,12.628870506688566,139.29999847412108,132.33000106811522,135.81499977111815,20763709.76661612,0.026397467514951065
2019-07-17,131.60000610351562,132.14999389648438,128.6999969482422,129.10000610351562,98.58525085449219,10958942,4.860587345130021,-0.014228202518943078,131.29000091552734,132.78400039672852,38.97825825225275,-1.5994386325332641,32.59343352241484,146.70645349469686,123.92854864153362,16.832933414649332,133.1119331074419,135.0516397812659,-0.014127460006415848,3.5452080394004946,-0.21493782766801378,7675065,13.659834560197075,14.862551672081963,139.12749837239585,132.08750127156574,135.6074998219808,-6594724.989720895,0.026215781065606066
2019-07-18,130.10000610351562,130.9499969482422,126.4000015258789,127.05000305175781,97.0197982788086,18049102,4.844580733786305,-0.01600661134371606,129.6500015258789,132.70900039672853,35.33445972435037,-1.8641457681632119,31.95472513989133,146.8881375695333,122.99686456669716,17.70478004611498,132.53460643547197,134.10439593519737,-0.015879186327180106,3.6169785667549794,-0.252756571708187,-10374037,3.341909372228461,13.399203091487381,138.95583165486653,131.62583440144857,135.29083302815755,-26865384.45089899,0.034973060790965856
2019-07-19,127.94999694824219,131.0,126.05000305175781,129.89999389648438,99.19615936279297,33840376,4.866764876690289,0.02218414290398396,128.99000091552733,132.75300033569337,43.273877679535815,-1.8229438752094609,31.45645534420095,146.85646389598298,122.56353732472014,18.033498969040977,132.28369095556837,131.94920525607478,0.02243204074198668,3.712194165432637,-0.1734140283380757,23466339,20.923870227273103,12.641871386566214,138.86499837239583,131.15500081380208,135.00999959309894,55341379.70443666,0.0386869641758924
2019-07-22,130.5,132.64999389648438,127.6500015258789,130.85000610351562,99.92161560058594,15870663,4.874051675621287,0.0072867989309974845,129.11500091552733,132.83000045776367,45.66850437254002,-1.6941044511069094,30.269699020337036,146.72535476406534,122.21964645663782,18.22358340642109,132.14714954108717,131.3444434634776,0.007313412253031393,3.804179751516411,-0.16648765373380686,39337002,26.08698176076533,16.78425378675563,138.76583124796548,130.78083445231118,134.77333285013833,28498675.623931687,0.03831411778241738
2019-07-23,131.4499969482422,133.4499969482422,130.5,133.0500030517578,101.60160827636719,9840729,4.890725020360622,0.016673344739335683,129.46500091552736,133.02000045776367,50.84353518980212,-1.3983575166812443,28.83441660988886,146.33021463282023,122.07478719823443,18.073752179814576,132.23313558972248,130.99088114145005,0.016813120715498897,3.743166694139681,-0.1748398371259774,49177731,38.04349088038266,28.351447622807033,138.41416447957357,130.58916829427082,134.50166638692218,23932607.72029616,0.022441970458194342
2019-07-24,133.5500030517578,133.5500030517578,130.6999969482422,131.85000610351562,100.68524169921875,10421947,4.881664959090653,-0.009060061269969388,129.74500122070313,133.14500061035156,48.149543800675175,-1.2464375096071763,27.458842495676617,145.65324432604672,121.93175781018373,17.730056861547215,132.1966470672266,130.7061789896719,-0.009019142583374329,3.6793695090951055,-0.15613712869865679,38755784,32.67607353102993,32.26884872405931,138.00749867757162,130.15750096639,134.08249982198078,-360000.4897291595,0.021340367191239183
2019-07-25,132.0,132.85000610351562,128.39999389648438,129.75,99.08160400390625,29337351,4.865609522045998,-0.016055437044655285,129.82500152587892,133.2610006713867,43.777939184634675,-1.2807293013867707,26.948445001907295,144.8819997201055,121.66300302647652,17.422196217803027,131.96363306082407,129.89906620445382,-0.0159272355426886,3.7344154160905445,-0.1663832233562058,9418433,35.07105097591137,35.26353846244132,137.57916615804035,129.57916692097982,133.57916653951008,-41192410.93722987,0.033712213689630684
2019-07-26,130.39999389648438,130.39999389648438,128.25,128.8000030517578,98.35615539550781,11411885,4.858260837364025,-0.007348684681972806,129.9250015258789,133.32200073242188,41.92358189108922,-1.3687841164426686,26.521578143448895,143.78757084411413,121.50243159729216,16.800587313307457,131.66233496472253,129.69810551776789,-0.0073217491194003115,3.6212424504043894,-0.2038917235287271,-1993452,36.666666666666664,34.80459705786932,136.98166529337567,129.00166727701824,132.99166628519694,-20958307.59487049,0.016487684026972486
2019-07-29,128.0,128.8000030517578,126.75,127.30000305175781,97.21072387695312,22168687,4.846546529536321,-0.011714307827704218,129.86000213623046,133.35800079345702,39.106855081312865,-1.5418323719258638,26.58685799721237,142.27111140893948,121.49389103246676,15.754342072798869,131.24687478253543,129.48316071999906,-0.011645962456982462,3.5090110647867765,-0.2531622053749317,-24162139,16.666666666666668,29.46812810308157,135.98749821980795,128.52250111897789,132.2549996693929,-29154789.531623498,0.01601564884185791
2019-07-30,126.6500015258789,128.64999389648438,126.0999984741211,127.19999694824219,97.13434600830078,16228044,4.845760626914215,-0.0007859026221055387,129.48500213623046,133.3170007324219,38.91910973775562,-1.667818445055815,26.838023130081975,140.33241826009422,121.85758418131203,14.092706744537983,130.86145784593606,129.32239014768976,-0.0007855938815254371,3.4405099474708125,-0.23795253743209016,-40390183,15.333251953125,22.888861762152775,135.22333170572918,127.68833414713541,131.45583292643227,-10800198.809287911,0.020134191801349725
2019-07-31,126.19999694824219,127.3499984741211,125.5,126.55000305175781,96.63798522949219,14557889,4.840637511106169,-0.00512311580804603,129.2300018310547,133.27600067138673,37.653812123005295,-1.7993703693637144,27.24727120879002,137.81801547655397,122.70198727002804,11.604504872687167,130.45084310363336,129.13802778235078,-0.0051100150320668725,3.3269019850886896,-0.21897596714093093,-54948072,13.04351122610484,15.014476615298838,134.37999852498373,126.83500111897786,130.60749982198078,-9908425.600227319,0.01465925926194614
2019-08-01,126.4000015258789,127.75,125.1500015258789,126.8499984741211,96.8670654296875,11138203,4.8430052740162886,0.0023677629101195308,129.21000137329102,133.22100051879883,38.64525563608805,-1.8580012123296967,27.3935168121659,134.10957461310502,124.75042828606486,7.231048614865157,130.1079055198703,129.0323911268124,0.002370568274428164,3.2749803057338616,-0.20544954935602064,-43809869,20.238055231356807,16.20493947019555,133.56333223978677,125.96833407084148,129.7658331553141,-1075201.924507129,0.020569607933025022
2019-08-02,126.19999694824219,126.9000015258789,122.44999694824219,123.0999984741211,94.00344848632812,21851409,4.812997020794966,-0.03000825322132261,128.53000183105468,133.08600036621092,31.83111301192224,-2.181908554114088,28.29775415028096,133.01671562457736,124.50328712200465,6.6118580395873385,129.4404858012275,128.60606383907842,-0.02956247572021098,3.35891061086978,-0.20403761378802382,-65661278,5.855866382569249,13.045810946676966,132.6449986775716,125.44500096638998,129.04499982198078,-54986923.14150237,0.03526152682445609
2019-08-05,122.4000015258789,123.44999694824219,120.44999694824219,121.0,92.3998031616211,8713907,4.795790545596741,-0.017206475198224602,127.54500122070313,132.92300048828125,28.77160548255827,-2.5783383035432763,29.600875782013905,133.7413241817941,122.91867795443635,8.433449806965482,128.6366300106344,128.27392121540726,-0.0170592891970065,3.3332741386647955,-0.1807495230790825,-74375185,4.198494622152956,10.097472078693004,131.8949981689453,125.20000076293945,128.5474994659424,-30528435.316256203,0.024509803616021304
2019-08-06,120.0,124.9000015258789,119.75,123.3499984741211,94.19435119628906,13232442,4.815025830605046,0.01923528500830507,126.57500076293945,132.72600051879883,36.165731871813364,-2.6720843736385973,29.995262187444123,133.81313655939633,122.22686511907048,9.050360384605685,128.13314129287122,127.88124829475565,0.019421474992736387,3.4630403806086605,-0.15969896550143325,-61142743,26.08693969573097,12.047100233484391,131.579998143514,124.81000073750813,128.19499944051105,10554667.23384518,0.04291667938232422
2019-08-07,123.0,124.94999694824219,122.0999984741211,123.05000305175781,93.96525573730469,13132981,4.812590801638022,-0.0024350289670245218,125.69500045776367,132.53500045776366,35.65685988974067,-2.739012304145234,30.333632073421548,133.87860588925642,121.56139578921037,9.643916394543602,127.64903288895565,127.60577558816684,-0.002432066688887846,3.419251673002406,-0.15221966854258576,-74275724,23.91306030426903,18.066164874050987,131.29499778747558,124.47500114440918,127.88499946594239,891666.2899590954,0.02317071930179751
2019-08-08,123.1500015258789,125.1500015258789,122.19999694824219,124.6500015258789,95.18708801269531,8227791,4.825509822210874,0.012919020572851991,125.18500061035157,132.41000061035157,40.46803458297833,-2.6325996955906987,30.529681383787853,133.77603907047256,121.2339630657579,9.836536527704101,127.36341085437691,127.23570256667823,0.013002831649244984,3.385734023333428,-0.11868499668897234,-66047933,35.50724958176553,28.50241652725518,131.05333201090497,124.16833368937175,127.61083285013835,9073524.12691121,0.023954563874015063
2019-08-09,124.5999984741211,126.6500015258789,123.1500015258789,123.9000015258789,94.61434936523438,10566552,4.819474800950504,-0.006035021260370144,124.69500045776367,132.18600051879883,38.99607413595632,-2.57905591742869,29.854197246812582,133.7718595954914,120.84814238815116,10.15137625218501,127.03356234690091,126.84652984875302,-0.006016847098427758,3.393895878809612,-0.10360158500586472,-76614485,30.072468174927604,29.83092602032072,130.71166547139484,124.07666714986165,127.39416631062825,-2258767.957696263,0.028089887984444364
2019-08-13,123.0,123.0,114.75,117.1500015258789,91.30207061767578,25954194,4.763455177978806,-0.05601962297169738,123.68000030517578,131.86400054931642,28.831685662394506,-3.046176251718535,31.2134141899983,134.5900022736019,118.95000016780433,12.33730532081383,126.0922708401369,125.57517254215364,-0.054479418215262365,3.8050462821717046,-0.12736766033801805,-102568679,12.765963490918182,26.115227082537103,130.55333251953124,123.25833358764649,126.90583305358886,-117546795.65256542,0.06707317073170732
2019-08-14,117.25,119.0,116.55000305175781,117.5999984741211,91.65278625488281,8641527,4.767289022489366,0.0038338445105594587,122.72000045776367,131.55400039672853,30.139016607904637,-3.3415422698725195,32.47554420867076,134.62855015287184,117.5764524411223,13.522410369631269,125.28348299575444,124.94673640899777,0.003841203093307488,3.708257044033882,-0.1588627703397945,-93927152,15.74584261365265,19.52809142649948,129.88583285013834,122.6858336130778,126.28583323160808,-36589824.6987535,0.02089549636027452
2019-08-16,117.4000015258789,119.30000305175781,116.5999984741211,117.80000305175781,91.80866241455078,10992249,4.768988297123749,0.00169927463438313,121.84500045776367,131.20900039672853,30.747917694515337,-3.5189193574481124,33.49454694021729,134.67018403677363,116.40481825204473,14.549728661332646,124.5707706201357,123.75025927636003,0.0017007192196583087,3.636239010719799,-0.13594063624265834,-82934903,19.488844992092726,16.000217032221187,129.24416669209796,122.11916669209799,125.68166669209799,-10730941.487236071,0.022998335115366645
2019-08-19,118.3499984741211,120.44999694824219,117.5999984741211,118.9000015258789,92.66594696044922,9653434,4.778282816530032,0.009294519406283008,121.05000076293945,130.85600036621094,34.14746718629449,-3.5300391989811715,33.853233733516056,134.67439310726678,115.58560902896369,15.255161764053693,124.03069737306363,123.19843519831463,0.009337847585944248,3.5800789723913202,-0.10028088638276066,-73281469,29.53737099266818,21.590686199471183,128.70166676839193,121.74666646321614,125.22416661580402,3502194.6176070995,0.024081102753408877
2019-08-20,119.0,120.25,117.3499984741211,117.94999694824219,91.92555236816406,7758935,4.770260779980366,-0.008022036549665934,120.53500061035156,130.5120004272461,32.656472481255975,-3.574306799549518,34.24318596460117,134.30119205633355,114.76381038507269,15.688580474775554,123.45158304689016,122.45516193814795,-0.007989945882632687,3.5315020119261478,-0.1931084202430069,-81040404,23.021570887534992,24.015928957431967,128.07583363850912,121.32583287556966,124.70083325703938,-3746617.639188136,0.02436976072167148
2019-08-21,118.0,119.5999984741211,117.44999694824219,117.9000015258789,91.88658905029297,12842739,4.76983682048547,-0.00042395949489559825,120.22500076293946,130.17000045776368,32.57585991986869,-3.5722447903878987,34.60528446489448,133.6095128720145,114.16048911162807,15.699256249487728,122.92286099727005,121.71027242398227,-0.0004238696367683259,3.4328234057799163,-0.23827085354307725,-93883143,24.23078096829928,25.59657428283415,127.3300006866455,120.86499900817871,124.09749984741211,-1676924.6534669683,0.01822035191422802
2019-08-22,118.0,118.4000015258789,113.8499984741211,114.75,89.43160247802734,16991585,4.7427558489406545,-0.027080971544815924,119.36500091552735,129.7590003967285,27.902384390675664,-3.781202086808463,35.712467035317786,132.51502185877354,113.42497981969325,15.524145652432686,122.14449328324433,120.75348070946764,-0.026717569848270784,3.5126219519211945,-0.29372035862645574,-110874728,6.474830410653488,17.90906075549592,126.57666765848796,119.9516653696696,123.26416651407878,-36241320.66922308,0.03855934789625265
2019-08-23,115.0,118.94999694824219,114.0999984741211,118.5,92.35419464111328,9284204,4.774912960575186,0.03215711163453161,118.91000061035156,129.44100051879883,39.10307137194036,-3.6026791471173425,36.43574772774844,131.1087757077981,113.49622536031714,14.400809689558535,121.79739868484012,120.20198557425017,0.03267973856209161,3.6081488463640445,-0.2610395799439845,-101590524,35.632187267975844,22.112599548976203,125.93416709899904,119.10916557312012,122.52166633605957,11130069.77692564,0.04217389977496603
2019-08-26,119.0,120.5999984741211,117.69999694824219,120.05000305175781,93.56221008300781,11965007,4.787908348087985,0.012995387512798828,118.45000076293945,129.1440007019043,43.04188418100151,-3.2981076073659352,36.231049094679065,129.97417172023452,113.66082965305648,13.391624335768714,121.630980053118,119.63477572763294,0.01308019452960174,3.55756689490082,-0.20665543896192995,-89625517,48.43752421438117,30.18151396433683,125.31249987284343,118.64249941507975,121.9774996439616,16073888.168510938,0.02436976072167148
2019-08-27,120.1500015258789,125.4000015258789,120.1500015258789,123.19999694824219,96.01717376708984,22238086,4.8138090263286575,0.025900678240672548,118.38000030517578,128.95300064086913,50.10489306405198,-2.770616345364047,34.05099435276514,129.07731954332647,113.99768121961299,12.407395475785684,121.78041023360602,119.94096493349892,0.02623901554693253,3.6855977219879823,-0.16533252548130783,-67387431,73.04684566334589,52.3721857152343,125.15583356221516,118.17583249409992,121.66583302815755,52057852.83583339,0.04369538021911062
2019-08-28,123.80000305175781,124.69999694824219,119.44999694824219,119.9000015258789,93.44530487060547,11905383,4.786658074759731,-0.02715095156892655,118.65500030517578,128.70600067138673,43.955457548302824,-2.5890132382250073,32.24028146071338,128.25243261699563,114.08256799335592,11.694443302000208,121.60132369001296,119.83387580584125,-0.026785677793073726,3.7973407418459835,-0.17017707335492047,-79292814,47.26563757285176,56.250002483526266,125.00249989827473,117.70249913533527,121.35249951680501,-8839188.655709952,0.042407107193730045
2019-08-29,118.75,124.1500015258789,117.9000015258789,123.0999984741211,95.93925476074219,38336134,4.812997020794966,0.02633894603523501,119.20500030517579,128.52000076293945,50.32247412413071,-2.1619567653847866,31.017469187195513,127.55771627430182,114.36728448863762,10.90456277281521,121.74405462183279,119.95942677663423,0.026688881630677175,3.9725306888569847,-0.06098785664161823,-40956680,72.26560777053648,64.1926970022447,124.90750033060708,117.23749910990398,121.07249972025554,78837278.31969906,0.05263157894736842
2019-08-30,122.9000015258789,123.6500015258789,115.5999984741211,121.6500015258789,94.80918884277344,18833819,4.801148081772721,-0.011848939022245375,119.59000015258789,128.26000091552734,47.67924835129764,-1.9183999490263375,30.49444789795399,126.80907373657645,114.6259268737751,10.092278942160135,121.73509718412289,119.83518983500706,-0.011779016784854157,4.263778714778472,-0.03440596526402707,-59790499,60.93750931322353,60.15625155220391,124.90916722615559,116.61916554768882,120.76416638692221,8073106.05740254,0.06550043085282414
2019-09-03,121.94999694824219,121.94999694824219,117.1500015258789,117.6500015258789,91.6917495727539,7635093,4.767714128143018,-0.033433953629702806,119.46500015258789,127.92200088500977,41.24341897761215,-2.0248052929161133,30.00878527222972,125.79114938278994,114.7238515327374,9.203000068955824,121.34604045476632,119.56758535391222,-0.03288121619257911,4.3020799081773875,-0.06762448855093348,-67425592,32.900450629573506,55.367855904444504,124.63583374023438,116.12583236694336,120.38083305358887,-17669212.647532485,0.0393603570519193
2019-09-04,118.0,119.9000015258789,116.6500015258789,119.44999694824219,93.0945816040039,7299231,4.782897848223406,0.015183720080388596,119.6150001525879,127.62000076293945,44.85094356963539,-1.9415072204712516,29.693178505011588,125.46039718235951,114.68960358057993,8.97005502191259,121.1654648827164,119.70300812350682,0.01529957840219276,4.226931343307574,0.004444303467600057,-60126361,48.48482246304533,47.44092746861412,124.30166689554851,115.91166598002114,120.10666643778481,2869317.3753372747,0.02754237288135593
2019-09-05,119.8499984741211,129.64999389648438,119.8499984741211,123.44999694824219,96.21202087402344,19432303,4.8158361910705905,0.03293834284718411,120.16999969482421,127.37700057983399,51.91615618079286,-1.535031440402264,28.819342282664657,125.76970530038261,114.62529515738106,9.271748681778075,121.38303936514744,120.2236490388956,0.033486815422299365,4.653578886517189,0.005552129542262413,-40694058,60.75950161690095,47.38159156983992,124.77583325703938,115.70583279927571,120.24083302815754,52775913.791779086,0.08176884061020134
2019-09-06,123.44999694824219,127.80000305175781,123.30000305175781,127.0,98.97877502441406,11891983,4.844187086458591,0.02835089538800073,121.39499969482422,127.14800064086914,57.161509283166595,-0.9158831477247702,28.00792293334251,126.55927177011685,114.20072884023472,10.266275875188525,121.91798799703815,120.68287042455763,0.028756607043467053,4.642608966051676,0.014028932753884324,-28802075,83.22788187182903,64.1574019839251,124.91166661580405,115.90666631062827,120.40916646321617,45736355.22489438,0.036452005761382696
2019-09-09,127.30000305175781,127.94999694824219,125.19999694824219,126.3499984741211,98.47218322753906,5303272,4.839055821757599,-0.005131264700992233,122.17999954223633,126.8740005493164,55.95784095323959,-0.4722100128170723,27.290300178480216,127.1614106465087,113.92858950607919,10.977494821066278,122.3400842329508,120.91713924943353,-0.005118122251015045,4.507422611333699,0.027155342329092495,-34105347,79.11394697182966,74.36711015351987,125.06333325703937,116.06833279927571,120.56583302815754,12947361.813530877,0.021602513229178017
2019-09-11,126.5,127.55000305175781,123.8499984741211,124.5,97.03038024902344,5473674,4.824305715904762,-0.014750105852836981,122.62499923706055,126.56100067138672,52.56516151187768,-0.2667997710065322,26.15512442471969,127.13559528031809,113.9394047196819,10.947788497883383,122.5457904964793,121.13082294451998,-0.014641855927683411,4.449749894641058,-0.0054982591820104685,-39579021,67.4050924774631,76.58230710704059,125.1658332824707,116.09583282470703,120.63083305358887,-2435071.7607139098,0.02924904804455904
2019-09-12,124.0,124.75,121.5999984741211,122.25,95.27680206298828,8444053,4.8060681283549815,-0.018237587549780443,122.52999954223633,126.17900054931641,48.698028679494556,-0.2823125471264234,24.378545892236293,126.92283450921413,113.98716533819798,10.739005586492347,122.51761997300508,121.39128565769151,-0.01807228915662651,4.356910725443761,-0.0015586083390297595,-48023074,53.164582022533764,66.56120715727549,125.0633332570394,116.02833264668782,120.5458329518636,-13477770.086904638,0.025403238111926664
2019-09-13,122.3499984741211,124.30000305175781,121.25,124.05000305175781,96.6796646118164,7509999,4.82068473473884,0.014616606383858866,122.94499969482422,125.80900054931641,51.755843697328565,-0.14765920751172246,22.653969714131847,127.26196492029592,114.33803507970407,10.698617417708487,122.66356121860058,121.98871206311966,0.014723951343622144,4.2635601773233365,0.06619674719440952,-40513075,63.98718653850588,61.5189536795009,125.04833348592122,116.53333257039387,120.79083302815755,4519424.050163867,0.024928509111530026
2019-09-16,123.3499984741211,124.1500015258789,121.8499984741211,123.25,96.05615234375,5593727,4.814214812922799,-0.006469921816041335,122.9599998474121,125.41500061035157,50.320277354823205,-0.10429675801067617,21.05257754874915,127.45354893072798,114.7114512218599,10.523484154059663,122.71941253111481,122.26769947657694,-0.006449036937339114,4.123306096925799,0.07683214355514621,-46106802,54.4484271767267,57.200065245922104,125.30916709899903,116.80916557312011,121.05916633605958,-1476857.763745426,0.01864615387279761
2019-09-17,122.8499984741211,123.1500015258789,120.55000305175781,120.9000015258789,94.22467041015625,5663425,4.794963770241747,-0.019251042681052155,122.8849998474121,124.96800064086914,46.2610791793638,-0.2565990276134045,19.997614768788846,127.42990400823078,115.04509599176922,10.215327779326993,122.54613529252092,122.43604507554839,-0.019066924739319258,4.021641157734113,0.06655623828633926,-51770227,37.72245393989121,52.05268921837459,125.48583348592122,116.99583257039387,121.24083302815754,-9364979.326781312,0.02116400900622555
2019-09-18,121.55000305175781,122.8499984741211,119.6500015258789,122.5,95.47163391113281,8627190,4.808111029984782,0.0131472597430351,123.36999969482422,124.54900070190429,49.2620829047606,-0.24536475625986043,19.30750832687821,127.5365087435814,115.29849110383073,10.079286468129018,122.54174145513798,122.32906295528102,0.013234064962179604,3.9629522856275465,0.09805471007857582,-43143037,49.11034714570954,47.093742754109144,125.63750012715658,117.11249936421711,121.37499974568684,6080667.448374735,0.026326588793910442
2019-09-19,122.94999694824219,122.94999694824219,120.0999984741211,121.69999694824219,94.8481674194336,6031946,4.801558974917411,-0.006552055067371221,123.59499969482422,124.25300064086915,47.824011809035525,-0.2975847044135804,18.62612152607112,127.51371293708861,115.69628691032351,9.71787840481827,122.46157531162409,122.37492476878737,-0.006530637157206587,3.883455584805657,0.12067546596423695,-49174983,43.41637339192131,43.41639149250734,125.78833325703938,117.26833279927573,121.52833302815756,-1190160.9892339744,0.023180142699156366
2019-09-20,121.05000305175781,125.4000015258789,118.5,119.8499984741211,93.4063491821289,34008081,4.786240948148821,-0.015318026768589732,123.23499984741211,124.05800048828125,44.58285618345677,-0.4826847163794241,17.535623725835052,127.42486536460864,115.9801341776277,9.403858760916707,122.21285370805238,122.28911474921313,-0.015201302551452689,4.098923152025175,0.06052315422567045,-83183064,30.24912017576393,40.92528023779825,126.17249997456868,117.17749951680503,121.67499974568686,-42339985.6349357,0.057001250325691
2019-09-23,121.0999984741211,121.5999984741211,114.05000305175781,116.05000305175781,90.44477081298828,33355557,4.754021159017368,-0.03221978913145307,122.14000015258789,123.78800048828126,38.77050642715627,-0.9253389507134955,17.44275101940425,127.19440153744605,116.34059830996605,8.913546910530721,121.62591555031004,121.50018045940604,-0.03170626175004754,4.345428314192183,0.03755415864830734,-116538621,12.820520344574959,28.828671304086726,126.40083300272624,117.105833307902,121.75333315531411,-98613971.15189691,0.062345132266675506
2019-09-24,116.30000305175781,116.80000305175781,114.3499984741211,115.1500015258789,89.74335479736328,20864605,4.746235639517922,-0.007785519499446281,121.02000045776367,123.51000045776367,37.52276792941448,-1.3333976440571575,17.356512077718502,127.59683100363958,115.60316899636041,9.863208887565108,121.00916183369755,120.90487378807158,-0.00775529084197879,4.2100409044382205,-0.014905621154723521,-137403226,7.051276408235447,16.70697230952477,126.19333343505859,117.13833312988281,121.6658332824707,-45390107.941872746,0.0210662468903494
2019-09-25,115.5999984741211,118.5999984741211,115.05000305175781,116.9000015258789,91.10722351074219,18851203,4.761318881530879,0.015083242012956966,120.26000061035157,123.2690005493164,41.46733960019694,-1.4983051941804604,16.598360059828526,127.75124433234384,115.13375551506826,10.389681392595083,120.61781323295291,120.59028745628402,0.015197568187671262,4.162894798575725,-0.03686136116412988,-118552023,18.269231709738538,12.713676154182972,126.09583320617676,116.97583351135253,121.53583335876465,6863034.186042413,0.030709303366971967
2019-09-26,117.25,118.69999694824219,115.94999694824219,116.55000305175781,90.8344497680664,21458595,4.758320391665874,-0.0029984898650043945,119.69000091552735,123.04400054931641,40.91101140290952,-1.6383516693445017,15.857288164333998,127.70754354404392,114.51245691371975,10.895125592756342,120.23040273950576,119.82363064917715,-0.0029939988841113374,4.061973741534602,-0.08988960239999584,-140010618,17.985619408310004,14.435375842094652,125.67833315531414,116.80833346048992,121.24333330790202,-2719305.6091742166,0.023454157782515993
2019-09-27,117.9000015258789,119.0999984741211,116.30000305175781,117.05000305175781,91.22412109375,9325734,4.762601220009177,0.0042808283433029,118.99000091552735,122.82600067138672,42.10595479432666,-1.6895179770161093,15.013482522755513,127.78294225165382,114.15205835869773,11.268219859522777,119.9275075311488,119.32145151865477,0.004290004177674334,3.9718324330223647,-0.07184930269546022,-130684884,21.582743289972008,19.27919813600684,125.36249974568686,116.7375005086263,121.05000012715657,2202142.7969419276,0.02374890064567714
2019-09-30,117.0999984741211,118.19999694824219,115.75,117.5,91.57484436035156,12045142,4.7664383335842135,0.003837113575036355,118.41500091552734,122.55700073242187,43.21888753778371,-1.6744545814344747,14.432036671151248,127.58908361156112,113.78591715137834,11.437113550743575,119.69631633770607,118.99585313342162,0.0038444847202883103,3.863129898395209,-0.15472631823235733,-118639742,25.55553294994213,21.7079652160747,124.94416618347168,116.69916725158691,120.8216667175293,4347565.693076508,0.020922262853689387
2019-10-01,118.0,118.9000015258789,116.25,117.05000305175781,91.22412109375,9718865,4.762601220009177,-0.003837113575036355,118.03000106811524,122.31600067138672,42.342302254042146,-1.6794678647395926,13.595603903099041,127.5201661652989,113.39483475022844,11.726402558073389,119.44428650094909,118.74762891466902,-0.003829761261635589,3.7764778717869016,-0.21172693257441197,-128358607,26.431721615119514,24.52333261834454,124.52916615804035,116.82416737874348,120.67666676839193,-1466451.1625597018,0.02245764004982124
2019-10-03,117.55000305175781,117.55000305175781,114.5999984741211,116.75,90.99031066894531,10477900,4.760034896549007,-0.0025663234601704943,117.45500106811524,122.11000061035156,41.73456305397916,-1.6881882832557267,13.442545279951242,127.55713814326597,113.26786261967348,11.866936969437328,119.187687786573,118.45073514036629,-0.0025630332672879064,3.7174440650618883,-0.1679536595491217,-138836507,23.788522565869915,25.258592376977173,124.30583330790202,116.78583361307781,120.54583346048992,-2584418.3715286897,0.02509574224628321
2019-10-04,117.30000305175781,120.5,116.5,117.4000015258789,91.49691772460938,20289650,4.765586920391261,0.005552023842254172,117.0250015258789,121.86000076293945,43.62264510940232,-1.6239299334959156,12.837306921821037,127.56490041904362,113.0551008016595,12.060343731837438,119.01743195222117,118.25607638426278,0.005567464889755014,3.737626631843182,-0.219911050665145,-118546857,29.515409026347967,26.578551069112454,124.31666666666665,116.72166697184245,120.51916681925456,7930729.515856404,0.03410059587325866
2019-10-07,117.44999694824219,117.94999694824219,114.69999694824219,115.94999694824219,90.36682891845703,14111765,4.753159037381939,-0.012427883009322294,116.63500137329102,121.56200057983398,40.47196825013321,-1.670748629381663,12.227277712761525,127.27673625122617,112.59326496947696,12.24285755369553,118.72529528517556,118.00692212297575,-0.01235097579889799,3.702796158140097,-0.2172018444528061,-132658622,16.740036580767068,23.34798939099497,123.58333358764648,116.6433334350586,120.11333351135254,-10997839.393736951,0.027671350229427495
2019-10-09,116.0,118.0,115.4000015258789,117.25,91.37999725341797,8413122,4.764308407326388,0.011149369944449816,116.75500106811523,121.24600051879882,44.35254983419947,-1.584686126253004,11.641200109066032,126.11154289719667,112.78345832350647,11.158110890212438,118.5847909723017,117.87762892668715,0.011211755808308466,3.6240248949958827,-0.2355019988837711,-124245500,28.19380950172317,24.816418369612723,123.0308334350586,116.28083343505857,119.65583343505857,3625443.051961543,0.022413779949319774
2019-10-10,117.19999694824219,117.5,116.3499984741211,117.25,91.37999725341797,6885340,4.764308407326388,0.0,116.96500091552734,120.95400039672852,44.35254983419947,-1.499199138032509,11.09698519134879,124.9101240536063,113.07487731968473,9.946212295418908,118.45766802255869,117.70714345208549,0.0,3.447308940058956,-0.21629141110656885,-117360160,28.19380950172317,24.375885194737794,122.47750027974448,115.88750012715657,119.18250020345052,1208481.0173205144,0.00981229996436578
2019-10-11,117.19999694824219,118.3499984741211,115.9000015258789,116.69999694824219,90.95134735107422,9176578,4.7596065131420575,-0.004701894184330868,116.94500045776367,120.69300033569336,42.97784326789596,-1.4590121498172692,10.383820505236494,124.02416732370125,113.18083374441397,9.142584288240641,118.2902707773857,117.57602815003808,-0.004690857584288333,3.3760723692149015,-0.2119803636654407,-126536738,23.347966984546947,26.57852866266442,121.99916648864746,115.53416709899902,118.76666679382325,-2961936.9306888976,0.020904411365506727
2019-10-14,116.55000305175781,118.1500015258789,116.19999694824219,117.75,91.76969146728516,12146203,4.768563732896527,0.008957219754469392,117.06500015258788,120.4720002746582,46.393831213461716,-1.3271387714478067,9.721596153846505,123.54242761381668,113.21257345429855,8.7261972189945,118.23881641763468,116.96050320749484,0.008997455691652778,3.2742103841021746,-0.16496924413045713,-114390535,49.00661180909727,33.51612943178912,121.66416664123535,115.31916694641113,118.49166679382324,7515054.501283631,0.016731055569091286
2019-10-15,117.0,119.80000305175781,117.0,119.4000015258789,93.05562591552734,7630007,4.782479213738057,0.013915480841530048,117.3,120.31400024414063,51.32816864845779,-1.0770710311002176,9.813131000441812,122.64321024503616,113.64679067049119,7.614727275540664,118.3494054755627,116.98490450468022,0.014012751812135127,3.240338431791863,-0.16791475151516513,-106760528,82.11385038699008,51.489476393544756,121.4283332824707,115.10833358764648,118.2683334350586,10898033.628739033,0.02393165001502404
2019-10-16,118.80000305175781,119.80000305175781,116.9000015258789,117.4000015258789,91.49691772460938,10206387,4.765586920391261,-0.016892293346796095,117.2900001525879,120.11800033569335,45.82235152844194,-1.0284188581087932,9.846705712266408,121.69833816522421,114.00666290289101,6.526526995590073,118.2589860517833,117.23718560331837,-0.01675041854640613,3.2160286527980806,-0.19343842381894946,-116966915,47.457666569682864,59.52604292192339,121.20583330790203,114.82583376566568,118.01583353678384,-9975838.123753656,0.02441078662780385
2019-10-17,117.69999694824219,119.19999694824219,116.94999694824219,118.69999694824219,92.51007080078125,10163035,4.776599275905784,0.011012355514522731,117.45499954223632,119.96100021362305,49.606247775453056,-0.8748778471935594,9.877882230389247,121.35196902775279,114.13303158259878,6.131122938992555,118.3009870895413,117.34783716625115,0.011073214697332912,3.1470266061696464,-0.15589197499623306,-106803880,69.49148158924126,66.35433284863805,121.02583312988281,114.68083343505859,117.8533332824707,5482653.276960654,0.01911639811672572
2019-10-18,118.80000305175781,121.5,118.4000015258789,121.05000305175781,94.3415756225586,16961782,4.796203708594788,0.019604432689004803,117.8849998474121,119.84500030517579,55.637982195348094,-0.5571471910998298,10.85196646570491,120.93625117720357,114.40374973832378,5.55154365043498,118.56279813356191,117.70575319236976,0.01979786153272034,3.143667453880464,-0.13330985724949646,-89842098,93.4783065401588,70.1424848996943,120.95333328247071,114.61833343505859,117.78583335876465,28401078.576654527,0.026094262579862998
2019-10-22,121.6500015258789,121.6500015258789,119.94999694824219,120.9000015258789,94.22467041015625,12091476,4.794963770241747,-0.001239938353041481,118.23499984741211,119.80100036621094,55.183946869907864,-0.3138295943318212,11.812484100266015,120.71227271760496,114.54772865568604,5.2406223122795375,118.7853889328302,117.95458027695756,-0.0012391699471065998,3.040548677005911,-0.12831427471478435,-101933574,89.36170673269427,84.11049828736476,120.85833371480305,114.63833325703938,117.74833348592122,8257866.292132728,0.013974554511411762
2019-10-23,120.25,121.69999694824219,120.25,121.05000305175781,94.3415756225586,6580501,4.796203708594788,0.001239938353041481,118.74500045776367,119.8020004272461,55.5743709020209,-0.10765381024880583,12.724218669725408,120.98235660153196,114.39764522952274,5.594962461369541,119.00106646796615,118.14658016175258,0.0012407073944229463,2.9269378392370737,-0.06234272881087168,-95353073,90.84515442005306,91.22838923096872,120.57333348592121,114.89833348592121,117.73583348592122,3410678.891409355,0.01205818667976871
2019-10-24,122.0,122.0,119.19999694824219,120.19999694824219,93.67911529541016,8009018,4.789156996712107,-0.007046711882681578,119.0400001525879,119.73900039672851,52.768984281386324,-0.012700006928625385,12.889427530883633,121.2723308117059,114.52267040899721,5.725024167404661,119.11525032323054,118.31529525206506,-0.007021942024670436,2.9178710687028406,-0.014197146422247536,-103362091,75.67563945138478,85.29416686804403,120.4975003560384,115.29749959309898,117.8974999745687,-3401583.1583078834,0.02295084468653945
2019-10-25,120.8499984741211,120.8499984741211,118.19999694824219,118.5,92.35419464111328,8505881,4.774912960575186,-0.014244036136920712,119.1650001525879,119.64800033569335,47.59429964321165,-0.07377356422210823,12.444476027808888,121.20189467464907,114.92810639346617,5.313842589085606,119.05665505435144,118.503820303232,-0.014143069812008413,2.898737529929702,-0.012123529288397702,-111867972,52.05481456398551,72.85853614514112,120.69500007629395,115.47499961853028,118.0849998474121,-10773842.214176765,0.02192802283275477
2019-10-27,119.0,119.0999984741211,118.55000305175781,118.80000305175781,92.58802795410156,312098,4.777441432616741,0.002528472041555041,119.37500076293945,119.53100036621093,48.55309651273623,-0.09685062561698032,12.031306774953768,121.26493313678223,115.05506808392089,5.255471412309152,119.03221200648538,118.56186203280187,0.0025316713228507037,2.73454188308623,-0.017016881147432508,-111555874,56.16444369195653,61.298299235775595,120.6433334350586,115.72333297729492,118.18333320617675,-3528860.5030939155,0.004621810271960346
2019-10-29,118.69999694824219,120.3499984741211,117.5999984741211,119.9000015258789,93.44530487060547,8581053,4.786658074759731,0.009216642142989784,119.59000091552734,119.45100036621093,52.019387063249496,-0.026078067513665815,12.28427734099714,121.42838481203263,115.22661625608261,5.241189518885342,119.11485862738,118.87636373469252,0.009259246177307334,2.7356460342943563,0.0705108007299721,-102974821,68.18183394503367,58.8003640669919,120.75416679382325,115.83416633605957,118.2941665649414,5116476.636536851,0.02316765013228355
2019-10-30,121.0,121.75,119.25,120.94999694824219,94.26364135742188,12119474,4.795377211824471,0.008719137064740146,119.74500045776367,119.5270002746582,55.12729388893849,0.11342802244257655,13.141996656110889,121.76479591349978,115.2802045442639,5.47119015943245,119.28963370555735,119.17213149439313,0.008757259457887967,2.718814174701902,0.11207018729608977,-90855347,82.78683091131265,69.04436951610094,120.89750022888184,116.00749931335449,118.45249977111817,10189087.026479488,0.02066115702479339
2019-10-31,121.5,124.19999694824219,120.80000305175781,122.4000015258789,95.39371490478516,16511583,4.807294382544557,0.01191717072008558,120.24500045776367,119.62300033569336,59.07013405288771,0.33710491937142706,14.819507795545219,122.38278495164361,115.15221565870796,6.0880032621353015,119.58585921225463,119.66944663218963,0.01198846311883095,2.7674698691149358,0.08031193185939027,-74343764,78.3132962035928,76.42732035331302,121.21083348592124,116.22583287556965,118.71833318074543,19357609.631512247,0.027983488859953703
2019-11-01,123.0,123.19999694824219,121.0999984741211,121.5,94.69229125976562,4170369,4.799914262780603,-0.007380119763953807,120.52500076293946,119.69700027465821,55.793206869382274,0.4367137064179616,16.37719671073424,122.70155102788728,115.27844927728852,6.238424860139238,119.76815833489705,119.92387503998543,-0.007352953551137187,2.71979334090109,0.08874502671535761,-78514133,66.25003814697266,75.78338842062603,121.40999984741211,116.47999954223633,118.94499969482422,3950310.9015186904,0.017073158326187755
2019-11-04,121.6500015258789,122.5999984741211,119.9000015258789,120.55000305175781,93.95187377929688,7894331,4.792064629942466,-0.007849632838136777,120.47500076293946,119.73000030517578,52.48353053573228,0.43399475217678685,16.996929387740305,122.80138282299502,115.55861778735654,6.077164807092171,119.84261973650284,120.22978042217103,-0.007818904923803993,2.718379312854026,0.04561373567781403,-86408464,50.0000522561597,64.8544622022417,121.63333282470703,116.7283332824707,119.18083305358887,-3682956.6051029004,0.022194795843613783
2019-11-05,120.19999694824219,121.5,119.55000305175781,120.5999984741211,93.99085998535156,6156847,4.79247927164069,0.00041464169822358343,120.44500045776367,119.78300033569336,52.64274533477109,0.43090694705182386,17.34088583947724,122.91513810304254,115.76486220213324,5.991516584353079,119.91475104484743,120.33417022307732,0.00041472767397454646,2.6634948582388946,0.11140023449200326,-80251617,50.68492148512006,55.64500396275079,121.65166600545248,116.95166676839192,119.3016663869222,-1022442.7575735664,0.016222936753333292
2019-11-06,120.0999984741211,121.75,119.94999694824219,120.6500015258789,94.02983093261719,5317553,4.792893804718193,0.00041453307750316526,120.40500030517578,119.83800033569337,52.813044366918426,0.4275659534667682,17.769442347686113,122.83161016911592,116.31839059382352,5.446974329511887,119.98477490018377,120.54386956804785,0.00041461900821282427,2.601816872061675,0.12857694657994242,-74934064,51.0345458984375,50.57317321323907,121.80833295186362,117.25333340962727,119.53083318074543,-163551.66726858146,0.01498753600855102
2019-11-07,121.1500015258789,121.19999694824219,119.0999984741211,119.55000305175781,93.17253112792969,6794239,4.783734719431375,-0.00915908528681797,120.34000091552734,119.93400039672852,48.666942399999975,0.33232665339514256,17.578942657419283,122.76759810150266,116.61240296661258,5.142614343241336,119.94336805747653,120.70168677967806,-0.009117268629997843,2.5659727007802045,0.08752660725149529,-81728303,29.545530734329393,43.754999372628966,121.9366662343343,117.43166669209799,119.68416646321616,-5036952.244298877,0.017333870802077638
2019-11-08,119.0999984741211,119.3499984741211,117.0,117.4000015258789,91.49691772460938,9771715,4.765586920391261,-0.018147799040113988,120.23000106811523,119.9120004272461,41.765391416506205,0.08241167659203086,16.485155725969886,122.75192041660245,116.64308080410069,5.103564887614249,119.70114267351485,120.51834579815355,-0.017984119372611684,2.5648320115643193,0.028400400197207906,-91500018,5.555579103079522,28.711885245282133,122.04083277384439,117.41583353678386,119.72833315531413,-15685118.855068823,0.019731305661030034
2019-11-11,118.94999694824219,121.75,117.75,118.25,92.15937042236328,22943443,4.772801027372043,0.0072141069807818425,120.17500076293945,119.87600036621093,45.08125967527135,-0.04652367398298907,16.28991820142046,122.59058262478166,116.95941890109725,4.701451628315742,119.56293860937058,120.25223932109424,0.0072401913379338545,2.6923439017469457,-0.046339340337869364,-68556575,17.361118469712352,17.48740943570708,122.23166631062824,117.45166676839192,119.84166653951009,7772888.075699918,0.033627575473923636
2019-11-13,117.9000015258789,119.25,117.55000305175781,118.30000305175781,92.1983413696289,12220298,4.77322379678111,0.0004227694090674916,120.01500091552734,119.77800048828125,45.27865457241895,-0.14302236703990445,15.996001008660517,122.54831121829454,117.05669061276015,4.5838947964922125,119.44265903245507,120.03598900430542,0.0004228587886496715,2.621461976496606,-0.09089888592586289,-56336277,18.055605594043982,13.657434388945276,122.26916605631509,117.51416727701823,119.89166666666668,2998330.820826568,0.014418973080920956
2019-11-14,118.5,119.1500015258789,117.55000305175781,118.55000305175781,92.39318084716797,5208393,4.775334838253783,0.0021110414726726034,119.7750015258789,119.75100051879883,46.31755945505907,-0.19705385171938872,15.723077901097714,122.55528242179187,116.9647195618507,4.668138621945207,119.35764417715058,119.94205493964182,0.0021132712895250982,2.548500297755498,-0.1138257630490221,-51127884,21.527829287986453,18.981517783914253,122.19333254496257,117.55833422342937,119.87583338419597,1867509.1069421894,0.013502096828026108
2019-11-15,118.55000305175781,118.8499984741211,116.94999694824219,117.3499984741211,91.45794677734375,4650424,4.76516090929423,-0.010173928959552825,119.27000122070312,119.63600051879882,42.17818699479681,-0.33286744446527905,15.100995140756606,122.56129758666377,116.95370409180303,4.682457011514096,119.1664398244811,119.91029511886671,-0.010122349614051118,2.5021789569071697,-0.0956481860971302,-55778308,5.517262425915948,15.03356576931545,122.12749900817872,117.59250068664551,119.85999984741211,-3097850.356320377,0.016027005288640806
2019-11-18,117.05000305175781,117.8499984741211,116.80000305175781,117.44999694824219,91.5358657836914,4727251,4.766012685121458,0.0008517758272281739,118.86500091552735,119.5520004272461,42.638238516291416,-0.42750365800336,14.429823691018411,122.64235611920844,116.74764555925836,4.924775904273128,119.00296907436311,119.8183510558548,0.0008521386912769824,2.3984515615826063,-0.12372489019559728,-51051057,8.783708548640524,11.94293342084763,122.02166557312012,117.60666770935059,119.81416664123535,-717471.5275818494,0.008970486074220678
2019-11-19,117.75,118.30000305175781,116.80000305175781,117.3499984741211,91.45794677734375,7577320,4.76516090929423,-0.0008517758272281739,118.54500045776368,119.54600036621093,42.2760010645508,-0.5047540892465179,14.062722899554291,122.55673719675656,116.46326402394658,5.098714033712574,118.8455433029115,119.71441794157265,-0.000851413169173254,2.3342764500409916,-0.21317410181003726,-58628377,7.432376702696684,7.244449225751041,121.79999898274738,117.54500096638999,119.6724999745687,-744304.1344787806,0.012738853503184714
2019-11-20,117.30000305175781,117.5999984741211,116.05000305175781,117.05000305175781,91.22412109375,10033434,4.762601220009177,-0.002559689285052791,118.19000091552735,119.49800048828125,41.14663595239327,-0.5834570067993781,13.223066739716225,122.47317431252247,116.16182706076853,5.28954027316492,118.67453946946829,119.39518979753657,-0.002556416073830947,2.278256376635441,-0.20691719187138727,-68661811,12.269947839241516,9.49534436352623,121.59583193461101,117.35583483378093,119.47583338419597,-2254757.558548998,0.013213941875852779
2019-11-21,117.4000015258789,117.4000015258789,114.80000305175781,115.30000305175781,89.86026000976562,15099980,4.74753745374299,-0.015063766266186995,117.65500106811524,119.33500061035156,35.23365745857406,-0.7780708936935099,12.865560362128656,122.53077140083079,115.52922997246023,5.882165326372288,118.35315504873395,118.54259429615334,-0.01495087530434469,2.3012379550272732,-0.2534066091072617,-83761791,5.952385277437684,8.551569939791952,121.3949988047282,117.04000155131023,119.21750017801921,-18368229.186182998,0.022146494380989992
2019-11-22,116.94999694824219,119.19999694824219,116.94999694824219,117.80000305175781,91.80866241455078,13934099,4.768988297123749,0.021450843380758755,117.48000106811523,119.15100067138673,46.95998999852303,-0.7222490570015339,12.423162517554687,122.40665603231378,115.41334595132881,5.881179062025215,118.3004739061648,118.37684541116478,0.021682566642064582,2.4154348079884946,-0.25130440816747474,-69827692,38.46156103372488,18.894631383468013,121.24333203633626,116.94333508809407,119.09333356221516,17100755.27127233,0.019238991523837047
2019-11-25,118.0,118.4000015258789,117.0999984741211,118.0999984741211,92.0424575805664,10863475,4.771531710283089,0.0025434131593398135,117.55000076293945,118.98600067138672,48.172628408648926,-0.6463519825158528,12.012364519021714,122.40035661161737,115.37964521943731,5.905216030041378,118.28138100787493,118.18185466094313,0.002546650378535853,2.3357611111148744,-0.1808723390236276,-58964217,47.48196937263297,30.631971894598497,121.1099988301595,116.94500172932945,119.02750027974449,7872913.604396076,0.011016975014896716
2019-11-26,118.0999984741211,118.9000015258789,116.19999694824219,116.6500015258789,90.91238403320312,14426269,4.759178011548269,-0.012353698734819396,117.39000091552734,118.82900070190429,43.04952385583846,-0.695191900285522,11.24078222797395,122.4264371144017,115.13856456406509,6.135476605430626,118.12601153339912,117.98666131318299,-0.012277705054838939,2.3617785015807202,-0.21623004652017233,-73390486,26.618694769196992,37.520741725184934,121.1391658782959,116.75916786193848,118.94916687011718,-11321059.481548555,0.022862020427784874
2019-11-27,116.80000305175781,117.30000305175781,115.44999694824219,115.75,90.21097564697266,5455521,4.751432692966343,-0.007745318581926064,117.13500061035157,118.6990007019043,40.19234724171114,-0.7973293718243468,10.963145828630148,122.40847140478597,114.74153012109294,6.4659002608999625,117.89972472069444,117.81408332765409,-0.007715400892465807,2.325223330290356,-0.26797048997447287,-78846007,13.669026840111972,29.256563660647302,120.93833287556966,116.64833424886066,118.79333356221517,-7047004.643492463,0.01583909293817251
2019-11-28,116.1500015258789,116.25,115.05000305175781,115.55000305175781,90.05510711669922,10014250,4.749703363131101,-0.0017293298352418773,116.83500061035156,118.5290007019043,39.56395154521155,-0.8842194052621295,10.933558374831781,122.19163182952913,114.41837030670133,6.570526564935548,117.67594170460524,117.56554041396275,-0.0017278354059799828,2.2448500172869155,-0.3020114270306366,-88860257,10.791371644986004,17.026364418098314,120.62166620890298,116.4616678873698,118.5416670481364,-3684214.5071203723,0.010331441519394394
2019-11-29,116.0,117.5999984741211,115.5,116.3499984741211,90.67858123779297,7014266,4.756602876633742,0.0068995135026401755,116.73500061035156,118.39100067138672,43.377487004708,-0.878401769217021,10.278633807553334,121.48825400273734,114.51674782831736,5.907930866152199,117.54966139694008,117.48908815828162,0.006923369980396554,2.2345034784893567,-0.3195565373496241,-81845991,22.302102200998956,15.587500228698966,120.25749969482422,116.22750091552734,118.24250030517578,2512848.9584521446,0.018103435121733565
2019-12-02,115.75,116.30000305175781,115.0999984741211,115.30000305175781,89.86026000976562,6609154,4.74753745374299,-0.009065422890751407,116.52000122070312,118.2790007019043,39.825453562841965,-0.9475938342794166,9.667885608202853,120.97583381624939,114.40916831998108,5.579510535227573,117.33540822120844,117.07365177667546,-0.009024455832690181,2.164181801454403,-0.32515381928845183,-88455145,11.235962761671267,14.776478869218735,119.89416681925456,115.95416742960613,117.92416712443034,-3788771.310978598,0.010367210173967332
2019-12-03,115.0999984741211,115.80000305175781,114.4000015258789,114.55000305175781,89.2757339477539,6614178,4.741011435540777,-0.006526018202213102,116.2400016784668,118.12000076293945,37.465503710357794,-1.050834411359304,9.527217449496993,120.67309082823887,114.1119113079916,5.589095947823992,117.07013153840361,116.82765482562779,-0.006504769992619397,2.109597496056153,-0.3333495105280356,-95069323,3.1250347694092775,12.221033244026492,119.52416712443035,115.71416727701822,117.61916720072426,-4570012.770326199,0.012163349647599521
2019-12-04,115.05000305175781,115.30000305175781,114.0,114.80000305175781,89.47057342529297,4444594,4.743191510468722,0.0021800749279448084,116.0150016784668,117.98200088500977,38.76802179799976,-1.0998025625032568,9.634205650309982,120.21898504896664,113.98601754502751,5.3226595802005905,116.85392882538973,116.681663150426,0.00218245301911546,2.0517693214634143,-0.3334511882728873,-90624729,15.384683101174634,9.915226877418384,119.19916750590005,115.4541670481364,117.32666727701823,-782571.9234420665,0.011299461254016457
2019-12-05,114.75,115.25,113.8499984741211,114.0999984741211,88.92501831054688,2537275,4.737075243494858,-0.006116266973863915,115.89500122070312,117.86700088500976,36.47700221592597,-1.181475381558542,9.824724498650292,119.70237174650285,113.8476305423155,5.013693981425969,116.59164974431653,116.59282938012902,-0.006097600688399929,2.0052144789216637,-0.34105889330226147,-93162004,4.672898529023794,7.727538799869225,118.86000073750813,115.15500043233237,117.00750058492027,-1444926.7176294925,0.012200449027267158
2019-12-06,114.69999694824219,114.69999694824219,112.19999694824219,112.6500015258789,87.79495239257812,3836996,4.724285680423561,-0.012789563071296861,115.38000106811523,117.79900085449219,32.22841101416378,-1.3476692227686584,10.911545164564505,119.5853767485768,113.27462538765366,5.420210687133087,116.21625467589391,116.45151387596133,-0.012708124168564816,2.0405563018558306,-0.3387095975920957,-96999000,6.428636823381696,8.828739484526698,118.54166742960612,114.79666697184243,116.66916720072427,-4190730.5661548176,0.021795990117838563
2019-12-09,113.19999694824219,113.19999694824219,111.5,112.69999694824219,87.83390808105469,7866941,4.7247293939671335,0.00044371354357242154,114.84000091552734,117.75000076293945,32.52025254268101,-1.4585317800778625,12.253951690588792,119.70639674738615,112.68360493108065,6.0439707092237,115.88137298754613,116.1216876091594,0.00044381199898868573,2.0162306337405704,-0.2873724827031425,-89132059,15.584382127789437,8.895305826731633,118.23666725158691,114.55666694641113,116.39666709899902,-1134702.830050263,0.015017641290392153
2019-12-10,112.5,113.1500015258789,109.69999694824219,110.0,85.7296371459961,18958648,4.700480365792417,-0.02424902817471697,114.17500076293945,117.61200073242188,26.006886324729393,-1.744152836176184,14.238594448775368,120.08137034100501,111.48363133746177,7.425767228401288,115.32124222682745,115.29257587781504,-0.023957382620712675,2.1186430583045808,-0.28504234898193415,-108090707,3.1579268606085527,8.390315270593218,117.79416745503745,114.16916669209797,115.9816670735677,-34503762.10521532,0.030666707356770833
2019-12-11,110.5,113.80000305175781,110.0999984741211,113.0,88.06773376464844,8746687,4.727387818712341,0.026907452919924246,113.90000076293946,117.54100067138671,40.31173340000562,-1.7087373919662951,15.540553651883588,119.81637000029411,111.2186313729969,7.442801805952824,115.10017153855817,115.0095234608988,0.027272727272727337,2.2387402006940973,-0.2529471659751995,-99344020,34.7368742290296,17.826394405809186,117.59083442687988,113.76583290100098,115.67833366394044,5992119.964928227,0.03348420432250424
2019-12-12,113.55000305175781,114.94999694824219,113.19999694824219,114.44999694824219,89.1977767944336,3850652,4.740138019734025,0.012750201021684227,113.7900001525879,117.4890005493164,45.76894149190203,-1.5458481860507334,15.865686638904265,119.39917086032654,111.22582990261293,7.087992135002763,115.03825014900427,114.60899316549843,0.01283183140037325,2.2181156826618182,-0.25291883767469336,-95493368,51.63040909290691,29.841736727515013,117.38750089009602,113.54749921162923,115.46750005086263,5719662.420804527,0.015411712487601814
2019-12-13,115.05000305175781,116.1500015258789,114.5,115.6500015258789,90.13301849365234,4293299,4.750568401871386,0.01043038213736125,113.72000045776367,117.45200057983398,49.855044370308185,-1.3048850733874389,15.352701916975972,119.21052418644825,111.24447688166697,6.913321271276532,115.0965121848971,114.3046949674878,0.010484968192523425,2.181107746588597,-0.22719557293387313,-91200069,64.67393062064265,50.347071314193045,117.26083437601724,113.44583269755046,115.35333353678386,5341206.4423769405,0.014341603495104787
2019-12-16,116.19999694824219,116.30000305175781,114.5999984741211,114.94999694824219,89.58747863769531,3659151,4.7444972246606225,-0.0060711772107637785,113.68499984741212,117.41000045776367,47.601904240504616,-1.157066645746056,14.778335615360287,118.95340705088178,111.25159401723344,6.691264740481855,115.08255835283472,113.8903380873078,-0.006052784854309601,2.146743234520606,-0.24842511585700944,-94859220,66.45568336666767,60.92000769340573,117.18916816711426,113.30916557312011,115.2491668701172,72787.18061632896,0.014629988143579168
2019-12-17,114.94999694824219,115.94999694824219,113.5999984741211,115.55000305175781,90.05510711669922,6241009,4.749703363131101,0.005206138470478905,113.78499984741211,117.38600051879882,49.70028405378322,-0.9802048079033199,14.795286327025126,118.7309525198761,111.29404900600281,6.466169733324925,115.1270768955893,113.8345214245889,0.005219713957763661,2.161261465920641,-0.21313552779571834,-88618211,74.05069586824908,68.39343661851979,117.10916798909504,113.1441655476888,115.12666676839191,2520691.3882694077,0.020443658429840698
2019-12-18,115.0,116.25,113.80000305175781,114.1500015258789,88.96398162841797,8626400,4.737513386343118,-0.01218997678798317,113.71999969482422,117.32100051879883,45.15622708065365,-0.942148449174681,14.59618117019087,118.48154015122836,111.25346122206267,6.292536083712341,115.03402209847403,113.7263389456077,-0.012115979999168025,2.1818854289436085,-0.2706155578912022,-97244611,56.32916098888523,65.61184674126731,117.04583473205567,112.99083213806152,115.0183334350586,-7211084.979138062,0.0213043212890625
2019-12-19,114.0,114.4000015258789,112.8499984741211,114.05000305175781,88.88604736328125,5995825,4.736636975488466,-0.0008764108546523985,113.71500015258789,117.28300064086915,44.840865754267114,-0.9095725654946563,14.92592954624476,118.4301772435881,111.17982412970292,6.315363503785569,114.94030599878677,113.51940013557464,-0.0008760269188294867,2.1367509734303374,-0.20491841962547067,-103240436,65.90912243548544,65.42965976420658,116.89000155131023,112.93999849955239,114.9150000254313,-2803410.5604440924,0.013596517997875548
2019-12-20,114.05000305175781,115.4000015258789,113.80000305175781,114.69999694824219,89.39263153076172,5813877,4.7423199975288926,0.0056830220404266996,113.91999969482421,117.23200057983398,47.4117362853813,-0.8218332852224393,14.508879601903303,118.00469887972525,111.2953018832142,5.852068882849707,114.91741942254443,113.44229027832722,0.0056992010442069585,2.098411509193963,-0.18799391915388358,-97426559,75.75750569892125,65.99859637443063,116.69000155131023,112.80499865214031,114.74750010172527,1584852.8564592283,0.014028920923351378
2019-12-23,114.19999694824219,115.4000015258789,113.80000305175781,114.5999984741211,89.31468963623047,13980109,4.741447790965815,-0.0008722065630779596,114.10999984741211,117.17900054931641,47.048426872681375,-0.7517031486402175,14.12161893930052,117.43329460018532,111.51670616275413,5.168454612548676,114.88718885602792,113.5073689067381,-0.0008718263014969585,2.0628105781173294,-0.2233241811366716,-111406668,74.24237870429882,71.96966894623516,116.54166806538899,112.62666562398275,114.58416684468587,-403708.7598779703,0.014010494893850534
2019-12-24,114.5,115.80000305175781,114.5,115.19999694824219,89.7823257446289,7929835,4.746669721770838,0.0052219308050229785,114.62999954223633,117.14900054931641,49.5466008313372,-0.6403283411471534,13.466637617686715,117.21132153538612,111.59367876978966,4.910419578334173,114.91698010290546,113.58414671080172,0.005235588849127115,2.008324326234507,-0.16172916931080644,-103476833,83.33325626881337,77.77771355734447,116.3675013224284,112.59249903361001,114.4800001780192,3037356.3467287053,0.011353738443299672
2019-12-26,115.1500015258789,118.30000305175781,114.0,116.4000015258789,90.7175521850586,12763347,4.757032548406262,0.01036282663542476,114.96999969482422,117.12200057983398,54.20054880559723,-0.45004482662007206,13.674965313798937,117.31945922844012,111.55054122932354,5.041218147925154,115.05822023842673,113.86614460709694,0.01041670667904504,2.172015663771886,-0.11932398184132059,-90713486,77.90697468107379,78.49420321806198,116.49333457946777,112.4733325958252,114.48333358764648,11223168.666220156,0.03734262262073376
2019-12-27,116.30000305175781,117.19999694824219,115.75,116.8499984741211,91.0682601928711,4474934,4.7608910479264255,0.00385849952016315,115.2099998474121,117.07100051879883,55.84536999485127,-0.2599363925681928,13.868412460188859,117.53661009763331,111.46338990236669,5.3041224412808985,115.22886578468334,113.99736079007573,0.0038659531129141556,2.1204428983769072,-0.09629099882490057,-86238552,83.13949362147585,81.45990819045433,116.55500106811523,112.50999908447265,114.53250007629394,5083527.317796856,0.012467729236403245
2019-12-30,116.8499984741211,117.6500015258789,116.3499984741211,116.55000305175781,90.8344497680664,4193724,4.758320391665874,-0.0025706562605511962,115.3,117.05400054931641,54.441653296156495,-0.1319600589261256,14.291187417389262,117.57212440963139,111.44787604813229,5.348221421061909,115.35468838154758,114.21653024801849,-0.0025673549531942674,2.061840052189829,-0.10929227640612149,-90432276,79.65117723248345,80.23254851167769,116.53333473205566,112.56833229064941,114.55083351135254,855777.104162266,0.011125400673802539
2019-12-31,116.55000305175781,119.69999694824219,116.3499984741211,119.05000305175781,92.7828598022461,12438719,4.779543598567124,0.021223206901249903,115.71000061035156,117.06100067138672,62.82714093415562,0.16924031710600218,15.637563171016145,118.33528578229823,111.05971467546544,6.343269114247647,115.70662311204379,115.31888984545091,0.02145002088837189,2.153851368042062,-0.023359566653975653,-77993557,93.2292291687694,85.33996667424289,116.78083432515461,112.60083249409993,114.69083340962727,21016457.36805409,0.028743014898364422
2020-01-01,119.05000305175781,122.0,118.25,121.55000305175781,94.73125457763672,9953746,4.800325725869148,0.020782127302023667,116.31000061035157,117.07100067138671,68.97657079501275,0.6027250525487773,17.687498524160006,119.75180587761444,110.34319458014922,8.178023232792732,116.26313548725464,116.07667329286197,0.020999579470091234,2.2678619846104864,0.061894241765351854,-68039811,95.082001385798,89.32080259568359,117.1825008392334,112.7674991607666,114.975,23595062.45601803,0.03149936920513695
2020-01-02,121.5,122.1500015258789,120.5999984741211,121.4000015258789,94.61434936523438,8731299,4.799090891194417,-0.0012348346747312888,117.03500061035156,117.08100067138672,68.247057568004,0.9235152500187382,19.637229148144606,120.83217662450137,109.9228236806744,9.455355619075858,116.75236082426647,116.5676246008484,-0.0012340725801136543,2.216586346549581,0.055377885884711445,-76771110,91.93548651730559,93.41557235729097,117.52916742960613,113.08916575113933,115.30916659037273,6991882.036736032,0.012757226763438786
2020-01-03,121.0,121.3499984741211,119.0999984741211,119.3499984741211,93.01664733886719,7392962,4.78206033999993,-0.0170305511944866,117.56500015258788,117.04700057983399,59.054651583373506,1.0007892040214301,20.29549315108496,121.32397911881095,109.95602118636482,9.830472083574907,116.99975488615739,116.83280940752759,-0.016886351120191767,2.2225446826358835,0.027910446564314125,-84164072,69.89245018335151,85.63664602881835,117.84833399454753,113.32333246866861,115.58583323160806,-7773102.428774349,0.01859504132231405
2020-01-06,119.0,119.1500015258789,116.5,118.9000015258789,92.66594696044922,6596841,4.778282816530032,-0.0037775234698980142,117.98500061035156,117.02100067138672,57.232324236157204,1.0140292780495486,19.32397444715605,121.63180427560275,110.27319602957303,9.795914905743592,117.18073075660706,116.95943699766669,-0.003770397603647724,2.2673628105991126,0.0754821930617568,-90760913,65.05377490832424,75.62723720299378,118.10583419799805,113.56583251953126,115.83583335876465,-4570073.021617411,0.022268920385537027
2020-01-07,119.25,121.55000305175781,119.25,120.55000305175781,93.95187377929688,8959942,4.792064629942466,0.013781813412434119,118.58000106811524,117.06200073242188,61.877604527674045,1.1444707195599335,19.394853713573138,122.15446863705174,110.53553227847561,9.986622813924956,117.5016138323357,117.32681519576333,0.01387722039280015,2.294694147404812,0.06232136917599753,-81800971,82.79572097754662,72.58064868974078,118.53500137329101,113.93499908447265,116.23500022888183,8332587.640651861,0.01928723733130241
2020-01-08,119.69999694824219,120.75,117.55000305175781,119.94999694824219,93.48426055908203,6372683,4.7870749638437875,-0.004989666098678569,119.05500106811523,117.08500061035156,59.35299108175821,1.185762294029118,18.59948931914306,122.06813805677399,111.61686255357756,8.944755098443805,117.73479317670775,117.63556109266018,-0.004977238393416017,2.3593586331789105,0.1923227479001257,-88173654,76.34404456221236,74.73118014936107,118.94583435058594,114.37083282470704,116.65833358764648,228430.0830371119,0.02673347560422958
2020-01-09,120.5,121.19999694824219,118.9000015258789,119.3499984741211,93.01664733886719,8309627,4.78206033999993,-0.005014623843857535,119.35000076293946,117.07400054931641,56.85489895009327,1.1567371559308697,18.042925172834412,122.18081817012533,112.13918228763835,8.5708739013911,117.88862225265188,117.98600462295856,-0.005002071608055103,2.355118403834937,0.12632160433650252,-96483281,66.46702319244991,75.2022629107363,119.25166714986167,114.81666653951008,117.03416684468587,-3247698.9859979236,0.01908709894077412
2020-01-10,119.94999694824219,121.80000305175781,119.05000305175781,120.30000305175781,93.75704193115234,5588344,4.789988648348528,0.007928308348597923,119.69500122070312,117.06100067138672,59.74396253631158,1.1965983142587504,17.77043614369321,122.48931372042051,112.41568734769473,8.576766204994282,118.11827756685244,118.2654694599917,0.007959820609823476,2.3833242321324417,0.11071048109653625,-90894937,77.84432560251669,73.55179778572631,119.6108341217041,115.07583351135254,117.34333381652831,2456735.2589398194,0.022926219841311133
2020-01-13,120.4000015258789,122.0,120.0999984741211,121.75,94.88711547851562,3534313,4.801969761962699,0.01198111361417098,120.21500091552734,117.04800064086913,63.735443432212996,1.3298613907086576,17.60060458002308,123.05290290304903,112.46209801247831,8.993741247394556,118.46415589381888,118.84276841244622,0.012053174658843036,2.348801181685761,0.11728859448195873,-87360624,95.09200673633285,79.80111851043314,119.91583404541015,115.3558334350586,117.63583374023438,4235407.1290684,0.015780743370426932
2020-01-14,121.75,124.0,121.3499984741211,123.5,96.2509994506836,8631692,4.816241156068032,0.01427139410533318,120.66000061035156,117.08800064086914,67.87540522731601,1.5587158079761423,18.213931219722983,123.87086963302569,112.49913158767744,9.621980781503863,118.94376009440757,119.44126696160338,0.014373716632443578,2.3703154919852714,0.16164888262604077,-78728932,95.0,89.3121107796165,120.34666722615562,115.69166692097981,118.0191670735677,11482109.709689466,0.021765926290586497
2020-01-15,123.0,125.0,122.3499984741211,123.8499984741211,96.52377319335938,6537916,4.819071143614989,0.002829987546957291,120.89000015258789,117.15400054931641,68.64633542147669,1.7481746649335292,19.12236622540734,124.65557674011936,112.5444240228201,10.211764484270212,119.41102089247552,120.11967163690592,0.0028339957418712647,2.390293065834817,0.14060046593376582,-72191016,87.56755107157939,92.55318593597075,120.79666735331219,116.11166674296062,118.4541670481364,5352876.985851079,0.021544727852674035
2020-01-16,123.4000015258789,123.4000015258789,120.94999694824219,121.44999694824219,94.65331268310547,8806007,4.799502630320492,-0.01956851329449716,120.89499969482422,117.17100051879883,58.312347027180174,1.6852357597453107,19.139595285553575,124.77887182531528,113.1511284798605,9.774087614458622,119.60520908826282,120.41879528469163,-0.019378292736760838,2.426700812980823,0.14649033962229904,-80997023,58.95950953144942,80.50902020100959,121.15666758219402,116.47166620890297,118.81416689554848,-12305327.829316525,0.01985416975155316
2020-01-17,121.44999694824219,121.69999694824219,120.5999984741211,121.19999694824219,94.45848083496094,6811534,4.797442048455694,-0.0020605818647982943,121.07999954223632,117.1820004272461,57.34395451044992,1.5967766658258284,18.95749325474645,124.7499746317688,113.89502506305541,9.097152324661764,119.7570936463561,120.60340446716073,-0.002058460323441147,2.3319363602051277,0.12882276719974067,-87808557,56.06933663087761,67.53213241130213,121.50416717529296,116.86416625976562,119.1841667175293,-5237031.609772176,0.00905721285929612
2020-01-20,121.0,121.75,117.80000305175781,118.25,92.15937042236328,10655638,4.772801027372043,-0.024641021083651182,121.01499938964844,117.15600036621093,47.35114460380094,1.2739468309484892,17.807385265105996,124.52871771847711,114.47128228152289,8.416263963978428,119.61356091813171,120.73044463229918,-0.024339909426746686,2.4475121164934888,0.0699390703774112,-98464195,20.58823529411765,45.205693818814886,121.853333791097,116.97833302815755,119.41583340962727,-22701743.59097305,0.032644602878034605
2020-01-21,118.4000015258789,119.55000305175781,116.94999694824219,117.1500015258789,91.30207061767578,5150830,4.763455177978806,-0.00934584939323635,120.67499923706055,117.15100036621094,44.254358324341766,0.9187503945084643,17.098226587391757,124.2670553372405,114.98794496793526,7.7566699608948655,119.37893621410763,120.59950194253246,-0.009302312677556768,2.4584045441379274,0.045621938015708914,-103615025,7.647076775045956,28.101549566680394,122.0675008138021,117.09249928792318,119.58000005086262,-11344517.957295787,0.021959510726419516
2020-01-22,114.94999694824219,115.75,111.5,112.1500015258789,87.40526580810547,19388739,4.719837274571914,-0.043617903406892644,119.89499969482422,117.02900039672852,33.522409658416805,0.23113209935449675,18.1709636868166,124.83172398907367,114.11827677386579,8.967103729651468,118.69046624380013,119.2547494312132,-0.04268032381455389,2.6863757571194258,-0.0426502440977531,-123003764,4.814826117621528,11.016712728928368,122.11333401997884,116.84333279927573,119.4783334096273,-68410635.98576526,0.036972597762778725
2020-01-23,112.5999984741211,114.44999694824219,112.30000305175781,113.5,88.45740509033203,22793170,4.7318028369214575,0.011965562349543823,119.30999984741212,116.93300033569336,37.901195778405565,-0.20254198124199263,19.167076707711093,125.14888250359638,113.51111810675519,9.752588927410251,118.19613612534297,118.17711495232977,0.012037436074484376,2.658777161779701,-0.033558199379325436,-100210594,14.814814814814815,9.092239235827423,121.8650001525879,116.80999984741212,119.3375,-2289715.5149999633,0.01909408459697723
2020-01-24,114.0,116.30000305175781,113.55000305175781,114.75,89.43160247802734,9898052,4.7427558489406545,0.010953012019196962,118.75499954223633,116.8570002746582,41.728525601427094,-0.4402918508689595,19.206312312697282,125.28969236423836,113.16030839870109,10.173523947769644,117.86793268483412,117.92750771576307,0.011013215859030812,2.668864725349566,-0.05232715713579939,-90312542,24.074074074074073,14.567905002170129,121.84333381652831,116.65833320617676,119.25083351135254,7485138.161666678,0.02412280701754386
2020-01-27,115.0,115.30000305175781,112.5999984741211,113.1500015258789,88.18463134765625,5597365,4.728714385564999,-0.014041463375655816,117.89499969482422,116.77300033569335,38.460941306823976,-0.7491807512089537,19.52570871170311,125.58300833354026,112.5269922768113,10.966373544380536,117.41860590779076,117.56555369771681,-0.013943341822406086,2.6710890005129335,-0.05419473831913396,-95909907,12.222233525028935,17.037040804639265,121.75500055948892,116.42999979654948,119.09250017801921,-3475470.9188436507,0.023478300675101902
2020-01-28,113.75,113.75,110.9000015258789,112.05000305175781,87.32733154296875,12128081,4.718945227482615,-0.009769158082383989,116.75,116.66500045776367,36.35330873168024,-1.0703992180580997,20.295671984891072,125.91186377883488,111.49813683151669,12.14247665242601,116.90731039769238,116.99419159064232,-0.009721594867760697,2.6838682486278023,-0.1090186876862058,-108037988,8.156040073263839,14.81744922412227,121.42333399454753,116.14833323160808,118.78583361307781,-10052404.035625901,0.025054931640625
2020-01-29,112.0999984741211,114.9000015258789,111.75,113.19999694824219,88.22359466552734,18501507,4.729156138810091,0.010210911327476424,115.68499984741212,116.5820004272461,40.05191774566108,-1.218130421504597,20.456882738513634,125.74966184326179,110.8253381567382,12.616991386683797,116.55423292631617,116.35464050613548,0.010263220572632958,2.7171634827171665,-0.15157114470392166,-89536481,16.31202603734075,12.230099878544499,121.02750066121419,115.81249974568686,118.42000020345054,10833612.07196666,0.028099924788189016
2020-01-30,113.44999694824219,114.80000305175781,112.05000305175781,113.6500015258789,88.57430267333984,18545239,4.733123563724676,0.003967424914584683,114.90500030517578,116.51400039672852,41.484886509617205,-1.2840946126383415,20.60657843830601,125.47937857906622,110.32062142093379,12.857300388577125,116.27763945960785,115.87398283107636,0.003975305563324927,2.719508948237369,-0.13038990913800474,-70991242,19.503548209932823,14.657204773512461,120.69333394368489,115.35833333333332,118.02583363850911,9174832.31956689,0.02423975384727949
2020-01-31,113.75,115.25,111.5,112.8499984741211,87.95082092285156,64518347,4.7260594897422425,-0.00706407398243325,114.07000045776367,116.46500030517578,39.66946623417016,-1.3849603093917437,20.92230671009256,125.43022015045365,109.71977984954636,13.362058516612624,115.95119746099007,114.9947586559008,-0.007039182059101368,2.7931154519346997,-0.14930186076852664,-135509589,13.829767087004868,16.54844711142614,120.43166732788086,114.9466667175293,117.68916702270508,-31351638.889724035,0.03296703296703297
2020-02-03,109.44999694824219,111.6500015258789,107.19999694824219,110.25,85.92447662353516,14889516,4.702750514326955,-0.023308975415287314,113.27000045776367,116.31400024414063,34.400576301816585,-1.655610402397457,22.350582356205965,125.58857934195686,108.69642050545525,14.420179565489324,115.40822627422911,114.33691228584374,-0.02303941966571965,2.997178742930714,-0.14400558791151777,-150399105,17.134845667661917,16.822720321533193,120.09750073750813,114.43249982198081,117.26500027974448,-36259025.550175756,0.04065787758533316
2020-02-04,110.3499984741211,112.30000305175781,110.25,112.0,87.28836059570312,9743806,4.718498871295094,0.01574835696813892,112.75500030517578,116.1920002746582,40.16151189935856,-1.7091897014486648,23.341106694288275,125.29241649161601,108.13758305062031,14.698053784549439,115.0836332957311,113.94596223922386,0.015873015873015817,2.929523336418364,-0.12209843611257196,-140655299,29.629640095188442,20.198084283285066,119.63833401997886,113.99833310445149,116.81833356221516,-718568.1833919212,0.018577282103348396
2020-02-05,111.30000305175781,112.5999984741211,110.5,111.19999694824219,86.66486358642578,10671590,4.711330354372617,-0.00716851692247733,112.65999984741211,116.08300018310547,38.49710559236983,-1.795507746697993,24.102206069825602,125.04085885751546,107.51414068472086,15.073181146218639,114.71376316739882,113.52226671119274,-0.00714288439069477,2.8702715605399876,-0.14507083668688517,-151326889,27.49140316858389,24.75196297714474,119.18416735331216,113.65416628519695,116.41916681925457,-5931059.10586941,0.018867910301354908
2020-02-06,110.5,112.5,110.5,112.0,87.28836059570312,11852617,4.718498871295094,0.00716851692247733,112.5099998474121,116.00800018310547,41.124750891236076,-1.7788563108220785,24.80894120425312,124.74332248976128,107.07667720506294,15.241692095552864,114.45530953240846,113.2062065900206,0.0071942722456204145,2.8081093062157025,-0.10314346644175684,-139474272,32.989704776576765,30.036916013449687,118.76166763305665,113.26166610717773,116.01166687011718,4344400.145587882,0.01809954751131222
2020-02-07,112.4000015258789,116.25,112.30000305175781,115.5999984741211,90.09406280517578,18446803,4.750135943038632,0.03163707174353814,112.59499969482422,116.00900009155274,51.22368480631576,-1.4583590818062504,23.635060900537614,124.27566720988597,107.07433202717459,14.87040003409332,114.56432752685728,113.05457082216925,0.03214284351893837,2.9111014986288666,-0.053649057038977,-121027469,68.01617307288384,42.832427006014825,118.53833401997886,112.9183327992757,115.72833340962727,45720441.81680423,0.03514232112650588
2020-02-10,115.80000305175781,115.9000015258789,112.05000305175781,113.5,88.45740509033203,31637511,4.7318028369214575,-0.018333106117174758,112.62999954223633,115.95200012207032,46.24091796734402,-1.3581590332843518,22.633658478075063,123.4390426996952,107.08595653736535,14.187690026202441,114.46296300048992,113.05173672497786,-0.018166077005539183,2.9781655683068826,-0.08189478112180071,-152664980,69.23075633239321,56.745544727284596,118.26250063578289,112.44749972025554,115.35500017801921,-29052335.944391467,0.033246963494468165
2020-02-11,114.5,117.55000305175781,114.0999984741211,116.8499984741211,91.0682601928711,20937033,4.7608910479264255,0.029088211004967945,113.10999908447266,115.98300003051757,53.93840604653309,-0.9969407804294974,21.017618004687517,122.23386013589237,107.62613894858029,12.710102884794495,114.69029971226432,113.28728297806694,0.02951540505833572,3.054725388553378,-0.057241912716881525,-131727947,93.23667473588304,76.82786804705336,117.9633341471354,112.0683329264323,115.01583353678386,37075240.42028484,0.030131044346172215
2020-02-12,117.0,118.9000015258789,116.4000015258789,116.80000305175781,91.029296875,13679292,4.76046309652219,-0.00042795140423557143,113.46999969482422,116.02800003051757,53.814564226950225,-0.7065621170943786,20.029883170286503,120.71227455534357,108.44272498689277,10.708515714656583,114.89122383983513,113.48975262097679,-0.00042785984609450267,3.015102146513851,-0.0863963483105371,-145407239,82.05130211542813,81.50624439456811,117.63750089009602,111.75749982198079,114.6975003560384,11902478.819314511,0.021367521367521368
2020-02-13,116.80000305175781,117.0999984741211,114.69999694824219,115.1500015258789,89.74335479736328,20903696,4.746235639517922,-0.014227457004268196,113.61999969482422,116.035,49.75443546826321,-0.6026295297413071,18.7650847607596,119.54055555028319,108.98444444971682,9.238473777981724,114.91586933374406,113.60564333145197,-0.014126725023694942,2.971166387897069,-0.1060295329105431,-166310935,67.94873048880925,81.0789024467068,117.32083409627278,111.44583333333335,114.38333371480307,-19026593.92456769,0.02054795773263284
2020-02-14,114.80000305175781,115.5,111.9000015258789,112.69999694824219,87.83390808105469,23827224,4.7247293939671335,-0.021506245550788172,113.60499954223633,116.00699996948242,44.39805787062573,-0.7097752520568861,18.53947284443626,118.07989092586384,109.59510907413618,7.45341548411346,114.70483386845817,113.58452930405377,-0.021276635216423312,3.0160829654844994,-0.13916197802499616,-190138159,47.0085286164131,65.66952040688348,117.05583419799805,110.93083343505859,113.99333381652832,-45260069.88977289,0.031358870892172604
2020-02-17,113.0999984741211,113.75,109.19999694824219,110.30000305175781,85.96347045898438,22137354,4.703203953927251,-0.021525440039882326,113.60999984741211,115.96,39.86998526445919,-0.9770852284959801,19.07595988566067,117.43682413355648,109.44317617161929,7.046586698858394,114.28532617162956,113.45471390664862,-0.02129542113108107,3.125648685932593,-0.14344693941418327,-212275513,26.495768296030825,47.151009133751046,116.67666778564453,110.49166641235351,113.58416709899902,-50506366.28613361,0.04022991258305736
2020-02-18,109.5999984741211,110.9000015258789,103.80000305175781,109.5999984741211,85.41789245605469,34458578,4.696837360591663,-0.006366593335588533,113.36999969482422,115.89800003051758,38.632396149102526,-1.2312220683267299,20.685734249621564,117.01229455341561,109.11270544658439,6.9869223719900315,113.83910448615256,112.88128850638094,-0.006346369521932349,3.409530813660343,-0.06829681772365963,-246734091,38.41056959246398,37.30495550163596,116.41250076293946,109.77750015258789,113.09500045776367,-32916230.321279157,0.06478100887745501
2020-02-19,112.30000305175781,113.75,110.4000015258789,112.05000305175781,87.32733154296875,17935374,4.718945227482615,0.02210786689095201,113.45500030517579,115.93900009155273,45.060273720594076,-1.2208591466923195,21.09987322454841,117.01215256902054,109.10284758356735,6.995825115640978,113.66871387335307,112.79864744781447,0.022354056676517464,3.4624215788188115,-0.035820871262615614,-228798717,54.63576711043474,39.84736833297651,116.31416740417481,109.76916694641113,113.04166717529297,18322422.160658002,0.029830795931297678
2020-02-20,111.69999694824219,112.4000015258789,110.94999694824219,111.3499984741211,86.78177642822266,19663654,4.712678379999929,-0.006266847482685911,113.39000015258789,115.90600006103516,43.6533684430094,-1.254667944805135,21.48443084412334,116.96708879418969,108.93291120581031,7.113039033536412,113.44788383533098,112.61355591600623,-0.006247251749858296,3.3186775073058046,-0.06476588225199478,-248462371,49.999974737101645,47.68210381333344,116.1866678873698,109.7116663614909,112.94916712443035,-3068957.821823715,0.01298124097808704
2020-02-24,110.75,110.75,108.8499984741211,109.69999694824219,85.49581909179688,11370193,4.697749339462061,-0.0149290405378677,112.8,115.81100006103516,40.44760143421762,-1.3984821625442123,22.280826736545464,116.8624105354658,108.53258915935841,7.391309822654126,113.0909422270368,112.65475756518501,-0.014818154903364356,3.260200542498247,-0.0643717316595289,-259832564,39.07281120985536,47.90285101913057,115.88916778564453,109.49916610717773,112.69416694641113,-13530209.806966344,0.017155769985362584
2020-02-25,110.9000015258789,112.44999694824219,109.6500015258789,110.0999984741211,85.80758666992188,10775289,4.701389029869607,0.00363969040754597,112.4599998474121,115.7,41.56788454683497,-1.4633110471694408,22.376345999098923,116.85335285773382,108.2366465319146,7.656232039792251,112.80609044104483,112.61892185431512,0.0036463221240345955,3.2273287482028925,-0.07337654338186525,-249057275,41.7218282052176,43.598204717391525,115.74666722615561,109.34666646321614,112.54666684468586,-1636648.5744646527,0.025247929520631183
2020-02-26,110.0,111.55000305175781,108.25,109.0999984741211,85.02822875976562,14998071,4.692264878852967,-0.009124151016639992,111.68499984741212,115.58300003051758,39.56409194363874,-1.5771990787456645,22.775253718204528,116.95814460156436,107.83685433032042,8.11520746865706,112.45312930133781,112.5010815886508,-0.009082652260300028,3.2325197698853865,-0.08490479408222432,-264055346,35.09931097971035,38.631316798261096,115.6391674041748,109.19416618347168,112.41666679382324,-10544263.524821552,0.03000002774325284
2020-02-27,109.19999694824219,110.30000305175781,106.6500015258789,109.05000305175781,84.98925018310547,22610691,4.6918065206325785,-0.0004583582203885328,110.90999984741211,115.45300003051757,39.461671830417444,-1.6524420536592004,23.482206498308397,116.95860602100292,107.42139352123341,8.500947071242209,112.12902203947304,112.23003738592399,-0.000458253190307234,3.262339895313495,-0.0632868315318141,-286666037,34.768215433913014,37.19645153961364,115.43333422342937,108.93833300272622,112.18583361307779,-4268375.205920946,0.033424923332268104
2020-02-28,106.6500015258789,110.19999694824219,105.3499984741211,106.55000305175781,83.04084777832031,25696761,4.668614387186182,-0.023192133446396923,110.05,115.30100006103515,34.63357645149473,-1.8919920533360823,24.398978305828944,117.14264502745316,106.52735466737106,9.491921468740218,111.59768689778588,111.64220118826468,-0.022925262998969687,3.375744079514038,-0.10027487071916644,-312362798,18.21192237014491,29.359816261256082,115.23166732788086,108.52666625976562,111.87916679382325,-44250726.735306986,0.04547584064444883
2020-03-02,109.3499984741211,110.0,102.69999694824219,103.9000015258789,80.97554016113281,15614944,4.643428912791215,-0.025185474394966434,109.17000045776368,115.09800003051758,30.389229755213165,-2.2695086471321275,25.733385843033115,117.69280476135613,105.08219523864388,11.32138662122074,110.8645740052233,111.04431522320554,-0.024870966212846013,3.656048291817165,-0.09306723073069646,-327977742,7.407433571304442,20.129190458454115,115.0258341471354,107.96583277384441,111.49583346048992,-42336659.19611144,0.06675814498054557
2020-03-03,104.6500015258789,109.94999694824219,104.30000305175781,108.9000015258789,84.87235260009766,17194661,4.690430043950658,0.047001131159443155,109.03000030517578,114.98200012207032,44.2673786918239,-2.1405600109651317,26.97247855615128,117.70101814996605,104.93898200262186,11.464279678941464,110.67747186433336,110.43713398345592,0.0481231946734344,3.827044515427602,-0.07837426609032175,-310783081,38.27162238086963,21.296992774106318,114.98666699727376,107.80666669209798,111.39666684468587,43203316.934629515,0.05398942966175865
2020-03-04,108.6500015258789,111.0,107.5,107.94999694824219,84.13195037841797,17095867,4.681668128690712,-0.00876191525994674,108.8650001525879,114.84900009155274,42.53231852560747,-2.090921871888341,27.64747681668274,117.65449240088584,104.58050744652625,11.765909927181827,110.41771234851514,109.9905342047313,-0.00872364154568872,3.803684192897059,-0.12821746634687586,-327878948,36.45832947006973,27.379128474081256,114.9241667429606,107.59916674296062,111.26166674296061,3573671.0390974954,0.032213529230060337
2020-03-05,108.0999984741211,109.6500015258789,107.05000305175781,107.8499984741211,84.05402374267578,11579256,4.680741358687007,-0.000926770003705002,108.44499969482422,114.70200012207032,42.344180395541684,-2.0361805087593012,28.36974443527529,117.63984287870318,104.26015712129683,12.059203026053492,110.17316817000142,109.46505543220357,-0.0009263406850213984,3.7177066415559183,-0.13025712407595758,-339458204,40.23437732830588,38.32144305974841,114.78666687011719,107.41166687011719,111.09916687011719,419285.0587274856,0.02405179010935442
2020-03-06,104.75,107.19999694824219,102.9000015258789,105.1500015258789,81.94974517822266,13533444,4.655387916660158,-0.02535344202684886,107.825,114.47700012207031,37.51850727905522,-2.185472012050667,29.80842060681255,117.7343696142287,103.4806305383592,12.886774464695138,109.69477134675165,108.86715285680506,-0.02503474257248195,3.8057273777477945,-0.14347750449883134,-352991648,22.17198100453897,32.95489593430485,114.57249997456867,106.96750043233234,110.77000020345054,-24220409.9798952,0.041050075631153045
2020-03-09,104.0,104.4000015258789,99.55000305175781,102.9000015258789,80.19617462158203,47383195,4.633757657668759,-0.021630258991399032,107.14500045776367,114.19800018310546,34.037348600764275,-2.4570198050903116,31.624527247035978,117.46085578376554,102.48414467399814,13.618596538768236,109.04765041143044,107.57737146980176,-0.021398002542550976,3.9338895989173155,-0.11962940586695688,-400374843,23.591543620266684,28.665967317703835,113.99583346048989,106.3008337656657,110.14833361307781,-79148262.4932984,0.046634600712702826
2020-03-11,103.0,104.80000305175781,101.5,103.05000305175781,80.31310272216797,28434577,4.635214336950808,0.0014566792820494001,106.44000091552735,113.92800018310547,34.47385511427284,-2.6298047656057975,33.1278237027121,117.32902234238499,101.57097842055445,14.397481833630426,108.47644590098542,107.04851172692175,0.0014577407546605414,3.8886119884059225,-0.10572055064141263,-371940266,24.647892621084427,23.470472415296683,113.43333371480306,105.79333356221518,109.6133336385091,-23539267.5392853,0.03203886458017294
2020-03-12,99.0,100.0,93.25,94.3499984741211,73.53266143798828,47225243,4.547011255642022,-0.0882030813087864,104.96500091552734,113.43400009155273,24.391867420498215,-3.429225772025063,35.43091409293775,117.89926297587994,98.7507377870595,17.676921413697972,107.13106995556979,105.00986684364705,-0.08442507831141999,4.310854207216772,-0.2008667981797578,-419165509,5.729159630006095,17.98953195711906,112.58333346048991,104.6133337656657,108.59833361307781,-281752976.03309935,0.06818181818181818
2020-03-13,90.0,100.75,81.25,98.05000305175781,76.4162826538086,49533058,4.585477583766861,0.03846632812483897,103.86500091552735,112.96400009155273,33.32287830364933,-3.721316215054614,38.30151024685615,117.12920758295971,97.64579317997973,18.143093315115415,106.26620644092102,102.88859523471334,0.03921573542634005,5.3957931924155735,-0.09001264548217779,-369632451,53.84616889427076,28.074407048453754,112.23250007629395,102.56250038146973,107.39750022888184,28264035.551863596,0.21666666666666667
2020-03-16,96.0,96.0,88.25,90.80000305175781,70.76592254638672,34649740,4.508659319216915,-0.07681826454994578,102.29000091552734,112.35200012207031,26.674094383186386,-4.486101420105655,40.967063818351804,117.65692187613831,94.68307903938904,21.638732916732607,104.79323468957215,101.57949645041867,-0.07394186409329262,5.710379610940019,-0.08496010701979895,-404282191,30.608987134198617,30.06143855282515,111.30166676839193,101.09666722615559,106.19916699727375,-158052398.14937878,0.08072916666666667
2020-03-17,91.0,95.9000015258789,86.3499984741211,88.0999984741211,68.66165161132812,21241388,4.478472515622283,-0.030186803594632217,100.71000061035156,111.72700012207031,24.697726169710805,-5.249553425468719,43.531981403978286,118.45571686458496,91.42428420353028,25.758940845709066,103.20340266905299,100.64675341764276,-0.029735732234476453,5.98463842814129,-0.08586851162483647,-425523579,22.607253413209477,35.687469813892946,110.43666699727376,99.63666699727375,105.03666699727376,-90918695.94003138,0.10494508848085508
2020-03-18,89.0,90.3499984741211,74.9000015258789,80.55000305175781,62.777469635009766,88654467,4.388878147509486,-0.08959436811279708,97.87500076293945,110.9600001525879,20.192342741124662,-6.390154449967682,46.32770902036053,120.3951223195621,86.50987874855313,32.75439781163492,101.04593603883441,96.57405369404299,-0.08569801989929715,6.660735465291354,-0.09799999993636616,-514178046,15.650974417434414,22.95573832161416,109.52416674296062,97.63416735331218,103.5791670481364,-476533445.32804817,0.1735954713285639
2020-03-19,78.55000305175781,84.94999694824219,75.05000305175781,78.3499984741211,61.06288528442383,33846928,4.3611859493268685,-0.027692198182617034,94.91500091552734,110.11600006103515,19.09902222006488,-7.386464399002378,48.92374180700118,121.7836071380864,81.99639393002884,39.0491834326356,98.88441817552838,94.68552119793243,-0.027312284224534356,6.892111067519427,-0.1584370777985186,-548024974,9.556778653925367,15.93833549485641,108.23166643778481,96.06166750590006,102.14666697184245,-208486746.1353097,0.12603429041194456
2020-03-20,78.5,82.3499984741211,76.3499984741211,81.25,63.323020935058594,58499591,4.3975308212098465,0.03634487188297797,92.25500106811523,109.34200012207032,24.87350688402188,-7.851533731378211,51.33434368031035,121.58266333299842,79.11733742994103,42.31721548742404,97.20494977785901,92.23769915793292,0.03701342159996046,6.8283888484108965,-0.08424399950741775,-489525383,17.590024217516795,14.26592576295885,106.75999972025554,94.32500063578287,100.5425001780192,43603686.73042472,0.07643312101910828
2020-03-23,74.9000015258789,80.0,73.19999694824219,76.4000015258789,59.54312515258789,37653540,4.335982716144712,-0.06154810506513453,89.38000106811523,108.48300018310547,22.040145458114765,-8.513322588225023,53.670906886938376,121.60535797775994,75.59964309035529,46.65775678935661,95.22352613481328,90.6604114978334,-0.05969228891225964,6.915647005792819,-0.07088732336222527,-527178923,8.465619892292334,11.870807587911491,105.27583300272624,92.30583407084148,98.79083353678386,-107211845.45336348,0.09078775585082365
2020-03-24,78.0999984741211,79.5999984741211,75.05000305175781,77.55000305175781,60.43940353393555,13742927,4.350922928974679,0.014940212829967159,86.84500122070312,107.62800018310547,24.243706929667795,-8.84306219664488,55.8405727216644,121.1363735055863,72.85362817288049,49.77859159229573,93.54033346023657,89.7151944584675,0.015052375692549802,6.746671892690709,-0.06642100566274901,-513435996,11.507951725716426,12.521198611841841,103.78999951680501,90.55500119527181,97.17250035603841,-25201023.804426223,0.05825858529140624
2020-03-25,78.0,80.5,75.30000305175781,79.69999694824219,62.11500930786133,16472741,4.378269547505607,0.027346618530927458,84.51000061035157,106.78700012207031,28.32275611015909,-8.829120072506186,57.5186748397786,119.9502844712807,70.99971705459822,51.27055985914547,92.22220617337996,88.69757856058669,0.027723969205384114,6.636195110944386,-0.03540648342674737,-496963255,17.83264522273329,12.602072280247341,102.29833297729492,88.82333450317383,95.56083374023437,15210520.47076987,0.0666666275415665
2020-03-26,82.0,82.19999694824219,76.4000015258789,79.6500015258789,62.46794509887695,39959613,4.377642055513357,-0.0006274919922493183,83.04000091552734,105.91000015258788,28.2846172043091,-8.721568241731276,58.44278917068069,118.56516561311119,69.43983621794351,52.25959832633894,91.02485334980842,87.57388228437149,-0.0006272951603216725,6.5764665617600215,-0.015147504040282398,-536922868,18.970601698931524,16.103732882460406,100.91249923706054,87.1875015258789,94.05000038146973,3738308.3373177806,0.07073165149223513
2020-03-27,82.5,84.4000015258789,80.25,83.0,65.09529113769531,39345541,4.418840607796598,0.041198552283240986,81.53500061035156,105.09300018310547,34.6360280041103,-8.270676550262849,58.51509947633456,116.68883173960918,68.71116978626972,51.75583771140643,90.26058160220762,86.79307506363457,0.04205898819766696,6.446004664491448,-0.006128513198065996,-497577327,31.01266189523781,22.605302938967537,99.63166580200195,85.8566680908203,92.74416694641113,89117770.98808521,0.050303048798532195
2020-03-30,79.9000015258789,83.5,79.19999694824219,81.75,64.11493682861328,17043895,4.403665809777363,-0.015174798019235602,80.63000030517578,104.29900024414063,33.445748675309545,-7.922876204522481,58.67522946035801,115.01694440141192,67.9030568192912,51.51310656867448,89.450050021045,85.2265319650926,-0.015060240963855387,6.292718835010474,0.018688210742890444,-514621222,27.056966456745688,25.680076683638333,98.3099993387858,84.5900011698405,91.45000025431315,15502677.82936174,0.0538173087564345
2020-03-31,82.75,84.80000305175781,81.1500015258789,84.19999694824219,66.03643035888672,28293281,4.433194885004126,0.029529075226763624,80.2400001525879,103.55900024414062,37.946908617834374,-7.364652516637932,58.35253336576441,113.5106142228826,67.43938654005686,50.921500401852036,88.95004496649234,84.16060808024825,0.029969381629873837,6.103953312929647,0.06289195146422161,-486327941,39.92740029587093,32.665676215951464,97.01999931335449,83.66500129699708,90.34250030517578,51379860.68029302,0.04410877976892938
2020-04-01,84.30000305175781,84.3499984741211,80.5999984741211,81.0,63.5267219543457,14355207,4.394449154672439,-0.038745730331687156,80.28499984741211,102.81400024414063,34.65059833478152,-7.098640523236156,58.11300917633013,110.82659537683529,67.33340523351629,48.824865283248016,88.1928978268264,82.97656945837365,-0.0380047157271185,5.935813790577529,0.02960953595287496,-500683148,28.31216765059537,31.765511467737316,95.63833287556966,82.47333424886068,89.05583356221517,-13497792.167492248,0.044483984154752715
2020-04-03,82.05000305175781,82.0999984741211,78.8499984741211,79.55000305175781,62.3895263671875,18310156,4.376385793146558,-0.01806336152588095,80.40500030517578,102.0620002746582,33.24152115833337,-6.924999652217224,58.08085312470179,107.95279774494306,67.36720347576006,46.29887518434529,87.36976499110557,81.75320773712522,-0.017901196891878857,5.74396994839342,0.03300655472142831,-518993304,27.850900234971935,32.030156060479406,94.19333292643229,81.05333429972332,87.6233336130778,-22199044.27038967,0.0396099924329055
2020-04-07,81.5999984741211,82.05000305175781,80.0999984741211,81.55000305175781,63.95808792114258,47686619,4.401216366488945,0.024830573342386586,80.43500061035157,101.45000030517578,37.04434641834685,-6.550494700254049,58.05099393390405,104.53345677256983,68.15654490589695,42.12972553489624,86.81550194926292,80.97681811569703,0.02514141952576332,5.5122578092224614,0.07107976028145238,-471306685,36.78416043907661,30.982409441547958,92.81333325703937,79.73833401997885,86.27583363850911,56182477.24320344,0.023897115368882636
2020-04-08,81.55000305175781,86.80000305175781,80.30000305175781,85.19999694824219,66.82069396972656,38072700,4.445001398016516,0.043785031527571405,81.31500015258788,100.88400024414062,43.382955367258056,-5.8912620230675685,56.25448304000328,101.35926188229081,69.33573933841231,37.52133608467318,86.6616443301181,80.82388182229457,0.04475774077123962,5.582810822849429,0.09461573984327062,-433233985,69.9708392555669,44.868633309871804,91.8741668701172,78.57916717529298,85.22666702270509,111370907.49618825,0.07970569904055806
2020-04-09,88.3499984741211,88.3499984741211,85.30000305175781,87.0999984741211,68.31082916259766,9322342,4.467056866339755,0.02205546832323879,82.26999969482422,100.33100021362304,46.407827889763205,-5.1560652223748065,54.0897488081447,98.44549131820864,70.6695095973187,32.84863148806533,86.70339234383268,80.72315863583961,0.02230048819172059,5.409038730208677,0.07586892153202485,-423911643,91.74917574849893,66.16805848104747,91.01583328247071,77.90083389282226,84.45833358764648,48931945.181906104,0.03452173712551524
2020-04-13,87.0999984741211,89.1500015258789,84.75,88.6500015258789,69.52647399902344,33266662,4.484696049732613,0.017639183392858193,83.1650001525879,99.84100021362305,48.81055045688187,-4.397650787818591,51.82546756345578,95.05168212875199,72.62331863418746,26.752185349650276,86.88878369450374,81.37625011333154,0.01779567254778258,5.336964644185122,0.11525147937613378,-390644981,96.86520466143914,86.19507322183499,90.29083315531412,77.06583391825359,83.67833353678387,50686266.808499135,0.050516665935260864
2020-04-15,88.94999694824219,94.19999694824219,88.69999694824219,89.9000015258789,70.50682830810547,24127975,4.498697958450643,0.014001908718030087,84.19000015258788,99.39800018310547,50.72902298753526,-3.653620666296561,48.31439894840812,94.14154357193466,73.08845749618057,25.178599463356893,87.17556634511091,82.20261184004512,0.014100394568353103,5.352181128340705,0.14671759029123912,-366517006,79.52383132207962,89.37940391067256,89.98166643778482,76.88166720072428,83.43166681925456,37002068.10283305,0.06183249228440463
2020-04-16,87.25,96.30000305175781,87.0,95.0999984741211,74.58506774902344,20876392,4.554928953506351,0.05623099505570739,85.4,99.03600021362304,57.812362946697746,-2.6142398097879465,45.16615849464093,93.23623917248342,73.69876143786813,23.407287463002874,87.93027416692141,83.40719070581433,0.05784201179068171,5.6341684085847845,0.12134409053732045,-345640614,94.35291963465073,90.24731853938981,89.44416656494141,77.36416702270508,83.40416679382324,84705472.49448276,0.10659029285682306
2020-04-17,101.0,101.0,95.0,95.5,74.8987808227539,16969641,4.5591262474866845,0.0041972939803338605,86.775,98.67300018310547,58.30887948861516,-1.7382092186095264,43.19743918214215,94.35193440140951,73.05306590376627,25.44591673942338,88.6512004367384,84.27521413260385,0.004206114955803697,5.660299236543014,0.12110443751684914,-328670973,78.59921924863814,84.15865673512282,89.63083318074544,77.72583363850912,83.67833340962729,32760412.36057242,0.0594059405940594
2020-04-20,97.0,99.30000305175781,93.4000015258789,98.9000015258789,77.56535339355469,17639066,4.594109254057169,0.03498300657048414,88.24500045776367,98.39400024414063,62.36358162464086,-0.760826619825707,40.96044783425412,96.67508895201254,71.80991165833902,29.51619100050124,89.62727673094227,85.15980799041854,0.03560211021862725,5.677420828638434,0.16855322686105934,-311031907,91.46342030740259,88.13851973023047,89.80249989827475,78.2625005086263,84.03250020345052,50902038.3302433,0.06082475799875161
2020-04-21,96.5,98.4000015258789,95.55000305175781,97.30000305175781,76.31050109863281,15085097,4.577799020556376,-0.016310233500792748,89.87500076293945,98.13500030517578,59.434193594051216,-0.11403583957084606,38.883241582643805,98.6127902563852,71.54721035396638,31.811917965839854,90.35801257101994,86.36241611261688,-0.016177941854757516,5.5111763747443385,0.24190938265033046,-326117004,83.29572598936707,84.45278851513592,89.93000005086263,79.65000050862629,84.79000027974446,876591.3221019767,0.02953366294426004
2020-04-22,97.30000305175781,98.6500015258789,94.9000015258789,97.5999984741211,76.54576873779297,10342633,4.580877477785042,0.003078457228665954,91.68000030517578,97.8470002746582,59.8153348405839,0.4179398862255823,36.775240838048774,100.2453966564287,71.83960395392286,33.01367649912088,91.04772551417244,87.19910940266884,0.003083200544235387,5.385378062262601,0.2835268816897394,-315774371,84.6501070354035,86.46975111072437,90.50250040690104,80.83750025431316,85.67000033060711,2360692.144156266,0.038540594885749624
2020-04-23,97.44999694824219,97.69999694824219,94.55000305175781,95.19999694824219,74.66349792480469,14078729,4.55597990974104,-0.024897568044002227,93.04499969482421,97.5270002746582,55.335984312231034,0.638514023902232,34.71754977273713,101.29866004058606,72.18134026458974,33.56850325660001,91.4431799364648,87.90833297310589,-0.02459017995287438,5.225707764707013,0.21429144653248539,-329853100,73.8148864460285,80.58690649026634,91.15166676839193,81.7716672261556,86.46166699727377,-21739083.340238314,0.032324207235813515
2020-04-24,94.75,96.3499984741211,91.94999694824219,93.4000015258789,73.2518081665039,10148964,4.53689136157183,-0.019088548169209574,93.8650001525879,97.15500030517578,52.17988819226446,0.6604626277178909,32.38669180778035,101.60972151475433,73.57027879042145,32.01215055997969,91.62954389736137,88.558859549083,-0.018907515546895404,5.166728747647862,0.22473539118010963,-340002064,65.6884968371598,74.71783010619725,91.9,82.76000061035157,87.33000030517579,-19425086.941232596,0.04643801082721801
2020-04-27,94.4000015258789,94.4000015258789,91.9000015258789,92.3499984741211,72.42830657958984,22675928,4.525585690122467,-0.011305671449362897,94.39000015258789,96.69000030517579,50.37495513864235,0.5863712604507043,30.235783219698757,101.69912094473922,74.96087890267289,30.27085029453318,91.69815861895754,89.20337612842279,-0.011242002511818838,4.976248122815872,0.18535976354927447,-362677992,60.94807706549051,66.8171534495596,92.57166684468588,83.63666699727376,88.10416692097982,-22348224.714704484,0.026483050419386357
2020-04-28,92.1500015258789,92.9000015258789,88.6500015258789,90.3499984741211,70.85974884033203,19815445,4.503691000149705,-0.021894689972762116,94.55999984741212,96.22700027465821,47.037422026061776,0.3620960153217112,29.067292708847106,101.64998842061848,76.07501157938151,28.78039312560076,91.5697624146874,89.84913926624003,-0.021656741018360237,4.924373256900453,0.1504092868214422,-382493437,49.04305862039384,58.55987750768137,93.13083368937176,84.29083353678385,88.7108336130778,-33870001.57156816,0.04612045501492969
2020-04-29,91.44999694824219,92.3499984741211,89.75,90.19999694824219,70.74210357666016,21550996,4.502029393235342,-0.0016616069143626788,94.58999938964844,95.69400024414062,46.7870493493224,0.17028940792462777,27.982265805913432,101.46437719041015,77.31562235182619,27.01505190783812,91.43930856074023,91.4209469059199,-0.0016602272098750204,4.758346486701927,0.11363312500570792,-404044433,47.82606452183592,52.605733402573414,93.53833376566568,85.01833330790201,89.27833353678385,-13445122.046662858,0.028430820786058755
2020-04-30,91.3499984741211,97.0,90.4000015258789,95.05000305175781,74.54586791992188,15151435,4.554403101041306,0.0523737078059634,94.5849998474121,95.25900024414062,55.10752674702786,0.4049680296697744,26.33109279478685,101.93315620133278,78.05184364607932,26.537003167485718,91.78318422655143,92.6958945514668,0.05376947081604233,4.904179098491633,0.10434809036596111,-388892998,63.38463416466346,53.41791910229773,94.24083366394044,85.47583351135253,89.85833358764648,44507994.13579255,0.07224957399414554
2020-05-04,91.05000305175781,93.6500015258789,90.5,91.44999694824219,71.72244262695312,10305663,4.515792341466095,-0.038610759575210984,94.17999954223633,94.78500015258788,48.98488770986857,0.29703805235581626,24.797860713026456,101.8122018602476,79.14279768198872,25.055294670615226,91.75145210480768,92.87575154645509,-0.037874865733095286,4.8788808094392175,0.08827894054953565,-399198661,41.23075045072115,50.8138163790735,94.70250027974447,86.05250027974446,90.37750027974445,-9897635.088585911,0.03459639121690389
2020-05-05,92.19999694824219,94.94999694824219,91.3499984741211,92.5999984741211,72.62437438964844,10628539,4.528289125173959,0.012496783707864445,93.54999923706055,94.38300018310547,50.86297784866616,0.30083049324994704,23.71840437700107,101.88792581748143,79.90707387734278,24.18202038233998,91.8322660447423,93.65712834347484,0.012575194797762146,4.787532071202209,0.03531036660762127,-388570122,39.99998910086496,48.20512457208318,95.17916666666666,86.53416697184245,90.85666681925457,4849345.682380339,0.039045537888054434
2020-05-06,92.94999694824219,95.44999694824219,92.19999694824219,94.69999694824219,74.27135467529297,10232281,4.550713967966501,0.022424842792541533,93.28999862670898,94.07100006103515,54.18021042585942,0.46789475692025917,22.848638946157926,101.69250760947075,81.47249178017769,22.078471210844,92.10538327364705,93.98391035918836,0.022678169640661272,4.677708351830623,0.07918451048662745,-378337841,54.99997820172991,45.41023925110533,95.76083323160807,87.16583353678385,91.46333338419596,15941631.551978951,0.03496503611301584
2020-05-07,94.0999984741211,94.4000015258789,90.1500015258789,90.44999694824219,70.93817138671875,8449705,4.504797178101582,-0.04591678986491843,92.57499847412109,93.68800003051757,47.23081307194877,0.2544220887768347,21.378137539571618,100.6318793650437,83.62311941425317,18.462196481479296,91.9477274331323,94.00920033935668,-0.044878565332191256,4.668585999725813,0.0896689494048513,-386787546,14.574863520308092,36.524943607634306,96.38583323160807,87.69083353678386,92.03833338419597,-18626953.649340346,0.04516471911706581
2020-05-08,91.0,92.44999694824219,85.75,87.0,68.2323989868164,28174665,4.465908118654584,-0.03888905944699861,91.75499877929687,93.18699996948243,42.46879676745066,-0.19094140593919917,20.867717193071798,99.81006120313725,84.98993727098383,16.039095297101742,91.4765152966435,93.0216173517707,-0.038142587779371184,4.813686781762696,-0.020004571362673168,-414962211,9.225090173229447,26.26664396508914,96.9816660563151,87.81166712443033,92.39666659037272,-71010656.72827743,0.07362634009057349
2020-05-11,88.19999694824219,89.44999694824219,85.8499984741211,86.6500015258789,67.95792388916016,12243824,4.461877033771296,-0.004031084883287406,91.07999877929687,92.69300003051758,42.006085798850286,-0.5656170546530177,20.39375544275054,99.62319742853776,85.32180150334699,15.465566528195746,91.01684731847544,92.3343780527374,-0.0040229709669091784,4.726994759788296,-0.10049104268367351,-427206035,6.976755189318376,10.258902960951962,96.99749921162923,88.11750043233235,92.55749982198078,-26527098.72103063,0.04081631064265973
2020-05-12,86.5,93.25,85.6500015258789,91.6500015258789,71.87930297851562,18124894,4.5179769909346925,0.05609995716339622,91.00999908447265,92.33200012207031,50.331558605778696,-0.45386017481736474,19.055304225003443,99.42963580969347,85.97036342736708,14.519171993217514,91.07714771918054,91.81236976395851,0.05770340348472702,4.932209310812068,-0.07196146462587928,-409081141,46.15384615384615,20.78523050546465,97.38833274841309,88.05333366394044,92.72083320617676,51573947.09298979,0.08786125403608201
2020-05-13,94.94999694824219,98.5,92.6500015258789,93.05000305175781,72.977294921875,19037031,4.533137015885226,0.015160024950533924,91.27999954223633,91.99100021362305,52.39240633254785,-0.24944813670146004,19.016856918661666,99.38826118472197,86.45173820492646,13.92221590861251,91.26503870323553,91.81887698387,0.015275521031863804,5.069194251048427,-0.2045041650877467,-390044110,57.58756735093735,36.90605623136728,97.82166595458985,88.34166717529297,93.0816665649414,34959230.66313262,0.061611360317472816
2020-05-14,93.30000305175781,93.5,87.5,89.3499984741211,70.0754623413086,39115884,4.492561224527889,-0.040575791357337465,91.19499969482422,91.59600021362304,46.85872353047141,-0.3816106015024445,17.682967433367846,99.41632400517236,86.36867507930029,14.045966025426592,91.08265391951035,91.31871562999086,-0.03976361586553245,5.13568037597354,-0.19960169252714297,-429159994,28.793753989105106,44.17838916462952,97.80583267211914,88.27583389282226,93.0408332824707,-84832889.68449372,0.06430867956854754
2020-05-15,90.0,91.80000305175781,89.19999694824219,90.8499984741211,71.25187683105469,16925981,4.5092097780465945,0.016648553518705533,90.77499923706054,91.23200012207032,49.20118872289193,-0.36114973373680925,16.444355768452155,99.17918506343808,86.18081402103458,14.025001194006112,91.0604962580447,91.1678623825302,0.01678791298955029,4.954560785083689,-0.23441187042966619,-412234013,40.466907126211574,42.282742822084664,97.36166610717774,88.50166702270508,92.93166656494141,-11351648.894831244,0.028888956705729166
2020-05-18,90.5,90.5,87.8499984741211,88.9000015258789,69.72252655029297,11368562,4.487512159683851,-0.021697618362743754,90.51999969482422,90.87900009155274,46.34137692253727,-0.4965587849626871,15.564563563758673,98.91285030438245,85.78714893267811,14.21299558843813,90.85473485498127,90.90825417226807,-0.021463918337848442,4.814949300434853,-0.2027928304480831,-423602575,25.29183179706402,31.517497637460224,96.78999951680501,88.26500027974446,92.52749989827473,-18562990.435545146,0.029281784816341506
2020-05-19,89.5999984741211,91.9000015258789,88.19999694824219,91.05000305175781,71.40873718261719,12262118,4.511408839691001,0.02389668000714984,90.3650001525879,90.62200012207032,49.805605930398336,-0.4254796146568651,14.510474565043168,97.8066259186138,86.10837347103464,12.72136855221347,90.87333182610286,90.90402006829575,0.024184493689272113,4.735310391663559,-0.23260243910164688,-411340457,42.02336316812872,35.92736736380143,96.33916625976562,88.0341667175293,92.18666648864746,11388051.461823085,0.041294694650082835
2020-05-20,89.9000015258789,93.4000015258789,89.30000305175781,92.9000015258789,72.85967254638672,10126022,4.531523662244754,0.02011482255375352,90.18500061035157,90.30200012207031,52.638989155619264,-0.2173638096194992,13.899014084582275,97.07490263536202,86.40009660169854,11.636251345471877,91.06634798798629,90.96122524946557,0.02031848887549681,4.689930968981955,-0.223055417242986,-401214435,56.420240162681274,41.245145042624664,96.14083290100098,87.71083335876465,91.92583312988282,16284767.319885444,0.04560621139634636
2020-05-21,92.1500015258789,92.6500015258789,89.80000305175781,90.25,70.78131103515625,20143324,4.502583597212991,-0.028940065031763496,90.16500091552734,89.94800018310546,48.42244855872449,-0.2632291688811961,13.33122935272573,96.00857691688849,86.73142247275995,10.153392224049727,90.98860056055904,90.74308615235395,-0.02852531197365704,4.576364362206179,-0.2719027036758401,-421357759,35.797657745914414,44.74708702557479,95.78833287556967,87.44833348592121,91.61833318074544,-30158303.784220308,0.030927817980781213
2020-05-22,89.9000015258789,91.19999694824219,88.3499984741211,90.94999694824219,71.33030700683594,9392095,4.510309871409894,0.007726274196903304,90.56000061035157,89.61000015258789,49.571551814875804,-0.24032359215941312,12.388285252081648,95.45136488998847,86.86363449965998,9.42076123092271,90.98492402605268,90.66797043578603,0.0077561988724896835,4.453052513057244,-0.2266748486971741,-411965664,41.24510546080658,44.487667789800746,95.49083302815755,87.18083318074544,91.3358331044515,-5669809.369672966,0.031701873478841756
2020-05-26,90.1500015258789,93.4000015258789,90.1500015258789,93.0,72.93807220458984,12350762,4.532599493153256,0.022289621743362353,91.19500045776367,89.36700012207031,52.88229509765857,-0.05610589011855893,12.100237505272926,95.39295222483359,86.88204701222695,9.33853270962043,91.17683602357148,90.64289505357432,0.02253989137486645,4.367120190696013,-0.18622829188440276,-399614902,57.19843849727628,44.74706723466574,95.34749972025554,87.15250002543131,91.24999987284342,14989463.404465294,0.036051025457465344
2020-05-27,93.0,95.19999694824219,91.1500015258789,94.69999694824219,74.27135467529297,11684730,4.550713967966501,0.018114474813244463,91.5,89.20300003051757,55.49185751930438,0.22447589384866262,12.275676100422805,95.7603184772385,86.74968060723417,9.874130639641129,91.5123751592544,90.64281705214097,0.018279537077872998,4.344468421529389,-0.11916281893965003,-387930172,70.42798830357276,56.290510753885194,95.46499938964844,87.1150001525879,91.28999977111816,18239158.02884439,0.04354833787487399
2020-05-28,95.25,96.5,94.5,95.69999694824219,75.05563354492188,12156645,4.561218266570112,0.01050429860361124,91.76499938964844,89.05599990844726,57.00049052476904,0.521518876799064,12.743706052485152,96.40096939724052,86.64402953464426,10.66070083261552,91.91119628201515,90.86248593351469,0.010559662431103733,4.177006391420147,-0.10144685417642385,-375773527,78.21009039497707,68.61217239860869,95.59916598002116,87.47416674296062,91.53666636149089,14184149.342948131,0.02099737532808399
2020-05-29,94.69999694824219,98.8499984741211,94.30000305175781,97.8499984741211,76.7418441772461,19891080,4.583435678248024,0.02221741167791169,92.61499938964843,89.12599990844727,60.12958277577461,0.9198117187613803,13.692553323759265,97.46124735842994,86.3487517260427,12.091285226850278,92.47679649078715,91.71409617392433,0.022466056368232623,4.203648465058943,-0.019987271092182332,-355882447,92.42424067277403,80.35410645710795,96.00833257039389,87.6883336385091,91.84833310445148,33238618.01523564,0.04804641572322393
2020-06-01,98.4000015258789,99.6500015258789,97.1500015258789,97.9000015258789,76.78106689453125,10106253,4.583946565122561,0.0005108868745375972,93.31999969482422,89.12299987792969,60.20211938272156,1.2253711777750738,14.740023960977817,98.04753823446102,86.04746069742374,13.036831643077177,92.99329220841494,92.2517445834319,0.0005110173994640199,4.081959288983304,-0.05414974763442703,-345776194,87.5,86.04477702258369,96.00749931335449,88.09750022888184,92.05249977111816,11416434.999636246,0.02540650367106455
2020-06-02,98.75,98.94999694824219,96.05000305175781,96.75,75.879150390625,18170659,4.572130331909891,-0.011816233212670113,94.10499954223633,89.24199981689453,57.606365449608006,1.359067256957573,15.304177716005473,98.64265485383619,85.98234438322434,13.714622096605531,93.35107390285161,92.82782616561084,-0.011746695689018094,3.9975331895190953,-0.06987225940537652,-363946853,76.13167768166905,85.35197278481435,96.26416562398273,88.37916730244955,92.32166646321615,-10125378.717604771,0.029367026799841774
2020-06-03,97.75,97.80000305175781,94.4000015258789,94.69999694824219,74.27135467529297,23102350,4.550713967966501,-0.021416363943390415,94.46999893188476,89.37399978637696,53.20258884329045,1.2847939444166627,15.239885073921306,98.83234661357334,86.00265247089932,13.88232121213216,93.47954276431737,92.95365966215957,-0.021188662033672534,3.954852356401939,-0.11601353887602615,-387049203,59.25922669973784,74.29696812713563,96.38749923706055,88.52250061035156,92.45499992370605,-34948384.90771966,0.03478262430566656
2020-06-04,94.1500015258789,95.5,92.75,95.1500015258789,74.62429809570312,12827335,4.555454609778721,0.004740641812220225,94.69499893188477,89.66599975585937,54.033290973150024,1.2478588773152666,14.629161899465597,98.8897743752326,85.99022516700373,13.954510212211396,93.63863407494227,93.60390512700376,0.004751896432295233,3.8687914738018003,-0.1026448035666202,-374221868,61.864416642420714,65.7517736746092,96.37999941507975,88.56500078837078,92.47250010172527,-7801221.989986753,0.029208709032724874
2020-06-05,95.0,98.19999694824219,94.1500015258789,97.94999694824219,76.82028198242188,11744302,4.584457113234268,0.02900250345554678,95.46499862670899,90.0579997253418,58.919623151703426,1.428061990887997,14.769938462959972,99.62066535026996,86.00933419196637,14.665012327607752,94.0492400628756,94.05293010251967,0.029427171597067536,3.8817346129847636,-0.04826126754630637,-362477566,85.59318527139301,68.90560953785051,96.62499910990398,88.83000094095866,92.72750002543131,19322253.8959057,0.04263153076171875
2020-06-08,98.94999694824219,100.19999694824219,97.75,98.55000305175781,77.29084014892578,14168383,4.5905640645653225,0.006106951331054766,96.22499923706054,90.40399978637696,59.90325310479164,1.6008362905101876,15.365952234661828,100.08565062636202,86.69934922105008,14.333379464354676,94.47788415705486,94.6799438033328,0.006125636776003862,3.779467636931723,-0.009935985455603065,-348309183,86.2500508626302,77.9025509254813,96.93416582743326,89.56416765848796,93.24916674296063,12108162.149933249,0.024759949709990476
2020-06-09,99.0,99.69999694824219,97.19999694824219,98.0,76.8594970703125,14232434,4.584967478670572,-0.005596585894750206,96.72499923706054,90.83599975585938,58.52001834395837,1.6740827343416527,15.720575237344601,100.17800564802923,87.74199404679499,13.235431695859843,94.81332376114487,95.2007314528168,-0.005580954182913156,3.6880770914366,-0.004577659755074199,-362541617,81.4346225187564,84.42595288425986,97.42833251953125,90.16833419799805,93.79833335876465,-1182534.0393166835,0.025252525252525252
2020-06-10,98.1500015258789,100.1500015258789,97.25,98.1500015258789,76.97714233398438,12104423,4.586496936268867,0.0015294575982949254,97.06999969482422,91.2479997253418,58.799442431160266,1.7243576170792494,16.161018074838402,100.66348716812709,87.90651252669713,13.53022714331596,95.13110259588146,95.56642918799838,0.0015306278150908348,3.6317859796110503,-0.053184108711191676,-350437194,82.70045834317858,83.46171057485505,97.6099993387858,90.82000071207683,94.21500002543132,816276.6001502573,0.029546627415123084
2020-06-11,98.1500015258789,99.69999694824219,96.80000305175781,98.05000305175781,76.8987045288086,10258905,4.585477583766861,-0.0010193525020065763,97.30500030517578,91.61499984741211,58.51644298615334,1.7361188849115337,16.390646250395267,101.08977725852327,87.98022243630095,13.867408730504371,95.40909311548873,96.19520135062255,-0.001018833138731301,3.5795151165305734,-0.0050204112098303855,-360696099,81.85658925459197,81.99722337217564,97.63499908447265,91.14000091552734,94.3875,-411824.364052087,0.02954654968313722
2020-06-12,94.5,97.94999694824219,94.30000305175781,96.9000015258789,75.99678802490234,10925477,4.573679534643665,-0.01179804912319593,97.21000061035156,91.9599998474121,55.22463169238784,1.6338107093833827,15.668231224072539,101.08800647218686,88.73699352781313,13.013051962990899,95.55108439266876,96.49808643925788,-0.011728725039119592,3.5916926082069613,0.06613526795344865,-371621576,67.16420969685099,77.24041909820717,97.83083216349284,91.57083460489909,94.70083338419596,-8513484.935320625,0.03862427403687169
2020-06-15,96.69999694824219,96.94999694824219,92.5999984741211,93.19999694824219,73.0949478149414,10980359,4.534747688947363,-0.03893184569630215,96.7400001525879,92.16399978637695,46.216363448032304,1.2398787456181282,14.665350869888682,100.97705002191782,89.0829498254943,12.516153010599378,95.32717130272337,96.64680053379443,-0.03818374116999956,3.6458573129151133,0.020929219168329124,-382601935,22.651894577731767,57.22423117639156,98.09999834696451,91.66500155131023,94.88249994913738,-29922747.354503237,0.04498447374770231
2020-06-16,94.94999694824219,95.0999984741211,92.25,92.80000305175781,72.78123474121094,8757035,4.530446672677476,-0.004301016269886659,96.34500045776367,92.3849998474121,45.35503308613869,0.885204574337564,13.848100962715856,100.58172529535807,89.86827470464192,11.250670087388974,95.08648861215522,96.67873411939031,-0.0042917801457279525,3.5890102530012546,0.009764456470107525,-391358970,6.9182800363140124,32.24479477029891,98.32499821980795,91.87000172932942,95.09749997456868,-12309422.819034446,0.03001578268269608
2020-06-17,92.94999694824219,93.0999984741211,90.8499984741211,91.5,71.76168060302734,17081311,4.516338972281476,-0.014107700395999956,96.02500076293946,92.53099990844727,42.577676544765566,0.49353420154918126,13.540765687079515,100.53725277300595,89.95774692181828,11.107384307342643,94.74491826814044,96.32097043244369,-0.014008653114297331,3.4933666635011646,-0.04163129510657669,-408440281,6.951889111832254,12.17402124195933,98.32416458129883,92.01416854858398,95.1691665649414,-18906978.55836101,0.024206563462857118
2020-06-18,91.80000305175781,94.30000305175781,89.9000015258789,92.69999694824219,72.70281219482422,16520026,4.529368439651012,0.013029467369536363,95.78000030517578,92.76499984741211,45.872588822800346,0.2767718802608101,12.81041027202056,100.5456905086409,89.92930872841966,11.147270584323095,94.55016385672155,95.90242675138816,0.01311472074581621,3.558126296528146,-0.05206032983224023,-391920255,27.184433657940758,13.684867602028994,98.36083132425944,92.02083498636883,95.19083315531414,6913661.003800724,0.04793029825280223
2020-06-19,93.05000305175781,94.05000305175781,92.4000015258789,93.0,72.93807220458984,13836691,4.532599493153256,0.0032310535022439524,95.28500061035156,93.03399978637695,46.69606787704062,0.1277216226365141,12.132223100894388,100.28697640445567,90.46302283260486,10.300344546415207,94.40252920370045,95.5858466962127,0.0032362789820297166,3.4218316700532005,-0.01624596078441698,-378083564,30.097085940352923,21.411136236708632,98.41333147684733,92.19333483378094,95.30333315531414,5071920.01875348,0.017732417751358
2020-06-22,94.0999984741211,95.8499984741211,93.3499984741211,95.30000305175781,74.74193572998047,18868376,4.557029842682798,0.024430349529541928,94.96000061035156,93.30899978637696,52.644386109492984,0.19296486512082822,11.693139037185011,100.06723852892738,91.11776131848474,9.362112318001268,94.48800290351544,95.35843736733975,0.024731215610299007,3.3809864417723356,-0.005608726610581557,-359215188,52.42722258064755,36.56958072631373,98.62916501363118,92.4441682179769,95.53666661580404,30622188.26072707,0.02656748183356812
2020-06-23,95.0999984741211,101.1500015258789,95.0,100.75,79.01628112792969,20331626,4.612642200826793,0.055612358143994456,95.23500061035156,93.6199998474121,63.14065770183632,0.6766399271535306,12.776684247134899,100.81719030879214,91.14280953861999,10.079579889416813,95.08438357937112,95.70629647373289,0.057187794057910635,3.5787732334942333,0.023656603311027487,-338883562,96.44443088107639,59.65624646735895,99.11333173116047,92.63833478291829,95.87583325703939,84078929.1887767,0.06466878679869237
2020-06-24,102.0,103.80000305175781,96.75,97.05000305175781,76.11444854736328,24055051,4.5752263410602305,-0.03741585976656214,95.12500076293945,93.81899993896485,54.33550160532828,0.7527201772948331,14.34078705418674,100.91875373290675,91.27624672485693,10.034087239609372,95.27158543388414,96.19653609487571,-0.036724535466423736,3.8267182205130603,-0.07996919041228527,-362938613,51.43885425168546,66.77016923780313,99.53916562398274,92.76416791280111,96.15166676839193,-31309433.796947878,0.06911767697801777
2020-06-25,97.05000305175781,98.55000305175781,94.3499984741211,96.0999984741211,75.3693618774414,69278017,4.565389300098214,-0.009837040962016097,94.93000030517578,93.96799987792969,52.31811531865488,0.7279653622117763,14.885643630750113,100.93530943531859,91.29969117503298,10.024832345506542,95.3504819139067,96.20717608639934,-0.009788815535946682,3.853381531736179,-0.10630929416967996,-432216630,44.60428969521396,64.16252494265859,99.68749923706055,92.69250106811522,96.19000015258788,-54312766.7853789,0.043276707321655734
2020-06-26,96.4000015258789,97.4000015258789,95.55000305175781,97.0,76.07521057128906,15572219,4.574710978503383,0.009321678405168399,94.94000015258788,94.10999984741211,54.05837464833313,0.7720696560235325,15.391581880416107,100.84569330824885,91.30430745469059,9.931184819853037,95.50757887448702,96.09183209077665,0.009365260563674926,3.71028274190653,-0.11415415849501835,-416644411,51.079120105867446,49.0407546842556,99.53499946594238,92.81000099182128,96.17250022888183,-8760908.354245976,0.019190855236910505
2020-06-29,97.6500015258789,98.05000305175781,94.44999694824219,94.9000015258789,74.42820739746094,18130595,4.552823721694691,-0.02188725680869208,95.11000061035156,94.10599990844726,49.51711524446961,0.6303045417749615,15.445351076232049,100.64511792537999,91.20488283755947,9.841266666957594,95.44971436509579,95.95415440043193,-0.021649468805372107,3.702405839164322,-0.13808960815879337,-434775006,35.97121907282558,43.88487629130231,99.46833305358886,92.63333396911621,96.05083351135254,-28303117.341353677,0.03686642137493016
2020-06-30,97.0,97.75,95.19999694824219,95.80000305175781,75.13406372070312,18496305,4.562262716832324,0.009438995137633022,95.41000061035156,94.11199996948243,51.40139791298225,0.5838470435958953,15.495279615203994,100.58254938382366,91.17245168429157,9.814709026743383,95.48307519239694,95.86061194976064,0.009483682944235516,3.6415195988040914,-0.1390541978949408,-416278701,42.44604948347907,43.16546288739068,99.40083351135254,92.60083351135253,96.00083351135254,1663429.3682965357,0.02628869125523518
2020-07-01,94.69999694824219,94.69999694824219,92.30000305175781,93.5999984741211,73.40866088867188,21639137,4.539030367181421,-0.02323234965090304,95.62000045776367,94.00599990844727,46.80267167641296,0.36529625058319937,14.484681990331088,100.60637821120378,91.03862300949936,9.984873219506467,95.30373455256115,95.59981706802583,-0.022964556446288698,3.6314110560323707,-0.08173112303426254,-437917838,26.618680158801165,35.01198290503526,99.24583307902017,92.54583384195965,95.89583346048991,-31182990.51463988,0.02534312538358454
2020-07-02,94.5,94.5,93.1500015258789,93.4000015258789,73.2518081665039,14333457,4.53689136157183,-0.002139005609590683,95.69000091552735,93.9279998779297,46.39629349620143,0.17394990405441035,13.546269910091961,100.62765932101864,90.84234189968448,10.22125383501183,95.12242664525807,95.47466043520214,-0.002136719567335077,3.4684530144672796,-0.13283312573540726,-452251295,25.179853350977908,31.414860997752697,99.13666636149088,92.57666727701823,95.85666681925457,-12305428.610053709,0.014285698138847553
2020-07-03,93.5999984741211,95.3499984741211,92.75,94.5,74.114501953125,15274841,4.548599834499697,0.011708472927867142,95.84000091552734,93.86599990844726,49.018263721495735,0.10980150623036877,12.967402520545614,100.37320632613677,90.75179519974213,10.06818684063358,95.06314791713825,95.45404604128724,0.011777285397755799,3.406420547299695,-0.14527117779448057,-436976454,33.09351056945465,28.297348026411225,98.93583323160807,92.52083384195963,95.72833353678385,7099724.99161031,0.02777776192848926
2020-07-06,95.9000015258789,96.4000015258789,94.8499984741211,95.19999694824219,74.66349792480469,11830916,4.55597990974104,0.007380075241342432,95.83000030517579,93.86599990844726,50.671811872278,0.11413170316554044,12.783349280014919,100.00714859337647,90.78285232215087,9.669580404593292,95.07618115819577,95.51663663329808,0.007407375113673842,3.2988191886267813,-0.15054557632442214,-425145538,38.12945928456047,32.13427440166433,98.72333348592122,92.39833348592123,95.56083348592122,7887645.060476549,0.016162701012465985
2020-07-07,95.4000015258789,95.44999694824219,92.25,92.55000305175781,72.58515167236328,18786009,4.527749071993658,-0.028230837747381443,95.01000061035157,93.84899993896484,44.753923734491785,-0.09517186309386716,12.09370195918383,99.73080651192797,90.51419470877516,9.689202600872141,94.83559276710643,95.5966165597483,-0.027836071233543258,3.2917604571707386,-0.17630270341183318,-443931547,19.064757086142443,30.095908980052503,98.51416676839192,92.11916707356771,95.31666692097983,-30559324.43937484,0.03354294441362386
2020-07-08,92.8499984741211,92.8499984741211,90.8499984741211,91.0,71.36953735351562,26256635,4.51085950651685,-0.01688956547680842,94.40500030517578,93.82199996948242,41.68719505018966,-0.381718526108628,11.912115689192602,99.48634652456384,90.0436545435514,9.964324305173019,94.4702982178582,95.42917455585426,-0.016747736365724242,3.1994918530871144,-0.21625858858054164,-470188182,1.1583125317032161,19.45084296746869,98.12166659037271,91.8166670481364,94.96916681925457,-37318351.06571894,0.021540118824637727
2020-07-09,91.30000305175781,92.0,90.80000305175781,91.19999694824219,71.52638244628906,11910945,4.513054863618028,0.0021953571011783524,93.9150001525879,93.83899993896485,42.23720172611655,-0.5859166562335218,11.759932558365454,99.13476973847095,89.71023071929271,9.981242814300606,94.15884095408525,95.37257627233751,0.002197768662002053,3.056670788455334,-0.22199989479880483,-458277237,3.0768761268028846,7.766648581549497,97.69416669209798,91.55916684468588,94.62666676839193,-10851348.588119287,0.013143449158067512
2020-07-10,91.19999694824219,91.30000305175781,89.75,90.4000015258789,70.89895629882812,12213053,4.5042442842773225,-0.008810579340705615,93.25500030517578,93.84300003051757,40.58808496399548,-0.803041131975931,11.969174293572394,98.97515136019605,89.21984909756763,10.367227863545489,93.80085624663703,95.20640229497498,-0.008771879924703185,2.9490516644055114,-0.2384610734910233,-470490290,4.626344375046835,2.953844344517629,97.29416720072427,91.36916643778483,94.33166681925455,-10130707.191426521,0.016995648066057172
2020-07-13,91.05000305175781,92.8499984741211,89.5,89.9000015258789,70.50682830810547,17508551,4.498697958450643,-0.005546325826679244,92.75500030517578,93.74,39.54874841921996,-1.0038874747145599,11.511411998432866,99.13300788546003,88.7319930300673,11.072860623006092,93.42934627323149,94.68325664366802,-0.005530973357969038,2.9776907222423388,-0.24823725372827402,-487998841,2.797212870732475,3.500144457527382,97.06916732788086,91.24416656494141,94.15666694641114,-9213086.06380884,0.03679295290321705
2020-07-14,89.80000305175781,89.9000015258789,87.4000015258789,87.6500015258789,68.74219512939453,14240946,4.473351628776016,-0.02534632967462702,91.94000015258788,93.66400009155274,35.18274067578621,-1.3292925868349954,11.788244060973392,99.54164344537469,87.80835731756477,12.525525572488744,92.87893248776933,93.98505491391971,-0.0250278082515083,2.943569956367886,-0.25998575004956365,-502239787,2.2421521595289073,3.2219031351027225,96.7983341217041,91.00833320617676,93.90333366394043,-24432447.68793628,0.0278396427064605
2020-07-15,88.30000305175781,89.75,87.75,88.05000305175781,69.055908203125,11582839,4.477904869601588,0.004553240825571514,91.38500061035157,93.57300018310546,36.52433989462473,-1.537182024901,12.045302404761022,99.80174411641018,87.20325695170506,13.473957480010078,92.41903444624442,92.99275073532604,0.004563622577471449,2.883314850493115,-0.26593812112701043,-490656948,6.1032998380276196,3.7142216227629845,96.62083422342936,90.85583330790202,93.73833376566569,-5055380.379972291,0.022650055842327464
2020-07-16,88.19999694824219,88.4000015258789,85.8499984741211,86.75,68.03633880615234,10152592,4.4630304188269685,-0.014874450774619241,90.72000045776367,93.41400024414062,34.0571221117289,-1.786244568541349,12.878918586921632,100.15603624722274,86.25396512606827,14.915585020907981,91.87912640374495,92.46300101641872,-0.014764372591715147,2.859506864869165,-0.2898383161794732,-500809540,7.377058919540561,5.24083697236568,96.26333427429199,90.68333320617675,93.47333374023438,-10484060.515492067,0.028911600226632816
2020-07-17,87.19999694824219,88.6500015258789,87.0,88.30000305175781,69.2519760131836,12238969,4.4807401421711575,0.017709723344188966,90.10000076293946,93.37100036621094,39.320225863311244,-1.837376009503501,13.53142766448091,100.24319758857409,85.6968040898927,15.646330394075688,91.53825751307951,91.9302212245597,0.01786747033726588,2.790970769227003,-0.26277462607958196,-488570571,20.5882711217196,11.356209959762579,96.00500094095865,90.42499987284343,93.21500040690105,9152272.695082152,0.01892203650945389
2020-07-20,88.9000015258789,88.9000015258789,87.0,87.1500015258789,68.35005187988281,12349129,4.46763078947468,-0.013109352696477394,89.29500122070313,93.37400039672852,36.963047981229316,-1.948235510788919,14.010100588728736,100.17327352563034,84.95172800024856,16.444613531310548,91.12032837144136,91.30095845265151,-0.013023799389959456,2.727330108987853,-0.3230611648724201,-500919700,12.322300243706655,13.429210094988925,95.61750106811523,90.09749984741211,92.85750045776368,-6416920.563822916,0.021372345256100062
2020-07-21,88.0,88.6500015258789,86.80000305175781,88.3499984741211,69.29119110107422,20118152,4.481306181494863,0.013675392020182642,88.87500076293945,93.40800033569336,40.94159483387474,-1.9171628790497408,14.525350808176924,98.76366393217673,85.12133744111428,14.837889321237457,90.85648742883943,90.74512187675256,0.013769327908569773,2.664663563640228,-0.33413269014725666,-480801548,23.696675609809013,18.869082325078406,94.850834274292,89.76083335876464,92.30583381652832,13955507.148240667,0.021022709933194248
2020-07-22,88.75,92.5999984741211,88.69999694824219,90.3499984741211,70.85974884033203,31321718,4.503691000149705,0.02238481865484232,88.81000061035157,93.3820002746582,46.951118377402885,-1.7114260549914349,13.78132017605255,98.03939473443178,85.17560618109557,14.04228746451515,90.80825038553293,90.53152799202228,0.022637238647896796,2.7779018805230686,-0.2829444879087503,-449479830,42.654016097656225,26.224330650390616,94.26083399454753,89.48583323160807,91.87333361307779,46414126.38274689,0.043943679164832744
2020-07-23,90.9000015258789,91.5999984741211,90.25,90.55000305175781,71.01660919189453,11161294,4.505902218031882,0.002211217882177152,88.74500122070313,93.3320002746582,47.52615543604246,-1.514778023624416,13.090434589079916,97.43314675746014,85.22685461583087,13.365041114484624,90.78365540136387,90.29226061286627,0.002213664427388018,2.675908780065785,-0.31707997056588133,-438318536,44.549793536349895,36.966828414605025,93.84166704813639,89.3516668955485,91.59666697184245,16959582.055815127,0.014851468112866356
2020-07-24,90.30000305175781,90.5,88.55000305175781,89.4000015258789,70.11467742919922,11352904,4.493120699247465,-0.012781518784417578,88.64500122070312,93.33300033569336,44.536772785113676,-1.4351846390209317,12.564305510206035,96.51650712717345,85.38349439870545,12.240805536094634,90.65187884179387,89.97308887241938,-0.012700182077537536,2.6276295814896575,-0.3533269478244055,-449671440,36.97920433349678,41.39433798916762,93.4883336385091,88.98833363850912,91.23833363850912,-3050710.596832781,0.021594649859806712
2020-07-27,89.55000305175781,89.5999984741211,87.25,87.6500015258789,68.74219512939453,10071266,4.473351628776016,-0.01976907047144838,88.42000122070313,93.26900039672852,40.37493648999625,-1.4960709087587105,12.561762173661856,96.02053544813457,85.15446607774435,11.995108904511994,90.3659857640877,89.5830077598956,-0.019574943737483252,2.6077987881061886,-0.3401969146133332,-459742706,25.714329310825892,35.74777572689084,93.0441665649414,88.66916732788086,90.85666694641114,-12766713.865610925,0.026242304791021052
2020-07-28,87.9000015258789,88.80000305175781,86.9000015258789,88.55000305175781,69.44804382324219,13888285,4.48356739869251,0.010215769916493755,88.51000137329102,93.2620004272461,43.30900473569484,-1.4549295920015624,12.687462579803455,95.16347059204239,85.28653093383653,10.947009780755664,90.19303502958009,89.21864907012052,0.010268129038345508,2.5572418408042394,-0.2803136223895565,-445854421,38.57149396623884,33.755009203520494,92.6033332824707,88.29333419799805,90.44833374023438,4077413.839357107,0.021615489111448092
2020-07-29,88.5,89.6500015258789,87.9000015258789,88.1500015258789,69.13433074951172,10732504,4.479039926153907,-0.0045274725386033055,88.52000122070312,93.20400039672852,42.31242431308076,-1.4380249260425586,12.388712877069793,94.71427180903592,85.19073002201876,10.58730073103864,89.99846041017997,89.05685889736614,-0.004517238984679706,2.499581709318222,-0.3224445914177802,-456586925,32.857186453683035,32.381003243582576,92.32250035603842,88.07750066121419,90.20000050862629,-1502874.0378819404,0.01977401129943503
2020-07-30,88.55000305175781,89.0,86.0999984741211,86.5999984741211,67.91868591308594,10668042,4.4612997979485405,-0.01774012820536619,88.50500106811523,93.07800033569336,38.60530375052757,-1.5320397482827985,12.790777313305908,94.31174155901263,84.91325996686626,10.48791353006549,89.67479736865056,88.8700429013752,-0.017583698524415436,2.5281831247868425,-0.3195382970355607,-467254967,10.714285714285714,27.38098871140252,92.07750040690105,87.67750040690103,89.87750040690104,-11524623.116814325,0.0327498749399686
2020-07-31,86.9000015258789,87.5999984741211,86.30000305175781,87.0,68.2323989868164,7906179,4.465908118654584,0.004608320706043223,88.37500076293945,93.01300033569336,40.06467387750191,-1.5563299887338502,13.164122861239443,93.49283463330696,84.98216689257194,9.537097820952777,89.42005476211241,88.61462420358501,0.004618955345575992,2.4404554317565883,-0.3441072427165948,-459348788,17.037059642650462,20.202843936873055,91.65083363850911,87.3808339436849,89.51583379109701,-1733218.596356932,0.014959670880743786
2020-08-03,87.19999694824219,87.19999694824219,85.0,85.5999984741211,67.13441467285156,14158505,4.4496852653220085,-0.016222853332575227,88.22000045776367,92.90600036621093,36.7702273940671,-1.669305883017941,13.979909411259314,92.32433123463315,85.19067044383365,8.037248371515899,89.05623987754181,88.4349785502226,-0.016091971561826512,2.423279825791274,-0.34115108205778916,-473507293,7.894718349801786,11.882021235579307,91.20583330790203,86.87083422342936,89.03833376566568,-13792358.601561727,0.025229323683898776
2020-08-04,86.5,87.0,85.3499984741211,85.5999984741211,67.13441467285156,19621505,4.4496852653220085,0.0,87.94500045776367,92.75800033569335,36.77022739406709,-1.738796331439758,14.737425493420622,91.77995655427624,85.04004466642688,7.623472278384094,88.72707402959698,88.18438633960218,0.0,2.368045661511819,-0.3346801971864004,-453885788,7.894718349801786,10.942165447417997,90.75666681925456,86.57666727701823,88.66666704813639,-4597452.867187243,0.019075162148889088
2020-08-05,85.9000015258789,86.5999984741211,85.4000015258789,85.9000015258789,67.36970520019531,9478990,4.453183846753642,0.0034985814316339514,87.50000076293945,92.5820004272461,38.03648886968871,-1.7494932047760017,15.440833283998979,91.4738714181998,84.83612995509121,7.529625558852886,88.45782902924287,88.13826307878176,0.0035047086110464587,2.284613610563988,-0.27921832243158495,-444406798,11.842127718097831,9.210521472567121,90.43666674296063,86.33666750590007,88.38666712443033,363332.9959921101,0.013969696471782565
2020-08-06,86.5,87.44999694824219,85.5999984741211,86.1500015258789,67.56576538085938,12208873,4.456089980685824,0.0029061339321811985,87.06000061035157,92.39100051879883,39.13044750953918,-1.7179936815519596,15.547578257743256,91.01850513173379,84.78649669932089,7.089682736560294,88.2380359336844,88.03917393350389,0.0029103608330516284,2.2535696722466385,-0.282500294131001,-432197925,15.131602062747767,11.622816043549115,90.22250010172526,86.05750071207682,88.14000040690104,2155923.1653307034,0.02138726559677565
2020-08-07,86.19999694824219,86.69999694824219,85.3499984741211,85.80000305175781,67.29127502441406,10339288,4.452019042062189,-0.00407093862363439,86.70000076293945,92.15000061035157,38.11587838429681,-1.7016563985393276,15.75989109706461,90.69483122021907,84.65017076342352,6.89459110714709,88.00584232588187,87.95003499277799,-0.004062663585861381,2.1890288723805282,-0.2898991996261041,-442537213,10.526358057595917,12.500029279480492,89.98583310445149,85.84083417256673,87.91333363850912,-1693848.9605554554,0.015661235753078796
2020-08-10,86.80000305175781,88.69999694824219,86.1500015258789,88.19999694824219,69.17353820800781,12215464,4.479606928412316,0.0275878863501271,86.75500030517578,91.95600051879883,48.06059606008099,-1.4780119326584469,14.762008761888037,90.44562576454625,84.72937576133266,6.52633075886586,88.02433324229713,87.93425149519922,0.027971955840567997,2.239812088387946,-0.21759873269588229,-430321749,42.10523145680306,22.587730525715568,89.79249954223633,85.72750091552734,87.76000022888184,18980076.374964587,0.029377826413701267
2020-08-11,89.0,89.5999984741211,87.80000305175781,88.25,69.2127685546875,11180265,4.480173695813406,0.0005667674010894075,86.725,91.78600051879883,48.24719885547987,-1.2819596212707154,14.045288794864222,90.49017858746696,84.74482278582407,6.55731532698077,88.04582531445931,87.47938480840715,0.0005669280440809832,2.208396612243327,-0.19804910917080312,-419141484,49.242435626968756,33.9580083804559,89.76916592915853,85.77416776021322,87.77166684468588,6699390.371295569,0.02022466766700316
2020-08-12,88.0,89.1500015258789,87.05000305175781,88.69999694824219,69.56568145751953,14803880,4.485259854910146,0.0050861590967405945,86.77999954223633,91.66600051879882,49.98855781097688,-1.0778509640983742,13.110833161041214,90.55602883510225,84.7439719278372,6.630983322270241,88.10812737481957,87.33163725389966,0.0050991155608179906,2.2006538880917392,-0.13336020004704052,-404337604,67.2726717862216,52.87344628999779,89.76333249409993,85.75833447774252,87.76083348592122,6674264.005194226,0.023863619024103336
2020-08-13,87.4000015258789,87.5,86.5,87.25,70.53581237792969,13723113,4.468777561082536,-0.01648229382761013,86.84499969482422,91.50800048828125,44.76210377449149,-1.0213228443604692,12.534211830493215,90.55814125507058,84.79185950786888,6.576882488865568,88.02640095817009,87.16885278392559,-0.016347204037541085,2.2006069638167713,-0.09505850476193206,-418060717,48.38708089616644,54.967396103118915,89.68999900817872,85.84000129699707,87.76500015258789,-11040893.311857052,0.011441647397499217
2020-08-14,87.3499984741211,89.8499984741211,86.69999694824219,88.4000015258789,71.46549987792969,25402282,4.481871986904671,0.013094425822134603,86.98499984741211,91.31700057983399,49.290475576113536,-0.8736574112266311,12.473455870307507,90.56780240441753,84.79219820593403,6.587139801985802,88.06198196461855,87.27140259750371,0.01318053324789581,2.268420861106924,-0.10842704078904147,-392658435,70.10314630037172,61.92096632758657,89.7816655476888,85.78166783650715,87.78166669209797,15794810.936585164,0.03606183836181917
2020-08-17,89.4000015258789,96.5,89.4000015258789,95.30000305175781,77.04369354248047,115111358,4.557029842682798,0.07515785577812739,87.95500030517579,91.25200057983399,66.85029562198865,-0.19758143834536668,14.477752414251906,92.47291761886449,83.70208314407496,9.956956931240809,88.75131730625085,89.8190110320827,0.07805431455630618,2.6849621191793642,0.14514282148858335,-277547077,89.5652439283288,69.35182370828898,90.34416542053222,85.82416801452636,88.0841667175293,534777300.8761904,0.07941832609550721
2020-08-18,96.19999694824219,97.80000305175781,94.05000305175781,95.05000305175781,76.84159088134766,52023697,4.554403101041306,-0.0026267416414924583,88.90000076293946,91.19300064086914,65.95908439875282,0.31441633457693285,16.61220408647426,93.75771301190224,83.08728820880089,12.067544719326989,89.35119213915628,90.77972776534574,-0.0026232947743372037,2.761036253523695,0.04331010673379744,-329570774,78.51563012227294,79.39467345032448,90.82416559855143,86.11416803995768,88.46916681925455,169588484.12539685,0.038981290217894565
2020-08-19,96.0,96.5,94.25,94.6500015258789,76.51821899414062,21840924,4.550185893776609,-0.004217207264696654,89.77500076293946,91.12300064086914,64.47794869841667,0.6800621450917674,18.594194924966445,94.57828312175553,82.69671840412337,13.404670275405604,89.85584065217748,91.17065210604368,-0.004208327333362516,2.7245336639862887,0.021623042635704432,-351411698,75.39061894640471,81.15716433233547,90.97083231608073,86.42583491007488,88.6983336130778,50705226.090728804,0.0234375
2020-08-20,94.5999984741211,101.9000015258789,94.25,101.0999984741211,81.73260498046875,112338263,4.616110110933657,0.06592421715704777,91.27000045776367,91.18400054931641,74.4435466082611,1.4733164580889166,21.37506661273744,97.19688125030308,81.13311981781214,18.015770017693427,90.92671282569592,93.24544516905127,0.06814576697580566,3.0763527969786186,0.20402685251177816,-239073435,95.26625455901427,83.05750120923062,91.69999910990397,86.52500139872232,89.11250025431315,499956044.37746173,0.08086682504515738
2020-08-21,102.69999694824219,107.8499984741211,101.5999984741211,105.94999694824219,85.65349578857422,107862545,4.662967255910553,0.046857144976896414,93.28499984741211,91.36500045776367,79.17466748263293,2.464916536485646,24.622421205309404,100.8602627329619,79.12473787738966,24.152595807277677,92.35750178974794,95.82053593399245,0.047972290280128504,3.338756168623003,0.24373622033479328,-131210890,91.55554877387152,87.4041407597635,92.69749908447265,87.09250106811524,89.89500007629394,515407467.2356991,0.06085686646271098
2020-08-24,107.0999984741211,108.0,103.75,105.4000015258789,85.20886993408203,49154455,4.657762650584291,-0.005204605326261991,95.00500030517578,91.6090005493164,77.42424613467998,3.169846689155108,27.651837292782375,103.58190543211606,78.17809517823551,27.953136189012266,93.59964462176042,97.01743491208511,-0.005191084834405002,3.40384501372136,0.222219887179692,-180365345,88.52097881251598,91.78092738180057,93.66999918619791,87.8750010172526,90.77250010172526,153779338.9193918,0.03968254024790617
2020-08-25,106.0,107.4000015258789,103.19999694824219,103.80000305175781,83.9153823852539,50940674,4.642466000132152,-0.01529665045213946,96.56000061035157,91.8290005493164,72.40898025714311,3.55838357790752,30.192474418049716,105.4740687487017,77.81093186164988,30.185925520289913,94.57110732937922,97.84022618043714,-0.01518025095785458,3.4607135540010283,0.1417556832455221,-231306019,81.45696836513034,87.17783198383927,94.62083257039389,88.59583409627278,91.60833333333332,-3076887.474002771,0.03962268469468603
2020-08-26,104.5999984741211,104.5999984741211,101.5999984741211,102.80000305175781,83.10694885253906,30828711,4.632785382707424,-0.0096806174247277,97.97000122070312,92.05500061035156,69.38387398794063,3.74246936165477,31.773419359699954,106.92232055132158,77.82768021161789,31.496227571913522,95.35481168389147,98.31610727511872,-0.00963391108477496,3.4278054430009552,0.13983446364885424,-262134730,77.04195762503196,82.33996826755941,95.40499916076661,89.2550006866455,92.32999992370605,-21578103.158000924,0.028680688754906866
2020-08-27,103.19999694824219,103.9000015258789,102.0,102.5999984741211,82.94525909423828,19363725,4.630837917864555,-0.0019474648428694508,99.50500106811523,92.25300064086915,68.76508749762934,3.8280921106862422,33.24143966266089,108.11837723936723,78.23162352357222,32.07593624194797,96.04482947343715,98.65425217490451,-0.0019455697636119318,3.3186765917779515,0.13791949234246417,-281498455,75.28603248062186,77.92831949026136,96.13499921162924,90.08500073750814,93.1099999745687,-9774590.146066023,0.01841086804325985
2020-08-28,103.1500015258789,104.25,101.25,101.55000305175781,82.0964126586914,21358972,4.620551318078169,-0.010286599786385686,100.82000122070312,92.42400070190429,65.46428990807021,3.767790161155574,34.22359726605263,108.9885700696365,78.81643099847875,32.131347833718834,96.5691317189915,98.98393392777197,-0.010233873664512005,3.2959139780795264,0.11091410692824807,-302857427,70.00001419422239,74.1093347666254,96.98916613260904,90.76916720072428,93.87916666666666,-18209411.932945672,0.029083858028323358
2020-08-31,102.5999984741211,102.69999694824219,95.5,96.4000015258789,77.93297576904297,40298594,4.568506217445119,-0.05204510063305001,100.93000106811523,92.44600067138671,52.22331493612345,3.2667809318388663,32.78083578049844,109.0672840191575,79.8177173541335,30.970766818291146,96.55302408155221,99.10994316370166,-0.05071394752449254,3.5747770473768594,0.07533525999199076,-343156021,46.04651872501817,63.77752179995412,97.85249951680501,91.13250058492025,94.49250005086263,-144428351.0381649,0.07017540989591974
2020-09-01,97.5,101.1500015258789,96.5,99.80000305175781,80.68164825439453,44304572,4.603168213896153,0.034661996451034405,101.40500106811524,92.42700073242187,58.23001879114852,3.1082492535914525,31.441128686769552,109.36413289308743,80.94086893796725,29.871273672936077,96.86226017395275,99.33959816272832,0.03526972481391688,3.658721543992798,0.11456642489617833,-298851449,61.860479310501454,59.30233740991398,98.66083297729492,91.64083404541016,95.15083351135254,52280957.92288626,0.047692323342347756
2020-09-02,99.80000305175781,100.5,98.30000305175781,98.94999694824219,79.99446868896484,20904846,4.594614641207161,-0.008553572688992261,101.83500061035156,92.46500061035157,56.32351542517437,2.8808151241588575,30.19711495687844,109.44427874279567,82.16572263049535,28.47299819090001,97.0610922476946,99.57328260197873,-0.008517094965165506,3.5545269300106113,0.10403317407188824,-319756295,57.51172884920808,55.13957562824256,99.37499961853027,92.2550006866455,95.81500015258788,5580821.51225929,0.02204405692353772
2020-09-03,99.0,99.69999694824219,96.9000015258789,97.69999694824219,78.98393249511719,19004282,4.581901527812731,-0.012713113394430486,101.49500045776367,92.49700057983398,53.54701001668869,2.5700810897127155,28.521944142225852,109.29645734006064,83.4685435754667,26.79730619347455,97.12194031441342,99.93898801168781,-0.012632643138471678,3.500631822321516,0.09911238183985625,-338760577,44.62363496379524,54.66528104116825,100.00749944051105,92.79250081380209,96.40000012715657,-13976627.829246903,0.028282782044073546
2020-09-04,96.05000305175781,97.44999694824219,94.0,94.69999694824219,76.5586166381836,27339411,4.550713967966501,-0.031187559846229895,100.37000045776367,92.45100051879882,47.49558153482139,2.0580235859191447,26.953474491201508,108.83360263368212,84.82139767149366,24.798951665950547,96.89127904144473,100.89401859089212,-0.030706244562006324,3.514872188458707,0.08123118865242349,-366099988,4.999978201729911,35.711780671577735,100.58416595458985,93.15916748046875,96.8716667175293,-59337697.9430823,0.03591875938185146
2020-09-07,94.80000305175781,96.0,92.05000305175781,92.4000015258789,74.69923400878906,28474893,4.526126995161479,-0.024586972805021645,99.07000045776367,92.40100051879882,43.442136778749806,1.449910253403246,26.049676738966774,108.57023132048492,85.50476944245453,23.769637292135947,96.46353832567657,100.99950704623653,-0.024287175253240312,3.5459525284432414,0.04229114727697495,-394574881,2.1943482199829907,17.272653795169365,100.94416618347168,93.3791675567627,97.16166687011719,-63440648.34921693,0.04166663313381555
2020-09-08,93.25,93.25,90.30000305175781,90.6500015258789,73.28448486328125,31186005,4.507005954033501,-0.019121041127978522,97.75500030517578,92.29800048828125,40.60276403828782,0.8173438503961705,25.664019212122504,108.36741921632944,85.94758169919791,23.075766061805883,95.90986815426726,100.71568379181336,-0.018939393626631773,3.5033842727145945,0.0197900801398894,-425760886,1.9773928500922855,3.057239757268382,101.14416631062826,93.46416753133137,97.30416692097981,-57530555.28307231,0.03163535601332105
2020-09-09,90.0999984741211,91.25,88.5,90.4000015258789,73.0823745727539,28307198,4.5042442842773225,-0.0027616697561780867,96.51500015258789,92.2340005493164,40.19855288530987,0.2924859124231318,25.735824520040126,108.21793979668462,86.26706157660641,22.5733378564716,95.38511895156361,100.48742729141465,-0.0027578598542949972,3.449571110377838,0.022211326838400103,-454068084,9.743597568609776,4.638446212895004,101.2641663869222,93.51916745503743,97.39166692097982,-23894718.09435744,0.030521643136207897
2020-09-10,91.0,91.5,89.25,90.55000305175781,73.2036361694336,27263673,4.505902218031882,0.0016579337545596928,95.31000061035157,92.17700057983399,40.5807786875313,-0.1100948108465758,25.701001720834082,107.8640420637891,86.95095961467769,21.46968382201643,94.92463172301068,98.7204395931063,0.001659308886581945,3.363887459636564,0.018866324921909466,-426804411,10.512836162860577,7.411275527187532,101.49416643778483,93.62416750590008,97.55916697184246,-5238510.997410122,0.024725274725274724
2020-09-11,90.19999694824219,90.9000015258789,89.44999694824219,90.0999984741211,72.8398208618164,18190992,4.500920147678899,-0.004982070352983037,94.1650001525879,92.08900054931641,39.7597508179327,-0.46015021776854326,25.66866626442847,107.67892615742772,87.3060752158633,20.89683903692819,94.46514284216404,97.49473686469646,-0.00496968042485324,3.227181539493718,0.014522815286802136,-444995403,8.465599708710547,9.574011146726953,101.50083325703937,93.80083401997885,97.65083363850911,-7203523.446971994,0.016075439320344415
2020-09-14,90.4000015258789,91.94999694824219,89.75,90.8499984741211,73.44615936279297,22533738,4.5092097780465945,0.008289630367695366,93.60999984741211,92.00200057983399,41.8706242667188,-0.6693372150120354,25.175114415984975,107.82596542631447,86.71403548921288,21.704461640533005,94.1208433785409,96.11908739850804,0.008324084491692973,3.15381121154718,-0.08225045869344362,-422461665,14.59626519777904,11.19156702311671,101.11166636149088,93.90166727701822,97.50666681925455,8865694.517676001,0.02433624901668162
2020-09-15,90.9000015258789,92.75,90.55000305175781,91.0999984741211,73.64827728271484,26866105,4.511957787516418,0.0027480094698235646,92.73999938964843,91.97300048828124,42.59273815710094,-0.805659367097249,24.37089588087261,107.93069889416395,86.21430156359972,22.371317602163693,93.83314386383425,95.22104593616172,0.0027517887088486237,3.0856816213111093,-0.07052438316034564,-395595560,16.50792681981647,13.189930575435339,100.82583274841309,93.77083396911621,97.29833335876465,7432915.672558667,0.02420238626306135
2020-09-16,91.5999984741211,91.5999984741211,89.30000305175781,89.6500015258789,72.47604370117188,20778500,4.495913217071542,-0.01604457044487617,91.80999984741212,91.94600051879883,39.52581669174799,-1.0189524409030355,24.018953570948042,108.11388967663095,85.53111078113272,23.32389562561808,93.43474935545755,94.55206916135997,-0.0159165419597026,3.0295611785291214,-0.07113232892953153,-416374060,7.301596989707341,12.801929669100936,100.58083254496256,93.52083422342936,97.05083338419595,-17608202.501847304,0.025109120749746278
2020-09-17,89.05000305175781,89.44999694824219,88.30000305175781,88.6500015258789,71.66761779785156,21804215,4.484696049732613,-0.011217167338928746,90.90500030517578,91.89500061035156,37.519314735097765,-1.254222485156518,23.993783557054318,107.84663080331876,84.55336995962068,24.213368764377762,92.97905908597387,93.77812691193245,-0.01115448949224318,2.909592413928548,-0.22920163537602886,-438178275,2.4305459893739445,8.746689932965905,99.74166552225749,93.33166796366373,96.5366667429606,-20405544.167282432,0.012914024223176874
2020-09-18,89.05000305175781,91.0999984741211,88.69999694824219,90.55000305175781,73.2036361694336,44757908,4.505902218031882,0.021206168299269024,90.49000091552735,91.89800064086914,43.39860011028458,-1.272690660382949,23.21771083182544,106.4138255859125,84.44617578737852,23.019647532715716,92.74772041604854,92.88197828712052,0.021432616956292394,2.8767641663795223,-0.2839495044168449,-393420367,17.509729705659705,9.080624228246984,98.79833234151205,92.77333463033041,95.78583348592123,49891547.60767099,0.02695116725020181
2020-09-21,91.1500015258789,91.3499984741211,87.3499984741211,88.30000305175781,71.38465881347656,17714694,4.4807401421711575,-0.02516207586072472,90.08000106811524,91.86600067138671,38.74864721215808,-1.4521436106556962,22.93042130641979,104.96766643866704,84.18233508721187,21.97761690063892,92.32412828611609,91.90635359176486,-0.024848149355819582,2.9569952973524134,-0.2968270705803574,-411135061,7.224368573396218,9.054881422809942,97.9499989827474,91.95000127156575,94.95000012715658,-9941525.130776335,0.04388370743871395
2020-09-22,88.30000305175781,89.55000305175781,85.30000305175781,87.69999694824219,70.89960479736328,25113194,4.473921864580443,-0.00681827759071485,89.78500061035156,91.86700057983398,37.59193493111761,-1.6240557410853995,23.255261997306256,103.66183547088403,83.87816544464332,21.098080334500764,91.8837348253662,91.1723394490398,-0.006795085875183071,3.049352776112955,-0.2372260584034992,-436248255,16.66663134538072,13.800243208145536,97.0883321126302,91.08333485921224,94.08583348592123,-13359221.496106759,0.04813136866494586
2020-09-23,87.6500015258789,88.1500015258789,84.19999694824219,85.0999984741211,68.79768371582031,24107408,4.443827017648906,-0.030094846931536523,89.25500030517578,91.80800048828125,32.995458130129634,-1.947644260114501,23.846570732191623,102.55149368908111,83.21850676868256,20.81389554046329,91.2376646966762,90.45680855945083,-0.029646505867674477,3.113685047650367,-0.253369167714261,-460355663,6.792464346255896,10.227821421677598,96.27666562398274,90.17666791280111,93.22666676839194,-46239223.17537868,0.045065653267221784
2020-09-24,84.0999984741211,85.6500015258789,82.1500015258789,82.6500015258789,66.8170166015625,17724521,4.414614842728968,-0.029212174919938327,88.46500015258789,91.72600051879883,29.35325775993799,-2.3744140043974653,24.88911454096882,101.45493857269003,82.32006219024942,20.824243017823346,90.41979201374313,89.72886905444082,-0.0287896238798081,3.1412789728181982,-0.26462157601511066,-478080184,3.610108700981135,9.02306813087257,95.38916562398275,89.129168065389,92.25916684468586,-44363089.29782927,0.04161712322833164
2020-09-25,83.3499984741211,85.1500015258789,82.3499984741211,84.80000305175781,68.55514526367188,15999517,4.440295578785567,0.02568073605659915,87.93500061035157,91.65600051879883,36.02692858716173,-2.5102088218778533,25.857190934833362,100.00008309907021,82.09991766386925,19.65970934673819,89.88457401736358,89.15352649970558,0.02601332711658455,3.1169021213138848,-0.2116850377850719,-462080667,23.87389090239254,11.425487983209843,94.46666577657064,88.2266679128011,91.34666684468587,8144960.876273908,0.03359331857249129
2020-09-28,85.5999984741211,88.25,85.0999984741211,87.5,70.7379150390625,22735756,4.471638793363569,0.031343214578002154,87.60000076293946,91.66300048828126,43.27402145604389,-2.3726100326152135,25.269270233324033,99.32898325294313,81.88101735740842,19.257177679781982,89.6574717299956,88.7936631795298,0.03183958550796562,3.1406946089516206,-0.13563182900350873,-439344911,50.47169098356585,25.985230195646494,93.70166600545248,87.86666768391927,90.78416684468587,43639301.50274397,0.0367990839022179
2020-09-29,88.5,88.9000015258789,84.6500015258789,85.1500015258789,68.83808898925781,21328822,4.44441442502859,-0.027224368334978877,87.00500106811523,91.5990005493164,39.12012342614342,-2.425230688164234,24.447451270804265,97.80997087514876,81.9350295826149,17.66384739726226,89.22818885341307,88.51783900083508,-0.026857125418526806,3.2199307083122193,-0.21446003969196265,-460673733,28.3018908665338,34.215824250830714,93.0358325958252,87.24083442687989,90.13833351135254,-18868698.935618952,0.0480225988700565
2020-09-30,85.5999984741211,85.8499984741211,83.4000015258789,85.0999984741211,68.79768371582031,18475452,4.443827017648906,-0.0005874073796841017,86.55000076293945,91.49400054931641,39.03426396003201,-2.4428085883709088,24.0765557346819,96.19144672833677,82.16855388201479,15.724257454962274,88.83502786490908,88.13680038380544,-0.0005872348897447699,3.1649354397357885,-0.18278438612686965,-479149185,27.830163895252717,35.53458191511744,92.32499923706055,86.50500106811523,89.4150001525879,-6905452.300276305,0.028621460185923712
2020-10-01,85.80000305175781,85.80000305175781,84.5,84.9000015258789,68.63597869873047,18244405,4.4414741112899625,-0.002352906358943585,86.17500076293945,91.38100051879883,38.66870357951212,-2.444696345505193,23.732152736853987,94.59537760467146,82.48462346344377,13.67828559767084,88.46026345166811,87.8456646061053,-0.00235014044451487,3.0317259834516475,-0.18071989491897814,-497393590,25.943399960989318,27.35848490759193,91.5983331044515,85.92833417256674,88.76333363850912,-4734367.648421774,0.015151550180873554
2020-10-05,85.0,85.44999694824219,83.80000305175781,84.44999694824219,68.27220153808594,15677842,4.436159607116949,-0.005314504173013823,85.56500015258788,91.28200042724609,37.81066717776706,-2.454213371156868,23.64139205487208,93.6287040805429,82.42629698757234,12.726031098243414,88.0783333084847,87.46308941172968,-0.005300407179610556,2.9330308343825564,-0.15758187659164233,-513071432,21.698073145750968,25.157212333997652,90.96749966939291,85.47750104268393,88.22250035603841,-6281522.994450731,0.019411692899816178
2020-10-06,84.44999694824219,84.6500015258789,83.6500015258789,84.1500015258789,68.0296630859375,13094249,4.43260093876966,-0.003558668347288574,85.15,91.2120004272461,37.217770745583685,-2.45763274550373,23.60741090088838,93.08090420098674,82.14909686712849,12.477095551245068,87.70420647204605,86.95581450114483,-0.003552343791642043,2.794957203355231,-0.11110074836685237,-526165681,21.164027998675955,22.935167035138733,90.35333315531412,85.15833422342936,87.75583368937176,-4712650.83767356,0.011841326656445958
2020-10-07,84.19999694824219,84.25,82.25,82.80000305175781,66.93827819824219,19056844,4.416428098248192,-0.0161728405214685,84.66000061035156,91.09700042724609,34.58926369290198,-2.5399967176939526,24.034905789022556,92.88416750999798,81.56083371070514,12.98212470412593,87.23713947963765,86.48074312881029,-0.016042762324917192,2.7381745459727145,-0.07957808546912178,-545222525,7.065236320573996,16.64244582166696,89.89083328247071,84.79083404541015,87.34083366394043,-18722023.826933667,0.023752969982046457
2020-10-08,83.0999984741211,83.3499984741211,82.3499984741211,82.5999984741211,66.77659606933594,11961568,4.414009662053822,-0.0024184361943699884,84.41000061035156,90.98600036621093,34.20385176843622,-2.5915358449172032,24.43186532800429,92.6376942006747,81.02730671485264,13.371015949804976,86.7955070029218,86.14858095933809,-0.0024155141336371644,2.614019221260378,-0.12230013570724367,-557184093,4.89127279904334,11.040179039431083,89.43916651407878,84.51416727701823,86.9766668955485,-7835586.846119816,0.012033694565125881
2020-10-09,82.8499984741211,83.1500015258789,81.6500015258789,82.9000015258789,67.01911926269531,18016087,4.417635080547509,0.003625418493687249,84.43500061035157,90.9120004272461,35.367193387570666,-2.5784504635995518,25.03311401056755,92.23307859483138,80.66692216810806,13.37901258031977,86.42450648129866,85.2145986681405,0.0036319982723946875,2.5344464197417795,-0.10627177904363869,-539168006,12.886601992452404,8.281037037356565,89.00833320617676,84.15833396911621,86.58333358764648,991391.771782896,0.01810500938595114
2020-10-12,83.6500015258789,84.55000305175781,82.4000015258789,82.75,66.89785766601562,11714109,4.415824014257172,-0.0018110662903367825,84.23000030517578,90.82700042724609,35.03365415800209,-2.550780267040764,24.73161451940021,91.82508456210783,80.33991635341951,13.342047625955653,86.07455348307974,84.8581680776965,-0.0018094272993720573,2.506986070180146,-0.1227216714528282,-550882115,13.92402862857314,10.567301140022947,88.6974998474121,83.77750091552734,86.23750038146973,-840958.8922802537,0.025702348914049423
2020-10-13,82.80000305175781,83.4000015258789,82.4000015258789,82.6500015258789,66.8170166015625,11503196,4.414614842728968,-0.0012091715282043225,83.74500045776367,90.76800048828125,34.79804964392743,-2.508009703375663,24.45165070617339,91.16025743916951,80.18474378153361,12.8110112106495,85.74840567763204,84.48157287643548,-0.0012084407748772508,2.3993442080244214,-0.14063380466477152,-562385311,13.793103448275861,13.534578023100453,88.23583348592123,83.43583424886069,85.83583386739096,-1047187.6624373307,0.012077294240857765
2020-10-14,82.80000305175781,83.05000305175781,78.0999984741211,79.0999984741211,63.947059631347656,47114322,4.370712855483103,-0.04390198724586458,83.14000015258789,90.63800048828125,27.681000190156013,-2.729109821973438,25.571836506570673,90.6781660718418,79.46683514886134,13.178560454371171,85.11522403920242,83.5700605316087,-0.04295224423736099,2.5815342344252996,-0.16893047217280668,-609499633,9.259256642869556,12.325462906572838,87.80416717529297,82.72916717529297,85.26666717529297,-111853053.80847928,0.059782661777711514
2020-10-15,79.0999984741211,80.5,78.5,79.0,63.866249084472656,20107413,4.3694478524670215,-0.0012650030160816783,82.53000030517578,90.50000045776368,27.510317291505658,-2.879212530240906,26.612009035511004,90.32563876569168,78.75436230242354,13.687338999491198,84.53282174975456,83.25442613370052,-0.0012642032370431266,2.539996074823492,-0.1586300890895546,-629607046,8.333345107086998,10.461901732744124,87.24666735331218,82.2016668955485,84.72416712443034,-38624825.01517486,0.025284450550960933
2020-10-16,79.0,80.5,78.44999694824219,80.30000305175781,64.91719055175781,16578267,4.385769658957171,0.016321806490149804,82.07000045776367,90.38300048828125,33.27081165281113,-2.8602988812476724,27.591908982849045,89.86649565749383,78.3785055632093,13.656263200610194,84.12969615946915,82.9847580050274,0.016455734832377278,2.504996573175944,-0.10742496304476275,-613028779,20.37040699982622,12.654336249927576,86.83916778564453,81.70416641235352,84.27166709899902,1492923.456845602,0.025949405718453323
2020-10-19,80.94999694824219,83.1500015258789,80.5,81.6500015258789,66.00857543945312,21839955,4.40244183810452,0.01667217914734831,81.79000091552734,90.30000045776367,38.71705190487679,-2.70519231066784,26.92128814373273,88.69362170959509,78.66137935852014,11.989175449847153,83.89353476579389,82.54369161397852,0.01681193552696314,2.5296395661005975,-0.18366803941998827,-591188824,32.87038933919572,20.524713815369633,86.43416786193848,81.27416648864747,83.85416717529297,20153578.43553077,0.032736277032515075
2020-10-20,81.6500015258789,81.94999694824219,80.30000305175781,80.6500015258789,65.20014190673828,14238188,4.390118823490981,-0.012323014613538241,81.44000091552735,90.14900054931641,36.350363325753456,-2.632613746131881,26.372498251828123,87.99987989914067,78.59012101638669,11.296907174549299,83.58462683818294,82.15106305391599,-0.012247397199166676,2.466807732556582,-0.18246194311361152,-605427012,32.903265183971776,28.71468717433122,85.91500091552734,80.9900001525879,83.45250053405762,-2774265.8548230743,0.020208130626444762
2020-10-21,81.44999694824219,83.80000305175781,80.6500015258789,82.30000305175781,66.53407287597656,38563701,4.4103711447639204,0.020252321272939078,81.39000091552734,90.03000061035156,42.586581101860745,-2.414124848819853,24.909511219156997,87.28663147998162,78.76337004589729,10.265897447469738,83.46228171566625,81.98968291866481,0.020458791006339405,2.515607289222462,-0.17984760608062197,-566863311,54.545481568087354,40.106378697084935,85.5966677347819,80.78166681925455,83.18916727701823,41495355.04408424,0.03867405333213936
2020-10-22,82.30000305175781,85.9000015258789,81.4000015258789,84.6500015258789,68.43387603759766,34256481,4.438525126604884,0.028153981840963738,81.59500122070312,89.9490007019043,50.087321550311025,-2.027968428787119,23.619927389204086,87.2246418169578,78.7803600140969,10.173526953669441,83.57539788806746,82.03107486450901,0.02855405087461782,2.657349625706572,-0.1059380805436096,-532606830,83.97436524440462,57.141037332154575,85.53250096638997,80.66250050862631,83.09750073750814,67500237.06720024,0.054678005262891495
2020-10-23,86.0,86.5999984741211,84.5,86.25,69.72737884521484,46258872,4.457250055911469,0.018724929306585203,81.93000106811523,89.9290007019043,54.45057369906063,-1.5746782678197633,22.698029935358427,87.6301151208663,78.7348865576005,10.693629637870078,83.8301218987277,82.44372144811275,0.018901340168693936,2.6175388291647517,0.0005781138351493116,-486347958,95.88237089269302,78.13407256839498,85.57750078837077,80.84750048319499,83.21250063578289,71842828.76544207,0.02441858690838481
2020-10-26,87.0999984741211,88.0,84.30000305175781,85.94999694824219,69.4848403930664,34724632,4.453765696322659,-0.0034843595888105483,82.25000076293945,89.88000061035156,53.50609219748297,-1.225523219705579,22.364342523415356,87.79813526218236,78.68186580593287,10.951789281307807,84.03201476058622,82.74447776842577,-0.003478296252264479,2.6948572662417116,-0.03403204777678249,-521072590,79.29290165866094,86.38321259858617,85.72166709899902,80.9016674041748,83.31166725158691,17002612.541036032,0.04247987385833905
2020-10-27,88.80000305175781,90.05000305175781,87.05000305175781,89.44999694824219,72.31436920166016,95412168,4.4936797758378155,0.039914079515156686,82.93000030517578,89.76300048828125,61.825484207281406,-0.6588003390496766,22.72424105908203,88.31965446596233,78.35534629697712,11.95657191945344,84.5480130641725,84.10791871705285,0.04072135106773356,2.7952250403327055,0.05649058536242347,-425660422,94.97903034582532,90.05143429905975,85.80916709899903,81.0041675567627,83.40666732788085,228295929.51367867,0.03378378262274862
2020-10-28,89.44999694824219,90.6500015258789,87.5,88.0999984741211,71.22297668457031,44763206,4.478472515622283,-0.01520726021553287,83.83000030517579,89.62400039672852,57.54811665496887,-0.31497117591240453,23.238882498641114,88.83421325871011,78.13578719905355,12.814788321645604,84.8862973889295,84.5997722909799,-0.015092213752698425,2.8205662178717197,0.03342290575819946,-470423628,79.68125552447059,84.65106250965226,85.88000043233237,81.18500073750815,83.53250058492026,35811803.30671411,0.03521522228448559
2020-10-29,87.0,88.5,86.0,86.5,69.92948150634766,41912944,4.460144413937834,-0.01832810168444876,84.58000030517579,89.46100036621094,52.878718177039154,-0.16963514374430133,22.921747318830406,89.02225563608025,78.08774497427132,13.086602383904959,85.03998335188861,84.88627079679014,-0.018161163471428265,2.7976686308808825,-0.024129858286690873,-512336572,66.93226679895,80.53085088974863,85.9933339436849,81.2933339436849,83.6433339436849,-32769829.86171053,0.028735632183908046
2020-10-30,86.9000015258789,88.75,86.30000305175781,87.5999984741211,70.8187484741211,40735912,4.472780980523637,0.012636566585802811,85.30999984741212,89.19100036621094,55.54906644631021,0.03391444798390353,22.715093558590308,89.41088971617097,77.9691105890048,13.671620392286934,85.28379431591074,85.13798300304221,0.012716745365561888,2.772834939263833,-0.007304398405281351,-471600660,75.69719274824706,74.10357169055588,86.17500025431315,81.36000086466471,83.76750055948892,18949684.07405059,0.028193290048591956
2020-11-02,88.30000305175781,89.5999984741211,87.94999694824219,89.19999694824219,72.11225128173828,31922062,4.490881005373431,0.01810002484979467,86.06499938964843,88.85600036621094,59.17323163239896,0.3206393403164043,22.823281264264942,90.12906820514178,77.72593210003402,14.778393354452025,85.65676599518041,85.41678313845713,0.018264823082088988,2.7176324436021306,0.02509999730651267,-439678598,88.44618147376765,77.02521367365489,86.39250055948892,81.57750040690104,83.98500048319498,40366728.35188283,0.018686313350541377
2020-11-03,91.44999694824219,92.0,83.05000305175781,85.94999694824219,69.4848403930664,118128168,4.453765696322659,-0.03711530905077254,86.59499893188476,88.4670002746582,50.21698213727955,0.28236808114311884,21.644599594450863,90.28130417996397,77.75369566744814,14.910713272701278,85.68469275261486,86.14797047861185,-0.036434978825008235,3.1628013367907064,-0.03640782664588198,-557806766,55.35054103937667,73.16463842046379,86.9325003306071,81.32250048319499,84.12750040690104,-242488787.88270572,0.0978676571559385
2020-11-04,86.1500015258789,87.0999984741211,84.5,85.0999984741211,68.79768371582031,47519427,4.443827017648906,-0.009938678673752754,86.8749984741211,88.09300018310547,48.16373819280439,0.18135946042340834,20.55010947248065,90.38711757819449,77.87788181145395,14.868494115966586,85.62900758323451,86.32249509534296,-0.009889453220492284,3.1226011323143053,-0.057786484625340244,-605326193,49.077490982677055,64.29140449860711,87.08583348592121,81.41583379109701,84.25083363850912,-107757222.92164105,0.03017990049994452
2020-11-05,85.8499984741211,87.0,85.5999984741211,86.80000305175781,70.17200469970703,41267817,4.463606656824804,0.019779639175897756,87.08999862670899,87.77300018310547,52.359251876945464,0.23576777846959374,19.533797216365453,90.65892670757782,78.0260731398343,14.97804022784582,85.74053096118911,86.4988612777062,0.01997655238682161,3.0352725889974908,-0.00994641531270462,-564058376,55.55557004633717,53.32786735613029,87.29083366394043,81.58083381652833,84.43583374023437,10851244.232169248,0.01630753116787681
2020-11-06,87.19999694824219,88.75,86.9000015258789,87.30000305175781,70.57623291015625,46143960,4.46935049780269,0.005743840977886272,87.19499893188477,87.4670002746582,53.55005848415632,0.31559460567422093,18.437717178223572,90.96850123373979,78.15649876626021,15.150926790811026,85.88905211267185,86.73037660610215,0.005760368461068532,2.9577529003721117,-0.057070125420828365,-517914416,59.82907543451695,54.820712154510375,87.56250025431315,81.81750055948893,84.69000040690104,18998401.410723083,0.02121557957415028
2020-11-09,88.6500015258789,89.8499984741211,87.69999694824219,89.44999694824219,72.31436920166016,42703600,4.4936797758378155,0.024329278035125412,87.54499893188476,87.2250001525879,58.368798683371715,0.546049956557809,17.849163112242323,91.5839373330562,78.21106236176801,15.751788916426875,86.22818971605949,86.98450477372427,0.024627649728828693,2.928627366228624,-0.013414633279360226,-475210816,77.53300973941077,64.30588507342162,87.85083338419597,82.10583368937174,84.97833353678385,67541120.04218113,0.024252695869963103
2020-11-10,89.80000305175781,91.75,89.55000305175781,91.5,73.97164154052734,43483223,4.516338972281476,0.022659196443660434,87.74999923706055,87.12700012207031,62.376618020544825,0.8839163585976308,17.97282086523338,92.52565029361315,78.15434924862316,16.84005282813899,86.73026688595859,87.48404163853392,0.02291786608940849,2.8837256294807085,0.03243351056754193,-431727593,95.28301818891103,77.5483677876129,88.3166665395101,82.45166714986165,85.38416684468586,81940866.58090405,0.02449885159774639
2020-11-11,92.0,93.5,91.69999694824219,92.9000015258789,75.10345458984375,51801855,4.531523662244754,0.015184689963278153,88.22999954223633,86.98900009155274,64.86430870957446,1.2502344151536562,18.627040400269163,93.33563984490662,78.72436000250549,16.983935668207423,87.31786066118909,88.02081940329165,0.015300563124359678,2.820602370232087,0.08423959090055835,-379925738,94.2583861307058,89.02480468634252,88.78999977111816,83.24000053405761,86.01500015258789,75662072.88920659,0.01956525056258492
2020-11-12,92.4000015258789,92.5999984741211,90.4000015258789,90.80000305175781,73.40575408935547,33374610,4.508659319216915,-0.02286434302783924,88.65999984741211,86.82600021362305,58.60471350016771,1.355466810073608,18.600032203991724,93.44981560241818,79.79018455016971,15.769604063977393,87.64949326981467,88.3175478379957,-0.022604934764571594,2.7977022009297947,0.07034862625089613,-413300348,74.1627010838854,87.90136846783406,89.39666633605957,83.8266674041748,86.61166687011719,-21503729.0865222,0.023809490388655718
2020-11-13,90.0,92.3499984741211,89.19999694824219,91.44999694824219,73.93121337890625,24025139,4.515792341466095,0.007133022249179888,89.04499969482421,86.70100021362305,59.894792212918155,1.4743182928777685,18.026380263807912,93.6644449659343,80.69055457630203,14.882154711588205,88.01144600109347,88.51952408218655,0.00715852284843943,2.8228664384261597,0.06635014976389249,-389275209,80.38274018728161,82.93460913395758,90.01416613260905,84.33416735331218,87.17416674296062,3242886.112618412,0.03500001695421007
2020-11-14,90.55000305175781,92.4000015258789,90.30000305175781,90.9000015258789,73.4865951538086,12521960,4.509760017969779,-0.006032323496315328,89.21500015258789,86.62500030517577,58.24082345150842,1.5067599247109769,17.512266971386925,93.79512685779662,81.48487268443972,14.04638772878426,88.28654652726351,88.5228020188671,-0.006014165562788998,2.771233012404369,0.06424119125258018,-401797169,75.11962456067086,76.55502194394595,90.45833269755045,84.83333422342936,87.64583346048991,-3510385.0818046043,0.02319158921420188
2020-11-17,91.75,92.4000015258789,88.25,88.69999694824219,71.7080307006836,55324429,4.485259854910146,-0.024500163059633095,89.4900001525879,86.55100021362304,52.049238791536936,1.339507163689504,16.388108462489427,93.30465393939863,82.78034514507402,11.953668795234307,88.32592275783291,88.61722479874703,-0.024202470194792935,2.8697164776525503,0.02340390460789128,-457121598,54.06694302848357,69.85643592547866,91.02416636149088,85.14916712443033,88.0866667429606,-82312793.06402661,0.04523162426026056
2020-11-18,88.69999694824219,89.55000305175781,88.0999984741211,88.30000305175781,71.38465881347656,37574681,4.4807401421711575,-0.004519712738988879,89.81000061035157,86.50400024414063,50.98789554769885,1.1612952917885764,15.406558130371987,92.89752723945465,83.787471845018,10.312200177312334,88.3234542143972,88.7273784629716,-0.004509514207962972,2.7683084847942765,-0.008010419313044042,-494696279,50.23924912134172,59.808605570165376,91.25916646321613,85.55416692097982,88.40666669209799,-37457359.729573816,0.016347290051011147
2020-11-19,88.4000015258789,91.9000015258789,88.0,89.80000305175781,72.59730529785156,55196018,4.497585009292093,0.016844867120935803,90.11000061035156,86.49200027465821,54.71695793982255,1.128094591105068,15.072499587643069,92.86391884163397,84.33608039542658,9.625099867860316,88.46407791319345,88.90317874814464,0.01698754188174556,2.849143702014607,-0.028441471300536144,-439500261,64.59332029886792,56.29983748289772,91.52499987284342,85.8800001780192,88.7025000254313,42710231.42347539,0.04411766355837889
2020-11-20,90.25,92.0999984741211,89.9000015258789,91.80000305175781,74.21417236328125,47670803,4.519612330869993,0.022027321577899883,90.56000061035157,86.5170002746582,59.176867443541056,1.2487710268532624,14.837559935409768,93.21529720247928,84.53970233975706,9.761294911607608,88.7817850692472,89.07408301932972,0.022271714165168488,2.809918824896655,-0.024350706584195834,-391829458,83.73208186890287,66.18821709637082,91.80416653951008,86.14916699727375,88.97666676839192,77797814.4744918,0.02437669748744806
2020-11-23,92.9000015258789,94.4000015258789,92.0,93.6500015258789,75.70977783203125,54262598,4.539564445183519,0.019952114313525726,90.98000106811523,86.58800033569337,62.824211240163564,1.4766653089009196,15.42299122346243,93.85214986625519,84.67285013374482,10.283489407657607,89.24542473178356,89.87869440159264,0.02015248815490822,2.794924514126972,0.0010994620085637051,-337566860,92.42424359188756,80.24988191988609,92.1025001525879,86.57750015258789,89.34000015258789,92856420.49272814,0.025834246355855486
2020-11-24,94.25,94.80000305175781,93.75,94.1500015258789,76.11400604248047,35713773,4.544889271310054,0.005324826126535065,91.24500122070313,86.65400039672852,63.76645763987585,1.678272905275577,16.094854257972067,94.55857607068582,84.43642438707785,11.309982577973097,89.71252728360216,90.4989797527039,0.005339028209858876,2.6774300149663963,-0.07139632474999848,-301853087,92.9347695384965,89.69703166642894,92.27416699727375,86.94416669209798,89.60916684468586,42856731.164242715,0.011140615933769894
2020-11-25,94.44999694824219,94.9000015258789,92.8499984741211,93.94999694824219,75.95231628417969,32464332,4.542762693376687,-0.002126577933366569,91.35000076293946,86.71100036621094,63.07774968212929,1.8011471765237275,16.241689758648317,95.16090389695817,84.41909640821761,11.963255897634573,90.11609582309168,90.98270407455122,-0.0021243183685105693,2.63261380330864,-0.038716112239147525,-334317419,88.12494277954102,91.16131863664168,92.47666702270507,87.2566665649414,89.86666679382323,9956900.381468765,0.021704638623558634
2020-11-26,93.94999694824219,94.80000305175781,93.4000015258789,94.0999984741211,76.07357025146484,30825401,4.54435803037583,0.0015953369991423827,91.68000030517578,86.80000030517579,63.3970499793314,1.8888562323976714,16.378037009276262,95.63071469699538,84.70928545559251,12.112043065500854,90.49551512318972,91.43136090427406,0.0015966102261988357,2.5445700692065167,-0.010711740960457313,-303492018,88.88885356764037,89.98285529522595,92.77666714986165,87.66666653951009,90.22166684468587,6401538.251042364,0.014901560099572738
2020-11-27,95.75,97.05000305175781,91.80000305175781,94.69999694824219,76.5586166381836,216981706,4.550713967966501,0.00635593759067099,92.00500030517578,86.92100021362305,64.71161506976782,1.9839118526573145,17.28975996996394,96.19055355374523,84.85944644625478,12.51710257662574,90.89594196367091,92.48888468962028,0.006376179424552264,2.737815064263194,0.010182355110495062,-86510312,74.03309048543166,83.68229561087101,93.2650006612142,87.87499974568684,90.57000020345052,88926307.7584753,0.05483028720626632
2020-12-01,94.69999694824219,96.19999694824219,93.44999694824219,93.75,75.7906265258789,35330973,4.54063166485052,-0.010082303115980906,92.2900001525879,86.98500015258789,60.97746214993194,1.959993714794038,18.136359862031068,96.55081630257588,84.95418400259989,12.778306140853251,91.16775701474987,92.67907036947085,-0.01003164708401627,2.738685416815823,-0.03133236053915827,-121841285,63.53589017722108,75.485944743431,93.59750061035156,88.09749984741211,90.84750022888184,7265891.5672070235,0.02903907168553552
2020-12-02,94.6500015258789,95.19999694824219,93.80000305175781,94.80000305175781,76.63948059082031,27650080,4.551769441452514,0.011137776601993998,92.90000076293946,87.1150001525879,63.48546847600955,2.0026792494881818,18.92248833323626,96.80756605943787,85.58243485608946,12.30893266846054,91.51368520875062,92.75351376653502,0.01120003255208335,2.646636240489135,0.020725049410574174,-94191205,75.13812993065262,70.90237019776843,93.60000050862631,88.85500005086263,91.22750027974446,21777076.109967444,0.014791271779341631
2020-12-03,95.8499984741211,99.1500015258789,95.30000305175781,98.55000305175781,79.67109680175781,43841111,4.5905640645653225,0.03879462311280868,93.92500076293945,87.3320002746582,70.72266076445209,2.31244507582133,20.803764730960207,97.61913255917723,86.1158688141138,12.521581254616224,92.18381071760844,93.12710757945598,0.03955696075191706,2.7683049714628463,0.07840162125160935,-50350094,94.61884850214136,77.76428953667168,94.2675006866455,89.39750022888184,91.83250045776367,116861802.86998916,0.04016691221086007
2020-12-04,99.19999694824219,99.80000305175781,97.5,98.55000305175781,79.67109680175781,34813873,4.5905640645653225,0.0,94.80000076293945,87.60100036621094,70.72266076445209,2.52878644886502,22.702173979556967,98.4128447021557,86.49715667113531,12.88809468663118,92.79011474943219,93.46343985591173,0.0,2.734854834341058,0.045128967535209584,-15536221,89.40678240067243,86.38792027782212,94.9200008392334,89.96000022888184,92.44000053405762,38953934.28999639,0.02318551534792732
2020-12-07,99.0,101.1500015258789,98.69999694824219,99.75,80.64122772216797,27049393,4.602667055769973,0.012102991204650415,95.59500045776367,87.94300033569336,72.72865283193946,2.765192848700721,24.764748927915566,99.34443630413435,86.81056476398089,13.466059432448162,93.45296096377199,93.7377644645839,0.012176528778106155,2.7252222371824892,0.0697279815403238,11513172,89.35360179902843,91.12641090061406,95.56083437601725,90.54083315531412,93.05083376566569,34624104.13120119,0.024747520986229482
2020-12-08,100.55000305175781,100.8499984741211,97.80000305175781,98.19999694824219,79.38814544677734,30386160,4.587006184283457,-0.015660871486516292,96.05,88.21100021362305,66.4001129735481,2.7952524017229337,26.093602832489506,99.92788571905143,87.10211534906381,13.71520108724862,93.90505962895963,94.26914972251313,-0.015538877711857801,2.7484203218382603,0.017732380164354022,-18872988,77.56650771613086,85.44229730527722,96.10333417256672,90.99333356221517,93.54833386739095,-19857725.77706705,0.030333121131714987
2020-12-09,99.25,99.9000015258789,97.9000015258789,98.30000305175781,79.46900177001953,24061383,4.588024058198469,0.0010178739150124017,96.46500015258789,88.4270002746582,66.60204097211754,2.7949263002205385,27.32753860102245,100.52057645842268,87.18942491486834,14.203986410977897,94.32362566922613,94.72552491669698,0.0010183921244757421,2.6949617274212416,-0.03462749741234044,5188395,78.32701031621662,81.74903994379194,96.48166770935057,91.39166679382325,93.93666725158691,-5015051.819670951,0.020151133501259445
2020-12-10,98.4000015258789,99.3499984741211,96.5,97.1500015258789,78.53929901123047,25985382,4.576256191529871,-0.011767866668598082,96.78500061035156,88.6670002746582,61.98857847737521,2.671081782161693,27.561791489058386,100.86737397928852,87.26762739400249,14.457433742806716,94.59280432224068,95.23940403325612,-0.011698896136080439,2.7060357807569453,-0.07111540087283427,-20796987,64.44444444444444,73.44598749226395,96.78250083923339,91.58750038146972,94.18500061035157,-21593836.573587827,0.028963398678114375
2020-12-11,97.9000015258789,102.9000015258789,97.6500015258789,102.4000015258789,82.7835693359375,63463638,4.628886727506568,0.05263053597669742,97.61500091552735,89.01300033569336,71.64497450347766,2.9624163417205978,28.748542473540482,102.17368709743579,87.12131412326733,15.90361380607043,95.33634691306337,96.05060804936977,0.054040143258273554,2.923461796417164,0.01056960134025614,42666651,95.49549487627664,79.4223165456459,97.42083435058592,91.92083358764648,94.67083396911622,214924787.47547072,0.05362614829594475
2020-12-14,103.44999694824219,105.3499984741211,103.0,104.5999984741211,84.5621109008789,45802433,4.65014353704307,0.021256809536501997,98.60500106811523,89.4070002746582,74.56134418710585,3.332408515688101,30.35649060650099,103.8302510905275,86.77975028276353,17.890457672650903,96.2185994426879,96.82933157656973,0.02148434487753592,2.9253571644046654,0.01701643653775706,88469084,94.46494277952168,84.80162736674758,98.04666760762532,92.62666714986165,95.33666737874348,138818404.37320173,0.022716273982075014
2020-12-15,105.0999984741211,106.4000015258789,102.8499984741211,105.8499984741211,85.57266998291016,52215593,4.662022983165391,0.011879446122320836,99.81500091552735,89.83500030517578,76.06751081976984,3.684027358361348,32.04219635632741,105.47605944285993,86.6289416252553,19.621683675920508,97.13587554091963,97.58358133111189,0.011950286981211145,2.969974727787033,0.05871886013471001,140684677,96.23285541616522,95.39776435732115,98.81083437601725,93.2458334604899,96.02833391825358,89785795.62440059,0.033777384427193254
2020-12-16,106.94999694824219,107.25,104.55000305175781,104.9000015258789,84.80464935302734,25184934,4.653007529948285,-0.009015453217106284,100.82500076293945,90.25000030517577,72.55171669282669,3.841745756512111,33.758822273128786,106.40309057639872,87.32191094948017,19.699243233062596,97.87531611091575,98.05263089267075,-0.008974935870919687,2.950690600676687,0.08665482823795112,115499743,84.78965088476303,91.8291496934833,99.52750091552734,94.10750045776368,96.8175006866455,13978191.58034626,0.02524541398116014
2020-12-17,105.6500015258789,105.6500015258789,104.0,104.44999694824219,84.44085693359375,16840984,4.648708458785171,-0.004299071163114121,101.4150001525879,90.68300018310546,70.88050885821102,3.8856359225849957,35.0064882154919,106.90392579976839,88.43607511575897,18.908416706720136,98.50147619066112,98.40177509908956,-0.004289843385042347,2.857784238191131,0.10971815657054207,98658759,81.87699932150225,87.63316854081016,100.34000066121419,94.90000050862629,97.62000058492023,-392949.40115573816,0.015617619517731282
2020-12-18,104.55000305175781,104.80000305175781,102.8499984741211,103.75,83.87496185302734,33596568,4.641984159110808,-0.0067242996743628325,101.93499984741212,91.10600021362305,68.24702656407553,3.81990184118591,35.45879321816601,107.21765624311088,89.51734436724068,17.994064930954504,99.00133560107435,100.50854529473843,-0.0067017421607877825,2.7929428338658155,0.11417682042324809,65062191,74.63768676808968,80.43477899145164,100.93750076293945,95.69250030517578,98.31500053405762,-15809313.181326002,0.018651406223980337
2020-12-21,103.69999694824219,103.94999694824219,94.75,97.5,78.82225036621094,34210970,4.579852378003801,-0.06213178110700657,101.7099998474121,91.39800018310547,50.28331626727381,3.226293636771402,33.32017905323253,106.99063350453386,90.31436680064192,16.904048734799836,98.85835125811488,100.82339373186781,-0.06024096385542166,3.2505895563212706,0.06152969737247484,30851221,27.509277232406724,61.34132110733287,101.66083399454752,95.71583353678385,98.68833376566569,-147815479.3937753,0.08871742737691697
2020-12-22,97.3499984741211,99.80000305175781,96.5,98.9000015258789,79.95405578613281,29181188,4.594109254057169,0.014256876053367229,101.78000030517578,91.72100021362304,53.25164384627764,2.8361301380920168,31.334323042937154,106.93099015250337,90.89901015267242,16.207834984683576,98.86231795028289,101.03168152947767,0.014358990009014416,3.254119091709595,0.0551282637450003,60032409,33.20001220703125,45.11565873584254,101.9583340962728,95.92333348592122,98.94083379109699,-22036021.313285626,0.03389833696438182
2020-12-23,99.05000305175781,99.4000015258789,97.80000305175781,98.55000305175781,79.67109680175781,17602151,4.5905640645653225,-0.0035451894918461235,101.80500030517578,92.03900024414062,52.409202732670245,2.470205807708581,29.49031389052002,106.85174162267512,91.41825883508855,15.568147225454087,98.83257367423288,101.25850807652573,-0.0035389127272107412,3.1359676190247017,0.06504179129696167,42430258,30.4000244140625,30.369771284500143,102.20333391825359,96.11333376566569,99.15833384195963,-11452491.098594598,0.01615344194674105
2020-12-24,99.30000305175781,101.5,99.0,99.94999694824219,80.80290985107422,23052394,4.604670030413564,0.014105965848241198,102.0849998474121,92.45600021362304,55.44549014995316,2.267042887524184,27.72036621311721,106.77966426920031,92.09033618856336,14.772794334816425,98.93899493842423,101.40655524827089,0.014205924435630068,3.1226839996830935,0.05633637851237843,65482652,41.5999755859375,35.06667073567707,102.5383337656657,96.4033339182536,99.47083384195965,17697976.900037147,0.025176232861714345
2020-12-28,100.8499984741211,101.55000305175781,100.0,100.44999694824219,81.20712280273438,15454893,4.609660060880079,0.0049900304665149164,101.88999938964844,92.88500015258789,56.51260661729517,2.1219204527640585,26.093721119764165,106.68463257936223,92.82036772581354,13.89866402580488,99.08289989174023,101.47569825167675,0.005002501403365889,3.013921292813989,0.04951124625042504,80937545,45.5999755859375,39.19999186197915,102.87416712443034,96.72416712443034,99.79916712443034,11050956.633345716,0.015369390929198234
2020-12-29,100.5,101.05000305175781,97.94999694824219,98.5999984741211,79.71153259277344,23647197,4.591071246133144,-0.01858881474693419,101.28999938964844,93.25100006103516,51.589207358103565,1.8364608839735013,24.61622021756162,106.50969911043875,93.38530134732493,13.131291661180796,99.0369092805384,101.52899224495278,-0.018417108315835207,3.0200702078641055,0.006787171181601273,57290348,30.79998779296875,39.333312988281236,103.00083401997884,97.06583340962729,100.03333371480306,-25481200.03371203,0.030845831875777364
2020-12-30,99.0,99.6500015258789,98.19999694824219,99.0999984741211,80.11573028564453,30281285,4.596129425938577,0.005058179805432772,100.61499938964843,93.6,52.7864164305537,1.6317679353886234,23.24425509408783,106.15116721154455,94.27883309363123,11.84686334364759,99.04291777516532,101.50833696015945,0.005070993993283146,2.9079226628478634,0.06279326154023339,87571633,34.79998779296875,37.066650390624986,103.16166763305664,97.3566665649414,100.25916709899903,1600028.3220959883,0.014646510885219382
2020-12-31,98.0999984741211,100.25,98.0,99.3499984741211,80.31784057617188,50363279,4.598648953639206,0.0025195277006284655,100.05999908447265,93.97399993896484,53.406863080704994,1.4727433410798056,21.72626643202915,105.85694926124327,95.02805058616883,10.781191909102061,99.07216355601825,101.4726930835434,0.002522704377894369,2.860928186930159,0.05784166573190288,137934912,36.79998779296875,34.13332112630207,103.43416786193848,97.54416618347167,100.48916702270508,8927222.607365329,0.022935780173264253
2021-01-01,99.94999694824219,100.19999694824219,98.80000305175781,99.05000305175781,80.07530975341797,13493039,4.595624803954835,-0.0030241496843705917,99.51999969482422,94.30899993896485,52.515036417398456,1.3074367637994158,20.316705531546088,105.85129619161661,95.0837036557955,10.71748828625964,99.07005303180297,101.47856976457551,-0.003019581549781547,2.7565757376126028,-0.0023105455846476114,124441873,34.4000244140625,35.33333333333332,103.39583422342938,97.75083300272624,100.57333361307779,277174.24660895905,0.01400694286373359
2021-01-04,99.75,100.0,98.5,99.05000305175781,80.07530975341797,22325584,4.595624803954835,0.0,99.05,94.59699996948243,52.515036417398456,1.1630234993911301,19.1369699722779,105.84500054304071,95.13999930437139,10.652537499610983,99.06814350989391,101.01080840169057,0.0,2.6668203277831313,-0.007201339163489945,146767457,34.4000244140625,35.200012207031236,103.38416735331218,97.81916643778483,100.6016668955485,92391.41553631969,0.015037593984962405
2021-01-05,98.4000015258789,98.4000015258789,97.0,97.5999984741211,78.903076171875,23510160,4.580877477785042,-0.01474732616979324,99.05999984741212,94.82399993896485,48.02003373153272,0.9209554940245539,18.66237600109425,105.87736632409542,94.89263337072879,10.942603944875948,98.92832017315365,100.20616971322731,-0.014639116940552088,2.62276195092418,-0.006402183490628199,123257297,22.79998779296875,30.533345540364568,103.22166722615562,97.76166661580405,100.49166692097982,-22695762.60880235,0.014227657562695362
2021-01-06,98.0,99.0,97.25,97.8499984741211,79.1052017211914,21952878,4.583435678248024,0.00255820046298183,98.95499954223632,95.06199996948243,48.83321936205547,0.7407488745034527,17.92064777473584,105.88975158254206,94.84524826487004,11.004063393097825,98.82562286848388,99.69225307861629,0.002561475449882167,2.560421811572453,0.019707148807818542,145210175,28.440348992255117,28.546787066428777,103.1108341217041,97.78083305358886,100.44583358764649,-3906441.202934117,0.017857142857142856
2021-01-07,98.0999984741211,98.5,96.8499984741211,97.0,78.41802215576172,24999580,4.574710978503383,-0.008724699744640851,98.79999923706055,95.21300003051758,46.18751611397659,0.523313623387466,17.403506263202956,105.94975271288553,94.6552468293508,11.260443069024037,98.65175402386637,99.3062153932754,-0.008686749998732979,2.4953917911657713,0.009531456143560291,120210595,22.388052903192502,24.54279656280544,103.03083407084148,97.73583285013835,100.38333346048992,-15468550.303423515,0.016819587681381858
2021-01-08,97.5999984741211,100.5,97.3499984741211,100.1500015258789,80.96459197998047,43240591,4.606669077347762,0.03195809884437928,98.81999969482422,95.45400009155273,55.75444820485592,0.5982768546528803,16.37469557208502,105.91312866292294,94.9918708793134,10.872061729169232,98.79444426215329,98.90493742263683,0.03247424253483411,2.567149520368216,0.08750984506618499,163451186,58.69568822966475,36.50803004170411,103.1291675567627,97.80416603088379,100.46666679382324,85649101.65212929,0.03227460630252098
2021-01-11,100.75,101.25,98.69999694824219,99.0,80.03489685058594,22036573,4.59511985013459,-0.011549227213172308,98.675,95.70400009155273,52.111950263490876,0.5584527476864167,15.748786887356689,105.70156477012216,94.86343461952629,10.807598717201952,98.81402099909107,98.96665678833814,-0.0114827908972297,2.5659247726103303,-0.0260268466822343,141414613,49.50492057880631,43.52955390388784,102.92750091552735,97.87249908447265,100.4,11654972.167281833,0.025310203987670594
2021-01-12,99.0,101.0,98.30000305175781,100.1500015258789,80.96459197998047,24262426,4.606669077347762,0.011549227213172308,98.83000030517579,95.95500015258789,55.259721479229256,0.612625403863305,14.963266348345613,105.10416415609883,95.0158355387254,10.082279265198652,98.94125723973754,99.07097097839191,0.01161617702907991,2.5755013565840343,-0.04089817624842374,165677039,70.21276250367266,59.47112377071456,102.72000096638999,97.62999928792318,100.17500012715658,22486208.670109976,0.027272696446890784
2021-01-13,100.25,104.3499984741211,100.1500015258789,102.55000305175781,82.90484619140625,49236964,4.6303505142771195,0.023681436929357425,99.17500076293945,96.2220002746582,61.01852269413352,0.8395399951960769,15.549534896337933,104.35256670476117,95.4374334478267,8.924503979303882,99.2849473170728,99.50936187891115,0.023964068789941395,2.691536755988188,-0.09438823969978472,214914003,76.00006103515625,65.23924803921173,102.61833407084148,97.46333300272624,100.04083353678386,86274595.3764665,0.041895231403912096
2021-01-14,103.69999694824219,103.8499984741211,101.69999694824219,102.19999694824219,82.62187194824219,29301114,4.626931647908959,-0.003418866368160245,99.46000061035156,96.5470002746582,59.80945113750875,0.9798339602595689,16.09392711947366,103.74115473185216,95.77884496297204,7.981465297773524,99.56257109146989,99.7004337683824,-0.00341302869917004,2.6528556681232396,-0.08824275892241883,185612889,71.33331298828125,72.51537884237004,102.44166742960613,97.3416659037272,99.89166666666667,21921152.632284082,0.020732898641761734
2021-01-15,102.5,103.5999984741211,99.9000015258789,100.44999694824219,81.20712280273438,24067229,4.609660060880079,-0.017271587028880653,99.6,96.85400024414062,54.04338075719925,0.9389835458761695,15.653236296891558,102.9342551508195,96.18574454400473,6.778335292444436,99.64708783973391,99.75994241401581,-0.01712328818254527,2.7276514738460214,-0.10375046691241717,161545660,47.999979654947914,65.11111789279512,102.3750005086263,97.06999944051107,99.72249997456869,-20771382.955905303,0.0360975312023628
2021-01-18,100.44999694824219,100.9000015258789,96.80000305175781,97.55000305175781,78.86268615722656,23613664,4.580365098353157,-0.02929496252692143,99.45,97.06900024414062,46.110145501024206,0.6649390238234503,15.132000084295855,102.13062430715314,96.36937569284686,5.804784498041594,99.44736547897429,99.71405406307814,-0.028870024734581334,2.825676259579955,-0.12834749723487346,137931996,9.933780857382782,43.08902450020397,102.21333363850911,96.69333318074544,99.45333340962728,-52576781.96772364,0.04081631258021498
2021-01-19,98.0,100.8499984741211,97.55000305175781,99.6500015258789,80.56038665771484,22934496,4.601664061971186,0.021298963618028743,99.65500030517578,97.31600021362304,51.645567021284954,0.610175370306635,14.647995029742702,102.12720612161533,96.58779403097256,5.575232958145288,99.46666415010807,99.74890483658112,0.021527405519473852,2.859556199778764,-0.09361530133925036,160866492,37.74834704772568,31.89403585335211,101.94916699727376,97.01916669209798,99.48416684468587,14582677.080583002,0.03367342267717634
2021-01-20,99.5999984741211,99.69999694824219,98.0,98.30000305175781,79.46900177001953,25599184,4.588024058198469,-0.013640003772716902,99.70000076293945,97.49300033569335,48.216777325005665,0.452623622518189,14.19856176480049,102.12919082117614,96.52580948399964,5.641319200189807,99.35555356931282,99.74874362429505,-0.013547400436020096,2.776730538954723,-0.15042321575512396,135267308,19.867561714765564,22.516563206624664,101.88249994913737,97.11250025431316,99.49750010172527,-18178347.198969074,0.01706824271371746
2021-01-21,98.69999694824219,99.1500015258789,95.5999984741211,96.0999984741211,77.6904296875,22667011,4.565389300098214,-0.022634758100254615,99.61000061035156,97.58500030517578,43.185059157612116,0.14852859885516523,14.688026404741056,102.3278029028726,96.0821969445395,6.295656431768869,99.04550070310408,99.59585539848133,-0.022380513828451742,2.8319642898692297,-0.17732412629693117,112600297,5.714285714285714,21.110064825592307,101.89833335876465,96.93333320617677,99.41583328247071,-39304467.7072176,0.03596761055240374
2021-01-22,96.30000305175781,96.5,92.9000015258789,94.05000305175781,76.03315734863281,26029669,4.543826588195288,-0.021562711902926246,99.00000076293945,97.60800033569336,39.09138581680475,-0.2549475200306546,15.952945446951105,102.73198840305922,95.08801205470446,7.728213861759454,98.56973902202348,99.27282254690027,-0.02133189859430984,2.8868238744586487,-0.18351873832493118,86570628,10.043684125657828,11.875177184903023,101.67000007629395,96.59500007629394,99.13250007629395,-48675290.76616014,0.03738316054036076
2021-01-25,95.05000305175781,95.30000305175781,92.69999694824219,93.19999694824219,75.34599304199219,18599824,4.534747688947363,-0.009078899247925598,98.42000045776368,97.65600021362305,37.50389971835888,-0.6359626582412261,17.182244865715116,103.03397747917596,94.0610229785877,9.10520762043491,98.0583350149967,99.10039069246426,-0.009037810483087938,2.8663368908198614,-0.19161179524016275,67970804,4.291844931430417,6.6832715904579745,101.37583351135254,96.19583320617677,98.78583335876466,-26765072.87159765,0.027354087533272748
2021-01-27,93.0,93.0999984741211,90.80000305175781,91.30000305175781,73.80996704101562,22812859,4.514150821026528,-0.02059686792083415,97.53500061035156,97.65300033569336,34.16414714720122,-1.078797819142963,18.819801582016478,103.66887181222694,92.6961291033004,11.17586398570774,97.41468435183108,98.71916200663262,-0.020386201273585036,2.833026676938755,-0.19036199181832403,45157945,3.6900381469855437,6.008522401357918,100.96249974568686,95.86250050862631,98.41250012715658,-37817886.19810498,0.024731133573798723
2021-01-28,90.80000305175781,92.6500015258789,90.3499984741211,91.5999984741211,74.052490234375,32227832,4.517431255022018,0.0032804339954894957,96.44000015258788,97.6670002746582,35.146167781251975,-1.389523192776096,20.45084349401941,103.97477510626142,91.64022580926591,12.611046432294778,96.86090474443014,98.202245426534,0.003285820507511028,2.794953560854402,-0.19797564317191352,77385777,8.928571428571429,5.636818168995784,100.63249969482422,95.44750061035157,98.0400001525879,-6160494.017573079,0.025330429234091158
2021-01-29,92.0,92.5999984741211,88.1500015258789,88.94999694824219,71.91014862060547,36962884,4.488074379803155,-0.029356875218862655,95.1150001525879,97.6720002746582,30.77874500659314,-1.8285301093077777,22.464101400215785,104.51030384901362,90.06469691392583,14.848368884436091,96.10748495431702,97.26683786906223,-0.028930148144353796,2.913170945667815,-0.26666837897249784,40422893,4.938244278188499,5.852284617915146,100.27749951680502,94.87250073750815,97.57500012715658,-67354630.67311436,0.04836953204611073
2021-02-01,89.3499984741211,92.4000015258789,88.4000015258789,92.0,74.37586975097656,29033297,4.5217885770490405,0.0337141972458852,94.27000045776367,97.74600021362305,40.017448430791646,-1.9083383604751845,24.333555170255277,104.46109572553348,89.40890473223018,15.528128083522189,95.71629591104873,96.6565367545901,0.03428896184822272,2.990801592405828,-0.20058133626408226,69456190,23.765427156693665,12.544080954484519,99.98666648864746,94.32166709899903,97.15416679382324,36582886.07735583,0.04476776797213422
2021-02-02,92.9000015258789,95.3499984741211,92.9000015258789,94.1500015258789,76.11400604248047,29279584,4.544889271310054,0.023100694261013466,93.93000030517578,97.83300018310547,45.53575959503984,-1.7776086536504891,24.4036841495434,104.24371509572515,89.13628520945062,15.624604263557016,95.56712501722305,96.27283649500473,0.023369581803031503,3.0164585125283474,-0.1861963190549574,98735774,37.037044014079534,21.91357181632055,99.78166631062825,94.0216672261556,96.90166676839193,54161728.87718502,0.02637241020453265
2021-02-03,95.0999984741211,98.0999984741211,94.30000305175781,96.94999694824219,78.37762451171875,31420256,4.574195350211014,0.029306078900960486,93.65999984741211,97.93600006103516,51.76006888792083,-1.4315659875035749,23.250741980900283,104.20086038189052,89.11413977069736,15.608432454061887,95.69882710589154,95.48881437732588,0.02973972784900747,3.08313982936505,-0.15543625822950966,130156030,56.050937152242895,38.95113610767202,99.84083264668783,93.84083417256673,96.84083340962728,76704958.27204995,0.03995789151770962
2021-02-04,97.30000305175781,100.19999694824219,97.0,99.05000305175781,80.07530975341797,39264443,4.595624803954835,0.02142945374382066,93.73499984741211,98.04400009155273,55.836594610509245,-0.9766139418088358,21.77809276472636,104.3167297530832,89.11827085726836,15.714280091874441,96.01798671978356,95.28120434427329,0.021660713456615577,3.095058412981832,-0.11971260451057562,169420473,70.55018562394633,54.54605559675624,99.94916585286458,93.80416768391927,96.87666676839193,80538699.39144422,0.032887942938089935
2021-02-05,100.4000015258789,102.0,98.1500015258789,99.5,80.4391098022461,54911202,4.600157644164547,0.004532840209711786,94.075,98.15100006103516,56.681352185329345,-0.5731433353015092,21.00183047668003,104.53784226617839,89.14715834417316,15.89248922064713,96.34960703218513,95.53990189551405,0.004543129069940921,3.148982703063208,-0.10714821192112026,224331675,81.94945649509432,69.51685975709451,100.18083241780599,93.81583455403646,96.99833348592122,43319482.01335494,0.038346597765028176
2021-02-08,96.19999694824219,100.94999694824219,96.0999984741211,100.30000305175781,81.08586883544922,53737961,4.608165725394189,0.008008081229641917,94.7,98.27800018310546,58.21170290797919,-0.18668443051535633,19.533034078630966,104.55850315929395,89.1414976036455,15.918436236370088,96.7258352245254,95.81887482726347,0.00804023167595802,3.270483829567343,-0.09610083949864251,278069636,87.725652451019,80.07509819001987,100.25499890645345,93.72000134785971,96.98750012715658,43100182.53461319,0.05041578615361604
2021-02-09,100.4000015258789,101.19999694824219,99.5,99.94999694824219,80.80290985107422,28074809,4.604670030413564,-0.0034956949806250748,95.375,98.3950001525879,57.25863093499401,0.0903035057804118,18.256253524345407,104.66985419692595,89.12514626083772,16.042424107298984,97.03289824583176,95.91315034206599,-0.0034895921522056783,3.1583061951869746,-0.08933844713374395,249994827,85.19853229162248,84.95788041257859,100.24083188374837,93.79083493550618,97.01583340962728,7815824.508180799,0.016932240263004376
2021-02-10,100.0,100.5,98.6500015258789,99.8499984741211,80.7220687866211,19070866,4.603669044580112,-0.0010009858334516508,96.22999954223633,98.49800018310548,56.97163449320929,0.2983106601474361,17.14546491248573,104.63080843531627,89.13419171727163,15.995269223896175,97.30119350566883,95.91561612525803,-0.0010004850142504296,3.064855643682269,-0.09544696293124932,230923961,84.47652156860369,85.80023543708171,100.19083188374837,93.82583478291829,97.00833333333334,1333903.169281702,0.018499984741210937
2021-02-11,97.9000015258789,97.9000015258789,96.25,97.30000305175781,81.09712982177734,18452535,4.577799020556376,-0.02587002402373617,96.8,98.56900024414062,50.0784885116825,0.2544612384499203,16.916322595266923,103.92557337193756,89.31442678065034,15.122279631287352,97.30108012910587,95.91409561434912,-0.025538262006325252,3.1030801315707564,-0.10384686564907529,212471426,66.0650002451322,78.58001803511944,99.80333213806152,93.69333457946777,96.74833335876465,-30924618.797571585,0.016853947907679495
2021-02-12,97.80000305175781,97.9000015258789,94.80000305175781,95.94999694824219,79.97193908691406,21660998,4.5638271906479995,-0.01397182990837642,97.5,98.59200012207032,46.846867887913945,0.10951364067483382,17.133034138184122,103.15171544389823,89.46328470868967,14.213255171575112,97.17240554045219,96.0146588533493,-0.01387467688770272,3.1028600131814947,-0.087842464607461,190810428,56.317662683773406,68.95306149916975,99.53249880472819,93.32750155131023,96.43000017801921,-29803192.60468369,0.031697324922173156
2021-02-15,96.44999694824219,96.69999694824219,95.0,95.19999694824219,79.34683227539062,12574055,4.55597990974104,-0.007847280906959853,97.81999969482422,98.525,45.10542918205465,-0.06512637058114024,17.334266285178664,102.63141910085193,89.45858105173596,13.715277254049706,96.98455710309885,96.102293026345,-0.007816571379408943,3.002655508542973,-0.07679170873360319,178236373,50.902499632301705,57.76172085373576,99.1483320871989,93.14333483378093,96.14583346048991,-16221425.034894565,0.017625681721425604
2021-02-16,95.8499984741211,99.1500015258789,95.5,98.0,81.68055725097656,32865663,4.584967478670572,0.028987568929532692,98.20499954223632,98.51399993896484,52.2429451668795,0.022151657442094574,16.489361250814497,102.67736291348369,89.45763693392841,13.760872292975243,97.08126595042276,96.43730122567514,0.029411797704994802,3.0703232991925264,-0.02863924044035195,211102036,71.11913039215092,59.44643090274199,99.08249880472819,93.12250124613443,96.10250002543131,55942162.78706436,0.0380803503806459
2021-02-17,97.8499984741211,100.1500015258789,97.0,99.3499984741211,82.80574035644531,28774857,4.598648953639206,0.013681474968633367,98.44499969482422,98.50599990844727,55.26319012545777,0.1979716242569367,15.32595290748001,102.6310622680549,89.47393727418142,13.69784755756005,97.2973357145845,96.95782034155937,0.013775494633888608,3.0760146010986964,-0.014818836110665734,239876893,80.86641286762256,67.62934763069171,99.04916572570801,93.10416755676269,96.07666664123535,44544729.6243899,0.03219214690853576
2021-02-18,99.69999694824219,104.25,99.55000305175781,103.4000015258789,86.18132781982422,50705280,4.638604976831378,0.03995602319217273,98.87999954223633,98.61,62.85306148535049,0.6565433901437387,15.51694559662074,103.57415552055916,89.04084386908927,15.090529499283575,97.87854198232682,98.15122620173837,0.040765003663414845,3.20629938144014,0.06611879508445277,290582173,94.63723308548629,82.20759211508657,99.38583246866862,93.14083429972331,96.26333338419596,151752602.36828622,0.04714139510638223
2021-02-19,103.6500015258789,106.75,101.4000015258789,104.19999694824219,86.84809875488281,61069583,4.646312100031763,0.007707123200384913,99.34999923706054,98.72799987792969,64.14699453401522,1.072158586395787,16.318491228716866,104.74978015143462,88.67521908562593,16.62097570553205,98.48058531241401,99.34216057466118,0.007736899521834761,3.359420745203065,0.09174924198864083,351651756,81.58842359064136,85.69735651458338,99.83416557312012,93.40916786193847,96.6216667175293,83154458.68651839,0.05161599995524677
2021-02-22,104.30000305175781,106.30000305175781,101.4000015258789,102.05000305175781,85.05614471435547,30636415,4.625462919160388,-0.020849180871374884,99.52499923706054,98.82599990844727,58.27229929524502,1.2140552118150651,17.062783601377554,105.37312243711553,88.85187679994503,17.01248109364702,98.82052985901817,99.905537825022,-0.020633339342152834,3.469462229537054,0.0709997688849967,321015341,62.24901124248244,79.49155597287,100.33749910990397,93.78250109354654,97.06000010172525,-16193917.277935434,0.0469798790269194
2021-02-23,102.1500015258789,104.1500015258789,100.55000305175781,103.4000015258789,86.18132781982422,31233104,4.638604976831378,0.01314205767098997,99.86999969482422,98.84599990844727,60.70573001943293,1.419084580528562,17.388834693300794,106.11028454278897,89.13471515203526,17.388992719185858,99.2566700177668,100.31100533688905,0.013228794059284787,3.4787862470073425,0.11427559837765376,352248445,71.96653280640486,71.93465587984286,100.83583221435546,94.1808349609375,97.50833358764649,22711789.40206514,0.03524227528483259
2021-02-24,104.5,104.69999694824219,102.0999984741211,103.19999694824219,86.01464080810547,16153025,4.636668823476166,-0.0019361533552126886,100.20499954223632,98.8179998779297,60.14610977543701,1.5475934406432685,17.844609861182906,106.51528792971956,89.91971115475309,16.89676162833885,99.63222496352635,100.55042005937356,-0.0019342802193930142,3.416015691801182,0.131248737594441,336095420,70.29285390503796,68.16946598464173,101.43083216349285,94.74583460489909,98.08833338419596,5416810.505568141,0.024880368173407597
2021-02-25,103.5999984741211,110.19999694824219,103.0,108.0,90.01532745361328,68361756,4.68213122712422,0.045462403648054206,101.27499923706054,98.86099990844727,67.81458622662052,2.013546854370304,19.50613005943323,107.78649330848636,90.2885059285742,17.668042354977047,100.42915591938097,101.56884449139777,0.04651165885368336,3.6863000672612536,0.15867468741977717,404457176,85.71429986901217,75.99122886015164,102.45249849955242,95.27750155131022,98.86500002543131,220563361.7842047,0.06949804106455389
2021-02-26,107.0999984741211,110.94999694824219,104.80000305175781,107.30000305175781,89.431884765625,67331805,4.675628678078011,-0.006502549046208728,102.40999984741211,98.90899993896484,65.8254189042276,2.2998234549591245,21.184922413999384,108.10852148920806,91.80147835820405,16.314384616528333,101.08352231294069,102.68488975216931,-0.006481453224464695,3.8622781979200482,0.16731890633534424,337125371,77.39941005625441,77.80218794343483,103.42666511535644,96.08166847229003,99.75416679382325,42099748.581642866,0.057422913016851415
2021-03-01,109.5,109.80000305175781,107.1500015258789,108.44999694824219,90.39038848876953,27205189,4.686289209133116,0.01066053105510445,103.73499984741211,98.98899993896484,67.51143900395851,2.589642829442454,22.743801028953676,108.87382486681912,92.6811746754172,16.067723676592518,101.78509132582654,103.15103162834711,0.010717556978350196,3.775687007059967,0.1348968090886203,364330560,84.52011798874912,82.54460930467188,104.23583183288574,97.02583503723145,100.63083343505859,34890450.39568353,0.024200927176976313
2021-03-02,108.44999694824219,113.69999694824219,107.9000015258789,112.55000305175781,93.80763244628906,53649872,4.723397594467426,0.03710838533431016,105.19000015258788,99.165,72.6854490166763,3.1142637056919966,24.855317193251175,110.7029703844889,92.6920293103353,17.71030861248054,102.81032101401047,104.12690459993844,0.03780549763844032,3.920280465295918,0.1730281414233684,417980432,93.91537424412456,85.27830076304268,105.2658317565918,97.7208351135254,101.49333343505859,158273351.9004492,0.053480826054161455
2021-03-03,114.44999694824219,114.69999694824219,112.0,112.69999694824219,93.93264770507812,31702057,4.7247293939671335,0.001331799499707742,106.525,99.46899993896484,72.85576217714797,3.501766598134779,26.962840707093157,112.40069983931323,92.56929985551099,19.35053911628904,103.75219491250873,104.90279042885281,0.0013326867384926278,3.8331173569349373,0.13594741489337706,449682489,89.94974566121184,89.46174596469517,106.04499842325848,98.61000162760416,102.3275000254313,55927860.67081624,0.02359106177576579
2021-03-04,111.5,113.0,110.5,110.80000305175781,92.34904479980469,28057179,4.707726801856124,-0.01700259211100974,107.26500015258789,99.70699996948242,67.1445510046855,3.6138930936551787,28.2021577505376,113.4844399351101,92.6605597597141,20.20313876758936,104.42341473529436,105.59012172914811,-0.01685886377935708,3.737894688582442,0.09405410521947732,421625310,80.20307360081917,88.02273116871851,106.64416529337566,99.27916819254557,102.9616667429606,-16896359.01144097,0.02242152466367713
2021-03-05,111.0,112.3499984741211,108.4000015258789,108.69999694824219,90.5987548828125,24778407,4.688591766052115,-0.019135035804008993,107.71500015258789,99.90999984741211,61.41414060762648,3.493035666290652,28.431759976200926,114.08443272358033,92.98056666606811,20.383808098634404,104.83070827938464,106.00625600757992,-0.01895312315591413,3.75304484998671,0.09153537455094908,396846903,68.74999503294548,79.63427143165882,107.14583180745441,99.77083485921224,103.45833333333333,-40321990.29407652,0.03558555809227196
2021-03-08,110.6500015258789,113.30000305175781,109.5,110.55000305175781,92.14067840576172,28163362,4.705467934908682,0.016876168856566842,108.56500015258788,100.12199996948242,64.3043390803042,3.5061189589061286,28.84934579657725,114.91017016779801,93.17982922185041,20.885521658594993,105.37540301961064,106.77629979929384,0.017019375855148455,3.8135420823816326,0.01866106050852183,425010265,76.55370275701365,75.16892379692608,107.69333216349284,100.42333475748697,104.05833346048989,21294264.29898784,0.03434254857076586
2021-03-09,111.4000015258789,111.8499984741211,107.44999694824219,109.5,91.26554107666016,20611697,4.695924549256556,-0.00954338565212609,109.175,100.30300003051758,61.489196527600804,3.3926527030212696,28.389375462891195,115.4649630066321,93.58003668819211,20.93800507105059,105.76822177964773,107.30767069954274,-0.00949799206487778,3.855432042631438,0.03640946066640667,404398568,65.67657397242338,70.32675725412749,108.29749908447266,100.75750122070312,104.52750015258789,-7330141.734942284,0.039497320158085984
2021-03-10,110.3499984741211,110.5999984741211,108.94999694824219,109.6500015258789,91.39054870605469,13207045,4.697293488779802,0.0013689395232461266,109.82000045776367,100.52400009155274,61.746838871391695,3.277057864115818,27.962260153039857,115.9518281452106,94.07317185478941,20.83433523668248,106.1379150888126,107.86701490116704,0.0013698769486658602,3.6979012914348286,0.02523252914596801,417605613,64.31097102015023,68.84708258319573,108.79083251953125,101.27083435058594,105.0308334350586,-1122662.6434131758,0.014952438139506264
2021-03-12,111.0,112.0999984741211,108.5999984741211,109.0999984741211,90.93213653564453,21763020,4.692264878852967,-0.005028609926834626,109.93000030517578,100.72400009155274,60.157635330304096,3.10527183105404,27.952336092097283,116.0773032665914,95.12769627564492,19.838173373123226,106.4200182683658,108.45899762070285,-0.0050159876343276455,3.6837654849037693,-0.005581740283155579,395842593,60.42402198129261,63.47052232462206,109.52249895731609,101.81750094095865,105.66999994913735,-8354039.158115264,0.03153153153153153
2021-03-15,109.94999694824219,111.0,107.69999694824219,110.5,92.09900665283203,20350674,4.705015520957808,0.012750642104840892,110.25,100.9470001220703,62.78336488735298,3.046974954439804,27.549258966834177,116.01335791202655,96.64664193538556,18.213783495285433,106.80858795709285,108.86892149109708,0.012832278143532605,3.656353882536201,0.023956040882475722,416193267,70.31802996547091,65.01767432230457,110.20833244323731,102.48333396911622,106.34583320617676,16209303.382404368,0.030013671153726856
2021-03-16,110.55000305175781,111.44999694824219,109.30000305175781,109.55000305175781,91.30720520019531,15360040,4.696381093898689,-0.008634427059118543,110.36000061035156,101.15700012207031,59.89866641455367,2.890794169717708,27.300947302465115,115.35451449156531,98.74048596619835,15.520239603768376,107.06967510896571,109.3534332709498,-0.008597257450155493,3.548756740675356,0.02062383613351848,400833227,59.12702761780604,63.28969318818983,110.95416577657063,103.18416760762531,107.06916669209798,-4324892.95578383,0.019448157730740007
2021-03-17,109.69999694824219,109.9000015258789,106.1500015258789,106.55000305175781,88.80677032470703,18850429,4.668614387186182,-0.027766706712507805,109.76000061035157,101.3070001220703,51.80393708085425,2.4961705444258513,25.775371141749865,114.68287864407253,100.26712211886692,13.413125353839122,107.02018253208877,109.49666110254717,-0.02738475505639759,3.563131259198545,-0.01994933042838275,381982798,30.341914339483367,53.26232397425341,111.45833244323731,103.67833442687989,107.56833343505859,-39142488.98526128,0.03418413951068108
2021-03-18,107.4000015258789,108.25,103.19999694824219,103.80000305175781,86.51471710205078,20023557,4.642466000132152,-0.026148387054029776,108.87000122070313,101.43100021362305,45.70635209992843,1.9391728830783705,24.481760903006897,114.1203873069146,101.27461391378854,11.927643000371871,106.71349877205725,109.69547806873499,-0.0258094783785614,3.6693363872384928,-0.06554146494992398,361959241,5.217444378396739,31.56212877856203,111.86583251953125,103.89583435058594,107.88083343505859,-49757350.82842043,0.047020511918158335
2021-03-19,102.3499984741211,109.55000305175781,102.0,108.5,90.43204498291016,72249183,4.686750172980514,0.0442841728483625,108.64000091552734,101.64400024414063,55.37421583547763,1.8556083991692844,22.83870852078431,114.0703821159775,101.83461895213775,11.334395315817186,106.88364174614703,109.48802977894424,0.04527935269807881,3.946526863275587,-0.03393501661221272,434208424,51.18111466081626,28.913491126232106,112.22249946594238,103.96750068664551,108.09500007629394,209794842.79918742,0.07376651845937066
2021-03-22,108.80000305175781,110.55000305175781,106.8499984741211,109.8499984741211,91.55724334716797,31980425,4.699115784940051,0.012365611959536338,108.75500106811523,101.90100021362305,57.70392623480965,1.8766833011741682,21.43104664788609,114.15218684471732,102.3178143759858,10.933960735433008,107.16615191071598,109.52507060596578,0.012442382249963968,3.9289181285870964,-0.008939411647626199,466188849,61.811026460188366,39.40319516646711,112.38833312988281,104.29833374023437,108.3433334350586,98713964.23422521,0.034007394061161655
2021-03-23,110.0,110.19999694824219,108.0999984741211,108.6500015258789,90.55707550048828,14060206,4.688131720746423,-0.010984064193627852,108.56500091552735,102.07100021362305,54.957459919711354,1.7760820199657985,20.123932051623463,113.75740838837714,103.37259267973809,9.565528169809442,107.30747092168389,109.2279354176342,-0.010923959625952051,3.7982810104109532,0.016120735737743475,452128643,52.362229321632526,55.118123480879035,112.53499946594238,104.72500038146973,108.62999992370605,21656518.550304078,0.019090895219282672
2021-03-24,108.0,109.4000015258789,105.5999984741211,106.0,88.3483657836914,15196366,4.663439094112067,-0.024692626634355896,108.21500091552734,102.21100021362305,49.3692107416407,1.4656269682940746,19.320265000852338,113.47766728726272,103.91233362826462,8.800159730175414,107.18294988152351,108.7704716790688,-0.024390257603887022,3.7984040133643004,-0.033066756511719954,436932277,35.39822052860212,49.857158770140984,112.75999959309895,104.93000005086262,108.8449998219808,-19628089.208441526,0.03518521344220197
2021-03-25,106.0,106.5,102.6500015258789,103.0,85.84794616699219,22543755,4.634728988229636,-0.02871010588243106,107.55000076293945,102.26800018310547,43.92404333260339,0.966374412502347,19.41271874785533,113.51419260726496,103.85580861343817,8.88658410966314,106.7845737023308,108.23638386962364,-0.028301886792452824,3.802089331989786,-0.0586555062398774,414388522,8.84955513215053,32.203334994128376,112.85833307902018,104.90333353678386,108.88083330790201,-51630206.402813844,0.03632074032189711
2021-03-26,105.75,105.75,103.69999694824219,104.19999694824219,86.84809875488281,17402475,4.646312100031763,0.011583111802127455,107.06000061035157,102.30100006103515,46.46745418360641,0.659935563664888,19.498568655786677,113.70133328555227,103.28866762997507,9.597369106082244,106.53842353527475,107.92498886119937,0.011650455808176474,3.7269400939905153,-0.1268372411010852,431790997,19.468994284032153,21.238923314928247,112.475,105.03499984741211,108.75499992370605,-3288124.206363976,0.019385371647828015
2021-03-30,105.8499984741211,108.69999694824219,104.5999984741211,107.69999694824219,89.7652816772461,36129962,4.679349555826615,0.033037455794851844,106.78000030517578,102.41100006103515,53.14300152223768,0.6915297924826405,18.45820554412361,113.70586750963865,103.32413279553712,9.567096437822693,106.64904957460497,107.56202779734676,0.03358925242328459,3.782158658705478,-0.07594798126181797,467920959,56.43562187506374,28.251390430415455,112.33833338419598,105.10333277384441,108.72083307902017,83207203.26454534,0.03873404377160656
2021-03-31,107.69999694824219,109.0,106.0999984741211,106.55000305175781,88.80677032470703,23063667,4.668614387186182,-0.010735168640433557,106.48000030517578,102.53300018310547,50.897181792334145,0.6166650194153931,17.386930713254944,113.68121721706638,103.15878369846098,9.705251313575246,106.63961657242905,107.41599004221156,-0.010677752359055659,3.719147434932151,-0.10563187087090117,444857292,45.04954197187397,40.318052710323265,112.28833338419597,105.02833277384441,108.65833307902017,10053683.567816384,0.026926663027414675
2021-04-01,107.5,108.75,106.94999694824219,107.9000015258789,89.93197631835938,13753303,4.681204886405691,0.01259049921950961,106.6150001525879,102.7400001525879,53.387493420115646,0.6586749470627637,16.392175513162613,113.09737534311728,103.27762541982219,9.076603016679929,106.75965323466237,107.34477606111211,0.012670093246879732,3.610636685882868,-0.17885718316598037,458610595,58.41586551717105,53.300343121369565,111.91250038146973,105.05249900817871,108.48249969482421,15729186.565355502,0.016744214434956394
2021-04-05,107.4000015258789,107.80000305175781,103.75,106.30000305175781,88.5984115600586,15666099,4.666265314056818,-0.01493957234887322,106.8650001525879,102.87300018310548,50.14172505523912,0.5564472349242635,16.48883055047719,112.3771877158273,103.35781365746372,8.361530582380706,106.71587702676669,107.11251682778868,-0.014828530597725265,3.6491627458825846,-0.14407892288383567,442944496,45.5026924908972,49.65603332664739,111.62083422342934,104.62583223978679,108.12333323160809,-11467427.475168161,0.03770952508582536
2021-04-06,107.75,108.0999984741211,105.80000305175781,106.05000305175781,88.39004516601562,17393454,4.663910709787285,-0.002354604269532601,106.62000045776367,103.02800018310546,49.63396088770562,0.45006999909013246,16.454787631343187,111.99490590983848,103.26509546345252,8.110945266833145,106.65246045771823,106.92856393145988,-0.002351834363337413,3.5527936513454916,-0.13072956157596,425551042,42.857188991062706,48.925248999710305,111.37166735331216,104.39666582743328,107.88416659037273,-6721384.825056054,0.021345665172745068
2021-04-07,106.9000015258789,107.3499984741211,105.25,105.44999694824219,87.88995361328125,15692013,4.658236877984453,-0.005673831802832652,106.18000030517578,103.21500015258789,48.36799726381517,0.3137332733089835,16.592596779157574,111.9023938609375,103.03260751235352,8.253459224334767,106.53794012348243,106.73987529454077,-0.005657766018382748,3.4490225672580346,-0.11501995216655163,409859029,40.350827097458115,42.90356952647266,111.0891674041748,104.29916572570801,107.69416656494141,-8517330.659316374,0.019644513041589762
2021-04-08,106.0,106.44999694824219,104.69999694824219,105.0,87.51488494873047,11394998,4.653960350157523,-0.004276527826929666,105.81500015258788,103.43400009155273,47.391697594917694,0.16744424985076023,16.892629452580614,111.5117594225394,102.86824164557584,8.063735174828409,106.39146963553172,106.64673510495149,-0.004267396503226606,3.3276638124538893,-0.10773205784796952,398464031,35.08770677436453,39.431907620961766,110.70000038146972,104.11499900817871,107.40749969482422,-6257586.436589345,0.01650943396226415
2021-04-09,105.94999694824219,105.94999694824219,102.4000015258789,102.80000305175781,85.6812515258789,19751417,4.632785382707424,-0.021174967450098947,105.49500045776367,103.62600021362304,42.83906869580139,-0.12457618605007781,17.835024294911296,111.43931048982154,102.27069088346948,8.580431002231911,106.04942519898184,106.56530704619206,-0.020952351888020804,3.3435446417331316,-0.13982636619664798,378712614,9.356757499558299,28.265097123793623,110.36333351135254,103.86333274841309,107.11333312988282,-31054566.894502353,0.03350632868915981
2021-04-12,101.5,101.5,98.05000305175781,99.05000305175781,82.55570220947266,20221362,4.595624803954835,-0.037160578752589046,105.10000076293946,103.78100021362305,36.41721272541921,-0.6510927533678199,19.67330965038869,111.84890231644671,100.8010992094322,10.390597721834514,105.38281356591288,106.01572201469078,-0.03647859813887311,3.4440057387521934,-0.15228448239492165,358491252,8.0,17.48148809130759,109.94333343505859,103.26333312988281,106.6033332824707,-60904927.29816745,0.0339901177166718
2021-04-13,99.5999984741211,101.1500015258789,99.25,100.5999984741211,83.84760284423828,19192856,4.611152242497856,0.015527438543021077,104.74000091552735,103.96100021362305,40.39453216040137,-0.9325395145437199,21.380288909046268,111.79966144426872,100.00034008161019,11.141946437820799,104.92730736669462,105.22338953620978,0.01564861559422015,3.348005219849972,-0.09951132358464639,377684108,20.9876271880361,12.781461562531447,109.38333358764649,102.86333312988282,106.12333335876465,-469083.13800406456,0.01907632083320343
2021-04-15,101.19999694824219,103.0,99.30000305175781,101.3499984741211,84.47270202636719,13865351,4.6185798578424695,0.007427615344613336,104.10500106811523,104.20900024414063,42.27610933858838,-1.0825899454986825,22.074487106475978,111.26291961014627,99.62208176314473,11.039986505627205,104.58661128168761,104.80841118242401,0.0074552685027418075,3.373147486163702,-0.13024095873241878,391549459,29.074853445024996,19.354160211020346,108.97750002543133,102.4175001780192,105.69750010172524,6776314.453998645,0.036561235768954786
2021-04-16,101.9000015258789,102.9000015258789,100.5,102.44999694824219,85.38951873779297,14654851,4.62937484489713,0.010794987054660865,103.69500045776367,104.41800018310546,45.01753001664693,-1.1000644510691444,22.719099718374995,110.72575154360656,99.44924921933288,10.730583830940645,104.38312420231185,104.52000914636285,0.010853463154239407,3.303637060429074,-0.08208579888529913,406204310,40.182603860823086,30.08169483129471,108.5825003306071,101.99749972025555,105.29000002543133,13005647.310314205,0.023552517074981523
2021-04-19,100.0,100.4000015258789,98.6500015258789,99.05000305175781,82.55570220947266,11652043,4.595624803954835,-0.03375004094229528,102.81000061035157,104.51600021362304,38.872386487205155,-1.3724435403260173,23.76811822624422,110.88419934986355,98.5408014130759,11.787893414654802,103.87520790225908,104.32207285916218,-0.033186861862007255,3.3390912291386603,-0.06350640407859462,394552267,9.132422636524396,26.129959980790805,108.07416699727375,101.68916638692221,104.88166669209798,-22076034.284277588,0.0175
2021-04-20,99.19999694824219,100.9000015258789,98.1500015258789,99.05000305175781,82.55570220947266,16528675,4.595624803954835,0.0,102.08500061035156,104.55800033569336,38.872386487205155,-1.5702055784580295,24.742206840694216,111.1165730930288,97.83342766991065,12.714185570344473,103.41566458316372,103.97714713537246,0.0,3.2970132842001845,-0.041409410335058655,411080942,9.132422636524396,19.482483044623937,107.6733336130778,101.51833330790203,104.59583346048991,-7358678.094759197,0.027721775046372413
2021-04-22,98.05000305175781,99.75,97.05000305175781,98.94999694824219,82.47234344482422,18614270,4.594614641207161,-0.0010101627476739594,101.375,104.55600021362305,38.6922126739744,-1.7152309604264246,25.912158526485694,110.7845077212633,97.21049273650037,13.05225121266251,102.99036290364738,103.07145483596231,-0.0010096527050419413,3.2543692602031844,-0.16829708195073542,392466672,15.899534574892582,11.38812661598044,107.02583325703938,101.35583356221517,104.19083340962727,-3693919.7732449276,0.027536938951617736
2021-04-23,98.0,103.0,98.0,102.55000305175781,85.4728775024414,29484794,4.6303505142771195,0.0357358730699584,101.08500061035156,104.61700027465821,48.03037580489539,-1.5221280695465538,25.39694220164895,109.88544167317805,97.37955924234929,12.067529371179887,102.94842387013408,102.4354876633347,0.03638207392162607,3.379057170188671,-0.15770930312398868,421951466,47.00855926997761,24.013505493798178,106.69583307902019,100.89583384195963,103.79583346048989,69532318.98285227,0.05102040816326531
2021-04-26,103.94999694824219,103.94999694824219,100.8499984741211,102.4000015258789,85.34786224365234,24369413,4.628886727506568,-0.0014637867705511454,100.82500076293945,104.65900024414063,47.70432841814742,-1.3654563756846159,24.5146624491747,109.1490137681911,97.49098714733624,11.283417120793139,102.8961931706812,102.13139479281548,-0.001462715957240901,3.3591244061838443,-0.1356119959465694,397582053,48.4162958411152,37.108129895328446,106.41666641235352,100.51666717529297,103.46666679382324,20740473.571101923,0.029822016018573008
2021-04-27,102.05000305175781,103.55000305175781,101.69999694824219,102.05000305175781,85.05614471435547,17763436,4.625462919160388,-0.0034238083461799462,100.75000076293945,104.70100036621093,46.904250839019724,-1.2550672473672932,23.69540267902004,108.84154516230286,97.40345605840027,11.09174916842002,102.81560363554564,101.91406129862224,-0.003417953797907325,3.2513302417075427,-0.1321747108934122,379818617,45.24888752334561,46.891247544812785,106.0908332824707,100.38583374023438,103.23833351135254,2768707.526935505,0.01812842771378789
2021-04-28,102.8499984741211,103.94999694824219,102.1500015258789,103.5999984741211,86.3480224609375,15160578,4.640537315096822,0.015074395936433227,101.20500030517579,104.77600036621094,50.83670982310606,-1.0306309194387921,22.75111160111749,108.8749536939872,97.43004737412805,11.095132217449644,102.89030790588616,101.66290592261312,0.015188587712017476,3.154806217048745,-0.06026217557251583,394979195,63.59221682897038,52.41913339781038,105.94749972025554,100.44750048319499,103.19750010172524,16588786.842566147,0.01750117111393242
2021-04-29,104.5999984741211,105.0,102.6500015258789,103.05000305175781,85.8896255493164,11588556,4.635214336950808,-0.005322978146013568,101.45000076293945,104.89100036621093,49.43752679813284,-0.8869196885786295,21.39779355329975,108.79727202773348,97.3927296507333,11.062168179022041,102.90551696739774,101.47351475753926,-0.005308836201389222,3.0973199496967703,-0.05774915369346999,383390639,63.82982867939965,57.55697767723853,105.91333300272622,100.38333422342937,103.14833361307781,1280493.7796550253,0.02246652493692438
2021-04-30,102.25,105.6500015258789,102.05000305175781,102.44999694824219,85.38951873779297,15321193,4.62937484489713,-0.005839492053677731,101.56000061035157,105.02100036621094,47.88901584585035,-0.8120818072611797,19.88453905384376,108.13177247581517,97.53322920265164,10.306608500879612,102.86213410843055,101.41189683784528,-0.005822475359018364,3.133225558584222,-0.1493772158265758,368069446,60.67413033415057,62.69872528084017,105.70749982198079,100.22750104268391,102.96750043233234,-5701708.282208904,0.035207809037859104
2021-05-03,101.4000015258789,104.5999984741211,101.05000305175781,104.25,86.88977813720703,12186212,4.646791860678911,0.017417015781780343,101.74000091552735,105.20200042724609,52.677794652153075,-0.6006036589974713,18.880324722444872,107.78378887150325,97.65121250178777,9.864508289221678,102.99431181238955,101.31832529797738,0.017569576431194722,3.1629948345684404,-0.07738314645150016,380255658,83.72090960141729,69.40828953832248,105.54416618347167,99.99916801452636,102.77166709899902,12722909.765508816,0.03500981626176076
2021-05-04,104.30000305175781,106.05000305175781,103.5,103.75,86.47305297851562,12992684,4.641984159110808,-0.004807701568102729,102.21000061035156,105.3170004272461,51.26841865570392,-0.46795720484217895,17.765633321820427,107.01961243644767,98.00038878425546,8.798384156171236,103.0662821159715,101.64641221685483,-0.004796163069544335,3.1192097072248237,-0.11117107113692225,367262974,74.44441053602431,72.9464834905307,105.40999959309897,99.79000142415364,102.6000005086263,-89924.74483039323,0.02444873420082643
2021-05-05,104.75,105.6500015258789,102.80000305175781,103.9000015258789,86.59807586669922,14956169,4.643428912791215,0.0014447536804071959,102.69500045776367,105.40800048828125,51.68603960907587,-0.3467331409199943,16.57843295625336,106.60812755403747,98.17187351407777,8.239333915379337,103.14568396453411,101.91763412834892,0.001445797839796592,3.0999803334317,-0.13386318431399175,382219143,76.11109415690105,78.0921380981142,105.25833269755044,99.75833498636882,102.50833384195964,1465657.1992583992,0.027207622664640514
2021-05-06,105.0,105.0999984741211,102.6500015258789,103.05000305175781,85.8896255493164,13547274,4.635214336950808,-0.008214575840407079,103.10500106811523,105.40100051879882,49.117337481871026,-0.31561179372089043,15.545082750381146,106.12723509547065,98.35276597264458,7.60413642626722,103.13657149665066,102.05971356645865,-0.008180928408450305,3.053552948775306,-0.12178265477171263,368671869,66.66666666666667,72.40739045319732,105.11333274841309,99.59833488464355,102.35583381652832,-7188222.419247445,0.023333304268973214
2021-05-07,104.0,105.5,103.3499984741211,105.05000305175781,87.55655670166016,13229291,4.654436456341536,0.0192221193907276,103.35500106811523,105.41800064086914,54.80841610152671,-0.12808809669911625,14.48312962707214,106.04457924977127,98.39542242869551,7.4830334164308825,103.31880307332753,102.21651155925466,0.01940805376779542,3.0104418058800837,-0.060232311064073306,381901160,88.88888888888889,77.22221657081884,105.04666633605957,99.52666816711425,102.28666725158692,15242980.526917515,0.020673091594989482
2021-05-10,106.0,108.0,105.5999984741211,107.69999694824219,89.7652816772461,23980945,4.679349555826615,0.02491309948507947,103.88500061035157,105.53100051879883,61.02819367148648,0.23168739666083127,14.598818766954917,106.715607592493,97.99439378079802,8.520554690233965,103.73605963284321,102.84355533639662,0.025226023983823564,3.006124316048805,0.017133724618511415,405882105,97.26024533910055,84.27193363155202,105.16499977111816,99.58000144958496,102.37250061035157,47447232.09692416,0.022641523829046287
2021-05-11,108.0,113.4000015258789,106.69999694824219,112.69999694824219,93.93264770507812,45613487,4.7247293939671335,0.04537983814051838,104.95,105.71700042724609,69.54513696354655,0.9097828698441646,16.29661054421936,109.1268608949206,96.57313986801886,12.20585413742353,104.5897679485955,104.43008090100129,0.04642525665439767,3.2699729061622276,0.15672331070114168,451495592,95.71862603690947,93.9559200882996,105.68333346048992,99.78333422342936,102.73333384195965,167860700.69897473,0.06203707942256221
2021-05-12,114.19999694824219,116.75,111.75,113.30000305175781,94.43272399902344,62158914,4.730039194969157,0.005309801002023384,105.92000045776368,105.91900054931641,70.38163447961597,1.478550090768593,18.53611709587599,111.06722343605077,96.0577773268887,14.493128356186045,105.41931414889667,106.66967832019564,0.005323922979262985,3.3935462700077825,0.10340269032672701,513654506,81.60001627604167,91.52629588401722,106.48083356221517,100.42583401997884,103.453333791097,80817385.4249268,0.043782838297851304
2021-05-14,113.94999694824219,113.94999694824219,110.1500015258789,111.4000015258789,92.84912872314453,16227312,4.71312734119048,-0.016911853778676544,106.75500030517578,105.98700057983399,64.35375116586508,1.7557487878242455,19.857452051606863,112.20709606957287,95.99790499854235,15.570414723830389,105.98890342289499,107.49067359518796,-0.01676965114476603,3.4225783523188897,0.07040915050103869,497427194,66.35221408366903,81.22361879887337,107.15083325703941,100.90583432515463,104.028333791097,6384516.767700214,0.033347920352198836
2021-05-17,111.19999694824219,112.25,109.94999694824219,111.55000305175781,92.9741439819336,12832920,4.714472948236298,0.001345607045817765,107.66500091552734,106.07200057983398,64.61143952254695,1.9648846546721757,20.990583191522727,113.22771248945519,95.99728903642371,16.47071174799371,106.51853195897716,108.08985464833626,0.001346512781187581,3.342394402278813,0.07933372044047268,510260114,66.87899389162371,71.61040808377811,107.58250020345054,101.4775006612142,104.53000043233234,3411477.3102213605,0.020683481248909966
2021-05-18,112.5999984741211,114.19999694824219,111.75,112.0999984741211,93.43257141113281,14892142,4.719391316466349,0.0049183682300508735,108.45000076293945,106.14500061035156,65.59356882872565,2.1502199725942717,22.462609409040386,114.23654817234244,95.95345350612435,17.39673107209564,107.05010019851468,108.6830870361896,0.004930483256984752,3.292937223293496,0.030176446716172967,525152256,70.38215012901941,67.87111936810402,108.12166659037273,102.01166750590006,105.06666704813638,6597565.722863093,0.021758410137148194
2021-05-19,113.1500015258789,113.1500015258789,110.94999694824219,111.94999694824219,93.30754852294922,12610425,4.718052315784756,-0.0013390006815932054,109.27000045776367,106.13300048828125,65.06321879157039,2.258955841009069,23.43674508049505,114.90480189027735,96.57519917783787,17.334596765521795,107.51675703182207,109.12492570556404,-0.0013381046201667024,3.214870605746583,0.04292218858388945,512541831,69.42672621159183,68.89595674407829,108.77666664123535,102.62166709899903,105.69916687011718,938133.2463000272,0.019443257162780937
2021-05-20,112.0,112.75,110.9000015258789,111.75,93.1408462524414,10303689,4.716264233493678,-0.0017880822910774086,110.05500030517578,106.1140005493164,64.31653562346118,2.3024505016907,24.315959956004892,115.35572920086979,97.39427156206968,16.885036497662806,107.91992302879139,109.45241171996383,-0.0017864846243332844,3.117379739201905,0.05584626743205439,502238142,68.15286005160776,69.32057879740631,109.35333315531413,103.28833376566567,106.3208334604899,-1061093.1549910554,0.016517843518938338
2021-05-21,112.30000305175781,113.1500015258789,111.25,112.8499984741211,94.05767059326172,12171685,4.7260594897422425,0.009795256248564144,111.03499984741211,106.15500045776368,66.58775885185541,2.3980379289159686,25.233186052296713,115.79240692425485,98.34759399127249,16.29290450957258,108.38945402358469,109.9171723517271,0.009843386793029874,3.0304241525359763,0.058667528117693796,514409827,75.15922112127824,70.91293579482591,110.00500005086262,104.02000020345051,107.01250012715657,8572192.233324718,0.01691898018028741
2021-05-24,112.3499984741211,113.94999694824219,112.05000305175781,112.9000015258789,94.09934997558594,11341268,4.72650248467093,0.00044299492868749013,111.81999969482422,106.2390005493164,66.69154428893268,2.449589143219413,26.287665704185166,116.40344372653091,98.77155703640854,16.388415594381808,108.81902997618414,110.33335433549432,0.00044309306543133253,2.9496791342465762,-0.006455288503832868,525751095,72.69504332793143,72.0023748336058,110.4391663869222,104.76416714986165,107.60166676839192,3235462.7516437215,0.016911383375959932
2021-05-25,113.9000015258789,114.8499984741211,113.05000305175781,113.30000305175781,94.43272399902344,15289982,4.730039194969157,0.003536710298226886,112.38000030517578,106.29400054931641,67.55963744308033,2.493971679074619,27.48922169719784,116.94597112526718,99.31902979026016,16.30124269797318,109.24578931671498,110.79418256521973,0.003542971837668274,2.8782732638176918,-0.036939623646080305,541041077,75.5319338893954,74.46206611286833,110.94083302815757,105.39583409627278,108.16833356221517,5155831.670988581,0.015803295858203385
2021-05-26,114.0,114.0,110.9000015258789,111.0999984741211,92.59907531738281,17466748,4.7104306829113005,-0.01960851205785641,112.22000045776367,106.32600051879882,58.525195589136516,2.324824050784173,27.401090090298975,117.02420013124816,100.14580032651551,15.543951530280767,109.42238066503937,111.22352689471502,-0.019417515607936142,2.894110778839363,-0.04843248947917601,523574329,59.929062855937,69.38534669108792,111.48166592915854,105.81166776021321,108.64666684468587,-23899339.81395514,0.027192969071237666
2021-05-27,111.5999984741211,111.6500015258789,109.30000305175781,110.30000305175781,91.93231964111328,34169451,4.703203953927251,-0.007226728984049302,111.92000045776368,106.33900054931641,55.61288274638976,2.101989960159713,26.541478945172514,117.06796908903594,100.77203182649141,14.961381926236461,109.50596374948874,111.47397694537125,-0.007200678968052654,2.85524561421663,-0.08351710462903518,489404878,51.865699897230925,62.44223221418776,111.86833292643227,106.14333445231121,109.00583368937176,-26190049.527762674,0.02105733428541251
2021-05-28,110.30000305175781,111.0,108.3499984741211,108.94999694824219,90.80712127685547,13383166,4.690889033380001,-0.012314920547249919,111.675,106.33600051879883,51.0007224470109,1.7957577502998845,25.312581816980668,116.90591034482107,101.52408996035471,14.083981470471915,109.4530145303224,111.68289811908028,-0.012239402231767338,2.840585322192507,-0.08229400612812984,476021712,30.044825252676617,47.27986266861483,112.17666625976562,106.42166748046876,109.29916687011719,-20774920.365496088,0.02402539848195112
2021-05-31,108.94999694824219,111.3499984741211,107.80000305175781,110.5,92.09900665283203,14754293,4.705015520957808,0.014126487577806657,111.56999969482422,106.33600051879883,55.55798673012613,1.6590147210593358,23.925006452134788,116.66585226462495,102.56914834572662,12.859902734192094,109.55272743219646,111.96716334662142,0.014226737908897391,2.8912574722047046,-0.031374111028518774,490776005,37.81096415779861,39.907163102568695,112.49916610717773,106.74916763305664,109.6241668701172,8321159.329187256,0.03258371291235321
2021-06-01,110.94999694824219,111.44999694824219,109.5,110.19999694824219,91.84895324707031,10271211,4.702296869025911,-0.0027186519318966873,111.37999954223633,106.34900039672851,54.50141229826393,1.50904185104622,22.677826413287224,116.52038350785608,103.3096167973197,12.019075369327863,109.61437214801035,112.08694619959661,-0.0027149597444146023,2.8240245776359534,-0.06470913485544587,480504794,26.81558340593337,31.55712427213618,112.77333272298176,107.18333409627277,109.9783334096273,719456.6795634772,0.017575457430177802
2021-06-02,110.0999984741211,111.3499984741211,110.05000305175781,111.1500015258789,92.64075469970703,6492771,4.710880654138311,0.008583785112399767,111.3,106.44100036621094,57.272473143355775,1.4501285220320739,21.519730662928772,116.26723136336234,104.30276909440134,10.848675925221336,109.76062256495021,111.47964454418175,0.0086207314332587,2.715165352259334,-0.026061857865654493,486997565,47.517739706533256,37.38142909008839,113.03166567484539,107.56666781107583,110.29916674296062,4351927.00755245,0.01180740636130748
2021-06-03,111.5999984741211,112.19999694824219,110.44999694824219,111.80000305175781,93.18253326416016,12140851,4.71671158801758,0.005830933879268585,111.30500030517578,106.60100036621094,59.10759197860879,1.4392976478371935,20.825738863872925,115.9210301780589,105.43897043229266,9.470599671904823,109.9548492779795,111.45090121519004,0.005847966864197973,2.646224969955096,0.0005648954884040256,499138416,56.73762549279969,43.690316201755415,113.34499893188476,107.99000091552735,110.66749992370606,6711690.119496446,0.015681003798631837
2021-06-04,111.5,113.0,111.05000305175781,111.75,93.1408462524414,8930671,4.716264233493678,-0.0004473545239012111,111.19500045776367,106.66600036621094,58.89802445432356,1.4104208203609403,20.525877739389895,115.02615125059093,107.20384905458486,7.039825572842679,110.12581601341003,111.486359248521,-0.00044725447578619626,2.596494396975603,0.01850687341438714,490207745,56.028361886766724,53.427909028699865,113.73666559855144,108.43166758219402,111.0841665903727,1939522.8370021526,0.01748876186764294
2021-06-07,112.1500015258789,116.75,112.0,116.4000015258789,97.01651000976562,28407410,4.757032548406262,0.040768314912583925,111.54500045776368,106.79700042724609,69.6681521592206,1.7426636462504064,21.535911061367226,115.18082656110157,108.18417359148633,6.264771083057416,110.72335749078802,111.88787505828482,0.041610751909430865,2.768173368620203,0.06088302548536379,518615155,96.08940119035644,69.61846285664093,114.38749885559082,108.82250099182129,111.60499992370606,88709507.50984585,0.04235398961545199
2021-06-08,117.5,118.5,116.0,116.19999694824219,96.84980773925781,43191813,4.7553128181548345,-0.001719730251427798,111.8349998474121,106.94800033569337,68.8326944888311,1.9671536586742349,22.931471433178277,115.63245079352818,108.58254935905971,6.2885189926371625,111.24494220102174,112.78944908211001,-0.001718252362670758,2.7490181280044736,-0.07679601818752847,475423342,78.50463824538136,76.87413377416816,114.88249880472817,109.30750109354656,112.09499994913737,23810795.625662528,0.02127659574468085
2021-06-09,116.5,121.0,115.80000305175781,118.0999984741211,98.43341064453125,49807823,4.771531710283089,0.016218892128254225,112.53499984741211,107.19000030517579,72.23858340753131,2.2721855148180197,24.779150486105724,116.76446656402454,107.99053374115122,7.807552945171356,111.89780470322168,113.81408524430202,0.016351132321674733,2.924088043735739,-0.1788184376504731,525231165,78.03028639135336,84.20810860903036,115.17583185831707,109.75083491007487,112.46333338419595,71026891.67569183,0.04463516693770118
2021-06-10,119.3499984741211,119.9000015258789,117.30000305175781,118.5,98.76680755615234,22144392,4.774912960575186,0.0033812502920973486,113.35499954223633,107.50000030517577,72.90975947793902,2.5171856889059967,26.494852463824067,117.76603518745586,107.50896481254415,9.106266008133797,112.52658520767676,114.23887836668735,0.00338697316720582,2.900938788763264,-0.138577668213696,547375557,81.0606016819351,79.19850877288992,115.2874984741211,110.1025016784668,112.69500007629395,29580824.285004374,0.021784654439562953
2021-06-11,118.9000015258789,119.55000305175781,117.55000305175781,118.80000305175781,99.01685333251953,13871562,4.777441432616741,0.002528472041555041,114.34000015258789,107.7920004272461,73.4286282390126,2.7043833828313097,28.088004300276815,118.75582863519148,107.25917151739642,10.173357617886774,113.12405357377972,114.49854331643671,0.0025316713228507037,2.8365860181373166,-0.1147272272263007,561247119,83.3333525994856,80.80808022425799,115.53749885559083,110.53250160217286,113.03500022888184,12634615.383433262,0.016820857647884005
2021-06-14,118.80000305175781,118.9000015258789,116.25,118.19999694824219,98.51676177978516,14179055,4.772378079153404,-0.005063353463337528,115.10999984741211,108.00200042724609,70.51946332562666,2.7723653241410062,28.733400686001563,119.46932292058058,107.21067662165574,10.815816414046484,113.60747675229996,114.70004046182022,-0.0050505562971595586,2.8232585544045734,-0.10974936020887882,547068064,78.78785076438459,81.06060168193507,115.88166542053223,110.84166831970215,113.36166687011719,-1460141.233578072,0.0223064095774844
2021-06-15,118.19999694824219,118.94999694824219,117.5999984741211,117.80000305175781,98.18338012695312,8148417,4.768988297123749,-0.0033897820296546755,115.87000045776367,108.2270004272461,68.56910771629887,2.762125277024296,29.347245025209865,120.02144486867802,107.22855513132198,11.258868855758887,114.00676497129595,114.96800374703976,-0.003384043204836318,2.718025691527182,-0.09815538879472012,538919647,75.75759327225963,79.29293221204324,116.09833221435547,111.1683349609375,113.63333358764649,-2659591.7885323716,0.0114213071825394
2021-06-16,117.80000305175781,120.5999984741211,116.8499984741211,119.80000305175781,99.85032653808594,21585917,4.78582371115512,0.016835414031371343,116.73500061035156,108.46500045776367,72.6432045154126,2.8821693964966926,30.37941152263846,120.89959929407073,107.13540131628085,12.072004684323934,114.55850193133995,115.88211230143206,0.016977928252864816,2.7917381421323837,-0.05902127016081457,560505564,90.90911192671156,81.81818532111858,116.5291653951009,111.44416859944661,113.98666699727377,27894692.070489205,0.03183361547412152
2021-06-17,118.19999694824219,120.5999984741211,116.94999694824219,117.4000015258789,97.8499755859375,14466025,4.765586920391261,-0.020236790763859425,117.29500045776368,108.68700042724609,62.220625187687475,2.7519227085887508,31.3378518416793,121.25010920762068,107.34989155531878,12.16117025888952,114.82912094034366,116.33489522308028,-0.020033401208195523,2.8530426695428495,-0.0853983056044795,546039539,72.72727798167789,79.79799439354967,116.94499880472817,111.68000170389811,114.31250025431316,-13847424.02543853,0.030879878342781865
2021-06-18,117.4000015258789,118.1500015258789,112.9000015258789,113.55000305175781,94.64109802246094,43927941,4.732243295427462,-0.03334362496379928,117.47500076293946,108.8370004272461,49.86169278745471,2.3113942547869613,29.89483623424624,121.26256228267944,107.40743893802367,12.118006971350262,114.70730018904976,116.43803897417676,-0.032793853697458686,3.0242539074326458,-0.1811145114334512,502111598,35.21741784137228,66.2846025832539,117.2349988301595,111.6350018819173,114.43500035603843,-117364145.22266713,0.04471890912916831
2021-06-21,113.25,118.44999694824219,113.05000305175781,118.0,98.35006713867188,34597018,4.770684624465665,0.03844132903820352,117.63500061035157,109.08800048828125,59.80080844695953,2.2948957155736878,28.66785618641677,121.66146505778133,107.51853601033392,12.342201746690758,115.0208906472355,116.63789766453047,0.039189756306865275,3.1939496209363405,-0.10097754272901702,536708616,72.60273209042681,60.18247597115897,117.58666547139485,111.63666852315266,114.61166699727377,63516367.9379643,0.047682065311120306
2021-06-22,118.5,118.9000015258789,116.94999694824219,118.30000305175781,98.60011291503906,16712010,4.77322379678111,0.002539172315445093,117.84500122070312,109.35400054931641,60.371156700893664,2.279748719286715,27.702744489090755,122.06326956862107,107.61673149949418,12.579709162264013,115.33318706671382,116.82210891273986,0.002542398743710317,3.1050964035577957,-0.05988538570273,553420626,74.40761926801224,60.74258973327043,117.80999921162922,111.84500134785972,114.82750027974446,24514558.64665949,0.016455734832377375
2021-06-23,118.8499984741211,118.8499984741211,116.94999694824219,117.25,97.72494506835938,12590251,4.764308407326388,-0.008915389454721812,117.76000137329102,109.64300048828125,57.30653736594857,2.1581404449126893,26.80656934157374,122.2299780555329,108.06502316517022,12.301573907622686,115.51574067940774,117.04961743512268,-0.008875765212773667,3.0190181980093036,-0.04500325400119901,540830375,62.3115462295444,69.77396586266113,118.03416595458984,112.18916778564453,115.11166687011719,-641681.766044735,0.01598655069644465
2021-06-24,117.19999694824219,118.5,115.69999694824219,118.0,98.35006713867188,14046692,4.770684624465665,0.006376217139276719,117.71000137329102,110.0220004272461,58.910994276175224,2.098098173594991,25.295048675929532,122.35131936347948,108.71368155204787,11.804157061776088,115.75233680517843,117.19950517896419,0.006396588486140775,3.00337425899134,-0.012268202145377528,554877067,66.66666666666667,67.79527738807441,118.40583267211915,112.51583404541016,115.46083335876465,6809452.077985088,0.023890811643914534
2021-06-25,119.0999984741211,119.0999984741211,115.69999694824219,116.05000305175781,96.72480010986328,12768348,4.754021159017368,-0.01666346544829711,117.43500137329102,110.33100051879883,53.30220404505117,1.8715912452259857,24.167451608528786,122.00140963522671,109.7735918906522,10.551455216544747,115.78068597151933,117.37922377519492,-0.016525397866459235,3.0317047780547375,-0.01927550649793006,542108719,38.88891505279825,55.95570931633642,118.81916605631511,112.85416742960611,115.83666674296062,-14329009.06340113,0.028547452304272556
2021-06-28,116.9000015258789,117.8499984741211,116.0,116.1500015258789,96.80814361572266,10709748,4.754882472353559,0.0008613133361912162,117.2300018310547,110.62700057983399,53.54645475457997,1.68077696315477,23.120397188799526,121.76190614620904,110.57809553225775,9.62710728514883,115.81585888145834,117.42435258171452,0.0008616843730413493,2.94729718491662,-0.06123103735164354,552818467,40.12346434858616,48.55968202268368,119.07333285013836,113.2783339182536,116.17583338419595,-4062364.0489860866,0.015825478613972026
2021-06-29,116.25,118.55000305175781,115.4000015258789,117.5999984741211,98.01667785644531,33488455,4.767289022489366,0.012406550135806604,117.21000137329102,110.93000061035156,57.05412907785073,1.6277937128088382,22.48743566121225,121.43924515232743,111.64075667872726,8.40783284419441,115.98577693790241,117.23519201316057,0.012483830643076788,2.9617760664139263,-0.019527276918531015,586306922,61.03894559744128,46.683774999608545,119.47333323160808,113.55833384195964,116.51583353678384,31017983.68456852,0.02709678731938844
2021-06-30,117.8499984741211,118.44999694824219,116.1500015258789,116.4000015258789,97.01651000976562,16739618,4.757032548406262,-0.010256474083103484,116.87000122070313,111.27700057983398,53.45663759346034,1.4720060112500306,21.89968567130978,121.03575857052034,112.56924326053435,7.24857365520714,116.02522689866207,117.11040530886167,-0.010204055814730828,2.914506020410309,-0.059752337664783245,569567304,45.454563469651845,48.87232447189308,119.83083318074543,113.81583379109702,116.82333348592121,-3052332.448303817,0.01951629573307412
2021-07-01,116.80000305175781,117.80000305175781,115.69999694824219,117.3499984741211,97.80831146240234,12479506,4.76516090929423,0.008128360887967645,116.86500091552735,111.64300048828125,55.83105191231401,1.4089583547745548,21.046532087007243,120.63912974044554,113.52087163284547,6.079824108176658,116.15139562013437,117.02360413440665,0.008161485702652405,2.8563274549178312,-0.058457236072800026,582046810,57.79219106389472,54.76190004366259,120.12166684468586,114.07166684468586,117.09666684468588,6886217.594278773,0.01797950384115183
2021-07-02,117.55000305175781,119.05000305175781,117.0,117.5,97.9333267211914,17215972,4.7664383335842135,0.0012774242899835642,117.26000061035157,112.0140005493164,56.21091124920524,1.35547147094195,20.9055907076536,119.95405689951207,114.78094447377896,4.407619141132247,116.27983413250251,117.03642528271838,0.0012782405439228928,2.7987328546921155,-0.07164013981210245,599262782,59.74026360063968,54.32900604472872,120.422500483195,114.36249987284342,117.39250017801922,4017020.5777519415,0.01743941300329177
2021-07-05,117.9000015258789,119.0999984741211,117.25,118.5999984741211,98.85015106201172,16409169,4.775756473697867,0.009318140113653506,117.32000045776367,112.33500045776367,58.995844019207965,1.3858679904224402,20.799818794824198,120.07720675026847,114.87779431784675,4.425879346074762,116.50080216503763,117.08037132493587,0.009361689141456075,2.730966113222757,-0.11252132539281624,615671951,74.02596373162751,63.85280613205395,120.44083366394042,114.67083320617675,117.55583343505859,13372380.76698075,0.015691250637643303
2021-07-06,118.0999984741211,118.94999694824219,117.05000305175781,117.6500015258789,98.05834197998047,14979094,4.767714128143018,-0.008042345554849284,117.25500030517578,112.64000045776368,55.70105908470332,1.318106327586733,20.544947384766903,120.08317969738826,115.01682182849063,4.309959877511902,116.61024972321299,116.96526735909899,-0.00801009241538464,2.6716109548843012,-0.04370027578851622,600692857,61.688336137384645,65.1515211565506,120.46000010172527,114.75000025431316,117.6050001780192,-5029268.802628323,0.016088009492233102
2021-07-07,117.05000305175781,118.19999694824219,116.8499984741211,117.44999694824219,97.89165496826172,14545289,4.766012685121458,-0.0017014430215596121,117.275,112.94800033569337,55.00458184407992,1.234040769854559,20.145879873212458,120.0382686549894,114.99673271830162,4.290029916591556,116.69022564940624,116.92186336872346,-0.001699996387953484,2.577210063401215,-0.03661618756285925,586147568,73.38705906384821,69.7004529776201,120.22750002543133,114.9025000254313,117.56500002543132,-3615839.1895754486,0.011533519341508638
2021-07-08,117.3499984741211,118.69999694824219,117.19999694824219,117.44999694824219,97.89165496826172,12037089,4.766012685121458,0.0,117.21999969482422,113.22500030517578,55.00458184407992,1.154114298470617,20.076748654289975,119.94514094478701,114.98486012332823,4.222773420939631,116.76258482072396,117.34243313394258,0.0,2.500266487443985,-0.0554387341177279,598184657,72.72722687062176,69.26754069061819,120.13333320617676,114.91833305358887,117.52583312988281,-1205279.729858483,0.012782275411199015
2021-07-09,117.0,118.4000015258789,116.25,117.80000305175781,98.18338012695312,9585144,4.768988297123749,0.002975612002290795,117.39499969482422,113.52000030517578,56.118191637534956,1.1062622587953115,19.227880806173026,119.82479211215164,115.00520895596358,4.104742268250539,116.8613865570129,117.48473518259767,0.0029800435300979533,2.475247561617908,-0.05393026808028452,607769801,64.86495960541563,70.32641517996184,120.08333320617676,114.85333290100098,117.46833305358886,1834812.6920979535,0.01837608141776843
2021-07-12,118.0,118.75,117.1500015258789,117.8499984741211,98.22504425048828,7651672,4.769412616434504,0.0004243193107553722,117.56499938964843,113.82800033569336,56.28462418970126,1.0601526060325739,18.671012691322566,119.78925127211573,115.00574994858738,4.074619390241574,116.95554007292796,117.4548114796643,0.00042440934692766774,2.41272976965385,-0.07713038365470361,615421473,66.21618835134834,67.93612494246189,120.03749974568684,114.91249974568684,117.47499974568686,866636.6129828466,0.013559309102721134
2021-07-13,118.1500015258789,122.0,118.0999984741211,119.9000015258789,99.93366241455078,30663035,4.786658074759731,0.017245458325226615,117.79499969482421,114.14100036621093,62.555778797491826,1.1754783055064593,19.803840185134884,120.12861397705882,114.87638709105642,4.469885204255775,117.23596497320901,117.79139785734945,0.017395019756474284,2.536820609384211,-0.06320896695699635,646084508,68.18183394503367,66.42099396726586,120.2591665903727,114.87916628519694,117.56916643778484,42195089.08843203,0.03300889949649871
2021-07-14,119.94999694824219,120.94999694824219,119.80000305175781,120.75,100.6421127319336,9539611,4.793722292532682,0.007064217772951409,118.22999954223633,114.48100036621094,64.80992365999347,1.320243580175088,20.855751429389183,120.36797729159272,114.73202347134674,4.794516207534121,117.57063497576053,117.93461169406221,0.007089228217713073,2.437761558462794,-0.08268203945761247,655624119,81.0606016819351,71.81954132610569,120.19999961853027,115.07999992370605,117.63999977111817,19470799.558616545,0.009587277413442466
2021-07-15,120.75,121.19999694824219,119.19999694824219,120.30000305175781,100.26705169677734,11278872,4.789988648348528,-0.00373364418415445,118.525,114.80900039672852,62.659327549936854,1.3827209638286178,21.324309729283268,120.75521234315131,114.63478857237602,5.200241086682081,117.83057479252217,118.11176264228246,-0.0037266828011774944,2.4064928757154513,-0.049259749050617606,644345247,74.24246452619715,74.49496671772197,120.21333287556968,115.25833333333333,117.73583310445149,3106627.866462677,0.016563146997929608
2021-07-16,120.1500015258789,120.80000305175781,118.30000305175781,119.0999984741211,99.26688385009766,17198632,4.7799634635495085,-0.010025184799019371,118.68499984741212,115.13000030517578,57.20765789760448,1.3201861161806931,21.043065208034893,120.42514685602153,115.51985360174216,4.1579971982983075,117.95147228600777,118.27990689638496,-0.009975100142935456,2.41317195602149,0.029275012963725887,627146615,56.0605727827067,70.45454633027963,120.30249951680503,115.62249997456868,117.96249974568684,-12723415.463905344,0.0208073239138622
2021-07-19,119.0999984741211,121.8499984741211,118.5,121.4000015258789,101.18389129638672,14364285,4.799090891194417,0.019127427644908046,118.96500015258789,115.4570002746582,63.722594757656566,1.4396227483211845,21.31294129378021,121.01465579444874,115.27034481590283,4.8621884281335594,118.27990364218597,118.620962255366,0.01931152880961262,2.480088135885748,-0.028866543558529936,641510900,90.4762193098671,73.5930855395903,120.40416641235352,115.92916641235351,118.16666641235352,17784127.736244198,0.028127611394126135
2021-07-20,122.0,122.0,118.19999694824219,118.44999694824219,98.72512817382812,11360716,4.774490904840693,-0.024599986353723402,119.04499969482421,115.6720002746582,52.65058802584402,1.2814644995221158,21.32331390918852,121.02454371804191,115.2754562819581,4.865922501975295,118.29610300466751,118.8100604528364,-0.024299872656985633,2.574367772733752,-0.08375738354036205,630150184,43.65077250609746,63.39585486622374,120.571666208903,115.91166636149087,118.24166628519694,-16414733.558072407,0.031147565998014857
2021-07-22,118.75,119.69999694824219,118.55000305175781,119.19999694824219,99.35023498535156,9520328,4.780802729029254,0.006311824188561133,119.21999969482422,115.8020002746582,54.80082655358104,1.2027768174200304,21.332945623496236,121.12560259474691,115.36939710007732,4.867929979151744,118.38218814215082,118.9447643760868,0.0063317857266615984,2.4797700746813414,-0.051392041970431776,639670512,51.30429475203805,61.81042885600085,120.6074991861979,116.02250010172527,118.3149996439616,-711413.8526908029,0.009684159128289474
2021-07-23,119.4000015258789,120.0999984741211,118.30000305175781,118.5,98.76680755615234,10442400,4.774912960575186,-0.005889768454068189,119.325,115.90600021362305,52.40864283949459,1.0715798533216514,21.566283172819322,121.15025512796215,115.39474456686206,4.866313444397895,118.39340831908885,119.04538998237742,-0.005872457769828032,2.4312147423729087,-0.1105678505118063,629228112,39.130434782608695,44.69516734691471,120.63583221435547,116.15083389282226,118.39333305358886,-5110236.705779747,0.015075338353100003
2021-07-26,118.19999694824219,120.0,118.05000305175781,119.3499984741211,99.47525787353516,5370055,4.78206033999993,0.0071473794247438605,119.47999954223633,116.06500015258788,54.97864039052772,1.0243846189485595,21.549633495116385,121.16089419398763,115.7141050430729,4.598872121125513,118.48451214337764,119.1150118437433,0.0071729829039755,2.396842042792143,-0.07165907626101978,634598167,53.913016941236414,48.11591549196103,120.67249870300293,116.3325008392334,118.50249977111817,1339613.4687043175,0.01649743653628061
2021-07-27,119.30000305175781,119.5999984741211,118.19999694824219,118.8499984741211,99.05851745605469,5280342,4.7778621809675075,-0.004198159032422488,119.57999954223632,116.21100006103515,53.16008380762234,0.935848357044307,21.534173080106516,121.08874264473519,116.05625628714958,4.244227270448232,118.51932036535321,119.21703936201014,-0.004189359081629318,2.325639148726912,-0.04236474591844713,629317825,45.21736476732337,46.08693883038948,120.7608320871989,116.46583391825357,118.61333300272625,-1313576.1770985608,0.0117351340324067
2021-07-28,119.55000305175781,119.55000305175781,115.80000305175781,116.80000305175781,97.34989929199219,11010096,4.76046309652219,-0.01739908444531757,119.26999969482422,116.3050001525879,46.38549978814518,0.6922850029758507,20.430309259497967,121.13332204167993,115.93167734796852,4.388370031091606,118.35557585929651,119.24599011218056,-0.017248594435696707,2.4273792095321327,-0.11757430502891912,618307729,16.129040197084585,38.419807301881434,120.8008321126302,116.44583409627278,118.62333310445152,-15484956.325553035,0.031367627806554554
2021-07-29,117.69999694824219,118.25,115.25,116.75,97.30821990966797,11897018,4.760034896549007,-0.0004281999731832187,118.86999969482422,116.40100021362305,46.230740711093084,0.4895808781042206,19.759604491595805,121.09735181932307,116.00264741773749,4.297515325161783,118.20266387269685,119.17279738227288,-0.0004281083086586923,2.468280694565552,-0.06801024595272,606410711,22.22222222222222,27.85620906221004,120.82333234151204,116.39833386739095,118.61083310445152,-5558243.57972943,0.025488530822300962
2021-07-30,116.94999694824219,119.94999694824219,116.25,118.19999694824219,98.51676177978516,14546264,4.772378079153404,0.01234318260439693,118.65999908447266,116.53000015258789,51.304374323165995,0.4408571080149528,18.74548583996421,121.08614708857257,116.09885199590008,4.205405157934367,118.20240987989163,119.17910688445899,0.01241967407487965,2.556260426971026,-0.09235074495305193,620956975,43.703658492476855,27.351640303927866,120.96249847412109,116.37750091552735,118.66999969482421,12208611.078973653,0.03163742663353528
2021-08-02,118.5999984741211,118.75,117.0,117.75,98.1417007446289,11742555,4.768563732896527,-0.0038143462568767106,118.52499923706054,116.62800018310547,49.73588326640496,0.36176200899105027,17.803804234877727,121.07904544543318,116.13095363903948,4.171908288428975,118.15932322466385,119.14384545824845,-0.003807080878684199,2.4986703964730954,-0.06574933741800128,609214420,37.03703703703704,34.32097258391202,120.94666493733723,116.39166768391928,118.66916631062824,546794.4166138582,0.014755480796923078
2021-08-03,118.5,118.5,116.5,117.6500015258789,98.05834197998047,21122697,4.767714128143018,-0.0008496047535091478,118.14999923706054,116.72300018310547,49.37463973514923,0.2876931840824142,16.563490436359803,121.06633955205332,116.04865983759511,4.232275248191039,118.11081639620814,118.7799832362024,-0.0008492439415803688,2.463051082439303,-0.08172899145801081,588091723,35.55557816116898,38.76542456356094,120.9158317565918,116.34583435058593,118.63083305358887,-1225893.507343517,0.016877637130801686
2021-08-04,118.05000305175781,118.8499984741211,116.55000305175781,117.8499984741211,98.22504425048828,9432176,4.769412616434504,0.0016984882914865551,118.08999938964844,116.81400009155273,50.15441882818117,0.24233767116098193,15.66273610893919,121.06335179178151,116.07164729269115,4.210010768855091,118.08597659410461,118.62124324865708,0.0016999315397221437,2.45140424957673,-0.05640386013232944,597523899,38.518495912905095,37.03703703703702,120.92916514078777,116.319167582194,118.6241663614909,848973.1077409631,0.019483230520162476
2021-08-05,117.05000305175781,117.80000305175781,115.94999694824219,116.5,97.09983825683594,11045322,4.757891273005756,-0.011521343428748665,117.81999969482422,116.92200012207032,45.104149385569414,0.09634885630791246,14.715795074964507,121.13254672243077,115.90745266721767,4.40861801271274,117.9349312041899,118.38482659821369,-0.011455226912179706,2.412018340741171,-0.06888535564900695,586478577,18.51851851851852,30.864197530864185,120.91666564941406,116.25666732788086,118.58666648864747,-9657787.528203778,0.015805263180536433
2021-08-06,116.5,118.69999694824219,116.44999694824219,117.6500015258789,98.05834197998047,8434733,4.767714128143018,0.00982285513726211,117.73499984741211,117.06900009155274,49.746338994517814,0.07261017600815478,14.15059001363972,121.12757574365821,115.9324241037539,4.382984597357852,117.90779504435075,118.2300435907615,0.009871257732866123,2.4004456021168017,-0.03435363164386187,594913310,35.55557816116898,30.86419753086418,120.94499905904135,116.21000073750812,118.57749989827474,3247374.704186183,0.019313304721030045
2021-08-09,118.5,119.0999984741211,116.55000305175781,116.69999694824219,97.26653289794922,7816050,4.7596065131420575,-0.008107615000960244,117.46999969482422,117.22400009155274,46.26573371299398,-0.022599812482724246,13.90044795632206,121.17657380732335,115.7734254297372,4.560581046620286,117.79276665424517,117.96229438336991,-0.008074836934258367,2.4111277321344073,-0.08104471090205752,587097260,21.48143627025463,25.18517764998069,120.96333198547363,116.18833427429199,118.57583312988281,-3867730.617962923,0.021518948711926424
2021-08-10,116.9000015258789,117.19999694824219,113.6500015258789,114.3499984741211,95.30787658691406,9774255,4.7392639071248555,-0.02034260601720206,117.01999969482422,117.30100006103515,38.997103617396704,-0.2844012508315643,14.072786849925446,121.5405249925593,115.05947424450126,5.4784875477234225,117.46488397042383,117.6479844436306,-0.02013709113602935,2.492475424293613,-0.10085589261329715,577323005,10.852670999060814,22.62989514349479,120.91833178202312,115.94833437601726,118.43333307902017,-16602233.096434621,0.03036779620210181
2021-08-11,114.69999694824219,117.30000305175781,114.55000305175781,116.94999694824219,97.47491455078125,8056886,4.761746466935636,0.022482559810780955,117.03499908447266,117.43600006103516,48.61573831200762,-0.2788680122766465,14.158307572444048,121.35663416379549,114.94836461550139,5.423727455109207,117.41584711116843,117.47377991642365,0.022737197278664745,2.5251560781038345,-0.07310143436396538,585379891,51.16274393374134,27.832283734352245,120.67416508992514,115.81916783650715,118.24666646321614,8431183.171966858,0.02397558912962242
2021-08-12,116.94999694824219,119.4000015258789,116.5,119.1500015258789,99.30855560302734,8640167,4.780383216351121,0.01863674941548421,117.27499923706054,117.59600006103516,55.071143612289276,-0.09585593015258098,13.444548952752259,121.08754174059263,115.05745719129214,5.1071033276803295,117.5810046744742,117.41816011861738,0.018811497520691445,2.5519307529449113,-0.06914778851003289,594020058,86.61419404138137,49.54320299139448,120.6541655222575,115.62416750590008,118.13916651407877,15482665.691686096,0.024796935455777235
2021-08-13,119.44999694824219,119.44999694824219,117.19999694824219,118.25,98.55844116210938,9744939,4.772801027372043,-0.0075821889790779196,117.27999954223633,117.725,52.182949608335996,-0.023173013969923772,12.811237694012139,120.80943616522495,115.13056246148403,4.813828716448977,117.64471851500046,117.41400563724866,-0.0075535166962077405,2.5303642705917033,-0.07783626180540619,584275119,73.01590184958457,70.26427994156906,120.56999880472817,115.51500078837077,118.04249979654949,-686084.749169209,0.01883633367504335
2021-08-16,118.25,119.4000015258789,118.0999984741211,118.8499984741211,99.05851745605469,8768804,4.7778621809675075,0.0050611535954647735,117.38999938964844,117.86699996948242,53.9180503501722,0.08189949680357245,12.223162953753457,120.7790727608627,115.13592586584627,4.784050974177903,117.75950708253576,117.44195252197136,0.005073982867831672,2.442481326389282,-0.04479674405245511,593043923,82.53969407316715,80.72326332137767,120.47916552225747,115.54416720072429,118.0116663614909,3278817.763521559,0.010993683312962474
2021-08-17,119.3499984741211,119.5,116.19999694824219,117.4000015258789,97.8499755859375,8758578,4.765586920391261,-0.012275260576246616,117.36499938964843,117.88699996948242,49.26554550506108,0.04761866468027165,12.214228617893099,120.10127259156305,115.41372603514593,3.980677734964026,117.72526845809226,117.46135087415794,-0.012200226898260502,2.50373287820132,-0.10962593057315244,584285345,59.52385277437684,71.6931495657095,120.33249905904135,115.40250027974446,117.8674996693929,-7373668.326120255,0.027649795508571866
2021-08-18,117.4000015258789,118.9000015258789,116.0999984741211,116.55000305175781,97.14154052734375,9357721,4.758320391665874,-0.0072665287253865785,117.23499984741211,117.89400009155274,46.72049819126181,-0.047588346054823205,12.262172369326924,120.0400765912205,115.28492264584006,4.041350439432249,117.61333841939374,117.50115872143853,-0.0072401913379338545,2.5248950334553553,-0.09320618355610513,574927624,46.031803699169124,62.698450182237686,120.1641658782959,115.33416709899902,117.74916648864746,-7760588.489540696,0.023850110863419347
2021-08-20,116.30000305175781,117.0,113.44999694824219,114.1500015258789,95.14119720458984,11684504,4.737513386343118,-0.020807005322756034,117.0,117.81500015258788,40.37780977416753,-0.31309152922446515,13.5735055271368,120.12893285243628,114.69106684238794,4.631518624576676,117.28349681048756,117.22425985845011,-0.020592033144890665,2.5981170347626734,-0.13320374585814984,563243120,11.570317760969298,39.041991411505066,120.06999969482422,115.0,117.53499984741211,-21282081.11593902,0.03052453102841218
2021-08-23,115.5,115.75,112.19999694824219,113.4000015258789,94.51607513427734,6271685,4.730921404749374,-0.0065919815937443005,116.575,117.71300018310546,38.61363725173357,-0.5773679088676289,15.255643909190164,120.33476313543441,113.9752367119777,5.428301333787016,116.91364011671531,117.01741516769958,-0.006570302146075457,2.666108893119469,-0.10535697220571046,556971435,16.43841199967392,24.680177819937427,119.89833335876465,114.65333290100098,117.27583312988281,-10229869.53864634,0.0307359571580763
2021-08-24,114.19999694824219,116.30000305175781,113.6500015258789,113.94999694824219,94.97449493408203,11791078,4.735759728910141,0.004838324160767016,116.3,117.61600006103515,40.66111947327804,-0.7339680824865127,16.401134270600796,120.18804374738497,113.58195594743924,5.651784068588497,116.63138838638454,116.71365324516012,0.004850047750993847,2.682815509745143,-0.15524074762307463,568762513,23.972592718007245,17.327107492883467,119.70833358764648,114.39333267211914,117.05083312988282,913402.7702701478,0.023204917659323074
2021-08-25,114.69999694824219,115.25,113.80000305175781,114.0,95.01615142822266,9491958,4.736198448394496,0.0004387194843546993,116.26500015258789,117.53200012207031,40.854269049962376,-0.8443073701390205,17.46480389191067,120.04356961668184,113.24143023073027,5.831613168785589,116.38077996863363,116.46518427277836,0.0004388157358223843,2.594757041066361,-0.18314377968535575,578254471,24.6575657434058,21.689523487028964,119.48416684468586,114.16416638692222,116.82416661580403,620885.5015280376,0.012641647661913117
2021-08-26,114.0999984741211,114.5,111.94999694824219,112.75,93.97433471679688,11668986,4.725172978382788,-0.011025470011707839,115.84500045776367,117.43100006103515,37.5626551982004,-1.0208488932839828,19.150769138689814,120.23849940826797,112.64150013396836,6.5243896334874165,116.03499140019234,116.13658735417506,-0.010964912280701733,2.5915603275443218,-0.17880442236840582,566585485,10.596062627703887,19.742073696372287,119.20833346048991,114.00833269755046,116.60833307902017,-9517193.16615732,0.022348843872563032
2021-08-27,112.69999694824219,114.0999984741211,112.0999984741211,113.4000015258789,94.51607513427734,8095717,4.730921404749374,0.0057484263665861235,115.27000045776367,117.30300003051758,40.25815386934792,-1.0956793222501346,20.716308296413306,120.29064275595722,112.25435693886699,6.91159631695929,115.78403998359106,115.8585939953876,0.0057649802738706235,2.549306018434013,-0.17032397561536622,574681202,19.2053508812705,18.152993084126706,118.9808334350586,113.88083267211914,116.43083305358887,335754.54667009367,0.017746229406896134
2021-08-30,113.25,115.5,113.25,114.94999694824219,95.80797576904297,9915170,4.7444972246606225,0.013575819911248566,114.94000015258788,117.25399993896484,46.22043813947771,-1.0181744186903785,21.051433739173664,120.06557833891148,112.15442135591275,6.813501846004058,115.70460731355783,115.6673494231449,0.013668389784012192,2.5279270171172974,-0.15300043927738363,584596372,39.73508327657605,23.178832261850122,118.73000030517578,113.77499923706054,116.25249977111817,10357563.590192521,0.019867549668874173
2021-08-31,115.25,116.3499984741211,114.69999694824219,115.94999694824219,96.64144897460938,11386659,4.753159037381939,0.008661812721316053,114.65,117.30199981689454,49.70773938397633,-0.866075996600074,20.756430577494648,119.9034776692693,112.13652172037915,6.694497473987354,115.72797775495634,115.71122660617351,0.008699434767712733,2.4652180534574124,-0.11579003704937253,595983031,52.98011103543473,37.306848397760405,118.61666692097981,113.67166570027669,116.14416631062826,11043627.196730841,0.014316716059686822
2021-09-01,116.0,116.69999694824219,114.75,115.4000015258789,96.18302154541016,7508413,4.74840436729652,-0.004754670085418411,114.45,117.24999984741211,47.86920328049783,-0.7809150329674139,20.239183498508144,119.7253884477937,112.08961094185474,6.587820051371475,115.69674192361563,115.6722654269568,-0.004743384535049078,2.428416545942039,-0.15441438775865662,588474618,45.69540639898787,46.136866903666196,118.51750005086262,113.5774991353353,116.04749959309895,928147.212768313,0.016810318519329202
2021-09-02,115.0999984741211,116.69999694824219,115.0,116.5,97.09983825683594,5700524,4.757891273005756,0.009486905709235494,114.44499969482422,117.21399978637696,51.71575261968666,-0.6175449976220051,19.758882639449247,119.56472802859713,112.11527151363919,6.430815374375788,115.7732426927951,115.51176877230702,0.009532049043122548,2.3763865746777637,-0.1405340973751574,594175142,60.26491672342395,52.98014471928216,118.40333340962727,113.52333234151206,115.96333287556965,4489760.872049887,0.014769739103206088
2021-09-03,117.0,117.9000015258789,116.5,117.0,97.51659393310547,9364904,4.762173934797756,0.004282661792000653,114.72999954223633,117.20899978637695,53.39895076956464,-0.44262494146680353,18.47108689664932,119.61374631334247,112.11625322889385,6.470886893591081,115.8900767220527,115.4194068117259,0.0042918454935623185,2.3066447854778453,-0.1319408173421144,603540046,66.88743060285329,57.61591790842167,118.39999987284341,113.56499926249187,115.98249956766765,4618221.624016629,0.01196582500751202
2021-09-06,117.6500015258789,117.6500015258789,115.9000015258789,116.44999694824219,97.05817413330078,7005043,4.757461970123757,-0.004711964673999702,115.03499908447266,117.17799972534179,51.28123330409333,-0.34441004186757596,17.646903138460413,119.47513559073973,112.13486349373294,6.3384759950106035,115.94340245788027,115.25721660466726,-0.004700880784254791,2.2668844436579993,-0.1504853761574541,596535003,59.60262491486407,62.25165741371375,118.32833328247071,113.54333267211913,115.93583297729492,-1029122.8104575917,0.014874627941377977
2021-09-07,116.69999694824219,116.9000015258789,115.25,115.8499984741211,96.55809783935547,7723357,4.752296237707225,-0.005165732416531732,115.22499923706054,117.17399963378907,48.99833609546981,-0.31139927183374994,17.26831446469053,119.40981020989574,112.1151890271648,6.301368065451893,115.93450684037938,115.13388785705109,-0.0051524129656076445,2.22282137810235,-0.12405502259224226,588811646,56.11509290840012,60.8683828087058,118.21083361307781,113.51583239237466,115.86333300272625,-3432375.8802141757,0.014138830925682896
2021-09-08,113.8499984741211,114.5999984741211,112.4000015258789,114.05000305175781,97.71473693847656,10508654,4.736636975488466,-0.015659262218759018,115.22999954223633,117.13199966430665,42.83727308106761,-0.425576801689985,18.265985371512212,119.42030144551164,112.07469824931259,6.346230550018471,115.7550302890821,114.86521463728216,-0.015537293449040201,2.310476775969481,-0.06196911126344551,578302992,35.294193073540896,50.337303632268345,118.07416712443035,113.5141657511393,115.79416643778484,-13754478.023537781,0.01932364495149521
2021-09-09,113.94999694824219,114.75,113.5,114.55000305175781,98.14313507080078,5757417,4.741011435540777,0.004374460052311235,115.40999984741211,117.07099975585938,44.90948624337758,-0.4702962133814452,19.079276859319975,119.29212451691097,111.9628757882648,6.338672650514914,115.6402657902893,114.83687306241288,0.0043840419694956,2.2347284348288037,-0.07443633003195776,584060409,43.69754795295167,45.03561131163087,117.89916712443032,113.48916575113932,115.69416643778484,-2665687.007845928,0.010969723856752439
2021-09-13,114.6500015258789,115.5,114.1500015258789,115.0,98.5286865234375,6322443,4.74493212836325,0.003920692822473093,115.56999969482422,117.0429997253418,46.779416333679116,-0.4640760960334376,19.26945268610888,118.71460091831938,112.12539923426851,5.708890729245646,115.57928809597604,114.89332921343382,0.003928388793135618,2.1715334376353956,-0.10658003222410488,590382852,51.26051605441357,43.417419026968695,117.64833361307781,113.39333254496255,115.52083307902019,1008157.7010081443,0.011774953826026516
2021-09-14,115.25,116.1500015258789,114.80000305175781,115.9000015258789,99.29975891113281,7369292,4.752727763511184,0.007795635147934021,115.6650001525879,117.01399978637696,50.405209050725134,-0.38211917472446544,18.977541870125453,118.34280772661334,112.26219257856245,5.273619513890845,115.60983223215727,114.96459241036999,0.007826100225033938,2.1128523688129457,-0.07771024171630364,597752144,66.38658048235688,53.78154816324068,117.46916707356772,113.30416615804036,115.38666661580403,4757635.263434192,0.011713652703870661
2021-09-15,116.0,124.8499984741211,116.0,124.19999694824219,106.41094970703125,48721413,4.821893144928059,0.0691653814168749,116.4900001525879,117.14799972534179,70.41971800949963,0.34855461981982216,20.133881492069865,120.28946893257692,110.85053122001098,8.167290565315218,116.42794315749869,117.08611047916104,0.07161341943994715,2.601219838772177,0.12433999481796534,646473557,94.96122907757082,70.86944187144707,117.99166679382324,113.07166633605956,115.5316665649414,271177548.33519197,0.07629309029414735
2021-09-16,124.5,125.69999694824219,123.0,124.0,106.23960876464844,17684303,4.820281565605037,-0.0016115793230220277,117.35,117.25599975585938,69.6899094127305,0.9010935385366707,21.41125062106605,121.84819175619624,109.95180824380377,10.264351606896009,117.1490914282131,118.1488663074412,-0.001610281426379867,2.6082753465914634,0.10953698741442736,628789254,87.5000210369358,82.94927686562114,118.28833312988282,113.4283332824707,115.85833320617675,88034645.02387056,0.021686722475840862
2021-09-17,124.1500015258789,124.69999694824219,121.55000305175781,123.75,106.0254135131836,15763396,4.8182634014487995,-0.0020181641562375674,118.075,117.3779997253418,68.73101938597596,1.3037825086021542,21.86056045460472,123.12313213627809,109.39686755854612,11.806523822249522,117.7777493874309,118.86220741451457,-0.0020161290322581182,2.6469695287266712,0.16135115936106803,613025858,85.33836376392007,89.26653795947554,118.61333262125649,113.71833368937175,116.16583315531413,26717649.007956855,0.02537248375166361
2021-09-20,122.5,123.94999694824219,121.80000305175781,122.69999694824219,105.12579345703125,7431359,4.809742326845163,-0.008521074603636158,118.64499969482422,117.4829997253418,64.7041610787492,1.5206607173895463,22.277776728604913,124.02070182122559,109.35429741583495,12.56895936011776,118.24653486941293,119.29001860826266,-0.008484873145517713,2.6114712692807927,0.1904132587917664,605594499,77.44360125902263,83.42732868662614,118.94083213806152,114.1858341217041,116.5633331298828,3703916.5835136957,0.01755097058354592
2021-09-21,122.30000305175781,125.4000015258789,122.0999984741211,124.0999984741211,106.32528686523438,8629222,4.821087679915002,0.011345353069838637,119.40999984741211,117.61599975585938,67.44308192178609,1.7849311084766981,23.077124202047123,125.06204373290592,109.38295519897883,13.375494128993948,118.80400759367085,119.77796915840854,0.011409955669921201,2.6606521108862937,0.20539392723196315,614223721,87.96993214425642,83.58396572239967,119.4324988047282,114.70250078837077,117.06749979654947,9288588.172603117,0.026982853388492878
2021-09-22,124.5999984741211,127.0,124.0,124.4000015258789,106.58232116699219,11698183,4.823502192570986,0.0024145126559842467,120.26500015258789,117.7479997253418,68.01584200203192,1.9955713323065396,24.230835612223935,126.02315655341069,109.46684283623775,14.061160779722451,119.33695939673828,120.33132305272862,0.0024174299391339638,2.6848912458229868,0.2078609986718432,625921904,82.19178941196697,82.53510760508198,119.97499872843423,115.21000086466472,117.59249979654949,5435856.457548615,0.024077046843809454
2021-09-23,124.80000305175781,127.0,124.6500015258789,126.19999694824219,108.12450408935547,11053966,4.837867925925196,0.014365733354209986,121.47999954223633,117.91499969482422,71.28049357994178,2.281450671480769,25.302139064530973,127.21682062417005,109.4931784603026,14.974983931745586,119.99058202069104,120.82505545688277,0.01446941640100241,2.6788274764157087,0.25180473426324107,636975870,94.52052647008259,88.22741600876863,120.59999872843426,115.7450007120768,118.17249972025554,15076677.618489105,0.018830115518078058
2021-09-24,126.5,126.69999694824219,123.94999694824219,124.25,106.45381164550781,8598140,4.822295664976738,-0.015572260948458094,122.44999923706055,118.00199966430664,63.695458430375595,2.323875460757705,25.878406935187133,127.75475874540543,110.10524033906724,14.840257692988729,120.39624087586331,121.22778851048469,-0.015451640217090779,2.6839112281003006,0.2447251878563605,628377730,81.16438159309091,85.95889915838012,121.20499852498372,116.33000081380207,118.76749966939292,-6152005.300876351,0.021739130434782608
2021-09-27,125.30000305175781,127.80000305175781,124.5,126.8499984741211,108.681396484375,8490460,4.8430052740162886,0.020709609039550436,123.63499908447265,118.12399963378907,68.50738958196203,2.538038630226424,26.729923902259,128.68525512889784,110.51974365039905,15.188237345540795,121.01088445664976,121.65864549218487,0.020925541039203965,2.745774929790123,0.24947583836936116,636868190,93.83113971748453,89.83868259355263,121.92916539510092,116.92416737874348,119.4266663869222,12666120.262765337,0.02633681541408005
2021-09-28,127.5,133.64999389648438,127.3499984741211,131.9499969482422,113.05094146728516,35900138,4.8824230398211945,0.03941776580490597,125.23999862670898,118.35699951171875,75.39617570162669,3.0837442551790843,28.7457981526006,130.73692621943846,110.16807255985842,17.076319515000208,122.05270469394428,123.51449890809165,0.04020495495048482,3.035362107831063,0.26917018626982214,672768328,92.0000114889747,88.99851093318335,122.95249837239585,117.54250081380208,120.24749959309895,126282472.76807956,0.04941172880284926
2021-09-29,131.39999389648438,144.25,130.60000610351562,140.64999389648438,120.50482940673828,75859390,4.946274491540802,0.06385145171960716,126.8849983215332,118.78799942016602,82.44907621939657,4.170165863133633,31.743398590031433,134.99921542801926,108.37578304610186,21.878527004694245,123.82387509418619,128.11976971118193,0.06593404433085959,3.793550092734871,0.30898722156239566,748627718,88.29266307799797,91.37460476148571,124.69416478474936,118.08416798909505,121.3891663869222,482078465.2530358,0.10388123691419428
2021-09-30,141.75,143.1999969482422,139.10000610351562,141.85000610351562,121.53296661376953,34614825,4.954770204282816,0.00849571274201466,128.66999893188478,119.19699951171874,83.16589032112816,5.069555095418082,34.52688471050292,138.61783633276693,107.40216259911783,25.376533508799614,125.54064947602708,129.9272440398316,0.008531903726312517,3.815438717877135,0.32626529113842645,783242543,92.02659794634938,90.77309083777398,126.0899979909261,119.26500180562337,122.67749989827476,188384963.44717893,0.02892409767002866
2021-10-01,140.9499969482422,144.35000610351562,137.6999969482422,139.89999389648438,119.86225128173828,22452069,4.940927838043732,-0.013842366239084747,130.2849983215332,119.6259994506836,77.61826835198292,5.560875541855893,36.491334717757944,141.1124336662146,107.24756465531861,27.27079178592493,126.90820608749921,130.9959633153861,-0.013747001220487887,4.017908034834013,0.27799989830151695,760790474,84.94073858727897,88.41999987054209,127.56666526794433,120.24666786193848,123.9066665649414,33607115.400321044,0.04717991698655635
2021-10-04,143.4499969482422,149.35000610351562,140.5,145.5500030517578,124.70304107666016,58612212,4.980519691158707,0.039591853114975706,132.56999893188475,120.15299957275391,81.47424238525186,6.333154393567099,38.759234873418826,144.57012695852026,106.64487166818873,30.19346416229413,128.6836153221905,133.57307365847046,0.04038605719635724,4.405915475705244,0.2713286924628237,819402686,88.60569008604399,88.52434220655742,129.33916562398275,121.27416776021323,125.30666669209798,231975394.74065876,0.06169401388491331
2021-10-05,145.5500030517578,147.85000610351562,144.1999969482422,145.39999389648438,124.57449340820312,24390676,4.979488523122007,-0.0010311680367003362,134.6999984741211,120.69099945068359,81.07486822250412,6.854076930030516,40.865142160818216,147.371908926462,106.7380893950712,31.98128353845847,130.27565137688515,136.14625726410975,-0.001030636565635068,4.351922167102972,0.2468459263091656,795012010,85.79132455605436,86.44591774312575,130.89166603088378,122.63666725158691,126.76416664123535,74885915.11134753,0.025077355401878543
2021-10-06,146.4499969482422,147.3000030517578,142.8000030517578,143.3000030517578,122.7752914428711,14421296,4.964940356130412,-0.014548166991595224,136.589998626709,121.16999954223633,75.49573931541802,7.016577346426459,42.214334088302735,149.234022816699,107.62097596259787,32.401975473996686,131.51606582211113,137.1247950039805,-0.014442853733691474,4.362499155167046,0.2220610839362147,780590714,78.23740148339564,84.2114720418313,132.45749944051107,123.91750081380209,128.18750012715657,4772245.324387979,0.030727211292400185
2021-10-07,144.1999969482422,145.64999389648438,142.25,142.8000030517578,122.34690856933594,10035682,4.961445071276337,-0.0034952848540745762,138.24999923706054,121.64899963378906,74.18672726793712,7.0240454521905065,43.22867571859423,150.47123835348316,109.2587604258137,31.734861680486414,132.59072651064892,137.97385987495335,-0.0034891834567470914,4.293748779546855,0.19454150634369383,770555032,76.22503692848088,80.08458765597693,134.01166585286458,125.3516675313314,129.68166669209796,-1754478.8918706733,0.023578321556447308
2021-10-08,143.5500030517578,143.89999389648438,140.3000030517578,141.10000610351562,120.89039611816406,10686586,4.949468902115433,-0.011976169160903716,139.93499984741212,122.13499969482422,69.75800856834199,6.814238138018311,43.34492538617779,151.0898187139334,111.29518037053927,30.333013306589663,133.40113409092194,138.4304822797469,-0.011904740279494397,4.244194641345406,0.1699002983183251,759868446,69.724779118591,74.72907251015582,135.50416539510093,126.60916798909507,131.05666669209796,-12696268.688708682,0.02507830559521872
2021-10-11,142.0,146.75,141.4499969482422,144.8000030517578,124.06045532226562,17449923,4.975353501027291,0.02588459891185746,141.7300003051758,122.69599975585938,73.47015053111689,6.867360504403933,43.86328169660959,151.95985248167744,113.40514690797102,29.05786796479114,134.4867406586206,139.09473703893926,0.026222514445022327,4.344608873855333,0.17230043673905981,777318369,82.08660861520532,76.01214155409237,137.1741655985514,127.88416773478191,132.52916666666667,38811018.335137874,0.03732396515322403
2021-10-12,146.0,146.25,143.8000030517578,144.5500030517578,123.84622955322266,16030831,4.973625489574481,-0.0017280114528102075,142.99000091552733,123.22299987792968,72.81974137136018,6.81077705351629,44.34461255629627,152.4247016480386,115.80529789419775,27.30448034622215,135.44514660082413,139.82868627579137,-0.0017265193006290591,4.2092794505972515,0.1453698270877505,761287538,81.1023570014688,77.637914911755,138.69166552225747,129.29166781107585,133.99166666666667,10265200.94504596,0.01678080101535745
2021-10-13,145.5,147.25,144.6999969482422,146.35000610351562,125.3884506225586,19100941,4.986001054842818,0.012375565268337496,143.56000213623048,123.795,74.5656227913592,6.8324195841175595,44.935085220081014,153.6783007685807,116.76669968918299,27.296937282567608,136.48370464869953,140.59472518654556,0.012452459451787856,4.10147355757189,0.07159888393361509,780388479,88.18898063516188,83.79264875061197,139.59749921162924,130.82750104268393,135.21250012715657,26342901.7093126,0.017525794170156785
2021-10-14,147.5,150.60000610351562,146.85000610351562,149.39999389648438,128.00160217285156,29263867,5.006627231845198,0.020626177002379897,144.31500091552735,124.4299998474121,77.23405615309716,7.01481752081844,45.916541238036,155.17876064444053,117.80623920297157,27.38064103328662,137.71382743420284,141.59888906134046,0.02084036669469924,4.112082589173898,0.104041718221526,809652346,95.40225315552853,88.23119693071972,140.88583285013834,132.01083437601727,136.4483336130778,68283925.31981155,0.025423728813559324
2021-10-18,151.25,151.6999969482422,148.6999969482422,149.5500030517578,128.13011169433594,25346029,5.007630805482227,0.001003573637029298,145.28000183105468,125.06399993896484,77.35986714101804,7.08974748907238,46.955680742955,156.33365515826236,119.23134499432555,26.92817313039917,138.84108225492236,142.46578457119176,0.0010040773855544138,4.03264811851862,0.06352431410292778,834998375,91.17045572397319,91.58722983822118,142.21083310445152,133.35083401997886,137.78083356221515,25296066.03982122,0.019834710743801654
2021-10-19,150.9499969482422,152.10000610351562,148.10000610351562,149.64999389648438,128.2157745361328,20234486,5.008299193513437,0.0006683880312099433,145.69000091552735,125.72699981689453,77.44932522848386,7.075634939117606,47.63635055040984,157.00605746761244,121.25394237979971,25.696913036309866,139.8705024112616,143.95498608506293,0.0006686114522642672,4.030316110053004,0.05454464001407523,855232861,88.60459438590117,91.72576775513426,143.66000022888184,134.61500053405763,139.13750038146972,9780864.24510561,0.026498841211447802
2021-10-20,150.64999389648438,150.64999389648438,145.3000030517578,146.25,125.30274200439453,16129487,4.985317486111966,-0.02298170740147132,145.7750015258789,126.29899978637695,67.65955776136808,6.712719497249822,47.029677853693144,156.95892036848144,123.51607963151856,23.847288162554864,140.47807361018909,145.4274578126834,-0.022719639392943858,4.124578591101115,0.02767043666071269,839103374,59.37498344316476,79.71667785101302,144.9391662597656,135.68916778564454,140.31416702270508,-33299816.820580844,0.03551271862913372
2021-10-21,147.6999969482422,148.5500030517578,145.89999389648438,147.89999389648438,126.7164535522461,20818539,4.996536328448899,0.011218842336933044,146.23500061035156,126.9229997253418,69.66360343200444,6.483509253941918,46.46633892102765,156.76375017620322,126.0612490608573,21.711306424939785,141.18492316126483,146.0245371930527,0.011282009548611027,4.01925220282771,0.06715378707656765,859921913,70.83326710599236,72.93761497835273,146.03749987284343,136.822500483195,141.43000017801918,11800369.248954333,0.01794183622225847
2021-10-22,147.85000610351562,148.10000610351562,144.0,144.89999389648438,124.14611053466797,11379569,4.976043807204375,-0.020492521244523942,146.44499969482422,127.53399963378907,62.12560733960417,5.990726194325276,45.14595992169028,156.0701985661507,128.62480036573405,19.280562218083194,141.53873942176193,146.42126070853118,-0.020283976496305423,4.0250203385911325,0.0464512406345377,848542344,38.98296317848253,56.39707124254651,147.11083361307777,137.72083346048993,142.41583353678385,-18825681.58368189,0.02773084838863685
2021-10-25,144.6999969482422,146.25,143.14999389648438,143.89999389648438,123.28936004638672,14079380,4.969118571478341,-0.006925235726034096,146.7249984741211,128.0729995727539,59.802688119416835,5.456600136855542,43.57973584784712,154.25837499622148,132.4016233253117,15.249251237624073,141.76362080030694,146.61173978414487,-0.006901311539836197,3.958947893228596,0.044804334722970886,834462964,30.508389099020462,46.774873127831746,148.10166714986167,138.67666638692222,143.38916676839193,-15661480.527893962,0.02142367773942986
2021-10-26,145.3000030517578,145.64999389648438,142.4499969482422,143.1999969482422,122.68959045410156,16224116,4.964242233215387,-0.004876338262953972,146.56499786376952,128.55399948120117,58.16325761157056,4.920101615766129,41.84421415152764,152.04949057324313,136.24550759570218,10.96375801031385,141.9004185286817,146.50076803681893,-0.004864468227467333,3.9047371114438527,0.019313900241351243,818238848,24.576213105744674,31.355855127749194,148.9658332824707,139.55083312988282,144.25833320617676,-12791714.634582818,0.022023378396642604
2021-10-27,144.0,144.5500030517578,140.85000610351562,141.3000030517578,121.06175994873047,15072448,4.950885311288201,-0.013356921927186072,146.23999786376953,129.01499954223632,53.84822169666268,4.2921320178624,39.6115028355294,150.39713380574761,138.83286497354925,7.996590174605456,141.84323610230803,146.35610804157545,-0.013268114085024041,3.8901128140723054,-0.03898613937685473,803166400,8.474574079462062,21.18639209474237,149.39833374023436,140.2433334350586,144.8208335876465,-23355611.014913023,0.025694423251681857
2021-10-28,141.3000030517578,141.85000610351562,136.3000030517578,137.35000610351562,117.67750549316406,19999659,4.9225324569789635,-0.028352854309237507,145.33999786376953,129.38499969482422,46.17811915731781,3.4361203881024096,37.46767042050134,150.8324721690618,138.0675278309382,8.83692927526729,141.41530943575637,145.8433308763194,-0.02795468409717805,4.008676402478413,-0.16017363119667866,783166741,6.6455876515859,13.232124945597517,148.9933344523112,140.6483332316081,144.82083384195965,-60450931.682227276,0.03927815238422083
2021-10-29,131.0,136.89999389648438,128.5500030517578,132.64999389648438,113.65067291259766,29217522,4.887714034571568,-0.034818422407395744,143.66499786376954,129.68999954223634,39.05051629312582,2.351368190001864,37.09660768898085,152.137734283409,135.84226449588786,11.317084420164695,140.58051747963523,144.58402231347995,-0.034219235516371405,4.350914020284084,-0.1923170900626754,753949219,17.40972532239452,10.843295684480799,148.77166748046875,140.0016662597656,144.38666687011718,-111698783.93354516,0.06374038812768368
2021-11-01,133.1999969482422,135.3000030517578,130.89999389648438,134.3000030517578,115.06433868408203,10043407,4.90007612625263,0.012362091681062282,142.13999786376954,130.04499954223633,42.411124645122,1.606319554987607,36.752049438283265,152.7380429212592,134.68195677356505,12.564251733954263,139.9823732484088,144.17728796496507,0.012438818177112454,4.3544208156404665,-0.16549787700187477,763992626,24.41613271710727,16.15714856369587,148.30166753133136,139.75666631062825,144.02916692097983,-26185118.977756836,0.033033102523141636
2021-11-02,135.0,140.8000030517578,135.0,136.64999389648438,117.07776641845703,21525811,4.917422867708758,0.017346741456128356,140.83999786376953,130.49499938964843,46.901614191540354,1.1917500131172005,34.81538595994495,152.75209981921202,133.77789896008485,13.244128670619421,139.66500378632077,143.59933047294598,0.017498069927972315,4.507676471666147,-0.23105238739418063,785518437,34.39486112559958,25.406906388367094,147.76666717529298,139.52666625976562,143.64666671752929,24995266.19095727,0.04296298556857639
2021-11-03,137.9499969482422,138.9499969482422,135.5500030517578,136.75,117.1634521484375,9808728,4.91815444130209,0.00073157359333198,139.88999786376954,130.96199935913086,47.090688370458906,0.8613413146317157,33.01705558720222,152.67293940639777,132.99205998325064,13.778992501844666,139.38738437809974,143.16837619892476,0.0007318412585615164,4.428556287724592,-0.22500129213280246,795327165,34.81951543794015,31.21016976021564,147.31749979654947,139.10250040690102,143.21000010172526,8985710.508802164,0.024646567391806665
2021-11-04,138.3000030517578,138.3000030517578,136.9499969482422,137.14999389648438,117.50614929199219,1026849,4.921075172881127,0.0029207315790369393,138.81499786376952,131.4259992980957,47.88994088560806,0.624566590299878,31.34717738394112,152.6675083025186,132.38249017160248,14.232603570954053,139.17429957032684,142.41028631137695,0.0029250010711836527,4.222945342298393,-0.2025701720124276,796354014,36.51800310100021,35.244126554846616,146.80999984741212,138.9099998474121,142.8599998474121,3269059.058008111,0.009761432203370196
2021-11-08,138.6999969482422,140.60000610351562,136.5500030517578,140.3000030517578,120.2049789428711,12765483,4.943783008860074,0.02270783597894699,138.35499877929686,131.95199935913087,53.8077886516838,0.6832245412833515,29.154080465775383,152.5873927372745,132.21260573684657,14.308137015161773,139.28150942570122,141.340481188702,0.022967621549082606,4.210592321545495,-0.14838849360376327,809119497,49.893836421914855,40.410451653618374,146.62166722615558,138.65666631062825,142.63916676839193,27897278.56699432,0.02919973425283583
2021-11-09,140.75,141.39999389648438,138.0500030517578,138.5,118.66280364990234,9556650,4.930870325627393,-0.012912683232681132,137.81499938964845,132.46699935913085,50.29302527578227,0.5778056036939176,27.239991264726985,152.58597626760923,131.95402159616032,14.50197148123053,139.20707995658682,140.40837274606437,-0.012829672220989075,4.149120787487,-0.152029213752678,799562847,45.022629276864286,43.811489599926425,146.4866671244303,138.546666208903,142.51666666666668,-2168906.5873894244,0.023801000673012877
2021-11-10,138.1999969482422,138.25,136.75,137.39999389648438,117.7203369140625,5479056,4.922896335366737,-0.007973990260656372,137.23499908447266,132.94699920654296,48.22009110019353,0.4008779650890517,25.488487964794704,152.35633591491987,131.44366103332234,14.737614592301393,139.03497652229134,139.75410397035284,-0.007942282335852924,3.9777550169522145,-0.17418917867104006,794083791,44.24995422363281,46.388806640803956,145.95333353678387,138.3933329264323,142.17333323160807,-4740965.556799079,0.010853835261384056
2021-11-11,137.5,137.75,134.35000610351562,136.64999389648438,117.07776641845703,11418813,4.917422867708758,-0.005473467657978404,136.7699981689453,133.38099914550781,46.80361895708471,0.1978619751269548,24.485683886575917,152.12662199718346,130.8833740355314,15.012365824136065,138.80783531983354,138.68676583591036,-0.005458515526318264,3.936486365490226,-0.14454067860562064,782664978,41.432171766327485,43.568251755608166,145.56999994913738,137.9149996439616,141.74249979654945,-7289728.35226636,0.02472722833806818
2021-11-12,138.1999969482422,138.1999969482422,134.64999389648438,136.4499969482422,116.9063949584961,9306659,4.915958224788954,-0.0014646429198039712,136.67999725341798,133.7909991455078,46.41209532959459,0.020594853500568888,23.41282039671453,151.6050237815022,130.41497133568527,15.027340481310103,138.58327928444388,138.14559642145613,-0.0014635708538244252,3.9088804145093397,-0.1669011999423438,773358319,44.632741573827985,43.4382891879294,145.13666636149088,137.3816660563151,141.259166208903,-3670778.3829759127,0.025687432200793302
2021-11-15,137.3000030517578,137.64999389648438,136.0,137.14999389648438,117.50614929199219,3991733,4.921075172881127,0.0051169480921728905,137.12999725341797,134.22599899291993,48.05012041071537,-0.06268413028996633,22.41659001327182,150.3802563760978,130.4147387410897,14.220707620999907,138.446775914162,137.61340274524224,0.0051300620292993315,3.7475313775075563,-0.2134048109365887,777350052,50.29237104754766,45.452428129234356,144.43083241780602,136.88583272298177,140.65833257039387,639207.81780645,0.012017435249891283
2021-11-16,137.6999969482422,137.8000030517578,134.0,134.3000030517578,115.06433868408203,5762128,4.90007612625263,-0.020999046628497275,137.12999725341797,134.5819990539551,42.37130660616884,-0.35456654531441245,22.03494407507111,149.01647212819924,130.25352298898824,13.437139304090065,138.0518451653616,136.92980094083495,-0.020780101870639722,3.7512793542397174,-0.20600804111448304,771587924,35.9375,43.62087087379186,143.73999938964843,136.11499938964843,139.92749938964843,-10734938.758159569,0.027596246448619268
2021-11-17,134.0,138.0,134.0,136.4499969482422,116.9063949584961,15264066,4.915958224788954,0.015882098536324385,137.10999755859376,134.97099899291993,47.419821593956804,-0.40769922009761217,21.605560443761753,147.23565636251294,130.71433905985032,11.887978107398345,137.8992881923026,136.3737548267596,0.016008889409003135,3.769045114651166,-0.17910911442510447,786851990,59.39843672021009,48.54276925591923,143.04999923706055,135.42499923706055,139.23749923706055,18300119.57096992,0.029850746268656716
2021-11-18,136.60000610351562,137.60000610351562,134.75,135.3000030517578,115.92112731933594,9942974,4.907494557732233,-0.008463667056721746,136.96499786376953,135.34799911499024,45.141855403760324,-0.5364186439909133,21.206847071831636,146.1187554014578,130.73624032608126,11.112326172734061,137.65173722653645,136.0681617964578,-0.00842795106049421,3.7033994709986273,-0.16649300481286317,776909016,52.52922030500976,49.28838567507325,142.3491668701172,134.9741653442383,138.66166610717772,-1522866.4182785805,0.020863879767002994
2021-11-22,135.0,136.89999389648438,129.6999969482422,130.14999389648438,111.50875091552734,15990636,4.868687584544564,-0.03880697318766835,136.26499786376954,135.6339990234375,36.65070013119822,-1.0419811036557576,22.08430646724415,144.73462055566745,130.34537517187164,10.46186244531431,136.93728548081722,136.33143869070489,-0.0380636292617329,3.9531564336588816,-0.2689768083510819,760918380,3.846128765954894,38.591261930391546,141.81666615804036,133.98666585286458,137.90166600545248,-55408903.338522874,0.05333331072771991
2021-11-23,130.0500030517578,133.75,128.14999389648438,133.5,114.37892150878906,11510010,4.894101477840304,0.025413893295739953,135.58499755859376,136.02299896240234,44.02624486575336,-1.158965665179295,23.20470646847704,143.51930388008074,130.4206924578099,9.563124477897986,136.60992495883463,136.16597162587075,0.025739579413119884,4.0707885529343635,-0.20082332181404292,772428390,40.377404554834904,32.25091787526649,141.19833272298177,133.218332417806,137.20833257039388,7236101.388176292,0.04306040732107413
2021-11-24,134.5,137.3000030517578,133.5500030517578,135.35000610351562,115.96397399902344,7570759,4.9078640611546245,0.013762583314320231,135.2699981689453,136.4389990234375,47.65095507445957,-1.0898338157770695,22.897444694311584,142.2942193120576,130.79077824653612,8.42480631917781,136.4899326868995,135.90200212642188,0.01385772362183979,4.051446731421753,-0.17739716784149737,779999149,54.339714770047166,32.85441603027896,140.77916615804037,132.73416646321613,136.75666631062825,11749334.034889331,0.027881040892193308
2021-11-25,135.5,136.6999969482422,132.3000030517578,135.1999969482422,115.83541870117188,13919886,4.90675514103669,-0.0011089201179341757,135.04999847412108,136.84299896240233,47.383013065742475,-1.0352174696201928,22.89808761534517,141.0351764660403,131.24982109255347,7.1875832023254125,136.36708166417023,135.69335855089807,-0.0011083054932314873,4.076342957497654,-0.12455124740360786,766079263,53.20757020194576,49.30822984227592,140.3874994913737,132.22250010172527,136.30499979654948,2524371.118054745,0.032472279678851475
2021-11-26,133.1999969482422,134.0500030517578,128.0,128.85000610351562,110.39493560791016,13323593,4.858648984467528,-0.04810615656916273,134.2699996948242,137.10199905395507,37.71524630141637,-1.4871815111607134,23.750052583960635,140.78349496849575,130.2565028952738,7.767851354922928,135.65116970601264,135.18801866688065,-0.04696738896493835,4.299461099693692,-0.11777592018922846,752755670,6.343332020014074,37.96353899733564,139.90833307902017,131.50833307902016,135.70833307902018,-55561672.006557025,0.04542044437214721
2021-11-29,127.80000305175781,129.35000610351562,125.05000305175781,126.5,108.38153839111328,16077669,4.840242308167575,-0.01840667629995263,133.275,137.14799911499023,34.87897495073828,-2.0118013296149684,25.018406956934093,141.46821931855462,128.48677793486334,9.617485518525193,134.77962973401142,133.96240598237955,-0.018238308049653318,4.299499810555416,-0.0889296843537069,736678001,8.868487829825677,22.80646335059514,139.26916631062826,130.99416631062826,135.13166631062825,-43708970.85572165,0.033646345454439085
2021-11-30,127.80000305175781,129.4499969482422,124.69999694824219,127.25,109.02412414550781,22883512,4.846153655430632,0.005911347263056754,132.28500061035157,137.21299911499023,36.51974032022141,-2.340072682197473,26.250184541878987,141.9667858879189,127.44821197585064,10.777851290528083,134.06252214029604,132.68538006363917,0.005928853754940677,4.331678395515743,-0.0816760367255696,759561513,18.819206475580877,11.343675441806846,138.81083348592125,130.8958325703939,134.85333302815755,-3127900.9519072194,0.03716744825175234
2021-12-01,130.0,132.9499969482422,125.8499984741211,127.69999694824219,109.40966033935547,17010938,4.849683739140625,0.0035300837099931925,131.625,137.29199905395507,37.536652609544696,-2.534700649948519,26.15202208727228,142.25464611397047,126.50035113944749,11.723908493256952,133.45656736010042,132.15815055660093,0.003536321793651709,4.529415543987554,-0.13743526296279043,776572451,22.22222222222222,16.636638842542897,138.7124994913737,130.5274996439616,134.61999956766763,4060613.1405223003,0.05461537287785457
2021-12-02,127.69999694824219,130.3000030517578,126.5999984741211,128.6999969482422,110.26643371582031,12916313,4.857484090889899,0.007800351749273737,130.85,137.41199905395507,39.84290468411719,-2.5785293922041888,26.060871236566047,142.15504533163332,125.8049522269604,12.203383530108978,133.00356065420917,131.62505158232202,0.007830853750179001,4.470171903533923,-0.09380140702661091,789488764,29.62962962962963,23.55701944247755,138.15999959309895,130.18499959309898,134.17249959309896,9964413.046840766,0.02897419472246628
2021-12-03,128.6999969482422,130.25,126.4000015258789,127.0,108.8099136352539,12827354,4.844187086458591,-0.013297004431307435,130.0199996948242,137.46999908447265,37.32024410422075,-2.71909549221067,26.019344710336696,142.10006849275996,124.8849290658338,12.895960135848489,132.4317929728559,131.10689679844452,-0.013208989810045257,4.425873801433006,-0.11857179237805111,776661410,17.29325206022287,23.048367970691544,137.7224998474121,129.70249938964844,133.71249961853027,-11216170.753734555,0.029914518767777468
2021-12-06,127.0,127.5999984741211,124.0,124.3499984741211,106.53947448730469,8158812,4.823100157978574,-0.02108692848001681,129.44000015258788,137.4689990234375,33.73460837503822,-3.009634917445851,26.481486879930326,142.1526853398379,123.55231267651953,14.000769878008295,131.6620982586907,130.72199021539316,-0.02086615374707801,4.366882706625012,-0.1398047873007871,768502598,2.4999891008649553,16.474290263572456,137.227499516805,128.98249982198078,133.10499966939292,-18152633.08415094,0.028346444678118848
2021-12-07,125.0999984741211,126.4000015258789,124.0,125.3499984741211,107.396240234375,8701301,4.831109812431356,0.008009654452781234,128.625,137.4519990539551,36.22468583488078,-3.123195607673466,26.910618894552986,141.29319114731732,122.91680641127643,13.910438594940427,131.0609458982555,130.32232586312884,0.00804181754942368,4.2263911937145755,-0.18451227545085871,777203899,9.642846243722099,9.812029134936614,136.44999923706055,128.36999969482423,132.40999946594238,-250010.36138364766,0.01918466470945149
2021-12-08,124.8499984741211,127.6500015258789,124.8499984741211,127.25,109.02412414550781,12093435,4.846153655430632,0.01504384299927608,127.81499938964843,137.51199905395507,40.77819642274964,-3.025008612395112,26.800293069879665,140.4695502801333,122.61544727846045,13.572878094423771,130.69799866985022,129.5888578161867,0.015157571192720543,4.124506326431949,-0.1157723528957369,789297334,23.897048098823053,12.013294481136674,135.78583323160808,127.76083246866862,131.77333285013833,15235026.514950365,0.022426937012243513
2021-12-09,127.25,127.6500015258789,125.6500015258789,126.05000305175781,107.99598693847656,11518172,4.836678677844621,-0.009474977586010347,126.9,137.49599914550782,38.88960442609029,-3.0093346990038015,26.697847661254432,139.78269346600973,122.16730500811138,13.449428181339446,130.25533242050807,129.05369012794822,-0.009430231420370805,3.972755874543953,-0.1385924777791901,777779162,15.413553243409753,16.317815861984936,135.26000010172527,127.18499933878581,131.22249972025554,-4136171.9945689524,0.015717092337917484
2021-12-10,126.0999984741211,126.69999694824219,124.4000015258789,126.1500015258789,108.0816650390625,8389566,4.837471687182817,0.0007930093381958159,126.62999954223633,137.37999923706056,39.142546933402905,-2.954783068650471,26.915620946892854,139.09222079936808,121.80777843769249,13.24986003236473,129.86434852578148,128.60808874551321,0.0007933238532333853,3.853272985102476,-0.13889925695929628,786168728,16.165421297363903,18.492007546532207,134.6800001780192,126.71499926249187,130.69749972025554,-819428.1324975123,0.018239456385364654
2021-12-13,127.5999984741211,128.60000610351562,125.5,125.80000305175781,107.78179168701172,13223189,4.834693368525146,-0.002778318657671086,126.55999984741212,137.082999420166,38.54124864705386,-2.9062905519941182,26.305466014274177,138.32453645636485,121.51046339104727,12.942115631221071,129.4772680044459,128.25620560566162,-0.0027744627022401325,3.7994682078462723,-0.18142080049805429,772945539,13.533854426596637,15.03760965579007,134.1675006866455,126.24749946594238,130.20750007629394,-3358540.026175725,0.024294718970113042
2021-12-14,125.0,127.44999694824219,125.0,126.3499984741211,108.25302124023438,11649242,4.839055821757599,0.004362453232452879,126.46999969482422,136.77299926757811,40.098491169569236,-2.791303440556405,25.880223055283587,137.2257791840401,121.52922112113566,12.132370809755882,129.17943281108163,127.83330695893258,0.004371982583633249,3.703077403588838,-0.1773785669250381,784594781,18.503929439497686,16.067735054486047,133.67416763305664,125.67416610717774,129.67416687011718,3151839.840609475,0.0195999755859375
2021-12-15,126.1500015258789,128.4499969482422,125.9000015258789,126.69999694824219,108.5528793334961,11916145,4.841822063240607,0.0027662414830080806,126.36999969482422,136.50899932861327,41.1209019722398,-2.6414839913171306,25.058806894798106,136.58732728624017,121.40767240858405,11.767402388117405,128.94329606223977,127.24788865676213,0.0027700710593421274,3.6207144049298696,-0.17147587422807678,796510926,26.865633118090845,19.634472328061694,133.1941670735677,125.31916631062825,129.25666669209798,3831034.991806959,0.020213994383822223
2021-12-16,127.55000305175781,128.1999969482422,126.25,127.4000015258789,109.15263366699219,10758513,4.8473317551151345,0.005509691874527434,126.2400001525879,136.14599929809572,43.20870188910356,-2.438160878268974,24.296063317204446,135.34124271098733,121.74875744160056,10.574106547372024,128.7963156302054,127.021732905512,0.005524898141257895,3.501377443737892,-0.18056571764953136,807269439,37.988856817953206,27.78613979184722,132.6483336130778,124.97833315531413,128.81333338419594,6297683.896311752,0.015288098013223167
2021-12-17,127.4000015258789,127.69999694824219,124.0999984741211,125.55000305175781,107.56761932373047,13041775,4.832704109910705,-0.014627645204429385,126.09500045776367,135.74899948120117,39.24776575516918,-2.398655059676585,24.26114412574093,134.21430747504496,121.90069267754289,9.61569200567392,128.48714300368658,126.9345446102634,-0.01452118094162902,3.508421803050978,-0.16427653257774938,794227664,17.318475757270942,27.390988564438302,132.18083305358886,124.43583335876465,128.30833320617677,-13985614.6011165,0.02825744451337249
2021-12-20,124.5,125.44999694824219,119.0999984741211,121.75,104.31187438964844,14185935,4.801969761962699,-0.030734347948006224,125.83500061035156,135.31799942016602,32.630892297370735,-2.6435022536868473,25.40504900923296,134.2919638260826,120.98303693685685,10.427129056468049,127.84551033666881,126.4950278631724,-0.030266849537162188,3.7185348583785305,-0.1191802671628951,780041729,19.133587132377446,24.813639902533836,131.63083330790204,123.97083346048991,127.80083338419595,-40599602.395064145,0.05100400380820155
2021-12-21,123.55000305175781,124.69999694824219,120.8499984741211,122.19999694824219,104.69741821289062,10168470,4.8056590217640265,0.0036892598013276157,125.52000045776367,134.9059992980957,34.04887331211232,-2.7693115265851276,26.46724640104699,133.5566726053545,120.58832785240918,10.205469105893759,127.30784239491389,125.9964155975183,0.003696073496855856,3.7279251166458565,-0.1738253634765665,790210199,27.67854649194452,21.376869793864273,131.08249956766764,123.59750048319498,127.34000002543132,-10482680.486159893,0.031161459967817603
2021-12-22,123.05000305175781,123.9000015258789,121.6500015258789,122.55000305175781,104.9972915649414,7885198,4.808519134876266,0.0028601131122396595,125.05000076293945,134.53499923706056,35.19146887169103,-2.8084002247111925,27.453572550588586,131.98166812826906,120.88333202431882,8.778072170725967,126.85471483842284,125.61613090453794,0.0028642071379418876,3.622359036885438,-0.17869094564991625,798095397,30.941740856531137,25.91795816028434,130.37249946594238,123.03750038146973,126.70499992370605,-1654315.210433832,0.018285249444923584
2021-12-23,123.0999984741211,125.4000015258789,122.80000305175781,124.55000305175781,106.71083068847656,9836979,4.82470726621046,0.016188131334193834,124.90000076293946,134.12999923706056,41.4352239760593,-2.647476552591044,27.618770816240755,129.77220919539798,122.02779156754147,6.151245118658752,126.63521847778807,125.33551513391203,0.016319869034644663,3.567190425259414,-0.18580264518509845,807932376,57.36842316603557,38.66290350483705,129.75833320617676,122.60333366394043,126.18083343505859,12564533.596522056,0.021121027671399062
2021-12-24,124.80000305175781,125.0,120.9000015258789,121.25,103.88349914550781,8509575,4.7978545298175925,-0.02685273639286745,124.41000061035156,133.66399917602538,35.378686410978574,-2.754474186225849,28.237329350290246,129.64315349672864,121.39684665585924,6.569715452403692,126.12234052752254,125.17111935745318,-0.02649540723324162,3.605248143035248,-0.1790661381236835,799422801,22.63157683396443,36.98058028551035,129.26499951680503,122.30500043233238,125.78499997456868,-14532904.447267305,0.03285255107262071
2021-12-27,121.25,122.1500015258789,120.5999984741211,121.8499984741211,104.39754486083984,5097217,4.802790767548615,0.004936237731022253,124.01500015258789,133.1739990234375,37.17671202623925,-2.7590510957109444,28.88235397320735,129.6790682128863,120.89593178711368,7.010385254532675,125.71545080815098,125.04143358681317,0.004948441023679084,3.458444922229717,-0.15136569011183518,804520018,28.947345173608742,36.315781724536215,128.85583267211913,122.17083358764648,125.51333312988281,-2805419.867579703,0.012783530323775773
2021-12-28,122.0,124.5999984741211,121.94999694824219,124.0999984741211,106.32528686523438,6511374,4.821087679915002,0.018296912366387197,123.7900001525879,132.66799911499024,43.52285539961464,-2.5517076362395983,28.303595578419536,129.45416423569702,120.8058356117151,6.911474969435756,125.56159820491004,124.84269582528532,0.018465326451997166,3.4078417134990233,-0.1518792628335125,811031392,52.63153667928862,34.73681956228724,128.5716660817464,122.09666684468587,125.33416646321614,8831921.044140099,0.021721323982613984
2021-12-29,124.5999984741211,124.75,122.19999694824219,123.1500015258789,105.51133728027344,8960770,4.813403136956956,-0.007684542958045881,123.43500061035157,132.13999908447266,41.611560943169806,-2.435962999918246,27.698389048257667,129.13977217636875,120.66522812880703,6.784927473196088,125.33192233071661,124.61620115936881,-0.007655092344262093,3.3465675233746515,-0.12939631589664244,802070622,42.63157683396443,41.4034862289539,128.0708330790202,122.05083338419597,125.06083323160809,-2731162.4212200646,0.02046551430967664
2021-12-30,123.25,127.8499984741211,122.25,126.9000015258789,108.7242431640625,32394253,4.843399386744604,0.029996249787648033,123.38500061035157,131.68499923706054,50.796922007140786,-2.0183743190406176,25.862367717851573,128.7919325435966,120.83306821934286,6.376656424579849,125.48126320644634,124.76556858408867,0.0304506695374418,3.507526876999397,-0.031187041522220245,834464875,82.10522934343089,59.12278095222795,128.0224994659424,121.81250038146973,124.91749992370606,80075245.02625997,0.045436093096317194
2021-12-31,126.80000305175781,126.80000305175781,124.0,124.4000015258789,106.58232116699219,9155163,4.823502192570986,-0.019897194173617905,123.27000045776367,131.24799926757814,45.641942840217276,-1.8676324828083892,24.157490768188772,128.5354578358402,120.82954307968714,6.180430074678713,125.37828590353516,124.62849638336935,-0.019700551378560638,3.464132209062219,-0.021395204019934215,825309712,56.68453386839741,60.47378001526422,127.82916641235352,121.72416687011719,124.77666664123535,11433143.342086662,0.02208204246347608
2022-01-03,125.4000015258789,126.55000305175781,124.69999694824219,126.0,107.95313262939453,9034081,4.836281906951478,0.012779714380491747,123.69500045776367,130.80999938964842,49.195443686409526,-1.6006111375933187,22.57439074350188,128.65641480162842,120.87358626648683,6.237990223081095,125.43749676986515,124.57164430304266,0.012861723910736922,3.3702657316919824,0.024578638487359934,834343793,73.79681980672741,70.86219433951855,127.76333351135254,121.83333320617676,124.79833335876465,13447391.657419797,0.014752839561440018
2022-01-04,127.0,133.3000030517578,126.75,132.89999389648438,113.8648681640625,33986738,4.889596919793573,0.053315012842094944,124.76500015258789,130.56999938964844,61.0275910462408,-0.8227389336443878,22.918792315888428,130.40940258036997,119.87559802998159,8.417447729348838,126.14821078192412,125.62317497098776,0.05476185632130459,3.6509612545538275,0.1378475772144851,868330531,97.18303502589427,75.88812956700633,128.25750020345055,121.91249974568686,125.08499997456867,160821320.39341563,0.05157482717919538
2022-01-05,132.60000610351562,132.85000610351562,130.6999969482422,132.0,113.09378051757812,16122852,4.882801922586371,-0.006794997207202336,125.7099998474121,130.33199951171875,59.09436551548437,-0.27571334185243757,23.23859377596165,131.3826150684778,119.37738554187375,9.575075368785486,126.70552404078849,126.06956577251233,-0.006771963414726523,3.5473209469601388,0.11478753688868928,852207679,90.8450518825525,87.27496890505803,128.48833389282225,122.20833282470703,125.34833335876465,43933461.20185795,0.016214246276844133
2022-01-06,132.35000610351562,132.35000610351562,129.3000030517578,130.89999389648438,112.15132141113281,8037648,4.874433626288537,-0.00836829629783331,126.34499893188476,130.0859994506836,56.72898234985942,0.06826022000443288,22.94570362796731,132.08782621181197,119.15717348301224,10.293261752079443,127.10499736037856,126.30391631783655,-0.008333379572088018,3.5117982401599726,0.14575072451870336,844170031,83.09853252404467,90.37553981083045,128.7608339945475,122.37583262125649,125.56833330790202,8750179.162012547,0.023044978550074997
2022-01-07,131.3000030517578,132.1999969482422,129.4499969482422,131.35000610351562,112.53688049316406,8820039,4.87786556259912,0.003431936310582806,127.35499954223633,129.88699951171876,57.478832514015046,0.3728756913078257,22.673734204829707,132.81324740257222,118.9517527500157,11.011454844124833,127.509283907344,126.88296708439115,0.003437832146784725,3.4573840801485463,0.14144971014657695,852990070,84.64569885529086,86.19642775396265,129.04583422342935,122.61583239237466,125.83083330790203,5562809.864998649,0.020944401645717887
2022-01-10,131.9499969482422,132.3000030517578,130.75,131.85000610351562,112.96526336669922,7324926,4.881664959090653,0.003799396491532825,128.3550003051758,129.77699951171874,58.342606007409664,0.647171280604681,22.452042385177798,133.58703357226958,118.78296688549409,11.73203364894638,127.92268602126511,127.34031962313308,0.003806623348048932,3.3211425781206367,0.20131049510598234,860314996,88.5827053102369,85.44231222985745,129.21833407084148,122.94333254496257,126.080833307902,4295911.954999549,0.011746897215661219
2022-01-11,132.14999389648438,134.0,131.0,132.3000030517578,113.3508071899414,11971883,4.885072094187862,0.003407135097209135,129.17500076293945,129.7699996948242,59.146952911617674,0.8905972534964235,22.75791016349996,134.35074543948957,118.6142554760378,12.441634144248011,128.3395733575025,127.89539960568759,0.0034129459796072847,3.2982038225405916,0.18961722897168976,872286879,87.31345705476937,86.84728707343235,129.55416768391927,123.22416585286457,126.38916676839192,5023511.194808199,0.022701476644410273
2022-01-12,133.35000610351562,134.1999969482422,132.35000610351562,133.85000610351562,114.67881774902344,10439580,4.896719815566029,0.011647721378166942,130.24500122070313,129.7609997558594,61.87744524675834,1.1948133189678174,23.100329324939718,135.33968442296526,118.3403174080894,13.402212939273836,128.86437647617043,128.42850327429315,0.011715820226787299,3.1983316849651477,0.235888590883019,882726459,97.42653761768763,91.10756666089794,129.84166768391927,123.58166631062825,126.71166699727378,12462090.970982617,0.013873196550815828
2022-01-13,134.39999389648438,136.64999389648438,133.5,134.9499969482422,115.62124633789062,15114699,4.904904316850025,0.008184501283995615,131.05000076293945,129.72699981689453,63.73013884493394,1.5072916904239833,24.08235938791692,136.4243613031231,118.01064007016791,14.474204518693357,129.4439593782725,129.25525511184463,0.00821808587648376,3.1948789857879496,0.21902637561144325,897841158,89.40811568161885,91.38270345135858,130.2891674041748,123.90916633605957,127.09916687011719,15238050.67085936,0.023437455651303958
2022-01-14,134.39999389648438,136.14999389648438,133.3000030517578,135.35000610351562,115.96397399902344,9344382,4.9078640611546245,0.0029597443045998872,132.14500122070314,129.69899993896485,64.40753880773843,1.766843376282651,24.885201608023902,137.52978677539483,117.885214903072,15.382473028779028,130.00644001877185,129.74889495125905,0.0029641286722432714,3.170244118569279,0.24967319329781562,907185540,91.15654379013867,92.66373236314836,130.70916709899902,124.40416679382324,127.55666694641113,7571242.45720133,0.021205289986260277
2022-01-17,134.64999389648438,137.35000610351562,134.4499969482422,136.60000610351562,117.034912109375,9803141,4.917056991818355,0.009192930663730614,133.2050018310547,129.68800018310546,66.51232979000342,2.04977596917729,25.941318770660043,138.5983527802234,118.30164950859498,15.801248027090296,130.63439869350935,130.28929090151107,0.009235315431341817,3.150941621191005,0.2839368378289539,916988681,95.04950794211936,91.87138913795893,131.23833452860515,125.27833315531413,128.25833384195965,10693031.652400443,0.0215373879445022
2022-01-18,136.60000610351562,137.75,134.39999389648438,135.0,115.6640853881836,6473378,4.90527477843843,-0.011782213379925466,133.41500244140624,129.58200012207033,61.499116944647554,2.1204517192367405,27.02355303967345,139.19537742330277,118.98462517069136,15.656326632232798,131.05017024650846,130.80606604233975,-0.011713074905012388,3.165160512785621,0.28364715902425175,910515303,82.25806451612904,89.48803874946232,131.87000160217286,125.95999946594239,128.9150005340576,-3340618.9894423643,0.024524201711799243
2022-01-19,134.10000610351562,135.3000030517578,132.9499969482422,134.8000030517578,115.49274444580078,21136414,4.903792221117359,-0.001482557321070388,133.69500274658202,129.50800018310548,60.88140631918484,2.1357055934208518,27.179403620042603,139.6314745698202,119.77352802417394,15.310380560953774,131.40729718034174,132.17168244971268,-0.0014814588758680358,3.106935197837764,0.3237986215890019,889378889,78.54547674005681,85.28434973276838,132.457501856486,126.53749910990398,129.49750048319498,-3931685.19433642,0.017524280362087294
2022-01-20,134.5,136.35000610351562,134.14999389648438,134.89999389648438,115.57840728759766,8466412,4.904533717968968,0.0007414968516084031,134.09500274658203,129.45800018310547,61.09182225844758,2.1312945868091333,27.635879570041936,140.0995972570271,120.34040442143967,15.173700436372817,131.7399349628315,132.68351832995768,0.0007417718283595498,3.0421549842087274,0.3008755780217823,897845301,78.16087787709955,79.65480637776177,132.98166898091637,127.1016648610433,130.04166692097982,-746185.9396567364,0.01635696808201673
2022-01-21,134.0500030517578,136.10000610351562,132.5500030517578,134.10000610351562,114.89301300048828,12437749,4.898585835802289,-0.005947882166678298,134.37000274658203,129.4070004272461,58.385924581862035,2.039733722511187,27.183187067292074,139.96601167435747,121.75899061446088,13.913092674122748,131.96470364289667,133.14107130547305,-0.005930228533461812,3.0784298461765194,0.31802509959776065,885407552,66.8182373046875,74.50819730728126,133.54750277201333,127.72249819437661,130.635000483195,-6882093.561225097,0.026482677888393088
2022-01-24,133.0,135.25,131.0,132.60000610351562,113.60785675048828,14284658,4.887337123781291,-0.011248712020998752,134.44500274658202,129.33000061035156,53.592712846467535,1.825095054214927,26.004992249796626,139.52877887236542,123.2712241793924,12.372568115816293,132.0252086391461,133.5829672869468,-0.011185681817509452,3.1621134285924826,0.28117256320361605,871122894,39.053304657634186,61.34413994647372,134.25333607991536,128.15833180745443,131.2058339436849,-16578689.187075032,0.03195488721804511
2022-01-25,131.1999969482422,135.64999389648438,131.0500030517578,135.3000030517578,115.92112731933594,10007486,4.907494557732233,0.02015743395094205,134.74500274658203,129.29300079345703,59.96398292688172,1.851516423310244,25.062346632341878,139.52350713207076,124.39649637745075,11.463330216327673,132.3370938212996,133.79195666085766,0.02036196699820958,3.264818958316346,0.2942647310852883,881130380,71.00594280389831,58.95916158873997,134.87333564758302,128.5833324432373,131.72833404541015,12487224.7106926,0.035060906644237486
2022-01-27,134.1999969482422,136.0,133.14999389648438,135.0,115.6640853881836,18760325,4.90527477843843,-0.0022197792938030148,134.86000213623046,129.30700073242187,58.994811208882986,1.827185156526042,24.323263618606394,139.04307068386697,126.06193267306661,9.793204840666657,132.59070393355677,134.04133591085832,-0.002217317405699193,3.235189468687723,0.31255603082019395,862370055,66.8674820617374,58.97557650775661,135.45583572387696,129.13583221435547,132.29583396911622,410305.0689186114,0.02123700572522968
2022-01-28,140.0,144.0,138.0,140.14999389648438,120.07644653320312,34009553,4.942713234060917,0.037438455622487155,135.3800018310547,129.38100067138672,68.4283270128944,2.198125299289046,25.768999310598563,139.96230364987971,126.4676989441144,10.129943755868513,133.31063631097845,135.3803848447985,0.03814810293692128,3.6469616494957426,0.19773700157148155,896379608,70.94335016214623,69.60559167592729,136.22833569844562,129.86833203633626,133.04833386739097,116902761.93774745,0.04285714285714286
2022-01-31,142.0,143.39999389648438,138.5500030517578,142.0500030517578,121.704345703125,27928927,4.956179129783885,0.013465895722967858,136.0500015258789,129.5160006713867,71.07244123845246,2.6152657392044887,27.111468167448436,140.6152824766222,127.57972026995981,9.720958312545244,134.14295695295743,136.30201211055237,0.01355696923309746,3.732892306297944,0.24955238644339292,924308535,85.00002347506009,74.27028523298121,137.14416834513347,130.57916590372722,133.8616671244303,74344398.64389148,0.03415486510370819
2022-02-01,144.0,144.14999389648438,140.4499969482422,141.14999389648438,120.93323516845703,17413984,4.949823111458154,-0.006356018325730517,136.50500030517577,129.7360006713867,68.16044409054231,2.8404859718890236,28.50320319392924,140.93939683270472,128.77060530352574,9.023611607130922,134.8102938047219,136.97026326435918,-0.006335861569432777,3.73054263786539,0.1946353728303051,906894551,77.18630119819261,77.70989161179962,138.04500096638998,131.29499944051108,134.6700002034505,14332969.528107058,0.025694423251681857
2022-02-02,142.0,142.75,140.75,141.14999389648438,120.93323516845703,10783943,4.949823111458154,0.0,137.11999969482423,129.8890005493164,68.16044409054231,2.984570359640287,29.795528575661418,141.8629709644738,128.67203117175666,9.751743536738147,135.41407476584214,137.36830749736998,0.0,3.6069324494464334,0.08056290918162688,917678494,77.18630119819261,79.79087529048174,138.34583409627277,132.05083287556965,135.19833348592124,4777656.50936902,0.014084507042253521
2022-02-03,137.5,138.60000610351562,136.3000030517578,136.64999389648438,120.49237060546875,9571728,4.917422867708758,-0.03240024374939576,137.30499877929688,129.9150003051758,55.075226293235154,2.7044704314153023,28.886242323395436,141.94445134925556,129.05555017662337,9.512104132886046,135.53178134971284,137.52761570846775,-0.03188097906189202,3.6957223348235857,0.04563335658057526,908106766,42.96575299548154,65.7794517972889,138.62000045776367,132.30999984741212,135.4650001525879,-27122631.830210328,0.016727294921875
2022-02-04,137.0,137.4499969482422,133.89999389648438,134.1999969482422,118.33203887939453,7213085,4.89933120179721,-0.018091665911548205,137.23499908447266,129.89500030517578,49.50312649636434,2.2587573928446147,27.166051619937615,141.79101368954375,129.53898814151094,9.031087948513415,135.40494474004896,137.5628185078041,-0.01792899420177152,3.685313814604602,0.022222286615710334,900893681,24.334588847966693,48.162214347213585,138.86166687011718,132.5016662597656,135.6816665649414,-20822234.768344443,0.02591243103472856
2022-02-07,134.1999969482422,136.35000610351562,134.1999969482422,135.14999389648438,119.16970825195312,10562489,4.906385227561407,0.007054025764197114,137.33999786376953,130.02100006103515,51.550030402763575,1.9595944280938227,25.568731681012498,141.66127655037286,130.04872405997872,8.54775493305985,135.38066370732852,137.51215239523518,0.0070789640077904,3.575649196080947,0.005248403860157293,911456170,31.55890359457785,32.95308181267533,139.0433339436849,132.74333241780602,135.89333318074543,-251190.0455536982,0.016020932966955625
2022-02-08,135.4499969482422,135.64999389648438,132.8000030517578,135.0,119.03744506835938,8721631,4.90527477843843,-0.0011104491229776414,137.57999725341796,130.19100006103517,51.19716027205531,1.6909106043889324,23.894649057659297,141.53987085903998,130.48512914096,8.127739522529167,135.34441002091629,137.44214059566067,-0.0011098328025028747,3.5238164566984906,0.011312475679554743,902734539,30.41826506907651,28.77058583720699,139.2508331298828,132.82083282470703,136.03583297729492,-955857.6267771766,0.021040907411873873
2022-02-09,135.3000030517578,135.60000610351562,133.85000610351562,135.0500030517578,119.08155822753906,5144026,4.9056451028358685,0.00037032439743889256,137.55499725341798,130.3470001220703,51.31679925248845,1.4651225460208934,22.340143764545612,141.4325142659815,130.86748573401852,7.759844680105016,135.3163712619488,137.70806687092204,0.00037039297598373544,3.397115281220027,0.024705044395597887,907878565,30.798516589734486,30.92522841779625,139.30833333333334,133.00333302815756,136.15583318074545,-147141.21004470348,0.012934219959555751
2022-02-10,135.14999389648438,136.85000610351562,134.3000030517578,136.4499969482422,120.31599426269531,6081460,4.915958224788954,0.010313121953085869,137.6999969482422,130.52200012207032,54.66761460892863,1.3832069416513093,21.059986450227626,141.45661645827224,131.10338262620044,7.597031014711067,135.42433561302437,137.76301361292178,0.010366485485733934,3.336607264829869,0.01631645619322848,913960025,41.44486294932223,34.22054820271105,139.46333389282228,133.08833236694335,136.2758331298828,5626957.517794343,0.018867947960922143
2022-02-11,134.4499969482422,137.6999969482422,134.4499969482422,137.14999389648438,120.93323516845703,8426925,4.921075172881127,0.0051169480921728905,137.39999694824218,130.69100006103517,56.28767055257478,1.3591052196642295,20.177504717979712,141.54233473247547,131.2376640468214,7.555297845712983,135.58868402097295,137.9349935513821,0.0051300620292993315,3.3304210316277354,0.04314490868062974,922386950,46.768036129116105,39.67047188939091,139.53833414713543,133.15333201090496,136.3458330790202,5808200.361308645,0.024172555401776014
2022-02-14,134.6999969482422,136.4499969482422,131.8000030517578,132.5,116.83305358886719,7705072,4.886582645426277,-0.03449252745485065,136.44499664306642,130.80100006103515,44.82716800653823,0.9537940415255832,19.130749769374127,141.65817704386893,130.83682112507637,7.94242535937,135.29452363802315,138.14164584466533,-0.033904441147799225,3.4746760182776515,0.00622131075878993,914681878,11.068686729852852,33.093861936097035,139.56083424886066,132.9958318074544,136.27833302815756,-21949625.060878888,0.03452111359936491
2022-02-15,132.10000610351562,135.8000030517578,130.64999389648438,135.35000610351562,119.34607696533203,12674466,4.9078640611546245,0.021281415728347852,135.86499786376953,131.02100021362304,51.36345606413511,0.8527240151557862,18.547766262091645,141.60681220102097,130.76318596792433,7.962423399048946,135.29980768235578,138.07737129601267,0.021509480026532968,3.594342670920208,0.028366451621063014,927356344,34.81490523726852,30.883876032079126,139.5633341471354,132.77333170572916,136.1683329264323,16764995.28557455,0.03898568446119382
2022-02-16,134.89999389648438,136.6999969482422,132.85000610351562,133.1999969482422,117.45028686523438,12946623,4.891851735195194,-0.016012325959430918,135.06999816894532,131.17800018310547,46.8539277987674,0.592309742620273,17.63918538543648,141.65061414044015,130.53938372332937,8.16431941240687,135.0998257076783,138.1526928795319,-0.015884810183378284,3.612603254763519,0.00331003373700099,914409721,18.888911494502313,21.59083448720786,139.5150001525879,132.67499923706055,136.09499969482422,-12968573.558057588,0.028539592430825877
2022-02-17,134.5,134.89999389648438,132.4499969482422,132.75,117.05347442626953,5811964,4.888467660122048,-0.0033840750731455316,134.67999877929688,131.28800018310548,45.94471327719886,0.3456343053879891,16.941438308245242,141.71309629401182,130.27190126458194,8.413107437637327,134.8760327831375,137.39093008727892,-0.003378355544685463,3.5295599471548527,-0.06288774864579483,908597757,15.555600766782407,23.086472499517715,139.47083282470703,132.62083282470704,136.04583282470702,-6066435.228214834,0.018215590693250464
2022-02-18,132.75,134.10000610351562,131.89999389648438,132.35000610351562,116.70079803466797,6760078,4.885449974789585,-0.003017685332462605,134.49499969482423,131.41400024414062,45.10681556081795,0.11652287643644854,16.498354681772263,141.78741855268902,129.94258022660784,8.718093975116622,134.6354588136497,136.30282701604352,-0.003013136696680796,3.434592251431738,-0.06858227152090929,901837679,12.592683015046296,15.679065092110307,139.35333302815755,132.50333302815756,135.92833302815754,-3824805.035910479,0.016572596663135594
2022-02-21,132.39999389648438,134.14999389648438,131.14999389648438,131.9499969482422,116.34808349609375,12212740,4.8824230398211945,-0.003026934968390904,134.175,131.5300001525879,44.237951723747386,-0.09621783813639695,16.365608796757098,141.87887393365497,129.63612393011454,9.018102204198044,134.37970054075373,135.13748961701558,-0.003022358419542348,3.403549947758042,-0.08533420230642443,889624939,10.743821454603234,12.964035078810616,139.23416570027672,132.43916600545248,135.83666585286457,-4531740.219286241,0.02265861131644402
2022-02-22,131.0500030517578,132.5,127.9000015258789,132.10000610351562,116.4803695678711,13578566,4.88355925773203,0.0011362179108358461,133.88500061035157,131.65600021362306,44.668394420682255,-0.24983199428265834,17.2753335751762,141.9090862159739,129.55591164779565,9.101117761323685,134.1625867848263,134.1360336409125,0.001136863650950115,3.4890105567839744,-0.02571151082913427,903203505,39.25236243744077,20.86295563569674,139.14583231608074,132.31583277384442,135.73083254496257,-152640.59610566753,0.03510109398703591
2022-02-23,132.0,133.4499969482422,129.85000610351562,130.1999969482422,114.80501556396484,9263264,4.869071706335468,-0.014487551396562104,133.4,131.73300018310547,40.4131727901667,-0.5189055592705358,17.65316937183422,142.1088208898741,128.84617636354386,9.789555210842625,133.7851972765802,133.69014144196632,-0.014383111790203573,3.4969377202084453,-0.09072694710651945,893940241,23.469352007193432,24.48851196641245,138.95416564941405,132.22416610717772,135.5891658782959,-11784404.470511783,0.02727265791459517
2022-02-24,127.0,129.0,123.6500015258789,124.4000015258789,109.69081115722656,18045779,4.823502192570986,-0.04556951376448204,132.19500045776368,131.6870002746582,30.775306952410318,-1.1864824252556048,19.455712929171828,143.1540462534357,126.74095115257016,12.162578231248313,132.89136910984675,132.56454265612078,-0.04454681688409656,3.715013270362362,-0.16687877388558295,875894462,5.3380800310171646,22.686598158550424,138.62749875386555,131.6474999745687,135.13749936421712,-73705091.88549021,0.042125972237173966
2022-02-25,125.0,131.0,125.0,130.35000610351562,114.93727111816406,10424521,4.870223187203565,0.046720994632578616,131.5150016784668,131.74600036621095,45.21068420630222,-1.2213473263126957,20.27667068353296,142.53222664515465,126.38277198155437,12.01082479301792,132.6493345378152,132.07392036545312,0.047829618204618285,3.9210836420594144,-0.1042128710032212,886318983,47.68688085814154,25.498104298784018,138.0308322906494,131.05083351135255,134.54083290100098,16782267.817949995,0.048
2022-02-28,128.9499969482422,133.9499969482422,128.8000030517578,133.5,117.71480560302734,13262687,4.894101477840304,0.023878290636739408,131.6150016784668,131.90500030517578,51.03242413046408,-0.9834630795431565,19.942969685545837,141.31864336559312,126.74135495594008,10.876138551763951,132.73035029611853,131.92716310022433,0.024165659754421975,4.008862945946912,-0.11856103453259083,899581670,70.10677354700714,41.04391147872192,137.5833324432373,130.57333335876464,134.07833290100098,33445678.00663844,0.0399379140625453
2022-03-02,132.8000030517578,135.0,130.4499969482422,130.9499969482422,115.46633911132812,12587947,4.874815547648964,-0.01928593019133995,131.17500076293945,132.08900024414064,46.7058525032146,-0.9892980233306901,19.27815706822748,140.1413551175393,126.8986435091697,9.91814834966455,132.56079283441602,131.8446818978233,-0.019101146455114737,4.04751581064769,-0.1164231250351622,886993723,51.95727972084552,56.5836447086647,137.1366662343343,130.0416665395101,133.5891663869222,-10250976.174697584,0.034262070385529156
2022-03-03,132.10000610351562,133.4499969482422,130.25,132.10000610351562,116.4803695678711,15628119,4.88355925773203,0.00874371008306607,131.06500167846679,132.28700042724608,48.81350204137837,-0.8908568868651514,18.71662121163197,138.7051627879223,127.42983705948983,8.473388118734587,132.5169083838541,131.6998613262764,0.008782047973074691,3.9869787490472968,-0.07056003924774569,902621842,60.142400930514924,60.73548473278916,136.71583290100097,129.50083351135254,133.10833320617675,8564661.228235979,0.024224048451100145
2022-03-04,132.0,133.35000610351562,129.75,130.1999969482422,114.80501556396484,15883138,4.869071706335468,-0.014487551396562104,130.81000137329102,132.44000030517577,45.604529942650096,-0.9551461070137748,18.340665593471872,138.2626879991562,127.22731215343167,8.313213936029278,132.29625015189106,131.40357416592562,-0.014383111790203573,3.9593378457950346,-0.09314153054588645,886738704,50.191553409580536,54.09707802031363,136.4766663869222,129.13166669209798,132.8041665395101,-17263851.33356896,0.027272773511482006
2022-03-07,129.0,130.5,126.9000015258789,130.0500030517578,114.6727523803711,14985637,4.867919015360695,-0.0011526909747736624,130.58000106811522,132.5500003051758,45.351066078206706,-1.0065956232940607,18.756101922796613,138.13230637754035,126.94269438539911,8.442600743137053,132.08232185664028,131.11307194440647,-0.0011520268817211132,3.933670747818325,-0.011779594097989255,871753067,49.042174489283475,53.12537627645961,136.17749977111816,128.8275005340576,132.50250015258788,-7253119.8344766,0.027906964915667392
2022-03-08,130.5,135.8000030517578,130.5,133.75,117.93523406982422,28572640,4.8959723857761155,0.028053370415420886,130.760001373291,132.8000003051758,52.38169903993239,-0.7402774464653703,17.451377470457093,137.96397782171616,126.97102355157487,8.298604724297874,132.24114834648407,131.26136158437924,0.028450571790987533,4.063408551545587,0.02135447605032331,900325707,77.3946514710121,58.876126456625336,136.24083290100097,128.575834274292,132.4083335876465,68061413.92398956,0.04061305020504071
2022-03-09,133.9499969482422,133.9499969482422,131.10000610351562,131.5,115.9512939453125,14286413,4.879006851617819,-0.01696553415829616,130.70000076293945,132.99300033569335,48.311383811975944,-0.7026745734916915,16.23984762185611,137.67703983662466,126.90796153666633,8.140354323988849,132.17056278967607,131.12795528459162,-0.016822429906542036,3.9767358582013705,-0.04061667550299411,886039294,64.60903282523037,63.681952928508615,136.12583300272624,128.46083437601726,132.29333368937176,1257518.4746631905,0.02127652788098076
2022-03-10,132.89999389648438,135.0,131.9499969482422,132.9499969482422,117.22984313964844,13101323,4.889973094734851,0.010966243117032093,130.97500076293946,133.1700003051758,50.95623660865266,-0.5495366734560605,15.424912481792395,137.4329610866312,126.94203967630826,7.936394424622599,132.2447946143014,131.20572918407714,0.011026592762297893,3.9426832969012726,-0.06479102089349231,899140617,76.54316258771448,72.84894896131895,136.11416613260906,128.31916720072428,132.21666666666664,13083758.403511183,0.022949610171791698
2022-03-11,132.89999389648438,133.39999389648438,131.5,131.9499969482422,116.34808349609375,8669803,4.8824230398211945,-0.007550054913656901,131.7300003051758,133.34600021362306,49.090618703467726,-0.5030663908246709,14.520408886879524,136.829723839377,127.09527692356245,7.3766766222788815,132.21671864610528,131.19913499637445,-0.0075216248435816535,3.7967769111572087,-0.09841718049267499,890470814,68.31271094645297,69.82163545313257,135.9024987538656,128.17250073750816,132.03749974568683,-1418615.8654962713,0.014296418237342266
2022-03-14,131.9499969482422,132.89999389648438,130.75,132.14999389648438,116.52442169189453,5670284,4.883937594864027,0.0015145550428323773,131.90999908447264,133.45100006103516,49.48892759104482,-0.44497092689954343,13.537075521556655,135.96278003805398,127.46222072488548,6.453874376804721,132.21036390804613,131.143936816727,0.0015157025605740948,3.6791495529662916,-0.11480842852820143,896141098,69.95877615736016,71.60488323050917,135.62249844868978,128.00250104268392,131.81249974568684,283154.37527891214,0.01629400489738334
2022-03-15,131.3000030517578,132.9499969482422,130.64999389648438,131.0500030517578,115.55451202392578,6895190,4.875578953056388,-0.008358641807638456,131.66499938964844,133.58400009155272,47.297096688966924,-0.4821322014446707,12.658636034279185,135.88353699086022,127.39646407725499,6.447183894844695,132.0998533503044,131.18140748154119,-0.008323805490208391,3.5806390885942574,-0.11164248054332307,889245908,60.905354704007785,66.39228060260693,135.40333213806153,128.01833381652833,131.71083297729493,-4962045.7900071265,0.01751715916450636
2022-03-16,132.39999389648438,133.0,131.5500030517578,132.75,117.05347442626953,5561866,4.888467660122048,0.012888707065659588,131.84499969482422,133.71900009155274,50.91526843252203,-0.3701404839043505,11.823956725037178,135.43856139559753,127.58143906216615,5.974543623874026,132.16177207884684,131.2200815064754,0.012972124446046562,3.464164649997681,-0.14281047195345678,894807774,74.89709737680727,68.58707607939171,135.14333152770996,128.1283344268799,131.6358329772949,4649421.55435228,0.010951639086749908
2022-03-17,133.5,134.3000030517578,131.89999389648438,132.89999389648438,117.18575286865234,13995384,4.889596919793573,0.0011292596715248848,131.92499847412108,133.71900009155274,51.23338579298718,-0.2662142350132797,11.403743604235117,135.39985494161493,127.59014521097292,5.939168581399131,132.23207891862185,131.9179902208535,0.0011298975253060117,3.3881535432316636,-0.10851192294620356,908803158,73.1480709646519,69.65017434848893,135.0099989573161,128.14000002543133,131.5749994913737,2949288.637420812,0.017977596668714887
2022-03-21,132.89999389648438,133.39999389648438,131.6999969482422,132.89999389648438,117.18575286865234,9172207,4.889596919793573,0.0,132.19499816894532,133.7369999694824,51.23338579298718,-0.18175675528365787,10.928660859142616,135.41753018004036,127.58746936219596,5.954305683521395,132.29568986889447,132.13980914085946,0.0,3.2675709293038437,-0.07419384951918223,917975365,67.41563305533197,71.82026713226367,134.93749885559083,128.14249992370605,131.53999938964844,983096.2124736041,0.012791550235632913
2022-03-22,133.3000030517578,134.14999389648438,131.75,132.85000610351562,117.14167022705078,10343712,4.8892207181487315,-0.00037620164484142293,132.4749984741211,133.77600021362304,51.10536891850939,-0.117502693335922,10.782361984190262,135.47014664463663,127.58485289759969,5.995167368617809,132.34848189123935,132.18990567902117,-0.0003761308898756477,3.2056011412453103,-0.06071522750749071,907631653,66.85397255647251,69.13922552548541,134.95416450500488,128.1391674041748,131.54666595458986,-17007.485165048565,0.01800445492527486
2022-03-23,132.89999389648438,133.75,132.1999969482422,133.4499969482422,117.67071533203125,11892811,4.8937268529823585,0.004506134833627051,132.44499816894532,133.81800003051757,52.63517179474721,-0.017959612249569545,10.646513028877363,135.63058401496653,127.57441552726984,6.121592296276976,132.4533880871444,132.25822262920562,0.00451630272609127,3.087344134853346,-0.00921468255652547,919524464,73.59544156613441,69.28834905931292,134.917498143514,128.24750073750812,131.58249944051107,4751382.650320553,0.011662927937868137
2022-03-24,133.5,135.6999969482422,133.35000610351562,135.39999389648438,119.39014434814453,11276181,4.90823331540051,0.014506462418151678,132.83499755859376,133.88899978637696,57.31008528080038,0.21578996125052186,11.272613551532322,136.12080288293953,127.41419543859367,6.6075530762886565,132.73401721184345,132.45743312043348,0.01461219177845674,3.034676042701433,-0.020601441752567323,930800645,95.50551587985335,78.65164333415339,135.00416425069173,128.5591676076253,131.78166592915852,16242806.575324543,0.0176029276758544
2022-03-25,136.0,136.14999389648438,134.1999969482422,134.75,118.8170394897461,7266868,4.903421209789107,-0.004812105611403439,133.01499786376954,133.9379997253418,55.349039507065505,0.3446165816663438,12.014716677320438,136.47069787712374,127.51930074958526,6.7816183750173575,132.92601557262026,132.70654504204487,-0.004800545980683801,2.957198964525773,-0.0034175189276793925,923533777,84.86491836541119,84.65529193713296,135.11499773661296,128.835000483195,131.974999109904,2265322.2940697703,0.014338212854721966
2022-03-28,135.5,135.5,133.8000030517578,134.8000030517578,118.86111450195312,7778682,4.903792221117359,0.0003710113282524574,133.29999847412108,133.95699966430664,55.47526003242571,0.4456107119709145,12.477588614072603,135.5128466560184,129.51715212327846,4.524540286273666,133.10449057063337,133.15192334266882,0.00037108016146802925,2.867398820505517,0.056955604653773355,931312459,76.10633091893118,85.49225505473187,135.38333104451496,129.46833394368488,132.42583249409995,1014412.6571256331,0.012546102939056735
2022-03-29,135.0,135.3000030517578,133.89999389648438,134.35000610351562,118.46430206298828,5116935,4.900448380491463,-0.0033438406258960995,133.5199996948242,133.9449998474121,53.995953636791214,0.48376179013357046,12.907398269628187,135.64127671325755,129.7887220660393,4.409866762712539,133.22311109757453,133.16202583559266,-0.0033382562170225505,2.76258527298894,0.015174621349129183,926195524,67.27294921875,76.08139950103076,135.43999811808268,129.98500010172526,132.71249910990394,-1196932.5371938806,0.010370438187210649
2022-03-30,135.0,135.9499969482422,133.4499969482422,135.3000030517578,119.30199432373047,24047012,4.907494557732233,0.007046177240769502,133.94499969482422,133.94399978637696,56.62555573006887,0.5839225134525918,13.578772584803984,135.9265220008739,129.68347708359875,4.700911064187498,133.4209103313063,133.55818850336073,0.007071059955964687,2.7438291820611584,0.016962955856590363,950242536,84.5456210049716,75.97496704755088,135.44833170572917,130.2583330790202,132.85333239237468,14830747.830497548,0.018518518518518517
2022-03-31,134.3000030517578,135.60000610351562,134.3000030517578,135.0,119.03744506835938,11615450,4.90527477843843,-0.0022197792938030148,134.1699996948242,133.91199966430665,55.54578083377002,0.6318097596340806,14.202191591752937,136.1468110348728,129.86818835477564,4.720502749471263,133.57129982356284,133.69991458193172,-0.002217317405699193,2.640698744182348,0.061351155267152895,938627086,79.09102006392045,76.96986342921397,135.427498626709,130.5625,132.9949993133545,2620468.9784723283,0.009679843799086176
2022-04-01,138.0,143.4499969482422,136.8000030517578,142.9499969482422,126.04741668701172,32589741,4.962494897419893,0.05722011898146295,135.175,134.07099960327147,71.2118602571713,1.296315936876681,16.977491067144552,138.86826907598763,128.23172939813347,7.964462552316126,134.4645090735323,135.24603898133577,0.05888886628327539,3.0556486159009077,0.15491299255472019,971216827,96.09375093132235,86.57679733340477,136.0566650390625,130.8466667175293,133.4516658782959,173599050.65549296,0.048188361568727356
2022-04-04,141.85000610351562,146.0,141.5,144.3000030517578,127.23778533935547,15437496,4.9718944869285275,0.009399589508634953,136.31500091552735,134.26099960327147,72.95483248367537,1.9098603981092879,19.962353576683448,141.12259779014164,127.38740129433103,10.230677846369177,135.40122278574424,136.12987332668294,0.009443904388500401,3.158816571907986,0.21591392269784276,986654323,88.92510571801769,88.03662557108679,136.7433314005534,131.44333368937174,134.09333254496255,71760159.4338297,0.031723650379797
2022-04-05,145.39999389648438,150.60000610351562,144.75,149.10000610351562,131.4702606201172,23958626,5.00461726270641,0.03272277577788252,137.94000091552735,134.5449998474121,78.04470216015274,2.751699061060151,23.296897168085252,144.3766503859083,126.0383490037401,13.563080024081096,136.70586881600818,137.81132521894637,0.03326405370924457,3.3831870347544024,0.21028440493748238,1010612949,92.12598551336406,92.38161405423466,137.8058319091797,132.28083343505858,135.04333267211913,100587705.08855927,0.04023388135545907
2022-04-06,150.35000610351562,155.3000030517578,148.3000030517578,153.0,134.90911865234375,52737388,5.030437921392435,0.025820658686025233,139.89500122070314,134.9229997253418,81.1489698955171,3.6910114974385237,26.807205391165855,148.1390201955026,124.2009791941458,17.57952636777944,138.2576908335312,141.13610668433205,0.026156899643429377,3.6415308179862307,0.2326945561454411,1063350337,90.2542268774448,90.43510603627549,138.8333318074544,133.1383336385091,135.98583272298177,170646229.24053863,0.04655802937035145
2022-04-07,152.9499969482422,158.0,152.1999969482422,153.5,135.35000610351562,37738903,5.033700567027251,0.0032626456348161526,141.7050018310547,135.34099960327148,81.50992180707263,4.42476327525705,30.257835531008507,151.20274724981869,123.33725213982972,20.299770650498257,139.70933932557585,143.5128214304395,0.0032679738562091387,3.795707406112772,0.18187145501536411,1101089240,82.88973582571796,88.42331607217557,140.0999989827474,134.10999959309896,137.10499928792316,69461710.74684621,0.037920909888743026
2022-04-08,154.89999389648438,154.89999389648438,151.1999969482422,152.0500030517578,134.07144165039062,17585569,5.024209434194125,-0.009491132833126414,143.43500213623048,135.6759996032715,76.91071563210049,4.833546099326213,32.99580802968877,153.40493963096554,123.04506036903446,21.964101473634354,140.88464063283126,144.48294849824637,-0.009446234190502834,3.7888709448363014,0.16367542386044748,1083503671,77.33334495907738,83.49243588741335,141.10333201090495,135.04833323160807,138.07583262125652,6154555.99354713,0.023886359548308304
2022-04-11,152.4499969482422,154.60000610351562,151.85000610351562,153.10000610351562,134.99729919433594,15583159,5.03109134252984,0.0068819083357150035,145.26500244140624,136.0379997253418,77.88388707745443,5.182495323459932,35.53821106417758,155.47927072171092,123.0857301938164,23.257437525482683,142.04800877289645,145.41228133351507,0.006905643082429913,3.714665877347994,0.16985102057710036,1099086830,81.00777784152034,80.41028620877185,142.1908327738444,136.05083338419595,139.1208330790202,12959761.668533858,0.01803870157461298
2022-04-12,152.6999969482422,153.60000610351562,150.85000610351562,152.60000610351562,134.556396484375,11306524,5.027820158847182,-0.0032711836826582186,147.09000244140626,136.28699996948242,76.23609038209858,5.356942774579409,37.40006787547086,157.14097440932707,123.46902772690342,23.999106536535074,143.0529608996221,146.23140987132277,-0.0032658391905088235,3.645761171823137,0.1710924066251162,1087780306,78.09332562449627,78.81148280836463,143.2416669209798,137.04166692097982,140.14166692097984,551079.2228446202,0.01800916866378272
2022-04-13,153.0500030517578,156.1999969482422,152.75,153.9499969482422,135.7467803955078,19454061,5.036627854547464,0.008807695700282281,148.9550018310547,136.52499984741212,77.6132747385021,5.540261924470798,39.41403276619098,158.7217142274045,124.1782872984744,24.42094502835849,144.09077385663352,147.24368808304592,0.00884659758015216,3.64249186274481,0.16072036188454622,1107234367,83.50304460973243,80.86804935858298,144.43666661580406,138.1216672261556,141.2791669209798,17692229.236116257,0.022541632665472617
2022-04-18,154.89999389648438,163.75,154.5,163.1999969482422,143.90304565429688,82098517,5.09497642383051,0.0583485692830461,151.7750015258789,136.96599990844726,84.31897599531536,6.358642888921651,41.88703637485361,162.1692328065929,123.77576841411026,26.853740564500455,145.91069986535814,150.53648347209645,0.06008444419203096,4.082314090531453,0.2946658726101404,1189332884,98.18480859286282,86.59372627569714,146.22916666666669,139.13416697184246,142.68166681925453,512171597.9120387,0.05971594812444947
2022-04-19,164.89999389648438,166.35000610351562,159.5,160.64999389648438,141.6545867919922,38522118,5.079228047569239,-0.015748376261271346,153.5450012207031,137.35599990844727,77.43303110292264,6.723942342537242,44.338061091267704,164.43539792871815,124.284603291985,27.812963748251796,147.3144421540368,152.00945604616717,-0.015625018991676343,4.280006377173179,0.22624646769796505,1150810766,82.67473975423617,88.12086431894376,147.90833333333333,140.3683339436849,144.13833363850912,105236186.99722987,0.04154036602218252
2022-04-20,162.14999389648438,163.1999969482422,159.0,160.5,141.5222930908203,20047692,5.07829394257007,-0.0009341049991684613,155.16500091552734,137.83300003051758,77.03451932030175,6.921554169524654,46.40032839716303,166.26407310903537,125.2159287220193,28.16532463918953,148.57020956793806,152.67429222925537,-0.0009336688589046682,4.2742914179638225,0.2000297935601344,1130763074,82.21883138115193,87.69279324275027,149.44500020345052,141.65500081380208,145.55000050862628,33074041.373344205,0.025901924800092447
2022-04-21,161.60000610351562,163.39999389648438,160.35000610351562,162.6999969482422,143.46217346191406,21966151,5.09190799546803,0.013614052897959361,156.525,138.40300003051757,78.76107508796093,7.172998472357193,48.32918441897008,168.1280794089492,126.33692150657816,28.384465231818556,149.9159036041575,154.26065713388343,0.013707146094966927,4.186841159035603,0.22229465185211728,1152729225,88.61151698057873,84.50169603865557,150.93916651407878,143.08416773478191,147.01166712443035,43241657.23419945,0.018873686124832374
2022-04-22,161.25,163.0,159.85000610351562,160.4499969482422,141.4782257080078,9922564,5.0779823485358735,-0.013925646932156255,157.2699996948242,138.90900009155274,72.7380861727471,7.108768242697721,49.882788773581474,169.22915107723202,127.93584983829533,27.79149705498111,150.91915058930843,154.99251141316745,-0.013829133633701085,4.112780640281944,0.19441410430962555,1142806661,80.03381202722932,83.62138679631995,152.41749954223633,144.4025016784668,148.41000061035157,-469960.25526684895,0.019534845869670543
2022-04-25,158.60000610351562,160.89999389648438,155.39999389648438,156.10000610351562,137.642578125,12008027,5.050496866621422,-0.02748548191445188,157.53000030517578,139.33100021362304,62.74757156798596,6.630425992613709,49.43950351099694,169.58112196032383,129.65388017590666,26.68621083722003,151.41256540018531,156.27050253631157,-0.0271111930661474,4.211867737404662,0.15694307688364775,1130798634,58.75252522151335,75.7992847431071,153.70749994913737,145.3775011698405,149.54250055948893,-34979858.42724186,0.03467843498322592
2022-04-26,157.60000610351562,158.4499969482422,156.0,157.0,138.4361572265625,11735823,5.056245805348308,0.005748938726886088,158.025,139.7700001525879,63.853749889170054,6.251890398192074,49.02788148145417,169.71123587045616,131.7487662657743,25.185742278026353,151.9447020287391,156.80638534833102,0.0057654955880499514,4.086019823893056,0.15760230391252925,1142534457,56.71294693757603,65.16642806210619,154.83833338419595,146.45833460489908,150.64833399454753,-4618506.762266656,0.015545665313191475
2022-04-27,156.8000030517578,159.60000610351562,155.1999969482422,155.64999389648438,137.2457733154297,17873048,5.047609857674538,-0.008635947673769628,158.27999877929688,140.15400009155275,60.931012469944896,5.776377517972264,48.82452245248489,169.38012259531465,134.16487862538847,23.202651223580315,152.29758696852437,157.36957108470318,-0.008598764990545349,4.108447633277369,0.1219088677641903,1124661409,40.72016400025361,52.061878719780964,156.07916717529298,147.42916717529297,151.75416717529296,-17625318.179707374,0.028061282331869896
2022-04-28,158.0,160.10000610351562,155.25,159.6999969482422,140.81689453125,29123808,5.07329703611165,0.02568717843711177,158.98999786376953,140.60500015258788,65.9642055113037,5.661074194088741,48.71408107344842,169.02319471050976,137.056805594666,20.887603949275878,153.00257839516416,158.2426526444425,0.026019937106141366,4.161416095437245,0.1678581272913729,1153785217,57.09671512726815,51.509942021699224,157.44333368937174,148.44833399454754,152.94583384195965,72759234.7926366,0.0306962411614913
2022-04-29,160.39999389648438,161.0,155.6999969482422,156.1999969482422,137.73074340820312,28941216,5.051137217868083,-0.022159818243566498,159.21499786376953,141.07900009155273,58.90202180923182,5.227020886839938,48.75472789958856,167.87448958959868,140.29551010522556,17.898549184985,153.30709444783827,158.602868715508,-0.021916093092564815,4.242743735174428,0.09760802085914902,1124844001,34.51606996597782,44.11098303116649,158.72000045776366,149.44500045776368,154.08250045776367,-43276425.735787794,0.03304241429820888
2022-05-02,154.60000610351562,158.35000610351562,153.0,157.5,138.8770294189453,13368198,5.059425458265688,0.00828824039760434,158.6449981689453,141.5219999694824,60.58974392665578,4.931087389428086,47.625800263619375,165.9138556350784,144.50614405974585,13.792739898446357,153.70641878613938,158.82128736021122,0.00832268295234706,4.3218339043416565,0.11334212394672939,1138212199,42.90318642893145,44.8386571740591,159.98833389282225,150.30833358764647,155.14833374023436,-2839676.4475941435,0.034605471489654524
2022-05-04,158.0,161.89999389648438,157.3000030517578,158.64999389648438,139.8910369873047,24511385,5.066700479557627,0.007275021291939687,158.44499816894532,142.03099990844726,62.07348878186863,4.734773337449695,47.21995190653719,165.18264396718297,146.8073554224655,11.779408686602377,154.1772354633151,159.1122478255047,0.007301548549107251,4.341702257226292,0.04012073522377295,1162723584,50.32250189012097,42.58058609501004,160.79666697184246,151.32166697184246,156.05916697184244,17845403.280387726,0.02911386610586432
2022-05-05,159.60000610351562,160.75,157.0,158.39999389648438,139.6706085205078,33396072,5.065123440848029,-0.0015770387095983551,158.23499755859376,142.54399978637696,61.531145671552174,4.507065480914491,46.72081038310198,164.19846041139013,149.20153806273098,9.570467403749856,154.57940293314076,159.28649570693787,-0.0015757958374906789,4.299437810281558,0.015297753184044372,1129327512,41.54405412379809,44.923247480950124,161.49833348592122,152.09833348592122,156.79833348592123,382455.7601292422,0.023496239702946953
2022-05-06,156.4499969482422,160.35000610351562,156.0500030517578,159.0,140.1996612548828,22604305,5.0689042022202315,0.0037807613722025124,157.86499786376953,143.07699966430664,62.380676792953054,4.32516305478228,45.86161794028271,163.88475548704736,150.50524237672215,8.511411432448163,155.00041217760355,159.50084145473406,0.0037879174661314963,4.299478184672719,0.009072118050227,1151931817,44.94379967676527,45.60345189689474,161.93666661580406,152.69166692097983,157.3141667683919,9169299.23052892,0.027484839473537144
2022-05-09,158.9499969482422,159.8000030517578,155.9499969482422,159.0,140.1996612548828,22958742,5.0689042022202315,0.0,157.71999816894532,143.6179997253418,62.38067679295306,4.133357301490321,45.02090068679406,163.9389763783705,151.05102148539902,8.18308833955129,155.38132530354608,159.14453455479943,0.0,4.267373036018641,0.00011888256726297869,1174890559,44.94379967676527,43.81055115910951,162.08166681925456,153.15166651407878,157.61666666666667,3056433.076842974,0.024221492151203228
2022-05-10,158.9499969482422,161.25,154.5,155.4499969482422,137.06939697265625,20322427,5.046324116872998,-0.02258008534723377,157.65499725341797,144.08499954223632,54.1717672572934,3.6527872251072324,44.24023466569745,163.8479942656116,151.33700329298216,7.93882390947469,155.3878654601838,158.59516629270442,-0.02232706321860256,4.444703533445881,0.013262889323378723,1154568132,23.557676789314147,37.81509204761486,162.25416666666666,153.22916666666669,157.74166666666667,-47077640.88713592,0.042466185150025246
2022-05-11,154.0500030517578,156.9499969482422,150.0500030517578,152.5500030517578,134.51231384277344,13794764,5.027492431167646,-0.018831685705351653,157.20999755859376,144.53199966430665,48.551104334792,3.0033064587045146,41.72374339645266,163.78760612307914,151.44739143551462,7.829216161362801,155.11759284985752,158.16737807638822,-0.018655477345875693,4.620081416520059,0.025524662785068753,1140773368,18.726604602785446,29.076027022954918,162.4375,153.09250030517578,157.7650001525879,-42362367.8980069,0.04479061187792454
2022-05-12,151.10000610351562,153.0,148.0,148.5500030517578,130.98529052734375,11818556,5.000921622452257,-0.026570808715389305,156.4999984741211,145.0149996948242,42.067599248251625,2.14113997267728,38.76116041198966,164.4769970812542,150.30300017216373,9.005652857719232,154.49210810718134,157.4853053648867,-0.02622091065211496,4.647218458197197,0.008980763284746535,1128954812,3.66668701171875,15.31698946793941,162.3833330790202,152.81333338419597,157.59833323160805,-45636938.63266897,0.033090667094841805
2022-05-13,150.0,150.0,143.5,144.14999389648438,127.10554504394531,22913410,4.970854381742991,-0.030067240709265697,154.94499816894532,145.2909994506836,36.32173226151123,1.0902550726890752,37.20140683799351,165.91077814215924,148.02421789055558,11.395072532620562,153.50714484901974,156.42805313418853,-0.029619717703677106,4.779559996897397,-0.03609562729330316,1106041402,3.5325766961725305,8.64195610355887,162.24749933878581,152.3024996439616,157.27499949137368,-82425122.06324561,0.043333333333333335
2022-05-16,143.39999389648438,148.89999389648438,141.64999389648438,148.25,130.72076416015625,16286682,4.998900037877835,0.028045656134843888,154.1499984741211,145.5859994506836,43.997640459618864,0.5815536570507049,36.16201699371124,166.327976464514,147.0370198733766,12.312132380182385,153.00646438720833,155.81362892491546,0.02844263806531888,4.956019997119013,0.004335178119256258,1122328084,32.592622733410494,13.263962147100552,162.03583272298175,151.71083272298176,156.87333272298176,17041956.38293017,0.0505578822076766
2022-05-17,147.5,150.75,146.3000030517578,150.5,132.70474243164062,13925542,5.01396308418893,0.015063046311095007,153.4499984741211,145.97699951171876,47.72190869240367,0.35585820426223336,34.591584025639484,165.56440175592874,146.53059488713765,12.197444415015392,152.7677534931885,155.44351334483167,0.015177065767284947,4.919875493627811,-0.142642712648454,1136253626,43.70373384452161,26.609644424701504,161.23083267211913,151.3858329772949,156.30833282470704,26568965.12764339,0.030169470835540255
2022-05-18,150.5,150.89999389648438,147.1999969482422,148.5,130.9412078857422,17611218,5.000584958242754,-0.0133781259461756,152.43499908447265,146.30499938964843,44.8657537945176,0.015431758866554901,33.08442128671082,165.25078761343096,145.629209639987,12.62324893643714,152.3613007795515,154.96209993996067,-0.013289036544850474,4.832741311814552,-0.09754296626595946,1118642408,33.82719063464506,36.70784907085902,160.40833206176757,150.8783332824707,155.64333267211913,-14625302.290785534,0.024584697330512873
2022-05-19,147.5,148.5500030517578,145.75,148.0,130.5002899169922,11701170,4.997212273764115,-0.003372684478639698,151.3949996948242,146.6609994506836,44.15427590116506,-0.2913460175416276,32.047994963436395,164.84690142107118,144.7830958323468,12.959859036075944,151.9459388005466,154.28086180454406,-0.0033670033670033517,4.6875457218105,-0.06564658313339064,1106941238,31.358054832175927,36.29632643711415,159.66499913533528,150.27499974568684,154.9699994405111,-8775490.763595179,0.018983071537341103
2022-05-20,150.9499969482422,150.9499969482422,147.64999389648438,149.60000610351562,131.9111328125,17841739,5.007965106339277,0.010752832575162685,150.4550003051758,147.05199951171875,47.04805058741691,-0.4007429792044661,30.28261896759908,163.74788549240898,144.5721126765363,12.438877095066164,151.72251663892462,153.5809770761119,0.01081085205078125,4.588435531092451,-0.08955591304179925,1124782977,39.25931954089506,34.81485500257198,159.03999989827474,149.6249989827474,154.33249944051107,16106097.277023448,0.02186156421645586
2022-05-23,154.39999389648438,155.35000610351562,148.39999389648438,150.14999389648438,132.39610290527344,26055890,5.011634753779884,0.003669647440606383,149.56999969482422,147.37999938964845,48.04465119161837,-0.43801230780084666,28.804611906656152,162.92777216185883,144.36222570191072,12.083404334025053,151.572752568216,153.23442618625376,0.0036763888404403033,4.757119579373795,-0.10330829685520258,1150838867,41.97530864197531,37.53089433834873,158.7400006612142,148.94499791463215,153.8424992879232,14922313.38229883,0.04501303420834849
2022-05-24,150.14999389648438,151.85000610351562,146.3000030517578,146.89999389648438,129.5303955078125,16581141,4.989752041631052,-0.021882712148832084,148.71499938964843,147.68799926757814,42.905756155643054,-0.7214795902305013,26.845359003043022,162.83989775839905,143.53009888466738,12.605541720998465,151.127727932813,152.37839041375702,-0.021645022524879987,4.813754113115509,-0.11238958077233006,1134257726,26.785705944542105,36.006778042470785,158.28666763305665,148.48666458129884,153.38666610717775,-30951701.03923372,0.036963058790292505
2022-05-25,148.39999389648438,153.14999389648438,147.39999389648438,152.64999389648438,134.60047912597656,19926619,5.028147679197161,0.03839563756610964,148.7249984741211,148.08199920654297,52.571462608942234,-0.47665789310011064,25.361360799852243,162.46351065275434,143.47148537996048,12.41572590195792,151.27270564363883,151.4433831737375,0.03914227528186176,4.916343105035829,-0.063735766923799,1154184345,56.12243150285012,41.62781536312247,158.14750086466472,148.01749750773112,153.0824991861979,66068139.15358876,0.03874663232136574
2022-05-26,153.14999389648438,155.10000610351562,150.60000610351562,154.14999389648438,135.9231414794922,22698086,5.037926114737506,0.009778435540344965,149.28499755859374,148.52599914550783,54.72478896954154,-0.15975590368910275,24.46240711228875,162.3260688388262,143.45892719388866,12.340135644143249,151.54673309629078,150.98356960781797,0.009826400654933343,4.886604311818985,0.0042769742083244066,1176882431,63.77549034414787,48.89454259717999,157.97583389282227,147.83583145141603,152.90583267211915,44720799.051196255,0.0293829590554316
2022-05-27,155.0,155.0,149.5,150.4499969482422,132.66061401367188,10245727,5.0136307827918545,-0.02429533194565181,149.91499786376954,148.89199920654298,48.83504389615279,-0.2048067408628924,23.292785667322534,161.37770092909213,143.4822951036227,11.740081387096161,151.4422820345719,150.32165466223853,-0.024002576028169242,4.930418289546201,-0.07558137580395799,1166636704,44.897960772468174,54.93196087315534,157.6733334859212,147.46833165486652,152.57083257039386,-10365839.4046163,0.035483870967741936
2022-05-30,150.0500030517578,152.5,148.8000030517578,150.89999389648438,133.05740356445312,12513990,5.016617325326383,0.002986542534528347,150.17999725341798,149.2889990234375,49.54625527048156,-0.20187180840866858,21.99284690360181,160.96307101777086,143.36692470976823,11.563859333640005,151.39063554523023,149.7576740446098,0.002991006695713061,4.842531050881628,-0.01109304656828224,1179150694,60.45750428093719,56.376985132517696,157.24833323160806,147.20333201090494,152.22583262125653,298891.73868340114,0.02465842634448945
2022-05-31,151.10000610351562,158.0,150.35000610351562,156.0,137.55438232421875,124665699,5.049856007249537,0.03323868192315427,150.72999725341796,149.7539990234375,56.8644972096059,0.2095662672522849,22.07297696582035,160.7290134292967,143.45098229824234,11.360399351527839,151.82962263616068,151.43776632927757,0.033797258514232764,5.043064111281824,0.09586825696568971,1303816393,87.76758866426384,64.37435123922303,157.2883326212565,147.01333262125652,152.1508326212565,423963514.44558895,0.05062868026122723
2022-06-01,156.4499969482422,160.1999969482422,156.25,156.8000030517578,138.25979614257812,16084988,5.054971127379049,0.005115120129511652,151.55999755859375,150.23199920654298,57.8961667902201,0.5933477236254134,22.5626229239268,160.3896664242641,143.60533021880232,11.042508193099634,152.30299219955086,151.78240646948925,0.005128224690755134,4.9828450282075645,0.0944473478258681,1319901381,81.67119494806666,76.63209596442253,157.1791664123535,146.96916580200195,152.07416610717775,149899864.47352153,0.025247663952009863
2022-06-02,155.5,159.3000030517578,154.25,159.0500030517578,140.24375915527344,17646975,5.069218637382565,0.014247510003515984,152.66499786376954,150.75499938964845,60.74016786913473,1.0667565829077716,22.38257613170755,160.5254937632274,143.53450379536636,11.17607715864484,152.9455646616658,152.4707846876136,0.014349489516638059,4.9876420298897255,0.15085893586779736,1337548356,93.8005730065074,87.74645220627924,157.18500010172528,146.84499918619792,152.01499964396157,76437083.99117385,0.032475903869825164
2022-06-03,159.0,159.4499969482422,154.6999969482422,155.0,136.67262268066406,14063328,5.043425116919247,-0.025793520463317954,153.20499725341796,151.19799926757813,53.707779697705234,1.102427023140791,22.247006271448306,159.83383742515076,143.826160133443,10.543158414284669,153.14122517007857,152.92770887327126,-0.025463709362142373,4.970667599183316,0.10769432330842948,1323485028,64.01385434981178,79.82854076812858,157.10333302815755,146.71833241780598,151.91083272298175,-12491986.21485611,0.029874213836477988
2022-06-06,155.8000030517578,158.64999389648438,154.60000610351562,155.1999969482422,136.84896850585938,18485464,5.04471458808573,0.0012894711664834801,153.70999755859376,151.63299926757813,53.99106350018062,1.1337648508396683,22.08705317780426,159.11707204267145,144.1629252107465,9.861611030963848,153.33729867276082,153.25045045433933,0.0012903028918851422,4.904904755882276,0.0494171405134494,1341970492,65.39791656766931,74.40411464132946,157.0083320617676,146.60333328247071,151.80583267211915,-1699304.4803914903,0.02599478635198304
2022-06-07,155.1999969482422,157.6999969482422,153.5,157.25,138.6565704345703,14911957,5.05783689558055,0.013122307494819907,154.7449981689453,152.06999938964844,56.90233868195401,1.30892988976575,21.55453151190687,159.42840331513918,144.03159424345455,10.147504907108376,153.70993689440266,153.60116036101687,0.01320878280971538,4.854554198193698,0.10987103101912123,1356882449,79.58479189436058,69.66552093728052,156.83499857584633,146.68500010172525,151.7599993387858,19813270.078323685,0.027061836538842518
2022-06-08,156.10000610351562,159.75,156.10000610351562,157.0500030517578,138.480224609375,16416591,5.056564245416415,-0.0012726501641351362,155.18499908447265,152.51599945068358,56.526547084242964,1.415296703426236,21.563045697203318,159.99172324190644,143.91827431668733,10.577769112133375,154.0280384331984,153.99860415687257,-0.0012718406883446276,4.7685141766430315,0.1000144612751934,1340465858,77.33816345573302,74.10695730592094,156.8949986775716,147.07000020345052,151.98249944051105,4415577.959081122,0.023382407134974297
2022-06-09,155.3000030517578,158.0,154.6999969482422,155.14999389648438,136.80490112304688,13821409,5.044392351554939,-0.01217189386147588,155.28499908447264,152.92299926757812,52.94895091170373,1.3309361068315582,21.07384595366144,160.2772533772268,144.29274326583962,10.496444356020957,154.13489133446373,154.31540872465277,-0.01209811600352062,4.663620524865515,0.0976881259843196,1326644449,63.66902684011197,73.53066073006849,157.114998626709,147.45999984741212,152.28749923706056,-16035343.106158748,0.021249214339409895
2022-06-10,154.10000610351562,156.60000610351562,154.0,155.25,136.89308166503906,7908849,5.045036720813588,0.0006443692586488581,155.76499938964844,153.34099914550782,53.11714410459431,1.2576519541465814,20.374769825656585,159.99308377312147,145.6869134802965,9.360226656220956,154.2410921597529,154.57992441325314,0.0006445769091190101,4.516219494769095,0.14308320978765865,1334553298,64.388495526648,68.46522860749762,157.38999913533527,148.12499974568684,152.75749944051108,-4817825.5875306185,0.01687219987369169
2022-06-13,154.0,154.89999389648438,147.75,148.89999389648438,131.29388427734375,19208167,5.00327489869926,-0.041761822114327884,155.56499938964845,153.61299896240234,42.683588250592955,0.6793501857608533,19.887268631474154,159.94734900316405,145.79764763990238,9.255884164005044,153.73241613467968,154.65677040237455,-0.04090181065066423,4.72934667371416,0.08105962541811224,1315345131,11.718747206032942,46.59208985759759,157.5974988301595,148.3425000508626,152.9699994405111,-82920593.65407515,0.046428531795353084
2022-06-14,148.89999389648438,152.4499969482422,148.89999389648438,151.39999389648438,133.498291015625,17034328,5.019925300689506,0.01665040199024581,155.10499877929686,153.94099884033204,47.090008081393826,0.4179530716608042,19.434588951161896,159.9426895779063,145.89230645480856,9.188211490090412,153.510280683423,154.68080594709565,0.016789792494807054,4.64510784357442,0.0680717875653352,1332379459,29.3172272383546,35.14148999034514,157.63916549682617,148.47416610717772,153.05666580200196,750348.7819749452,0.023841525837978092
2022-06-15,152.5500030517578,153.6999969482422,147.5500030517578,148.14999389648438,130.63259887695312,15172295,4.998225232821358,-0.0217000678681476,154.23999786376953,154.04499877929686,42.51418929707523,-0.050867494333942886,19.341192547362702,159.97071569420353,145.82927972815975,9.248813719903422,152.99977717990504,154.54775804293786,-0.021466315264332847,4.752599704496561,0.052343416894050414,1317207164,4.74301291871223,15.259662454366554,157.80833206176757,148.39833297729493,153.10333251953125,-32623189.572675016,0.040314610117692225
2022-06-16,150.10000610351562,150.14999389648438,142.0,142.9499969482422,126.04741668701172,18494040,4.962494897419893,-0.03573033540146575,152.62999725341797,154.01799865722657,36.41677210045223,-0.8324119394108891,20.365020888470987,160.69352359694238,144.60147152024513,10.541969134161745,152.04265525308,154.09966375107038,-0.03509954210241506,4.995270718209976,0.003131279671166909,1298713124,5.219764327125017,13.09333482806391,157.9558314005534,148.01083323160807,152.98333231608072,-74987030.89800431,0.05429709237229329
2022-06-17,141.10000610351562,144.4499969482422,139.5500030517578,140.4499969482422,123.84304809570312,21387729,4.944851531821824,-0.017643365598068783,151.17499694824218,153.8449984741211,33.8995175743178,-1.6346771093211885,21.70799959966616,161.77121162345298,142.60878257820718,12.591122550945421,150.93859255738116,153.42054891515716,-0.01748863276230206,4.988465230943861,-0.03473324337345961,1277325395,4.358325242108655,4.7737008293152625,157.63999760945637,147.5350003560384,152.5874989827474,-60641891.966001436,0.03472709911075112
2022-06-20,140.4499969482422,141.39999389648438,135.0,137.25,121.02140045166016,16578770,4.92180408038964,-0.02304745143218412,149.37999725341797,153.5299984741211,30.950436579190182,-2.499874054730924,23.572411514684994,163.1184132096069,139.9715816024048,15.273900163915787,149.6349170757258,151.53915512528573,-0.022783887630993926,5.089288707053898,-0.017023602648812263,1260746625,8.928572509834957,6.1688873596895055,156.9416633605957,146.89166793823242,151.91666564941406,-55581972.9257399,0.04556777526198782
2022-06-21,138.1999969482422,141.25,137.75,139.9499969482422,123.40213775634766,51398446,4.941285194155404,0.019481113765764668,147.64999694824218,153.25899841308595,36.00881944316375,-2.933861944240874,25.303651150059626,163.68887556062586,138.70611955656162,16.523260244027945,148.71254373025118,148.83093134422015,0.019672108912511366,5.011482370835763,0.0401719292383327,1312145071,19.999987669665405,11.095628473869633,156.40416310628254,146.55916798909504,151.4816655476888,73989773.92101394,0.02532561560989613
2022-06-22,139.9499969482422,139.9499969482422,136.5500030517578,137.64999389648438,121.3741226196289,8317317,4.924714187247782,-0.01657100690762192,145.70999603271486,152.97099822998047,33.741244351016974,-3.4239226487636074,27.066487317722117,164.23406879158384,136.66092632560364,18.327418477161096,147.65896755560672,147.8702646570764,-0.01643446303616869,4.896376051239235,-0.001246162155127214,1303827754,10.707046046401516,13.211868741967256,155.63582967122395,146.025835164388,150.830832417806,11910021.652046558,0.024294347771524404
2022-06-23,137.89999389648438,139.14999389648438,135.64999389648438,136.5,120.36009216308594,11257409,4.916324614625014,-0.008389572622768071,143.8449966430664,152.63899810791017,32.634662047040536,-3.8605916865136294,28.81967396871013,164.50217180397087,134.62782392356817,19.974157260787436,146.59620874078703,146.9079071273605,-0.008354478368878038,4.796634904722147,-0.043700149259265526,1292570345,6.0606060606060606,12.255879925557622,154.77666269938152,145.26666819254558,150.02166544596352,-4660627.2094699945,0.025380711783260124
2022-06-24,137.89999389648438,137.89999389648438,134.9499969482422,136.60000610351562,120.44827270507812,21879039,4.917056991818355,0.0007323771933407386,141.97999725341796,152.31899810791015,32.84093530095595,-4.150738261262262,30.53934857126763,164.8306467244222,132.91434991864423,21.43867884640821,145.6441894419993,145.33601785349128,0.0007326454470009125,4.664732193545007,-0.022244203805236673,1314449384,6.653261904161281,7.806971337056248,153.89082921346028,144.6358350118001,149.26333211263022,-94850.77711906726,0.021392292087094825
2022-06-27,137.25,139.0500030517578,136.75,138.5,122.12361907958984,12872030,4.930870325627393,0.013813333809038042,140.93999786376952,152.00999816894532,36.80035421756068,-4.179192751032247,31.64646035580688,164.80002105718341,131.70497619623455,22.323431421065102,144.96379044752314,144.3254777695235,0.013909178708561454,4.5065368188805195,-0.011246176212582839,1327321414,14.3145266730368,9.009464879268009,153.18916295369468,144.07416814168295,148.63166554768878,16272902.031202825,0.016757763582934883
2022-06-28,138.5,139.3000030517578,137.14999389648438,138.60000610351562,122.21179962158203,14272044,4.931592130792711,0.0007218051653179458,139.65999908447264,151.51799835205077,37.01085393590949,-4.145882331613933,32.566120353341155,164.03849687818956,130.72650098557995,22.60240946790114,144.35771574809385,143.10853201237396,0.0007220657293547372,4.338213414337156,-0.1717933538321421,1341593458,15.835178620486493,12.267655732561487,152.0924969991048,143.5275006612142,147.8099988301595,6375828.350163312,0.01552353180702843
2022-06-29,137.8000030517578,143.10000610351562,136.8000030517578,141.75,124.98932647705078,53487394,4.954064942607862,0.022472811815150706,139.0199996948242,151.1399984741211,43.405003645492116,-3.8212563379727555,31.91970473283677,162.87082307311596,130.38917448547778,22.15211679605112,144.109361867323,142.0218707121014,0.022727227689526508,4.478341245581489,-0.045445206716996096,1395080852,31.408776795373733,20.519494029632302,151.3499974568685,142.55000050862628,146.9499989827474,114448585.87595776,0.04571845364467463
2022-06-30,142.3000030517578,143.9499969482422,141.14999389648438,142.89999389648438,126.00332641601562,19270932,4.962145042224025,0.008080099616162961,139.01499938964844,150.78799835205078,45.577052768935346,-3.431635247645744,31.021016972221407,161.08969950069906,130.55529714236735,20.939431644494583,143.99418396533838,141.71432582650618,0.00811283172123023,4.358459946022655,-0.07394643178773432,1414351784,39.84961485892693,29.03119009159568,150.49416376749673,141.91916681925457,146.20666529337566,52923831.41169621,0.01967676030716167
2022-07-01,142.0,143.1999969482422,139.75,140.64999389648438,124.01937866210938,9592229,4.946274491540802,-0.015870550683223072,139.03499908447264,150.34699829101564,42.16718249810509,-3.266756783741158,30.512656732779796,159.92167301742273,130.28832301529212,20.422005035822473,143.67568967306656,141.11638100640744,-0.015745277089583953,4.293569731895478,-0.05464496972924512,1404759555,30.399983723958332,33.88612512608629,149.66999689737955,141.22500025431316,145.44749857584637,3252933.6372320727,0.024295753156635125
2022-07-04,139.35000610351562,142.1999969482422,139.35000610351562,141.39999389648438,124.68070220947266,17526429,4.9515927102975805,0.0053182187567788475,139.4499984741211,149.96599822998047,43.679766469324356,-3.0405214426906753,30.133655396358925,158.5568883902732,130.27310733726588,19.585071821756454,143.4589567419635,140.53569655255902,0.005332385585114174,4.190456954240555,-0.00043669800590534995,1422285984,34.399983723958336,34.88319410228116,148.85166371663414,140.52666676839192,144.689165242513,9847525.71241069,0.020452032435574186
2022-07-05,141.39999389648438,144.25,140.1999969482422,140.85000610351562,124.19573974609375,11370649,4.947695537655825,-0.0038971726417553754,139.53999938964844,149.66099822998046,42.79582598214714,-2.872495384694872,29.009673754299808,156.51389312742748,130.67610321046317,17.993516658961273,143.21048525258752,140.09578757561138,-0.0038895885198649838,4.180424532634645,-0.0519623083673114,1410915335,38.81585749894343,34.538608315619996,148.1249974568685,139.81499989827475,143.9699986775716,-886636.8612846523,0.028642172748060548
2022-07-06,141.5,142.0,136.10000610351562,138.9499969482422,122.52040100097656,15929985,4.93411413422552,-0.01358140343030545,139.6699996948242,149.2999981689453,39.7993806488432,-2.859683729025477,28.924617038048748,154.16734602123122,131.21264970630781,16.087109579214484,142.8047244616975,139.71525407270335,-0.013489592282140528,4.303250915766768,-0.032572549998748764,1394985350,42.10526315789474,38.440368126932135,147.3066640218099,138.77166646321615,143.03916524251304,-20473623.84934057,0.041696069939818906
2022-07-07,140.0,142.75,139.5,140.4499969482422,123.84304809570312,18144208,4.944851531821824,0.010737397596304099,140.06499938964845,148.99599822998047,43.181691326311324,-2.6973989990391942,28.572097071382196,151.93106147937058,131.97893455334426,14.055247934086298,142.5804646985113,139.6573643926633,0.010795250327056527,4.267304639766129,-0.02560353250860432,1413129558,59.139765539758976,46.68696206553235,146.55166397094726,138.02166671752929,142.2866653442383,11319666.716886476,0.023214285714285715
2022-07-08,141.0,144.1999969482422,141.0,143.6999969482422,126.70872497558594,15375888,4.967727771847973,0.022876240026149297,140.7749984741211,148.67599822998048,49.767030857478396,-2.2802539940751103,27.724738406672138,149.3427602711579,133.41223545638113,11.268076642668653,142.68708681753327,139.94342222347564,0.023139907943164006,4.230354308354263,0.002876083734684051,1428505446,94.08599063143474,65.11033977636278,145.96582997639976,137.37583363850914,141.67083180745442,37087646.23896216,0.02269501381732048
2022-07-11,144.0,147.0,143.60000610351562,144.8000030517578,127.67868041992188,16779135,4.975353501027291,0.007625729179317808,141.40499877929688,148.44799835205077,51.80315789472954,-1.8396954093461773,26.03075083232872,148.54151623501434,133.80348040805205,10.439735785786743,142.88831693507845,140.35859604643247,0.007654879101436807,4.171042850363557,0.0238562332150898,1445284581,81.74276853879087,78.32284156999482,145.5091636657715,137.29416732788087,141.40166549682618,24667316.02079582,0.023611068725585938
2022-07-12,144.0500030517578,148.10000610351562,144.0500030517578,147.10000610351562,129.7067413330078,19138561,4.991112669099679,0.015759168072388086,142.25499877929687,148.23999847412108,55.834223726966684,-1.290087210237715,24.212040153764672,147.2997589874937,134.61523887627584,8.998826034326443,143.28943018921532,140.8846619613889,0.01588399864146206,4.162397150463147,0.030757979333395698,1464423142,92.39544255679108,89.40806724233886,145.30916417439778,137.04416783650714,141.1766660054525,37568271.144433975,0.02811525835443841
2022-07-13,147.75,149.35000610351562,147.5,148.60000610351562,131.02938842773438,13644449,5.001258173357114,0.010145504257435434,142.93999938964845,148.03899871826172,58.28466645991152,-0.7251225276286561,22.88622249355912,147.42650432495662,134.53349475951603,9.145275647116147,143.7951993239106,141.44885355417225,0.010197144376353329,4.025797354001494,0.06913310582877918,1478067591,94.79166997803371,89.64329369120519,145.0283317565918,137.19333419799804,141.11083297729493,26167206.04814466,0.012521191901967006
2022-07-14,149.0,149.3000030517578,147.0,148.3000030517578,130.7648468017578,9775869,4.999237269722158,-0.002020903634956106,143.4800003051758,147.8369989013672,57.59637412945313,-0.2981547430737521,21.492541843686812,148.40372165647491,134.09127803834932,10.132882800465246,144.22422825037225,142.15538044089098,-0.0020188629840891537,3.9025263324126596,0.11162109186343964,1468291722,92.07544866597877,93.0875204002678,144.89416580200196,137.64416732788087,141.2691665649414,6767208.326991824,0.015436262092334311
2022-07-15,148.4499969482422,150.14999389648438,148.14999389648438,149.75,132.0434112548828,11518139,5.0089672369955585,0.009729967273400142,144.39000091552734,147.6519989013672,60.05188044099423,0.15543122352366368,20.46027303761679,149.75475774313364,133.67024225686637,11.350103545041732,144.75049222652729,142.70483247513553,0.00977745730548718,3.766631594383184,0.17014315450390996,1479809861,97.15306587892873,94.67339484098038,145.1424992879232,138.18250020345053,141.66249974568683,13389913.708616823,0.013472549956988614
2022-07-18,151.39999389648438,151.5500030517578,149.3000030517578,149.8000030517578,132.08746337890625,8286352,5.009301091455334,0.0003338544597752957,145.2300018310547,147.46799896240233,60.13760702783273,0.5130223955162876,19.9204262249248,150.8371551890362,133.84284511613959,11.939237076492047,145.23139801940638,143.22350308952522,0.0003339101953776513,3.6583007662129563,0.1749486160834942,1488096213,88.67313692123994,92.6338838220491,145.5516665140788,139.00666681925458,142.27916666666664,4739533.161498577,0.014861295182999652
2022-07-19,149.8000030517578,151.1999969482422,149.25,150.75,132.92515563964844,6798359,5.015622835607295,0.006321744151961184,146.22000122070312,147.3739990234375,61.814214152255225,0.8631232424299071,19.399627975758353,152.0472485006593,133.71275210969225,12.832094311174835,145.7569791604153,144.21644002810092,0.0063417685506586,3.5362790649293303,0.1693868890164887,1494894572,94.82198569722803,93.54939616579885,146.01166636149088,139.62166697184244,142.81666666666666,5885457.922536066,0.013017335837893398
2022-07-20,152.10000610351562,152.25,150.14999389648438,150.5500030517578,132.74880981445312,7271345,5.014295275198469,-0.0013275604088258675,147.3800018310547,147.3339990234375,61.230338396142265,1.1116284429448342,19.239777270756882,152.94145084431608,134.1085506815628,13.121686161047036,146.21345762625745,144.65292573837803,-0.0013266795903296158,3.4336881391140657,0.16496752884810545,1487623227,89.47369912868974,90.98960724905254,146.59333368937175,140.33333307902018,143.46333338419595,992321.4344346295,0.013806745688664938
2022-07-21,151.0,151.25,150.0,150.85000610351562,133.01333618164062,7521568,5.016286006065895,0.0019907308674262936,148.42000274658204,147.37999908447264,61.81302407582986,1.317589986588871,19.025085934860734,153.5951113394449,134.88989079678558,12.967898091164004,146.6550336717106,145.09186011628515,0.001992713687655412,3.2777104148916325,0.194323240244148,1495144795,91.3313038663802,91.8756628974326,147.16083399454754,141.12583338419597,144.14333368937176,1835102.7141474807,0.008278145695364239
2022-07-22,151.0,151.39999389648438,148.14999389648438,148.9499969482422,131.3379669189453,6800124,5.003610658670819,-0.012675347395076031,148.94500274658202,147.4759991455078,56.065836820386906,1.3123729159566437,18.03569334386538,153.73111405705194,135.98888716365119,12.247844000169714,146.87360160280883,145.69762714158423,-0.012595353519373576,3.2757310995422304,0.18376667219342752,1488344671,79.5665368488085,86.79051328129277,147.82666727701823,141.76166636149088,144.79416681925454,-8001830.999947259,0.02152317880794702
2022-07-25,149.1999969482422,150.4499969482422,147.35000610351562,150.10000610351562,132.35203552246094,7996687,5.011301779302411,0.007691120631591275,149.47500305175782,147.51299926757812,58.576303683519065,1.3850682728226786,16.798196697374067,154.08596311352213,136.79403871753257,11.889386886096649,147.18087822192376,146.1431619626143,0.0077207732718049815,3.263178224198254,0.1850442444913239,1496341358,86.68733926300493,85.86172665939783,148.42666676839195,142.2816670735677,145.35416692097982,3463565.174588299,0.020777418955323146
2022-07-26,150.0,150.9499969482422,149.14999389648438,150.0,132.26385498046875,5774871,5.0106352940962555,-0.0006664852061550874,149.76500244140624,147.50299926757813,58.264510848236185,1.4182613758096352,15.846026779626825,154.27163944566527,137.74836177503786,11.316538320359387,147.44936601031196,147.02150641403568,-0.0006662631542243558,3.15866571188108,0.17182757269939905,1490566487,82.3529411764706,82.86893909609462,148.9933329264323,142.88333384195965,145.93833338419597,769506.8268525125,0.012000020345052083
2022-07-27,149.5500030517578,150.5500030517578,149.0500030517578,149.6999969482422,131.99929809570312,5403197,5.008633271039758,-0.0020020230564972152,149.8750015258789,147.52699920654297,57.279530719721805,1.4041729780004175,14.917934122082661,154.57550788216543,138.2394930333619,11.157908438930164,147.66371181392435,147.90761652636988,-0.0020000203450520893,3.0401895896038598,0.07340711795676844,1485163290,77.33330620659723,82.12452888202421,149.21416600545246,143.58416722615559,146.39916661580406,-824148.1172149337,0.010030090066135703
2022-07-28,150.0500030517578,150.9499969482422,149.0500030517578,150.35000610351562,132.5724334716797,6030744,5.012965950029919,0.004332678990160765,150.0800018310547,147.57399932861327,58.90072839977541,1.4289856704166937,14.229406551776062,154.95370696960853,138.60629516662195,11.137356372821081,147.919549365314,148.58031620022413,0.004342078614057554,2.958747040095325,0.06604853228730502,1491194034,78.03473714291762,79.24032817532844,149.5416659037272,144.00166803995768,146.77166697184245,2338643.1696685897,0.01266240491730611
2022-07-29,150.9499969482422,154.4499969482422,150.4499969482422,152.9499969482422,134.86505126953125,11771461,5.030111050644262,0.017145100614342823,150.4000015258789,147.6409991455078,64.67525084590756,1.6395477541350658,14.87882520797186,155.48171499458434,139.30828744682194,10.972846713807467,148.39863961130715,149.40509990223725,0.01729292144448924,3.040264454711842,0.09919316612401326,1502965495,85.57691461235316,80.31498598728929,150.13999938964844,144.5450012207031,147.34250030517578,21183341.609260052,0.026498841211447802
2022-08-01,152.89999389648438,157.6999969482422,151.0,156.5,137.99526977539062,14221965,5.0530560099802075,0.022944959335945647,151.07000122070312,147.76799926757812,70.72365030546104,2.069024869392166,16.35820714812066,156.66510668131468,139.63489637044313,11.495248150839005,149.1701977435636,150.52640152306512,0.02321021982732785,3.3016739185354385,0.10724750862460587,1517187460,88.78507205145208,84.13224126890758,151.0366663614909,145.05666758219402,148.04666697184246,40719793.30441522,0.0438194716526816
2022-08-02,157.10000610351562,160.10000610351562,156.5500030517578,159.5500030517578,140.6846466064453,18278835,5.072357371851534,0.01930136187132625,151.95000152587892,148.0209994506836,74.72740489716402,2.62523624451282,18.25125728162708,158.26890780106933,139.9010949455127,12.320362669860943,150.15875063005828,151.92216760029234,0.019488837391423708,3.322983360319738,0.19377347348226073,1535466295,95.80150537784705,90.05449734721738,151.8599998474121,145.93000106811525,148.89500045776367,50740266.12319008,0.022597090476359757
2022-08-03,160.0500030517578,160.9499969482422,157.1999969482422,159.64999389648438,140.77279663085938,10147608,5.072983880930188,0.0006265090786543581,152.86000061035156,148.1609994506836,74.84884248933793,3.0390736428959144,20.17755500301732,159.1665137532478,141.07348868815845,12.052374712207333,151.06267856019412,152.78991419813835,0.0006267053764588137,3.353484548868328,0.215399514000932,1545613903,90.44114759634641,91.6759083418818,152.76499989827477,147.0500005086263,149.90750020345052,17589867.30497938,0.023430177622597765
2022-08-04,159.6999969482422,160.5,153.0500030517578,154.6999969482422,136.40809631347656,15754128,5.041487737852079,-0.03149614307810911,153.24499969482423,148.17199951171875,59.58483903168232,2.933800353531211,20.116488049202083,158.91348133752433,142.75152110388194,10.715170870231523,151.4090898352463,153.4828440260785,-0.03100530621662112,3.646092577395032,0.212082212508185,1529859775,54.04408671037116,80.09557989485484,153.73416646321613,147.5991673787435,150.66666692097982,-46125301.246484734,0.04664995047342854
2022-08-05,154.39999389648438,157.14999389648438,153.0,155.60000610351562,137.20167541503906,33864055,5.0472886509699695,0.005800913117890438,153.91000061035157,148.27499969482423,61.13668938831361,2.8896832605347242,20.040106594807998,159.0601574804597,143.7948458764739,10.080937369223316,151.80822471793863,154.03416680541773,0.00581777099565528,3.6820855287585563,0.1870639778800323,1563723830,60.66180554231007,68.3823466163425,154.39583307902018,148.1658342997233,151.28083368937175,4943539.274293905,0.026878199873937098
2022-08-08,155.5,160.0,154.9499969482422,159.39999389648438,140.5523681640625,16964235,5.071416728065552,0.024128077095582512,154.83999938964843,148.44499969482422,66.91336618975046,3.1253206525203723,20.686868857085233,159.90690223554924,144.408100205857,10.186025601992078,152.5312503539906,154.59413314591487,0.024421514421026025,3.779793923258503,0.26232276436429086,1580688065,88.60291106476126,67.76960110581412,155.12749989827475,148.73250020345054,151.93000005086262,44623770.36946678,0.032475903869825164
2022-08-10,156.89999389648438,157.14999389648438,155.0,155.75,139.96823120117188,14055597,5.048252157667562,-0.023164570397989692,155.41499938964844,148.43999969482422,57.99610079354627,2.983153048772209,21.287433814914095,160.12462434796112,145.0553774830936,9.875645045188604,152.83779793932484,154.85502101390992,-0.022898331469540123,3.8240939213460656,0.20796960406864543,1566632468,61.76470258243959,70.34313972983692,155.50999908447267,149.30500030517578,152.40749969482422,-19327305.3844738,0.013702957170940652
2022-08-11,156.1999969482422,156.85000610351562,152.85000610351562,153.64999389648438,138.08102416992188,15810624,5.034677248852994,-0.013574908814568687,155.80999908447265,148.37699951171874,53.57251973654363,2.6702502734894153,20.941864215856754,160.16071264190444,145.5242879684471,9.576148416986925,152.9151499352448,154.99089947229425,-0.013483185255316998,3.836658641249918,0.154482678950285,1550821844,46.323470838302725,65.56369482850116,155.91583201090495,149.49583384195964,152.70583292643227,-28577373.061751686,0.025608195122599292
2022-08-12,153.6999969482422,159.0,152.60000610351562,158.5,142.4395751953125,17998843,5.065754593317335,0.031077344464341294,156.6249984741211,148.3659994506836,60.97567711024135,2.781563397710812,21.19045061997262,160.75455640257212,145.95044390260364,9.653649262475788,153.44704041760247,155.34180224183922,0.03156528666563507,4.019754016623808,0.20666064287677846,1568820687,81.98530442987628,63.357825950206156,156.54583155314128,149.71583429972333,153.1308329264323,48670541.25022909,0.04163951869588876
2022-08-16,159.0,159.8000030517578,156.9499969482422,158.75,142.66424560546875,8309725,5.067330637772801,0.001576044455465997,157.2049987792969,148.4409994506836,61.31807599526355,2.857018826685305,21.620101178179677,161.3663243294586,146.2386759757172,9.835762317734243,153.95208418735461,155.72535957037258,0.001577287066246047,3.936200594258938,0.18967273080244243,1577130412,81.51262120485512,69.94046549101134,157.04583206176758,150.13083419799804,153.5883331298828,17608467.916743033,0.017924566688777517
2022-08-17,159.0,163.64999389648438,159.0,161.4499969482422,145.09066772460938,19674110,5.084195478302099,0.01686484052929771,157.6999984741211,148.5659994506836,64.89996753765692,3.0989620808505833,22.852457588141167,162.40666161042662,146.36333808439758,10.391763151786519,154.66617111696294,156.41603956878973,0.01700785479207667,4.005042972989327,0.20365299751152782,1596804522,84.93151830271994,82.80981464581707,157.72333145141602,150.56833419799804,154.14583282470704,41282847.27850174,0.0292452446319772
2022-08-18,161.4499969482422,162.64999389648438,159.89999389648438,160.8000030517578,144.5065460205078,9585888,5.080161375723459,-0.004034102578639676,157.8249984741211,148.63699951171876,63.378451012673345,3.2013515893135036,23.996788540248264,163.18959854621232,146.58540145378765,10.720165986554544,155.2503455869434,156.7972150457103,-0.004025976517625818,3.915397046347232,0.17387920461405554,1587218634,80.4795025213597,82.30788067631154,158.29916483561198,151.0641672770182,154.68166605631512,9607103.29791204,0.017033137516141286
2022-08-19,161.0500030517578,161.64999389648438,157.14999389648438,157.75,141.76559448242188,9599472,5.061011501421323,-0.019149874302136105,157.63499908447267,148.6509994506836,56.66531868175382,3.001783563731834,23.89667862680591,163.38890304374576,147.10609665107847,10.4882889635396,155.4884079119964,157.07491934401185,-0.01896768031015572,3.957154400179572,0.16236291436961683,1577619162,55.30306620813224,73.5713623440706,158.81249771118163,151.33750076293944,155.07499923706055,-16316578.1642051,0.027941632503749796
2022-08-22,157.3000030517578,158.9499969482422,156.0,156.5,140.64224243164062,11400211,5.0530560099802075,-0.007955491441115292,157.81499938964845,148.67799957275392,54.13454950147324,2.711503389116757,23.36465185155199,163.42996047732285,147.63003860714983,10.158761600126113,155.58475001561578,157.32222898610905,-0.007923930269413626,3.885214582184045,0.12045258957525348,1566218951,43.47828184746029,59.75361685898404,159.21999740600586,151.57500076293945,155.39749908447266,-14939035.221401699,0.018753953534708604
2022-08-23,156.4499969482422,159.1999969482422,155.64999389648438,158.64999389648438,142.57437133789062,14362373,5.066700479557627,0.013644469577419827,158.1199981689453,148.7459994506836,57.63895060931183,2.6246850629798644,22.73614121390435,163.41473381019674,148.61526496910014,9.48592692945813,155.87667800426993,157.50488931586435,0.013737980169229225,3.861270901439314,0.16709412091874679,1580581324,54.75108123484476,51.177476430145724,159.65166422526042,151.97666727701824,155.81416575113934,15606331.11888742,0.022690975525760142
2022-08-24,158.89999389648438,163.0,158.0,160.8000030517578,144.5065460205078,20602844,5.080161375723459,0.01346089616583157,158.25999908447267,148.98399963378907,60.859584389949575,2.6982647678462115,23.12274665235983,163.70492712223194,149.39507135188916,9.140757483284077,156.3455661040307,157.69428810569104,0.013551901909786945,3.9426086941936487,0.146261327734712,1601184168,74.20819915710632,57.47918741313708,160.31166458129883,152.4466667175293,156.37916564941406,34732979.18940941,0.03146633223445721
2022-08-25,161.35000610351562,161.9499969482422,158.4499969482422,158.89999389648438,142.79905700683594,12889454,5.068275035131621,-0.011886340591837907,158.5749984741211,149.13399963378907,56.75315189990272,2.573595546818325,23.48173741663992,163.54670795375023,150.4432899100193,8.346392007949305,156.58884494140725,157.74298580022446,-0.01181597710953941,3.910993787465531,0.11035645614854202,1588294714,57.013527173102524,61.99093585501783,160.88333104451496,152.84833348592122,156.8658322652181,-4749060.6745140795,0.021691973149071602
2022-08-26,159.0,164.6999969482422,158.89999389648438,163.39999389648438,146.84307861328125,30724938,5.096201145072685,0.027926109941064148,159.54999847412108,149.43899963378905,63.1030614811565,2.8055658659922926,24.419303040381386,163.89364289965118,151.46635465894258,7.881334561717594,157.23752579427173,158.45186760626257,0.0283196990110115,4.045923020629266,0.15803424904011296,1619019652,89.25616499681583,73.49263044234152,161.72666422526044,153.26166636149088,157.49416529337563,90591793.77516197,0.03647800661482901
2022-08-29,161.8000030517578,163.39999389648438,160.6999969482422,160.9499969482422,144.64132690429688,10928330,5.0810937387839115,-0.015107406288773717,159.7949981689453,149.79899963378907,58.10115508882769,2.75989538097258,25.28989969099846,163.58387906778256,152.83611757528382,6.793351625385811,157.59109447560226,159.12701187326263,-0.014993861932420138,3.9497854440301885,0.12048685257057273,1608091322,69.00824101338613,71.75931106110146,162.34499740600586,153.79999923706055,158.0724983215332,12347681.158798296,0.016687249056345766
2022-08-30,161.8000030517578,165.4499969482422,161.5500030517578,164.0,147.38229370117188,24663153,5.099866427824199,0.018772689040287283,160.31999816894532,150.2699996948242,62.12597125252992,2.935966949476608,26.5166125440075,164.1317507124123,153.39324623582988,6.763879744770356,158.20146643030682,159.712228242483,0.01895000378744105,3.989086483742318,0.12602823825342713,1632754475,88.71596901691767,82.3267916757065,162.89249725341796,154.3574996948242,158.6249984741211,54264354.996912666,0.024103793714001447
2022-09-01,161.5,164.25,160.3000030517578,160.6999969482422,144.4166717529297,14554158,5.0795392537530635,-0.020327174071135268,160.2449981689453,150.73899963378906,55.872244941748235,2.7772083400506062,27.073706384162016,164.29973682314983,153.6452598199166,6.702088169793872,158.43942171772923,160.0844699883838,-0.020121969827791575,3.9862943740637378,0.06310302235868889,1618200317,63.03499311869684,73.58640104966683,163.08916397094725,154.82916641235352,158.95916519165038,-13931058.87820603,0.02445818543803212
2022-09-02,163.0,166.39999389648438,161.25,161.8000030517578,145.4051971435547,25106698,5.086361023485688,0.006821769732624716,160.34499816894532,151.17599975585938,57.41120199089731,2.70892549089416,28.04043210993237,164.54952934535478,153.6204672977116,6.869951386336259,158.7594770828748,160.80517147689233,0.006845091004388237,4.10870170079077,-0.03419731908796463,1643307015,66.66670352367768,72.80588855309735,163.38999659220377,154.96999994913736,159.17999827067058,13767994.40001368,0.03159505457965874
2022-09-05,162.60000610351562,165.10000610351562,162.1999969482422,164.5,147.83163452148438,15226001,5.1029105702054265,0.016549546719738295,161.0199981689453,151.7129998779297,61.005930443747296,2.839940958327759,28.938105998147698,165.27951327335455,153.3754839800634,7.471421691732766,159.30619355117244,161.3390164153662,0.016687249056345665,4.050937511574131,-0.016694443205195482,1658533016,82.32563817223837,70.6757782715376,163.58083063761393,155.24583307902017,159.41333185831706,31996102.28929289,0.0178352339877971
2022-09-06,165.8000030517578,168.85000610351562,164.8000030517578,168.4499969482422,151.38134765625,27866331,5.126638951735863,0.02372838153043677,162.21499786376953,152.35199981689453,65.58276164841679,3.225323876452279,30.460261757136113,166.78973804031855,153.2402592130994,8.46763049933092,160.17703196994097,162.11398578901154,0.02401213950299197,4.072299553855666,0.07178922231569922,1686399347,96.96963041397518,81.98732403663037,163.97499771118163,155.97999954223633,159.97749862670898,84046649.03556874,0.024427038463283517
2022-09-07,168.5,170.14999389648438,166.64999389648438,167.3000030517578,150.34791564941406,19415892,5.119788626234008,-0.006850325501854826,163.0799987792969,152.96599975585937,63.25496823825776,3.3987688276684196,32.07673548876583,167.7584913975688,153.44150555067338,8.914686166203447,160.85541016820923,162.63897054945895,-0.0068269155079754285,4.031421014294547,0.013700118367507886,1666983455,80.3448907260237,86.54671977074571,164.5816645304362,156.65166575113932,160.61666514078775,13130111.481989715,0.020771513353115726
2022-09-08,168.0,169.1999969482422,165.9499969482422,166.8000030517578,149.89857482910156,11595205,5.116795508220556,-0.002993118013452367,163.67999877929688,153.53199981689454,62.22089771405164,3.4560402985338783,33.22706292152303,168.59210026520108,153.34789759856844,9.470213560157445,161.42156187140432,162.9154743789625,-0.0029886431014906067,3.975605227559222,-0.04129740068488846,1655388250,76.89661486395474,84.73704533465117,164.95166447957357,157.20166600545247,161.076665242513,511635.4939965727,0.019345238095238096
2022-09-09,167.64999389648438,169.35000610351562,165.9499969482422,166.60000610351562,149.7188262939453,16415150,5.1155957663684894,-0.0011997418520666159,164.45,154.09199981689454,61.78580453900435,3.4455718619044546,34.32241707969856,169.11571702899744,153.90928144512367,9.415020915226178,161.91474703636732,163.34948736848182,-0.0011990224495387336,3.934491222395952,-0.058497905046111784,1638973100,75.51732556573276,77.5862770519037,165.58083216349286,157.70583216349286,161.64333216349283,-2018108.105292972,0.020280401306622033
2022-09-12,167.4499969482422,168.10000610351562,165.5,166.39999389648438,149.5391082763672,15469466,5.114394491707326,-0.0012012746611631542,164.75,154.5849996948242,61.32396190646332,3.3821489293757168,35.093513378443944,169.12115542199044,155.17884305213065,8.59840421551675,162.34191340399752,163.8190065407751,-0.0012005534195898004,3.8391708567616427,-0.04450639219836957,1623503634,74.13793103448276,75.5172904880567,166.12166570027668,158.38666508992512,162.25416539510093,-2735424.059267579,0.01552705972469663
2022-09-13,166.9499969482422,168.9499969482422,165.64999389648438,167.39999389648438,150.43777465820312,15644741,5.1203861215947075,0.005991629887381222,165.3949996948242,155.0749996948242,62.82033194265916,3.3736876696523552,35.9860812942482,169.71208467956254,155.47791318420698,8.754372267820251,162.82363535566293,164.35883006691265,0.00600961560504687,3.8006588706899405,-0.08744554479390587,1639148375,77.36624377403417,75.6738334580832,166.4983324686686,159.0733309427897,162.78583170572918,9518019.313577473,0.019766415765679102
2022-09-14,165.0,173.0500030517578,165.0,172.35000610351562,154.8861846923828,38751148,5.149527328376367,0.029141206781659434,166.2300003051758,155.70899993896484,69.1774046901658,3.723484663083525,37.524656033048885,171.32972067893024,155.22027779519084,9.86644799204681,163.73090876022033,165.437471428413,0.02956996647259258,4.104183455051931,0.0016881445719786376,1677899523,95.20550235884059,82.2365590557858,167.3399991353353,159.39499791463214,163.36749852498372,131051776.86217555,0.048787897283380684
2022-09-15,174.39999389648438,176.14999389648438,172.64999389648438,175.10000610351562,157.35755920410156,29483891,5.16535727414912,0.01582994577275265,167.6700012207031,156.38300018310548,72.0378481654021,4.1744824822893065,39.359054739135296,173.46093806281647,154.45406132683195,11.592563177263752,164.81367993577226,166.60099706162572,0.015955903119308834,4.082455193474561,0.030327931485215693,1707383414,93.91311424365942,88.82828679217802,167.94583282470703,160.11583099365234,164.03083190917968,97737725.78739186,0.020068808041802083
2022-09-16,173.9499969482422,174.6999969482422,171.3000030517578,172.8000030517578,155.2906036376953,26126152,5.15213487403059,-0.013222400118529265,168.77000122070314,157.02200012207032,66.48083963316722,4.296779875175957,40.3744370399532,174.68268398586346,154.432315403785,12.305953007084607,165.5742821372947,167.6192536024514,-0.013135368198663011,4.062280040494794,0.02965287132793814,1681257262,78.86439886593918,89.32767182281303,168.5691660563151,160.67416483561198,164.62166544596352,-7480910.957995027,0.0195458117627678
2022-09-19,173.5,174.10000610351562,170.5500030517578,171.0,153.6729736328125,13304030,5.14166355650266,-0.010471317527930069,169.4200012207031,157.66300018310548,62.42247707076929,4.200040781426452,40.94317456910171,175.2098186894276,155.23018070022084,12.092747867153433,166.09101717183805,168.03338884660428,-0.010416684143336852,4.025688827013581,0.022045171391120166,1667953232,67.50790617524031,80.09513976161293,169.17333323160807,161.37333170572919,165.27333246866863,-18458500.053116668,0.02046111269024676
2022-09-20,171.89999389648438,173.14999389648438,170.89999389648438,171.89999389648438,154.48178100585938,15395199,5.146912876882604,0.005249320379943967,169.76500091552734,158.2920001220703,63.618357224646594,4.148178716454169,41.47128798902532,175.53681409383722,156.44318468545964,11.502879377423692,166.6442530503758,168.62598535637247,0.005263122201663029,3.898853910798325,0.036440952379385445,1683348431,73.18610438558068,73.18613647558668,169.87999979654947,162.14999796549478,166.01499888102214,3084223.4057360124,0.013089005700342937
2022-09-21,171.0,172.0500030517578,168.14999389648438,168.60000610351562,151.51617431640625,7370283,5.127529081768914,-0.019383795113689928,169.89500122070314,158.7900003051758,56.51620532027979,3.7970264630743316,40.61965018506338,175.47298465294247,157.50201534705755,10.794185332763673,166.83051524591292,169.01294237188097,-0.019197137348102244,3.898936428260833,-0.0027042659398534004,1675978148,49.32892023029516,63.340976930372015,170.48583374023437,162.72083129882813,166.60333251953125,-15186488.151904728,0.022807071083470395
2022-09-22,167.0,169.64999389648438,166.85000610351562,168.64999389648438,151.5611114501953,7447846,5.127825525317231,0.00029644354831681596,170.0800003051758,159.2670001220703,56.5952515322859,3.4826238496024473,39.26831440162626,175.51646077058993,158.24353831388274,10.350504856236844,167.00379892691973,169.56208949391356,0.0002964874920470262,3.8204400971685417,-0.0037085742497521587,1683425994,46.236547378276946,56.25052399805089,170.7649996439616,163.21999842325846,166.99249903361004,-4813961.7946941545,0.016766393969872756
2022-09-23,167.14999389648438,168.5,162.64999389648438,163.9499969482422,147.3373260498047,12264388,5.099561484676703,-0.028264040640528343,169.81499938964845,159.60399993896485,47.79740739589938,2.821680463123954,36.500297314960356,175.08952943333486,159.17546995631358,9.521822210569205,166.71296064323616,169.67965333716097,-0.027868349352725086,3.976122947370789,0.0035956313160676,1671161606,9.629652235243055,35.06503994793835,171.14583333333331,163.36583150227864,167.255832417806,-40033044.71293679,0.0349985421305999
2022-09-26,162.4499969482422,163.85000610351562,156.60000610351562,158.60000610351562,142.52944946289062,21951865,5.066385347684452,-0.03317613699225053,169.03500061035157,159.80399993896484,40.146926745393394,1.8449115264105274,35.382824956126555,175.54456901165477,158.2404315986968,10.368433201801173,165.94029830611993,169.06129125895083,-0.032631844735047544,4.2171135114676295,-0.06893029586302167,1649209741,10.230185415866654,22.032128343128846,171.08583374023436,163.16083221435548,167.12333297729492,-91639199.42076123,0.04462911748967226
2022-09-27,159.39999389648438,161.64999389648438,157.5,159.0,142.888916015625,8367800,5.0689042022202315,0.002518854535779269,168.19500122070312,160.0179998779297,40.908470084526655,1.0905204306832275,34.34517205149517,175.7513340270686,157.83866688845876,10.739330968823452,165.27931751506088,168.80658456674513,0.002522029515076518,4.21231925325454,-0.051438629743765105,1657577541,12.276191278991718,10.712009643367104,171.04333368937176,162.97333246866862,167.00833307902016,-28315020.522252444,0.02603509445037629
2022-09-28,157.8000030517578,159.4499969482422,155.0,157.9499969482422,141.94529724121094,14261815,5.062278507927057,-0.006625694293174611,166.75500030517577,160.18199981689452,39.48811650975672,0.40328476544974023,33.904407007944265,176.1844710820769,156.80052952827467,11.642531356230487,164.58128698488767,168.21030108039577,-0.006603792778350992,4.229296231467943,-0.057651303890694464,1643315726,13.947980139760448,12.151452278206236,170.76083374023438,162.63583221435547,166.6983329772949,-19421639.689821046,0.02820023360064578
2022-09-29,158.75,161.6999969482422,158.0,159.5500030517578,143.38320922851562,17623352,5.072357371851534,0.010078863924476877,165.2,160.37699981689454,42.75004291007709,-0.012107759059006185,32.7420453602116,176.27624581994834,156.59375540075476,11.825932254041412,164.10211708649436,167.65926560666333,0.010129826745358672,4.19506078636309,-0.03279476421217646,1660939078,21.513023001458784,15.91239814007028,170.64833374023436,162.54833221435547,166.59833297729492,12324433.94632918,0.02330706739050197
2022-09-30,160.0,161.5500030517578,157.39999389648438,159.64999389648438,143.47305297851562,12015533,5.072983880930188,0.0006265090786543581,163.88499908447267,160.55499969482423,42.956989942212104,-0.3294432848462634,31.798484450477385,176.4128610598408,156.242139245335,12.12711175001204,163.67810535411246,167.31643347707276,0.0006267053764588137,4.191842812713829,0.0259575590006012,1672954611,21.98579308931769,19.1489320768456,170.41750106811523,162.41749801635743,166.41749954223633,4909106.845116319,0.025937557220458984
2022-10-03,159.85000610351562,164.10000610351562,158.9499969482422,160.35000610351562,144.1021270751953,10528629,5.077358964202872,0.004375083272683433,162.81999969482422,160.75099975585937,44.47033902696857,-0.5184722154879751,30.10666786703223,176.51328751220095,155.72671340332639,12.512987028409977,163.3611435207223,167.03816146757868,0.0043846679222872,4.260283265753801,-0.013913405173487547,1683483240,25.295544432307953,22.931453507694773,170.3900011698405,162.16499811808268,166.2774996439616,6549814.830574255,0.0322177601415817
2022-10-04,161.9499969482422,164.0,161.35000610351562,162.5500030517578,146.07920837402344,9013773,5.090985665524186,0.013626701321314272,161.88500061035157,160.9849996948242,49.04563531449488,-0.4851649576923478,28.53569532526172,176.27179529919783,155.37820622668107,12.599782286379044,163.2838920474876,166.25998876780858,0.013719967973196967,4.2166911679488415,-0.08671442734051946,1692497013,35.69742425794648,27.659587259857336,170.0833340962728,161.99833196004232,166.04083302815755,15403453.671623304,0.01636303764384318
2022-10-06,164.25,165.10000610351562,162.39999389648438,162.89999389648438,146.3937530517578,6456408,5.093136478140131,0.0021508126159455188,161.31499938964845,161.26399963378907,49.75489817791165,-0.42562108482363215,26.724688741710366,176.10347266835754,155.10652794199405,12.678931606938477,163.24733031882062,164.80543533748892,0.0021531272725667794,4.1083569564547275,-0.06404707794461208,1698953421,40.10149807251256,33.698155587588964,169.81500142415365,161.80999806722008,165.81249974568686,6640940.350420659,0.016438430484208524
2022-10-07,163.10000610351562,164.85000610351562,161.35000610351562,164.3000030517578,147.65188598632812,8825983,5.101694043617524,0.008557565477392615,160.88000030517577,161.5479995727539,52.59731427280958,-0.26243787762751936,25.352781354246495,175.9781153366426,154.981885273709,12.688077123647965,163.34758486481462,163.44720785866767,0.00859428611251567,4.064902888136532,-0.02686398360131737,1707779404,48.6910998947064,41.49667407505511,169.63666839599608,161.6066650390625,165.6216667175293,10451284.786332034,0.021459226664765633
2022-10-10,162.6999969482422,165.60000610351562,161.85000610351562,163.9499969482422,147.3373260498047,10484521,5.099561484676703,-0.0021325589408212053,160.88000030517577,161.82699951171875,51.80823229806625,-0.1595177562856236,23.823083257816474,175.852617323455,154.8423823713692,12.706714629174739,163.40495744418868,162.77726548727935,-0.002130286652553326,4.0424098246982085,0.010496258809368787,1697294883,49.31129453424107,46.03463083381998,169.47916793823242,161.41416549682617,165.44666671752933,1037330.7004855154,0.023048556056168477
2022-10-11,164.39999389648438,164.39999389648438,160.3000030517578,161.0500030517578,144.731201171875,13805741,5.08171489472634,-0.017846589950362812,161.125,162.05399963378906,45.691740408388725,-0.3084030118622536,22.87618080090857,175.73567560813717,154.4243250022144,12.909710786603743,163.18067607348098,161.81970201384468,-0.017688282710977332,4.046522754700233,-0.0028007835916027133,1683489142,35.48388251539974,44.49542564811569,169.31666717529296,161.10166625976564,165.20916671752929,-26345266.190800887,0.02493911798627043
2022-10-12,161.89999389648438,165.3000030517578,161.14999389648438,165.0,148.28094482421875,12496248,5.10594547390058,0.02423057917424032,161.725,162.34699951171876,53.70834868326581,-0.10643696823075288,21.670200947041597,175.56238819108697,154.35761302961615,12.854495079421199,163.35394501886375,161.62405329316468,0.024526525137492428,4.061056843650216,0.03008236908731227,1695985390,68.25941410391813,51.01819705118627,169.18333435058594,160.88333282470705,165.0333335876465,24125005.57938473,0.02563316437137651
2022-10-13,164.85000610351562,166.8000030517578,164.25,164.75,148.05625915527344,9447511,5.104429173382616,-0.00151630051796392,162.40500030517578,162.58299957275392,53.17335729491813,0.033068472998849074,20.217585616543577,174.62586538976998,154.5341352205816,12.207880746100923,163.48690263611485,161.52898296359507,-0.0015151515151514694,3.953124429943616,-0.10818891128927503,1686537879,72.22222222222223,58.65517294718,168.66500091552734,160.91499938964844,164.7900001525879,6467083.359794911,0.01546862576490636
2022-10-14,166.25,167.5,164.85000610351562,165.10000610351562,148.37083435058594,9588164,5.10655138789468,0.002122214512064069,162.96000061035156,162.75499969482422,53.86621550353259,0.16991147398053386,19.105318319844457,172.9026632877741,155.25733732257748,10.754099178679729,163.64053153777206,161.51765493694668,0.00212446800312982,3.8671869706619293,-0.1962258282214994,1696126043,80.800048828125,73.76056171808841,168.18166758219402,160.51666666666668,164.34916712443035,4392971.73427083,0.01593981291118421
2022-10-17,165.10000610351562,169.0500030517578,164.0,168.4499969482422,151.38134765625,13426449,5.126638951735863,0.02008756384118282,163.84000091552736,162.9329995727539,59.97110286592085,0.5424240751953562,18.577325545955677,172.00263766010792,155.7223623398921,9.93532707008365,164.09857586257874,162.26034000129945,0.020290676686142373,3.95167383359735,-0.15001173401110932,1709552492,95.72949485273914,82.91725530102876,167.97583465576173,160.14583282470704,164.0608337402344,31449978.06288235,0.030587540067027765
2022-10-18,168.9499969482422,169.4499969482422,166.39999389648438,166.9499969482422,150.03334045410156,20635735,5.1176943481101915,-0.008944603625671732,164.5,163.07899963378907,56.37386850405874,0.7084390866862122,18.214322997619636,171.26365437069205,156.05634532413217,9.292013357410713,164.37013977549907,163.0566276951759,-0.008904719662659821,3.8872687777516686,-0.15896863198053554,1688916757,82.69895828383466,86.40950065489956,167.73666763305664,159.95666580200196,163.8466667175293,-10152408.979039216,0.018052696696361472
2022-10-19,166.5,168.10000610351562,163.85000610351562,164.0500030517578,147.4272003173828,6947654,5.100171278009718,-0.017523070100473603,164.65,163.26599975585938,50.11513947472681,0.5990959035285925,16.935955252773113,169.8743345441214,156.66066606623016,8.093263174356542,164.3396505637142,163.64896101119473,-0.017370433959237652,3.9131781507694066,-0.1844068695257807,1681969103,55.18678399258461,77.87174570971943,167.5041681925456,159.5241663614909,163.51416727701823,-16816239.122936573,0.025525525525525526
2022-10-20,164.0,167.89999389648438,161.5,166.9499969482422,150.03334045410156,12020720,5.1176943481101915,0.017523070100473603,165.05500030517578,163.49299957275392,55.442518866595485,0.7379394081414148,16.516224478674154,169.5605834321636,156.80941626266062,7.8139333771033535,164.5882549812883,164.22934979551334,0.01767749980211475,4.090807846891904,-0.12136639502795493,1693989823,79.25311728750717,72.3796198546421,167.4216672261556,159.1916669209798,163.30666707356772,17634596.71325291,0.03902435302734375
2022-10-21,167.5,168.4499969482422,164.5,165.0500030517578,148.3258819580078,7414335,5.1062484767891005,-0.011445871321090983,165.13000030517577,163.6059997558594,51.55763819124705,0.6867439011169267,15.916697758679854,168.94140343371217,157.06859717663937,7.283706778837881,164.6322309879997,164.68968807024584,-0.011380616539174992,4.080749925559782,-0.15285758393162452,1686575488,58.095296223958336,64.17839916801667,167.36000111897786,159.01499989827474,163.18750050862633,-3513261.9265760155,0.023582071332789178
2022-10-24,166.9499969482422,167.9499969482422,166.25,166.9499969482422,150.03334045410156,685185,5.1176943481101915,0.011445871321090983,165.43000030517578,163.8299996948242,54.95663125141545,0.7903737844940224,15.359994375828004,169.32629498912794,156.9837056212236,7.564947041045603,164.85297060326087,164.966227478519,0.011511625939737646,3.996410209197253,-0.13107567015231966,1687260673,72.67757740296905,70.00866363814481,167.25333404541016,159.3233337402344,163.28833389282227,-303189.09688357427,0.010182671334634527
2022-10-25,167.4499969482422,169.6999969482422,165.4499969482422,169.35000610351562,152.19017028808594,8131380,5.1319676153046165,0.01427326719442501,166.26000061035157,164.14399993896484,58.88135538166084,1.054011901697379,14.369279306537658,170.05294667387008,157.33205393648146,7.771212922811226,165.28125969852323,165.30143776134,0.014375616646566947,4.014523765683164,-0.06122316370935245,1695392053,96.2766907236242,75.68318811685049,167.52750040690105,159.89750010172526,163.71250025431317,12909194.597710358,0.025380711122459144
2022-10-27,169.89999389648438,171.5,167.5500030517578,170.64999389648438,153.35842895507812,16225577,5.139614639586436,0.0076470242818196255,166.825,164.38699981689453,60.870183025047204,1.3522571804074914,14.080161297285217,170.93649277737055,157.61350722262947,8.110172305427534,165.79256771737667,165.87732104100343,0.007676337443850656,4.009914707294523,-0.0064944411420137125,1711617630,92.4106577221074,87.12164194956684,168.0433339436849,160.43333333333334,164.23833363850912,18365099.555153128,0.023248952855459297
2022-10-28,170.64999389648438,174.6999969482422,169.89999389648438,174.0500030517578,156.41395568847656,16185760,5.159342631791247,0.01972799220481125,167.75500030517577,164.69299987792968,65.56181661505795,1.8417405971349012,14.750092666158698,172.35271563502693,157.80728497532465,8.811140436644543,166.57899013017487,166.73055300301806,0.019923875047636264,4.0663495890419,0.0257978513217208,1727803390,95.48615158341792,94.72450000971646,168.831667582194,161.1866663614909,165.00916697184246,42809521.30842344,0.028127765739443717
2022-10-31,169.89999389648438,174.0,169.0500030517578,173.10000610351562,155.5601806640625,24233760,5.153869497442218,-0.005473134349029074,168.55500030517578,164.92600006103515,63.27883937183707,2.128467271381936,15.017486109345459,173.3604135256965,158.15458738983088,9.17353730230758,167.20003927049305,167.66276367413383,-0.005458184036685632,4.133038904110336,0.10502468448199037,1703569630,88.8889477576988,92.26191902107468,169.5091677347819,161.7391665140788,165.62416712443036,-1078158.2601479143,0.029134768252305477
2022-11-01,174.0,182.9499969482422,173.5,181.8000030517578,163.378662109375,41101936,5.202907198529725,0.04903770108750649,169.89000091552734,165.34600006103517,72.66601798757324,3.0228714904223466,17.089339055047454,176.7092941191658,157.02070771188886,11.799110837654906,168.59051201156586,170.4956241697066,0.050259945935758665,4.541392614154352,0.209933074003328,1744671566,94.72479937844942,93.03329957318867,170.76833394368492,162.46833394368488,166.6183339436849,238031759.09118116,0.054310327288748204
2022-11-02,181.89999389648438,182.6999969482422,180.0,180.9499969482422,162.61476135253906,22146420,5.198220733144552,-0.004686465385172589,171.29000091552734,165.81,70.76270276154796,3.6213601040291508,19.013202504627877,179.02401225663348,156.76598865889386,13.257109227227371,169.76760581505886,172.03697430054203,-0.004675501040963259,4.409864352303484,0.19434818209163987,1722525146,90.67598934943486,91.429912161861,171.64999974568687,163.59500096639,167.62250035603842,66794191.58304672,0.014843304226709878
2022-11-03,179.35000610351562,181.85000610351562,177.25,178.14999389648438,160.09849548339844,16719953,5.182625857791302,-0.015594875353250437,172.7,166.2429998779297,64.74657179415318,3.825630311654635,19.76668416130568,180.3686087290206,156.98139127097943,13.865254162170542,170.56592848948034,172.88063337175547,-0.015473904940483174,4.423445905961494,0.1552667978620925,1705805193,77.62236021133248,87.67438297973888,172.57000020345052,164.32000020345052,168.44500020345055,-8945882.422482554,0.02564820711999661
2022-11-04,179.0500030517578,179.5,176.35000610351562,176.9499969482422,159.0200653076172,14881752,5.1758671895450306,-0.006758668246271249,173.7,166.60899993896484,62.3019004357524,3.846347893704774,20.150032742439674,181.28512103374783,157.46987927142794,14.060451796056347,171.17393500936242,173.505588100821,-0.0067358798167540535,4.3324850481417005,0.1326476666469765,1690923441,72.02796804830457,80.10877253635726,173.29916610717774,165.00416793823243,169.15166702270508,-14887332.130492233,0.01759281677070851
2022-11-07,177.85000610351562,179.5,174.85000610351562,175.85000610351562,158.0315399169922,12799401,5.169631393628638,-0.006235795916392561,174.78000030517578,166.91,60.06315129234102,3.7309980356895096,19.989354907801005,181.94165457730904,157.96834603304254,14.105680033667372,171.61927511356748,174.07989742299412,-0.006216393691424127,4.355164251594749,0.08470546909343045,1678124040,66.89980487242725,72.18337771068805,174.018332417806,165.60833485921225,169.8133336385091,-14348593.322153417,0.026145593122880735
2022-11-09,177.75,177.75,172.25,173.39999389648438,155.8297882080078,14929008,5.155601029147388,-0.014030364481249613,175.425,167.2,55.29698236275731,3.402663149952076,19.019988221048965,182.1726455038344,158.6823548013414,13.783157460774556,171.7888673786072,174.73044183386173,-0.013932397622943626,4.436938233623695,0.049580322214412414,1663195032,55.47783491624026,64.80186927899065,174.63916549682617,166.0541679382324,170.3466667175293,-29167032.33329593,0.030942334739803096
2022-11-10,173.5,174.1999969482422,170.5500030517578,172.10000610351562,154.66151428222656,10668583,5.14807573868243,-0.00752529046495809,175.7,167.37400024414063,52.8983739703925,3.0029412001494222,17.690787969164173,181.92072141959187,160.03927919075971,12.797661825814007,171.8184996381223,174.91005120194922,-0.007497046359441151,4.3807279238280294,0.07470310159811018,1652526449,49.41728490261761,57.26497489709501,175.13499908447267,166.59500122070312,170.8650001525879,-18968362.556614593,0.021037428798180834
2022-11-11,173.0,173.60000610351562,169.64999389648438,171.4499969482422,154.077392578125,16963169,5.144291661109234,-0.0037840775731963205,175.78000030517578,167.5840002441406,51.69101107006751,2.6036945980298185,16.70761881563359,181.8937915061493,160.71120879902648,12.365600436802978,171.783404143848,175.16556787825638,-0.0037769269739739153,4.3499625154854025,0.032262908092623166,1635563280,37.66936638384834,47.52149540090203,175.51249923706055,166.99250106811525,171.25250015258788,-13673597.62050524,0.02283244050307081
2022-11-14,172.35000610351562,173.39999389648438,171.10000610351562,171.4499969482422,154.077392578125,10224241,5.144291661109234,0.0,175.5199996948242,167.73300018310547,51.69101107006751,2.2612228203232405,15.794676030212335,181.79347618921847,161.4815238107815,11.834215936748645,171.75165107759983,175.32236847591238,0.0,4.203535749591356,0.027548838464628578,1645787521,34.285714285714285,40.45745519072671,175.83583170572916,167.34083506266276,171.58833338419595,-4557865.873501747,0.013344866327346386
2022-11-15,172.3000030517578,174.14999389648438,171.39999389648438,172.10000610351562,154.66151428222656,13899999,5.14807573868243,0.0037840775731963205,175.4199996948242,167.96100036621092,52.93680518855166,2.0189881371239835,14.702061255073138,181.6905340330134,162.28446596698663,11.283417728629558,171.78482774673466,175.18490992520069,0.0037912462341405107,4.099711767477688,0.030335845309390177,1659687520,38.000052315848215,36.65171099513691,176.17749837239583,167.67250111897786,171.92499974568688,4504129.114360502,0.01596053366971745
2022-11-16,172.10000610351562,172.9499969482422,169.14999389648438,169.9499969482422,152.72938537597656,9781274,5.1355042581853265,-0.01257148049710377,174.23499908447266,168.12400024414063,48.48316797964255,1.634684015255175,14.372011546290434,181.67779342322746,162.44720657677254,11.176512515193556,171.61008195640204,175.23905830485194,-0.012492789535290538,4.0783040020691255,-0.02289560262351578,1649906246,15.584382127789437,29.290049576450603,176.29083150227865,167.91083424886068,172.10083287556967,-12518509.395371856,0.022080202887803307
2022-11-17,169.9499969482422,170.8000030517578,167.5,168.3000030517578,151.24656677246094,12778124,5.1257481193296055,-0.00975613885572102,172.96999969482422,168.2000003051758,45.33120515750122,1.1833387198805099,14.519533066908439,181.61890865209458,162.64109195825696,11.025281275890968,171.29483634643591,175.2609792500858,-0.009708702124819002,4.022711077046889,-0.0006237055989111337,1637128122,5.178014302771965,19.587482915469835,176.36666514078775,167.96166788736977,172.16416651407877,-18228720.87080429,0.01941749403362931
2022-11-18,168.5500030517578,169.0500030517578,165.10000610351562,165.85000610351562,149.0448455810547,11134908,5.111083802194481,-0.014664317135124172,171.74000091552733,168.14800048828124,41.06243577210247,0.6207939174351225,15.251523075776463,181.43072115800697,163.00927975752035,10.696458803578055,170.7762810852054,175.01465116309882,-0.01455731968993923,4.017517210703696,-0.0027064192719280797,1625993214,4.201682827314015,8.321359752625101,176.41833165486653,168.04333470662436,172.23083318074544,-24263234.036239777,0.023435163908180023
2022-11-21,165.0,166.1999969482422,164.14999389648438,164.39999389648438,147.74176025390625,12788632,5.102302445496071,-0.008781356698410292,170.48500061035156,168.09000030517578,38.737414871639295,0.05730862359152411,16.15027871555858,181.65535886252502,162.52964174782653,11.11362614918279,170.16901563866054,174.75518382991663,-0.008742913196676194,3.876980485064704,-0.06440156397245396,1613204582,1.3297870181814935,3.5698280494224535,176.17416534423828,168.23416748046876,172.20416641235352,-20450193.019566905,0.012424260919744318
2022-11-22,165.25,167.5,164.85000610351562,167.0500030517578,150.12322998046875,15198091,5.118293187071295,0.015990741575223844,169.6050003051758,168.09500030517577,44.880007354676856,-0.17342480647602088,16.467409485930272,181.4970296315379,162.88797097881363,10.807124944317295,169.87196682086028,173.12592022666215,0.01611927769864785,3.8214823149540558,-0.011703193180640515,1628402673,15.633469963222623,7.054979936239339,176.13249867757162,168.32250111897787,172.22749989827474,20033322.52193025,0.01603627168825643
2022-11-23,167.85000610351562,168.25,166.25,168.0500030517578,151.02191162109375,12004998,5.124261572330935,0.005968385259640385,169.07000122070312,168.12400024414063,47.03803872434928,-0.27245043052920437,16.468940982395228,181.43975029474754,163.05525092595556,10.673303997821334,169.69844646189813,171.79173587065884,0.005986231557805866,3.6913764353144805,0.019810633720508224,1640407671,22.033934833808626,12.99906393840421,176.17083231608075,168.3308344523112,172.25083338419597,14681106.173976751,0.011915400222068327
2022-11-24,168.6999969482422,170.0,167.60000610351562,169.5,152.32498168945312,10986350,5.1328529268205045,0.00859135448956927,168.81000061035155,168.18600036621095,50.08939691725578,-0.23126048848283176,15.815260732473012,181.43802193838212,163.07197867196942,10.66212489267335,169.6795467988602,170.9415282631958,0.008628366092892081,3.599134825398044,0.018416708624579444,1651394021,34.85344609921887,24.17361696541667,176.12166544596352,168.46666819254557,172.29416681925457,15513818.039539289,0.014226401540604073
2022-11-25,170.25,171.25,168.60000610351562,169.75,152.5496368408203,12358833,5.1343267664388055,0.0014738396183009428,168.64000091552734,168.23300048828125,50.617669796431045,-0.17641069926153818,14.770533102476005,181.43277582268308,162.98722539802003,10.711079704597767,169.68625662754016,170.30490610035415,0.001474926253687281,3.5313390447613533,-0.01623368607769283,1663752854,36.4821099467384,31.123163626588592,176.05499877929688,168.53000183105468,172.2925003051758,7231078.17984643,0.015565309230451543
2022-11-28,170.0,171.89999389648438,169.39999389648438,170.39999389648438,153.13377380371094,5471921,5.138148578576461,0.0038218121376552006,168.53500061035157,168.19400024414062,52.03904035384341,-0.07957547437698054,13.854532186535707,181.24186176980447,162.8131385353713,10.712661183872893,169.75423160553484,169.8270488782462,0.0038291245742820834,3.4576719701355425,-0.059646882932769624,1669224775,45.95586172850587,39.09713925815434,175.82416508992515,168.5291684468587,172.17666676839193,4781502.8946452625,0.014705882352941176
2022-11-29,171.0,171.60000610351562,169.0500030517578,170.14999389648438,152.9091033935547,7693168,5.136680365075533,-0.0014682135009280728,168.33999938964843,168.095,51.425937458904365,-0.022743597622707057,12.875422884858365,181.1153872676112,162.64461181686147,10.746320397918593,169.79192325229195,169.42024512775697,-0.0014671362027857127,3.3928384759657044,-0.12102555729199523,1661531607,59.70147440851334,47.3798153612525,175.614998626709,168.56000137329102,172.0875,311639.6315484212,0.0149122985482913
2022-11-30,170.10000610351562,172.85000610351562,169.75,172.1999969482422,154.75137329101562,9133076,5.14865657427146,0.011976209195927012,168.56499938964845,168.0829998779297,56.003376963007966,0.18557499481929085,12.41969787670476,179.44425004172322,163.35574843239786,9.386523734503417,170.0212636042872,169.35393511082887,0.012048211138961262,3.371921877933556,-0.23847937380849418,1670664683,80.50003051757812,62.052455551532404,174.90666580200195,168.48666763305664,171.6966667175293,12585768.991806831,0.018224609008121336
2022-12-01,173.5,173.64999389648438,170.85000610351562,172.1999969482422,154.75137329101562,9214914,5.14865657427146,0.0,168.9549987792969,168.10699981689453,56.003376963007966,0.3466727524895532,12.276895676660965,177.73242198545148,164.1925764886696,7.919775130338507,170.2287620179972,169.28187360259722,0.0,3.3310694432932126,-0.22533867175265054,1679879597,80.50003051757812,73.56717848122315,174.46249872843424,168.03250147501626,171.24750010172525,4195256.330602278,0.016138258172730548
2022-12-02,172.39999389648438,172.85000610351562,171.14999389648438,172.14999389648438,154.70643615722656,6376672,5.148366154329896,-0.00029041994156386863,169.58499755859376,168.11199981689452,55.85447940885116,0.4649494103247207,12.144293633763155,176.61412647980387,164.71087199431724,6.974733487848601,170.41173648261503,169.2148874480878,-0.00029037777377449725,3.2145653549887867,-0.18620906006920687,1673502925,80.0,80.33335367838538,173.9658322652181,167.82583440144856,170.89583333333331,1185850.070161697,0.009860860018661039
2022-12-05,173.0500030517578,175.64999389648438,171.39999389648438,175.14999389648438,157.40248107910156,9861212,5.165642714796133,0.017276560466236823,170.65999755859374,168.24299957275392,62.32623109170675,0.7916339780266526,12.952734594718676,176.1859171961716,164.95908097277373,6.581855975410197,170.8629990934597,169.22515342473326,0.017426663411930887,3.2885249724895873,-0.11567404822673948,1683364137,95.65217391304348,85.3840681435405,173.84416554768882,167.5941670735677,170.71916631062825,20117707.356720567,0.024559375469810657
2022-12-06,175.60000610351562,176.0,173.85000610351562,175.1999969482422,157.44740295410156,7008295,5.165928161083582,0.00028544628744953116,171.4749969482422,168.37399963378905,62.42510754692291,1.0425508032549828,13.808518584092226,176.03714052103544,165.04285673238252,6.446747904999139,171.27604650820092,169.41053454166203,0.0002854870311177482,3.2072013242035005,-0.07714716273068228,1690372432,93.24892287168974,89.63369892824437,173.6333320617676,167.63333358764646,170.63333282470703,6939526.543986202,0.012243700579469004
2022-12-07,174.10000610351562,175.0,171.3000030517578,171.85000610351562,154.43685913085938,7718718,5.146622038812372,-0.019306122271210313,171.85499725341796,168.53199981689454,52.48635216496633,0.9600214017519306,13.433665231229112,175.83854366712305,165.08645480699803,6.30759780494136,171.33070932680232,169.64761932085463,-0.019120952643145395,3.256686507937849,-0.06433956868981741,1682653714,64.97897249813933,84.62668976095749,173.45583216349286,167.63583399454754,170.54583307902016,-14925247.574022014,0.02125213566070905
2022-12-08,171.85000610351562,172.4499969482422,170.0,170.35000610351562,153.08883666992188,4225180,5.137855179936242,-0.008766858876129824,171.93999786376952,168.76699981689453,48.74414775473445,0.7647630797566194,12.565100515004028,175.69829463629281,165.05170383782826,6.2489161239266355,171.23730901982265,169.94464282538846,-0.00872854202342277,3.1990658251024446,-0.07324959410977702,1678428534,52.320751169839895,70.1828821798896,173.3283322652181,167.628333791097,170.47833302815755,-9200262.524674006,0.014256600879993024
2022-12-09,171.1999969482422,171.75,168.0,169.5,152.32498168945312,6174919,5.1328529268205045,-0.005002253115737432,171.91499786376954,168.97699981689453,46.71168714157036,0.5352609094826164,12.30056181129839,175.58988583489773,164.96511294439912,6.239681066836544,171.07185101793476,170.4558715840611,-0.004989762683067389,3.2384182661665557,-0.07594052888405303,1672253615,41.70400396318182,53.00124254372031,173.22749837239584,167.54750111897786,170.38749974568685,-6565900.067367734,0.02190420599793418
2022-12-12,170.0,170.0,167.5500030517578,168.89999389648438,151.78579711914062,7153044,5.129306787676894,-0.0035461391436104606,171.76499786376954,169.19599975585936,45.27655676872345,0.30148794264013645,12.209043503863853,175.46610483794797,164.83389363617312,6.248728327622019,170.86500748255855,170.8797092492263,-0.0035398590177913025,3.1821024577433867,-0.03609386947590078,1665100571,27.179424579326923,40.401393237449504,173.07666549682617,167.38166732788085,170.22916641235352,-5049880.061599792,0.014411746754365809
2022-12-13,169.75,170.0,168.0500030517578,169.1999969482422,152.0553741455078,5166993,5.131081429135729,0.0017746414588346582,171.6699981689453,169.38899963378907,46.16712674635672,0.1388285916343932,12.124062218388927,175.2582714490417,164.75172610955204,6.180139063516258,170.7064350507189,171.16615205053097,0.0017762170668975674,3.0940949213504436,0.004710160318602461,1670267564,19.526562040091804,29.46999686086681,172.8633321126302,167.24833424886066,170.05583318074542,-649884.2415924275,0.011487463612619661
2022-12-14,169.9499969482422,173.6999969482422,169.4499969482422,171.60000610351562,154.21217346191406,8562333,5.145166222622134,0.014084793486405012,171.60999908447266,169.62799987792968,52.78671214019697,0.20126055874132476,11.931535536665232,175.38635317665364,164.78864529746744,6.230738841315774,170.79153705574717,171.42061962829396,0.014184451528137965,3.1945167126825544,0.03658315033027945,1678829897,47.92904750812147,31.545011375846695,172.93083216349285,167.2708346048991,170.10083338419594,13483156.979802443,0.025007355553494513
2022-12-15,172.0,174.0500030517578,171.6999969482422,172.10000610351562,154.66151428222656,10644546,5.14807573868243,0.0029095160602965464,171.6,169.8629998779297,54.05427676444596,0.2877669653494195,11.871912513466697,175.5788634684699,164.97613531082695,6.226734709898801,170.91615315553463,171.7265094048948,0.002913752810115744,3.1413367295082426,0.03457007656903094,1689474443,53.84620940844633,40.43393965221983,173.07083231608073,167.50583445231118,170.28833338419594,8042567.659934148,0.013662826183230378
2022-12-16,171.89999389648438,173.10000610351562,169.0500030517578,169.8000030517578,152.59457397460938,9433166,5.134621291849908,-0.013454446832522393,171.36500091552733,170.00799987792968,47.70901675819775,0.1687872175049847,11.267390419633513,175.3814742984561,165.568524175665,5.756240015666656,170.80985314565112,171.69136698009638,-0.013364340326486701,3.2062414668117833,0.04036030774026849,1680041277,26.627228551461865,42.80082848934318,173.27499923706054,167.70000076293942,170.4875,-11783351.171847306,0.023560228013717467
2022-12-19,169.8000030517578,172.25,169.5,171.8000030517578,154.3919219970703,7706855,5.146331027313588,0.011709735463679927,171.03000183105468,170.18600006103514,52.88792118332039,0.23319012483480606,10.706048475359841,174.90651237082332,166.78348701882513,4.754616972406645,170.9041531367089,171.75637087592003,0.011778562803619996,3.1736527906109417,0.12786627247571672,1687748132,50.2958761527613,43.58977137088979,173.62333272298176,167.97833455403645,170.80083363850912,6348022.942717563,0.016195523854977523
2022-12-20,171.14999389648438,171.4499969482422,168.5500030517578,169.75,152.5496368408203,7387632,5.1343267664388055,-0.012004260874782346,170.48500213623046,170.295,47.67575923353122,0.11745779881525209,10.540047339578644,174.69246372984162,167.26753535463104,4.342571292016199,170.79423379035566,171.64230908279688,-0.011932497178944845,3.17910616271016,0.06509929508675791,1680360500,26.035476245939265,34.31952698338744,173.8083325703939,168.1383344014486,170.97333348592122,-7980437.78260326,0.016944165935748504
2022-12-21,170.0,171.0500030517578,166.60000610351562,167.9499969482422,150.93202209472656,8454254,5.123666297887668,-0.010660468551137114,170.09500122070312,170.375,43.611633157429345,-0.11814421343504478,11.054635258575988,174.70347045045665,167.24652802366447,4.361422699264335,170.52335409110677,171.34261004452665,-0.010603847138484945,3.2698840759624477,-0.013899383486524993,1671906246,14.36161405627575,30.2309888183254,173.98166580200194,168.06666793823243,171.02416687011717,-12805267.927758215,0.02617645263671875
2022-12-22,168.5,168.64999389648438,164.5500030517578,165.89999389648438,149.08975219726562,6979001,5.111385160406069,-0.012281137481599202,169.65,170.47199981689454,39.48352194627949,-0.46491931874649595,12.141720723630312,175.09475572049269,166.49524214327687,5.034991440613207,170.08303407257128,170.97409637649818,-0.012206032086976237,3.3291774165884562,-0.07035177941909916,1664927245,11.79031619684243,17.395802166352443,173.93333206176757,167.84833450317382,170.8908332824707,-13806404.874733288,0.024332289879682865
2022-12-23,164.3000030517578,166.35000610351562,162.35000610351562,163.0,146.48362731933594,5313321,5.093750200806762,-0.017634959599306832,169.0,170.43199981689452,34.50742482115912,-0.9626495346645072,13.714728632816575,175.9316454916025,164.98335237216705,6.42288734026915,169.40845939899305,170.30614269725976,-0.01748037373825262,3.3770933154035667,-0.08671905654238617,1659613924,4.761862176742689,10.304597476620252,173.7024991353353,167.48250096638998,170.5925000508626,-14874533.938285934,0.024345708616572086
2022-12-26,162.0,167.75,161.89999389648438,165.64999389648438,148.86508178710938,8321609,5.109877091900051,0.016126891093288798,168.675,170.4499996948242,41.73382407624313,-1.1302432159671696,14.520570865181925,176.08194529163,164.3580525721395,6.887494297413271,169.05051030351603,169.5667480352307,0.016257631266775263,3.5537299431258567,-0.06253599603741182,1667935533,28.6259408611544,15.059373078246468,173.59666620890297,167.0416674296061,170.31916681925458,9743297.393190984,0.036111148787133486
2022-12-27,167.0,168.1999969482422,164.5500030517578,165.1999969482422,148.46070861816406,9244387,5.107156842613767,-0.0027202492862841154,168.275,170.45199951171875,40.90837275325228,-1.2845657346142616,15.062556352929182,176.23001410793154,163.71498406101375,7.362973489433775,168.6837947458709,169.01848658552214,-0.00271655276077698,3.560605939794322,-0.09368145183181846,1658691146,27.160498478517777,20.182767172138252,173.4374989827474,166.77250111897789,170.10500005086263,474468.50548382755,0.021856250877151946
2022-12-28,165.0,167.60000610351562,164.8000030517578,165.85000610351562,149.0448455810547,9652984,5.111083802194481,0.003926959580714318,167.7,170.39999969482423,42.67222799111905,-1.3389821828816082,15.565828591551634,176.0705985602955,163.23940052417717,7.563112239980853,168.41391011326562,168.68794980781277,0.003934680189353168,3.5062771620774287,-0.14327754082952257,1668344130,32.51036403801257,29.432267792561543,173.14666570027669,166.51166814168295,169.82916692097982,4341174.818966614,0.016969715465198865
2022-12-29,165.0,167.39999389648438,164.0,166.75,149.8536376953125,19571340,5.1164956847957335,0.005411882601252138,167.16499938964844,170.39599975585938,45.115067297675196,-1.2945627112019338,16.28615496135892,175.80552765692488,162.95947173272356,7.584051450029378,168.25544248343078,168.21715413984072,0.005426553291307368,3.4986855002493535,-0.05900556881951613,1687915470,39.91771562913259,33.19619271522094,172.86749928792318,166.17250111897786,169.52000020345054,13189782.637002543,0.02060602361505682
2022-12-30,166.75,167.8000030517578,166.0,166.4499969482422,149.5840301513672,8626291,5.114694945686653,-0.001800739109080851,166.8299987792969,170.44399963378908,44.435348596180184,-1.2689401467931134,16.740516229741434,175.5098705627034,162.6851291321208,7.58422888697658,168.0834952896033,168.08166883397277,-0.0017991187511713358,3.377351039642815,-0.09073697000265064,1679289179,37.44855656987704,36.62554541234069,172.60749893188478,165.9025016784668,169.25500030517577,2671318.4621002134,0.010794621000046852
2023-01-02,167.0500030517578,168.5500030517578,166.39999389648438,168.0,150.9769744873047,7322962,5.123963979403259,0.009269033716606145,166.4499984741211,170.46499969482423,48.73305380084101,-1.1107576646027724,16.759098667125624,174.52978757557082,162.95021272960497,6.862376932259509,168.07554335726013,168.01613943019908,0.009312124242572217,3.289683762187859,-0.11621197925698623,1686612141,50.20577372049185,42.52401530650045,172.18166631062826,165.68666814168293,168.93416722615558,8457515.1193044,0.0128704526548694
2023-01-03,168.0,169.1999969482422,166.8000030517578,167.60000610351562,150.6175079345703,9629995,5.12158022446514,-0.0023837549381191536,166.23499908447266,170.51599975585938,47.7075653428909,-1.0060756584512092,16.43204633460353,173.34574482374077,163.37425639696235,5.922718217289747,168.03025409499875,167.7668345931463,-0.0023809160505022797,3.226134486066182,-0.14429544341432637,1676982146,46.913645365915535,44.855991885428104,171.8366663614909,165.3166681925456,168.5766672770182,251212.22431810107,0.014285677955264137
2023-01-04,167.85000610351562,168.5,164.6999969482422,166.60000610351562,149.7188262939453,11995082,5.1155957663684894,-0.005984458096650158,166.1,170.50899993896485,45.14961271020137,-0.9923666717689343,16.91480000156244,172.86882210713839,163.32617911356476,5.6768500179508194,167.89404000057178,167.2606550644075,-0.005966586894885717,3.2671250979012987,-0.10908414798091072,1664987064,41.96434896812551,46.36125601817759,171.53583323160805,165.00583445231118,168.27083384195964,-7912983.925227299,0.02263927860338768
2023-01-05,168.0,170.35000610351562,167.14999389648438,169.89999389648438,152.6844482421875,18887530,5.135209992753721,0.019614226385231248,166.5,170.5199996948242,53.92841748445118,-0.7070701013192604,16.42770147029385,172.80770788511177,163.3422921148882,5.631661918919267,168.08508322875392,167.28508426522467,0.019807849172096326,3.30161616233692,-0.011393910040506688,1683874594,77.29464040878788,55.390878247609606,171.48333384195962,164.87833353678383,168.18083368937175,38914750.984478265,0.019047691708519346
2023-01-06,170.4499969482422,172.14999389648438,168.5500030517578,169.0,151.87567138671875,13216749,5.1298987149230735,-0.005311277830647221,167.1,170.48699981689452,51.50719069665927,-0.5472837532355754,15.321313515090065,172.75754967321635,163.34245032678368,5.602558373360707,168.1722181593488,167.31632441263784,-0.005297197932995323,3.322928639650466,-0.055877558230480795,1670657845,69.26835222942073,62.84244720211134,171.48333333333332,164.8933339436849,168.1883336385091,5041588.040582111,0.02112050988079345
2023-01-09,170.25,171.0,169.4499969482422,170.39999389648438,153.13377380371094,6012344,5.138148578576461,0.008249863653387202,167.575,170.41399963378908,54.899318160635545,-0.3041777423024996,14.293953270972263,172.9310919949258,163.3189080050742,5.717284157532543,168.38438727717124,167.30674728275477,0.008283987553161953,3.22843373681829,-0.052942090695735765,1676670189,82.92682926829268,76.49660730216705,171.51166687011718,165.01166687011718,168.26166687011718,7292025.949237006,0.009104276368621513
2023-01-10,170.39999389648438,170.6999969482422,167.14999389648438,167.9499969482422,150.93202209472656,7557693,5.123666297887668,-0.014482280688792315,167.85,170.3109994506836,48.504854687733435,-0.30568500889785355,14.138267397051147,172.84349328482784,163.28150671517216,5.689542027314652,168.34301676965418,167.30256049447354,-0.01437791687792267,3.2514029735996846,-0.07840072948541009,1669112496,59.02442001714939,70.40653383828756,171.56750030517577,164.90749969482422,168.2375,-9913541.207421893,0.02083335198893487
2023-01-11,168.4499969482422,168.8000030517578,165.5,166.0500030517578,149.22457885742188,8463293,5.1122889662013025,-0.011377331686365899,167.86999969482423,169.9959994506836,44.204764292872376,-0.45494879060638027,14.563887021398031,172.35195839306138,163.21804130176284,5.443822212715771,168.1246345108069,167.31742168599885,-0.01131285460558773,3.2548744077538365,-0.10797940828334349,1660649203,40.487894197789636,60.813047827743866,171.28000055948894,164.7149996439616,167.99750010172528,-14024650.431913255,0.01959040137455015
2023-01-12,166.89999389648438,167.1999969482422,165.5500030517578,165.9499969482422,149.13470458984375,7628932,5.111686519776361,-0.0006024464249412276,167.78999938964844,169.6959994506836,43.98373822419299,-0.5746864421900284,14.959105244005853,171.6522419639313,163.3027568153656,4.985436956602758,167.91752617151502,167.38508275573645,-0.0006022649905309541,3.1402400855203036,-0.09353324272425069,1653020271,39.51222489519817,46.341513036712364,170.92583312988282,164.4308334350586,167.67833328247067,-5183509.986174861,0.009886123168510978
2023-01-13,166.1999969482422,168.14999389648438,165.5,167.8000030517578,150.79722595214844,5090393,5.122772812219981,0.011086292443620138,167.925,169.48899963378906,49.0580943696915,-0.5143700248632683,14.835562289705916,171.41859733845425,163.33640144084265,4.828723052431649,167.9063334934429,167.5097778810796,0.011147973109590481,3.1052225005891656,-0.04392952483712298,1658110664,46.62583923402694,42.208652775671545,170.68083241780602,164.32583363850912,167.50333302815756,4550335.417470521,0.01594460857487039
2023-01-16,168.64999389648438,168.64999389648438,164.64999389648438,165.9499969482422,149.13470458984375,10321015,5.111686519776361,-0.011086292443620138,167.71999969482422,169.26899963378906,44.69760018218645,-0.6088306403451043,15.044510499224614,170.61828251967867,163.55171564926664,4.229324540881979,167.7200157272333,167.52942679446076,-0.011025065970618586,3.1691351791185105,-0.08970280351344212,1647789649,23.92636084161178,36.6881416569456,170.50499877929687,164.025,167.26499938964844,-11212515.357160704,0.023717759530161375
2023-01-17,166.60000610351562,168.1999969482422,165.8000030517578,167.6999969482422,150.70733642578125,13015434,5.122176650631442,0.010490130855080437,167.72999877929686,169.10599945068358,49.28930703474265,-0.5362988645505595,15.238533836634833,170.31375473216718,163.65124313160237,3.989946038166894,167.7181091768532,167.59801193599844,0.010545345177353616,3.114196516073215,-0.04172193552849881,1660805083,45.39876956028443,38.650323211974346,170.34583206176757,163.91583328247071,167.13083267211914,11447167.880946431,0.014405725141409403
2023-01-18,167.5,169.6999969482422,167.10000610351562,169.4499969482422,152.280029296875,5536057,5.132557880043277,0.010381229411835058,168.01499786376954,169.02699951171874,53.45148538930198,-0.33375916710986075,14.606494220590909,170.53676092499902,163.57823693877052,4.165346680465828,167.88305086936643,167.87312928134514,0.01043530132287418,3.0774675395484543,-0.0018313221709642515,1666341140,64.00004069010417,44.44172369733342,170.26416498819987,164.01916681925456,167.14166590372722,10274455.79364881,0.015522333401352612
2023-01-19,170.39999389648438,170.39999389648438,167.3000030517578,168.6999969482422,151.6060333251953,6812613,5.128121971462072,-0.004435908581204906,167.8949981689453,168.9589993286133,51.50055857195905,-0.23109975552969786,13.667898108921593,170.70441513866942,163.69058303027592,4.194938409246136,167.96085525783081,167.99483303419092,-0.004426084470388503,3.079076347061176,0.007134944137124362,1659528527,54.000040690104164,54.46628364683088,170.33583170572916,164.19083353678386,167.2633326212565,18512.09788293671,0.01819243518641065
2023-01-20,169.89999389648438,169.89999389648438,167.64999389648438,168.6999969482422,151.6060333251953,8545359,5.128121971462072,0.0,167.86499786376953,168.90399932861328,51.50055857195905,-0.1480349771631495,12.79634457665723,170.4659970150716,164.49900084869796,3.5627580221384285,168.03124970453666,168.0624855670197,0.0,3.019856607985378,0.02245215301957486,1668073886,54.000040690104164,57.333374023437464,170.49083124796547,164.52083307902018,167.50583216349284,6170.699294312237,0.013243084642903908
2023-01-23,169.39999389648438,169.5,166.0,166.85000610351562,149.94349670410156,7787735,5.117095241778237,-0.011026729683834446,167.50999908447267,168.81199951171874,46.63156832570916,-0.22884634380952207,12.777498845802844,170.42264797834915,164.6623511061235,3.4381108602080426,167.91875031396322,168.04044736913397,-0.01096615813984958,3.054152564557851,-0.010075424299474733,1660286151,29.33349609375,45.777859157986065,170.4908312479655,164.75583368937174,167.6233324686686,-9602768.73433964,0.020661157769219004
2023-01-24,167.1999969482422,167.5500030517578,165.39999389648438,166.0500030517578,149.22457885742188,7033092,5.1122889662013025,-0.004806275576934915,167.31999969482422,168.6909994506836,44.665034648048895,-0.3533700643272937,13.023209449587542,170.34834481041028,164.82165488441396,3.297842844543623,167.74077438422938,168.08231898993506,-0.004794743916649802,2.9895708924661073,0.006266120489757108,1653253059,18.666788736979168,34.00010850694441,170.43333206176757,164.84833297729492,167.64083251953124,-6951919.620308852,0.012858906665763795
2023-01-25,166.0,166.60000610351562,164.39999389648438,165.89999389648438,149.08975219726562,9257370,5.111385160406069,-0.0009038057952333034,167.30499877929688,168.60999938964844,44.28788206766381,-0.4588709168422156,13.672077938437152,170.3446460865035,164.83035238761758,3.2903967921173463,167.5654619568251,167.71662485341076,-0.0009033974857963756,2.9331738435064745,0.036331742035850836,1643995689,19.35483870967742,22.45170784680216,170.38083216349284,164.85583216349283,167.61833216349285,-3243100.042605392,0.013253085584525603
2023-01-27,166.25,167.0500030517578,164.0,166.3000030517578,149.44921875,13756671,5.113793404549801,0.0024082441437318636,167.33999938964843,168.56999938964844,45.60683882435642,-0.5043894194820666,13.987246327191063,170.3562503758332,164.77374840346369,3.331544172532247,167.4449420611044,167.2419314434344,0.0024111462928866345,2.9415187869529986,0.010133525885877808,1657752360,32.857186453683035,23.62627130011317,170.3499994913737,164.85999857584636,167.60499903361,2587496.216521266,0.018345883018092105
2023-01-30,167.60000610351562,172.25,167.10000610351562,168.85000610351562,151.7408447265625,30768122,5.129010782979137,0.015217378429335682,167.44499969482422,168.62999938964845,53.21143363237373,-0.33088498956414014,14.149007877499526,170.48054701934313,164.8894526754811,3.3342841333152955,167.5787576841912,167.5817818459053,0.015333752284804048,3.1564100841879403,-0.01751677561337993,1688520482,58.78795276988637,36.99999264441556,170.64999923706054,164.82499923706055,167.73749923706055,53168368.73674488,0.030727886091505025
2023-01-31,169.85000610351562,172.64999389648438,167.35000610351562,171.14999389648438,153.80776977539062,24990701,5.142540329314402,0.013529546335265152,167.96499938964843,168.76499938964844,58.80564646628784,-0.007702891590326999,14.439918906130154,171.02011674822697,164.6648823362457,3.7864274121954486,167.9188754186953,167.97369804286214,0.013621484807994078,3.309522777672284,0.015969472898462653,1713511183,82.65894730157386,58.10136217504772,170.94416478474935,164.8041669209798,167.8741658528646,56041661.07073625,0.03120393054174314
2023-02-01,172.25,173.8000030517578,167.1999969482422,170.0,152.77432250976562,13878016,5.135798437050262,-0.006741892264139793,168.19499969482422,168.82399932861327,55.248710239668526,0.15385283321768384,15.106576739210697,171.27291498621673,164.65208348790435,3.941851025310007,168.11707775977197,168.23413504049287,-0.006719216695852848,3.5445573009468085,0.02047770177839939,1699633167,61.22447073038195,67.55712360061402,171.277498626709,164.71749954223634,167.99749908447265,8040797.89337042,0.0383164360146045
2023-02-02,170.0,170.85000610351562,165.5,166.89999389648438,149.98843383789062,19898080,5.117394794097893,-0.01840364295236885,167.93999938964845,168.8009991455078,46.996435690912755,0.03138058846238323,14.863380614987,171.26572892847636,164.6892683249416,3.9150842567012076,168.00116501088743,168.2660022044231,-0.01823533002068012,3.673517929701724,-0.01997430517772073,1679735087,29.59176523893232,57.82506109029601,171.41249872843426,164.6974993387858,168.05499903361002,-38442513.66770465,0.031470624138327206
2023-02-03,164.5,166.4499969482422,162.5500030517578,165.5500030517578,152.66270446777344,11730514,5.10927328242731,-0.008121511670583281,167.625,168.72199920654296,43.91987440035026,-0.17262264035215935,14.195867534660735,171.08604533411943,164.4339528348259,3.9652435238414516,167.76772101477985,168.07841474665898,-0.008088621294760845,3.7218374236320697,-0.05197508363993227,1668004573,26.666666666666668,39.16096754532694,171.23333129882812,164.44833374023438,167.84083251953126,-23371562.22519273,0.02370816958349164
2023-02-06,164.5,166.85000610351562,164.0500030517578,166.0500030517578,153.123779296875,7588936,5.1122889662013025,0.003015683773992528,167.36000061035156,168.64799926757811,45.346924181023724,-0.2906009804165137,13.410099074379701,170.96702687401952,164.25797160010157,4.002717759389227,167.60412882782538,168.0713378747924,0.003020235522700032,3.6559921113553373,0.005065390700688903,1675593509,31.11111111111111,29.123181005569993,170.98083216349283,164.27583338419598,167.62833277384442,-5260875.408397578,0.017021295147463904
2023-02-07,166.5,167.6999969482422,164.3000030517578,165.25,152.38604736328125,8699758,5.107459478731796,-0.00482948746950651,167.2,168.54499938964844,43.44213200227257,-0.443540368009792,12.577563366202563,170.60305842863954,164.1069406558331,3.881639503196895,167.3799260823182,168.0186494678481,-0.004817844246039815,3.63770652457884,-0.017746577365657566,1666893751,23.99997287326389,27.259250217013847,170.8466651916504,163.95666732788087,167.40166625976562,-6393513.769168821,0.020420383762668918
2023-02-08,165.60000610351562,165.75,164.10000610351562,165.5,152.61656188964844,8839686,5.1089711948171175,0.001511716085321524,167.1449996948242,168.45199951171875,44.23050103269379,-0.5383670634973612,11.717218708745238,170.56525560499642,163.899743784652,3.9857753920488195,167.20088550304982,167.85326191541995,0.001512859304084735,3.495727051143521,0.027258879621196427,1675733437,26.22219509548611,27.111093026620335,170.57749837239584,163.87750142415365,167.22749989827474,-657890.2563896072,0.009963730891730603
2023-02-09,165.9499969482422,166.64999389648438,164.64999389648438,166.0,153.07765197753906,5507650,5.111987788356544,0.0030165935394261822,167.15500030517578,168.3279995727539,45.85605393924247,-0.56664020596196,11.30903855936248,170.56637308114225,163.8936260033304,3.9901615117367366,167.0865154551403,167.75262339749483,0.0030211480362538623,3.3888894046332694,0.06100801454494589,1681241087,30.666639539930557,26.962935836226816,170.46166458129883,163.89166793823242,167.17666625976562,1616586.5812034642,0.012051823059832751
2023-02-10,165.10000610351562,165.8000030517578,164.10000610351562,165.0,152.15548706054688,9468345,5.10594547390058,-0.006042314455963371,167.025,168.18399963378906,43.14728172703274,-0.6621061699332529,10.665559583442668,170.61604912837598,163.74895026127248,4.1075464714540875,166.8877996975079,167.55786693784685,-0.0060240963855421326,3.2825397254797766,0.08015156868214503,1671772742,21.777750651041668,26.222195095486075,170.4008316040039,163.82583465576172,167.11333312988282,-5773367.806265512,0.010296770959392399
2023-02-13,165.10000610351562,168.1999969482422,164.8000030517578,167.85000610351562,154.7836456298828,9829152,5.12307075978896,0.017125285888379693,166.925,168.09799987792968,51.87289596931278,-0.5020051571524391,11.051975773786362,170.6204165021362,163.74958319268802,4.109718764075198,166.97943840284196,167.52953654372692,0.017272764263731144,3.290929309122962,0.09592740894498293,1681601894,47.11113823784722,33.185176142939774,170.4283317565918,163.7783348083496,167.10333328247071,16750972.859500038,0.020593541918784798
2023-02-14,168.5,168.5,164.85000610351562,166.0500030517578,153.123779296875,12916373,5.1122889662013025,-0.010781793587657518,166.41500091552734,167.91600006103516,46.96974657066125,-0.5144390212717838,11.522450390597966,170.61849613368304,163.76150417149273,4.1013170380598085,166.89092075035774,167.5011317186483,-0.010723878381319385,3.316576779648777,0.09143300215810303,1668685521,31.11111111111111,33.33333333333329,170.41333185831706,163.79833552042643,167.10583368937174,-9916016.258594794,0.0216616848456046
2023-02-15,166.0,166.5,164.1999969482422,165.8000030517578,152.89321899414062,11855678,5.110782261107454,-0.001506705093848204,165.99500122070313,167.72800018310548,46.314948683124385,-0.5382611196983476,11.609327550536673,170.56672682458273,163.6232740909446,4.155392270634229,166.78702382668155,167.4672207276341,-0.0015055705835914646,3.2439643705137082,0.0793023482720811,1656829843,28.88888888888889,35.70371274594904,170.3216657002767,163.7166684468587,167.0191670735677,-5281285.086198265,0.013855440070830196
2023-02-16,166.0,167.6999969482422,165.60000610351562,167.39999389648438,154.36866760253906,7923121,5.1203861215947075,0.009603860487253257,166.0450012207031,167.63899993896484,51.02104429378645,-0.4231565297729105,12.16667494192944,170.29708217682673,163.68791843352483,3.9577608163383258,166.84540192856753,167.56874920042873,0.009650125544491628,3.1622519758146264,0.08351435769377188,1664752964,43.11102973090278,34.37034324363422,170.20416564941405,163.6491683959961,166.9266670227051,6690852.345707756,0.012650547257388931
2023-02-17,167.0,169.64999389648438,166.4499969482422,168.0500030517578,154.96807861328125,10182025,5.124261572330935,0.003875450736227748,166.2950012207031,167.59299987792969,52.830128275567304,-0.2762999921768028,13.363665219939579,170.2090912339536,163.71090998674953,3.8920587107383913,166.96012584506184,167.25373600311428,0.003882970005813613,3.164948045273738,0.08508615233353592,1674934989,48.888888888888886,40.29626916956014,170.17166595458986,163.6066680908203,166.88916702270507,6642557.094717933,0.01916165837270771
2023-02-20,167.6999969482422,170.0,167.25,167.89999389648438,154.82974243164062,6679716,5.123368527731406,-0.0008930445995289915,166.4800003051758,167.56099975585937,52.34957083277137,-0.17005927576656177,14.588406336420364,170.10141364312184,163.7385872724055,3.811901721343657,167.04963708805445,166.76637847055835,-0.0008926459538786125,3.135308899182757,0.07337717356923794,1668255273,47.55547417534722,46.518464265046255,170.1783327738444,163.56333491007487,166.8708338419596,1546173.3284883345,0.01639833065023097
2023-02-21,169.0500030517578,174.25,169.0500030517578,173.25,159.76327514648438,26883881,5.1547356380700124,0.031367110338606174,167.28000030517578,167.6479998779297,64.68689011057377,0.34189686387534834,16.846588244683765,171.45005830375837,163.02994200141742,5.034750235983331,167.64014784157308,167.37476307285536,0.03186424239427943,3.3649301280636763,0.14768360568925587,1695139154,91.45298922364043,62.632450762625474,170.49999923706054,163.7150016784668,167.10750045776368,96401342.73362127,0.030760111531320775
2023-02-22,172.9499969482422,173.1999969482422,168.5,170.5,157.22735595703125,12225021,5.1387352967235715,-0.016000341346440905,167.78000030517578,167.67399993896484,56.57794670371034,0.5197326215563294,18.624822520148637,171.86350739477584,163.06149260522417,5.256110943973525,167.91251471380423,167.59821891873275,-0.015873015873015928,3.463863690344842,0.14841770480836491,1682914133,67.94870958865162,68.98572432921306,170.84749857584634,163.8075022379557,167.32750040690104,9721242.411207095,0.027175467078202554
2023-02-23,170.9499969482422,171.64999389648438,169.0,169.60000610351562,156.3974151611328,11184381,5.133442759345512,-0.005292537378059237,168.14000091552734,167.63399993896485,54.18402039927717,0.5813453673525544,20.276040061651734,172.08117477399483,163.21382644670828,5.28928155505053,168.07322817949103,167.99901330284516,-0.005278556577620996,3.4057301336405232,0.11151541517038684,1671729752,54.411810904651986,71.27116990564798,171.09249776204427,164.00750325520832,167.55000050862628,-3470168.953568175,0.015501573230719054
2023-02-24,170.25,171.1999969482422,169.39999389648438,171.0,157.68841552734375,8338893,5.14166355650266,0.008220797157147963,168.74000091552733,167.61199981689452,57.2165865793411,0.7346728679968066,21.809313493047465,172.49999624808748,163.26500466743988,5.500866114971266,168.35196835287283,168.2578250109805,0.008254680696355043,3.2910353420774725,0.11189670096889837,1680068645,67.98027631203115,63.44693226844489,171.26749750773112,164.3075030008952,167.78750025431316,6626209.884434794,0.010572705149825624
2023-02-27,171.14999389648438,173.5,170.5,172.39999389648438,158.97943115234375,17669762,5.149817322826369,0.008153766323708567,169.19499969482422,167.66399963378908,60.06333928848856,0.9581093361071851,23.805084267887455,173.06894975724552,163.0510499375787,5.960906717102481,168.73749459512155,168.8239357249979,0.008187098809850246,3.270247103357653,0.1770039777510051,1697738407,81.77332792134578,68.05513837934294,171.2966641743978,164.5516690572103,167.92416661580404,18700442.59636596,0.017528484411249656
2023-02-28,172.8000030517578,173.0,169.85000610351562,170.5,157.22735595703125,19044910,5.1387352967235715,-0.011082026102797293,169.63999938964844,167.6379995727539,54.739936278834215,0.9706813084272881,25.228777623367623,172.96373979251936,163.09126051265642,5.875513990803661,168.90535225272902,169.27433028881208,-0.011020846657484262,3.2616575885809906,0.08972186003424051,1678693497,63.054164975420555,70.93592306959913,171.22583134969076,164.69583562215172,167.96083348592123,-17889994.30727417,0.01822913102345765
2023-03-01,170.9499969482422,173.0500030517578,169.9499969482422,172.25,158.84112548828125,9318790,5.148946909893768,0.010211613170196365,170.28499908447264,167.6879995727539,58.39732912792377,1.1090703886389974,26.564103763721565,173.34611066289227,162.93388964228353,6.192590110122278,169.2238901334215,169.5186205169194,0.01026392961876832,3.2501110539334648,0.11949849049779468,1688012287,80.29555465355763,75.04101585010795,171.1216646830241,164.94166895548503,168.03166681925455,4908590.230908609,0.01813399332469249
2023-03-02,172.1999969482422,172.1999969482422,170.25,170.8000030517578,157.50399780273438,7725981,5.1404932992219035,-0.008453610671864453,170.625,167.74499969482423,54.46974483907672,1.0891866306700138,27.8040494654788,173.63208338420665,163.03791783649646,6.293501356995103,169.373996125644,169.83989846634879,-0.008417979380215934,3.1608174072239317,0.1533563005535963,1680286306,65.67168258084499,69.67380073660769,171.1183308919271,165.27833607991536,168.19833348592124,-5832235.837815213,0.011324024290362179
2023-03-03,172.0,175.0,171.5,172.60000610351562,159.1638641357422,12962719,5.150976814011527,0.010483514789623172,171.0800003051758,167.87899993896485,58.225796398416875,1.20478579159618,29.665114686983056,174.1325785928555,163.24242293302342,6.455816590190806,169.6812351711556,170.23896288382923,0.010538659365318281,3.2350445172966644,0.10300999342736579,1693249025,77.77784057113067,74.5816926018444,171.50749791463218,165.7075024922689,168.6075002034505,13611210.560114248,0.020348837209302327
2023-03-06,172.89999389648438,177.5,172.6999969482422,176.8000030517578,163.03692626953125,12402804,5.175019167464616,0.024042353453089582,171.97000122070312,168.155,65.39855361433055,1.6166676737587977,31.872999125184254,175.57043277469103,162.8795687511879,7.499402550620321,170.3592130645463,170.9043564283278,0.02433370104125765,3.3539694729529295,0.12494285692214395,1705651829,94.73686625846547,79.39546313681366,172.10833104451496,166.10833562215169,169.10833333333332,39264896.15313541,0.027761730602671886
2023-03-08,175.6999969482422,179.14999389648438,175.4499969482422,178.85000610351562,164.92733764648438,22099710,5.186547499831477,0.011528332366860461,172.53000183105468,168.41900024414062,68.26295972196812,2.084476597829763,34.18721485812119,177.23868534709493,162.57131678913555,8.632687952533665,171.1678600206386,172.07869744873133,0.011595039685365238,3.378685721187876,0.21002531610783534,1727751539,97.78606595406369,90.10025759455323,172.72666447957357,166.6966687520345,169.71166661580403,43291280.679686904,0.021058605648878497
2023-03-09,178.39999389648438,182.1999969482422,178.0,179.4499969482422,165.48060607910156,18874546,5.189896600587443,0.0033491007559662833,173.4250015258789,168.70400024414062,69.06999972288361,2.4751013595976588,36.73753861587919,178.73745533110352,162.46754649995117,9.53673524352863,171.95663496612468,173.0416165784525,0.003354715259999974,3.4373508088346125,0.15427240388576724,1746626085,82.53968253968254,91.68753825073719,173.59249776204427,167.30750172932943,170.44999974568685,21980130.092142545,0.02354258459604664
2023-03-10,178.0,181.0,177.8000030517578,180.75,166.67942810058594,12399692,5.197114861038874,0.0072182604514310356,174.54000091552734,169.0020001220703,70.8024451110153,2.856644064717358,38.97238675420967,180.30435270145642,162.3756491295983,10.46381666631203,172.79409830268423,173.72533380452919,0.007244374889194161,3.420396961649439,0.18300968067332132,1759025777,90.30102177771563,90.20892342382058,174.35666453043618,167.95166880289713,171.15416666666667,18073134.991285473,0.017977510945180828
2023-03-13,181.3000030517578,181.5500030517578,179.4499969482422,179.6999969482422,165.7111358642578,13669178,5.191288776806999,-0.005826084231874695,175.41000061035157,169.26100006103516,67.51317864042838,3.039258259018851,41.11956701057516,181.24764968518267,162.90235184069624,10.661222003863289,173.45180293559451,174.33393676635495,-0.0058091455145660165,3.326083328925595,0.13857011515817458,1745356599,81.75182075262602,84.86417502334136,175.13999811808267,168.69500147501628,171.9174997965495,-3544074.0795853427,0.011583045053320334
2023-03-14,178.64999389648438,181.0,177.1999969482422,177.89999389648438,164.05126953125,9217542,5.181221560363101,-0.01006721644389863,175.96000061035156,169.49,62.180195070558455,3.004106649183001,41.64163852331887,181.86961824972153,163.28538205545428,10.768632166902185,173.87544016996497,174.85795121445065,-0.0100167116434412,3.3599347376993243,0.08719028501219331,1736139057,68.61310941890731,80.22198398308295,175.74749832153321,169.26250076293945,172.50499954223633,-12242427.179665655,0.021270658727028324
2023-03-15,179.4499969482422,179.5500030517578,177.75,178.1999969482422,164.32794189453125,8548173,5.182906497911244,0.0016849375481431395,176.7300003051758,169.69399993896485,62.70891277086899,2.9662632478942044,42.126419213723736,182.27719900808776,164.09280068673647,10.49998460454023,174.2873027202771,175.30250432353932,0.0016863578530101897,3.2485110458463593,0.0892356219613742,1744687230,69.69696269109615,73.35396428754312,176.25666529337565,169.95666681925456,173.1066660563151,-2371157.0685860617,0.010030666382663566
2023-03-16,178.1999969482422,180.0,176.9499969482422,179.60000610351562,165.6189422607422,9405016,5.190732189852039,0.007825691940794854,177.46500091552736,169.93399993896483,65.15691101514562,3.0144919316595917,42.069165621117364,182.7116571877554,165.0383428122446,10.16437922387394,174.79327447106172,175.80745045585934,0.007856392700613002,3.234331903411463,0.0990411766269642,1754092246,79.68757636843291,72.66588282614542,176.96166534423827,170.5866668701172,173.77416610717773,7987686.647466755,0.01711561786751141
2023-03-17,181.6999969482422,181.6999969482422,175.89999389648438,176.9499969482422,163.1752166748047,47276890,5.1758671895450306,-0.014865000307008103,178.0800003051758,170.14099975585938,57.46693050402576,2.8065280113210918,42.42971315948945,182.75966763689848,165.94533266827727,9.643873735051594,174.9986766117456,176.5159425335907,-0.014755061610332354,3.417594128293345,-0.035085962137649994,1706815356,57.489847028981835,68.95812869617026,177.7108324686686,170.9658327738444,174.3383326212565,-80860232.00608122,0.03192076581822927
2023-03-20,177.5500030517578,177.5500030517578,174.9499969482422,176.0,162.29920959472656,5627841,5.170483995038151,-0.005383194506879185,178.4199996948242,170.2629998779297,54.96260056936783,2.535826858360565,42.175253629938716,182.6649856476641,166.8350143523359,9.058638795609856,175.0940407439603,176.8778002132583,-0.005368731080114486,3.3591949836663653,-0.03934625317627253,1701187515,49.79755834483406,62.3249939140829,178.08666636149087,171.40166575113932,174.74416605631512,-30517698.518821917,0.01464379644509324
2023-03-21,176.85000610351562,177.5500030517578,175.3000030517578,177.10000610351562,163.3135528564453,12894327,5.176714579252455,0.0062305842143040024,178.45,170.425,57.28385712165559,2.382590523320232,41.93896978107017,182.52577702644746,167.89422419425566,8.350866264038673,175.28508506391796,177.40532348344112,0.006250034679066152,3.279966770547339,-0.0007150534000173551,1714081842,58.36742167570153,55.218275683172436,178.475,171.83999938964843,175.15749969482422,-716673.9057897609,0.012722645871343693
2023-03-22,177.8000030517578,177.8000030517578,173.8000030517578,174.35000610351562,160.7776336669922,7893205,5.161064808128919,-0.015649771123536382,178.0,170.50400024414063,50.3036033047042,2.0160083175385353,40.795872012430394,182.53742018753505,167.99258164351963,8.298769559260501,175.19602992483203,177.5854977904386,-0.015527949775408945,3.3313977155082433,-0.08063510182468349,1706188637,34.30968326831853,47.491554429618,178.57166697184243,172.0566660563151,175.31416651407878,-14709767.135263253,0.02249718746537701
2023-03-23,174.0500030517578,175.85000610351562,173.6999969482422,174.60000610351562,161.00819396972656,5759884,5.1624976783626355,0.0014328702337165211,177.51500091552734,170.6370004272461,50.88947902624637,1.7257686028373485,39.6746791199874,182.41747403046534,168.5225284109409,7.9187015004619585,175.13926575137333,177.7548753893138,0.0014338972827541152,3.2470128183486144,-0.07930650052865724,1711948521,28.972027922165893,40.549710955395284,178.6433344523112,172.38333231608073,175.51333338419596,-3943275.0450877515,0.012352824576705593
2023-03-24,175.1999969482422,175.1999969482422,172.35000610351562,172.6999969482422,159.25607299804688,4977283,5.151555967481771,-0.010941710880864264,176.71000061035156,170.77000030517578,46.41126943006003,1.3271382543990455,37.84676801724271,182.16827939132912,169.0817221345498,7.45142046971074,174.90695443678942,177.96221542863424,-0.01088206809195058,3.218654105947039,-0.07226945257881709,1706971238,3.5532098480471057,22.278307012843808,178.82000096638996,172.53999913533528,175.68000005086265,-7619013.860620477,0.016267071314895687
2023-03-27,172.64999389648438,173.9499969482422,170.6999969482422,171.25,157.91893005371094,12077986,5.143124477142335,-0.008431490339436465,175.86500091552733,170.87600036621095,43.281080282419225,0.8840276749434963,35.30306898734252,182.14625410996734,169.12874741591156,7.411575909193621,174.55867306185712,177.7318114651762,-0.00839604501369362,3.2208930983793933,-0.12491293031282154,1694893252,4.782635232676631,12.435957667629838,178.96416753133138,172.53916600545247,175.7516667683919,-14215033.180814736,0.01882421149663405
2023-03-28,171.35000610351562,173.0,170.5,172.0,158.61056518554688,8750986,5.147494476813453,0.004369999671117952,175.2750015258789,170.96000030517578,45.33478068162245,0.5866159369091406,32.84338402558563,182.16824624704586,169.06675588918463,7.460241876907052,174.31498991310883,177.43022729829926,0.004379562043795637,3.1694007342094364,-0.14053312541605356,1703644238,12.820516164539347,7.052120415087657,178.9241676330566,172.54916610717774,175.73666687011718,-362851.3936049128,0.01459001990632965
2023-03-29,172.64999389648438,175.39999389648438,171.6999969482422,174.0,160.45486450195312,20272070,5.159055299214529,0.011560822401076365,174.8550018310547,171.12100036621095,50.483642561438714,0.5064601200798791,31.603007648989095,181.96301651691863,169.62198561931183,7.020226017960207,174.28499087376514,176.74822995373674,0.011627906976744207,3.2073004637832043,-0.0783991101020665,1723916308,31.250008514951574,16.284386637389147,179.08083419799803,172.65083236694335,175.8658332824707,26908476.202131692,0.021430623104803537
2023-03-31,174.8000030517578,177.25,174.60000610351562,175.10000610351562,161.46926879882812,8125121,5.16535727414912,0.006301974934590504,174.40500183105468,171.26900054931642,53.10014663091541,0.5256381280287883,31.109362857589666,181.89990561792897,169.97009712865307,6.7808044994774885,174.3626113718366,176.47668012295176,0.006321874158135676,3.210350430655833,-0.1154226419325321,1732041429,41.07149425819785,28.380672979229555,179.253333791097,172.86833318074542,176.06083348592122,14927947.195245884,0.01516014788454963
2023-04-03,175.60000610351562,178.10000610351562,175.4499969482422,177.8000030517578,163.9590606689453,9098662,5.180659340243796,0.015302066094676547,174.49000244140626,171.43600067138672,58.84812604089387,0.7500578266744071,30.926276889929195,181.80877611049806,170.76122663608396,6.266868643589501,174.68998200801957,176.20875420560088,0.015419742170917017,3.195325399894702,-0.07515057953336839,1741140091,65.1786164361726,45.83337306977396,179.5900011698405,173.1349993387858,176.36250025431315,21353555.487140067,0.015091167785673458
2023-04-05,178.3000030517578,178.3000030517578,175.14999389648438,175.89999389648438,162.20697021484375,10829323,5.1699156170447305,-0.010743723199065691,174.4800018310547,171.58000061035156,53.84684684573672,0.7657698764555789,30.58106492400423,181.71469413262918,171.18530739324973,5.967348650525469,174.8052212354924,176.0901170213579,-0.01068621553802973,3.1920885252788977,-0.0790635831178303,1730310768,48.214244355949496,51.48811835010662,179.74333470662435,173.3233319600423,176.53333333333333,-6599356.734562115,0.017666904662693904
2023-04-06,176.39999389648438,176.60000610351562,174.85000610351562,175.1999969482422,161.56146240234375,7159274,5.165928161083582,-0.003987455961148356,174.29000091552734,171.71000061035156,52.090414557789764,0.7135129523337014,30.079166224764702,181.6595559843139,171.08044493121344,5.9982485828897545,174.84281892242097,175.9463190367086,-0.003979516614731282,3.0890822020446906,-0.13199629158634238,1723151494,41.96426990080422,51.785710230975404,179.58500137329102,173.46999893188476,176.5275001525879,-5540765.545940464,0.009920635263893154
2023-04-10,175.85000610351562,178.0,175.1999969482422,177.60000610351562,163.774658203125,10968456,5.179533864924712,0.013605703841129468,174.61500091552733,171.92500061035156,57.24040214435987,0.8558934378174854,30.114892330488523,181.50714177669926,171.10785913882808,5.898377897066517,175.1054081777633,175.8503256997739,0.013698682631726689,3.0684336913099135,-0.18183004539197486,1734119950,63.39292891173469,51.19048105616276,179.4958351135254,173.47083206176757,176.48333358764648,15702674.697495757,0.0159226781607819
2023-04-11,178.10000610351562,179.75,176.5500030517578,178.10000610351562,164.23570251464844,9208605,5.182345224565776,0.0028113596410648256,174.96500091552736,172.1660006713867,58.24735593645923,0.9975773687484377,30.693938304901337,181.30809755551462,171.17190427554004,5.751357936518,175.39060798021592,175.182323680103,0.0028153152185623753,3.077831066805076,-0.16561529524135915,1743328555,82.16222814611487,62.50647565288455,179.35833536783852,173.4333323160807,176.39583384195964,8303759.899165253,0.01796741627500158
2023-04-12,178.0,178.3000030517578,175.3000030517578,175.8000030517578,162.11476135253906,7591360,5.169347002610336,-0.012998221955440314,175.2750015258789,172.3640008544922,52.16215973279257,0.9137388675569866,30.460840893038142,180.61973351635146,171.36526861987903,5.258442740631674,175.42959798702944,175.2133709088099,-0.012914109898575776,3.072271704890428,-0.2367702730594603,1735737195,57.297330289273646,67.61749578237436,179.17916895548504,173.27416559855143,176.2266672770182,-8872180.811606374,0.016853932584269662
2023-04-13,176.0,176.10000610351562,172.3000030517578,173.0500030517578,159.57882690429688,9944382,5.153580587716474,-0.015766414893861658,175.4550018310547,172.49900085449218,45.977288151246896,0.6182672342297053,28.716121462425495,180.12672385367856,171.19327889290346,5.085645503207548,175.20296989795597,174.9690277058272,-0.015642775610136717,3.1242525153809555,-0.22119705416489435,1725792813,27.56760055954392,55.67571966497744,178.94333572387694,172.86833267211915,175.90583419799805,-21188760.60386879,0.021590926430442116
2023-04-17,172.35000610351562,173.9499969482422,169.25,169.60000610351562,156.3974151611328,17401126,5.133442759345512,-0.02013782837096212,175.21500244140626,172.5140008544922,39.62897096460438,0.10451315259805938,27.41002858614683,180.30503231717944,170.1849716501057,5.774807014478139,174.66935429848544,174.455751768203,-0.019936416569783733,3.236805689156758,-0.2518955499522713,1708391687,3.3333914620535716,29.39944077029034,178.60000228881836,172.43499984741212,175.51750106811522,-47085474.59860812,0.02727007126080001
2023-04-18,170.0,170.75,169.0,170.10000610351562,156.85850524902344,16199789,5.136386535283742,0.002943775938229365,174.82500305175782,172.49300109863282,40.90253301417062,-0.2593057222141226,26.283739068751917,180.17813000944076,169.50187487337175,6.106300038314703,174.2341782799169,173.96759388499729,0.0029481131014512663,3.130605282788418,-0.20895992630613944,1724591476,10.232614916424419,13.711202312673933,178.17000223795574,172.01000010172524,175.0900011698405,-10295228.532869376,0.010294117647058823
2023-04-19,168.75,169.9499969482422,166.8000030517578,167.10000610351562,154.09201049804688,16314641,5.118592472127474,-0.01779406315626808,174.0250030517578,172.43500122070313,35.99593057966045,-0.7807101885517511,25.95480106193255,180.07871181534898,168.35129306746353,6.731577983262225,173.55473331073583,173.3854803477089,-0.017636683670512743,3.142705123429089,-0.2842560307203755,1708276835,2.316626428228884,5.294210935568921,177.6300018310547,171.46000061035156,174.5450012207031,-36061024.844289795,0.018666630497685185
2023-04-20,167.10000610351562,170.1999969482422,166.8000030517578,169.6999969482422,156.4896240234375,15498083,5.1340321542569285,0.015439682129454901,173.21500244140626,172.49100128173828,42.44035347281588,-0.9729143020454671,25.530197318932235,179.8889317296726,167.81607315313988,6.94431107231353,173.1876155619269,173.0725062895416,0.015559489825008876,3.161082892933038,-0.13620904670397513,1723774918,22.393780539678165,11.647673961443786,177.04583485921225,171.11583455403647,174.08083470662433,14842907.65911165,0.020347060277054307
2023-04-21,169.64999389648438,169.9499969482422,168.39999389648438,169.6999969482422,156.4896240234375,6672391,5.1340321542569285,0.0,172.59500274658203,172.57400115966797,42.44035347281588,-1.1124142279787748,25.13592241471766,179.7478073851109,167.32719719252583,7.1573060743455015,172.85546140824263,172.98783917034808,0.0,3.046005761420522,-0.10981388414948517,1730447309,22.393780539678165,15.701395835861701,176.6525011698405,170.82750116984047,173.7400011698405,4947635.886370551,0.009136475729575213
2023-04-24,168.5,171.25,168.1999969482422,170.9499969482422,157.64230346679688,8088991,5.141371098233553,0.007338943976624712,172.17000274658204,172.67200103759765,45.50006171043292,-1.1093168568099259,24.115156282661196,179.31197629289628,167.1480273692131,7.021848868619333,172.6739886025283,172.74272518730814,0.007365940026394124,3.0462912821589,-0.1181144567741503,1738536300,32.046292466869566,25.611284515408595,176.36666768391927,170.46166737874347,173.4141675313314,8390037.79545685,0.018100908319037462
2023-04-25,171.3000030517578,172.4499969482422,170.35000610351562,171.10000610351562,157.78067016601562,9175412,5.14224821657036,0.0008771183368070368,171.52000274658204,172.78900115966798,45.87191956484846,-1.0822818116637052,22.608637182180257,179.1945959873652,166.9404076747442,7.080583115242122,172.52408550738423,172.50361104959637,0.0008775031175862757,2.978698393770876,-0.10292398016107183,1747711712,33.204664595241375,29.214912533929663,176.07083384195965,170.35583445231117,173.2133341471354,3714276.4674227918,0.012259140731550695
2023-04-26,171.10000610351562,171.6999969482422,169.5,169.85000610351562,156.62794494628906,9032416,5.134915730541333,-0.007332486029027585,170.69500274658202,172.87600128173827,43.22527486522833,-1.148481912342163,21.56352595743716,179.06830285638353,166.59170080572585,7.2190024408226545,172.26941127844435,172.10496579889264,-0.007305668938689225,2.923076861947398,-0.12539071810991853,1738679296,23.552152668049974,29.601036576720265,175.85499979654946,170.13500162760417,172.99500071207683,-6288921.177525735,0.012857959495987323
2023-04-27,170.0,171.35000610351562,168.8000030517578,170.9499969482422,157.64230346679688,9054900,5.141371098233553,0.006455367692220548,170.21000213623046,172.97500122070312,46.168663652303884,-1.0995114177121366,20.87790945952093,179.03450295157174,166.45050071053763,7.284832688912597,172.14375277080603,171.6926887068584,0.006476248485126179,2.896428732648142,-0.07806834299461882,1747734196,32.046292466869566,29.601036576720265,175.68750050862633,169.99750111897788,172.8425008138021,4543897.674101122,0.015000017951516544
2023-04-28,171.89999389648438,172.5,169.60000610351562,172.0,158.61056518554688,21552892,5.147494476813453,0.00612337857989953,170.1050018310547,173.11500122070314,48.892395150637505,-0.9648532492126378,19.67176460912443,179.0448563825404,166.51514727956896,7.251828319357843,172.13006203072928,171.48488109688685,0.006142164787962701,2.8966833872078728,0.020878029481865738,1769287088,40.154426051413296,31.917623728777574,175.64000040690104,169.98500162760416,172.8125010172526,16601700.807504734,0.01687023850757498
2023-05-02,172.64999389648438,176.0,172.5500030517578,175.60000610351562,161.9303436279297,8893428,5.168208715959078,0.02071423914562498,170.7050018310547,173.27000122070314,56.937406691342325,-0.5611763824529419,19.387117420070638,179.33084245441984,166.58916181804108,7.366836539665908,172.46053289480417,171.2964601601004,0.020930268043695577,2.975491716693025,0.04285316064799448,1778180516,67.95370753313043,46.71814201713772,175.83166707356773,170.0816685994466,172.95666783650717,26878163.65661942,0.019982606835831685
2023-05-03,175.60000610351562,178.64999389648438,175.10000610351562,176.35000610351562,162.6219482421875,11194149,5.1724706912922995,0.0042619753332218124,171.3300018310547,173.4760012817383,58.406369113944244,-0.17868110071867704,19.92782208739887,179.60547971934727,166.5495251634652,7.543415158941317,172.83095891468145,171.2816352335456,0.00427107046658004,3.0165271507127196,0.007479832979803143,1789374665,80.59080531701608,62.8996463005199,175.9741668701172,170.23916931152345,173.1066680908203,14556462.385539807,0.02021633069235797
2023-05-04,176.4499969482422,177.4499969482422,174.8000030517578,176.35000610351562,162.6219482421875,4671155,5.1724706912922995,0.0,172.2550018310547,173.68700134277344,58.406369113944244,0.12303094167390327,20.284489042630785,179.7674162788219,166.51258860399057,7.655554746406466,173.166106265999,171.18152750669313,0.0,2.990346203982124,0.03437582552740202,1794045820,80.59080531701608,76.37843938905417,176.0016667683919,170.26666920979818,173.13416798909506,4852154.12851327,0.01501838448465201
2023-05-05,176.35000610351562,176.39999389648438,173.0,174.25,160.6854248046875,5958697,5.160491049640633,-0.011979641651666206,172.71000213623046,173.82400146484375,52.581669449394624,0.19049110404662883,19.77794458720152,179.2632869013897,166.66171767624704,7.285723239653506,173.26933424066576,171.14312508860442,-0.011908171425199399,3.0196067534465705,-0.00512071628551736,1788087123,62.86922113157207,74.6836105885347,175.91083246866862,170.1008364359538,173.0058344523112,-6724815.3364957385,0.01927980594731941
2023-05-08,174.8000030517578,177.5500030517578,174.5,177.0500030517578,163.26742553710938,6287186,5.176432195794613,0.015941146153979346,173.44500274658202,174.00400146484375,58.52131990090672,0.46453573562934025,19.68381213900429,179.44669883647364,166.59330665669043,7.428847518057926,173.62939793696023,171.38870669628446,0.016068884084693424,3.0396350604688016,0.0417100278599961,1794374309,86.49795712341344,76.65266119066716,175.90166575113932,170.10167032877604,173.00166803995768,9494488.21248075,0.017448529739754724
2023-05-09,177.1999969482422,178.64999389648438,175.1999969482422,176.0,162.29920959472656,7918748,5.170483995038151,-0.005948200756461297,173.95000305175782,174.16600158691406,55.70349617328206,0.590188286323098,19.939022045788033,179.55012033764675,166.5698854606931,7.500424511443203,173.85516956201164,171.8498581527076,-0.005930545233884366,3.068946623881186,0.04179363600832288,1786455561,77.63716503069143,75.66811442855895,176.03999862670898,170.07000350952148,173.05500106811525,-2378310.3065737984,0.019469509072564412
2023-05-10,176.0,177.35000610351562,174.9499969482422,177.0500030517578,163.26742553710938,6231734,5.176432195794613,0.005948200756461297,174.54500274658204,174.24200164794922,57.88722282642611,0.7656691516926344,20.051040479392306,179.44969011770405,166.61531537546,7.4173201788804235,174.15943941817795,172.5585389219107,0.005965926430442137,3.02116537612349,0.027472470096943345,1792687295,86.49795712341344,83.54435975917274,175.9958323160807,170.06583658854169,173.0308344523112,3569456.376304013,0.013636415654962713
2023-05-11,177.60000610351562,180.0,176.9499969482422,179.5500030517578,165.57286071777344,12125975,5.190453737668793,0.014021541874180699,175.51500244140624,174.42300170898437,62.613099823280194,1.0938587852249668,20.936813008466125,179.7772520524358,166.43275313555245,7.70890425863773,174.67282643089985,173.6052862956649,0.014120304755200541,3.02322521009737,0.06920331213631235,1804813270,96.18646752658972,86.77386322689817,176.02333246866863,170.10833613077799,173.06583429972332,21399777.12543467,0.017173440016550974
2023-05-12,179.10000610351562,179.25,174.5,174.9499969482422,161.33090209960938,8920297,5.164500201370097,-0.025953536298696456,175.91500244140624,174.5300015258789,51.22280487690234,0.9715697344616103,20.60600344608751,179.6761157543822,166.44888882325452,7.6430346009057475,174.69922362302768,174.00678522052823,-0.02561963812492729,3.167995055930259,0.05849361363652355,1795892973,57.203375036368925,79.96259989545733,176.09916559855142,170.00916926066083,173.05416742960614,-20222354.72163652,0.026521495466921487
2023-05-15,174.0,176.75,173.85000610351562,175.9499969482422,162.25308227539062,7980565,5.170199846423134,0.005699645053036662,176.31000213623048,174.62900146484375,53.2153115391172,0.9444592846103887,20.019215615882484,179.93975845984323,166.4752455074419,7.77363151029849,174.81834489209572,174.3430865511178,0.005715918933658859,3.148852115969839,0.10492087853836626,1803873538,63.83924861342528,72.4096970587946,176.13916498819987,170.13916956583657,173.13916727701823,-1420408.2405455075,0.01666663158899066
2023-05-16,176.89999389648438,178.0,175.5,177.4499969482422,163.63632202148438,7874923,5.178688861894659,0.008489015471525363,176.49500122070313,174.73000152587892,56.11139252965362,1.0321139545604865,19.8821147394971,180.36047496334066,166.83952808841713,7.788563799584958,175.06897842125252,174.72456185720404,0.008525149337974991,3.102505536257708,0.20619423050514551,1811748461,77.23210940554739,66.09157768511382,176.3316650390625,170.55166931152343,173.44166717529296,7401453.586484831,0.014132278610834275
2023-05-17,177.4499969482422,177.85000610351562,175.0500030517578,176.0,162.29920959472656,6639494,5.170483995038151,-0.008204866856507564,176.46000061035156,174.8400015258789,52.71438420453345,0.9733580111623326,19.54694800234065,180.53261425271128,167.257388188695,7.634046965598346,175.157647143038,175.12337537195225,-0.008171298806306071,3.080898215936287,0.18342224277442407,1805108967,64.28570455434105,68.45235419110453,176.70166524251303,170.8166692097982,173.7591672261556,-3951012.8297532653,0.01577911017138256
2023-05-18,177.0,177.6999969482422,174.64999389648438,175.10000610351562,161.46926879882812,6921939,5.16535727414912,-0.005126720889031766,176.33500061035156,174.89700164794922,50.66414995513477,0.8444373684822608,19.04611534984733,180.16645098951523,168.423551451891,6.737370237460018,175.15215752022633,175.51202485526346,-0.0051136016845703125,3.078691418494967,0.23904429813540937,1798187028,52.884646421371706,64.80082012708668,177.08999888102213,171.21500193277996,174.15250040690105,-5470139.511142528,0.017231655659648657
2023-05-19,175.0,175.35000610351562,172.9499969482422,173.3000030517578,159.80938720703125,6657753,5.155024214331242,-0.01033305981787791,176.24000091552733,174.9470016479492,46.74802970856646,0.5902179620430559,17.814147859291673,179.98131729658112,168.96868575517666,6.3118678579125955,174.97576185656266,176.23600807858554,-0.010279857161704986,3.030214113979144,0.16024169937571026,1791529275,10.067118217772707,42.412489731161784,177.2883331298828,171.51333465576172,174.40083389282228,-9812696.982280664,0.013714338030133928
2023-05-22,173.3000030517578,177.0500030517578,173.14999389648438,174.10000610351562,160.54710388183594,13339834,5.159629881831671,0.0046056675004289005,175.94500122070312,174.9770016479492,48.647868785216765,0.4481349900495104,17.323732266727337,179.7540437042738,169.63596026301136,5.791856278870448,174.89235654674866,176.18199372124477,0.004616289888459413,3.0923423312144505,0.09061783803700953,1804869109,16.312179538513817,26.421314725886038,177.6766670227051,171.66666793823242,174.67166748046876,3843706.279201529,0.022504380188087245
2023-05-23,174.9499969482422,175.64999389648438,172.8000030517578,174.14999389648438,160.59320068359375,8359389,5.159916961764547,0.00028707993287646616,175.76000061035157,174.92400146484374,48.77085466375044,0.3356971010030634,16.70794884726006,179.62426776475752,170.08573589735187,5.455109529335514,174.8216553419616,175.97845004435345,0.00028712114426365787,3.0750315107510295,0.05167738288380919,1813228498,18.749880790659923,15.043059515648778,177.86999969482423,171.8800018310547,174.87500076293946,1559813.697518674,0.016290316630126686
2023-05-24,174.0,175.3000030517578,173.4499969482422,174.9499969482422,161.33090209960938,8507023,5.164500201370097,0.004583239605549849,175.55,174.84600128173827,50.80162090225155,0.30759703706414143,16.136149957754732,179.49491404618567,170.60008870039638,5.081378069385268,174.83387835208353,175.86374218303192,0.004593758712580387,2.9875296959485005,0.09627681507598969,1821735521,29.861038996818966,21.6410331086642,178.02083358764648,172.05583419799805,175.03833389282227,5057034.140088825,0.010632218985721982
2023-05-25,174.9499969482422,175.5500030517578,173.39999389648438,174.5,160.91598510742188,7986243,5.161924741642482,-0.0025754597276153035,175.0449996948242,174.74700134277344,49.61033074181646,0.24617874566172304,15.712732773332249,179.0509976453523,171.50900449087817,4.302825826400618,174.80208041378987,175.83613048148933,-0.002572146076546211,2.927706800185996,0.13267281955200272,1813749278,23.611078733265657,24.073999506914813,178.22500076293946,172.2650001525879,175.24500045776367,-710178.6052507465,0.012289278038167121
2023-05-26,175.0,177.25,174.10000610351562,174.5,160.91598510742188,6926193,5.161924741642482,0.0,175.0,174.62200134277344,49.61033074181646,0.19525354589444532,16.01063245410879,178.69266476625802,172.22233767514825,3.687689067776544,174.7733108505718,175.77457578312314,0.0,2.943584449921594,0.06923184585292694,1820675471,23.611078733265657,25.69439882111672,178.5008336385091,172.4808339436849,175.490833791097,-236726.20175024885,0.017999965122767858
2023-05-29,174.9499969482422,177.8000030517578,174.8000030517578,176.3000030517578,162.5758514404297,9943211,5.172187106713852,0.01026236507137046,175.03500061035157,174.55400146484374,54.55419795373097,0.29671976050883586,16.494318490570247,178.50666471242113,172.83833803416093,3.2266442578940837,174.9187101078276,175.76238262902046,0.010315203735001832,2.969042921481324,-0.012299030039440403,1830618682,48.61113171519458,31.94442972724193,178.7525006612142,172.7225003560384,175.73750050862628,11852964.695597816,0.017147756800976282
2023-05-30,177.0,178.0,175.60000610351562,176.8000030517578,163.03692626953125,9727639,5.175019167464616,0.0028320607507641427,174.97000122070312,174.53200164794922,55.84999647076372,0.4127207006140168,17.02051627234544,178.608485017645,172.85651742376123,3.2731381810015012,175.09788086439238,175.8100285390234,0.002836074823284074,2.92839656255297,-0.053846598294850105,1840346321,55.55557910307952,42.592596517179885,178.80416717529297,172.87916717529296,175.84166717529297,7193534.565199273,0.013559287550759181
2023-05-31,177.0,177.0,171.9499969482422,173.85000610351562,160.3165740966797,41785992,5.158192893561811,-0.016826273902805333,174.7550018310547,174.4450018310547,47.28372831707685,0.263573866356694,16.006443915778767,178.58092986747775,172.63407257392848,3.386448330629837,174.9790356490708,175.14267317611007,-0.016685502812907704,3.0799398832104585,-0.08149416171532456,1798560329,26.027511794202915,43.39807420415897,178.75750122070312,172.68249969482423,175.72000045776366,-79781187.73111522,0.028531090687897245
2023-06-01,173.60000610351562,174.6999969482422,171.85000610351562,174.39999389648438,160.82374572753906,11602551,5.161351476477656,0.003158582915845365,174.68500061035155,174.34100158691408,48.858642640600614,0.18759091284368878,15.108644056070576,178.50743360022685,172.5125676204763,3.415683413425377,174.92388881549115,174.9673256890505,0.0031635764950233014,3.06351495189018,-0.037212008668047844,1810162880,41.463257295693296,41.015449397658536,178.64000091552734,172.5449996948242,175.59250030517578,-22339554.965506833,0.01641699737629702
2023-06-02,175.89999389648438,175.89999389648438,173.39999389648438,174.5500030517578,160.96206665039062,7262018,5.162211251034619,0.0008597745569627335,174.81000061035155,174.29300170898438,49.30351913234425,0.13788886292977054,14.34151011049297,178.49998030326674,172.55002122261214,3.3898071811949397,174.88828064751655,174.9221854290867,0.0008601442690558958,3.0232638838980246,-0.03206475803686953,1817424898,43.90243297291128,37.13106735426913,178.59833450317382,172.59333267211915,175.5958335876465,-6720272.19799528,0.0142126213004375
2023-06-05,175.8000030517578,176.1999969482422,173.5500030517578,174.10000610351562,160.54710388183594,12239684,5.159629881831671,-0.0025813692029483803,174.81000061035155,174.2550018310547,47.95584394827982,0.06147993492740511,13.765196454765595,178.32783547369473,172.42716635735997,3.3645530843645077,174.81320688142122,174.79570707322088,-0.0025780403344293212,2.9966017419399065,-0.08563693416205725,1805185214,36.58540216253232,40.65036414371226,178.49083404541017,172.5258331298828,175.5083335876465,-5911971.030964247,0.015073912687613449
2023-06-06,174.5,175.75,173.5500030517578,175.39999389648438,161.7459259033203,4889564,5.167069045140387,0.007439163308716523,174.93500061035155,174.22100158691407,52.034790782391326,0.1046174940805713,13.230048060161606,178.28407584294462,172.41092537775853,3.349434947599913,174.8690913590463,174.73500978950855,0.007466902627193628,2.939701399532926,-0.05008647587235586,1810074778,57.723436034596546,46.07042372334667,178.34250081380208,172.50249989827472,175.42250035603843,2266925.331638219,0.012607432368150071
2023-06-07,175.9499969482422,178.0,175.39999389648438,177.35000610351562,163.54409790039062,6270083,5.178125215634717,0.01105617049432972,175.1750015258789,174.28100158691407,57.425086455670034,0.2927790342164087,13.721526493935727,178.33653452465094,172.38846700122795,3.391869697081805,175.10536895375768,174.77483053696844,0.011117515820337376,2.9154374498174045,-0.05754806438641171,1816344861,89.43098306396789,61.24660708703221,178.37583389282227,172.5158332824707,175.4458335876465,8906800.70327882,0.014776960208078026
2023-06-08,178.75,184.35000610351562,178.10000610351562,182.0500030517578,167.8782196044922,27382635,5.204281391384737,0.02615617575002016,175.93000183105468,174.4300015258789,67.03953713917981,0.8117910625676075,15.945361613085632,179.25842626003137,171.71657526584752,4.297657076085377,175.76676267737673,175.85414670351818,0.026501250558169653,3.2071919176875903,-0.05954097667527991,1843727496,81.5999755859375,76.25146489483394,178.66916732788087,172.4891670227051,175.57916717529298,88767800.85764608,0.03496503496503497
2023-06-09,184.0,184.25,180.5500030517578,182.8000030517578,168.56985473632812,10235269,5.208392675714567,0.0041112843298298785,176.76000213623047,174.6320016479492,68.27087482150525,1.2690022977422757,18.010351366581972,180.80345605633204,170.95654607989843,5.598652442934698,176.43659509398444,176.3328394131123,0.004119747253103601,3.2423922770129185,-0.0167539484752899,1853962765,87.5999755859375,86.2103114119476,178.93166732788086,172.85666732788087,175.89416732788087,34706901.4525487,0.020108679066533627
2023-06-12,182.8000030517578,186.4499969482422,182.64999389648438,185.6999969482422,171.2440948486328,17450400,5.224132451924854,0.015739776210287104,177.70000152587892,174.92100158691406,72.54226361113113,1.8440932082368988,20.36379720449727,182.89247370817216,169.84252842805833,7.3992913666525135,177.318823842009,177.25437294931652,0.01586429895005681,3.2822216180661252,0.014035800307513512,1871413165,94.86301047736002,88.02098721641164,179.44750086466473,173.2824999491374,176.36500040690103,45306336.14499019,0.020787762518154243
2023-06-13,186.0,186.64999389648438,185.0,185.35000610351562,170.9213409423828,8332566,5.222245962526418,-0.0018864893984362752,178.55500183105468,175.1880017089844,71.29484161606977,2.2457282051051095,22.586689425057745,184.36867575364002,169.15632729811782,8.606094801897244,178.08369834310488,177.76504873469895,-0.0018847110957364022,3.165633923667429,-0.02560045938461858,1863080599,91.21629145135948,91.22642583821896,179.83916727701825,173.75916697184243,176.79916712443034,13157897.506276842,0.00887093492733535
2023-06-14,185.35000610351562,188.39999389648438,185.35000610351562,187.1999969482422,172.62730407714844,15061573,5.232177547741366,0.009931585214948413,179.89000091552734,175.45200164794923,73.85415010058838,2.6823847719731475,24.96873472042221,186.1696177108118,168.47538503577022,9.978560271825012,178.95191725787987,178.6378263706756,0.009981067082853956,3.1573734857603806,-0.0025203294581065756,1878142172,92.74925780457671,92.94285324443204,180.3858329772949,174.28083419799805,177.33333358764648,22961813.940212805,0.01645528833306523
2023-06-15,187.0,187.3000030517578,185.35000610351562,186.6999969482422,172.16624450683594,9840499,5.229503034201893,-0.0026745135394730113,181.12000122070313,175.68400146484376,71.98606678146488,2.954040090493976,27.18063392326064,187.5733569903772,168.23164484067752,10.872085580676357,179.68982960934295,179.1591660139154,-0.0026709402144822203,3.071132304509081,0.033047488376942206,1868301673,89.72810753996791,91.23121893196799,180.8624994913737,174.86750132242838,177.86500040690106,4373771.646737603,0.010427791167070521
2023-06-16,186.89999389648438,188.6999969482422,186.0500030517578,188.1999969482422,173.5494842529297,8562558,5.237505210935775,0.008002176733882038,182.48500061035156,175.89200134277343,74.10241236934034,3.2528692991299977,29.48144000180323,189.05309750004804,168.24190372065507,11.649305872341479,180.50032173685716,179.6896470383178,0.008034279724256521,3.0410509896501736,0.07368293569158796,1876864231,97.03263933727013,93.17000156060487,181.564165242513,175.5441685994466,178.5541669209798,10020481.882245868,0.014178672996383772
2023-06-19,188.1999969482422,188.1999969482422,185.1999969482422,185.85000610351562,171.38241577148438,5363723,5.2249399295843455,-0.012565281351429647,183.66000061035157,176.09100158691408,65.72512328902566,3.2624613547597505,31.06244124127802,189.87149897441532,168.5985022462878,11.868773763877737,181.00981548606273,180.03424435638968,-0.012486667815264862,3.0381187761037327,0.09214584384447308,1871500508,83.08609855643627,89.9489484778914,182.1016647338867,176.17166900634766,179.13666687011718,-5062972.668350903,0.015940489100140873
2023-06-20,186.0,188.0,184.5500030517578,187.5,172.9039764404297,6035600,5.233778845410465,0.008838915826119731,184.87000122070313,176.33700164794922,68.4242637888374,3.3644208960153605,32.11220650501614,190.849804471438,168.9551973596167,12.170262781450628,181.62792829691392,181.90189562361132,0.008878094389544122,3.067538645542194,0.11313211125946399,1877536108,92.8783525207805,90.99903013816225,182.75583190917968,176.76583557128907,179.76083374023438,4951477.88496376,0.018548370689474125
2023-06-21,187.5,188.6999969482422,186.5,187.5,172.9039764404297,5906854,5.233778845410465,0.0,185.88500061035157,176.5350015258789,68.4242637888374,3.4059627486114437,33.25310701552642,191.70619759187855,169.35380454435193,12.3815393094098,182.18717322101736,182.793985119196,0.0,3.0055713814493363,0.08937435676863072,1883442962,92.15688425562556,89.37377844428075,183.423331451416,177.39833602905273,180.41083374023438,1650492.6283212535,0.011733317057291666
2023-06-22,187.5,187.9499969482422,183.35000610351562,184.5,170.13748168945312,6683123,5.217649463480582,-0.016129381929883557,186.13000030517577,176.6630014038086,58.68002026086978,3.1603791545074102,32.49277177437545,191.9747424750795,170.08525966115099,12.091632704400341,182.4074424380633,183.32020296231568,-0.016000000000000014,3.119458485969138,0.07464079894477611,1876759839,72.27723669765427,85.7708244913534,184.0849973042806,177.815003712972,180.9500005086263,-12816081.790559582,0.024533284505208332
2023-06-23,184.5500030517578,187.5,183.75,186.6999969482422,172.16624450683594,15255365,5.229503034201893,0.011853570721311435,186.5199996948242,176.8810012817383,62.85732951822745,3.107452970900937,31.78674619330669,192.41963695187658,170.8603648791781,11.869231427016313,182.81625715331842,184.31942688590888,0.011924102700499706,3.164497165542771,0.13006264527879202,1892015204,86.7986745495382,83.74426516760597,184.64999745686848,178.32000325520832,181.48500035603843,18102477.032693923,0.02031969622318726
2023-06-26,187.39999389648438,187.39999389648438,184.4499969482422,184.89999389648438,170.50637817382812,7231775,5.219815105383259,-0.009687928818634006,186.43999938964845,177.11800109863282,57.7160743494394,2.88698403122973,31.131151010885702,192.64749307468526,171.4925078408421,11.619149327541551,183.0147082717152,184.68836211407572,-0.009641152014891685,3.149175721449872,0.11035601011971577,1884783429,71.42855503889842,76.8348220953636,185.1116635640462,178.78666966756185,181.94916661580405,-2643985.702185928,0.015741713150063924
2023-06-27,184.89999389648438,186.9499969482422,184.8000030517578,186.0500030517578,171.5668487548828,6787438,5.226015471195522,0.006200365812262909,186.50999908447267,177.44700103759766,59.96887993634045,2.7730904751418564,30.522384055780492,192.95561106155213,172.1093898539752,11.42055313727572,183.3037839650526,185.0692292577004,0.006219627870389655,3.0778055910951934,0.11645997920299879,1891570867,75.00003598774114,77.74242185872589,185.55583012898762,179.25583623250324,182.40583318074545,4322415.326505244,0.011627874350758722
2023-06-28,186.0500030517578,190.60000610351562,185.3000030517578,189.10000610351562,174.3794403076172,32476741,5.242276007941067,0.01626053674554484,186.7,177.82700103759765,65.25592304731038,2.8955605481460793,31.125930504688093,193.2882428794151,173.30175803611226,10.90399890525562,183.8558051210967,186.38180378132253,0.016393458756941426,3.236533981142523,0.22995123406763615,1924047608,85.07463139787167,77.16774080817038,186.27166366577146,179.9466697692871,183.1091667175293,67476911.21626712,0.028486981805011788
2023-06-30,188.10000610351562,191.64999389648438,188.0,189.14999389648438,174.4254913330078,9579059,5.242540318810914,0.0002643108698467955,186.94499969482422,178.26800079345702,65.33672708237313,2.9625026737492135,31.954349249371425,193.4516952421571,174.61330567337023,10.23644710685782,184.36001357589552,186.8360872794258,0.000264345803042465,3.2660668322383692,0.17503661078621557,1933626667,72.22222222222223,77.43229653594499,187.1091636657715,180.70416946411132,183.90666656494142,22811527.75084067,0.019404538958258735
2023-07-03,190.0,192.60000610351562,188.6999969482422,191.25,176.362060546875,7352149,5.253581472706645,0.011041153895731348,187.25,178.6990008544922,68.63673385716653,3.1487113482344284,32.95481045657039,193.72002762357954,176.01497298677202,9.577159104537222,185.01620275914357,187.27019266089852,0.011102332388468916,3.311348426740874,0.18771878105253312,1940978816,85.40533942145271,80.90073101384883,187.9908309936523,181.44583587646486,184.71833343505858,17896881.099584423,0.020526363975123356
2023-07-04,191.10000610351562,194.8000030517578,189.0,194.0500030517578,178.94407653808594,13258826,5.268115873541572,0.014534400834927297,188.06999969482422,179.1860009765625,72.40848815436205,3.4820806517663527,34.36064078060902,194.11503658901498,177.61496371616082,8.87745022425322,185.8765646917735,187.8341293530015,0.014640538832720651,3.4891094713849413,0.2627225520935091,1954237642,93.4497799135646,83.69244718574647,189.048331451416,182.18833541870117,185.6183334350586,30715462.541678697,0.030350616779237827
2023-07-05,194.0,194.75,192.35000610351562,193.39999389648438,178.3446807861328,6558910,5.264760551460167,-0.003355322081405099,188.65999908447264,179.63500091552734,70.29503600014843,3.6517330150613816,35.6660546529306,194.13216081042802,179.39783949474779,7.8892304787525624,186.59308175888881,188.18884117059042,-0.003349699278799134,3.4113155017491867,0.24236908021211032,1947678732,87.7728425465793,88.87598729386549,189.98833134969075,183.1083356221517,186.5483334859212,7396253.148149899,0.01237110255919781
2023-07-06,193.5,197.14999389648438,192.75,196.75,181.43389892578125,16276609,5.281933887297512,0.01717333583734515,189.58499908447266,180.14800079345704,74.43633728838967,4.01027329638427,37.33551186472817,194.99606590745728,180.47393378736692,7.735442049641095,187.5604073056613,189.11823027017851,0.01732164534249514,3.4819353870874146,0.27528874559850713,1963955341,97.10149093980955,92.7747044666511,191.0099973042806,183.95000279744465,187.48000005086263,38816577.37907487,0.022738986545138888
2023-07-07,196.75,197.75,192.14999389648438,192.60000610351562,177.60694885253906,12652336,5.260615531054137,-0.02131835624337519,190.3949996948242,180.60300079345703,62.76293200504799,3.914426159850649,38.88572213282591,195.3250685232416,181.19993147675837,7.50289465320138,188.04036909593316,189.62309807087726,-0.021092726284545726,3.6332261525465728,0.21285013287526294,1951303005,64.2361383379357,83.03682394144147,191.61083068847657,184.61583557128907,188.11333312988282,-22065885.657821395,0.028462546904780815
2023-07-10,192.64999389648438,193.35000610351562,189.8000030517578,191.5500030517578,176.638671875,10238356,5.25514888707857,-0.005466643975567287,190.88000030517577,181.01500091552734,60.19092939672054,3.7109624771287884,38.81353666113288,195.43112247895067,181.9688775210493,7.134205065130558,188.37461994886885,189.86045588765296,-0.005451729067928901,3.627281645347376,0.20217624541518078,1941064649,56.94444738788494,72.7606922218767,192.05499776204425,185.0750020345052,188.56499989827472,-14522165.249262406,0.018427216009491893
2023-07-11,192.64999389648438,192.9499969482422,190.8000030517578,192.39999389648438,177.4225311279297,11236383,5.259576506508552,0.004427619429981711,191.63000030517577,181.42300079345702,61.56406675033173,3.577068975690935,38.74650729456078,195.8023551314402,182.267644563384,7.15989662177974,188.75798889626083,190.1315395733176,0.004437435819287794,3.5217610918571616,0.18439121782862622,1952301032,62.84716408927243,61.342583271697656,192.32833073933918,185.51333592732746,188.92083333333335,1526493.3688066555,0.011160103631457264
2023-07-12,193.75,194.75,190.25,190.8000030517578,175.94708251953125,9191559,5.251225775008724,-0.008350731499827901,192.1050003051758,181.72700073242189,57.54065329146525,3.30376774363819,39.15337281133925,195.89592016992015,182.71907921972831,6.960548827401841,188.95246643487957,190.3239895226254,-0.008315960995234684,3.59163529958165,0.17369460673710346,1943109473,51.736111846971234,57.17590777470949,192.78416442871094,185.68416900634764,189.2341667175293,-9295442.376240473,0.023225806451612905
2023-07-13,191.8000030517578,191.8000030517578,186.9499969482422,187.89999389648438,173.27285766601562,10612659,5.235909873936633,-0.01531590107209091,191.98499908447266,181.95800048828124,51.03086521587117,2.820653310200271,37.749607877885985,195.8930938166888,182.79190526778387,6.919306854287337,188.8522309550324,190.43370258502492,-0.015199209166085637,3.681518928434077,0.13157147623648002,1932496814,29.642813546316965,48.075363160853506,192.96916529337565,185.68916803995768,189.32916666666665,-23616352.966610186,0.02528678845853217
2023-07-14,187.9499969482422,188.35000610351562,184.75,187.4499969482422,172.85784912109375,12369394,5.233512126901537,-0.002397747035095321,191.81499938964845,182.18000030517578,50.084004730352724,2.3741034612344265,35.50462560919424,195.87803074947834,182.88196833499433,6.862426045990976,188.71868485914763,190.57580543386132,-0.002394874735813457,3.6756965837970443,0.14124794272539942,1920127420,22.5563858017574,34.64510373168183,193.0716657002767,185.62666753133138,189.34916661580402,-11582910.689940212,0.019154063112365984
2023-07-17,188.4499969482422,188.9499969482422,185.8000030517578,186.5,171.98178100585938,9058800,5.2284312390838705,-0.0050808878176669126,191.33999938964843,182.4250003051758,48.056765853103556,1.9214039260169784,33.629966932668026,195.89620473044766,182.69379465920076,6.974516016023369,188.50738153922882,190.60244955108348,-0.005068001940296107,3.6381463918461394,0.09251877021937707,1911068620,13.461538461538462,21.886912603204237,193.06833241780598,185.57333424886068,189.32083333333335,-9598191.799804289,0.016715276983260027
2023-07-18,187.0,189.14999389648438,186.3000030517578,187.35000610351562,172.76564025878906,7177677,5.232978557817842,0.004547318733971295,190.6699996948242,182.63100036621094,50.00662332414201,1.6126352166425306,31.96140716804387,195.8458325962783,182.89416679337015,6.839344048043612,188.39715530725613,190.6627968306687,0.004557673477295632,3.5818495670518837,0.09706983651864141,1918246297,20.000046950120193,18.672657071138648,193.1199986775716,185.64000142415364,189.38000005086263,867982.2394410507,0.015240592752548462
2023-07-19,191.0,196.60000610351562,190.1999969482422,192.5500030517578,177.56085205078125,31761232,5.260355876110088,0.027377318292246322,190.58500061035156,182.9620004272461,59.91900657688729,1.7671593722158434,32.39145605218818,196.18028079508187,183.06471889974236,6.916669649378903,188.7926646162563,191.58072407409034,0.02775552057024777,3.9867174551196065,0.03409064351887075,1950007529,60.0000234750601,31.15386962890621,193.58916600545246,185.81416753133138,189.70166676839193,110394867.06142175,0.033507901336510146
2023-07-20,192.6999969482422,194.25,191.85000610351562,192.89999389648438,177.88360595703125,8936996,5.2621718882708555,0.0018160121607673219,190.2,183.27900024414063,60.48687184336855,1.8960062353102671,32.79078715889362,196.5227547367735,183.26224434769915,6.983167013463272,189.18383883342088,191.77065218072622,0.0018176621094754264,3.8733800580742326,0.03129731036382444,1958944525,62.6922607421875,47.56411038912256,193.87083257039387,186.07583440144856,189.97333348592122,38883533.54004586,0.012454561154606535
2023-07-21,192.8000030517578,196.35000610351562,192.10000610351562,195.10000610351562,179.91236877441406,11031250,5.273512278913102,0.011340390642246234,190.45,183.59000030517578,63.944886180530034,2.15084727293592,33.567831579047215,196.93744399953576,183.90755569528844,6.842620128760169,189.74728333533469,191.98819496919523,0.011404936633703677,3.9002814824975016,0.06240740510796561,1969975775,79.6154315655048,67.43590526091744,194.3158332824707,186.55583419799805,190.4358337402344,29140434.285890937,0.02204356811581104
2023-07-24,195.5,197.0,192.9499969482422,195.89999389648438,180.6500701904297,9981788,5.277604293794212,0.0040920148811105506,190.88499908447267,184.00900024414062,65.13959151054016,2.3898146645554164,34.40871762005342,197.57781749993785,184.1871818897106,7.015119579655395,190.3332557697299,192.1351780780374,0.004100398605545452,3.9109758803018093,0.046582164081270167,1979957563,85.76918381911058,76.02562537560094,194.79583333333332,187.00583394368488,190.9008336385091,15037017.12996495,0.020716128141983696
2023-07-25,196.5,201.35000610351562,195.89999389648438,200.64999389648438,185.03028869628906,18028061,5.301562066294208,0.023957772499995755,191.70999908447266,184.50300018310546,71.23442589906008,2.928722852695387,35.877170325609164,199.036774360981,184.3032250286674,7.686935543263039,191.31580225799223,192.8084571520659,0.024247065584442895,4.020907046496769,0.11697444919278588,1997985624,95.78306054427897,87.05589197629808,195.606667582194,187.56666666666666,191.58666712443033,62101198.87665498,0.02773543107903944
2023-07-26,201.5,202.14999389648438,200.0,201.60000610351562,185.9063720703125,13857423,5.306285566472588,0.004723500178379858,192.78999938964844,184.98600036621093,72.27834964967852,3.3933530581785476,37.3491524524616,200.52558600903149,184.36941368579272,8.39510637241257,192.29525024328018,193.21925278191108,0.004734673490801811,3.8872703929244556,0.13545718966357617,2011843047,96.83914950636922,92.79713128991955,196.37250086466472,188.33249994913737,192.35250040690102,29476880.297548734,0.010669944895704095
2023-07-27,201.75,203.0,200.60000610351562,201.9499969482422,186.22911071777344,16013422,5.308020126897969,0.0017345604253815594,194.19499969482422,185.50500030517577,72.67182590510454,3.7466283799093105,38.83141880282205,202.00193524807008,184.17806353122677,9.230862174728896,193.21474992946705,193.92245239675987,0.0017360656454883383,3.78103635746445,0.09523245533134103,2027856469,94.24655862050514,95.6229228903844,196.90333353678386,189.15333353678386,193.02833353678383,13561994.161011524,0.011895880527803594
2023-07-28,201.85000610351562,210.4499969482422,199.5,210.0,193.65243530273438,39630520,5.3471075307174685,0.039087403819499045,196.45,186.20300018310547,79.78056419259022,4.6228799052812235,40.9845683178635,205.49736963119565,182.76762975845278,11.708364085598218,194.8133451742797,196.45261562321522,0.03986136753357283,4.293104971091432,0.22986562032529215,2067486989,98.24903890397945,96.44491567695123,198.12083384195964,189.64083353678387,193.88083368937174,217204536.0155032,0.05424818735267539
2023-07-31,212.1999969482422,218.9499969482422,209.64999389648438,218.35000610351562,201.3524627685547,43494779,5.386099307884469,0.03899177716700031,199.63500061035157,187.10400024414062,84.33299475367924,5.922816716547857,43.51974428514364,210.89697526022223,180.0780247397778,15.765177067814792,197.05493192944502,200.12033998358012,0.03976193382626492,4.650740548281888,0.3175836572063039,2110981768,98.24564064834689,96.91374605761047,199.6308334350586,190.61083374023437,195.12083358764647,314522625.4192099,0.04382659371114968
2023-08-01,219.5500030517578,226.64999389648438,218.85000610351562,225.14999389648438,207.62307739257812,63510580,5.416766819638917,0.03066751175444793,203.41499938964844,188.125,86.91647472158472,7.416238410095588,46.19452731578099,217.125807607058,176.95919147741466,20.384747566112537,199.7306521167821,205.41127031320238,0.03114260408925751,4.911401065759521,0.35434734633828335,2174492348,96.42004721121008,97.63824225451212,201.2774991353353,192.05750096639,196.66750005086263,392754987.6226468,0.035527158663395425
2023-08-02,225.0500030517578,225.14999389648438,216.85000610351562,219.10000610351562,202.0440673828125,22647784,5.389528274458635,-0.027238545180281903,206.06999969482422,189.02400024414064,75.05756815195986,8.019162495229807,48.02312211544749,220.4947621895744,176.1602381156014,22.354199009145578,201.575352496471,207.08318089726333,-0.026870921416725868,5.153442974845895,0.3139722505930572,2151844564,81.98093343015444,92.21554042990378,202.9158322652181,193.10583470662436,198.0108334859212,39572451.38235363,0.03688063843776038
2023-08-03,219.10000610351562,223.60000610351562,217.9499969482422,220.10000610351562,202.96621704101562,29868065,5.394082016263064,0.004553741804429023,208.79000091552734,189.9270004272461,75.64897982166576,8.479924527796754,49.7211030008521,223.58329595778676,175.40670495774057,24.149272357452364,203.33960522095146,209.09088351807551,0.0045641258427329134,5.188911987733576,0.2507950895952057,2181712629,83.96575456316337,87.45557840150924,204.22833328247071,194.29333419799804,199.26083374023438,33102860.460784547,0.02578735279726119
2023-08-04,221.6999969482422,222.1999969482422,217.60000610351562,217.9499969482422,200.9835662841797,12879897,5.384265664682301,-0.00981635158076255,211.075,190.79600036621093,71.71195931753192,8.572772403856789,51.172862235970506,225.91064007838048,175.6143599216195,25.05262693817869,204.73107109974106,210.09511348503827,-0.009768328467298026,5.146846191804504,0.24988031321195156,2168832732,78.43866438106215,81.46178412479328,205.4324991861979,195.59750162760417,200.51500040690104,-7426977.49239107,0.02074871857486074
2023-08-07,219.6999969482422,221.35000610351562,217.64999389648438,217.9499969482422,200.9835662841797,12929354,5.384265664682301,0.0,213.28000030517578,191.6650003051758,71.71195931753192,8.547821054287226,52.520924382866156,227.91982430263516,176.24517508701325,25.57106592290704,205.99001641864592,210.92119062361513,0.0,5.043500907177843,0.22106144902447536,2181762086,76.1316936168859,79.51203752037044,206.81083272298173,196.96083424886066,201.8858334859212,-2475659.164130357,0.016841202814868103
2023-08-08,220.3000030517578,220.39999389648438,214.0,217.5500030517578,200.61471557617188,15314866,5.3824287231945345,-0.0018369414877668078,214.97000122070312,192.49000030517578,70.91563673905767,8.39895286497,52.44096413808011,229.61433480822973,177.06566549694605,25.842760534991026,207.09096752656134,213.006659677698,-0.0018352553433591545,5.140393263556881,0.20922606153533452,2166447220,73.85059184829602,76.14031661541465,208.28666610717772,198.01166763305665,203.1491668701172,-4909121.671694169,0.029051265582509977
2023-08-09,218.4499969482422,219.6999969482422,216.4499969482422,218.6999969482422,201.6751708984375,12554174,5.38770091372864,0.0052721905341055475,216.68000030517578,193.32800018310547,71.88236213709476,8.278341085994072,52.366715339350215,231.1602181030322,178.309781591792,25.814070164177778,208.19658937624524,213.76827521621797,0.0052861129871406565,5.005365173302819,0.23678603269912687,2179001394,76.9898704570307,75.65738530740417,209.5416659037272,199.39166742960612,204.46666666666667,7988441.759703832,0.014877546557119106
2023-08-10,219.1999969482422,220.85000610351562,216.5,217.39999389648438,200.4763946533203,10970619,5.38173894661206,-0.005961967116579814,218.225,194.19899993896485,69.08678134328491,7.9858006614596775,52.431488848056155,231.9973337467552,180.42266594806904,25.01075012698198,209.0731040924585,214.58130509557867,-0.005944229857787642,4.958553811175162,0.23663502272476386,2168030775,72.55192629777824,74.46412953436828,210.9849993387858,200.88500086466473,205.93500010172525,-6845078.199880216,0.01984491863174047
2023-08-11,214.89999389648438,216.5,212.64999389648438,213.0,199.1673126220703,7970536,5.3612921657094255,-0.020446780902634742,218.525,194.97100006103517,60.5092231888747,7.314599383697953,51.156568181709545,231.92705485960852,183.0479451403915,23.557616588573772,209.447094178891,215.17064236109732,-0.02023916292554928,4.943657110376937,0.20729769251416535,2160060239,55.609775946392276,68.38385756706704,212.35749918619794,202.23250071207684,207.29499994913735,-25661899.234432727,0.017915338356734166
2023-08-14,213.3000030517578,214.0,211.8000030517578,213.0,199.1673126220703,9283695,5.3612921657094255,0.0,217.98999938964843,195.74,60.5092231888747,6.705372178799763,49.70185021108632,231.35694148201088,186.26805851798912,21.592999922907758,209.78546616185375,216.02405025930221,0.0,4.747681384510169,0.22195176686368326,2169343934,49.72376808433869,59.2951567761697,213.60249938964844,203.57250061035157,208.5875,-8553966.411477577,0.010314097125016694
2023-08-16,212.9499969482422,217.9499969482422,212.0500030517578,217.4499969482422,203.32830810546875,9687712,5.3819689250093505,0.020676759299925074,217.21999969482422,196.60699981689453,65.52915327220393,6.506628430903959,48.96198756540291,230.85978006563823,189.77521901883443,19.534542363914483,210.51542147484312,216.6849050739106,0.02089200445184125,4.8299894210797545,0.24537473186210298,2179031646,66.11418410140605,57.149242710712294,215.16583277384444,204.8308336893718,209.99833323160806,25888870.419806954,0.027706006015667507
2023-08-17,219.4499969482422,219.8000030517578,215.14999389648438,215.75,201.73870849609375,11865239,5.374120329963537,-0.007848595045813589,216.88499908447267,197.41399993896485,62.272500839166064,6.141155613394744,48.52919425385464,230.43451699408817,192.52048178520872,17.928165085318433,211.0139527629533,217.47837339744757,-0.007817875245345829,4.817133687807875,0.2572428539182915,2167166407,59.8526838052225,58.56354533032237,216.2674992879232,206.10750020345054,211.18749974568686,-4817623.253507137,0.021189378992655685
2023-08-18,215.8000030517578,216.64999389648438,213.3000030517578,215.14999389648438,201.17767333984375,14101163,5.3713354309159556,-0.0027848990475813906,216.38999786376954,198.1699996948242,61.11798970564933,5.736968097249303,47.520649618118455,229.5632310373305,195.61676774196636,15.968043366492001,211.4078614423372,218.90272140709538,-0.0027810248135139437,4.7123377704449245,0.2605154247363988,2153065244,32.35294117647059,52.77326969436634,217.41666564941406,207.1616668701172,212.28916625976564,-7246396.995614846,0.015523590349176665
2023-08-21,217.1999969482422,219.5500030517578,215.6999969482422,218.8000030517578,204.59063720703125,13336739,5.388158084495531,0.016822653579575686,216.4749984741211,198.90499969482423,65.32904195134182,5.646087234054619,47.011350777179764,228.9079616066462,198.64203686747487,14.157841116682071,212.1118749289487,219.42782732654126,0.016964951237830705,4.690028583646962,0.26824297351414833,2166401983,47.138076199459725,46.44790039371757,218.5716657002767,208.35666631062827,213.46416600545248,30037347.302456588,0.017725626876657206
2023-08-22,219.25,222.3000030517578,218.85000610351562,221.6999969482422,207.3022918701172,16930149,5.401325102857007,0.013167018361476046,216.8499984741211,199.6829995727539,68.26944832272618,5.741879948546938,46.90114381798596,228.14200604499234,201.98799273430456,12.160980812736858,213.02502940697667,218.24967611882312,0.013254085265247406,4.605026541957893,0.2799376460783663,2183332132,74.15730850778084,51.21610862790368,219.82499898274742,209.67000020345054,214.74749959309898,42744001.61186623,0.01573544788251853
2023-08-23,222.89999389648438,222.89999389648438,221.0500030517578,221.6999969482422,207.3022918701172,13507905,5.401325102857007,0.0,217.26499786376954,200.4029995727539,68.26944832272618,5.751496691256904,46.875242575800655,227.68569899703638,204.54930008743625,10.705472235522757,213.85121679185912,218.25562736132906,0.0,4.408238277869941,0.23857148265090716,2196840037,83.89823166197911,68.39787212307318,220.77416458129883,210.97916793823242,215.8766662597656,14248000.537288744,0.008299645111635603
2023-08-24,222.0,222.39999389648438,219.64999389648438,220.85000610351562,206.5075225830078,11182959,5.39748376567901,-0.0038413371779970618,217.47999877929686,201.1129995727539,66.35646456583815,5.625681516977323,46.35931448792432,226.6948533709685,207.46514571350414,8.85835069928813,214.517768154874,218.03413275472388,-0.0038339686803198214,4.2897926865935165,0.2190893107204014,2185657078,81.5316262720823,79.86238881394739,221.78999811808268,211.9350008646647,216.86249949137368,-1587608.3322054278,0.012387387387387387
2023-08-25,221.85000610351562,221.85000610351562,217.1999969482422,217.89999389648438,203.7490692138672,7413549,5.384036213939947,-0.013447551739063535,217.52999877929688,201.72699951171876,60.06567051958539,5.2276694349497745,45.06868261881893,224.52975258467504,211.22524619462186,6.106415957280482,214.83988489217023,217.98251122434132,-0.0133575373579502,4.315522434356368,0.20511077309900777,2178243529,54.95491780179779,73.46159191195302,222.75916544596353,212.67916666666665,217.7191660563151,-15109242.80901802,0.020960148872404064
2023-08-28,217.89999389648438,219.3000030517578,217.1999969482422,218.6999969482422,204.49713134765625,4851793,5.38770091372864,0.0036646997886933264,218.0999984741211,202.36699951171875,61.14154178198407,4.920079933957879,43.870238740363924,223.89997399957562,212.72502447454545,5.118785944040497,215.20751461179614,217.9138546814901,0.003671423011319064,4.157271267867744,0.12622519642465577,2183095322,62.16215844684645,66.21623417357547,222.9041659037272,213.70916620890299,218.3066660563151,-2448781.4653412127,0.00963747665139107
2023-08-29,219.1999969482422,221.75,218.25,221.10000610351562,206.74127197265625,8799235,5.398615115468627,0.010914201739987028,218.90999908447264,203.02499969482423,64.25297017957938,4.8144754434708545,43.19902764085521,224.16821633462195,212.73178213949916,5.2352640123894165,215.76870427767417,218.11541358638254,0.010973978915241656,4.110323320162904,0.03587744639888496,2191894557,83.78388038199242,66.9669855435455,222.84999923706056,214.2349998474121,218.54249954223633,13262569.21782124,0.01596715350697028
2023-08-30,222.0,222.0,219.75,220.39999389648438,206.0867156982422,5490930,5.395444049585857,-0.0031710658827703853,219.2049987792969,203.7159994506836,62.6766040253551,4.621029635907661,42.61969041557218,223.13742481232953,213.28757366179155,4.513880362021491,216.20977947946562,218.19915418642714,-0.003166043363669213,3.977443083008411,-0.12041171300767572,2186403627,77.4774589008989,74.47449924324589,222.43083318074545,214.3708325703939,218.40083287556968,1858377.72063768,0.010135135135135136
2023-08-31,221.64999389648438,221.64999389648438,218.75,220.3000030517578,205.99322509765625,18532999,5.394990267661034,-0.0004537819248229269,219.65999908447264,204.37199951171874,62.440951167660245,4.408831746232863,41.706766568289524,223.26794628596068,213.27705188298464,4.577257531242865,216.5993245815887,218.44198186513546,-0.0004536789813774922,3.900482426828123,-0.07534958002197861,2167870628,76.57663973694376,79.27932633994499,222.15416666666664,214.63416544596353,218.3941660563151,-615960.9100051319,0.013083663326599226
2023-09-01,217.85000610351562,231.64999389648438,216.14999389648438,230.6999969482422,215.71783447265625,29859815,5.441118151951455,0.046127884290421584,221.21499938964843,205.2359994506836,73.57115229392716,5.021965884284299,42.337583831498435,226.15446971843943,211.45052753497856,6.720189337758309,217.94224575936522,219.9614172035459,0.04720832388749896,4.7290193963404,0.05935937804808187,2197730443,95.21411896018799,83.08940586601018,222.9274991353353,214.42249883015953,218.6749989827474,206822608.86343333,0.07114987177294306
2023-09-04,233.6999969482422,236.5,230.5,235.8000030517578,220.48663330078125,21895573,5.462984001045416,0.0218658490939605,222.91499938964844,206.26199951171876,77.14753349017589,5.8519493467499615,43.39506760047904,230.1114729643123,209.2785248994572,9.482668320235287,219.6429845491169,221.9803908206698,0.022106658738533902,4.819803725173228,0.16529952495449093,2219626016,97.13702643920979,89.64259504544714,223.74833297729492,215.10333175659179,219.42583236694335,143385906.91445905,0.02567394128519748
2023-09-05,236.89999389648438,236.89999389648438,231.6999969482422,234.60000610351562,219.36453247070312,13952922,5.4578819622360655,-0.00510203880935034,224.2050003051758,207.21999969482422,74.58989192371752,6.339806156551305,44.41289438721724,232.7567080554706,208.29829072382626,11.090869573789046,221.06746279239297,223.19571024171336,-0.005089045516164736,4.846960383963869,0.21296313853868712,2205673094,90.25428523213735,94.20181021051167,224.59416554768882,215.7991658528646,220.19666570027667,36632993.09211217,0.0219501776370428
2023-09-06,235.5,235.85000610351562,228.39999389648438,231.89999389648438,216.8398895263672,14623019,5.446306217941884,-0.011575744294181511,225.225,208.15999969482422,69.04349823583989,6.434396060460955,44.29607889042652,234.34415736259908,208.14584050117045,11.841314826507949,222.09913242135406,224.24557577395763,-0.011509003140604768,5.03289265704011,0.20357471254723267,2191050075,78.81355110306217,88.7349542581364,225.38333307902016,216.48333155314126,220.9333323160807,-14110555.505062541,0.031634871367436306
2023-09-07,233.0,238.0,229.35000610351562,234.10000610351562,218.8970489501953,30334731,5.455748400569123,0.009442182627238616,226.55,209.12099975585937,70.93966027724113,6.610678057982852,44.441277475752635,236.191429956978,207.83856882231888,12.770696219897424,223.2420727720361,226.23995356027814,0.009486900668109977,5.291257031286129,0.18366400316893436,2221384806,82.511240525696,83.85969228696514,226.42999979654945,216.98999888102216,221.7099993387858,39787667.16298534,0.03712443732396727
2023-09-08,236.0,243.60000610351562,235.0,240.25,224.6476287841797,28856420,5.481680047850402,0.02593164728127917,228.78500061035157,210.14399963378906,75.46405632664002,7.164053175328036,45.144537130779426,239.21967109698917,207.09532829265927,14.395367777583578,224.8618753651755,228.43096071210627,0.026270797676805513,5.591881529051406,0.2162181518238931,2250241226,87.79597590613264,83.04025584496357,227.71083323160806,217.84583231608076,222.7783327738444,131573760.30392154,0.03644070382845604
2023-09-11,243.60000610351562,243.89999389648438,238.14999389648438,243.10000610351562,227.31256103515625,22493483,5.493472906429093,0.0117928585786915,231.2250015258789,211.22299987792968,77.23302841965057,7.7433184615589425,45.825257538774984,242.20784122894952,207.11715877105047,15.619287801880176,226.59884019739837,230.26661242621313,0.011862668484976524,5.603175705547734,0.280113006391533,2272734709,97.11716110641892,89.1414591794158,229.1891662597656,219.13416595458983,224.16166610717772,86595629.32752381,0.023604268702508115
2023-09-12,244.1999969482422,244.9499969482422,234.10000610351562,235.10000610351562,219.83209228515625,21174310,5.460010981507383,-0.03346192492170985,232.6250015258789,212.1,63.41256994826746,7.4707392019215035,45.244545702626716,243.01686034039759,208.518140269954,15.280640492458295,227.40847504560003,231.42775196080294,-0.032908267376157485,5.977948215489079,0.21286147391094654,2251560399,65.79864652436082,83.57059451230408,230.87749938964845,219.9574996948242,225.41749954223633,-84064443.55749205,0.04443075749516164
2023-09-13,236.10000610351562,238.4499969482422,233.14999389648438,237.14999389648438,221.74893188476562,9151928,5.468692826586649,0.008681845079265393,234.3000015258789,212.96199981689452,65.1342950368666,7.335575113588561,44.43993011971671,244.23779633194425,209.26720397323152,15.422362415047278,228.33623874568426,232.10634460381513,0.008719641598248673,5.929523560936845,0.2025918570271309,2260712327,72.91665894013946,78.61082219030637,231.86916631062823,221.0091657002767,226.43916600545245,-15513920.731078083,0.02244812755080608
2023-09-14,237.9499969482422,239.1999969482422,235.9499969482422,237.9499969482422,222.4969940185547,7568464,5.472060554741913,0.0033677281552639826,236.06500091552735,213.85299987792968,65.8104562585838,7.209898933256142,43.798541064524215,245.23123538318185,210.49376461681817,15.244926552795516,229.25183476497548,232.69402095327044,0.003373405322991463,5.738129020869928,0.23895543902090385,2268280791,75.69444701995351,71.46991749481789,232.83916575113932,222.11916605631512,227.4791659037272,-1134777.378946601,0.013658331757436103
2023-09-15,235.60000610351562,239.3000030517578,235.60000610351562,236.1999969482422,220.8606414794922,14098284,5.464678890843034,-0.007381663898878621,236.61500091552733,214.64199981689453,62.93520027313967,6.8896694593972825,43.09513385232064,245.61299857492003,212.21700173025573,14.588819790054616,229.91356449671517,233.22283594875,-0.007354486330927168,5.592548158539374,0.20393463155559935,2254182507,69.61805877494189,72.74305491167824,233.95666631062826,223.20166600545244,228.57916615804038,-16826257.126315534,0.015704570680768654
2023-09-18,237.0,242.14999389648438,236.0500030517578,241.1999969482422,225.5359344482422,11163399,5.485626452200635,0.020947561357600897,237.15500030517578,215.61399963378906,67.32739882989111,6.959123068660091,42.861996262829045,246.87326430757747,213.19673538724675,14.639741318785923,230.98846282543204,233.97143429434772,0.02116850154361183,5.628794064695603,0.20389899243639253,2265345906,86.97916804640367,77.43055794709966,235.15833206176757,224.1783332824707,229.66833267211913,31602577.62456149,0.025738357994626846
2023-09-20,241.5,246.0,240.35000610351562,241.75,226.05018615722656,18936709,5.487904134333403,0.002277682132768355,237.86999969482423,216.61799957275392,67.77970200668938,6.978106931115519,43.1383318991379,248.1565220180916,213.91847798190838,14.819258361167876,232.01337112777185,234.87788226878533,0.0022802780212134444,5.6303083383948005,0.13698780301895427,2284282615,85.76214696485623,80.7864579287339,236.3558319091797,225.15583343505858,230.75583267211914,17477691.035020255,0.023395419861218944
2023-09-21,240.0500030517578,242.89999389648438,237.10000610351562,238.9499969482422,223.4320526123047,10134737,5.476254312252634,-0.011649822080769034,238.575,217.54899963378907,62.9983246998964,6.690095674709681,42.405510938045396,248.7869481789569,215.01305182104312,14.563991529932629,232.67400215829284,236.13561828832508,-0.011582225653600009,5.642428299435797,0.13959152868385538,2274147878,76.38190415335464,83.04107305487148,237.44166514078773,225.84666697184247,231.6441660563151,-13092299.340835126,0.02416158183392399
2023-09-22,238.60000610351562,239.3000030517578,236.0,237.9499969482422,222.4969940185547,7209300,5.472060554741913,-0.004193757510721596,238.95999908447266,218.49199951171875,61.334213512606674,6.308433343625808,41.40930236715053,249.03827137323384,216.47172771123883,13.991769769089494,233.17647785257373,237.47119143816386,-0.004184975989836914,5.475112210315941,0.1503197174508493,2266938578,54.26136215856304,72.1351377589246,238.30833206176757,226.6583335876465,232.48333282470702,-9170299.780278377,0.013830691397074482
2023-09-25,239.14999389648438,240.25,237.14999389648438,239.64999389648438,224.08657836914062,8027642,5.4791795001371835,0.007118945395270693,238.8999984741211,219.52699951171874,63.117834512579115,6.07313146364919,40.63760698155475,248.86875214906132,218.81624693541136,12.851601087261693,233.79300319008905,237.85043700483544,0.007144345324837209,5.305461774115918,0.18290696552769128,2274966220,63.92043237844558,64.85456623012105,239.23249842325845,227.73750025431318,233.4849993387858,6041211.340961081,0.01296260164178577
2023-09-26,239.75,243.1999969482422,239.0500030517578,240.1999969482422,224.60086059570312,10681642,5.481471896940813,0.0022923968036296927,238.60999755859376,220.58199951171875,63.70123821396575,5.863443550831676,40.3731136130123,248.45966499299658,221.37533409147608,11.529294732958348,234.40319307181792,238.22267468633078,0.00229502635412282,5.222928354285094,0.15764267313852642,2285647862,67.04544863425215,61.742414390420215,240.45583114624023,228.75583419799804,234.60583267211913,5930360.912176643,0.017309672143834724
2023-09-27,239.89999389648438,240.5,237.85000610351562,239.3000030517578,223.7593231201172,9679279,5.477718007667181,-0.0037538892736321827,239.02999725341797,221.6379995727539,61.97373220189021,5.560543894621674,39.751732259209184,247.89955342460783,223.75544535468904,10.238037604777563,234.8695559270503,238.69942600051843,-0.0037468522394623616,5.039147321585043,0.14248787607594102,2275968583,59.75976333746955,63.57521478338905,241.3558308919271,229.74083455403644,235.5483327229818,-3830741.0441873753,0.011046244117987906
2023-09-28,239.60000610351562,241.1999969482422,235.64999389648438,237.0500030517578,221.6554412841797,32887087,5.468271102222026,-0.009446905445154918,239.0199981689453,222.63199951171876,57.756747195909064,5.080374148079699,38.51160911336088,246.44057132696915,226.87942836785507,8.265504509307123,235.07721755797485,239.2842468576684,-0.009402423615988642,5.075637016597383,0.09009260404735278,2243081496,30.350251383977447,52.38515445189967,242.38333104451493,230.43833440144857,236.41083272298175,-50607544.18139579,0.023163618156837675
2023-09-29,239.5500030517578,251.5,239.5,245.5500030517578,229.6034393310547,35038887,5.503500604913508,0.03522950269148151,239.77999877929688,223.69199951171876,66.91556168529715,5.324339456081532,38.813906142282896,245.10306290546094,230.74193678936325,6.03605212844854,236.0746257002399,240.240898511909,0.03585741358604455,5.745234154572012,0.08317954586472553,2278120383,67.57495929605034,52.561658005832406,244.1024981180827,231.2475008646647,237.67499949137374,181684511.6062014,0.05009392547328521
2023-10-03,244.35000610351562,246.6999969482422,240.5500030517578,241.1999969482422,225.5359344482422,14885044,5.485626452200635,-0.017874152712872515,240.27999877929688,224.6579995727539,59.77316764964825,5.107795099892769,39.094610526281905,244.9416105374221,231.9533891574021,5.446994155246514,236.56275629528773,240.2653258160992,-0.017715357562421707,5.7741455647086095,-0.023860708932757612,2263235339,43.869211848466556,47.26480750949808,244.4674980163574,232.54750137329103,238.50749969482422,17394815.701334722,0.02516878961680489
2023-10-04,241.0,241.0,231.5,235.14999389648438,219.87881469726562,25424437,5.460223582435217,-0.025402869765417613,239.67499847412108,225.4589993286133,51.53436634048308,4.397308023537477,37.20507547847718,244.9680223392316,231.8619764400653,5.497156610413894,236.4282074954017,239.9651593988507,-0.02508293170938991,6.054563520675294,-0.08908972145138846,2237810902,18.249969482421875,43.23138020897955,244.72333119710288,232.45333455403647,238.58833287556968,-96747009.05903791,0.03941908713692946
2023-10-05,237.25,237.39999389648438,232.0500030517578,233.85000610351562,218.66326904296875,22472389,5.454679910272026,-0.005543672163191182,238.88499908447267,226.2179995727539,49.94147025423017,3.6868441024691663,35.45050721980136,245.0253172845372,231.7296814947597,5.577554854724214,236.18266450569826,239.56941217039378,-0.005528334368322452,6.0042369009646706,-0.11220356506323181,2215338513,11.750030517578125,24.623070616155484,244.73249766031904,232.44750162760414,238.58999964396162,-51724890.60557611,0.022550014097899106
2023-10-06,234.25,237.5,233.64999389648438,235.5500030517578,220.25286865234375,8825123,5.461923218101931,0.007243307829904566,238.5449996948242,226.9159997558594,52.02959961067699,3.2238098000392768,33.83808431813234,244.66471840936322,232.455281285461,5.117973311414995,236.1224110338944,239.4771269650489,0.007269604036228561,5.850363272575453,-0.11186502914617302,2224163636,20.250015258789062,16.750005086262984,244.7283307393392,232.80333531697593,238.76583302815757,-7239842.089950748,0.016435458286085912
2023-10-09,233.85000610351562,236.3000030517578,230.5,234.6999969482422,219.4580535888672,10659145,5.458308089854175,-0.0036151282477554503,238.21999969482422,227.5779995727539,50.886612234769245,2.7564883092506705,31.665420252349683,244.61209242012325,232.5679063591736,5.048068272668848,235.98694302573705,239.36340163746652,-0.003608601538964362,5.846766113945621,-0.11309066524863343,2213504491,19.99998546781994,17.333343748062337,244.5866643269857,232.94666798909503,238.76666615804038,-8453506.235488953,0.024802236050361245
2023-10-10,234.89999389648438,236.85000610351562,233.75,235.89999389648438,220.5801239013672,11665907,5.463407960540311,0.005099870686136043,237.84499969482422,228.25699951171876,52.47393621444428,2.4546665182162144,29.75492642970622,244.45299942918643,232.29199873975887,5.101679403511243,235.97866215628443,239.14292500156125,0.005112897161676733,5.650568970343478,-0.12527464283049913,2225170398,25.714256649925595,21.988085792178158,244.1058308919271,233.01583455403642,238.5608327229818,6514866.453821796,0.013197131477499034
2023-10-11,236.25,239.6999969482422,236.0,238.6999969482422,223.19830322265625,14313043,5.475207520559875,0.011799560019563948,237.69499969482422,228.8309994506836,56.0437789193328,2.4135851132073185,28.521815938760135,243.8384875541986,232.4665096992194,4.775082319335293,236.23783689837566,238.77425289400864,0.011869449445541358,5.518385690444502,-0.1604166870665899,2239483441,39.04760451543899,28.253948877728135,243.82416407267252,232.93916803995768,238.38166605631508,28889331.53790113,0.015661362743882277
2023-10-12,238.9499969482422,242.75,238.60000610351562,241.60000610351562,225.90997314453125,13170027,5.487283491323556,0.012075970763680388,237.925,229.29599945068358,59.4417666849832,2.585233345450604,27.90230439983512,244.17148576431575,232.7835114891022,4.775282507067569,236.74851967981755,238.8641361541205,0.012149179691452794,5.42064341944735,-0.08656956790842801,2252653468,52.857171921502974,39.20634436228915,243.6358309427897,233.42083460489908,238.5283327738444,35091909.76276595,0.017367624814756892
2023-10-13,240.5500030517578,243.8000030517578,239.60000610351562,242.0500030517578,226.33071899414062,11880728,5.489144328993667,0.0018608376701116924,238.425,229.63399963378907,59.959017366549986,2.72615142247588,27.500102408451742,244.58607243505492,232.85892573389037,4.9124597581457365,237.25342285809757,239.0518907410428,0.0018625701029550967,5.333454385789838,-0.09475763495899096,2264534196,55.00001453218006,48.96826365637397,243.85916442871093,233.75416870117186,238.8066665649414,15261497.482852325,0.01745997462048877
2023-10-16,242.85000610351562,245.0,241.0,243.4499969482422,227.63983154296875,6936948,5.494911570093249,0.00576724109958171,238.21499938964843,230.1209994506836,61.59982077996813,2.917170495392128,27.325775935863614,245.19665126343645,232.79834690550885,5.187629328935142,237.84357277144466,239.17753051937905,0.005783903651449318,5.238207643947706,-0.09558157089492451,2271471144,61.666652134486604,56.50794619605651,244.16916453043623,233.98916880289713,239.0791666666667,11561622.40110377,0.016471072264643002
2023-10-17,244.85000610351562,247.1999969482422,243.3000030517578,245.9499969482422,229.9774627685547,10084205,5.505128250833307,0.010216680740057882,238.68999938964845,230.63799926757812,64.40487281965034,3.2330154044246058,27.517915018536478,246.2363770480185,232.7336211209268,5.638247062952332,238.61561316923488,239.37970623307447,0.010269049214781889,5.142620947700324,-0.05218382176726536,2281555349,73.57141403924851,63.41269356863835,244.6016642252604,234.40166880289718,239.5016665140788,20660882.46703459,0.01592809393206863
2023-10-18,245.89999389648438,246.8000030517578,241.60000610351562,242.0,226.2839813232422,6987265,5.488937726156687,-0.0161905246766203,239.375,231.11899932861328,57.28474062045261,3.12852928993874,27.211886307252975,246.32584526857002,232.72415320555106,5.678610627843991,238.93793572454584,239.51350164837456,-0.016060162623516616,5.146719233453315,-0.09984351808753288,2274568084,54.76190476190476,63.33332364521325,244.73999811808267,234.63000208536783,239.68500010172525,-11512822.795361435,0.02114679575970714
2023-10-19,240.1999969482422,241.8000030517578,238.5,239.5,223.9463348388672,11485237,5.4785534168509695,-0.01038430930571721,239.93999938964845,231.54999938964843,53.27066645515767,2.8115839946584913,26.10977984010185,246.13640294381102,232.6885955303101,5.617003062227434,238.99146565554145,239.7867356320136,-0.010330578512396715,5.029096431063793,-0.0846771865437205,2263082847,42.857142857142854,57.063487219432005,244.4841651916504,234.6091682434082,239.5466667175293,-22979669.265120476,0.013738564086946639
2023-10-20,238.9499969482422,242.14999389648438,237.5500030517578,241.0,225.3489227294922,9040953,5.484796933490655,0.006243516639685254,240.48499908447266,232.0189993286133,55.29480559605157,2.6508823075340047,24.84882579787291,246.27000538472828,232.7599933945686,5.6405703294520135,239.18275464072798,238.68044151338825,0.006263048016701411,4.998446032039705,-0.05589722683424546,2272123800,62.8742629866481,53.49777020189853,244.45333201090497,234.69833475748698,239.575833384196,1381063.2449598406,0.01925085123865034
2023-10-23,240.8000030517578,240.89999389648438,235.0,236.5500030517578,221.1879425048828,7058625,5.466159614978268,-0.018637318512387147,240.6699996948242,232.3759994506836,48.572824706586474,2.1397814307813974,23.08341801682078,246.29181649483297,232.59818289481547,5.7189056432459315,238.93201639415938,238.2685817336952,-0.018464717627560967,5.0699856011797255,-0.07250095273700786,2265065175,36.22756980440422,47.319658549398355,244.56999816894532,234.55500183105468,239.5625,-20480218.72420406,0.02450163547222308
2023-10-25,236.0,236.3000030517578,228.35000610351562,232.0500030517578,216.9801483154297,23949207,5.446952878838479,-0.019206736139788738,240.28500061035157,232.66899963378907,42.8941327196004,1.3559869383879573,22.742042315437565,246.6300574709519,231.49994283422387,6.328870653199312,238.2765865520259,237.77076969574685,-0.019023462024709392,5.293557840255616,-0.09075146518604048,2241115968,19.628640558609565,39.576824449887255,244.47333145141602,233.97333602905275,239.22333374023438,-78674360.57473469,0.03368642774678893
2023-10-26,230.85000610351562,233.3000030517578,227.75,231.64999389648438,216.60610961914062,17410264,5.445227585514651,-0.00172529332382787,239.5800003051758,233.04199951171876,42.419386584358726,0.6945405295292915,22.5264273012099,246.83737114036944,230.43762885963054,6.872240230784729,237.64548248959335,237.4977979349152,-0.0017238058608610718,5.311875355362916,-0.04984194147110045,2223705704,20.051385647321865,25.30253200344518,244.0474985758464,233.40750223795573,238.72750040690107,-30867630.188729927,0.02404159802910783
2023-10-27,232.0,238.4499969482422,232.0,236.60000610351562,221.2346954345703,10519462,5.466370977341056,0.021143391826404567,239.0800003051758,233.51399963378907,49.82070552549913,0.5632710629840574,21.142963175534334,246.74309971210923,230.26190059306654,6.910283585496349,237.5459133099669,237.4854178901175,0.021368497031962974,5.418170190819694,-0.03798150487549855,2234225166,45.50132386686803,28.393783357599784,244.06083196004232,233.04083531697592,238.55083363850912,24425100.14469093,0.027801710983802533
2023-10-30,237.4499969482422,238.39999389648438,230.64999389648438,234.60000610351562,219.36453247070312,8812268,5.4578819622360655,-0.008489015104990116,238.33500061035156,233.85699981689453,47.18184658642922,0.2944614118391087,20.11835441050126,246.77472475836328,229.98527585198826,7.0431449303133835,237.2653507188763,237.5653888703075,-0.00845308515810006,5.584729462904002,0.017436998266121207,2225412898,35.218545903857844,33.590418472682536,243.9999984741211,232.76000213623047,238.38000030517577,-3607990.618436355,0.03263845061951841
2023-10-31,234.5,237.1999969482422,233.5500030517578,235.8000030517578,220.48663330078125,6583581,5.462984001045416,0.00510203880935034,237.57000122070312,234.25799987792968,48.92971764117755,0.17622612647889468,19.1669319858277,245.67519026002265,230.10981035032893,6.543030944534179,237.12579379819837,237.63242161424023,0.005115076372643745,5.4465340653025995,0.024326735994214282,2231996479,41.38819699138996,40.70268892070524,243.0824981689453,232.67750244140626,237.88000030517577,4064187.8661913807,0.01556500595515725
2023-11-01,236.6999969482422,236.6999969482422,232.10000610351562,232.60000610351562,217.4944305419922,6718059,5.449320266324958,-0.01366373472045801,236.23500213623046,234.6070001220703,44.683274847755726,-0.17368704312440286,18.58126447355093,245.41516425853152,229.50983726734736,6.698037349089724,236.6947663987048,237.41390960699346,-0.013570809613347556,5.386066692404311,0.051702930937370474,2225278420,24.93576794084767,33.84750361203178,242.5541648864746,232.30416946411134,237.42916717529297,-12977116.243343513,0.01943384412350633
2023-11-02,234.1999969482422,235.6999969482422,233.75,235.25,219.97232055664062,6057787,5.460648778465489,0.011328512140531544,235.56000213623048,234.93600006103514,48.65713568738889,-0.23446067379921942,18.03743035500822,245.41446595954622,229.52053617668426,6.69309682856474,236.55716959882812,236.98026826391995,0.011392922729782873,5.222775560427329,0.09689279609420488,2231336207,38.560417361288174,34.96146076450856,242.12749811808266,232.63250300089516,237.3800005594889,6376360.303020423,0.008326203986557411
2023-11-03,233.3000030517578,235.25,233.3000030517578,234.35000610351562,221.24685668945312,6825146,5.45681575041316,-0.0038330280523295457,235.04500274658204,235.18900024414063,47.41142112773506,-0.3511978101009845,17.633208757892117,245.3968196341092,229.5881825021213,6.656478440746143,236.3469635516555,236.43319144652642,-0.0038256913771917977,4.989005659556962,0.14183367671504957,2224511061,33.93319865848157,32.476461320205765,241.95083185831703,232.79583613077799,237.37333399454752,-1969606.3940696893,0.00835832371510762
2023-11-06,235.35000610351562,237.1999969482422,234.5500030517578,235.85000610351562,222.66299438476562,5338605,5.463196035609073,0.00638028519591316,234.5300033569336,235.4720004272461,49.72182490098009,-0.31899815552145583,16.70517119054546,245.3981444268963,229.61685801450994,6.64454231183277,236.2996342708803,236.07066974672858,0.0064006825727900285,4.836218887069076,0.14430761446350251,2229849666,41.64528213073921,38.04629938350295,241.90583140055338,232.87083689371744,237.3883341471354,4682069.535310104,0.011259799565583227
2023-11-07,236.3000030517578,239.5500030517578,235.1999969482422,239.14999389648438,225.77847290039062,7002346,5.477090944604601,0.013894908995528255,234.79000244140624,235.83800018310546,54.4618198499455,-0.026888309838909663,15.793589275982571,245.5420024678252,229.91799966840526,6.572162844075913,236.5710970923664,235.46043328678604,0.013991891912525034,4.801489402529543,0.15156097788057193,2236852012,59.842478058986224,45.14031961606896,242.03999811808268,233.150003306071,237.59500071207685,16965794.059865735,0.01840882796164342
2023-11-08,239.85000610351562,240.89999389648438,235.9499969482422,236.6999969482422,223.46546936035156,9777991,5.466793503627002,-0.010297440977598882,235.2550018310547,236.21400024414064,50.64441823565233,0.006837747857019849,15.278497884072404,245.55224782871997,229.9877546126863,6.54602899277709,236.58337326911646,235.22191604095107,-0.01024460385017889,4.81209708436616,0.09632472944223436,2227074021,62.15278292879864,54.54684770617465,242.2499974568685,233.17500356038414,237.7125005086263,-10315434.053337805,0.020637885437892564
2023-11-09,237.1999969482422,239.6999969482422,236.0,237.9499969482422,224.6455535888672,13987058,5.472060554741913,0.005267051114910437,235.88500213623047,236.59900024414063,52.47474776767333,0.13289847399650512,14.800198734441535,245.50368121795756,229.96132122344866,6.537751428476277,236.71352790522366,235.10050230664766,0.00528094641367205,4.732661360357304,0.06732641846513013,2241061079,70.83334216365482,64.27620105047986,242.2374974568685,233.16250356038412,237.70000050862632,8217403.648887398,0.015598638262417596
2023-11-10,237.85000610351562,243.25,235.8000030517578,242.75,229.17718505859375,9589671,5.492032107171434,0.019971552429521644,236.5000015258789,237.03200012207031,58.79404999887551,0.6130557140010353,15.1943964460272,245.69073212766472,229.88926970338997,6.645133253474382,237.28843000948808,235.14585577834148,0.020172318190035066,4.926756759491939,0.08095854082273443,2250650750,96.7741935483871,76.58677288028015,242.3833307902018,232.9783365885417,237.68083368937178,33426101.25986473,0.03132224829542298
2023-11-13,244.9499969482422,250.60000610351562,243.3000030517578,245.6999969482422,231.96224975585938,18792969,5.504111267106467,0.01207915993503228,237.61000061035156,237.53800018310548,62.12707294954608,1.2175882857845863,16.827087134721584,246.40887500575232,229.53612621495083,7.0902094769464075,238.08953162270276,236.45068810562384,0.012152407613768013,5.135560284065059,0.036734023558508,2269443719,78.55576434826624,82.05443335343601,242.7741643269857,233.05916951497392,237.9166669209798,48101501.218894936,0.029802013238237758
2023-11-15,248.9499969482422,248.9499969482422,245.9499969482422,247.3000030517578,233.4727783203125,10965645,5.510602186867677,0.006490919761210634,238.76000061035157,238.07800018310547,63.83568465185749,1.804985080644343,18.3431570599378,247.24377035868258,229.0862314723721,7.623932490714962,238.96671937785086,238.04822459902272,0.006512031434223742,5.000877406631841,0.023180893472584403,2280409364,85.55797737292471,86.9626450898593,242.93666432698564,233.32166951497396,238.1291669209798,27730566.358955376,0.012050612720528426
2023-11-16,248.8000030517578,254.25,247.64999389648438,252.35000610351562,238.24044799804688,22145147,5.530817036972978,0.020214850105300997,240.73500061035156,238.51100036621094,68.643970269287,2.6474758604536532,20.44525441749201,248.9795759345044,227.99042681207766,8.801035285893414,240.24131811362847,240.9863963511356,0.02042055394031239,5.140100231032581,0.04826871527441944,2302554511,91.9491804868587,85.35430740268318,243.36833165486655,233.48333562215166,238.42583363850912,83798895.40740204,0.026527355396143735
2023-11-17,253.0,253.10000610351562,251.0,251.60000610351562,237.53237915039062,5618928,5.5278405490850915,-0.0029764878878868473,242.37000122070313,238.8270004272461,67.21465417342804,3.2175472593304733,22.39720196379235,250.84541079577423,227.08459256115935,9.943221002122156,241.32309792218916,241.83368474154506,-0.0029720625395679434,4.922950650495656,0.06467028346048109,2296935583,88.77121520706042,88.7594576889479,243.63499883015953,234.06000188191734,238.84750035603844,25123501.135800682,0.008300419381484684
2023-11-20,251.0,255.39999389648438,250.3000030517578,251.0500030517578,237.0131072998047,6283832,5.52565213463669,-0.0021884144484012324,244.04000091552734,239.15600036621095,66.12724045226967,3.583642302648343,24.48277266549226,252.54105183047102,226.54395183163837,10.852813091669207,242.24946983929092,242.78912188415646,-0.0021860216153235523,4.935596378655006,0.06667156448069053,2290651751,81.33050161494393,87.3502991029543,244.34083150227866,234.5858357747396,239.46333363850914,6070415.860777963,0.020318688624408617
2023-11-21,252.60000610351562,252.8000030517578,247.3000030517578,250.0,236.02182006835938,6851869,5.521460917862246,-0.004191216774444229,245.4550003051758,239.51800048828125,63.9985566041066,3.7458687478124375,25.40987983736631,253.762007831472,226.22299583063736,11.4749468382229,242.98761556888226,243.50638241212133,-0.004182445883266328,4.975910923036792,0.04527652986938268,2283799882,76.82404838806853,82.30858840335759,244.87583211263018,235.0308354695638,239.95333379109698,-2772850.2865705127,0.021773554501602413
2023-11-22,250.8000030517578,254.0,249.35000610351562,253.64999389648438,239.46774291992188,5275418,5.535955339949952,0.014494422087706127,246.90500030517578,239.90900024414063,67.87043629140868,4.121448880377784,26.44323129234854,255.73408785109024,225.96091489549178,12.361835927644869,244.00308017151102,244.33733833159576,0.014599975585937397,4.9526311354259045,0.08322203132340285,2289075300,92.08144468341452,83.41199822880894,245.55583216349288,235.83583552042643,240.69583384195965,11912545.572079033,0.018540645294668326
2023-11-23,254.0,255.6999969482422,251.6999969482422,252.75,238.61805725097656,8200025,5.532400857900581,-0.003554482049371366,248.51000061035157,240.15900024414063,65.98598146690995,4.296944355683763,27.641663188961957,257.0541938616944,226.71080857971185,12.544679804801603,244.83612015517662,245.29849669761674,-0.003548172356162782,4.884586054324054,0.07841052404643449,2280875275,86.83036717833578,85.24528674993957,246.41583201090498,237.09083506266273,241.75333353678388,-949133.1099865129,0.015748031496062992
2023-11-24,253.3000030517578,256.8500061035156,253.0,253.89999389648438,239.70376586914062,7149443,5.536940464671579,0.0045396067709981835,250.1050003051758,240.375,67.23773732430325,4.4772101886979385,28.91244624021354,258.26499851628773,227.72500392511853,12.568157549640654,245.69934622577733,246.3311206029854,0.004549926395586157,4.82854462926631,0.023283164424855046,2288024718,86.77124751873649,88.56101979349556,247.5149988810221,238.36000162760416,242.93750025431314,5164832.838846455,0.015199392250812321
2023-11-28,254.85000610351562,258.29998779296875,253.64999389648438,257.54998779296875,243.14967346191406,6151585,5.551213828614849,0.01427336394327039,251.58499908447266,240.82399963378907,70.89840097635299,4.858589369397862,30.288227312563492,260.25897755497556,227.82602305537603,13.289879614838416,246.82797875598604,247.19053407670515,0.014375714786241778,4.815791005496172,0.022069590078021416,2294176303,96.75324546645344,90.1182867211752,248.4658315022786,239.49083455403647,243.97833302815752,16690442.74875204,0.018246002688324946
2023-11-29,259.54998779296875,259.54998779296875,256.1000061035156,258.3999938964844,243.95216369628906,8637363,5.55450874828803,0.0032949196731806296,252.85499877929686,241.24899963378905,71.69165984072802,5.169828936672275,31.730668770962343,261.9867566254981,228.4782427641503,13.66397761432394,247.9300754360335,248.32444638012356,0.003300353887800922,4.7182331972073825,0.03731182484952949,2302813666,95.1579173249366,92.89413677004212,249.42416381835938,240.87916870117186,245.15166625976562,10458021.7617707,0.013292166641152065
2023-11-30,257.95001220703125,261.6499938964844,256.0,261.29998779296875,246.69000244140625,21687673,5.565669125810028,0.011160377521997944,254.25499725341797,241.7159994506836,74.2686910801394,5.586100715462408,33.33391532189047,264.0585977366185,228.95640012715103,14.239809239704684,249.20340042240827,250.6242455926577,0.011222886861391057,4.784787532870025,0.1248712291886123,2324501339,98.64601072542729,96.8523911722724,250.7308301289876,241.98583501180013,246.35833257039386,45415420.139889546,0.02190344496649869
2023-12-01,262.3500061035156,275.45001220703125,261.75,268.95001220703125,253.91229248046875,29121320,5.594525534106985,0.028856408296957348,255.91499786376954,242.37099975585937,79.55587314256938,6.458838663893147,35.95352746323037,267.2161995399282,229.4337989341929,15.214900119527139,251.08403011618188,254.85972085402406,0.029276788256583197,5.453733024383774,0.1431951143858102,2353622659,83.60656116233078,92.47016307089818,252.93166478474933,243.27666753133138,248.10416615804033,163657679.35978088,0.05222036168592894
2023-12-04,276.0,279.0,273.25,274.79998779296875,259.4351806640625,20464526,5.616043515926682,0.021517981819696885,258.23499603271483,243.0429995727539,82.51465244297478,7.5356674318964,38.57316076271183,271.45029558847534,229.15470166494265,16.897791334720406,253.34269275206634,258.0336977873931,0.021751163117383898,5.782036936425557,0.07899944093556387,2374087185,88.23525891859201,90.16261026878333,255.16083145141602,245.12583389282227,250.14333267211913,134363878.10511577,0.020833333333333332
2023-12-05,275.20001220703125,286.54998779296875,272.79998779296875,285.45001220703125,269.4897155761719,18883076,5.654066925174433,0.03802340924775116,261.6749969482422,243.91699981689453,86.37940239461665,9.143034739779694,41.331631018676056,277.7028274411555,228.01217042261405,19.651644593671787,256.40053270015824,261.7597213239199,0.0387555490798861,6.351177155252303,0.13845698932568273,2392970261,97.29069991630215,89.71083999907493,258.1158312479655,246.900833384196,252.50833231608075,178858106.31010368,0.04996366057446233
2023-12-06,288.0,288.25,278.95001220703125,281.1000061035156,265.3829040527344,13415314,5.638710499625455,-0.015356425548977981,264.7849975585938,244.76,78.72544240903956,9.951164938669564,43.95637098609533,281.54899065574926,228.69100720802027,20.718870989742243,258.752863500478,264.2017103721114,-0.01523911689434665,6.5618064865177645,0.10553668060670005,2379554947,82.53969614327092,89.35521832605498,260.79333114624023,248.91333389282227,254.85333251953125,20714903.58298216,0.03229162428114149
2023-12-07,281.8500061035156,288.25,281.29998779296875,283.79998779296875,267.9319763183594,25133786,5.648269721713146,0.009559222087690777,267.7999969482422,245.67699981689452,79.91504652549887,10.686294945064844,46.39362952727037,285.4959796487641,229.20901760465392,21.87154286221043,261.13830390928666,268.53279057914966,0.009605057384661997,6.6038198729439515,0.05078758353266891,2404688733,89.13305851364106,89.654484857738,263.24749781290694,251.10749994913735,257.17749888102213,52145475.85208292,0.02465854907407277
2023-12-08,286.45001220703125,291.8999938964844,281.0,285.04998779296875,269.112060546875,20815064,5.652664560653414,0.004394838940267931,271.0299957275391,246.5849996948242,80.45980585005617,11.240185463521982,48.794936639760586,288.697551193685,230.8424451442057,22.27166588031169,263.415607136304,270.8384996172644,0.0044045104079140085,6.910689446053981,0.0540378947715914,2425503797,84.64123876759594,85.43799780816926,265.9516642252604,253.2166666666667,259.58416544596355,34727711.95069431,0.03805199312962997
2023-12-11,286.04998779296875,288.5,284.3999938964844,287.29998779296875,271.23626708984375,8071675,5.660526923496446,0.007862362843032322,274.3699951171875,247.52699951171874,81.43584282001741,11.725539169281546,51.024721815644355,291.71302456178853,232.7619708605747,22.480024487626963,265.69031005598634,272.0648939741602,0.007893352381527441,6.709926350158384,0.06468863037557016,2433575472,89.68608285250461,87.82012671124716,268.4141644795735,255.6391660054525,262.026665242513,23683416.48356477,0.014333180487611282
2023-12-12,287.45001220703125,288.6000061035156,280.8500061035156,283.3999938964844,267.5543212890625,8640883,5.646859305719827,-0.013667617776619068,276.9549957275391,248.40899932861328,74.49034364719563,11.661067041945898,51.931538073343994,293.69617960201856,234.84381520999315,22.269786570440218,267.37694661222423,273.3370938276631,-0.01357463996585595,6.784217325147071,0.023573997876739545,2424934589,80.02349603163788,84.78360588391276,270.6133313496908,257.8083325703939,264.21083196004236,-14571788.478968805,0.02696120950037806
2023-12-13,284.75,294.8999938964844,284.5,294.04998779296875,277.6088562011719,23629670,5.683749779392509,0.036890473672682056,280.5199951171875,249.5489990234375,79.6056142464172,12.327237201252103,53.155716206959994,297.5245455193253,235.85044837715913,23.125979975782535,269.9172362484856,275.7539718988848,0.03757937235656539,7.121058944779422,0.11770999857393064,2448564259,98.03239313990227,89.24732400801487,272.99916381835936,259.88416595458983,266.4416648864746,162913298.02430367,0.036523244588180424
2023-12-14,297.75,298.5,293.6000061035156,295.3999938964844,278.88336181640625,24900443,5.688330349435412,0.004580570042902465,283.92999572753905,250.54599884033203,80.14901120765302,12.816376847698393,54.47625698606953,300.9906780321594,237.19431494879765,23.707968046451672,272.344165548295,278.6412534760779,0.004591076890185564,6.962411441329777,0.09314575802197048,2473464702,93.18679977249313,90.41422964801104,275.5158302307129,262.2108329772949,268.8633316040039,76714932.69492984,0.016456738527235518
2023-12-15,298.0,307.0,295.0,305.1000061035156,288.0410461425781,28843558,5.7206396117275915,0.032309262292179675,287.5449951171875,251.8239990234375,83.54214535880283,13.8273404863844,56.05613826087927,306.2685881453378,237.19140483561924,25.421257940559766,275.46376941069695,281.95526116572734,0.0328368734172364,7.322239195520507,0.12569008554708397,2502308260,96.43862478141466,95.88593923126997,278.3333300272624,264.488333384196,271.4108317057292,212093554.02778587,0.040268456375838924
2023-12-18,306.0,306.54998779296875,301.75,303.20001220703125,286.2472839355469,13307504,5.714392694028873,-0.006246917698718768,290.38499755859374,253.18499938964842,80.63473936757629,14.310263020833304,57.52317087320261,310.13342184751747,238.48657174379107,26.118935124737476,278.1053163436812,283.6413077505575,-0.006227446274910009,7.142078381052525,0.11316568233965955,2489000756,92.54904354319854,94.05815603236874,281.0649955749512,266.95000076293945,274.0074981689453,53841733.75763436,0.015686234617544936
2023-12-19,305.0,312.5,302.5,309.6499938964844,292.3366394042969,15650536,5.735442607673055,0.021049913644182183,292.80499572753905,254.7009991455078,82.82049525258859,15.040069665262934,59.0929776524613,314.53015335553476,239.94983932024644,26.900993731219213,281.10957134871006,285.8644354715511,0.021273025823788316,7.346215639548774,0.14526345339802338,2504651292,94.95574140970686,94.6478032447733,284.1083292643229,269.5033335367838,276.80583140055336,85244358.33929609,0.03278688524590164
2023-12-20,312.5,313.3500061035156,295.1499938964844,297.6499938964844,281.00762939453125,23497233,5.695918279093719,-0.0395243285793363,294.4599945068359,255.94299896240236,67.54546860283283,14.483193735226166,58.73319365517432,315.7162726595505,243.52871940587914,25.816074986050364,282.68484968659334,289.32264993969966,-0.038753432057265225,8.12148682294038,0.08693246106487014,2481154059,69.57362335280504,85.6928027685701,287.34416300455734,271.4691660563151,279.4066645304362,-159563077.8869013,0.0582400390625
2023-12-21,295.79998779296875,303.1499938964844,293.20001220703125,301.95001220703125,285.0671691894531,17868637,5.710261481181236,0.014343202087517604,296.2749969482422,257.28799926757813,69.70188907844488,14.224865692474907,57.970793066524564,317.31101698465886,246.76397691182544,25.013354903578584,284.5196270694922,292.28985799584,0.014446559377529589,8.252093599119862,0.11013318787080889,2499022696,71.8865875492853,78.80531743726569,289.9641626993815,273.55916697184244,281.76166483561195,-1964048.4392901808,0.033637532454589364
2023-12-22,304.0,308.95001220703125,299.6000061035156,302.79998779296875,285.86962890625,15207726,5.713072481249451,0.002811000068215108,298.0499969482422,258.6259991455078,70.12445528859347,13.928169515494119,57.67413675967662,318.2124763875624,250.86751628821887,23.668011866905182,286.2606138050614,294.2856084237873,0.002814954633466593,8.330515920862416,0.10536213503705014,2514230422,73.98270395403776,71.81430495204266,292.7516632080078,275.81166687011716,284.2816650390625,7962781.0653212415,0.030756599024722452
2023-12-26,306.45001220703125,310.70001220703125,304.6000061035156,309.6000061035156,292.2893981933594,9917180,5.73528116142977,0.022208680180318296,300.2799987792969,260.04399932861327,73.32926674886218,14.079441270376208,57.51336420267258,319.58410212903846,255.0658917674459,22.45478501587339,288.48341307158086,295.80641160707927,0.02245712874729766,8.299766527519564,0.13321541071545623,2524147602,89.09883527513287,78.32270892615193,295.5499969482422,278.38500061035154,286.9674987792969,47612264.08109992,0.019905387046924274
2023-12-27,311.6000061035156,312.25,303.54998779296875,306.04998779296875,288.9378967285156,12630732,5.723748447411336,-0.011532714018433587,302.5449981689453,261.33299896240237,69.15830517661091,13.754317210022293,57.466281694494974,319.9152449905404,259.584748905944,20.821569187237348,290.15642018790356,297.09571089008807,-0.011466467185274887,8.328355504627542,0.10434687548726174,2511516870,77.5384051983173,80.20664814249595,298.2916646321615,280.72166646321614,289.5066655476888,-14022131.89004026,0.027920449411483795
2023-12-28,309.1000061035156,315.5,307.75,313.8999938964844,296.3489685058594,37591916,5.749074444403767,0.02532599699243132,304.5299987792969,262.7699987792969,72.83749914066433,13.969057339540882,57.630847038851776,320.79546956021585,264.2545243362685,19.328585869176646,292.41771292205414,300.52095667705987,0.025649424658124254,8.40847384051352,0.14588422539333182,2549108786,95.38237695424829,87.33987247589944,301.2249989827474,283.22499898274737,292.22499898274737,192057136.0652177,0.025072791481617035
2023-12-29,314.3500061035156,314.3500061035156,308.1499938964844,311.1499938964844,293.7527160644531,12682889,5.740275091399235,-0.008799353004532051,306.10499877929686,264.1239987182617,69.70061525650411,13.758736274753005,57.78365771575453,320.4880145927688,269.5469799140671,17.267123188609972,294.2017396815237,302.25702526259175,-0.008760752002138883,8.250726580979073,0.0982970530350898,2536425897,87.44586761974298,86.78888325743615,303.8308334350586,285.7758316040039,294.8033325195312,40767082.18840591,0.019723276878161035
2024-01-01,312.0,313.29998779296875,307.79998779296875,309.75,292.4309997558594,8024960,5.7357655205092515,-0.004509570889983827,306.5699981689453,265.3999987792969,68.09284847643956,13.325479673564246,57.830026385796465,320.28694854366023,273.8280447424726,15.639700841150947,295.68252637852146,303.00867974406447,-0.0044994180425731445,8.054246110909139,0.09342825030669479,2528400937,83.405480482398,88.7445750187964,305.4991653442383,288.26416473388673,296.8816650390625,6099097.383114471,0.017628205128205128
2024-01-02,310.79998779296875,310.79998779296875,302.04998779296875,306.0,288.8907165527344,13506040,5.723585101952381,-0.012180418556870798,306.84999694824216,266.67999877929685,63.844687055721835,12.53503100113926,56.413344397487656,319.75484243203806,277.4801520747979,14.15680284848288,296.6651429139004,303.8095496188567,-0.01210653753026636,8.103942817272772,0.11832670855138686,2514894897,69.35483870967742,80.06872893727275,307.17916514078775,289.6441645304362,298.411664835612,-31732067.538961843,0.02815315425890101
2024-01-03,307.20001220703125,308.0,303.29998779296875,306.20001220703125,289.0794982910156,14259987,5.724238523089785,0.0006534211374047416,306.5049987792969,268.0139990234375,63.97378758762324,11.788839641810057,55.097853979772324,320.1319137770336,279.1780807298023,13.66699485161488,297.5732257037224,305.13272169314735,0.0006536346635008794,7.860804916541235,0.08386923785434122,2529154884,58.29599603681818,70.35210507629783,307.93833262125656,291.3083307902018,299.6233317057292,-8675908.198249327,0.01529951829514828
2024-01-04,310.8999938964844,321.75,308.6000061035156,317.1000061035156,299.3700866699219,40057506,5.759217200792222,0.03497867770243701,308.45,269.5359991455078,70.21546318884566,11.939386213658508,55.04323163823654,321.4137606859689,281.496233820867,13.241620549930785,299.4329190751313,307.6400026619579,0.03559762724344551,8.410032264857486,0.12850920999830034,2569212390,83.71279900291387,70.45454458313645,309.78333282470703,292.76833038330074,301.2758316040039,288192411.2061744,0.04229653957749104
2024-01-05,322.8999938964844,325.6499938964844,312.70001220703125,314.95001220703125,297.3403015136719,27456415,5.75241393482657,-0.006803265965652727,309.75,271.10399932861327,67.72307927114915,11.749764941014917,55.23547879375258,322.05802843410135,283.9669685141409,12.570788370702681,300.91073746864555,309.2839107329617,-0.006780176143492467,8.734314366614317,0.09886700745600595,2541755975,67.02623196569992,69.67834233514394,311.7491653442383,294.13416595458983,302.94166564941406,56710053.955830105,0.04010523980872122
2024-01-08,316.45001220703125,318.3500061035156,312.6000061035156,316.45001220703125,298.75640869140625,10136462,5.757165289796227,0.004751354969656951,311.11500244140626,272.79199951171876,68.56153892522615,11.586958930356673,55.39086644814345,322.59515061562973,286.5698487740187,11.82776485113443,302.39066839611087,309.820042533547,0.0047626605552058,8.521149054713295,0.1257620005879862,2551892437,71.64873072195508,74.12925389685624,312.98249969482424,295.88249969482416,304.43249969482423,29039813.31861004,0.018170326364968424
2024-01-09,317.8500061035156,321.45001220703125,316.04998779296875,319.75,301.8719177246094,12229517,5.767539440458952,0.010374150662725512,312.1300018310547,274.5539996337891,70.38425290452801,11.590606137053783,55.730245839283306,323.53125581080593,288.8787447995456,11.316768497158542,304.0439380726718,310.3625634687326,0.010428148730200704,8.298211580381095,0.12754499988235282,2564121954,81.81819036772526,73.49771768512672,314.66500091552734,297.4349990844727,306.04999999999995,36584775.64880589,0.016989222307278642
2024-01-10,319.6499938964844,319.75,308.0,313.3500061035156,295.8297424316406,14455000,5.747320796148953,-0.02021864430999898,312.86000366210936,276.08899963378906,62.78196894975827,10.950836131902577,54.305895418749635,321.75332493570284,293.6516768953519,9.132733064157186,304.93023026608546,311.3525644669873,-0.020015618128176316,8.54476789606816,0.1299964358369739,2549666954,62.09554781669881,71.85415630212634,316.33583424886064,298.705832417806,307.52083333333337,-49479682.632852465,0.036758955809037576
2024-01-11,314.95001220703125,317.29998779296875,312.3500061035156,312.8999938964844,295.4049072265625,10316319,5.745883631168554,-0.0014371649803992526,312.7600036621094,277.6549993896484,62.27264358750621,10.288897562839736,52.983284313968376,321.37280511964843,295.91719732175784,8.247536068043436,305.68925537374247,312.3681248638031,-0.0014361327533614077,8.287997452738514,0.058114118241361735,2539350635,51.055639252770014,64.98979247906466,317.215000406901,300.12999979654944,308.67250010172523,-19588207.198703103,0.015716721694232775
2024-01-12,315.20001220703125,315.29998779296875,309.70001220703125,312.6499938964844,295.1688537597656,12341629,5.745084334491427,-0.0007992966771270815,312.9100036621094,279.19199920654296,61.97185919735879,9.633089310008813,51.222925676891045,320.78328574120985,298.23171670019644,7.286275438259045,306.35218285209885,312.93177530408656,-0.000798977324629524,8.095995890824156,0.08096479667525594,2527009006,44.91526848349659,52.6888185176551,318.08583272298176,300.9308339436849,309.5083333333333,-8586340.566234369,0.01776641931809094
2024-01-15,314.8999938964844,318.0,309.6000061035156,317.29998779296875,299.55889892578125,9706124,5.759847660117573,0.014763325626145907,313.6650024414063,280.88599884033204,65.32654722988448,9.380440313806616,49.87899476276543,321.6896344115043,298.54536619884726,7.4630642223936325,307.3948309417055,313.2108161437147,0.014872841795173564,8.1177100340856,0.05052169133684261,2536715130,64.61862735589823,53.52984503072156,318.5358322143555,301.74083404541017,310.13833312988277,27226831.383602213,0.026675116098114838
2024-01-16,317.25,317.25,310.1499938964844,311.5,294.0831604003906,10162832,5.741399338227508,-0.018448321890065067,314.2150024414062,282.410998840332,58.40566585152422,8.61291924994913,48.6310589139345,321.66970412703523,299.39529526261316,7.172971874542035,307.7857994234478,313.52158773132527,-0.01827919324331373,8.04858745282837,0.047861513750643875,2526552298,40.042414250153556,49.85877002984941,319.1074996948242,302.0824996948242,310.5949996948242,-30220590.566794053,0.02237984587396572
2024-01-17,309.75,314.1000061035156,307.1000061035156,309.29998779296875,292.00616455078125,13502940,5.7343116402243846,-0.007087698003123144,314.525,283.9099984741211,55.98290885726977,7.737932607905066,46.81733964846478,321.65879368705714,299.37120509223973,7.177620610478118,307.9300078395927,313.5095590287609,-0.007062639508928603,7.973688349054915,0.012099574145317257,2513049358,30.720331038049977,45.12712421470054,319.05499979654945,302.3299997965495,310.69249979654944,-29877952.076138385,0.022598870056497175
2024-01-18,308.95001220703125,311.29998779296875,296.54998779296875,299.29998779296875,282.5653381347656,32481018,5.701446374073383,-0.032865266151001826,312.7449981689453,285.17899810791016,46.53394221914626,6.166499397096686,43.61840443306726,321.3775988195993,299.817399349346,6.941523848004214,307.10810116848563,312.0561137277991,-0.03233107143442093,8.457710609836706,0.0018280333939547538,2480568340,9.450169839200711,26.73763837580137,318.8991653442382,302.51916656494143,310.7091659545898,-226499437.3587128,0.04774235124520999
2024-01-19,303.79998779296875,309.45001220703125,301.70001220703125,308.45001220703125,291.2037048339844,28651237,5.731559795231044,0.03011342115766169,312.0949981689453,286.56499847412107,54.15819821961703,5.594962511151039,40.647964590198136,321.0098468239893,300.835151344956,6.488657314423602,307.23590221977565,311.4783802970391,0.030571415927994394,8.578590167281407,0.02406544081279067,2509219577,40.89354611037293,27.0213489958745,319.14416656494143,302.98416595458986,311.0641662597656,99273199.57582293,0.025510205106661854
2024-01-23,313.45001220703125,315.29998779296875,300.29998779296875,302.6000061035156,285.6808166503906,21652362,5.712411821524499,-0.019147973706545862,310.7099975585937,287.88299865722655,49.316169174275174,4.616749791555378,38.44848254392259,321.0323776889182,300.79262231108186,6.509791461532209,306.79438830394133,311.29574554395094,-0.018965815762682192,9.037262298189878,-0.005412124049635646,2487567215,20.790436569069865,23.711384172881125,319.5408325195312,302.8158325195312,311.17833251953124,-51353233.37841221,0.047854520388701145
2024-01-24,302.95001220703125,310.70001220703125,298.25,308.8500061035156,291.58135986328125,23922028,5.732855741903979,0.020443920379480396,309.6199981689453,289.30099884033206,54.04352481521751,4.29630678000251,36.075630904055394,321.0195821800412,300.7304178199588,6.526470240476846,306.99016142771035,311.1070854927261,0.020654328730786542,9.281030148821404,0.023425763398215792,2511489243,42.26809529452603,34.650692657989566,319.73999938964846,302.3799987792969,311.0599990844727,82557372.20719592,0.04109592904892543
2024-01-25,310.0,317.20001220703125,309.20001220703125,314.75,297.1514587402344,32525422,5.751778672924456,0.018922931020477485,309.75999755859374,290.74099884033205,58.023758922039114,4.466941463206183,34.72338387373356,321.335100207063,301.2849010136401,6.440589494109634,307.7291936726903,310.70723759489505,0.01910310435450313,9.214528431299565,0.06882595033403827,2544014665,62.54298415708055,41.867172006892105,320.02666625976565,302.7366668701172,311.3816665649414,155452318.2561177,0.025806451612903226
2024-01-29,317.79998779296875,325.75,316.1499938964844,324.54998779296875,306.4034729003906,24694773,5.782439569867302,0.03066089694284546,310.9249969482422,292.31799865722655,63.65456344645636,5.331489697483448,34.362445222644574,323.3788011550481,300.3061994553035,7.398799611074586,309.3311740650978,311.0528653511683,0.031135783297756126,9.342062114778168,0.061686462647550074,2568709438,95.89037087202898,66.9004834412118,320.60749969482424,303.1324996948242,311.86999969482423,213156422.05212876,0.030207698150603965
2024-01-30,321.8500061035156,323.95001220703125,314.5,315.45001220703125,297.8123779296875,20918448,5.754000229514016,-0.028439340353285658,311.2049987792969,293.68099884033205,56.12572091694401,5.222160606970874,33.74514414807498,323.69400632847686,300.42099611292934,7.45792365974489,309.9139205548057,311.4135584954019,-0.02803874881592172,9.392628234648924,0.017562048502888276,2547790990,64.7260839483877,74.38647965916572,321.1075002034505,303.3075002034505,312.20750020345054,-55852770.04642582,0.029361541177016077
2024-01-31,318.54998779296875,320.0,312.6000061035156,317.5,299.7476806640625,20931224,5.760477818332746,0.006477588818730062,311.225,294.9839987182617,57.34954246407749,5.240523900088476,32.84505752414957,324.26307518980093,300.62692725160537,7.564898732849175,310.6364043114909,311.47456627570716,0.00649861376966232,9.250297210494313,0.040146883975018664,2568722214,71.74658715377717,77.45434732473124,321.52333374023436,303.53333435058596,312.52833404541013,9988245.779121075,0.023230243855145778
2024-02-01,320.04998779296875,326.95001220703125,317.1000061035156,322.0,303.99609375,24020951,5.7745515455444085,0.014073727211662224,312.275,296.3919985961914,59.987966802319335,5.554164384438877,32.7156436113104,325.37178416287566,301.11821827853055,7.742682497671133,311.71865151992034,312.247979956742,0.014173228346456623,9.293133559995836,0.042045539365782626,2592743165,83.71707818516927,73.396583095778,322.36500142415366,304.26500142415364,313.31500142415365,75392268.25970702,0.03077646142541744
2024-02-02,324.0,333.70001220703125,323.1000061035156,332.5,313.9090270996094,32346639,5.806639860095909,0.0320883145515003,314.5950012207031,298.02099853515625,65.37094969878129,6.574205625631464,33.1667133263714,328.8556850117735,300.2643162089296,9.089321193847635,313.6978275656422,314.0238175628533,0.032608695652173836,9.465053463355506,0.09157063770906908,2625089804,96.76982121557636,84.07782885150756,323.85666809082034,305.1666687011719,314.5116683959961,251557229.086569,0.032716068220727236
2024-02-05,338.0,341.04998779296875,333.04998779296875,336.1000061035156,317.3077392578125,19651482,5.81740875289088,0.010768892794970952,318.27500305175784,299.74299865722656,67.00971610894544,7.5856434880926145,34.10686270814193,332.6056326329796,298.41436858772346,10.836824182787689,315.83136837877305,315.4975256216058,0.010827086025610999,9.399691629756452,0.05544447643527908,2644741286,88.87644564167837,89.78778168080795,324.64500122070314,306.4700012207031,315.5575012207031,131016046.45760797,0.023668639053254437
2024-02-06,336.0,336.0,329.0,334.20001220703125,318.5947265625,12024661,5.811739652687418,-0.005669100203461674,320.8500030517578,301.3539990234375,65.25453937694552,8.140068015508177,34.28666450597917,335.40278319005813,297.542218030645,11.963303315894715,317.58076302908336,316.1791796317313,-0.005653061178163776,9.235428377882107,0.11909485383788514,2632716625,84.60679643609551,90.08435443111671,325.1125020345052,307.5325002034505,316.3225011189778,28440827.147673525,0.020833333333333332
2024-02-07,337.8999938964844,337.8999938964844,329.6499938964844,330.70001220703125,315.2581481933594,8080437,5.801211656900451,-0.010527995786967281,323.6600036621094,302.91299926757813,62.031286456681855,8.202479619432097,34.600387122046776,337.1050731415603,297.2649280791428,12.560538797784904,318.8302153317451,316.70722594650135,-0.01047277041340089,9.165040636604813,0.09513243978802552,2624636188,76.74162789676966,83.40828999151447,326.08500162760413,308.2549997965495,317.1700007120768,-9374077.284108823,0.02441550798763076
2024-02-08,333.95001220703125,335.25,328.0,330.8999938964844,315.4487609863281,17754869,5.80181619648237,0.0006045395819187505,325.86500244140626,304.45299926757815,62.146339579312546,8.173855003779636,34.60019518641628,338.5239927877588,296.96100782259276,13.080713132567054,319.97971805219646,317.798679251133,0.0006047223528009571,9.02825201970447,0.07307352385993633,2642391057,77.19102495172051,79.51314976152851,326.7925003051758,308.77750091552736,317.7850006103516,-757593.295610331,0.021709836008346618
2024-02-09,332.95001220703125,335.0,319.6000061035156,324.8999938964844,309.72894287109375,18304439,5.783517423889226,-0.01829877259314383,326.8800018310547,305.79999938964846,56.6043229043141,7.5796464871997955,33.264356335510186,339.2227160126399,297.4172833770085,13.133146731499934,320.44831575165244,319.959153064683,-0.01813236660825379,9.483376439474464,0.06115725853054658,2624086618,62.26635863868746,72.0663371623925,327.61499989827473,309.2350011189779,318.4250005086263,-73470287.09853677,0.0462531711424252
2024-02-12,326.1499938964844,326.70001220703125,314.5,316.1499938964844,301.3875427246094,11714289,5.756216765198864,-0.027300658690362134,326.0400024414063,306.95499938964844,49.65058762983262,6.329715068372877,31.33456411138304,339.26432870300437,297.7006706866441,13.050531208523955,320.0389517654459,321.25808651911615,-0.02693136400238838,9.677421851442805,0.059621210442437636,2612372329,41.82242757420836,60.42660372153873,328.2241683959961,309.1191665649414,318.6716674804687,-92823448.19951226,0.03740613961471779
2024-02-13,318.54998779296875,323.95001220703125,315.8999938964844,321.54998779296875,306.5353698730469,15426888,5.773153014617782,0.016936249418918692,326.65,308.1599993896484,53.45114631771461,5.709059309542852,29.542614188979265,339.57139896992595,298.28359980937097,12.945826007343372,320.1828599585433,322.37995159321105,0.01708048078676372,9.561178741378809,0.07313051133545999,2627799217,54.43923934201801,52.842675184971235,328.74250386555985,309.3924977620443,319.0675008138021,24595584.627994608,0.02527081657205626
2024-02-14,320.8999938964844,329.3500061035156,318.3500061035156,328.0,312.6842041015625,14085723,5.793013608384144,0.019860593766361845,327.7,309.3409991455078,57.570878877205054,5.672260935982877,28.499912774585198,340.46149954602066,298.4635004539793,13.14645665517592,320.92734948630107,323.97136354540305,0.02005912751327532,9.66395168842318,0.07864025036997654,2641884940,59.02669451737156,51.7627871445326,329.3858378092448,309.7758310953776,319.58083445231125,68767251.73923877,0.03427859211349306
2024-02-15,331.0,340.8999938964844,330.1499938964844,339.25,323.40887451171875,21973316,5.826737298714979,0.033723690330834444,329.425,310.62999938964845,63.6188907984848,6.476225048595609,28.601360135195968,343.1857584812734,298.51424151872664,13.922866436823057,322.67236382093904,326.31816458215644,0.03429878048780477,9.89509756042755,0.1283127222224135,2663858256,93.67314955553721,69.04636113830888,330.7583374023437,310.7833312988281,320.7708343505859,187722287.24641293,0.0324773413897281
2024-02-16,341.8999938964844,342.95001220703125,336.79998779296875,337.75,321.9789123535156,20307449,5.822305976840308,-0.004431321874670324,329.95,311.67599914550783,62.34286694548771,6.912650207496256,28.8585387482839,345.1030397759399,299.44196144476325,14.168468685568639,324.1083291713258,327.73095940349583,-0.004421518054532059,9.627592335687188,0.10484424520561249,2643550807,82.86652006165856,78.52212137818907,332.16583862304685,312.275830078125,322.22083435058596,42266646.748804316,0.0179877874344874
2024-02-19,340.3999938964844,341.8999938964844,337.5,338.75,322.9322204589844,8496898,5.825262372193911,0.002956395353602481,330.2149993896484,312.8289990234375,62.87743633308421,7.2555741900253,29.097347460436986,345.5622433537353,302.9277590876709,13.14884858843036,325.5027740121519,328.96816405605574,0.002960769800148144,9.254192447172702,0.15318572072332778,2652047705,86.16141231502178,87.56702731073915,333.4983388264974,314.6433308919271,324.0708348592122,19753480.916268107,0.012925951749054417
2024-02-20,340.6000061035156,346.5,337.79998779296875,345.70001220703125,329.5577087402344,19340526,5.8455713822386315,0.020309010044720743,331.36499938964846,314.06699951171873,66.44286652884358,7.995979147951971,29.69736774437319,348.0783080073146,304.1366944340916,13.47457921352265,327.42632050690236,331.16346123958067,0.020516641201568264,9.214608144305455,0.1427589359448847,2671388231,97.50003814697266,88.84265684121762,335.3858388264974,316.435829671224,325.9108342488607,96195754.83235955,0.02554319451300048
2024-02-21,347.0,348.04998779296875,334.70001220703125,336.1000061035156,320.4059753417969,17751633,5.81740875289088,-0.02816262934775171,331.9049987792969,315.0879998779297,58.136794633901566,7.71913378025846,29.727644120108675,347.3002730270416,308.26472941436464,11.908977284419917,328.2523858018179,332.72197917184394,-0.027769759226292434,9.509991532993459,0.14676823539733724,2653636598,64.38156173649176,82.68100406616203,336.9808380126953,318.1958312988281,327.58833465576174,-81545271.82079306,0.03847255212085735
2024-02-22,339.0,340.25,330.6000061035156,339.54998779296875,323.6948547363281,16083122,5.827621175609185,0.010212422718304914,332.76999816894534,316.1329998779297,60.068720748233055,7.689477016919227,29.095974219303773,347.41516317362925,311.2198374367223,10.991011927202491,329.32834789621324,333.45132132531825,0.01026474747635242,9.519991701814238,0.14168798665637863,2669719720,74.66467036455558,78.84875674933996,338.38417002360023,319.8791651407878,329.131667582194,9809226.999229457,0.028466058691694322
2024-02-23,340.0,340.0,334.8500061035156,337.75,321.9789123535156,9665454,5.822305976840308,-0.005315198768876428,334.05499877929685,317.22,58.550530074685696,7.435023523502991,28.509423597127796,347.61434836808763,313.320652242264,10.377327904908823,330.1304100013358,333.33264545152605,-0.005301098093592804,9.207849001433532,0.11865282228324806,2660054266,69.29957812048035,69.44860340717587,339.43250274658203,321.2124984741211,330.32250061035154,-8328723.809257498,0.015147040872012867
2024-02-26,338.0,338.5,334.54998779296875,337.6000061035156,321.8359069824219,7711995,5.821861780800936,-0.00044419603937218,336.2,318.09100036621095,58.41803078196749,7.13897043551151,27.913062694597038,348.3096058013725,313.9303966400337,10.382703864036259,330.84180010630536,333.4805969054488,-0.0004440973989174868,8.832289230404799,0.08208534471210238,2652342271,68.85250226039372,70.93891691514317,339.886669921875,322.2316650390625,331.0591674804688,-3547409.3895645114,0.01168642664802145
2024-02-27,336.1000061035156,338.0,334.1000061035156,336.1000061035156,320.4059753417969,8882923,5.81740875289088,-0.004453027910056306,337.6550018310547,318.9050006103516,57.02815994317374,6.7060061023499316,27.277076626864048,347.8709188304885,316.4340830005662,9.464578994067933,331.3425816298492,333.6197559570768,-0.0044431278817573805,8.479982420839054,0.13732498091893477,2643459348,64.38156173649176,67.51121403912191,340.51416880289713,323.41416575113936,331.9641672770182,-10065392.796521503,0.011603671007620315
2024-02-28,335.70001220703125,336.5,331.79998779296875,333.29998779296875,317.7366943359375,12977628,5.809042948688937,-0.008365804201942773,338.18500061035155,319.4690002441406,54.425117778180116,6.067004026212771,26.260711311674505,347.1515275138789,318.73347309647266,8.535424102167239,331.529001264432,333.8314329169384,-0.008330908240699375,8.209984548424211,0.10450666195048133,2630481720,56.035751514964076,63.08993850394981,341.2375025431315,324.407497660319,332.82250010172527,-27580194.95048438,0.014000631623846
2024-02-29,333.29998779296875,336.0,330.6000061035156,335.6000061035156,319.9293212890625,13149469,5.815919992779927,0.00687704409098977,337.82000122070315,320.1170001220703,56.19392808925518,5.680698971092397,25.095904667697386,346.94585069152095,320.29915052918216,7.987081241100199,331.9167160110114,334.5263404749301,0.006900745258879404,8.009270930428508,0.14526011825509122,2643631189,62.89124822852444,61.102853826660045,341.6175018310547,325.2324981689453,333.425,10969281.332484208,0.01620160244301783
2024-03-01,335.6000061035156,344.3500061035156,335.0,343.5,327.4604187011719,13027254,5.839187111662404,0.0232671188824769,338.39500122070314,320.79400024414065,61.69327233220066,5.943499948468684,25.109101038992492,348.1568724124688,320.18812880823435,8.36955271698022,333.01988591472457,335.85475786229705,0.023539909871299614,8.10503772850616,0.10490608039879334,2656658443,85.84762470680813,68.25820815009884,342.1141682942708,325.8541646321615,333.9841664632161,72266578.50279585,0.02786056595193154
2024-03-04,348.0,358.29998779296875,345.75,353.8500061035156,337.3271179199219,38075510,5.868873111770672,0.02968600010826794,339.9050018310547,321.9180004882812,67.45732992054846,6.907307469502996,26.37261815333954,351.46456761778325,318.65543360291986,9.7920175356944,335.00370688508565,339.81019271284356,0.03013102213541674,8.583248447396345,0.15020339409069852,2694733953,88.86111707373341,79.19999666968862,343.13666788736975,326.4216654459636,334.77916666666664,286810033.43057877,0.03606318331312859
2024-03-05,354.8999938964844,359.95001220703125,353.54998779296875,358.25,341.52166748046875,15918221,5.881231066708281,0.012357954937609605,341.1600006103516,323.04400024414065,69.55467559397326,7.93470823163409,27.664364280407806,355.5169306044221,317.0080693955779,11.45202370435128,337.2176395626965,341.9723221453838,0.012434629986122436,8.427303873586785,0.15355981136149638,2710652174,94.29526455549332,89.66800211201159,344.3158355712891,327.66083068847655,335.9883331298828,142296727.9721192,0.018033317903998695
2024-03-06,359.45001220703125,359.45001220703125,345.0,351.95001220703125,335.515869140625,13120921,5.863489154738133,-0.017741911970148294,342.7450012207031,324.02700073242187,63.26731258375218,8.146664694472747,27.426706363692194,357.55489932402713,317.09510067597284,11.994307759002234,338.62072267168077,343.1270873562695,-0.017585450922452894,8.857497325975675,0.16869882541062117,2697531253,72.74276546388269,85.2997156977031,345.5950032552083,328.3199971516927,336.95750020345054,-7675518.764298469,0.04020033861817905
2024-03-07,352.0,353.8999938964844,349.70001220703125,352.20001220703125,335.75421142578125,9172926,5.8641992307214785,0.0007100759833456038,344.0100036621094,324.8790008544922,63.40866571601126,8.239830986503307,27.206024012456272,359.38307062450036,317.39693120655437,12.407618222864404,339.9139883417141,343.9197391179122,0.0007103281469782452,8.524817637652635,0.19080346355717323,2706704179,73.59455404313636,80.21086135417075,346.47000274658205,329.49999847412107,337.98500061035156,-1029685.2547661564,0.011931766163219105
2024-03-11,352.25,353.1499938964844,346.70001220703125,347.95001220703125,331.7026062011719,10664917,5.852058826373575,-0.0121404043479032,345.0300048828125,325.7170013427734,59.23547517108771,7.879891973290796,26.524736531902004,359.9699012658483,319.115102396261,12.032307781579375,340.6793239479348,344.3847037777567,-0.012067006963934368,8.376615069924098,0.1929266048892357,2696039262,59.11414819582403,68.48382256761433,347.1608357747396,331.08583272298176,339.1233342488607,-30560493.251588717,0.01831080678340135
2024-03-12,348.0,349.45001220703125,342.54998779296875,344.75,328.6520690917969,9637912,5.842819516673411,-0.009239309700164178,345.74500427246096,326.33400146484377,56.23445129694852,7.252817505132782,25.270201840336004,358.439063507019,323.5059407654419,10.245143676606538,341.0670073814648,344.5475222127923,-0.009196758427262863,8.271144308791126,0.21138626478730133,2686401350,48.211212790137886,60.306638343032716,348.2191696166992,332.6741653442383,340.44666748046876,-30747788.450724885,0.019827656362248564
2024-03-13,343.8500061035156,344.5,319.5,322.5,307.4410095214844,23722232,5.776103136235827,-0.0667163804375841,344.3850036621094,326.5610015869141,40.76853273825307,4.903937879024511,25.212927241306538,358.27895970345963,323.7610457897044,10.121961654960785,339.29872096418245,343.1340925102239,-0.06453952139231323,9.483919715306046,0.12575920422696393,2662679118,7.41656142066262,38.24730746887481,349.4850021362305,332.24499969482423,340.86500091552733,-362129037.4835749,0.07270612056488893
2024-03-14,321.04998779296875,326.95001220703125,316.5,321.8500061035156,306.8213806152344,20859127,5.774085617462476,-0.0020175187733508793,343.24000549316406,326.80300170898437,40.41881250965095,2.9559108767526254,25.382182186027126,359.07243308825093,322.35257301526474,10.777373810496194,337.63693859649993,341.46973532809756,-0.002015484950339097,9.552926321857845,0.09039783697952261,2641819991,12.313014040189076,22.64692941699649,349.284169514974,332.0991658528646,340.69166768391926,-129748549.31851995,0.03254948638643154
2024-03-15,322.6499938964844,326.04998779296875,305.75,316.29998779296875,301.5304870605469,43285007,5.7566910917183955,-0.017394525744080624,341.31000366210935,327.0090014648438,37.46368650589538,0.9532567974731592,26.249373222027124,360.7920229002161,318.3379819825964,12.502478350944138,335.6048480437826,337.0445006876176,-0.01724411435543627,10.320573569794337,0.04384447157700125,2598534984,19.464917743321326,13.064831068057636,348.7250020345052,330.584999593099,339.6550008138021,-203404570.72093976,0.06291643631483093
2024-03-18,317.1000061035156,322.8999938964844,314.95001220703125,317.1499938964844,302.3408203125,13690352,5.7593748288350195,0.002683737116623952,338.6750030517578,327.22800109863283,38.208815199710585,-0.5588307469522533,27.054622041169978,361.9052924614576,315.1647118110033,13.806720237349431,333.8472428868971,336.00901862244183,0.0026873415628203556,10.151245578341394,0.06908882563805784,2612225336,21.033194333866735,17.60370870579234,347.77333323160804,329.45333506266275,338.61333414713545,-60043601.73412836,0.025070897308207225
2024-03-19,314.29998779296875,317.8999938964844,310.1000061035156,313.45001220703125,298.8136291503906,13388060,5.7476398966640865,-0.011734932170933021,334.6350036621094,327.1550012207031,36.18756274748642,-2.032301513430525,28.101394913832554,363.0694538104221,311.4705516827419,15.298989446876648,331.90464948881464,334.821794739545,-0.011666346399681116,9.983298593671918,0.07346038819799576,2598837276,14.206661388966152,18.234924488718033,346.66499989827474,328.00500233968097,337.33500111897786,-53038251.81624266,0.024817015895357425
2024-03-20,316.0,317.45001220703125,308.29998779296875,313.6499938964844,299.0042724609375,10026655,5.748277695083114,0.0006377984190271135,330.1750030517578,327.1290008544922,36.38344832208444,-3.147617090134588,29.182003256460096,363.1030187784989,308.23198488361044,16.346841322311175,330.1661108609736,333.9940377061525,0.0006380018556868539,9.923779009414103,0.03168810929816137,2608863931,14.575631212606122,16.605162311812965,345.17750040690106,326.4725016276042,335.8250010172526,-16342652.334438471,0.0289557734622231
2024-03-21,317.25,326.3500061035156,317.0,325.0,309.8243103027344,23370426,5.783825182329737,0.03554748724662371,327.48000183105466,327.30000061035156,46.43374637039785,-3.0801559628827704,28.93775412671877,362.93690081665403,307.28810223510374,16.606004947043985,329.6741003027857,332.97467631497096,0.03618685262038146,10.122081380672471,0.12503772458689216,2632234357,35.516597166933366,21.432963256168506,344.1358352661133,325.8308334350586,334.98333435058595,171388767.7163607,0.029472044455526005
2024-03-22,324.5,327.25,321.1499938964844,324.75,309.5859680175781,14709219,5.783055655550709,-0.0007695267790284177,324.73500061035156,327.4000006103516,46.26038725681949,-3.0121433308435144,28.593211835177588,362.4713425074347,306.27366176502625,16.806908577521824,329.20513836918707,332.0878050616036,-0.0007692307692307443,9.834790289446982,0.0914266351543516,2617525138,35.0553426582719,28.382523679270424,343.3375025431315,325.38749949137366,334.3625010172526,54678052.738786906,0.01879816981052581
2024-03-26,320.1000061035156,330.29998779296875,320.1000061035156,329.1000061035156,313.73284912109375,11208959,5.796361674495376,0.013306018944667208,322.85,327.7150006103516,49.774167811515674,-2.577521627046906,27.868570679446375,362.08382859886694,305.79617628394556,16.85561834563313,329.19512577245644,328.4580548431535,0.013394937963096654,9.86087538944742,0.11350434366195442,2628734097,43.08118237007792,37.884374065094356,343.038335164388,324.58333333333337,333.8108342488607,50732044.28896657,0.031864984364150875
2024-03-27,332.0,334.1000061035156,326.29998779296875,331.6000061035156,316.1160888671875,45209520,5.803929441667399,0.007567767172022677,321.5350006103516,328.0890008544922,51.7276669219627,-2.008202381883791,26.70737039872412,361.74927034351117,305.5307345393013,16.85005856397059,329.42416199446205,327.0902087779979,0.007596475094605815,9.713671312383095,0.1348593303509154,2673943617,48.137803030389136,42.091442686246275,342.9200022379557,324.0799997965495,333.5000010172526,92259881.42965552,0.023494031055864083
2024-03-28,331.8999938964844,340.0,330.29998779296875,335.79998779296875,320.1199645996094,19868037,5.816515708291352,0.012586266623952902,322.86499938964846,328.5520007324219,54.901200717459545,-1.2042277686300054,24.927456123297098,361.72932193436264,305.5206811173952,16.847850298955304,330.03138349908176,326.47955400062847,0.012665807033013232,9.71269566200082,0.13740136309822518,2693811654,62.40912066899103,51.20936868981932,343.1750025431315,323.75499827067057,333.4650004069011,86383554.88013664,0.0292257076993396
2024-04-01,339.0,344.3999938964844,336.1499938964844,342.3500061035156,326.3641052246094,8580656,5.835833623395363,0.019317915104011263,324.9149993896484,329.0530010986328,59.38560377383269,-0.03810115206414366,23.499164087942937,362.43658937133296,305.7184155114795,16.977549654006175,331.20458565188494,326.0725137416368,0.019505713367045097,9.633217836394735,0.16333862153758286,2702392310,77.21521269273882,62.587378797372956,343.70750223795574,323.9324991861979,333.8200007120768,66263487.57104815,0.024336283185840708
2024-04-02,343.0,345.6000061035156,340.75,344.79998779296875,328.6997375488281,9745257,5.842964503386314,0.0071308799909513,327.76499938964844,329.7190008544922,60.94971930487088,1.0714051484160905,22.302060410696413,363.2763628431083,305.7986402086495,17.18124944805702,332.49938585579764,325.7903715957722,0.007156365257117381,9.2915598554748,0.15213431598857924,2712137567,89.35921483949993,76.32784940040989,344.1625025431315,324.4424982706706,334.302500406901,38004963.32969265,0.014139959485468295
2024-04-03,344.3500061035156,354.1000061035156,342.0,351.25,334.84857177734375,21679943,5.861498220647955,0.01853371726164088,331.175,330.5580010986328,64.79378295760455,2.4429976094852464,22.034552613594883,364.3378859488783,305.5121171028795,17.563863126967394,334.285158631436,326.91783661490956,0.01870653258521604,9.492163158906285,0.15078312815124376,2733817510,94.10546898915821,86.8932988404656,344.70833587646484,324.7133316040039,334.71083374023436,105892252.44172534,0.03513868415578951
2024-04-04,355.0,362.70001220703125,352.6499938964844,354.6499938964844,338.08978271484375,28962927,5.8711313704381265,0.00963314979017138,335.2949981689453,331.6650012207031,66.65704030365308,3.7609912432677106,22.49188916704134,364.4827121314636,305.4472896995911,17.624355461172563,336.2246667519168,329.78578744742964,0.00967969792593415,9.63200951948664,0.07680914745068491,2762780437,85.86476455653333,89.77648279506379,344.7850041707357,325.0399968465169,334.9125005086263,100946600.83012345,0.028309910733934858
2024-04-05,356.3999938964844,358.20001220703125,351.54998779296875,354.54998779296875,337.9944763183594,11208130,5.870849345320359,-0.00028202511776775907,339.38499755859374,332.58700073242187,66.54548117789798,4.742769344175599,22.765772042648326,363.75299601237214,305.80700459797947,17.308677747049035,337.96993542249317,331.41258520147045,-0.00028198535242274225,9.419010583384916,0.054176794266451195,2751572307,85.68916125174023,88.5531315991439,344.6733373006185,324.90332997639973,334.78833363850913,32901612.670710105,0.018658879146877836
2024-04-08,355.6000061035156,366.0,353.25,363.5,346.5265197753906,11447140,5.895779296973574,0.0249299516532151,343.23499755859376,333.80500061035156,71.19224219866291,6.171881145229236,23.606930290148927,366.08381208048496,304.6311873091635,18.324511849964114,340.4013701441605,335.5403030411469,0.025243301410737606,9.65693839885742,0.07511842310145024,2763019447,95.6672452840567,89.07372369744338,345.0275029500325,325.42749684651693,335.22749989827474,79268566.0473005,0.03585489252294461
2024-04-09,365.0,366.8999938964844,360.3500061035156,362.8999938964844,345.95452880859375,10010148,5.894127297400298,-0.0016519995732755532,347.0499969482422,334.88600036621096,70.48541776813647,7.1733570706150545,24.451908956943946,368.1096545905194,303.67534296807435,19.18301595201225,342.5440962158104,337.6883812333189,-0.001650635773082887,9.435013355579658,0.06397406951393905,2753009299,93.17406214440646,91.51015622673442,345.7175028483073,325.8824961344401,335.79999949137374,22418755.417703684,0.017945172035530824
2024-04-10,364.1000061035156,368.3500061035156,361.3500061035156,362.5,345.5732421875,12886638,5.893024474294729,-0.001102823105568973,350.38999633789064,335.84100036621095,69.98656094846027,7.844333201945744,25.343359682532952,370.5072111754287,302.7327851624619,20.133808562066392,344.44465848097127,340.4488905073541,-0.0011022152196521473,9.26108383018111,0.05774733443167099,2740122661,90.25811104126149,93.03313948990818,346.48500366210936,326.5949951171875,336.5399993896484,4036534.1084321532,0.019225487181150615
2024-04-12,362.5,374.5,361.0,361.75,344.8582458496094,30924494,5.890953365511593,-0.0020711087831362107,353.4049957275391,336.5850006103516,69.0004603865868,8.220803581741052,26.60217144501241,372.9458662738691,301.99413006402153,21.024605622668567,346.0927862446883,344.51456012324354,-0.002068965517241339,9.563863556596745,-0.007810921833965333,2709198167,77.82608695652173,87.08608671406319,347.8233357747396,327.2733296712239,337.5483327229818,-14116735.630522616,0.037241379310344824
2024-04-15,355.5,366.0,352.79998779296875,361.1499938964844,344.2862243652344,18126999,5.889293367596633,-0.0016599979149605204,355.93999633789065,337.49900024414063,68.17290429981739,8.374210901451363,26.537521029101846,375.60922745940655,303.19576826813255,21.3355704943396,347.52680602104977,347.6110612484521,-0.0016586208804855174,9.82358846019921,0.052295430661635736,2691071168,75.45954485046666,81.18124761608327,348.7908360799154,329.42082875569656,339.10583241780597,-11956451.902455293,0.03713083602540436
2024-04-16,361.0,361.95001220703125,354.6000061035156,359.25,342.4749755859375,15328939,5.884018524959134,-0.005274842637498445,357.62999572753904,338.3340002441406,65.4941719321522,8.247402753909967,26.477488500042035,377.52310234510435,305.0218927720831,21.244375123012475,348.6433006857117,349.6100230250182,-0.005260955084022467,9.646904006150383,0.06261772235750714,2675742229,71.96690861947773,75.08418014215535,350.4775024414063,331.41749572753906,340.94749908447267,-23402077.6605393,0.0203601277105696
2024-04-18,359.54998779296875,361.25,349.20001220703125,351.1499938964844,334.75323486328125,22966560,5.861213465223524,-0.0228050597356102,358.26499633789064,338.9170001220703,55.48475020017772,7.407909812348748,25.663394525033933,377.6090559679555,308.4209397595835,20.170580481687995,348.882033372452,350.9466252850154,-0.02254698984973036,9.818552848065979,0.017428959409193766,2652775669,51.55601620343696,66.32748989112709,351.95666961669923,333.721662902832,342.83916625976565,-131820210.00468497,0.03351408205277763
2024-04-19,343.1000061035156,352.3999938964844,343.0,350.54998779296875,334.18121337890625,12867942,5.859503314830465,-0.0017101503930589956,358.1949951171875,339.2779998779297,54.81644900694033,6.617903062841151,24.13015203613035,377.29096003164517,312.07903508554233,18.919281491216434,349.04088617440595,354.7287218982477,-0.0017086889191075816,9.788655780095866,0.056946418341369126,2639907727,45.81446698509887,56.44579726933782,353.54500325520837,335.164995320638,344.35499928792314,-49087299.1613517,0.0273972419972745
2024-04-22,355.0,355.0,341.8999938964844,342.8999938964844,326.8884582519531,37382916,5.8374388416691785,-0.022064473161286458,357.0199951171875,339.41399963378905,47.03731537599873,5.313278283731449,22.986690405537296,375.4830513728789,316.8319419132539,16.943475160412877,348.4560392907944,355.04924836030057,-0.021822833156115773,10.025180803197276,-0.02579741057161489,2602524811,17.601040223514367,38.32384113735003,355.4491704305013,336.5391606648763,345.9941655476888,-207015152.54230928,0.036901425643705986
2024-04-23,346.0,348.6499938964844,344.0,347.1499938964844,330.9399719238281,14651106,5.8497569456175,0.012318103948321557,356.2799957275391,339.6729992675781,51.182187822368086,4.569617521936266,21.924904605700885,373.08353866922903,322.5814546169038,14.51908160960266,348.33165401514583,355.03781067391424,0.012394284268441913,9.719810745826042,-0.016300590722656744,2617175917,18.96294487847222,27.45948402902845,356.89750213623046,338.43749542236327,347.66749877929686,-27493583.847436443,0.013439288718162934
2024-04-24,349.79998779296875,353.1499938964844,347.29998779296875,351.6499938964844,335.2298278808594,11132307,5.862636345397236,0.01287939977973629,355.0949951171875,340.09199890136716,55.181681418308436,4.293876269567647,21.437501525157536,372.1685390677626,326.16145360801863,13.176316624597279,348.6476863847971,355.27680619667603,0.012962696468725499,9.454109978267038,-0.04719741521511052,2628308224,29.907969860620817,22.1573183208691,358.1183349609375,340.0083282470703,349.0633316040039,24232393.05085452,0.01672386022774245
2024-04-25,351.0,360.6000061035156,349.1000061035156,359.20001220703125,342.4273376464844,19865014,5.883879370411984,0.02124302501474773,354.72499694824216,340.65799926757813,60.96063971688638,4.631187275879995,21.708272482971676,371.3378476586173,330.43714623786707,11.656357600790578,349.6526697964385,355.8737824477401,0.021470264301410413,9.600244979819394,-0.013461124574263794,2648173238,53.067530894361454,33.979481877818124,359.9841684977214,341.3341623942057,350.65916544596354,108064943.97646485,0.03276353276353276
2024-04-26,360.70001220703125,361.3999938964844,355.0,356.0,339.37677001953125,10986589,5.87493073085203,-0.00894863955995362,354.0749969482422,341.2799993896484,57.572234067911296,4.587413588801667,22.0323720579317,370.1564842990002,334.30850898713254,10.177361729401733,350.2571774348729,355.8509957528095,-0.00890871965000617,9.371655616724036,-0.05660321579121579,2637186649,43.251544367027165,42.07568170733644,361.342502339681,343.0724950154622,352.2074986775716,12583502.049731456,0.017743259439677993
2024-04-29,359.70001220703125,363.6499938964844,356.95001220703125,363.0,346.0498962402344,13652173,5.8944028342648505,0.01947210341282002,354.1999969482422,342.21699951171877,62.48455839612047,5.059244305890729,22.541841036305165,369.59672407648105,338.00826859930015,8.928273769728607,351.4707795839326,356.20264199834446,0.0196629213483146,9.248679779564059,-0.07709005969962872,2650838822,64.72393298490879,53.68100274876576,362.8141672770182,344.65416361490884,353.7341654459635,67904641.34991048,0.018626581768356573
2024-04-30,364.95001220703125,365.45001220703125,359.29998779296875,363.20001220703125,346.2405700683594,14566548,5.894953680336805,0.0005508460719543251,354.4049987792969,343.05,62.61774040546802,5.387212430599561,23.181768260743606,369.1293816879294,341.2156134292581,7.859214452286334,352.587849357561,356.3654868065063,0.0005509978155131545,9.027347253456805,-0.07460691825264272,2665405370,65.33746724743666,57.770981533124164,364.00083516438804,346.19583028157547,355.09833272298175,24577205.392841257,0.01685168984341251
2024-05-02,363.20001220703125,372.6000061035156,363.20001220703125,369.04998779296875,351.8173522949219,27892188,5.9109321031391575,0.015978422802352732,355.38499755859374,343.8709997558594,66.37740392218458,6.049439498915149,24.38085881883337,370.41071260180973,342.6042806843231,7.79967663494221,354.15567206569506,357.3614401525928,0.01610676043315462,9.053964870815916,-0.06352311732784169,2693297558,83.2821742740609,71.11452483546874,365.4241683959961,347.50416412353513,356.46416625976565,116971481.02319969,0.025881039594035562
2024-05-03,372.29998779296875,380.3999938964844,360.3500061035156,364.95001220703125,347.9088439941406,26844664,5.899760391346144,-0.011171711793013905,356.76499938964844,344.385,61.69423410059405,6.1722753091285085,26.0380898257137,370.7845585298623,344.2454371976767,7.423219023191374,355.183704460108,358.13489510471186,-0.011109539958141124,9.839395079541118,-0.11700953543596417,2666452894,59.870177429991884,69.49660631716311,367.42666778564455,347.98666534423825,357.70666656494143,-34384484.33406363,0.05385438745734875
2024-05-06,367.79998779296875,368.8500061035156,354.3999938964844,356.79998779296875,340.139404296875,15319437,5.877175366493322,-0.022585024852821434,357.38999938964844,344.76599975585935,53.598850350072105,5.548030474309087,26.582326775259155,370.75495939838714,344.83003510844884,7.245798748981633,355.33763620609477,357.3448386205927,-0.022331892427610356,10.16872487436184,-0.17815544117167925,2651133457,38.70128284801137,60.61787818402134,368.0891677856445,348.4141647338867,358.2516662597656,-94697351.81781614,0.03928769082821457
2024-05-07,358.25,358.45001220703125,346.8500061035156,349.1499938964844,332.84661865234375,10028071,5.855501611810974,-0.021673754682348445,358.01499938964844,344.97399963378905,47.32198669535908,4.3854684213913515,25.99735062228489,370.95946259502676,344.07553191180915,7.519612575538244,354.7483369385128,356.9242706958863,-0.021440566586911514,10.270959247872826,-0.15514223238050368,2641105386,18.83116883116883,39.13420970305732,367.9075007120768,348.0774988810221,357.99249979654945,-82708905.23494668,0.03237964020520761
2024-05-08,345.20001220703125,358.5,345.20001220703125,355.45001220703125,338.8524169921875,9595776,5.873384626717963,0.017883014906988848,358.8450012207031,345.16899963378904,52.27840112709839,3.9272179212699143,25.23280074767078,370.9704068945045,344.15459005373765,7.499616697836578,354.8151631545622,356.6705331623283,0.018043873466068838,10.487318429665391,-0.13770913476479016,2650701162,35.19485275466721,30.909101477949097,368.1541661580403,347.65916798909507,357.9066670735677,12732741.257621937,0.03852835261486658
2024-05-09,356.5,358.0,344.8500061035156,346.04998779296875,329.8913269042969,9043486,5.846583238012532,-0.026801388705430362,358.2850006103516,345.3679992675781,45.41266555994992,2.7735756340555895,24.473910295112102,370.69655970141906,342.68343602612,7.853633082808822,353.9803845486962,356.6737589699616,-0.026445418740307924,10.677509534438176,-0.18038060781511,2641657676,10.779204925933442,21.60174217058979,367.60999908447263,347.0750015258789,357.34250030517575,-52428412.37294763,0.03688637839126052
2024-05-10,347.6499938964844,356.3500061035156,347.54998779296875,355.5,338.90008544921875,11699095,5.873525249243295,0.026942011230763008,357.9149993896484,345.68699951171874,52.20796186989938,2.5919642673226235,23.76922630345047,370.0388386539538,342.6011576839368,7.700292184276377,354.1251098297727,356.9395103296507,0.02730822869638394,10.650545875588799,-0.14579111949559195,2653356771,35.32469117796266,27.0995829528544,367.2100006103516,346.45,356.83000030517576,56228256.24982962,0.025312867726288966
2024-05-13,355.5,356.0,346.5,350.8999938964844,334.5149230957031,10691781,5.86050126519528,-0.01302398404801508,357.4049987792969,345.94999938964844,49.00973279076966,2.0531860513132187,22.9490087360712,369.34506264029386,342.1349330872452,7.648881125666607,353.81795593136434,358.51471829121624,-0.012939538969101605,10.568364027332455,-0.12383126983321517,2642664990,18.956030366672117,21.68664215685604,366.6883336385091,345.67833302815757,356.1833333333333,-14045419.821691718,0.026722925457102673
2024-05-14,350.54998779296875,357.25,350.29998779296875,355.79998779296875,339.1860656738281,10891985,5.874368740923046,0.013867475727765921,356.68499755859375,346.3139990234375,52.35774441768221,1.9985509387597062,22.346009016435513,368.76617751615345,342.1188169906825,7.496954002793968,354.0067208705648,359.1590558207496,0.013964075182999025,10.309910325882369,-0.026917415814910244,2653556975,30.801646833810914,28.36078945948186,365.7958338419596,345.44083201090496,355.6183329264323,30898633.406502336,0.019826023246464514
2024-05-15,357.5,363.5,356.6499938964844,361.3500061035156,344.4769287109375,8538183,5.8898470346198595,0.015478293696813417,356.4999969482422,346.8189990234375,55.89051335682062,2.375706645278399,22.518734992111117,368.79358793435415,342.11140779318487,7.506538933198178,354.70608136894106,359.6881650009614,0.015598702925690544,10.123489031678718,-0.03292495445128143,2662095158,46.41351804701168,32.0570650824982,365.504167175293,345.78416595458987,355.64416656494143,41890925.794700816,0.01916085623361014
2024-05-16,363.8500061035156,363.8500061035156,353.04998779296875,361.45001220703125,344.5722961425781,13114162,5.890123753218698,0.00027671859883859895,355.73999938964846,347.38199951171873,55.9538926258045,2.6521031227997014,22.06183049759347,369.06235458072206,342.0626423675201,7.593520781598145,355.34836049637823,360.0209509530704,0.00027675688896211526,10.17181255159787,-0.02283311472648331,2675209320,46.69482926460767,41.30333138181005,365.719167582194,345.65416514078777,355.6866663614909,14837972.759895392,0.029682611321639667
2024-05-17,362.45001220703125,366.5,360.3500061035156,365.45001220703125,348.3855285644531,8509179,5.90112950432914,0.011005751110442219,355.7899993896484,347.97899963378904,58.52109816097932,3.157517991253144,21.949422107795986,370.2724897753642,342.28250900393266,7.85623027538426,356.3104225640595,360.3506604085643,0.011066537183318292,9.884539790518335,0.047159851895602976,2683718499,57.94659121539838,50.351646175672535,365.935834757487,346.4608317057292,356.19833323160805,27637134.919965133,0.016967840224465222
2024-05-21,367.0,374.1000061035156,365.3500061035156,372.0,354.629638671875,10939593,5.918893854273146,0.017764349944005886,357.31000061035155,348.54899963378904,62.387043923564725,4.040021339010366,22.631641648650486,372.6515441354766,342.0484558645234,8.563897655226867,357.8046680341491,360.879513234362,0.017923074494954783,9.80350123405274,0.04030897455992979,2694658092,76.37131707216572,60.33757918405721,366.9950022379557,347.5849985758464,357.290000406901,56981845.38001931,0.023841961852861037
2024-05-22,375.0,377.3500061035156,370.6000061035156,373.8500061035156,356.39324951171875,14001806,5.923854663772032,0.004960809498886221,359.7800018310547,348.9489996337891,63.423957531314514,4.832980046063483,23.558497222718753,374.30034857359095,343.4946526471122,8.583424480273523,359.3327954693268,361.718526118185,0.0049731346868699955,9.585394003048973,0.15833778554500322,2708659898,81.57527414323265,71.96439414359888,368.04416910807294,349.2691660563151,358.656667582194,36262899.50016757,0.018
2024-05-23,375.04998779296875,375.6000061035156,369.5,372.29998779296875,354.9156188964844,15370357,5.919699948090512,-0.004154715681520038,361.4649993896484,349.2299993896484,61.884611948508926,5.275519110337086,24.211985120693956,375.6226133461821,344.6873872641695,8.5894201262789,360.5677661668165,361.6159749043875,-0.004146096790801468,9.336437724510876,0.1342343125673228,2693289541,77.2151648808226,78.38725203207362,369.41000315348305,350.48999888102213,359.9500010172526,-3795256.69303903,0.016264514870169486
2024-05-24,373.0,378.1499938964844,368.70001220703125,374.95001220703125,357.44189453125,13317821,5.926792716303822,0.007092768213309952,364.35500183105466,349.68999938964845,63.51501397402463,5.773515833492752,25.062427444090794,377.5412710010385,345.09873144036777,8.978893903206329,361.9375038849322,361.4759740622076,0.007117981469116019,9.344548007721036,0.12907390634207688,2706607362,90.3904418543697,83.06029362614161,370.7516693115234,351.47166748046874,361.11166839599605,22263281.630396493,0.025335071553493634
2024-05-27,379.95001220703125,380.5,368.0,369.6499938964844,352.3893737792969,21891930,5.912556595491502,-0.014236120812320507,365.77000122070314,350.0389990234375,58.15694699043789,5.675095670639621,26.070670592669483,378.42612044751564,345.25888016283596,9.166209125988967,362.67202674317525,363.07730483153256,-0.014135266403513147,9.569937435740963,0.015664636365076264,2684715432,69.56519506000365,79.05693393173193,371.6225021362304,352.2425003051758,361.9325012207031,-69930659.3586748,0.03289906460955413
2024-05-28,372.6000061035156,373.25,364.1000061035156,365.3999938964844,348.3377990722656,10200096,5.900992627240251,-0.0115639682512505,367.2200012207031,350.38799865722655,54.207914699255966,5.194281062470964,26.22302148689229,378.73921751568537,345.88578248431463,9.06770675352651,362.9318331387285,364.04406273600034,-0.011497362559649171,9.539941468651206,0.01662028823179272,2674515336,57.64373439344484,72.53312376927268,372.2658355712891,352.6108337402344,362.4383346557617,-52210491.78622493,0.0245571490783667
2024-05-29,361.5,366.3500061035156,360.0,364.6000061035156,347.5751647949219,18146672,5.8988008789848685,-0.0021917482553828194,368.1000030517578,350.78499877929687,53.47188775143097,4.69456368441007,25.613997943459065,378.8473917885474,345.93760882180413,9.081253872259902,363.0907067544225,364.60171629163744,-0.0021893481289859684,9.312088942570094,0.0061664290285385085,2656368664,55.399728979890924,60.869552811113095,372.3708368937174,352.7508326212565,362.560834757487,-27081574.650746856,0.0175657153624222
2024-05-30,364.0,364.79998779296875,357.1499938964844,359.70001220703125,342.90399169921875,14425073,5.885270384638279,-0.013530494346589705,367.93500366210935,351.5289990234375,49.07646037813973,3.858665214877476,24.562519662622414,378.7087233364412,345.7262772739104,9.105701970430037,362.7677834641948,365.0249638265621,-0.013439368662800266,9.193367867849686,-0.024909328627440875,2641943591,38.8235653147978,50.62234289604448,372.34083506266273,352.57083384195965,362.4558344523112,-56149037.987809986,0.021016466748583446
2024-05-31,363.45001220703125,366.6499938964844,355.5,359.0,342.2366638183594,30515612,5.883322388488279,-0.0019479961500001863,367.69000244140625,352.27199890136717,48.463565890204414,3.1039441841713256,23.83334873616993,377.9533597953262,345.4766420357285,8.978537709908833,362.4089469437953,365.0123940674278,-0.0019461000369062065,9.33312686989502,-0.08890793880507673,2611427979,36.76470588235294,43.662666725680516,372.03333485921223,352.08833363850914,362.06083424886066,-32957213.265956197,0.03067820476542735
2024-06-03,385.0,393.20001220703125,373.45001220703125,391.79998779296875,373.5050354003906,39261174,5.970751474354158,0.08742908586587905,370.325,353.78199890136716,68.38606431433111,5.093789192781742,25.450988998440266,383.9238197990357,342.19117959061276,11.49477431081914,365.2080936913356,369.28205070789676,0.09136486850409131,11.10933296540475,0.0780143490222773,2650689153,96.73654168456936,57.441604293906664,372.89750213623046,352.98249969482424,362.9400009155273,847524947.5364293,0.0512987012987013
2024-06-04,391.8999938964844,391.8999938964844,313.95001220703125,331.25,315.7824401855469,84042244,5.802873377300432,-0.16787809705372592,366.25,354.0639990234375,38.66855374502478,1.7645372337892127,25.284440117837516,386.74772771990234,336.81227289044926,13.802712915951831,361.973989530256,363.2599041907284,-0.15454310791087622,15.883665017122492,-0.03693903254450457,2566646909,21.82963759365142,51.7769617201912,375.356667582194,349.0916681925456,362.2241678873698,-3109996249.683657,0.19890273769701222
2024-06-05,340.0,342.25,315.29998779296875,341.0,325.0771484375,46418629,5.831882477283517,0.029009099983085207,362.9649993896484,354.61499877929685,42.96639967260837,-0.08618196181794247,25.129787585849247,387.3952110458705,335.3497901748326,14.40215311987883,359.97646671785066,359.17933990998034,0.029433962264150848,16.67411838783026,0.08664185134618302,2613065538,34.13247671037066,50.89955199619711,375.19250081380204,347.3925008138021,361.2925008138021,-734944328.0612192,0.07926474178538603
2024-06-06,347.79998779296875,359.75,345.0,349.75,333.4185791015625,33171039,5.857218613545591,0.02533613626207387,360.7100006103516,355.33699890136717,46.58405099267459,-0.8371878049651968,23.759641646457606,387.4855659770615,334.6894340229384,14.621423326513131,359.00251750662676,358.4623128639839,0.0256598240469208,16.822395645842384,0.041746949207702916,2646236577,45.17348617409306,33.71186682603834,375.1875010172526,347.24249979654945,361.2150004069011,-51483715.18707311,0.04240943219578282
2024-06-07,352.0,362.0,347.70001220703125,360.6000061035156,343.761962890625,23930193,5.887769327695217,0.0305507141496264,359.275,356.0489990234375,50.75526379033727,-0.5505145421366819,22.34398954760436,387.30152740277975,336.3284744282749,14.08815357172145,359.15465927775904,358.2265792755646,0.031022176135856006,16.642223656351412,0.10099877330461068,2670166770,58.86434561070583,46.05676949838982,375.6016677856445,347.54166717529296,361.57166748046876,155933921.67651355,0.04062496532093395
2024-06-10,365.0,370.1000061035156,361.79998779296875,364.8999938964844,347.86114501953125,16072588,5.899623326715859,0.011853999020641659,358.8,356.8519989013672,52.34357209912392,0.02337965629487826,20.97453049001255,387.63469533353845,336.9353058871647,13.994338534843859,359.7018340033519,358.18567728147275,0.011924536107008166,16.13206482375488,0.06954696129263706,2686239358,64.29019771539826,56.109343166732344,376.2000010172526,348.19000040690105,362.1950007120769,98052595.35978186,0.02273977619327911
2024-06-11,368.75,371.95001220703125,364.8999938964844,367.3999938964844,350.24444580078125,11235777,5.906451156168299,0.006827829452440426,359.0,357.61799865722656,53.28691803596686,0.6721756276439237,19.81736489960628,387.99359918948085,338.2264020312223,13.70581836760345,360.4349920884122,357.8965553659076,0.00685119222202335,15.483347215668596,0.06387759419803629,2697475135,67.44477184789038,63.533105057998114,376.9250020345052,349.1599995930989,363.0425008138021,51410493.45326062,0.01911869372351695
2024-06-12,369.54998779296875,374.0,365.3999938964844,371.29998779296875,353.9623107910156,12134524,5.91701032830657,0.010559172138270512,359.6699981689453,358.4119982910156,54.79036830691498,1.4839420627208142,18.87459793195012,388.77513718650295,338.99486403420013,13.680221242646818,361.46975358408423,357.6984385481141,0.01061511693324424,14.991679993371957,0.059584763893620656,2709609659,72.36589979298107,68.03362311875652,377.7966684977213,349.8666666666667,363.831667582194,48686544.17558232,0.0232715637602282
2024-06-13,376.3999938964844,376.3999938964844,367.95001220703125,369.95001220703125,352.67535400390625,11243702,5.913367894367995,-0.003642433938574996,360.6949981689453,359.0949987792969,54.14080434763471,1.9953400256524105,18.158173162429204,389.3120193664006,339.31798246465405,13.72275003118483,362.27739726246017,357.53266405663334,-0.0036358083229731664,14.524415828806326,0.038910435891092346,2698365957,70.66246056782335,70.15771073623155,378.42333424886067,350.33333485921224,364.3783345540365,6109699.261489682,0.022449473502852917
2024-06-14,370.0,370.8500061035156,366.1000061035156,368.45001220703125,351.2453918457031,10298434,5.909305050343775,-0.004062844024219636,361.63999938964844,359.6169989013672,53.383492567891956,2.253610907998791,17.342057416713903,389.68776980806814,339.64223202298655,13.72370193449806,362.8652653524193,356.92395048020853,-0.0040546018394521655,13.826243269605873,0.02254545179910496,2688067523,68.76971608832808,70.59935881637746,378.57166697184243,351.08666941324867,364.8291681925456,-8261867.579503439,0.012837837837837839
2024-06-18,371.79998779296875,372.25,368.70001220703125,369.6499938964844,352.3893737792969,10228382,5.912556595491502,0.003251545147726631,359.425,360.1139990234375,53.93857239736714,2.5260027493605435,16.687948496382706,389.990918200338,339.759081799662,13.766861637732376,363.51142997566365,356.99889923776436,0.003256837154829162,13.110082164131793,-0.0007210167781863991,2698295905,70.28388856713327,69.9053550744282,378.7466664632162,351.52166951497395,365.1341679890951,5428624.881986809,0.009548111644762903
2024-06-19,369.79998779296875,370.8999938964844,361.54998779296875,362.5,345.5732421875,8337334,5.893024474294729,-0.0195321211967725,362.55,360.3389990234375,50.10984448949894,2.14025892108549,15.520815289436646,389.3175008186229,339.4824991813771,13.675906047542755,363.41510331131474,356.8448306090643,-0.01934260520639053,12.84150530265921,-0.028484052680219606,2689958571,61.26181424980284,66.7718063017547,378.5016662597656,351.2166687011719,364.8591674804687,-37931716.51463883,0.02528395460291414
2024-06-20,362.5,364.8999938964844,357.04998779296875,357.6499938964844,340.94970703125,14338604,5.879554837488782,-0.01346963680594726,364.2149993896484,360.3989990234375,47.63957555346415,1.4267524841669115,14.79824846072149,388.2782442948497,338.90175448444717,13.580266204595803,362.8660452718071,356.8160216618852,-0.0133793271821121,12.484969645577525,-0.05461773229589908,2675619967,55.14193273117114,62.22921184936905,377.8533325195312,350.4583343505859,364.1558334350586,-59005450.11547531,0.021655189251077588
2024-06-21,359.95001220703125,362.95001220703125,356.75,359.79998779296875,342.999267578125,17931844,5.885548287589163,0.005993450100381104,365.2199981689453,360.5039990234375,48.84350649385304,1.0229876665380857,14.151819561337389,387.3708797155575,338.55911906373933,13.448062687559034,362.574039797632,356.6543397808955,0.006011446758493966,12.03604411425279,-0.05213414598162317,2693551811,57.85485878351735,58.08620192149707,377.22666625976564,349.82166748046876,363.5241668701172,6033753.396648198,0.017224647858784373
2024-06-24,357.6000061035156,364.6499938964844,355.54998779296875,362.75,345.8115539550781,9335598,5.893713891764297,0.0081656041751339,365.43499755859375,360.4889990234375,50.52447695155044,0.9303183397084354,13.387866945904447,386.1339754184423,338.57602214015145,13.124685305433696,362.5907979121432,353.0341508314901,0.008199033649574972,11.82632711348585,-0.05003277302263348,2702887409,62.60423252873136,58.53367468113991,376.56166687011716,349.19166564941406,362.8766662597656,20371336.50550708,0.0254474439267247
2024-06-25,364.25,364.70001220703125,357.75,360.8500061035156,344.0002746582031,14983828,5.888462376432556,-0.0052515153317411745,365.0299987792969,360.4479992675781,49.398609882531716,0.6955457831883791,12.673411333073014,385.4622909959528,338.36770778334403,13.012608842416432,362.4250082160835,356.1103180957053,-0.005237750231521399,11.47801890588195,-0.017597587571218005,2687903581,74.54994068801898,65.00301066675586,375.7033345540365,348.88833211263017,362.2958333333333,-12189008.995478759,0.019080335503174332
2024-06-26,363.0,366.8999938964844,359.6499938964844,365.04998779296875,348.004150390625,15918394,5.900034297062754,0.011571920630197852,364.7949981689453,360.4989990234375,51.94766742295462,0.8387219972309481,11.777510272978816,385.4349226916745,338.3600754772708,13.007784616775059,362.6750062710249,361.86275336849735,0.011639134317343647,11.17601755546181,0.01678680720850029,2703821975,63.85347672062318,67.00254997912447,375.42250111897783,348.7974980672201,362.1099995930989,40508305.88517407,0.01997245179063361
2024-06-27,365.04998779296875,381.1000061035156,364.1000061035156,377.1499938964844,359.5391540527344,55378829,5.932642970116382,0.03260867305362858,365.3799987792969,360.8069989013672,58.44277833576707,1.9065816603967392,12.211024871799822,386.9688586211871,338.0811383270551,13.485337700821166,364.0535765210687,366.2814743711516,0.033146162191841855,11.592016301500252,0.06034735687639876,2759200804,88.17361398545938,75.52567713136715,376.4783340454102,348.78833160400393,362.63333282470705,460225547.89875674,0.04656896471296756
2024-06-28,377.95001220703125,389.5,376.70001220703125,378.3500061035156,360.68316650390625,25141039,5.93581970927246,0.0031767391560775238,366.2199981689453,361.1509991455078,59.03417458408164,2.817223889815182,13.215858777275773,388.80536080030265,338.109635537588,13.948185281116372,365.4151412432065,368.9073351701556,0.0031817903392585833,11.678299979462286,0.030755080561655736,2784341843,67.15761447009099,73.06156839205781,377.78416748046874,349.57916564941405,363.6816665649414,173521551.76455143,0.033866880221073384
2024-07-01,381.75,382.0,367.79998779296875,369.75,352.4847106933594,23389211,5.912827101590909,-0.02299260768155076,366.34999694824216,361.36099914550783,53.191980265072424,2.8125445354914973,13.20331962111605,389.3978281855339,338.5921681523567,13.957790708320719,365.8279849343297,369.54581996487076,-0.02273029196453269,11.858422281431498,0.019594177408324788,2760952632,41.82623593899723,65.71915479818249,378.57666829427086,350.0666646321614,364.32166646321616,-76257720.98275939,0.0371971505095776
2024-07-02,372.6000061035156,372.6000061035156,365.1499938964844,370.3999938964844,353.1043395996094,13702830,5.91458348629385,0.0017563847029409274,366.4249969482422,361.7459991455078,53.566007931868796,2.8286779500800208,12.929079237561272,385.1579802786283,340.69201666961385,12.252108230617015,366.2634143592968,369.604433058824,0.0017579280499915306,11.543535847545765,-0.04073455633910026,2774655462,43.74079753774021,50.9082159822761,377.12333526611326,349.8433303833008,363.483332824707,-19481403.084544472,0.019994664747701292
2024-07-03,370.54998779296875,374.25,368.6499938964844,372.6499938964844,355.2492980957031,9207317,5.920639624949021,0.006056138655170962,367.43999633789065,362.1879992675781,54.90917358549184,2.988569623047397,12.81259632803976,382.18278122840763,347.80721510948297,9.418092382464167,366.87166002950516,369.6589123911948,0.006074514138973752,11.11899800868647,0.0838363627173678,2783862779,50.36818838013293,45.31174061895675,374.81333618164064,354.76832885742186,364.79083251953125,7317174.471818509,0.015112687324238757
2024-07-04,373.8999938964844,380.8500061035156,371.75,372.95001220703125,355.5352783203125,14916930,5.921444395132185,0.0008047701831639387,368.9699981689453,362.78899963378905,55.09569618051416,3.103716187916689,13.237879990129928,380.1097587066097,353.07523885198407,7.374542562831178,367.45055071307905,369.9158196716763,0.0008050940975734555,10.974784301174267,-0.059950821999187776,2798779709,51.2518944262967,48.45362678138991,376.0375030517578,357.7774963378906,366.9074996948242,5422626.2487035,0.02433807502557755
2024-07-05,374.3500061035156,381.25,371.0,379.79998779296875,362.0653991699219,15946104,5.939644766237502,0.01820037110531736,370.9699981689453,363.44199951171873,59.24131497007559,3.70499754687296,13.546268974149601,380.4173314894691,355.7726648484215,6.6951919378530595,368.62668757783047,370.45236930117807,0.01836700727103069,10.923013993947535,0.00660709466969893,2814725813,71.42854574578821,57.68287618407257,377.1050028483073,359.2949961344401,368.19999949137366,74627824.14344804,0.02738079292875892
2024-07-08,380.8500061035156,381.25,376.1499938964844,377.45001220703125,359.8251647949219,8898299,5.933438141926423,-0.00620662431107899,372.43999938964845,363.9579998779297,57.28733970580484,3.9464022965004233,13.832630173596442,381.3981945912564,356.47680235698573,6.754908985219019,369.46700420918296,370.74443052071837,-0.006187403005443182,10.507084858916684,-0.06716626951520237,2805827514,64.50667611108214,62.395705427722305,377.72083689371743,360.83082834879554,369.27583262125654,10935417.776901301,0.013391114669247072
2024-07-09,379.20001220703125,380.25,375.04998779296875,377.04998779296875,359.4438171386719,8355819,5.932377772273556,-0.0010603696528672657,374.05999755859375,364.31499938964845,56.94303511444324,4.058653046836014,13.955356211453376,382.3393302012767,356.7506661366139,6.924370290885223,370.18919312192446,371.1649799279814,-0.0010598076596248784,10.128008240924869,-0.06195605764061815,2797471695,63.32840138286378,66.421207746578,378.15833638509116,361.5783284505208,369.86833241780596,1416784.8593088975,0.013713111918868313
2024-07-10,378.79998779296875,383.79998779296875,370.0,381.3999938964844,363.5906982421875,17715196,5.943848677163394,0.011470904889837819,375.6949981689453,364.8229992675781,59.77427148819869,4.447355368925457,13.427598331981937,383.9899211671931,356.5000751706975,7.424771740995065,371.2568884337873,372.3218669971879,0.011536948002512926,10.39029249464229,-0.013997981624103125,2815186891,76.14137498943795,67.99215082779457,379.01166788736975,361.7566630045573,370.3841654459635,51846402.10308669,0.036430803161775875
2024-07-11,382.3999938964844,383.29998779296875,374.6000061035156,377.1000061035156,359.49151611328125,19873143,5.932510420449715,-0.011338256713679051,375.68999938964845,365.1049993896484,55.863832763932166,4.358193143557287,12.937537443901315,384.59779156103923,356.47220660790606,7.590533963762286,371.8133758309043,373.6804906748213,-0.011274220927585565,10.26955600855735,-0.053545736260882694,2795313748,63.4757306687617,67.64850234702108,379.42166697184246,362.15666453043616,370.78916575113936,-39687380.837586015,0.022750998505005754
2024-07-12,378.95001220703125,379.3999938964844,372.0,377.1499938964844,359.5391540527344,16151583,5.932642970116382,0.00013254966666753631,375.5699981689453,365.3839990234375,55.89995142846651,4.24265831065884,12.144775427770668,385.2451523220869,356.5448440158038,7.738122230812586,372.3216251704834,374.29286960991976,0.00013255845176263215,10.064587286266422,-0.015631059674242418,2811465331,61.10234298105315,66.90648287975088,379.60666707356773,362.4466634114583,371.026665242513,-12690872.287780952,0.019527625433724875
2024-07-15,378.6000061035156,388.95001220703125,376.8999938964844,385.6499938964844,367.6422424316406,22951140,5.954930206553441,0.022287236437058766,377.1599975585938,365.7159991455078,61.6473589278139,4.781852862540006,12.455407543886581,387.41752958477804,356.0924649220579,8.42626592625639,373.59099362057873,375.8501508800457,0.022537452306927497,10.20640378800074,0.015552043249059476,2834416471,87.10215974440895,70.56007779807454,380.74000091552733,362.8499954223633,371.7949981689453,125826169.23740634,0.031827834432871606
2024-07-16,386.6499938964844,388.75,380.0,380.45001220703125,362.68511962890625,11893034,5.941354794708301,-0.013575411845139662,378.1649993896484,366.0259991455078,56.77274331841131,4.734991332661025,12.7438516517085,388.36929330926137,356.22070302862926,8.635246360748381,374.2442334859552,376.8997249968191,-0.013483681503308698,10.102374946000689,-0.0017013480654657588,2822523437,64.37011823762145,70.85820698769447,381.6433349609375,363.2333282470703,372.4383316040039,713017.0577731505,0.022630286145413955
2024-07-18,382.8999938964844,382.8999938964844,374.20001220703125,377.75,360.11114501953125,15709153,5.934232601152849,-0.007122193555452405,378.675,366.44499938964844,54.368799892762546,4.428930854472355,12.219953534077067,388.640192108936,357.4748042289546,8.354044090508433,374.57811601110234,377.68532749310657,-0.0070968908408445275,10.002203999104434,0.009007139936220796,2806814284,51.74539197218703,67.73922331807243,382.2758341471354,363.9308298746745,373.103332010905,-28038930.888823338,0.022721289705230796
2024-07-19,377.75,378.0,362.8999938964844,364.6499938964844,347.6228332519531,13330099,5.898937972692231,-0.03529462846061815,377.8449981689453,366.75499938964845,44.51913354089214,3.0936530031383995,12.213705327438861,387.8639617221291,358.95103461576156,7.742995855237514,373.63258057161494,376.6546570623256,-0.03467903667376737,10.36633272084809,0.014468434299864621,2793484185,6.717845565933738,40.94445192524736,383.0708343505859,364.000830078125,373.5358322143555,-125762562.46991947,0.03997354362280774
2024-07-22,364.75,377.25,362.3500061035156,373.5,356.05963134765625,18715538,5.922918004572872,0.02398003188064113,377.2149993896484,367.1159991455078,50.98014551624232,2.718223230400554,12.262176112698327,387.1340201135236,361.05097744507015,6.97235115741833,373.61995385050875,376.5388501313848,0.024269864943499586,10.690165661964969,0.04170198994893855,2812199723,41.9172606693903,33.460166069170306,384.0658335367838,364.12583109537763,374.0958323160807,68500896.19707924,0.0408498804564342
2024-07-23,376.70001220703125,385.6499938964844,361.54998779296875,382.45001220703125,364.5916748046875,49882257,5.946597957685854,0.023679953112981877,377.7149993896484,367.84399963378905,56.49756065337097,3.1070672798945225,11.469521869464037,387.50486935794027,362.6501294213566,6.626561171232338,374.4609117892252,376.943730910967,0.023962549416415735,11.648011407790014,0.11696472301591312,2862081980,76.2773934001898,41.63749987850456,385.59416707356775,364.15416463216144,374.8741658528646,320464838.10853976,0.06397665336488086
2024-07-24,384.1000061035156,395.0,381.70001220703125,392.6000061035156,374.2677307128906,36868466,5.972791297388758,0.02619333970290416,379.27000122070314,368.58599975585935,61.754902889804704,4.185995124888279,11.650378244579443,389.5212132411257,363.80878553817115,6.826338455821272,376.1884445810624,378.8598403276903,0.026539400111170286,11.766009721017067,0.1716092658995629,2898950446,92.82513297265736,70.33992901407909,387.3449991861979,365.2699991861979,376.30749918619796,356298082.6180077,0.03462636704406711
2024-07-25,390.95001220703125,396.29998779296875,386.25,392.1499938964844,373.8387451171875,25973101,5.971644404094438,-0.0011468932943197174,380.3450012207031,369.4109997558594,61.400605064425726,4.947706905734094,11.935494293426798,391.39585269132346,364.64414669832496,7.076796469656411,377.7085921349121,380.2233832806065,-0.0011462358635638825,11.643436726156471,0.15982317151183725,2872977345,88.05757152090827,85.72003263125175,388.86999867757163,366.51499989827477,377.69249928792317,110973885.86969888,0.02570658007204943
2024-07-26,394.95001220703125,399.5,389.70001220703125,396.29998779296875,377.794921875,20381410,5.982171469393887,0.010527065299449134,382.26499938964844,370.2209997558594,63.48135343814815,5.819159159897083,12.490282393801364,394.53148382057276,363.42351495872407,8.208394670382479,379.4792012452032,381.4455202612557,0.010582669797464916,11.511761802357347,0.11617438885920425,2893358755,91.56782298362907,90.81684249239818,389.5624979654948,367.927500406901,378.7449991861979,93379780.0243967,0.024813235827504252
2024-07-29,404.0,408.29998779296875,392.6499938964844,393.8999938964844,375.50701904296875,27751449,5.976097054481771,-0.006074414912116133,383.93999938964845,370.87199951171874,61.41933961602373,6.244153188824953,13.721040861966172,396.6062844682378,362.903713090356,8.874819682747292,380.85261006913476,383.0668892716113,-0.006056002953343964,11.807349809080705,0.10350320523666122,2865607306,69.19787401821524,82.94108950758415,390.5433308919271,368.62333272298173,379.58333180745444,-13275612.137599371,0.038737608654664295
2024-07-30,397.0,412.70001220703125,397.0,406.95001220703125,387.9476623535156,34447139,6.008690357769441,0.03259330328766996,386.07000122070315,371.78199951171877,67.5849700423791,7.546994379409512,15.179906640409971,401.56546733504905,361.66453144424787,10.455809115107732,383.3380769394106,385.5436899942769,0.03313028309915733,12.306826130614002,0.16567825010583753,2900054445,88.75855864025908,83.17475188070108,392.236664835612,370.1666666666667,381.20166575113933,295265325.7514358,0.039546630244411206
2024-07-31,409.5,417.3999938964844,408.54998779296875,416.0,396.5751037597656,29727771,6.030685260261263,0.02199490249182201,389.625,372.7929992675781,71.04125203657473,9.203669616150933,16.852208516661246,408.1548007951318,359.6351985945166,12.638768996518742,386.4487362785144,388.3721027895432,0.022238573587668675,12.174194384816797,0.19447627146346108,2929782216,97.49329678874243,85.14990981573887,394.53666432698566,372.32666676839193,383.4316655476888,277779085.0252589,0.021611736516521672
2024-08-01,419.8999938964844,424.3500061035156,415.6000061035156,423.45001220703125,403.67724609375,28803487,6.04843547219517,0.017750211933906357,394.19500122070315,373.82199951171873,73.54222888212011,10.991052389473339,18.83094211933018,415.5959557166268,357.2740455040763,15.09229498374486,389.9726673193255,391.6142650499541,0.01790868318997907,11.929609071615598,0.22897678737065508,2958585703,98.56688911771667,94.93958151557267,397.1583312988281,374.633334350586,385.89583282470704,235650581.51179692,0.020838295135000857
2024-08-02,416.25,426.29998779296875,413.3500061035156,419.70001220703125,400.10235595703125,24233263,6.03954019942468,-0.008895272770489626,399.7000030517578,374.73899963378904,70.2532920200498,11.967024050743305,20.330257003117737,420.6072127115802,356.937788509123,16.37703904018409,392.80384302291657,394.19798281838524,-0.00885582687896247,12.002492830032564,0.24770249457414723,2934352440,89.80698751206563,95.28905780617485,399.5808298746745,376.67083536783855,388.1258326212565,17967036.337265655,0.03111106712180931
2024-08-05,407.6499938964844,415.6499938964844,404.6499938964844,413.25,393.9534912109375,42489503,6.024052736701133,-0.015487462723546841,403.6750030517578,375.55799987792966,64.87882186680497,12.080766981938211,20.52415447865212,423.70140300177434,357.18859943963196,17.035127445400516,394.75109606835304,396.7218259008754,-0.015368148723926112,12.220173221497872,0.26022872877582853,2891862937,79.84557869811776,89.40648510929998,401.3099965413411,378.32500203450525,389.81749928792317,-176716196.5680387,0.026983932698876133
2024-08-06,413.25,424.95001220703125,413.25,415.0,395.6217956542969,18230579,6.028278520230698,0.004225783529564708,406.9300018310547,376.35899963378904,65.64671268165318,12.171810395473358,21.37131065799675,426.65475787241746,357.9902433482856,17.502058744351334,396.67956310946226,398.132931370653,0.004234724742891771,12.183018863321683,0.23780050623586454,2910093516,82.54828140082046,84.0669492036679,403.6124969482422,379.9675018310547,391.7899993896484,-37636390.02267958,0.02831218924871446
2024-08-07,421.0,421.0,415.0,416.29998779296875,399.9935302734375,15556736,6.0314061248782505,0.003127604647552573,409.3,377.29199951171876,66.23725904920843,12.208133345169642,22.157955681673908,429.379620033787,359.19038118691617,17.80165076992991,398.5481749840819,399.71700515939574,0.0031325007059488374,11.741374658798705,0.22027467106222656,2925650252,84.55598455598455,82.31661488497421,405.6516632080078,381.9266693115235,393.78916625976564,936914.5913984701,0.014251781472684086
2024-08-08,416.3500061035156,417.0,405.79998779296875,407.70001220703125,391.7304382324219,16447385,6.010531639766417,-0.02087448511183343,410.85500183105466,378.1379998779297,59.010291742575895,11.41142953143617,21.732687029711283,430.6357437110952,360.5642593406626,17.712710844327116,399.4197785291247,401.2260194398585,-0.020658121158087517,11.702705912243886,0.17503487874393883,2909202867,71.27416897924711,79.45947831201732,407.1099980672201,383.6450017293294,395.3774998982748,-93985768.1045436,0.026900473262504603
2024-08-09,413.79998779296875,416.3500061035156,408.20001220703125,410.6499938964844,394.5648498535156,10954753,6.017741255323141,0.00720961555672428,412.2900024414063,379.0589996337891,60.59837988198625,10.892512780445372,21.337794710031705,431.8187472972871,362.73625453376764,17.388976874934674,400.4893228498256,403.0077672107664,0.007235667405266488,11.484655053975349,0.18678164866729038,2920157620,75.8301252563948,77.22009293054211,408.7524988810222,385.34250132242835,397.0475001017253,-9784375.526526745,0.0196954909060122
2024-08-12,410.0,410.0,400.1000061035156,400.8500061035156,385.1487731933594,26254763,5.993587307715393,-0.024153947607747916,412.98500366210936,379.88199951171873,53.221424342713505,9.580057464640845,20.05016996938315,431.76430398044,365.1606990713178,16.71515002141211,400.5236736358913,406.7401355494635,-0.0238645755232596,11.41789310676059,0.12462621182042725,2893902857,42.93722954979021,63.34717459514399,410.25083262125656,386.59083506266273,398.4208338419597,-174792363.11370066,0.02414632657679116
2024-08-13,403.0,404.5,395.0,396.20001220703125,380.6808776855469,11355664,5.981919165074726,-0.011668142640667512,411.9100036621094,380.62599975585937,50.10464758918824,8.071666379722501,18.897836777085217,431.7937936718723,366.1862112109402,16.443415138094075,400.1118963569523,408.3425384166064,-0.011600333854762557,11.280900741991976,0.08825486765921832,2882547193,24.84398312045951,47.87044597554813,410.85999857584636,387.4550028483073,399.1575007120768,-93466633.23158512,0.02357320099255583
2024-08-14,398.8999938964844,400.0,393.6499938964844,396.3500061035156,380.8249816894531,9424614,5.9822976746824725,0.00037850960774665765,409.94500427246095,380.7170001220703,50.205945987052964,6.80985901570574,17.962025745648603,431.50578853233975,368.06421574012114,15.868922659234801,399.75362109472024,409.37298363167787,0.00037858125154732747,10.928693982100809,0.10814337940881603,2891971807,18.169394350742262,28.650202340330612,411.4199986775716,388.255002339681,399.8375005086263,-30213121.359380916,0.015918792180186065
2024-08-16,398.04998779296875,400.95001220703125,393.29998779296875,398.04998779296875,382.4583740234375,13844122,5.986577594867507,0.004279920185034314,407.4050018310547,382.05299987792966,51.40999662251382,5.879269346581111,16.98269893799443,430.89287752119003,370.70712553056774,15.01640513011231,399.59137030407726,409.7744124440317,0.00428909212381634,10.6945032986695,0.12170772743769406,2905815929,16.047533063738673,19.686970178313434,412.3250005086264,389.26499989827477,400.7950002034505,5618795.484576477,0.01921875304274945
2024-08-19,402.29998779296875,407.5,401.45001220703125,403.1000061035156,387.3106384277344,10677045,5.999184685264563,0.012607090397056098,405.7450012207031,383.295,54.89889142396043,5.48602511951475,16.1944357474989,427.83207292452425,377.61293134793664,12.46991198907475,399.9255260945,410.6546363172833,0.012686894775571389,10.605611077838196,0.13380475481641138,2916492974,29.69702518347538,21.30465086598539,413.6475001017253,391.4925013224284,402.5700007120768,37819113.66321413,0.01503849857455673
2024-08-20,404.54998779296875,408.20001220703125,403.1000061035156,406.25,390.3372497558594,10126083,6.006968733643947,0.007784048379384068,405.0450012207031,384.425,56.97414831233772,5.366690550227759,15.537274146380321,425.6076524107366,383.1123518617244,10.509273994586477,400.52785694264287,411.12899487317355,0.007814422844924174,10.212353579672298,0.12136903001873023,2926619057,39.24246123342803,28.329006493547315,414.89833424886064,393.7233342488606,404.3108342488607,33871104.31793417,0.012606615393412367
2024-08-21,407.5,409.70001220703125,405.20001220703125,408.95001220703125,392.9314880371094,9726854,6.013592929030674,0.006624195386726761,404.44000244140625,385.3920001220703,58.727178927166825,5.427421527555509,15.093461056868794,424.4638266185618,386.90617765389914,9.25783520881817,401.3299669678227,410.66239735804476,0.006646183894230662,9.80432832398142,0.061650283078720676,2936345911,47.42431640625,38.78793427438442,415.4883346557617,396.2733352661133,405.8808349609375,28798784.46331855,0.011042944785276074
2024-08-22,409.79998779296875,410.04998779296875,402.25,403.3500061035156,387.55084228515625,10445288,5.999804686515041,-0.013788242515632376,403.14500427246094,386.16100036621094,53.82849190327199,4.9664276864058365,14.287937314568026,424.06446506068283,388.38053921177806,8.784330178966266,401.52235164741256,409.10219727584,-0.013693620091349001,9.661161143194802,-0.012515431974155233,2925900623,30.454600941051137,39.04045952690968,415.9858342488607,397.32083485921225,406.6533345540364,-29396189.54754616,0.01903364574258921
2024-08-23,403.3500061035156,405.8999938964844,399.54998779296875,401.95001220703125,386.20562744140625,11513586,5.996327733143496,-0.0034769533715452994,402.57000427246095,386.85200073242186,52.64618617230787,4.4369722842311035,13.345602838462181,423.48804995241477,389.9369561511009,8.249339164536131,401.5630812245191,407.55765787706923,-0.003470915768686189,9.424650068932001,-0.032165384131102794,2914387037,27.33022983141582,35.06971572623893,416.34583536783856,398.0508341471354,407.19833475748703,-20544696.600280687,0.01574316600328986
2024-08-26,402.45001220703125,415.95001220703125,401.95001220703125,414.8500061035156,398.600341796875,13772637,6.027917023822878,0.03158929067938221,402.99000549316406,387.72300109863284,61.12020772221103,5.00065235365156,13.465212357529783,424.0576054487286,391.2224024858417,8.054951094918072,402.8285026415664,406.9853095307711,0.03209352781370245,9.751460778294001,-0.020656750485603614,2928159674,68.0884729459227,41.95776790612984,417.3433364868164,398.62833404541016,407.98583526611327,111596389.95890301,0.03478692899827276
2024-08-27,415.5,416.20001220703125,409.1000061035156,409.6499938964844,393.6040344238281,8441188,6.015303121688481,-0.012613902134397392,403.87000427246096,388.5170007324219,56.71438168584305,4.970478757865635,13.602089364121946,423.5967969619322,393.25821097263804,7.4281447000014715,403.4781684753681,406.1083823547134,-0.012534680319454372,9.562071158666972,0.02362715506475423,2919718486,59.025266780804564,51.48132318604765,417.5841710408528,399.7241673787435,408.65416920979817,7935942.891737208,0.017087860658280687
2024-08-28,410.04998779296875,414.3999938964844,407.3500061035156,409.04998779296875,393.02752685546875,15884745,6.013837368117313,-0.0014657535711677383,405.1550018310547,389.3290002441406,56.21088233565024,4.842331108945302,13.473209987164239,423.688499969634,393.3765055235301,7.419726519264687,404.0088179341872,405.49270185071384,-0.0014646798790560744,9.38263663254567,-0.02668412339309132,2903833741,66.45566197357205,64.52313390009972,417.3875025431315,400.39250132242836,408.89000193277997,-3708648.337947135,0.017192995983036675
2024-08-29,409.04998779296875,412.6000061035156,403.75,409.8999938964844,393.8442077636719,19014705,6.0159132126200365,0.0020758445027233563,406.51000061035154,390.1340002441406,56.79604987681864,4.754554023502465,12.839431310632785,423.01105595345405,393.4439489293585,7.242801341719836,404.56988231154884,405.41037016610267,0.002078000559544879,9.344591594757812,-0.06701402594703229,2922848446,72.01732284924064,65.83275053453904,417.12583618164064,400.1308349609375,408.6283355712891,9538860.758383669,0.021635512449874102
2024-08-30,412.70001220703125,419.20001220703125,411.5,416.20001220703125,399.8974914550781,22633988,6.031165943289258,0.015252730669221393,408.3250030517578,391.20800048828124,60.96019732008758,5.134165414113625,13.019390738573453,421.44421637753925,394.2857885052733,6.6586806197395045,405.6775137301662,406.2498690595527,0.015369647241658457,9.341407788742746,-0.12400147762722936,2945482434,88.41699933544795,75.62999471942017,416.7983367919922,399.90833435058596,408.35333557128905,98242646.14659339,0.018657649574210657
2024-09-02,417.79998779296875,419.1000061035156,407.70001220703125,410.0,393.9403076171875,11107165,6.016157159698354,-0.015008783590904073,409.01500244140624,392.25500061035154,55.31025847861386,4.878484869853651,12.647979062989249,419.88409317907576,394.87591048303364,6.138785061524281,406.08917908919796,407.00893086059995,-0.014896713179208598,9.488449653581435,-0.1492863129224819,2934375269,64.47875083069005,74.9710243384595,416.3450042724609,399.61000061035156,407.9775024414063,-13162157.008142367,0.027285768859652008
2024-09-03,410.5,411.54998779296875,405.6000061035156,406.3999938964844,390.4813232421875,7538160,6.007337881245779,-0.008819278452574686,409.0300018310547,393.1870007324219,52.280338561708994,4.335390111878326,12.014761812317007,419.2515828262941,394.8234202254637,6.0014525711403826,406.1187804994157,407.59582403780047,-0.008780502691501546,9.235701941857984,-0.2763335453024978,2926837109,50.57912646755242,67.82495887789676,415.925836690267,399.69583485921225,407.81083577473953,-22479000.342232354,0.01449447427394184
2024-09-04,400.0,408.25,399.8999938964844,405.1000061035156,389.2322692871094,11052003,6.004133965275334,-0.003203915970445337,408.64500122070314,394.0340008544922,51.189828057516266,3.7567796358274563,11.617598873699848,418.21615526662947,394.86884839547986,5.742894473762048,406.02175436647286,407.9819201315799,-0.003198788908692407,9.172437953404957,-0.22551281999324221,2915785106,45.55987331093023,53.53925020305752,415.09250284830733,399.19750162760414,407.14500223795574,-17071312.77264679,0.020875015258789063
2024-09-05,405.3500061035156,408.3999938964844,401.8500061035156,403.25,387.4547119140625,14246871,5.999556717005318,-0.004577248270015488,408.63500061035154,394.8820007324219,49.60410390620501,3.113061201765561,11.227607904808508,416.7388535290584,395.04115135375406,5.345709932443238,405.7577777601421,408.52925432328834,-0.004566788634021601,8.985120084802372,-0.2241381972798335,2901538235,18.829555267032358,38.32285168183829,414.47333577473955,398.52333577473956,406.4983357747396,-23261636.461548768,0.01615884468815342
2024-09-06,403.25,404.6499938964844,392.70001220703125,394.79998779296875,379.3356628417969,17956121,5.978379276639794,-0.02117744036552427,407.9199981689453,395.47700073242186,43.0451175618547,1.8991718685149408,11.903010128574268,417.07614324222396,393.41385919918224,5.839007013476979,404.7141787156494,407.70097018442755,-0.02095477298705828,9.196895913705998,-0.22579298620588287,2883582114,7.924436173349057,24.1046215837705,413.8716674804688,397.84667053222654,405.85916900634766,-108906839.9144697,0.029634176539251395
2024-09-09,391.20001220703125,392.75,385.29998779296875,389.8500061035156,374.5796203613281,12293356,5.9657620654116705,-0.012617211228123537,405.4199981689453,395.7310009765625,39.730917987337875,0.531605653635495,13.203212394222898,417.51694805909045,390.8930556030189,6.58673008385965,403.2985432287795,406.5833145712924,-0.012537947929342041,9.218546205584142,-0.19813406781626836,2871288758,13.42187325581814,13.391954898733138,412.7150014241536,396.7600026448568,404.7375020345052,-76870204.70610905,0.019043997889981013
2024-09-10,390.1000061035156,399.3999938964844,389.75,396.29998779296875,380.77691650390625,15852309,5.982171469393887,0.016409403982216908,404.0849975585937,396.0900006103516,45.607604419885334,-0.031379088249707365,13.452279731236064,417.6613430599676,390.2936587710871,6.774556559921667,402.6320141396547,405.5687849871133,0.016544777705455482,9.2493638977913,-0.0973851006321078,2887141067,32.44835421250301,17.931554547223357,412.27750091552736,396.34750213623045,404.31250152587893,42541333.621665634,0.024737230826711868
2024-09-11,399.0,399.29998779296875,387.5,389.6499938964844,374.387451171875,11492592,5.965248884625472,-0.016922584768415128,402.14499816894534,396.4880004882813,41.152280382159894,-1.0025902471300583,13.899039137963076,418.33932039916283,388.9606796008371,7.278246202979241,401.39563125935274,404.78798031490595,-0.01678020212293929,9.431551318875405,-0.09273394455083633,2875648475,12.83186717031137,19.567364879544126,412.0716664632161,395.9116689046224,403.9916676839193,-36769999.89596823,0.02957390424302945
2024-09-12,391.0,406.25,390.6499938964844,404.8500061035156,388.9920959472656,24028069,6.0035166432081155,0.038267758582643197,401.63999938964844,397.1770007324219,52.5598994207855,-0.5395485545564611,13.394649778127553,418.38176953547566,389.7682304645243,7.081244588492565,401.7246193397492,404.4260814040657,0.03900939932022518,9.943583803492563,-0.009981116123530313,2899676544,57.66962900014043,34.31661679431822,412.7299997965495,395.64500223795574,404.1875010172526,231227961.44227,0.039897713819733054
2024-09-13,404.8500061035156,407.29998779296875,399.3500061035156,401.3999938964844,385.6772155761719,12017217,5.994958421156668,-0.008558222051447295,400.1599975585938,397.7520007324219,50.18209809741522,-0.4458325492030326,12.795102913688623,418.34010315970653,390.14489745064503,6.974824687601136,401.6937026308669,403.8840472888372,-0.008521704717843415,9.801183652489746,-0.04402524333006869,2887659327,47.4926091700305,39.33136844682738,413.007497660319,395.89250437418616,404.45000101725265,49436290.25106104,0.019636857032479343
2024-09-16,402.45001220703125,412.0,402.0,411.1000061035156,394.9972229003906,11479712,6.018836508750623,0.023878087593955044,400.26999816894534,398.51500061035154,56.184014664331855,0.4064625318963522,12.097908793784057,419.0385561816567,390.2464444286948,7.1154443073199865,402.58954105683347,403.81582414195816,0.024165451804996074,9.858242398991594,0.008822984935993648,2899139039,76.10619389360805,60.42281068792628,413.42249806722003,395.91250356038415,404.6675008138021,90714327.7724891,0.024847806427337683
2024-09-17,411.8500061035156,417.6499938964844,410.1000061035156,416.29998779296875,399.9935302734375,14432501,6.0314061248782505,0.012569616127627192,401.25999755859374,399.24500061035155,59.0333845067712,1.4843963908122078,12.074839060700075,420.4060283005313,389.8839710891171,7.5336132087042875,403.89529788884636,404.0808825926618,0.012648945785088905,9.693367069989963,0.033740734186226785,2913571540,91.4453618715994,71.68138831174593,413.9866633097331,396.23167063395186,405.10916697184246,80270603.21283898,0.018331887048876512
2024-09-18,418.5,419.75,413.0,414.1499938964844,397.9277648925781,10303840,6.026228212306822,-0.005177912571428855,402.1649963378906,399.97900024414065,57.372125767311644,2.140505782655623,12.272873642447822,421.0878223796337,389.7221751789601,7.736867402996457,404.8719356038595,404.2348921213104,-0.005164530289521907,9.48312656499068,-0.01452302510215568,2903267700,83.74454537240291,83.76536704587006,414.48332926432295,396.5033365885417,405.4933329264323,11988072.330711955,0.016129032258064516
2024-09-19,424.0,431.8500061035156,420.54998779296875,423.95001220703125,407.3439025878906,59601773,6.0496155525435755,0.02338734023675393,404.23499755859376,400.91700073242185,62.54596103815976,3.4119262166203725,13.537546626451968,424.0317675148436,388.8382306541018,8.659081265151391,406.6888952803521,408.5470537158598,0.023662968622417457,10.070046967993578,-0.062332541317630344,2962869473,83.02902086142797,86.07297603514338,415.66999766031904,397.34000193277996,406.5049997965495,393395001.9376095,0.026650986581478478
2024-09-20,428.04998779296875,429.8500061035156,416.54998779296875,423.95001220703125,407.3439025878906,36084164,6.0496155525435755,0.0,407.15,401.7680010986328,62.54596103815975,4.3691709872010165,14.159514617446458,426.5649327330857,388.5050654358596,9.3390426301367,408.332811178131,410.46844286944213,0.0,10.300759206747385,-0.038246655278938044,2998953637,83.02902086142797,83.26752903175291,417.0666651407878,398.04166819254556,407.5541666666667,131131667.31253651,0.03107118021220358
2024-09-23,427.5,430.5,425.0,428.3500061035156,411.57159423828125,14139629,6.059940632658951,0.010325080115375584,411.0,402.7930010986328,64.77233123239162,5.420354625555603,14.794286300230334,429.0970025213816,387.3229956475637,10.233459975872238,410.2392106948343,411.47576747793767,0.010378567684379947,10.032846962906053,-0.06258668179903122,3013093266,92.48120596505329,86.17974922930303,417.4933314005534,399.3183344523112,408.40583292643225,85186743.30321449,0.012865497076023392
2024-09-24,431.45001220703125,431.45001220703125,427.0,428.1000061035156,411.33135986328125,12539885,6.05935682740812,-0.0005838052508311264,414.1800018310547,403.81200134277344,64.53759285287899,6.162218107166041,15.471445992928855,431.75042713968185,386.5145722499666,11.056529345250524,411.94023882899444,412.5861751605295,-0.0005836348697041416,9.634073051772138,-0.059619246256358546,3000553381,91.94414924827139,89.15145869158418,418.2208318074545,400.3108342488607,409.26583302815754,26305600.267738167,0.01031408525003335
2024-09-25,428.1000061035156,437.0,425.6499938964844,436.1000061035156,419.01800537109375,19443168,6.0778715888444,0.018514761436279947,418.8250030517578,404.82100158691406,68.47479050157409,7.311402110055553,16.59380510500518,435.9742439442092,384.9957572764939,12.419086347105303,414.2411690456155,414.4653024092084,0.018687222345111554,9.756639698325245,0.009787128976715312,3019996549,98.25919983755443,94.22818501695967,419.56833292643233,401.22833353678385,410.3983332316081,112465429.4225794,0.026512510959346182
2024-09-26,437.95001220703125,437.95001220703125,430.54998779296875,434.6000061035156,417.5767822265625,20041825,6.074426081866314,-0.0034455069780863212,421.8000030517578,405.90400146484376,66.97335386548107,8.00878100565211,17.717310334372154,439.28517619055134,384.1548262508549,13.390253030273291,416.1801059082726,417.0427838249588,-0.0034395780302831636,9.58831003516362,-0.005638175352620196,2999954724,93.63721832839101,94.61352247140557,420.77666727701825,402.5816660563151,411.6791666666667,17446651.474193133,0.016896961314763707
2024-09-27,436.0,442.5,433.5,436.8999938964844,419.7865905761719,53885913,6.079704321987339,0.005278240121024957,425.3500030517578,407.0870013427734,68.12737326251207,8.647367132346005,19.14060584216191,442.39190778962603,383.1180928207255,14.360532258864378,418.15342857381654,421.64283597966795,0.005292194571255848,9.546287889794788,-0.051829312769036094,3053840637,89.81817072088069,93.90486296227533,421.94166615804033,403.61666615804035,412.7791661580404,88440178.56671509,0.020642201834862386
2024-09-30,436.8999938964844,448.45001220703125,433.6000061035156,443.20001220703125,425.8398742675781,20903229,6.094021162976015,0.014316840988676027,428.56000366210935,408.6580017089844,71.10563432854889,9.551703967123103,20.906213634675197,446.83699378673924,381.99300804431545,15.64711354540019,420.53881749126555,424.26547826517657,0.014419817803979162,9.925124905060562,-0.018633290105711887,3074743866,91.38638400568793,91.61392435165317,423.5883336385091,404.918332417806,414.2533330281575,117273876.488608,0.03398948571977794
2024-10-01,446.0,447.75,438.79998779296875,440.1000061035156,422.861328125,15984996,6.08700198768552,-0.0070191752904946725,430.94000549316405,409.9900018310547,67.750846536182,9.9040847158318,22.545706584866107,450.1429823635158,382.057020688242,16.362884264743087,422.4017878352894,426.28477106488907,-0.006994598416363629,9.855473998058468,-0.032544599243149515,3058758870,85.5536272347651,88.9193939871112,425.4566685994466,406.48666432698565,415.9716664632162,6055568.719754107,0.020067291944016255
2024-10-03,432.0,442.5,432.0,435.3500061035156,418.29736328125,13563784,6.076150319294414,-0.01085166839110574,433.0600067138672,411.0480017089844,62.857208187070334,9.68838205780213,22.868917844189657,452.24899203373946,382.9760110180183,16.587860938695677,423.6349514798824,428.6945783437422,-0.010793001440865146,9.90151156962572,-0.0509228391943834,3045195086,73.31974648659433,83.41991924234908,427.1741683959961,407.9891647338867,417.58166656494143,-40933459.76008196,0.024305555555555556
2024-10-04,432.8999938964844,439.3500061035156,426.29998779296875,430.45001220703125,413.5893249511719,18347292,6.06483120146273,-0.011319117831684267,433.7100067138672,411.8050018310547,58.188060218319336,9.018092632471848,22.303987276189662,453.3816886151645,384.5633156572964,16.425510649739852,424.28400488246797,429.86009036393085,-0.01125529764049038,10.126404908262945,-0.04685097600279229,3026847794,61.24866465099594,73.37401279078509,428.8758366902669,409.0408299763998,418.9583333333333,-73578899.13137172,0.030145572867962232
2024-10-07,430.6000061035156,433.0,409.04998779296875,415.45001220703125,399.1768493652344,23431004,6.029362299493663,-0.03546890196906727,432.86000671386716,412.2710021972656,46.741698997279755,7.1935856168145165,21.588391207996324,452.64466291680435,387.3653437970628,15.542509874403834,423.44267224671205,429.84861056721473,-0.03484725188667326,11.11380542960354,-0.04448495581790206,3003416790,16.2437067216086,50.27070595306625,430.5650049845378,409.5299952189128,420.0475001017253,-258836339.71045724,0.05562009258605004
2024-10-08,414.0,427.70001220703125,411.29998779296875,420.95001220703125,404.46142578125,18706355,6.04251409078244,0.013151791288777304,432.12000732421876,412.76400268554687,50.58043790183354,6.120896808344355,20.92390914467393,451.1233104606138,391.9966968636049,14.025669675342437,423.2052760524567,429.95048591818346,0.013238656489096945,11.491392499922037,-0.04244307706240555,3022123145,30.203088934673833,35.89848676909275,432.54667256673184,410.6166615804036,421.5816670735677,-17688811.57015243,0.03961358554121377
2024-10-09,424.45001220703125,424.75,417.0,418.45001220703125,402.059326171875,13916492,6.0365574376509015,-0.005956653131538481,431.15500793457034,413.2550030517578,48.856638017150196,5.011287094490569,20.306890085874574,449.9329335806223,395.4020761850027,12.901596826266227,422.7523937814638,429.97976936724086,-0.00593894744625989,11.224150178499034,-0.07651578001593666,3008206653,23.857915201462365,23.43490361924822,433.6975067138672,411.9574951171875,422.82750091552737,-29090423.856717475,0.018258922787401953
2024-10-10,420.70001220703125,429.8999938964844,420.5,422.70001220703125,406.14288330078125,15866037,6.046662736451455,0.010105298800553442,429.81500854492185,413.5700030517578,51.86023613018258,4.423857408770516,19.082706960647787,447.0014865694633,401.63852502721636,10.690743052969767,422.7474050600893,430.5892428451338,0.010156529755093624,11.240281000710041,-0.07838199221652929,3024072690,34.64471054792186,29.56857156135264,435.18834075927737,413.6883285522461,424.4383346557617,35256963.547760844,0.022343697703195053
2024-10-11,423.95001220703125,426.6499938964844,419.6000061035156,422.5,405.95068359375,8639087,6.046189446797229,-0.00047328965422632763,428.6050079345703,413.7000030517578,51.70633261468514,3.8972507563346994,18.05006850706001,446.0874439350961,404.317567051232,9.823525577634586,422.72384267341414,431.29942587176595,-0.0004731776703457147,10.940974343014235,-0.13270528790214617,3015433603,34.137065666971324,30.87989713878514,435.8775065104167,415.2324961344401,425.55500132242844,10600372.610850295,0.01662929022284346
2024-10-14,424.6000061035156,426.0,420.0,424.5,407.8723449707031,8483177,6.050912005751402,0.004722558954173728,427.36500854492186,413.7210028076172,53.20188152197922,3.599798242245811,17.091189943014218,444.1797206448463,408.53529095183336,8.360220990192255,422.8930005140414,431.22813055514325,0.004733727810650956,10.588047604227503,-0.10929770485214829,3023916780,39.2132046535405,35.99832695614452,436.8208409627279,416.3708287556966,426.59583485921223,14844360.203616764,0.014130946570305104
2024-10-15,426.6499938964844,427.20001220703125,423.54998779296875,426.6000061035156,409.8901062011719,9365964,6.0558468203446,0.004934814593197778,425.7050079345703,413.8590026855469,54.7851929969592,3.493249913342652,16.030818855444156,443.52403848833336,410.7409731083463,7.6751511381025175,423.24604866541983,431.14687149902227,0.004947010844559729,10.092474519215717,-0.11753375390887334,3033282744,44.543166080584946,39.297812133698876,437.37417551676435,417.55916086832684,427.4666681925456,18060507.778077334,0.008555079025614809
2024-10-16,425.29998779296875,429.3999938964844,421.25,424.25,407.63214111328125,6219440,6.050322904114336,-0.00552391623026427,424.12000732421876,414.07900268554687,52.638952801562134,3.1824978877011745,15.359302783998091,443.22215080180615,411.83786201557666,7.34083884540916,423.341663078237,430.8523637274317,-0.00550868745872779,9.953725903306335,-0.14726636159200657,3027063304,38.578687280219356,40.778352671448225,437.91834259033203,418.04332733154297,427.9808349609375,-3723645.3809403665,0.019162930003307925
2024-10-17,423.6499938964844,425.6000061035156,416.6000061035156,417.75,401.3867492675781,11968387,6.0348831674755035,-0.015439736638832358,422.36000671386716,414.1340026855469,47.138256210777875,2.384244900230442,15.328992752613377,442.85723594301516,412.5627774847192,7.082943579237452,422.8091237374525,430.01436293720576,-0.015321154979375362,9.885602624498741,-0.15193256864057608,3015094917,22.081235573869535,35.0676963115579,438.2483428955078,418.14832763671876,428.1983352661133,-53104225.460313454,0.021243951681016855
2024-10-18,417.70001220703125,425.95001220703125,414.45001220703125,424.95001220703125,408.3047790527344,8828971,6.051971543670441,0.017088376194937638,421.8100067138672,414.30700317382815,52.9974328110135,2.3060220815452794,15.558551365499909,442.86379946660384,412.65621396113056,7.061806861640392,423.01301787741244,427.52638027149476,0.017235217730775076,10.00091672274883,-0.0853879990865746,3023923888,40.35536690781218,33.67176325396698,438.07500915527345,417.9549957275391,428.01500244140624,24677724.163578775,0.027531720526500904
2024-10-21,426.04998779296875,428.75,419.1000061035156,425.0,408.352783203125,9139781,6.052089168924417,0.00011762525397607249,422.76500549316404,414.6530029296875,53.0363527663359,2.222444573677933,15.29631879061127,442.8701900740889,412.7548221329423,7.039384663023321,423.2022542700398,425.7344305904705,0.00011763217209748156,9.975850806587085,-0.09878915474243817,3033063669,41.2144888267848,34.5503637694888,437.93417460123703,418.1791636149089,428.0566691080729,8530493.041464735,0.022649910041010527
2024-10-22,422.8500061035156,426.29998779296875,413.45001220703125,415.75,399.4651184082031,14242323,6.030084118073037,-0.022005050851380048,422.24500427246096,414.7550030517578,45.524331853435534,1.3937448786401774,15.737198613153778,443.1258202112542,411.23919138542544,7.464404181589194,422.4925157681312,423.7063904849895,-0.021764705882352908,10.181145433683543,-0.13655784505035423,3018821346,20.029924549991332,33.86659342819606,437.8291732788086,417.3391647338867,427.5841690063477,-84984160.81951176,0.03038896866609425
2024-10-23,414.0,414.75,401.70001220703125,408.29998779296875,392.30694580078125,22522821,6.012002168428318,-0.018081949644718875,421.23000183105466,414.90400268554686,40.54347518763105,0.1342926352019731,17.24513552992144,444.1204273252122,408.2645824404128,8.413063222371404,421.1408464371634,420.9478410565731,-0.017919452091476273,10.457491316489628,-0.11268245954231676,2996298525,17.529818475093517,26.25807728395651,437.2291717529297,415.87916564941406,426.5541687011719,-140191581.19769046,0.031521709644852056
2024-10-24,409.25,415.25,406.79998779296875,411.8999938964844,395.7658996582031,9400171,6.02078058662408,0.008778418195761972,420.15,415.21800231933594,43.746364948917034,-0.5668081243076699,18.558416169433315,443.3340016272739,406.63100691764794,8.636354282974262,420.260765242813,419.3215281677332,0.008817061501704027,10.314099951528316,-0.16074010443788248,3005698696,32.58781363405022,23.382518886378318,436.00417175292966,414.9441650390625,425.4741683959961,-24170078.41650311,0.020647555789935858
2024-10-25,402.5,407.5,391.6000061035156,398.8999938964844,383.27508544921875,19642277,5.988710743610494,-0.03206984301358595,417.7899993896484,415.2690020751953,36.169208226089296,-2.146681276352979,20.814826209375035,444.21161196240143,402.18339536181736,9.93111165280889,418.22640606697223,417.1231429598204,-0.03156105897701733,11.027377654488348,-0.1717786782618229,2986056419,19.06002642201601,23.059219510386537,434.67750345865886,412.7674997965495,423.7225016276042,-178289760.13883436,0.03950309042604814
2024-10-28,398.8999938964844,406.5,397.79998779296875,403.8999938964844,388.0792236328125,11716022,6.001167307457915,0.012456563847420554,415.72999877929686,415.3860021972656,40.44203681506108,-2.9611496287947148,22.91006410360663,443.17225514189875,399.92275218232,10.259698511759026,416.8619858602591,415.8163234905587,0.01253446998371599,10.86113726538427,-0.13389294671858268,2997772441,32.11486087007794,27.920900308714682,432.91750386555987,411.0374989827475,421.9775014241536,-20376513.379611462,0.02181000837339929
2024-10-29,409.0,414.29998779296875,404.45001220703125,412.1499938964844,396.0060729980469,20284308,6.02138734595027,0.020220038492355208,414.2849975585938,415.567001953125,46.77320933331091,-2.907400906305611,23.58647898905719,439.5368873254352,400.45311816772886,9.30577004538524,416.413224720852,414.8462352050465,0.020425848290837934,10.828198453319994,-0.11525658292308269,3018056749,53.655337709380134,34.94340833382466,431.0950017293295,409.7149998982747,420.4050008138021,104771522.87346284,0.024083069892267727
2024-10-30,414.1499938964844,414.79998779296875,405.79998779296875,408.5,392.4991149902344,12264297,6.012491914300058,-0.008895431650212338,412.7099975585937,415.612001953125,44.51841528249191,-3.1233249142595128,24.137957723226712,436.23309534351336,400.5969095392992,8.516947431684065,415.65958427124707,413.6062497105116,-0.008855984351660795,10.697612849511424,-0.09353619235156746,3005792452,44.70899300033101,43.493063859929656,429.47166748046874,408.0866668701172,418.77916717529297,5080768.161373198,0.0217312571112811
2024-10-31,409.0,410.6499938964844,403.5,408.1499938964844,394.57757568359375,12204072,6.011634738943266,-0.0008571753567920837,411.7499969482422,415.59600158691404,44.29788872342694,-3.2848234140564614,24.839403217710643,433.6019422825649,400.50806137954453,7.935135835255227,414.9443851879363,412.7226186083791,-0.0008568080869415517,10.444211495723778,-0.06282504193759061,2993588380,43.78305062851699,47.382460446076,427.84500020345047,406.7950002034505,417.3200002034505,-1154077.0713716943,0.017481647668665952
2024-11-01,412.0,415.45001220703125,410.3500061035156,411.3500061035156,397.6711730957031,2145479,6.019444448452707,0.007809709509441376,410.38999633789064,415.75600158691407,46.88831925644642,-3.1186480636035867,24.72705113288759,431.61700093394825,400.58300211780954,7.458302980613802,414.60206337037243,412.1803565915601,0.007840284833724231,10.219626268211142,-0.04600529981845159,2995733859,52.24869412173127,46.913579250193045,426.4649998982748,406.21000111897786,416.33750050862625,4192346.9694955675,0.012378655591057343
2024-11-04,413.8500061035156,414.29998779296875,393.70001220703125,400.95001220703125,387.6170349121094,13866505,5.993836761698308,-0.02560768675439906,407.98499755859376,415.7360015869141,40.32477549996268,-3.7825426945797176,25.88155270596638,432.2419724655391,398.50803058621875,8.121322119867305,413.3018680214828,410.7189462017543,-0.025282590840334684,10.961079790905883,-0.0204973969832219,2981867354,24.735473870324473,40.255739540190866,425.4883316040039,405.5683364868164,415.52833404541013,-94743595.92054819,0.04977642933943768
2024-11-05,400.0,404.1000061035156,397.1499938964844,403.1000061035156,389.6955261230469,6665326,5.999184685264563,0.0053479235662550195,406.7199981689453,415.5010015869141,42.12832714030357,-4.088072676455965,26.953589880968117,431.9532606548319,397.0117417865743,8.430155378176508,412.33026212453353,409.85901865804726,0.005362249235633554,10.674574963486267,-0.015473462804711275,2988532680,30.95559055014618,35.97991951406726,424.08916422526045,405.114170328776,414.60166727701824,-22027591.828130327,0.017375030517578126
2024-11-06,406.70001220703125,410.79998779296875,403.1499938964844,408.8999938964844,395.30267333984375,9700643,6.013470612443926,0.014285927179362723,406.7799987792969,415.4860015869141,46.7994884436721,-3.8181832066753145,26.974803677828458,431.53782824671293,396.4721723636386,8.469862889874847,412.0035699123384,409.0310634999995,0.014388458707885299,10.462104015341042,0.04253602546569165,2998233323,46.5679424905798,34.08633563701678,423.461663309733,404.49667002360025,413.9791666666667,30166543.379921723,0.018809918040007666
2024-11-07,410.8999938964844,410.8999938964844,402.0,403.79998779296875,390.3722229003906,7589295,6.000919675648348,-0.01255093679557806,405.9699981689453,415.38100158691407,43.47640850574269,-3.9700573772794883,27.08585523704395,430.6536273651658,395.46637080377957,8.51867928130951,411.2222763771603,408.22070515121254,-0.012472502273518593,10.350524721136994,0.06153171205838731,2990644028,32.83979459982535,36.78777588018374,422.49666290283204,403.58166961669923,413.03916625976564,-15748119.420946501,0.021659756701594157
2024-11-08,403.1499938964844,404.20001220703125,395.54998779296875,397.6499938964844,384.4267578125,7536509,5.98557220605418,-0.015347469594167329,405.8449981689453,415.13600158691406,39.8058259630333,-4.5344020966772405,27.67902553425424,430.0666482544776,393.56834930411617,8.862736299100732,409.9296780456674,406.95261741166377,-0.015230297380884328,10.229060413488815,0.051354281544666355,2983107519,17.435132522872806,32.28095653775927,421.38749796549484,402.3125010172526,411.84999949137375,-36149029.374181874,0.021456094617437946
2024-11-11,398.1499938964844,400.8999938964844,391.79998779296875,392.54998779296875,379.496337890625,12243693,5.972663886547509,-0.012908319506671262,404.7099975585937,414.66300109863283,37.014958005563415,-5.331716513617664,28.491476068511776,429.32239729173153,391.1175990461591,9.31324616452222,408.2744694501723,405.1062535457808,-0.01282536447075433,10.148413677062157,-0.013073095776086835,2970863826,3.983150718410476,18.08602594703617,420.1216644287109,400.7366668701172,410.4291656494141,-53678282.47777498,0.022855723327931406
2024-11-12,393.1499938964844,394.79998779296875,379.04998779296875,380.29998779296875,367.6536865234375,10549517,5.9409603828357875,-0.03170350371172148,401.5249969482422,414.0690008544922,31.332482951404018,-6.872840726165123,29.994261527030293,429.55783095903354,386.25216354780235,10.616606244793516,405.6102331018672,403.27126271314523,-0.031206216739103954,10.548526985843433,-0.07929204744745642,2960314309,3.4340636307845025,8.284115624022553,418.67332916259767,398.07833404541014,408.3758316040039,-104047149.65925832,0.04006104602445179
2024-11-13,384.0,387.6000061035156,379.3500061035156,381.3500061035156,368.6687927246094,20602407,5.943717604615271,0.002757221779483565,398.80999755859375,413.5680010986328,32.291984824553836,-7.918189110354831,31.389705167083203,428.9557471855617,382.5642479316258,11.433236280823053,403.2997352925004,400.28898034007005,0.002761026411387979,10.384346486854616,-0.11150836190934924,2980916716,6.318727384309951,4.5786472445016,416.56832987467453,395.9633341471354,406.265832010905,-20260446.825526707,0.021484375
2024-11-14,380.04998779296875,385.20001220703125,371.3500061035156,372.5,360.113037109375,15086601,5.920237037819614,-0.0234805667956568,395.2449981689453,412.9160009765625,28.657341767206916,-9.352941874198677,33.08629826565885,430.1444604543447,376.8505346628428,13.207994129818083,400.3664271694051,398.1813975847987,-0.023207043298468788,10.631893602330402,-0.12500681115334175,2965830115,2.6076955494858725,4.1201621881934,414.62916361490886,393.53916727701824,404.08416544596355,-95764489.56271219,0.03644259057590177
2024-11-18,380.0,380.0,362.6499938964844,366.70001220703125,354.5059509277344,16383636,5.9045441083661565,-0.015692929453457793,390.7799987792969,412.1850012207031,26.548359581518937,-10.833126776658446,35.030868236483585,429.82365202932704,371.3463430878604,14.597977781959525,397.1601019348933,395.07831643064696,-0.015570437028104012,11.11175878098649,-0.1844422870246122,2949446479,7.670486564467494,5.53230316608773,412.3216634114583,390.64666646321615,401.48416493733725,-95271422.39053297,0.04565791079872533
2024-11-19,368.0,378.5,365.04998779296875,366.70001220703125,354.5059509277344,17055094,5.9045441083661565,0.0,387.35499877929686,411.62300170898436,26.548359581518937,-11.869361366600913,36.83654035224941,428.18769806760537,367.15229827028526,15.348253596790059,394.2591410084303,390.5933614240439,0.0,11.278776882846829,-0.23582503383197612,2966501573,7.670486564467494,5.982889559473578,409.8016642252604,387.7466654459635,398.774164835612,-31757140.796844326,0.036548946214758835
2024-11-21,363.70001220703125,364.3500061035156,354.79998779296875,356.1499938964844,344.3067932128906,21276150,5.875351973286877,-0.029192135079279424,382.6599975585938,410.9490014648438,22.980612151610075,-13.38755959868945,38.89883424020001,428.9713814056298,360.4086143219092,17.371295815655703,390.6296984263402,385.28078257199576,-0.028770160783606835,11.32315170650509,-0.2524146739699907,2945225423,2.225895399973835,5.855622842969566,406.63333282470705,384.90832977294923,395.77083129882817,-160228228.31757605,0.026257954330533972
2024-11-22,357.04998779296875,367.1000061035156,355.70001220703125,365.45001220703125,353.2975158691406,15949254,5.90112950432914,0.025777531042263213,378.31499938964845,410.332001953125,31.694773912308193,-13.682584563744342,40.36625714833004,428.4752187523509,356.6197794165944,18.30490310175021,388.2316330721203,381.7161072361212,0.026112644868526713,11.328640434360754,-0.21650435440193883,2961174677,17.55980235284646,9.152061439095887,404.27583363850914,382.71582997639973,393.49583180745446,45476160.05384997,0.03192828535564753
2024-11-25,374.0,377.20001220703125,367.5,368.3999938964844,356.1494140625,18388844,5.90916928781352,0.008039783484379726,374.775,409.907001953125,34.23651085992306,-13.522476415113147,40.24717376808245,426.61605203951063,354.1289461294347,18.568701965450295,386.34290553158354,380.3566017693203,0.00807218933073095,11.35873754619213,-0.27174021600123394,2979563521,22.85715311515231,14.214283622657492,402.3241673787435,380.63916371663413,391.4816655476888,51323222.07808996,0.025935861516126337
2024-11-26,370.0,370.3999938964844,360.25,361.6499938964844,349.6239013671875,11222231,5.890676876418432,-0.01849241139508795,371.175,409.0430017089844,31.360874481760717,-13.78139480105608,40.53672693644626,426.59112739109804,350.4288707778473,19.603679903407322,383.9911996615741,377.7485007692494,-0.018322475873592592,11.272398714070148,-0.3052671381050435,2968341290,12.210348232183803,17.542434566727483,400.2750005086263,379.16499684651694,389.71999867757165,-33392298.807303343,0.027432415936444257
2024-11-27,363.79998779296875,371.6000061035156,361.3500061035156,369.29998779296875,357.01947021484375,14225274,5.911609288804005,0.020932412385572974,368.85,408.40100158691405,37.743124203282946,-13.21694223076696,40.64039431620576,425.0505520491834,348.50944550941034,19.789313506732984,382.5920366264689,376.20685617526874,0.021153032007720896,11.19937023449371,-0.2905865956675895,2982566564,25.84669950524538,20.304733617527123,398.58666687011726,377.32166442871096,387.95416564941405,61418073.2481108,0.02817482227578597
2024-11-28,369.70001220703125,371.8500061035156,359.6000061035156,362.04998779296875,350.01055908203125,16837860,5.891782290118405,-0.019826998685600117,367.025,407.4200012207031,34.47177229535458,-13.202434465090107,40.838400611514835,422.1316029137041,346.4183940345381,19.70287142796382,380.6356510232784,373.7583439284183,-0.019631736365137376,11.27441521774416,-0.37666039229241877,2965728704,12.92334975262269,16.993465830017247,396.4166681925456,374.91166330973306,385.66416575113936,-60910298.917296395,0.03313497320941398
2024-11-29,363.25,365.3999938964844,360.20001220703125,363.6499938964844,351.5573425292969,14280017,5.896191849816511,0.004409559698106413,365.2549987792969,406.36700134277345,35.79437919599795,-12.91297707386525,41.02226360001612,419.19047567310906,344.8745206647816,19.452783562790753,379.0179693921551,371.8974128565056,0.004419296112310844,10.840527108580515,-0.3374904477644767,2980008721,17.914983258583838,18.89501083881726,393.8958343505859,372.77083129882817,383.33333282470704,-5071356.733560877,0.014315159502967998
2024-12-02,363.6499938964844,363.8999938964844,357.0,358.20001220703125,346.28863525390625,12510350,5.881091523705425,-0.015100326111086027,363.825,405.24800170898436,33.326890118098774,-12.973794157689667,41.393048151134735,416.0444231596553,343.02557500929,19.239028897599404,377.03530680309575,370.24533728374945,-0.014986887889250178,10.559060450573648,-0.38188502026002646,2967498371,7.37532313212256,12.737885381109654,391.49666798909504,370.3966649373373,380.94666646321616,-47144571.19695356,0.01897427199860894
2024-12-03,359.0,370.0,358.20001220703125,367.45001220703125,355.23101806640625,14205760,5.906587288195811,0.02549576449038593,363.9,404.11800170898437,40.787665441119884,-12.13570162612541,40.77406991247011,411.11034731355426,343.5696514657426,17.89916148753365,376.12242160347057,368.52717147778793,0.025823561375686754,10.647698117887584,-0.3312802823921108,2981704131,31.62506103515625,18.971789141954172,389.47333374023435,367.7033325195313,378.5883331298828,71887329.60101546,0.032869046777071725
2024-12-04,368.95001220703125,375.1499938964844,368.0,372.75,360.3547668457031,22035954,5.920907953644848,0.014320665449036873,364.5049987792969,403.09400146484376,44.61208957464771,-10.917986780291244,39.465781929633785,407.9489161540127,343.911081404581,17.034510402833636,375.80123859361623,368.1142402965742,0.014423697419780224,10.43714694442798,-0.28185051577495274,3003740085,54.72561642216952,31.242000196482735,387.25000101725266,366.8249979654948,377.0374994913737,101822634.67128575,0.019379302506899645
2024-12-05,372.75,373.95001220703125,364.3999938964844,369.1499938964844,356.8744812011719,18758283,5.911203048971203,-0.009704904673645487,365.80499877929685,401.9100012207031,42.599428312461626,-10.126695159701171,38.55579193839138,403.8169006507071,344.6480956871835,15.81070731511194,375.16778671769896,366.87797938074453,-0.00965796406040409,10.373780613436471,-0.286698387857908,2984981802,47.20392953657489,44.51820233130018,385.7658345540364,365.0808308919271,375.4233327229818,-11079077.303887002,0.025620438123532863
2024-12-06,369.45001220703125,371.20001220703125,368.04998779296875,369.5,357.21282958984375,9736086,5.912150740388256,0.0009476914170534201,366.2099975585937,400.7380010986328,42.869292211521895,-9.363412689047323,37.71080123223772,397.23899804456676,347.2859989036755,13.418756749778787,374.6279975064896,366.35496662706595,0.0009481406184548291,9.857798027766902,-0.30573747709367266,2994717888,58.333353516906975,53.42096649188375,383.63916982014973,363.40416310628257,373.52166646321615,-1421232.751726983,0.008526253376592931
2024-12-09,370.8999938964844,373.29998779296875,367.75,369.8500061035156,357.55120849609375,10878679,5.913097534536555,0.0009467941482990128,366.35499877929686,399.41300109863283,43.15709138924516,-8.630773084818145,36.60121720422098,390.925276784755,350.2047219945419,10.988775210093577,374.17295070620634,366.29399668804336,0.0009472424993657302,9.550097296709891,-0.2961330260667031,3005596567,63.50215425662051,56.346479103367415,381.7083363850911,361.80833028157554,371.7583333333333,2064658.4482158427,0.014963569383389403
2024-12-10,369.0,371.20001220703125,366.3999938964844,369.1499938964844,356.8744812011719,7913822,5.911203048971203,-0.0018944855653524328,367.10499877929686,398.1040008544922,42.69385782131417,-8.014252738079051,35.7056939668712,385.2675986600841,353.01240011921277,8.737931027307642,373.6945738671852,366.0832942969371,-0.001892692160278986,9.210805940555389,-0.27899778606172587,2997682745,64.06245742530014,61.96598839960916,380.0050028483073,360.48999735514326,370.2475001017252,-3004961.8534430265,0.013008179703379065
2024-12-11,369.25,370.75,364.70001220703125,365.5,353.3458557128906,9998662,5.901266279189834,-0.009936769781369037,366.725,396.6760009765625,40.266873483220365,-7.731061065133133,35.04683344857172,379.863378747916,355.71162125208406,6.566769532904715,372.9141382607866,366.95543856370773,-0.009887563204207694,8.985033215727771,-0.27146249454380406,2987684083,45.581338571947676,57.7153167512894,378.4475026448568,359.2374989827474,368.8425008138021,-25331690.799821176,0.01638453024500677
2024-12-12,366.0,367.0,353.0,355.6000061035156,343.7750549316406,22538216,5.8738065208037415,-0.027459758386092048,366.0800018310547,394.9240008544922,34.53282734020361,-8.210827090149962,35.43767206047928,378.3049682275987,354.800033603456,6.4124332982138,371.26517329342744,366.35235443608127,-0.02708616661144836,9.343245128890073,-0.2780371861674938,2965145867,10.743821454603234,40.12920581728364,377.0508366902669,358.01583302815754,367.53333485921223,-157196030.82503805,0.03825136612021858
2024-12-13,355.75,358.29998779296875,348.04998779296875,357.1499938964844,345.27349853515625,14269143,5.878155844511479,0.00434932370773744,365.4300018310547,393.26500061035154,36.06783559492364,-8.369495723528644,36.140616224198624,375.6455230511481,355.03947755920353,5.64019939501482,369.92087049371855,365.07257668007946,0.004358795743433008,9.408013333969352,-0.2124144310766894,2979415010,33.57935075274799,29.968170259766257,375.7375025431315,356.5024988810222,366.12000071207683,-37654011.96426236,0.02881236823612087
2024-12-16,357.1499938964844,358.8999938964844,351.70001220703125,352.8999938964844,341.16485595703125,12168143,5.866184713385912,-0.011971131125567247,364.9,391.6160003662109,33.73234059316715,-8.737461225765173,36.68606249918364,375.45429462851826,353.27070537148177,6.088329412888672,368.29983462731525,364.4849528865774,-0.011899762208120945,9.25029678793248,-0.1996107484567606,2967246867,17.896697458257933,20.739956555203012,374.3125010172526,355.7424997965495,365.027500406901,-47027742.48808745,0.020159545884074558
2024-12-17,352.0,353.8500061035156,347.25,349.04998779296875,337.4428405761719,15646176,5.855215143444253,-0.010969569941658541,363.05999755859375,389.98799987792967,31.728055533723577,-9.233304072233636,37.49888077298953,376.3530127161163,350.6069848424774,7.0832034665191514,366.46651588118704,363.15895400249826,-0.010909623604711483,9.060990310474134,-0.19469037408029166,2951600691,6.451570561797015,19.309206257600938,372.78833414713546,355.2933329264323,364.04083353678385,-55834496.22714894,0.018750017339533024
2024-12-18,349.54998779296875,351.0,340.0,341.75,330.3856506347656,14672392,5.834079475604059,-0.02113566784019394,359.9599975585937,388.51399963378907,28.2950896609065,-10.098897304977243,38.69151104106904,378.10241716120635,346.3625791766843,8.762283380139625,364.11256198774066,361.6559361145417,-0.02091387494131236,9.199491002583125,-0.18661430460062015,2936928299,4.978663737904749,9.775643919319856,371.37416687011716,354.12416687011716,362.74916687011716,-90017020.40481788,0.03146903271103838
2024-12-19,337.0,340.6000061035156,335.04998779296875,337.3999938964844,326.1802978515625,14513129,5.821269152022017,-0.012810323582042038,356.7849975585938,386.84299926757814,26.457979811294578,-11.00899052629643,40.06023168339876,380.3808564379461,342.20913989994455,10.565249098785486,361.56850788381155,359.81300199041993,-0.012728620639401944,9.020956802900848,-0.14611166985907062,2922415170,5.860363455928742,5.763532585210126,370.1366668701172,353.2866668701172,361.7116668701172,-72093806.6223457,0.016468897063937313
2024-12-20,337.79998779296875,343.8999938964844,331.0,333.25,322.16827392578125,20375797,5.808892959058818,-0.012376192963198918,353.1599975585938,385.1389990234375,24.803436349376952,-11.927621588573174,41.529092004481285,382.21837578137576,337.15161933581174,12.529506860575273,358.87150713297234,357.4887233584419,-0.012299922855830259,9.298030881013958,-0.22726211262976329,2902039373,5.096263445189662,5.311763546341008,368.8766662597656,351.8766662597656,360.3766662597656,-80404224.33145165,0.03818826039860765
2024-12-23,335.8999938964844,338.25,330.5,333.6499938964844,322.55499267578125,8884187,5.810092521056447,0.0011995619976286065,349.5399963378906,383.3579986572266,25.288389945987603,-12.479511123246255,42.917403274957614,382.767883535332,333.1271115818555,13.868171251944734,356.4694582533068,355.921070902301,0.0012002817598930626,9.18745724665582,-0.18821623034191828,2910923560,7.054858515293991,6.003828472137422,366.9341654459635,350.1291666666667,358.5316660563151,-24432327.727,0.023072343378453136
2024-12-24,335.1000061035156,336.8500061035156,331.75,335.29998779296875,324.1500549316406,7755462,5.815025617065886,0.00493309600943892,346.1549957275391,381.61399841308594,27.369219734266693,-12.638063113105375,44.206549454685636,383.2560855073863,330.00390899944966,14.932051963675985,354.4533182094651,353.16374142749294,0.004945283760431574,8.895496450717234,-0.15095494830833495,2918679022,11.047149469366541,7.732757143283355,365.20833282470704,348.90833282470703,357.058332824707,386867.40061100107,0.015219355447997766
2024-12-26,335.29998779296875,337.3999938964844,332.25,334.6499938964844,323.5216979980469,9030212,5.813085191308146,-0.0019404257577395612,343.0699951171875,379.81699829101564,27.049609203706808,-12.670112611283173,45.27791535065867,382.4920755114733,327.3029196057142,15.550731207014875,352.5672873225146,350.54956581713424,-0.0019385443487869303,8.627960553986316,-0.1843082169429706,2909648810,9.69625018716978,9.266086057276729,363.3208323160807,347.5308329264323,355.4258326212565,-3784099.3224363066,0.015359362016035154
2024-12-27,336.6499938964844,340.0,334.20001220703125,335.0,323.8600769042969,9090597,5.814130531825066,0.001045340516919957,341.00999450683594,377.9849981689453,27.54029809861501,-12.522913154460753,45.673187402131035,382.2346160212247,324.8553803166659,16.229683916257677,350.89421233941795,348.78321120192425,0.0010458870757483751,8.425962499627918,-0.1765387943554771,2918739407,10.514021690303537,10.419140448946576,361.5933319091797,346.4483337402344,354.02083282470704,859809.8489217844,0.017228539724115286
2024-12-30,335.0,336.79998779296875,327.3999938964844,331.3999938964844,320.3797912597656,36657549,5.803326086575095,-0.010804445249971373,338.43499450683595,376.127998046875,25.63066152133098,-12.552054657749693,46.4945129152576,381.771258240781,322.0937380971096,16.957092753344746,349.0376201067576,344.58597795003607,-0.010746286876166078,8.49553617083195,-0.19772098852606945,2882081858,9.13241627352657,9.780896050333252,360.24249877929685,344.67749938964846,352.45999908447266,-87691663.4769748,0.028059683273087686
2024-12-31,330.1000061035156,334.6000061035156,326.20001220703125,333.3500061035156,322.26495361328125,8580998,5.8091930073737,0.005866920798605513,336.47999572753906,374.4399981689453,28.52183568755696,-12.276286432611755,47.33054018280443,381.43706000667936,319.9429357208597,17.535180547039136,347.54356163025835,343.0880861694656,0.005884164885169962,8.488711722664267,-0.15111460284697892,2890662856,16.04937341332526,11.89860379238508,358.9016657511394,343.1866663614909,351.0441660563151,-18075187.25998444,0.025446815332230657
2025-01-01,333.0,334.6499938964844,328.79998779296875,333.6499938964844,322.55499267578125,7843971,5.810092521056447,0.0008995136827465444,334.93999633789065,372.6139978027344,28.979257092342152,-11.896397356125988,48.094706540715414,379.5916649139772,318.4083289825072,17.53104196747132,346.22036470323224,341.48918725177685,0.0008999183665099331,8.300232749867934,-0.16485238582809605,2898506827,18.259764505951676,14.480518064267793,356.9616658528646,341.8416646321615,349.401665242513,-4456332.054394228,0.01756758589644332
2025-01-02,333.6499938964844,338.6000061035156,330.0,338.0,326.76031494140625,16543382,5.823045895483019,0.012953374426571962,334.56499633789065,370.8739978027344,35.43182482689967,-11.116182950551831,47.85842189888606,376.16166616651464,318.36332772996974,16.64399091306409,345.43747282673394,339.0269527845811,0.013037632798114762,8.32164513227134,-0.14278677557471242,2915050209,36.085609787282095,23.464915902186306,355.2125,339.94749755859374,347.5799987792969,46490431.09706227,0.02577553202708523
2025-01-03,338.04998779296875,344.5,337.04998779296875,339.8500061035156,328.548828125,8689629,5.828504361752087,0.005458466269067763,334.80999755859375,369.3559979248047,38.01128013320319,-10.230644875812459,46.41060076073294,373.0326510964836,318.5623440207039,15.752082493468588,344.9053331388084,337.9333605535852,0.0054733908388036046,8.259385637611334,-0.15594479076983322,2923739838,41.74312397516409,32.02949942279924,353.67249959309896,338.6174977620443,346.1449986775716,26214054.82387834,0.022038196941435318
2025-01-06,341.70001220703125,341.70001220703125,326.45001220703125,327.5,316.6094970703125,10538077,5.791488055075306,-0.03701630667678035,334.23499755859376,367.7399981689453,29.530148252863867,-10.405444365390395,46.032732493086314,369.74959051130696,317.6454046058805,15.159896791667416,343.2476823636838,336.52811420584857,-0.03633957887808281,8.75871523492481,-0.1866632643054981,2913201761,4.701584375879519,27.510106046108522,352.3924987792969,336.12749938964845,344.25999908447267,-78025525.2382523,0.04462979062102063
2025-01-07,327.0,330.3500061035156,325.1000061035156,328.6000061035156,317.67291259765625,13891401,5.794841224177469,0.0033531691021631005,333.72999877929686,366.0739984130859,31.006740519727643,-10.336065195230617,45.78695480471494,365.5199725685367,317.7500225486508,13.982744847940484,341.8526655770011,334.76509880601765,0.0033587972626432094,8.508092718144466,-0.15758712493724322,2927093162,13.513516698067965,19.98607501637048,350.2633331298828,334.02833251953126,342.14583282470704,-15821424.488495398,0.016055045871559634
2025-01-08,330.5,330.5,321.8500061035156,325.3999938964844,314.57928466796875,8993608,5.785055176027974,-0.00978604814949513,332.73999938964846,364.60399841308595,29.096701605100577,-10.419190007828888,45.808238477597804,360.7231049603229,318.17189015686455,12.535433346688144,340.28574446457094,333.5591451614477,-0.009738320595232053,8.518228516597317,-0.16717589625587273,2918099554,15.673239512527031,11.296113528824796,348.3058319091797,331.6858337402344,339.995832824707,-24460245.0863344,0.026172447493144856
2025-01-09,324.04998779296875,325.95001220703125,319.79998779296875,320.3500061035156,309.6972351074219,12403467,5.769414167137678,-0.01564100889029607,331.31000061035155,362.93299865722656,26.33922136140734,-10.768427106508,45.98085941200111,356.41140546330416,317.9685902642349,11.400935805516045,338.387102715899,332.42786058617816,-0.015519323563894183,8.349071080701972,-0.17606852197078005,2905696087,2.226793679034311,10.471183296543058,346.0633336385091,329.4333318074544,337.7483327229818,-49911652.989105284,0.018978628747832786
2025-01-10,320.3500061035156,321.0,307.6000061035156,308.25,297.9996337890625,15941143,5.730911142044453,-0.038503025093224785,328.63500061035154,360.85499877929686,21.163833240934366,-11.884571450123815,46.891135517440674,355.9592261115395,313.68576900564796,12.62563221233177,335.51690245724194,330.16909614960576,-0.03777120609638984,8.709851281829286,-0.1812819031393882,2889754944,1.7615013658479297,6.553844852469715,343.7208333333333,327.1508321126302,335.4358327229818,-145229169.3943787,0.04182922940901832
2025-01-13,301.1000061035156,309.95001220703125,296.8500061035156,298.20001220703125,288.2838439941406,29630336,5.6977644432663554,-0.03314669877809795,325.31500244140625,358.6489990234375,18.000225890907416,-13.425315230457159,48.21218666071799,355.96956546816403,307.7804314800781,14.520266428519054,331.96291290960284,325.67113601352827,-0.03260336672495945,9.023433769092595,-0.2941289191101377,2860124608,2.833171618968935,2.2738222212836825,341.22166798909507,324.36666615804035,332.79416707356773,-246932733.19916788,0.04350715987369311
2025-01-14,300.45001220703125,312.70001220703125,300.20001220703125,310.3999938964844,300.0780944824219,22732888,5.737861768645676,0.0400973253793202,323.02000122070314,356.6939990234375,31.404987956333187,-13.506237712978873,48.93601913668254,353.54728269838176,305.9527142498604,14.433531059517692,329.9093015750201,323.40807704078514,0.04091207642534589,9.414617071300267,-0.20662754276019504,2882857496,28.43649428876101,11.010389091192584,339.15000254313156,321.7649988810221,330.45750071207686,102582967.16586979,0.04160425858590619
2025-01-15,312.54998779296875,324.29998779296875,312.54998779296875,321.3500061035156,310.66400146484375,21894626,5.772530890810653,0.03466912216497775,321.7900024414063,354.8939990234375,40.764786841337575,-12.542216032194517,47.775462139234705,350.68655631155707,306.04344246773985,13.595576241925306,329.09413057773395,322.55624652223605,0.035277101876113326,9.735001130241988,-0.1419932479898741,2904752122,51.41658580948447,27.562083905738096,337.8750020345052,319.9749989827474,328.92500050862634,194025270.36754578,0.037593986430686184
2025-01-16,324.70001220703125,327.29998779296875,321.6499938964844,325.5,314.6759948730469,14865186,5.785362461648624,0.01283157083797093,320.5400024414063,353.3849987792969,43.88967380263138,-11.312943509556135,46.28854811391106,349.0332180566466,306.0717807226503,13.11589360913116,328.7518324274736,322.15378567642074,0.012914248693518093,9.464642598757068,-0.0903800480910324,2919617308,60.12591304570592,46.65966438131709,336.635834757487,319.27083231608077,327.9533335367838,105802044.23591858,0.017400658096932548
2025-01-17,325.29998779296875,329.0,323.3500061035156,326.1499938964844,315.30438232421875,7129232,5.787357379528275,0.0019949178796503375,319.1700012207031,351.84599853515624,44.384549717992925,-10.169064458657829,44.675010460224144,347.9936758337846,305.9863229455123,12.846678175688,328.5040382816651,320.5139382982679,0.0019969090521794186,9.192167691451877,-0.08526027432651176,2926746540,61.490013737715316,57.67750419763519,336.06500040690105,318.69000040690105,327.37750040690105,38356652.93638693,0.017368564735637835
2025-01-20,326.20001220703125,337.0,324.54998779296875,336.04998779296875,324.87518310546875,17991880,5.81725992209093,0.02990254256265512,320.025,350.3889984130859,51.41334446887345,-8.367233045742637,42.159433140165596,348.3350732026252,305.9249243559686,12.964310520255667,329.22270013988447,321.1021143485545,0.03035411338878169,9.424870871136118,0.01267121803183755,2944738420,82.26649886799945,67.96080855047352,335.8666676839193,318.53666585286453,327.20166676839193,131531885.7696485,0.0381668048471118
2025-01-21,337.79998779296875,338.25,323.79998779296875,324.29998779296875,313.515869140625,12774630,5.781668975672102,-0.03559094641882776,319.5949981689453,348.79899841308594,44.263185569347755,-7.797510621997162,39.67494838096195,347.68345659520713,305.64154035303505,12.870138579896622,328.7538703925592,321.1477450940096,-0.03496503623514147,9.783809537985771,-0.02240869794976757,2931963790,57.607524041001795,67.12134554890548,335.93416798909504,317.9341649373372,326.9341664632162,-56223973.07678383,0.04277682868327216
2025-01-22,327.0,327.0,317.3500061035156,322.3999938964844,311.6790771484375,11068145,5.775792991700973,-0.005875983971129095,319.2949981689453,347.29399841308594,43.216565378799054,-7.4138528444574945,37.999904643947126,346.7281029861131,305.3068945724807,12.705210170842138,328.14873929769493,320.065066476717,-0.005858754141234601,9.77425127787853,-0.03068085135247817,2920895645,53.620128154630954,64.49805035454402,335.5425008138021,317.0874989827474,326.3149998982748,-32760929.65586398,0.029510684698728976
2025-01-23,321.0,325.1000061035156,319.54998779296875,323.6499938964844,312.88751220703125,6477347,5.779662666133136,0.0038696744321633503,319.6249969482422,345.91599853515623,44.15217609687278,-6.929062815394104,36.44450688814765,345.81291959322374,305.12207796537,12.502274967690902,327.7202873547225,319.290668081033,0.0038771712892815557,9.472520351640554,-0.018329164035899587,2927372992,59.75470266629016,56.99411828730759,334.96250203450523,316.4674977620442,325.71499989827475,-5522520.7186213285,0.017289776668370328
2025-01-24,324.79998779296875,329.8999938964844,322.1000061035156,323.6499938964844,312.88751220703125,7492600,5.779662666133136,0.0,321.1649963378906,344.7829986572266,44.15217609687278,-6.4702778887444765,34.36790793868348,344.77799813720435,305.02199881103786,12.236380274816508,327.3326403586998,318.85629863278075,0.0,9.353053740306853,-0.011350325492127623,2934865592,64.73427957496526,59.36970346529541,334.50333506266276,315.80833079020186,325.15583292643225,-1840840.239540443,0.024014741644450284
2025-01-27,323.6499938964844,325.04998779296875,315.0,322.20001220703125,311.4857482910156,13803855,5.775172508629376,-0.004490157503759917,323.56499633789065,343.59999877929687,43.194704478828655,-6.152763703334472,33.15551620974393,344.11984875505317,304.7601500242437,12.131580201225105,326.84381862996946,318.3587072089598,-0.0044800918176963744,9.402834744068416,0.030148533197486484,2921061737,61.2319078280548,61.9069633564367,333.98000183105466,315.2199981689453,324.6,-13957171.409090793,0.031052025281925758
2025-01-28,322.5,323.8500061035156,308.1499938964844,318.25,307.6670837402344,22008929,5.762837237437516,-0.012335271191860286,324.34999694824216,342.5149987792969,40.611026597511675,-6.148982751755511,32.62601086760656,343.09638604579766,304.2736121231477,11.993998496210294,326.0253597128295,317.8805738727323,-0.012259503592113918,9.85263313428005,0.0297110836072244,2899052808,51.69081413391616,59.21900051231203,333.6133356730143,314.1233301798503,323.8683329264323,-62609415.945486315,0.04868220839389535
2025-01-29,320.0,322.8999938964844,313.29998779296875,321.25,310.5672912597656,16056888,5.77221963620943,0.009382398771913714,324.3399963378906,341.60599853515623,43.38101189481856,-5.836630350925816,32.134327335621855,341.948589224835,304.1814095544619,11.690272775362512,325.5705635497029,317.7390082533141,0.009426551453260101,9.834588346368305,0.04734802796314826,2915109696,58.93719201382874,57.28663799193319,333.14000244140624,313.2749969482422,323.2074996948242,11243970.684837893,0.030000019073486327
2025-01-30,322.25,326.79998779296875,321.1499938964844,323.0,312.2591552734375,10375720,5.777652323222656,0.005432687013226634,324.0899963378906,340.7319982910156,44.99274489093152,-5.3857943633705645,31.11591976216221,339.9141459996819,304.715852779615,10.92046392092213,325.32574797354073,318.43102331746746,0.005447470817120603,9.535688742805165,-0.014191342054200026,2925485416,63.16424577711108,57.93075064161861,332.39833475748696,312.8283304850261,322.6133326212565,15852996.894945964,0.01753295235526571
2025-01-31,322.45001220703125,326.25,317.54998779296875,324.0,315.6691589355469,13195557,5.780743515792329,0.0030911925696726072,323.8749969482422,340.08899841308596,45.939757192222615,-4.891426631087995,30.513674884577235,337.21613753407837,305.82886063486694,9.762077922567137,325.19948626177495,321.21948115985515,0.003095975232198178,9.475997561678456,0.015511538229457009,2938680973,62.54926525197663,61.550234347638764,331.5675013224284,311.8724970499674,321.7199991861979,14081370.298315322,0.02698096411125377
2025-02-01,326.04998779296875,330.79998779296875,316.75,317.70001220703125,309.5311584472656,10097627,5.761107579698609,-0.01963593609371994,322.0399993896484,339.1339984130859,41.13499907081627,-4.950921859865957,29.30768908222465,336.56009023315744,305.50490915649095,9.673531840604227,324.4852506375137,322.899416564248,-0.019444406768422073,9.802711149627763,0.016763811905138787,2928583346,31.727629149654724,52.48038005958077,331.0008336385091,311.4258305867513,321.2133321126302,-37716161.12586266,0.043091514549879514
2025-02-03,310.1000061035156,314.04998779296875,304.0,311.25,303.2469787597656,15881217,5.740596447778917,-0.020511131919692005,320.73500061035156,337.9909985351562,36.881933955873954,-5.455645057220238,29.311602425190298,335.84243126527605,304.4875675140208,9.793345247303455,323.2247505767981,322.16319047940914,-0.020302209503309854,10.081089796585156,0.024907087030933677,2912702129,21.16788321167883,38.48159253777001,330.3283325195313,310.27333068847656,320.3008316040039,-80861416.0502957,0.03240886035201795
2025-02-04,314.8500061035156,320.45001220703125,310.29998779296875,319.1000061035156,310.8951416015625,12141064,5.765504552411479,0.0249081046325621,320.4050018310547,337.1399987792969,44.414549636748205,-5.162699553360142,28.486939053879755,335.3461537290907,304.35384627090934,9.689638098540366,322.83191776981886,321.5581581035218,0.025220903143825302,10.086013697833538,0.0604375302271966,2924843193,44.08760906135949,32.32770714089764,329.93833414713544,309.7333292643229,319.8358317057292,36584478.98535065,0.032237650364616476
