Date,Open,High,Low,Close,Adj Close,Volume,Log_Close,Log_Return,SMA10,SMA50,RSI,MACD,ADX,BB_Upper,BB_Lower,Bollinger_Width,EMA20,VWAP,Lagged_Return,Volatility,Chaikin_MF,OBV,Stoch_RSI,Stoch_RSI_signal,KC_High,KC_Low,KC_Mid,Force_Index,Intraday_Pct_Range
2018-06-11,276.25,278.6000061035156,273.79998779296875,275.20001220703125,243.35971069335938,1595285,5.617498150416132,-0.00018162518665665317,272.63499755859374,284.51100158691406,47.06482361132644,0.11746106625223707,14.325419589588195,292.55303418394107,262.16196215394956,0.11043266962912957,276.63762886013643,277.2750773018361,-0.0025367355537787573,0.017134790221764618,0.014619628815934248,9708152,39.67394278947342,40.39856965390734,286.20416768391925,268.82916463216145,277.5166661580403,1512392.6931759221,1.7441926226863143
2018-06-12,274.20001220703125,276.3500061035156,273.0,275.29998779296875,243.4481201171875,1278763,5.617861367807728,0.00036321739159550503,272.1649963378906,284.46900146484376,47.181152702020654,0.3133216812474453,13.858411523446449,291.11650790917446,262.3234884287162,0.10458779788290878,276.51023447278715,276.78307913252235,-0.00018160869380112743,0.01704241323992449,0.014326690332895338,10986915,39.94561566746444,39.80977922846893,285.3766693115234,268.4016632080078,276.8891662597656,1314600.1770365327,1.2168566117172872
2018-06-13,275.6000061035156,279.0,274.25,275.1000061035156,243.2713165283203,1363820,5.617134690117063,-0.000726677690664701,272.05999755859375,284.2590014648438,46.95885120318169,0.43497108180510047,12.997929919762313,287.77781629914324,263.7671818698021,0.08727965793031048,276.375927009047,276.09036921496937,0.0003632833630191623,0.016173941088666953,-0.03775677068054789,9623095,39.40218698325347,39.67391514673045,284.3325037638346,267.90249582926435,276.11749979654945,1087837.4335013193,1.7266448181075842
2018-06-14,274.8500061035156,276.54998779296875,273.0,275.1000061035156,243.2713165283203,1199938,5.617134690117063,0.0,272.63999938964844,284.11800170898437,46.95885120318169,0.5155002454163524,12.391015401745372,285.60699841567964,264.6029991429141,0.07635041369232864,276.25441073232975,275.49983124773433,-0.0007264137243752078,0.015747044168485998,-0.008893068841322235,10823033,39.40218698325347,39.58332987799047,283.3433359781901,267.3683298746745,275.3558329264323,932432.0858582737,1.2904353741209833
2018-06-15,275.70001220703125,277.75,267.20001220703125,268.70001220703125,237.61175537109375,1759211,5.5935955610514085,-0.023539129065654585,272.9100006103516,283.642001953125,39.96916590488812,0.1564269810611032,12.648684525008225,283.8340720971221,264.6509254614716,0.07139242934187144,275.5349442061108,274.9887578890838,0.0,0.01638553861891135,-0.02033539108173137,9063822,26.34148326346545,35.048619076657474,282.7825022379557,266.35249735514327,274.56749979654944,-809192.44963979,3.926307150607819
2018-06-18,269.45001220703125,274.1499938964844,268.0,271.3999938964844,239.99937438964844,1192130,5.603593724911764,0.009998163860355902,273.44500122070315,283.18800170898436,43.77160107810989,0.1210252991891716,12.88794871089516,283.6449894729906,264.38000747525166,0.0709837230323846,275.1411394147178,274.67843379525743,-0.023264244836389336,0.014793280562466433,0.015537691725917728,10255952,53.59797054257696,39.7805469297653,282.05750071207683,266.34249827067055,274.19999949137366,-233775.0751987123,2.2660258050079642
2018-06-19,271.0,274.45001220703125,267.75,268.5,237.43490600585938,1385595,5.5928509139489195,-0.010742810962844906,273.39000244140624,282.6940014648437,40.78351539319166,-0.0673026911487784,13.050709183351023,283.65074803442025,263.79924891382194,0.07393481981600858,274.5086499466495,274.5677799054044,0.010048312492717093,0.014911343669460841,-0.012549799703189512,8870357,42.934763679426005,40.958072495156145,281.7866683959961,266.24166412353514,274.0141662597656,-774409.6420273631,2.4953490528980447
2018-06-20,268.45001220703125,272.20001220703125,261.5,271.1000061035156,239.73410034179688,2304827,5.60248777901851,0.009636865069590606,273.1600036621094,282.30200134277345,44.445225593014705,0.009541082936667777,14.041560007024346,283.5088699179126,263.5611282510327,0.07358074960449516,274.1840171996844,274.24290418997685,-0.010685313049750733,0.015085782999214934,0.024252495464508115,11175184,57.065236320573995,51.19932351419232,281.67166900634766,265.71666412353517,273.6941665649414,192300.91648334695,3.9468874828964795
2018-06-21,274.20001220703125,275.5,268.95001220703125,274.25,242.51966857910156,2367482,5.614040099155339,0.011552320136829053,272.99000244140626,282.05200134277345,48.59272170254256,0.28363829413356445,14.299446997059594,283.58636418567653,263.6486333729172,0.07269910961808333,274.1903012759049,274.3020716216124,0.009683449175104775,0.015204846002051546,0.04306419962149946,13542666,74.18477404545462,58.06159134848488,281.55583597819015,265.9508310953776,273.7533335367839,1230194.1927052431,2.3883273629785777
2018-06-22,273.8500061035156,274.45001220703125,267.1499938964844,272.75,241.19317626953125,1890787,5.60855562471318,-0.005484474442159382,272.74000244140626,281.6150012207031,46.80093877711076,0.3696032932562714,14.780904913474277,282.8796028958537,263.68039466274007,0.07039123091883999,274.05312972581874,274.08217250197026,0.011619305885524733,0.014067054695465174,0.048688187833134715,11651879,66.03259742822976,65.7608692647528,281.0566691080729,265.83666483561194,273.4466669718425,649283.5223187798,2.6764503430052704
2018-06-25,272.0,272.95001220703125,267.79998779296875,268.25,237.21383666992188,980663,5.591919381510808,-0.016636243202372114,272.0450012207031,281.0550012207031,41.819047516525785,0.1408488471516729,15.227972978716483,279.80697078647813,264.8730279928187,0.05567173455231841,273.5004507043122,272.2337006408951,-0.005469462169553352,0.012792930431996311,0.06161195884494529,10671216,38.57142857142857,59.59626668170432,279.53667093912765,265.4916636149089,272.51416727701826,-73897.4808696172,1.9198599866029824
2018-06-26,267.79998779296875,270.70001220703125,264.3500061035156,265.79998779296875,235.0472869873047,2041181,5.582744100353518,-0.009175281157289383,271.0950012207031,280.3700012207031,39.362299795307564,-0.14266955524050262,16.11567101374702,278.74044791005497,264.5195496485388,0.05350225325289623,272.7670732841842,271.29197331789976,-0.016498625114573784,0.011875997904318956,0.08725973726262255,8630035,24.571358816964285,43.058461605540884,278.4166707356771,264.9566640218099,271.6866673787435,-777757.6074254224,2.3890167024618663
2018-06-27,264.8500061035156,266.3999938964844,257.8500061035156,259.75,229.69725036621094,1539547,5.5597196299793366,-0.02302447037418176,269.56000061035155,279.6340014648438,34.04373388614566,-0.6750673002538408,17.69080615465173,279.2958515384333,262.3241466305121,0.06533861369748299,271.5273520190238,270.53747318732,-0.009133316708410999,0.012479626095843353,0.089233097446486,7090488,8.983425270870638,24.042070886421172,277.71667022705077,264.1016647338867,270.90916748046874,-1997255.171607742,3.291621864473051
2018-06-28,255.8000030517578,260.8999938964844,246.35000610351562,254.64999389648438,225.1873321533203,3890653,5.53989002936236,-0.01982960061697625,267.51499938964844,278.9380010986328,30.324079506658933,-1.2733843990690823,20.111048377677662,281.10639758365613,259.04860119564074,0.08662005465031317,269.91998457878196,268.9622526370102,-0.02276142991278496,0.01204986025439795,0.12583145481796973,3199835,25.421100595864004,19.65862822789965,277.0508371988932,263.0358317057292,270.04333445231117,-4546555.010901119,5.713720063501491
2018-06-29,254.5,258.8500061035156,250.75,254.0,224.6125030517578,2401324,5.537334267018537,-0.0025557623438237087,266.0449981689453,278.1590008544922,29.876044686435094,-1.594762017147703,22.358416156201738,282.4608961887953,256.49410259050154,0.1022314708594242,268.4037955712789,268.24860892837364,-0.019634287212764723,0.011839450819322701,0.13072796141137827,798511,23.43030727888772,19.278277715207466,276.4025034586588,262.44749857584634,269.4250010172526,-4120025.14412688,3.188978780911663
2018-07-02,255.0,258.3500061035156,251.3000030517578,252.39999389648438,223.19764709472656,1810125,5.531015106485142,-0.006319160533394985,264.14499816894534,277.44800048828125,28.74999149520505,-1.7827049625457008,24.44525766483124,283.71760136930084,253.87239802034765,0.11824565796619418,266.87962398320326,267.69691163084,-0.002552499163807509,0.011858323477541281,0.1240608014670453,-1011614,18.5298282509639,22.460412041905215,275.80333658854164,261.75333201090496,268.77833429972327,-3945194.5589839285,2.793186696608716
2018-07-03,252.64999389648438,255.60000610351562,250.5,251.64999389648438,222.53440856933594,1929833,5.528039208968383,-0.002975897516758863,262.4599975585937,276.6990002441406,28.213191710837492,-1.818852811436983,26.446997026169452,284.6113322464254,251.23866775357462,0.1326153995719091,265.42918302256334,267.0776832051031,-0.0062992366280142376,0.011402394456909482,0.008947167336804389,-2941447,16.87894529674463,19.613026942198758,274.8666702270508,261.2816650390625,268.0741676330566,-3588363.15770051,2.026626754306023
2018-07-04,251.89999389648438,254.14999389648438,246.64999389648438,253.3000030517578,223.99354553222656,2113615,5.534574569055627,0.00653536008724398,260.679997253418,275.99100006103515,31.254286854174268,-1.6006549937232872,28.60264840618577,284.56019838841127,249.27980252711603,0.13928304554377066,264.27402302534375,265.9497195908619,-0.002971473922885992,0.010722053040073514,0.008980636331031803,-827832,22.133752545156792,19.180842030955116,273.8416699727376,260.29166539510095,267.06666768391926,-2577527.8350685425,2.9609158743150488
2018-07-05,254.8000030517578,256.3999938964844,251.0,252.0500030517578,222.88815307617188,1262640,5.529627492636387,-0.004947076419239416,258.4599975585937,275.3370001220703,30.21017518589595,-1.4159001226647696,30.020703567774714,283.9836861736748,247.46631382632523,0.144881459651682,263.10983064690697,264.6654905188803,0.00655676215097456,0.010270919996126612,-0.06258054846093444,-2090472,19.554024499914675,19.522240780605376,272.780002339681,259.159999593099,265.97000096639,-2434781.001487322,2.1424296096419804
2018-07-06,251.75,262.95001220703125,251.10000610351562,261.5,231.2447967529297,3592025,5.566434283504978,0.03680679086859051,257.3349975585937,274.8479998779297,45.13310448880726,-0.575715867426382,29.846996267882247,282.8395784120491,247.23542158795098,0.1361535633808723,262.95651344243964,263.54675392948195,-0.0049348597905251035,0.013919426873617026,-0.004634129417751617,1501553,51.97254569000625,31.22010757835925,272.35417022705076,257.9541656494141,265.15416793823243,2762277.039869387,4.531551091210564
2018-07-09,263.0,266.75,261.20001220703125,262.1000061035156,231.77537536621094,3349316,5.568726133616333,0.0022918501113551315,256.7199981689453,274.2329998779297,45.92374177187287,0.06776141343942754,28.94998277196132,281.59494685948926,247.17005253015918,0.13134259262754103,262.8749413149231,263.0344975414093,0.03749254843810368,0.013951802022293344,-0.04473751296767751,4850869,54.03088609874297,41.85248542955464,271.7658355712891,257.2908340454102,264.5283348083496,2654753.1831169804,2.1175076931424406
2018-07-10,260.0,267.75,260.0,266.70001220703125,235.84317016601562,1943253,5.586124476958614,0.017398343342280853,256.81000061035155,273.68,51.673382690323855,0.8093306445598962,28.274906807849113,280.46808764957404,247.4369141814807,0.12385141340920616,263.23923378083816,262.7445861632964,0.002294478407325551,0.014639681914271228,-0.020696368540500047,6794122,69.81135631033504,58.60492936636143,271.48250223795577,256.56750132242837,264.0250017801921,3552499.251339562,2.9058866311501728
2018-07-11,266.6499938964844,268.75,261.6000061035156,264.79998779296875,234.16294860839844,1736695,5.578974777963792,-0.007149698994822096,257.31499938964845,273.17199951171875,49.339832136738096,1.1568463346376037,27.448159445043302,279.1535419258821,247.7214580741179,0.118701228477167,263.3878770200887,262.39479450362586,0.01755057610223343,0.014692054999187007,-0.0034627287022110853,5057427,65.65828356579904,63.16684199162569,271.0491683959961,255.89416809082036,263.4716682434082,2573604.658322443,2.700148876923109
2018-07-12,268.5,272.0,265.04998779296875,265.75,235.00306701660156,2340177,5.582556017222057,0.0035812392582652564,258.425,272.75999938964844,50.5424769183985,1.4184055447095236,26.04898916025793,277.80194053888835,248.13805885076007,0.11162326129116941,263.6128411134136,262.32775398563496,-0.0071242007015266395,0.014737075327990012,-0.05329492818700597,7397604,72.93229114680673,69.46731034098029,270.8550028483073,255.36000010172523,263.1075014750163,2523546.3809354897,2.61524448053857
2018-07-13,266.25,270.0,258.25,269.0,237.87705993652344,2456357,5.594711379601839,0.012155362379782098,259.925,272.4109991455078,54.52014614812383,1.7559245469754918,25.70937969404979,277.8406761586801,248.12932201026518,0.1104511306632524,264.12590386451706,262.1577203355144,0.003587659557499734,0.014118171550027786,0.02510874077814547,9853961,88.30409078416513,75.63155516559031,270.6416697184245,255.02666575113935,262.83416773478194,3303491.2193732774,4.368029739776952
2018-07-16,268.0,270.0,263.5,268.25,237.21383666992188,1688534,5.591919381510808,-0.002791998091031367,261.51000061035154,271.89799926757814,53.45177772624676,1.8640876090802858,25.394028046856526,277.3868103660826,248.26818841321423,0.10855031482895948,264.51867492503925,262.10748836672025,0.012229539040451654,0.013935088455817006,0.04000399725226011,8165427,85.3801134802064,82.20549847039277,270.4625035603841,254.8124989827474,262.6375012715658,2650649.545177095,2.423112767940354
2018-07-17,268.0,279.3500061035156,266.8500061035156,277.25,245.17254638671875,2864129,5.624919626230477,0.03300024471966889,264.07000122070315,271.6609991455078,62.857654530628054,2.440798314303447,23.693587200707892,278.9613098874931,247.5686888918038,0.1132285698672292,265.7311820750355,262.65097540668717,-0.0027881040892193676,0.015638526737467042,0.10557280453648232,11029556,93.63634514086175,89.10684980174443,270.96500295003256,254.73499959309896,262.85000127156576,5954436.895866081,4.508566275924256
2018-07-18,276.95001220703125,276.95001220703125,269.5,272.0,243.1610870361328,2547022,5.605802066295998,-0.019117559934478834,265.9400009155273,271.3689990234375,55.77729786951069,2.3659886943371564,22.114606414998445,279.1007762802256,247.51922188871973,0.11610865585112454,266.3282123536036,262.9403694202745,0.033550792171481936,0.016171774249517528,0.04536279312727784,8482534,77.52292550540636,85.51312804215819,271.0300028483073,255.12499949137367,263.0775011698405,3193536.5535994982,2.7389750761144303
2018-07-19,274.95001220703125,284.0,270.25,279.75,250.08941650390625,2616046,5.633896347192034,0.028094280896036494,268.7100006103516,271.2919989013672,62.493589537890415,2.7109774632888803,21.64384001017999,280.29320504621705,246.87679312272823,0.11945098095974557,267.60647784373657,263.291915359793,-0.018935978358881833,0.017201341466190925,0.03477729977955904,11098580,88.6211531312174,86.59347459249518,271.6450032552083,255.01999867757158,263.33250096638994,5633653.688799569,4.915102770330653
2018-07-20,277.1499938964844,289.79998779296875,274.3500061035156,280.29998779296875,250.58106994628906,5049006,5.635860414620862,0.0019640674288279314,270.5899993896484,271.2979986572266,62.923931777979895,2.8353360237082113,21.879348689575092,281.7858776276946,246.13911932054756,0.12717359921355387,268.81538355318725,264.87903779845686,0.028492647058823595,0.01713135043996576,-0.012574938301718781,16147586,77.98377440610946,81.37595101424442,272.5541676839192,255.1141667683919,263.83416722615556,5225544.828489056,5.5119451881191575
2018-07-23,280.0,280.20001220703125,269.5,275.8999938964844,246.6475830078125,3385991,5.620038459101038,-0.015821955519824016,271.9699981689453,271.0899987792969,57.263256727320986,2.4925301908182314,21.28386868240137,282.8358566106398,245.85413972725084,0.1340402961272417,269.490108347787,265.47739926955416,0.0019659974726318197,0.017087919349228018,0.01717456954129827,12761595,67.78679985487351,78.13057579740013,273.1083338419597,255.1133341471354,264.11083399454753,2350704.1767690443,3.8782212554327984
2018-07-24,276.04998779296875,280.45001220703125,270.5,274.3500061035156,245.26199340820312,2616286,5.614404685752171,-0.005633773348867166,272.73499755859376,270.8159991455078,55.37346071814267,2.0510849658006935,20.762040056644285,283.76664174932165,245.77835641962363,0.1384665007638621,269.95295575309444,265.9109710815039,-0.015697445908325336,0.016990105784379587,0.027099785759677805,10145309,60.18044703546804,68.65034043215034,273.6958343505859,255.34083404541016,264.51833419799806,1435573.385385604,3.626758514915793
2018-07-25,274.0,282.95001220703125,270.79998779296875,276.8500061035156,247.49688720703125,3236167,5.6234758653152666,0.009071179563095555,273.93999938964845,270.47199951171876,57.79293205373766,1.8247416908176741,20.593742246244805,285.1718461230017,246.08315265629517,0.14119087088656626,270.6098176912298,266.7154875305156,-0.005617933407966236,0.01604124542774931,0.04216745440425636,13381476,66.53749918186041,64.83491535740066,274.65250295003256,255.9374989827474,265.29500096639,2386265.401759089,4.388666839877022
2018-07-26,277.0,290.0,277.0,286.8500061035156,256.4366149902344,7421999,5.658959452325606,0.03548358701033916,276.05,270.43999938964845,65.78394571166577,2.2195589625999554,21.225325963017156,288.1561738166106,246.31882618338946,0.1458509560502616,272.1565023019237,269.9529262563223,0.009112447400700052,0.01667545494548245,0.09766937821965371,20803475,90.07875938115157,72.26556853282669,276.10750376383464,257.54749857584636,266.8275011698405,12648226.058650648,4.531985261770811
2018-07-27,286.29998779296875,293.70001220703125,283.45001220703125,290.3999938964844,259.61016845703125,2773138,5.671259261933025,0.012299809607418943,278.18999938964845,270.5289990234375,68.09339697387034,2.566327122929278,22.169561721369046,291.3419171684771,246.77308222117136,0.1534739527687204,273.89397769188184,271.5455981066269,0.03612064215111821,0.01660163857333839,0.12279648620073719,23576613,90.69106579914705,82.43577478738636,277.9475036621094,259.17249908447263,268.560001373291,12247708.914303096,3.52961439925295
2018-07-30,289.8999938964844,293.0,286.04998779296875,289.45001220703125,258.7609558105469,2175750,5.667982612698208,-0.003276649234816631,280.31000061035155,270.7979992675781,66.79415397062172,2.5717741528473974,23.04635206841009,293.50523543983917,248.31476578086398,0.1561252988535111,275.37550478856275,272.78546414638487,0.01237576335169277,0.01648885618448133,0.14299726585218003,21400863,88.01128762613784,89.59370426881215,279.7166707356771,260.951665242513,270.3341679890951,10202761.546427278,2.401109661056156
2018-07-31,291.3999938964844,296.1000061035156,287.1499938964844,292.79998779296875,261.7557373046875,4015896,5.679489740396475,0.011507127698267006,281.86499938964846,271.1689990234375,69.03767450611318,2.6315538027243184,24.16263849168342,295.66675476584635,250.26824584450523,0.15504955879110632,277.03497936041094,274.74912238468175,-0.0032712868781662463,0.016346078390290505,0.17367548919784778,25416759,91.28132687344439,89.99456009957642,281.880837504069,262.73083140055337,272.30583445231116,10667103.262032535,3.0566982855749196
2018-08-01,294.95001220703125,299.5,287.54998779296875,291.6000061035156,260.6829833984375,11145442,5.675383021065627,-0.004106719330848385,283.825,271.5029992675781,67.28401584589041,2.4258888509552707,25.509376514759946,297.0784283625624,252.68657255296498,0.1522354419767697,278.4221247645162,278.4364651239669,0.011573589375223126,0.016558470912080965,0.07408127945456991,14271317,80.84849964488636,86.71370471482287,284.17917149861654,264.58416417439776,274.3816678365072,7232613.321619056,4.098083661489737
2018-08-02,292.8999938964844,294.3999938964844,285.0,286.25,255.90020751953125,3627740,5.65686555486845,-0.01851746619717698,284.475,271.7759991455078,59.969978927070706,1.7942557077180332,26.207259031607,296.65595562204294,256.52904498830867,0.14018134719208478,279.1676366917051,279.40863895795144,-0.00409829829057784,0.017329192010084135,0.04480266203736511,10643577,63.19444444444444,78.4414236542584,286.14917144775393,266.15416412353517,276.1516677856445,3426749.8268209384,3.2838406625272922
2018-08-03,288.3500061035156,290.6499938964844,285.0,286.6499938964844,256.2578430175781,2113372,5.65826193806182,0.0013963831933700988,285.11000061035156,271.9189990234375,60.31729928166395,1.2916073027895862,26.85529279725069,297.1085290117779,258.59147098822217,0.1343696453643221,279.88024213977934,280.74005049338797,-0.018347071301556883,0.01574092238637159,-0.006219156920320718,12756949,60.64315924757565,68.22870111230216,287.2850036621094,267.9099975585938,277.5975006103516,3057976.4088466587,1.9710427408991025
2018-08-06,287.29998779296875,288.04998779296875,273.1000061035156,275.8999938964844,246.6475830078125,5083429,5.620038459101038,-0.0382234789607816,285.11000061035156,271.6959991455078,48.21057812986952,0.18164329659374445,25.268528200953966,296.4323046150664,260.6476941642304,0.12970138181395582,279.50117087851316,281.43861808928267,0.0013973585903384045,0.01836083088959766,-0.019001184991199026,7673520,21.33331298828125,48.39030556010045,288.5383361816406,268.22333068847655,278.3808334350586,-5185571.899560006,5.4186234215946545
2018-08-07,275.0,278.0,272.5,276.79998779296875,247.45213317871094,3620771,5.623295179642967,0.003256720541928715,285.35499877929686,271.6319989013672,49.13113887124588,-0.5077268233367169,23.704300719200102,296.12372645841594,261.9662698794747,0.12340122140644448,279.24391534655655,281.60084615146997,-0.0375021811578411,0.018028736039942143,-0.009955246375966386,11294291,24.333292643229168,35.4365882930287,288.97333577473955,268.88333028157547,278.9283330281575,-3979251.370970345,1.986994307280714
2018-08-08,277.0,277.79998779296875,271.5,272.54998779296875,243.6527557373047,2127601,5.607822038722062,-0.015473140920905237,284.9249969482422,271.55999877929685,45.058102100087,-1.2248422898126528,22.094240948937877,295.52396493925676,263.34103139863385,0.11808084748501012,278.60639843669105,281.7718335348911,0.003262029417884005,0.01833953433602327,-0.02685861493085276,9166690,10.1666259765625,18.61107720269098,289.37583516438804,269.3708302815755,279.3733327229818,-4702544.639403153,2.3114981013150047
2018-08-09,273.0,276.0,270.1000061035156,271.29998779296875,242.53529357910156,2781246,5.603225174670299,-0.00459686405176285,283.3699951171875,271.59999877929687,43.90522380941717,-1.7275109694652064,20.658215385750044,295.0205387949267,264.39945632226073,0.11286798323055285,277.9105498039556,281.87115254840546,-0.015354046919896391,0.018383998693039603,-0.023713167239727738,6385444,5.999959309895833,13.499959309895837,289.56666768391926,269.6666646321614,279.61666615804035,-4527403.619488417,2.1747121864917696
2018-08-10,271.0,272.04998779296875,263.1000061035156,264.0,236.00930786132812,2584615,5.575949103146316,-0.027276071523982814,280.72999572753906,271.55999877929685,37.81936825007147,-2.4515765749872735,20.330913372507293,295.60257071365913,263.3174244035283,0.12229222087170763,276.5857355369122,281.8652899554696,-0.004586314643130751,0.01921182164890095,-0.07951534020974654,3800829,2.4725111192155973,6.2130321352246485,289.4583333333333,269.83833211263016,279.64833272298176,-6576011.380922061,3.3901445793383047
2018-08-13,262.0,265.6000061035156,260.04998779296875,261.54998779296875,233.8190460205078,2026369,5.566625423144735,-0.00932368000158057,277.9399932861328,271.4699987792969,36.015021817705225,-2.961351018585369,20.405715398673983,296.4210845792389,261.8289093172455,0.13225837077604827,275.15375956129856,281.66524855976894,-0.026907438707809428,0.019302478453753394,-0.10232325757624049,1774460,3.8022801922800222,4.091583540463822,289.16833394368484,269.64333089192706,279.405832417806,-6345813.867354583,2.1219723072363594
2018-08-14,262.1000061035156,267.5,262.0,266.95001220703125,238.6465301513672,3368667,5.587061420673976,0.020435997529240524,275.35499572753906,271.4279992675781,42.52388602523022,-2.8023681786711054,20.122653133371642,296.69415299456375,260.52584212262377,0.13548720441297413,274.3724502894636,281.20853267721793,-0.009280349269057742,0.018271849910307336,-0.09095572730372059,5143127,17.49055077055894,7.921780694018191,288.3683339436849,269.54333089192704,278.95583241780594,-2840571.308754403,2.0603108254344313
2018-08-16,265.5,267.3999938964844,261.6499938964844,263.45001220703125,235.5176239013672,2679639,5.57386364299058,-0.013197777683395806,272.5399963378906,271.22899963378904,39.70468560923521,-2.794146974693527,19.907567747772248,297.249020467118,259.1159758707726,0.1447448959174033,273.33221809113667,280.8822457379736,0.020646242271427306,0.01802799886099156,-0.09300086184656436,2463488,8.618563655238887,9.970464872692622,287.8508331298828,269.1958312988281,278.5233322143555,-3774594.9075037744,2.182577238023198
2018-08-17,266.25,269.0,264.29998779296875,266.70001220703125,238.42306518554688,1804401,5.586124476958614,0.01226083396803368,270.5849975585937,271.04399963378904,43.45353882489206,-2.443713555557754,19.390805659387393,297.2202840770722,257.8397134815215,0.1476586756395824,272.70057943550756,280.63630431533613,-0.013111068889128163,0.016945570499793238,-0.10706885423909836,4267889,16.856837405178936,14.321983943658926,286.8316670735677,269.0816640218099,277.95666554768883,-2397609.456431807,1.7622842114393196
2018-08-20,264.6000061035156,266.5,261.20001220703125,261.8500061035156,234.0872802734375,4447592,5.567771844034702,-0.01835263292391165,268.10499877929686,270.7759997558594,39.50604025241686,-2.4085121975376893,19.3680765087091,297.39069442277,255.8243049668785,0.15874122011461533,271.6671914991274,279.5149372323161,0.012336306127957108,0.017277583371137908,-0.13802530392759652,-179703,4.562782645289155,10.01272790190233,285.40916798909507,268.6741643269857,277.04166615804036,-5136643.583505444,2.024054867072845
2018-08-21,258.0,264.79998779296875,257.54998779296875,262.6000061035156,234.75775146484375,6870652,5.570631985111329,0.0028601410766269098,266.775,270.52399963378906,40.40759356953054,-2.2098687083388655,19.83845542949405,297.6061599405641,254.27884066978746,0.16499359582534526,270.80365003287864,278.10181143537767,-0.01818524889961648,0.017071444781321315,-0.1051276838430445,6690949,12.0381807891356,11.152600279867903,284.55916697184244,268.1691645304362,276.3641657511393,-3666696.071576095,2.760852944208267
2018-08-23,263.0,263.0,255.6999969482422,259.25,231.76292419433594,3566372,5.557792847109637,-0.01283913800169234,265.02000122070314,270.2029998779297,37.70461308898086,-2.1758121510317596,20.509808087089784,298.04039374862367,252.3346062513763,0.17630004820539005,269.70330241069973,277.3384116459691,0.002864235182425512,0.017217852931293184,-0.09746293348018456,3124577,9.17313522403019,8.591366219484987,283.63749949137366,267.5124979654948,275.57499872843425,-4849649.199551972,2.815816027679002
2018-08-24,259.0,264.29998779296875,257.1000061035156,260.70001220703125,233.05918884277344,3052623,5.56337036776351,0.005577520653873513,263.8350036621094,269.915,39.58831262983674,-1.9354157241906105,20.83344454907436,298.066941957883,250.69305865246858,0.18171799419707393,268.84584620082654,276.700995874049,-0.01275706788138864,0.01710856748250311,-0.09752195372724602,6177200,14.306196553303387,11.839170855489732,282.58166402180984,266.95166676839193,274.76666539510086,-3524507.797692497,2.761788013932029
2018-08-27,264.0,266.0,261.45001220703125,263.75,235.78578186035156,2527938,5.575001684790276,0.01163131702676612,263.0800048828125,269.6879998779297,43.46102131666752,-1.4717735345347744,20.7433771248208,296.61803901622045,249.83196098377962,0.17738797358271405,268.36052751503354,275.43663008530785,0.005593103980834124,0.014910156976854183,-0.15657022758775116,8705138,24.884096846877654,16.12114287473708,281.1149968465169,266.33000081380203,273.72249883015945,-1919552.3921104493,1.7251138551540284
2018-08-28,264.1000061035156,265.0,252.5,253.85000610351562,226.93545532226562,6296138,5.536743565437191,-0.03825811935308554,262.06500549316405,269.39099975585935,35.50486603387151,-1.7155932237580358,21.801129375751636,294.84866802194654,247.94633319875666,0.18476396964932085,266.978573094889,273.4151060895582,0.011699223821081572,0.016136920204440696,-0.22733329464594973,2409000,5.294141582414215,14.828144994198423,279.62416330973304,264.6141672770183,272.11916529337566,-10549863.16058372,4.9241676972435116
2018-08-29,255.0,256.79998779296875,249.39999389648438,250.5,223.94064331054688,3213653,5.523458920524919,-0.01328464491227166,260.9600067138672,268.9729998779297,33.28442264178406,-1.9681397788792658,23.100951512696973,293.0497603763184,245.8502396236816,0.1884212405294881,265.40918518109004,272.075768483106,-0.037535521882405165,0.016182427431120677,-0.2530023379754009,-804653,3.873261760284372,11.350500063192085,277.78332875569663,262.72833455403645,270.25583165486654,-10580705.161154803,2.9540893798340817
2018-08-30,252.0,252.0,248.6999969482422,250.5500030517578,223.9853515625,4947003,5.523658513585969,0.0001995930610494412,259.3200057983398,268.61399993896487,33.35142318185163,-1.991450826826977,24.378651421058112,289.73159973243753,244.94340179344138,0.17875951863286926,263.99402497829647,269.6718708603391,-0.013196793472400214,0.0156847933244395,-0.25581697315987206,4142350,6.776578376230274,5.314660572976292,275.4208285013834,260.9308352152507,268.17583185831705,-9033837.959981969,1.3171035767563364
2018-08-31,251.39999389648438,254.85000610351562,250.64999389648438,251.39999389648438,224.74522399902344,2067525,5.527045271878042,0.0033867582920734662,258.11500396728513,268.2199996948242,34.55460855827535,-1.8142672249616334,24.885608576415333,285.7823834518047,244.87261685337108,0.16272779471617052,262.79459344669533,265.39007851276926,0.000199612981069075,0.015862329254673155,-0.25669836322292044,6209875,11.563160629041375,7.404333588518679,273.0041618347168,259.289168548584,266.1466651916504,-7492235.77694979,1.6706492875893357
2018-09-03,252.0,254.5,248.8000030517578,250.3000030517578,223.7618408203125,1674997,5.522660210630129,-0.004385061247913491,256.4750030517578,267.7409997558594,33.70656974792337,-1.6410139119260014,25.576812890193015,282.58500389554257,244.47499671480907,0.15225731808262502,261.60463245670127,263.77782599926184,0.0033924998378507265,0.01565505537421709,-0.2362326098930633,4534878,7.88180228070004,8.740513761990568,270.9516621907552,257.6066685994466,264.2791653951009,-6685128.003806172,2.2772660322595057
2018-09-04,250.0,251.0,239.75,241.14999389648438,215.58197021484375,4263761,5.485419121204942,-0.037241089425186225,254.40500183105468,267.10899963378904,27.631728363328932,-1.9892994123635894,27.11505013763741,279.57593855808926,242.93406205226225,0.1519464127440776,259.6565716414425,261.8292287811354,-0.004375460904662898,0.016890045461138363,-0.2625430907002802,271117,4.786303919604701,8.077088943115376,269.05832926432294,255.1533350626628,262.1058321634929,-11303460.029819265,4.665146292655166
2018-09-05,240.0,245.5,237.1999969482422,244.35000610351562,218.44268798828125,3165366,5.498601648694742,0.013182527489799867,252.5800018310547,266.63099975585936,32.231765588645985,-1.8535341085577635,28.75116491013149,278.11559624838213,241.23940558267256,0.15091544810556487,258.1988034949733,259.60778286029836,-0.036556168772324704,0.016093197742104003,-0.18855071211173932,3436483,22.484303361971552,11.717469854092101,266.89249725341796,253.65250091552736,260.27249908447266,-8241650.048456274,3.396768096761015
2018-09-06,246.0,247.0,242.5,245.9499969482422,219.87306213378906,1624909,5.505128250833307,0.006526602138564819,251.2500015258789,266.23399993896487,34.474480968330525,-1.5193772260773777,29.909667650849507,275.7275879316393,240.5424148149427,0.1430582376632473,257.0322504905227,258.3480065182052,0.013269800074740434,0.016208330172386504,-0.21237099146977864,5061392,27.51572062983285,18.26210930380304,265.31166407267256,252.17166773478192,258.74166590372727,-6692865.823889121,1.8296401934686675
2018-09-07,246.1999969482422,250.5,245.0,247.75,221.48220825195312,2248742,5.5124201732100975,0.007291922376790438,249.9550003051758,265.99399993896486,37.00043793821525,-1.0621621216907187,30.177768302277695,273.72830207234813,240.06170189493707,0.135889405357865,256.1482266342824,257.4735232927153,0.006547946817111017,0.01629499299776609,-0.19022583773145435,7310134,36.00683260381053,28.668952198538317,263.96166508992513,250.90166753133138,257.43166631062826,-5158493.211531253,2.219979818365288
2018-09-10,247.0,250.8000030517578,235.6999969482422,241.25,215.67138671875,1994669,5.485833740219095,-0.026586432991002162,247.7050003051758,265.72600006103517,32.176718616361924,-1.0790504012451834,31.291302269717544,272.17888005886414,238.6061251291242,0.1391616784652433,254.7293479072079,256.3652591812802,0.00731857318191631,0.01699588872836943,-0.17514035733640523,5315465,18.31683991013934,27.279797714594242,262.9274991353353,248.94750035603843,255.93749974568686,-6273758.252741074,6.259069887467616
2018-09-11,238.1999969482422,242.85000610351562,229.0,230.75,206.28463745117188,4318217,5.441334873382962,-0.044498866836133466,245.3949996948242,265.26100006103513,26.228250771757644,-1.6450234665610646,32.805682381424134,273.15574911486726,234.30425607312102,0.16837050072262724,252.44560048747383,254.5271597328378,-0.026236125126135268,0.01843185611391382,-0.18811724614209124,997248,4.72972972972973,19.684467414559872,261.56333389282224,247.09333267211915,254.3283332824707,-11854832.573778063,6.002169492314464
2018-09-12,231.9499969482422,233.0,225.5500030517578,230.60000610351562,206.15054321289062,4642573,5.440684634302936,-0.0006502390800262603,243.40500030517578,264.82500030517576,26.153868699025153,-1.8612204434829387,34.43023266588764,273.6894681501887,230.6755388688543,0.18653047763591815,250.36506768900162,252.62040662636116,-0.04352331606217619,0.01846542789682349,-0.14341258625761424,-3645325,12.48455731212921,11.843708983999433,260.02416661580406,245.36416753133136,252.6941670735677,-10260764.722378792,3.230701106268795
2018-09-14,234.0,242.4499969482422,232.3000030517578,241.60000610351562,215.9842529296875,5074936,5.487283491323556,0.046598857020620166,242.51000061035157,264.6240005493164,39.667042054842504,-1.1310424817777767,34.16633334270187,271.769386139447,230.06062026924442,0.17263561596241067,249.53029991895534,251.00930513723463,-0.0006500277204090077,0.021302119864869924,-0.11823289977065633,1429611,39.678626112863746,18.964304384907567,258.92166620890305,243.7966677347819,251.35916697184248,-820041.7620389657,4.201156307974397
2018-09-17,240.4499969482422,245.0,236.5,243.5500030517578,217.72750854492188,2939173,5.495322272782865,0.008038781459308808,241.7250015258789,264.4290005493164,41.703602243087246,-0.42094435588856527,33.50756666035577,270.1775578623922,229.6624476307719,0.16635232898358962,248.9607478363651,250.12343402971274,0.04770164661254239,0.021391462251708085,-0.07626277308184748,4368784,45.62737995548069,32.596854460157886,257.93499959309895,242.53500111897787,250.23500035603843,115875.4011602914,3.4900430685659365
2018-09-18,243.35000610351562,244.64999389648438,238.0,238.85000610351562,213.52584838867188,2947278,5.475835765389731,-0.0194865073931334,240.5800018310547,264.16500061035157,38.343996353006695,-0.1840840567582962,32.8958547410344,267.78386587034504,229.27113901246747,0.1612423105452485,247.9978200522842,249.31360894813628,0.008071179217630897,0.02131261623318388,-0.1061035640672392,1421506,42.56003054688991,42.62201220507812,256.72416534423826,241.12916870117186,248.9266670227051,-1879563.5998085127,2.784171541365723
2018-09-19,241.0,241.8000030517578,236.3000030517578,239.85000610351562,214.41983032226562,2286893,5.480013753395292,0.0041779880055612395,240.45000305175782,263.73200073242185,39.46146103809219,0.10792338623253794,32.50539725614203,266.01592626594845,228.8390786168641,0.15500040318130903,247.22183777144912,248.1009771981658,-0.019297872672345506,0.021186512119218393,-0.05170715488096399,3708399,48.80546608304842,45.66429219513969,255.54083251953125,239.92583465576172,247.73333358764648,-1284355.5141215825,2.2930997957224495
2018-09-21,242.60000610351562,243.64999389648438,216.5,231.1999969482422,206.6869354248047,5453773,5.443283123598578,-0.03673062979671471,239.13500213623047,263.1140005493164,33.761392957938654,-0.19689854140002883,33.664202199723164,264.358726482634,227.35627748465114,0.16004519674049317,245.69594816923893,245.32884116318235,0.004186727965025172,0.022267442558738547,-0.08570396212972552,-1745374,38.33114630689617,43.23221431227817,254.97583236694337,237.3708351135254,246.17333374023437,-7840188.495073225,11.743077099850627
2018-09-24,231.3000030517578,233.1999969482422,223.3000030517578,226.10000610351562,202.12765502929688,2291403,5.420977406278685,-0.022305717319892615,237.1500030517578,262.30200042724607,30.925073554181836,-0.6328196401988384,34.74023536161993,263.5263059984191,224.8736985792176,0.1709535885704715,243.82966797250336,243.97630740998846,-0.036064244049008765,0.022509394118590542,-0.10072399286208496,-4036777,25.263173956620065,37.46659544885489,253.51666539510092,235.6516690572103,244.5841672261556,-8389609.32743119,4.378590725005044
2018-09-25,225.6999969482422,235.10000610351562,222.14999389648438,231.10000610351562,206.59751892089844,2889656,5.442850543691047,0.021873137412361743,235.48500366210936,261.62800079345703,36.552794672653576,-0.4820593110906133,35.40338460087928,261.2838465750307,224.15615739225453,0.16065637473910627,242.61731922307595,242.58511399232617,-0.02205878422164631,0.023269770059978906,-0.08445156705199273,-1147121,42.31885827105978,35.304392844858675,252.24166692097984,233.80166753133136,243.0216672261556,-5127053.709226736,5.60363992428049
2018-09-26,235.0,235.0,226.5500030517578,228.3000030517578,204.09439086914062,2397083,5.430660566903064,-0.01218997678798317,234.19000396728515,260.8790008544922,34.840908847906945,-0.46816079630305296,36.01916603733439,257.8349061315879,224.06009814087304,0.14794046228312047,241.25376530199804,241.33021984055074,0.022114108204450256,0.022936836090201692,-0.10607398929343283,-3544204,34.40233819790603,33.99479014186196,250.74750061035155,231.9175003051758,241.33250045776367,-5353451.710096741,3.701268872224453
2018-09-27,233.0,236.3000030517578,220.14999389648438,222.0500030517578,198.50704956054688,6857884,5.402902595481673,-0.027757971421390693,233.32000427246095,259.9400009155273,31.315425103808877,-0.7598769106500072,37.03067802911057,257.05496463696835,221.6600393303168,0.15940069723125072,239.42483556387992,238.30815329647325,-0.012115979999168025,0.022328024715760873,-0.1097665087660737,-10402088,16.180765475102152,30.96732064802266,249.38250096638998,230.1874997456868,239.78500035603844,-10711783.60865435,7.273140704037289
2018-09-28,216.0500030517578,221.9499969482422,205.5500030517578,212.25,189.74610900878906,7769507,5.357764825191457,-0.04513777029021604,231.48500366210936,258.8200009155273,26.745484210257032,-1.452675101169211,38.726882510259486,257.95601950388254,216.93398446340265,0.1932722498962539,236.83675598636756,234.97590063755584,-0.027376258941981146,0.023841675094886237,-0.09115877844121775,-18171595,14.806623090037984,21.79657558768206,247.88333460489906,227.78833338419594,237.8358339945475,-20058841.994654253,7.726734462419023
2018-10-01,211.0,215.39999389648438,202.8000030517578,213.10000610351562,190.5059814453125,4267809,5.361761567746127,0.003996742554670085,228.63500366210937,257.53700103759763,27.730599903951614,-1.6775764965125788,40.4178116575672,257.7279613118597,213.41704296060126,0.20793485256745572,234.57611314038166,232.43110872380709,-0.04413421714510635,0.023925413425895374,-0.06238281023420663,-13903786,21.45833969116211,17.48190941876742,246.34916737874352,225.32416737874345,235.8366673787435,-16675055.467040945,5.912712568673499
2018-10-03,210.0,214.4499969482422,205.25,206.0,184.1587677001953,3624093,5.327876168789581,-0.03388539895654574,224.8800033569336,256.21700103759764,24.738060704941702,-2.1009472127314837,41.98796015149579,257.69630194579366,208.90870293701886,0.23683300489696507,231.8545785555834,230.67720232767047,0.004004740181463573,0.02442538127563973,-0.08447712466365118,-17527879,7.582931705343361,14.615964828847824,244.4125,222.88750152587892,233.65000076293944,-17968773.603136275,4.466017936039897
2018-10-04,200.8000030517578,205.4499969482422,198.5,203.3000030517578,181.7450408935547,2991297,5.314682735645406,-0.013193433144174982,221.32500305175782,254.6880010986328,23.691043062372188,-2.340934073012612,43.728877793085374,257.31942191990504,204.58558296290747,0.25938926790656347,229.1350951742667,229.07135689892593,-0.03331771891206192,0.024404644256640615,-0.056857754861932085,-20519176,10.322587208081318,13.121286201528934,242.0358332316081,220.38583475748698,231.21083399454756,-16555590.627157666,3.418591659574545
2018-10-05,201.25,204.1999969482422,194.0,198.0,177.00698852539062,2951857,5.288267030694535,-0.02641570495087109,217.14000244140624,253.04200134277343,21.745440669944216,-2.6139898305156226,45.51439262721196,258.34108438337216,199.2489211097919,0.29844526905848623,226.16984801481274,226.967018060164,-0.013106781302146486,0.023913155418525622,-0.022607062854408198,-23471033,7.8431372549019605,8.582885389442218,239.7216664632161,218.1766682942708,228.94916737874345,-16425484.981614096,5.151513610223327
2018-10-08,195.89999389648438,207.4499969482422,193.89999389648438,205.25,183.48831176757812,3261159,5.324228748332538,0.03596171763800271,214.54500274658204,251.62900146484375,30.190990969507155,-2.086588810887486,46.54745360122108,257.1742181110982,196.50578677171433,0.29558310031368507,224.17748153721152,225.18949793559722,-0.026069862135754573,0.025595686680696075,-0.023758591698511092,-20209874,22.211359584817657,13.459028015933649,237.97666625976564,215.90666809082032,226.94166717529296,-10701358.162812084,6.601706724364343
2018-10-09,206.1999969482422,208.0,199.64999389648438,201.39999389648438,180.0464630126953,3482398,5.305292949979021,-0.018935798353516553,212.07500152587892,250.1700012207031,28.435923811821084,-1.7887449236306967,47.39975007884879,255.5433613379806,193.6816432396561,0.30715849043232946,222.0081969999994,223.72145605563406,0.03661616161616155,0.025444479013220465,-0.06185178559244357,-23692272,14.77832512315271,14.944273987624115,236.0624997456868,213.60750096638995,224.8350003560384,-11087914.647391872,4.145981309119286
2018-10-10,201.60000610351562,215.64999389648438,201.60000610351562,214.35000610351562,191.62347412109375,3138955,5.367610221518516,0.06231727153949507,210.4000015258789,248.9200012207031,40.88429873707308,-0.5741816362373768,46.79902273951183,252.26071282449715,193.62429236349112,0.2735545546599558,221.27884548604857,222.45881859409218,-0.018757642404460984,0.030190269783239233,-0.027277483072830785,-20553317,41.10555217493719,26.031745627635857,234.6291659037272,211.31916834513345,222.97416712443032,-3696854.6167184943,6.554694375041733
2018-10-11,208.0,211.64999389648438,204.9499969482422,206.0,184.1587677001953,1980808,5.327876168789581,-0.039734052728935154,208.1700012207031,247.30300109863282,36.478217522634964,-0.20671453489888414,46.24120449584179,250.1197436552975,192.2402615326908,0.2809683598184791,219.82371734452013,221.5363722734703,0.06429996325465281,0.03075031178901022,-0.03828688588255025,-22534125,24.321620308574122,26.735165868888014,232.45666529337564,209.98666865030927,221.22166697184244,-5531555.227171935,3.252425703030188
2018-10-12,209.0,219.0,209.0,217.0500030517578,194.0371856689453,3747478,5.380127755805763,0.05225158701618149,207.6700012207031,245.83600128173828,44.9354509944789,0.8490802619078259,44.52672368869293,249.1433207199823,191.84668477318175,0.26397896863027265,219.55955407854276,220.48142618144738,-0.03895500753791992,0.032378763277419995,0.03493145114997943,-18786647,54.599066407027394,40.00874629684624,231.3049982706706,209.22000223795573,220.26250025431318,1174330.2819090933,4.607233291591061
2018-10-15,219.6999969482422,219.6999969482422,212.89999389648438,216.60000610351562,193.63490295410156,1811281,5.378052362745632,-0.0020753930601307147,208.1050018310547,244.37900115966798,44.67459661206953,1.5451206556725054,42.82809564121054,248.10362517696925,191.48638031619484,0.26139078146524325,219.27769236663542,219.7848544614364,0.05364079151338741,0.03237590051443418,0.015633022210543752,-20597928,53.53775307901784,44.152813264873124,230.6066650390625,208.5866683959961,219.5966667175293,890130.1098636432,3.1394288366307865
2018-10-16,218.8000030517578,222.8000030517578,216.9499969482422,220.3000030517578,196.94261169433594,2053978,5.394990267661034,0.016937904915401703,208.82500152587892,242.92900146484374,47.37943321512638,2.2405076444291705,40.77619250725404,245.2215214894565,192.23848369853175,0.2405040265863128,219.37505528902804,218.3973115902432,-0.0020732409210557634,0.030542390130562994,-0.040471612711660894,-18543950,62.264159091555236,56.8003261925335,229.45333226521808,207.86333440144858,218.6583333333333,1848641.85584835,2.6554725476518537
2018-10-17,222.3000030517578,223.9499969482422,208.0,209.3000030517578,187.10888671875,2346918,5.343768644032736,-0.05122162362829741,209.15500183105468,241.28300140380858,40.9669520570337,1.9558057230688846,39.76724943162687,241.19700718191478,192.83799800607352,0.23105116326196404,218.4155265045261,217.23980957588435,0.017082164561315505,0.03203658606869551,-0.0977236760549016,-20890868,36.32076846699945,50.707560212524186,228.42916539510088,206.09416783650718,217.26166661580402,-2103463.837844271,7.620638660142738
2018-10-19,209.5,211.89999389648438,204.5,206.3000030517578,184.42697143554688,2104200,5.329331434870022,-0.014437209162714737,209.4550018310547,239.68400146484376,39.40072852115449,1.5778112391696766,39.13404699460675,237.78854553062283,192.99145935218965,0.21714534908268618,217.26166712807196,215.92670163699276,-0.049931910338719465,0.03195595408210816,-0.08249793277649707,-22995068,41.26458534435351,46.6165043009694,226.8199986775716,204.41000111897785,215.6149998982747,-2704769.0038665184,3.5870061982635155
2018-10-22,208.64999389648438,209.5500030517578,205.64999389648438,206.3000030517578,184.42697143554688,1467975,5.329331434870022,0.0,210.28500213623047,238.07700164794923,39.40072852115449,1.3490147203811844,38.546073303088065,233.3925929243424,194.03241165329433,0.19079098734270572,216.21769912080396,214.93476931526254,-0.014333492385368629,0.03189372621117242,-0.1080846615319774,-21527093,41.26458534435351,39.6166463852355,225.13249893188475,202.88250045776368,214.00749969482422,-2318373.4318855875,1.890455209685566
2018-10-23,204.10000610351562,208.0,192.0500030517578,196.25,175.44252014160156,6821891,5.279389356662517,-0.04994207820750418,209.38500213623047,236.48400177001952,34.30514772970449,0.581284093713391,39.02228315748937,231.32775658177428,192.60224830103823,0.19732743072986522,214.31601349025118,212.0792122653101,0.0,0.032617200883942564,-0.15984840672473485,-28348984,13.166137153101648,31.89843594726956,222.9883326212565,201.85833384195965,212.42333323160807,-11781466.565724669,8.12738697999602
2018-10-24,201.10000610351562,206.60000610351562,200.0,205.0500030517578,183.30950927734375,3257357,5.323253866721061,0.04386451005854397,209.7500030517578,235.04900207519532,41.44596002322952,0.7176442056240475,39.46447802229058,229.3540043757349,192.47100020190183,0.17987321933627679,213.43353630563277,211.18199611266095,-0.0487154769902568,0.03444209945618122,-0.11828678323230447,-25091627,40.75235889444073,31.727693797298638,221.6408332824707,200.8408332824707,211.2408332824707,-6003435.407669051,3.2187300684163755
2018-10-25,201.5,208.85000610351562,199.1999969482422,207.0500030517578,185.0974578857422,3043270,5.3329603247308075,0.009706458009746122,209.02000274658204,233.7390023803711,42.96336678479759,0.9779266899113921,39.478662005417505,225.70317851778222,193.7168257546787,0.1544861255332011,212.8255807576447,210.15139398737782,0.04484077988156843,0.03405159548463379,-0.10644449910674501,-22048357,47.02195257050853,33.64681620601697,220.25499979654947,199.78500010172527,210.01999994913734,-4276296.06371633,4.660714326510371
2018-10-26,202.89999389648438,213.4499969482422,200.39999389648438,207.5500030517578,185.54444885253906,3171759,5.3353722892027715,0.002411964471964012,209.1750030517578,232.4640026855469,43.35855516376871,1.2042814900393815,38.71753469247899,222.2110234060201,195.13398086644082,0.130460333131515,212.32314478565547,209.3384224868816,0.009753718460053795,0.034045275690178525,-0.08092158868943763,-18876598,48.589350989525485,45.454554151491585,219.34416656494142,198.41416625976564,208.87916641235353,-3438842.4117568545,6.287642910081511
2018-10-29,208.0,216.0,204.9499969482422,214.9499969482422,192.15982055664062,1684170,5.370405428744767,0.03503313954199516,208.96500244140626,231.48300262451173,48.99153945784431,1.835101872081319,37.60328382038553,220.76247428501483,195.87252937709457,0.1157941161260566,212.57332118209231,207.63046799979202,0.00241487559831155,0.03469858583460213,0.01433646216574725,-17192428,71.78682845769488,55.79937733924297,218.3791661580404,197.95916646321615,208.16916631062827,-1167172.3928427198,5.140731895157246
2018-10-30,215.1999969482422,219.6999969482422,213.60000610351562,215.0500030517578,192.24925231933594,2383136,5.370870573420667,0.0004651446759007527,208.81000213623048,230.5530029296875,49.0652616304219,2.2163140630444413,35.9994649497631,221.13706606828404,195.7779378990011,0.11792200794891203,212.80919564586998,207.23717182239992,0.03565402933113426,0.03318435660566851,0.018503192660805037,-14809292,72.10032727477976,64.15883557400004,218.00749944051108,198.61750005086265,208.31249974568686,-966386.6016497867,2.8365453420888485
2018-10-31,216.0500030517578,219.89999389648438,209.60000610351562,218.8000030517578,195.60165405273438,1582761,5.388158084495531,0.017287511074863815,208.66000213623047,229.59000274658203,51.87408453128312,2.6489755579384955,34.93487990472695,222.06651558414785,195.4184880779615,0.1217917145087181,213.37974873214503,207.24397469301272,0.0004652528724609084,0.033379999319760614,-0.006368152899123893,-13226531,83.85581541740689,75.91432371662718,218.1758326212565,199.01583353678387,208.59583307902017,19576.305728754145,4.707489784875485
2018-11-01,220.0,223.39999389648438,216.8000030517578,218.39999389648438,195.24404907226562,1269156,5.38632821592425,-0.0018298685712814233,209.57000122070312,228.6890023803711,51.54754063202993,2.820322209055539,33.410594543269795,223.26001610030508,195.46498695145274,0.12726662053858123,213.85786731922497,207.4420168025844,0.017437804914131716,0.03236113568490365,0.036974156605811555,-14495687,82.6018679822711,79.51933689148592,218.59416554768882,199.6941670735677,209.14416631062826,-55745.16929967,3.021973914456599
2018-11-02,222.0,229.5,219.10000610351562,220.6999969482422,197.30018615722656,4362130,5.396804299435061,0.010476083510811307,211.01000061035157,227.76900207519532,53.36532855822028,2.984779890539466,31.15015754618948,224.6710017110965,195.79400073030973,0.13084277924824303,214.5094987124647,208.9321911208636,-0.0018281953825147745,0.032156717482530496,-0.03832986318779441,-10133557,76.50199260651512,80.98655866873104,219.8008321126302,200.5558339436849,210.1783330281575,1385491.6137666123,4.712276411550357
2018-11-05,220.5,222.0500030517578,213.85000610351562,215.1999969482422,192.38331604003906,1515633,5.371567814106599,-0.025236485328462344,211.9,226.83600189208985,48.66366880849337,2.631717666238747,29.66887714018318,224.5282847445004,197.65671739173007,0.12486787980407467,214.57526044920542,209.71007191682247,0.010531149798694406,0.03210000207331421,-0.04631281173172035,-11649190,61.81574307864124,73.6398678891425,220.6158322652181,201.5708340962728,211.09333318074545,-3290.259628617903,3.8104075578655197
2018-11-06,216.75,219.89999389648438,211.89999389648438,212.75,190.19308471679688,2272040,5.360117767453484,-0.011450046653115109,213.55,225.83900177001954,46.69030893034165,2.1614379487212014,28.511067521388107,224.6462824910797,198.2887196451508,0.12388983711364934,214.40142612070966,210.38617455355785,-0.02492070718646111,0.03137122938355232,-0.12177874992330792,-13921230,55.27369461965682,64.53047676827107,220.97083206176757,202.48083419799804,211.7258331298828,-798033.2320079838,3.7602820211515864
2018-11-07,214.85000610351562,221.1999969482422,213.1999969482422,220.25,196.8979034423828,1142635,5.394763264816289,0.03464549736280542,215.06999969482422,225.05900177001953,52.976617759356124,2.272400623158877,27.24276427562526,225.2662282638212,199.55377448276082,0.11674212840436045,214.95843315683254,211.06273116312474,-0.011384744344728914,0.0317885577803167,-0.07077867471354236,-12778595,75.30039852130302,64.1299454065337,221.71333185831708,203.2583346048991,212.48583323160807,540223.3011360138,3.6322360953461974
2018-11-09,220.8000030517578,224.3000030517578,218.6999969482422,221.0500030517578,197.6130828857422,2660337,5.398388934077987,0.00362566926169805,216.46999969482422,224.26600158691406,53.605074077024874,2.309100508084672,25.608687451506714,226.12449569545257,199.3655067459537,0.12105400850518595,215.53858267063492,211.6355404931219,0.03525264394829608,0.02855873287272718,-0.1303599143070178,-10118258,77.43658841969862,69.33689385355282,221.8316660563151,204.22166697184247,213.02666651407876,767088.2179314725,2.5333662185946273
2018-11-12,221.10000610351562,222.1999969482422,213.8000030517578,214.60000610351562,191.8469696044922,2200263,5.368775858637957,-0.029613075440030556,217.175,223.2830017089844,48.0314292334531,1.8293890768232615,24.70213533708034,226.20805457110362,200.1419484806542,0.12146367823436138,215.44919442614736,212.02132002635057,0.003632249951227351,0.027898180675705143,-0.13807331689343433,-12318521,60.21363121316958,70.98353938472374,222.38333282470703,204.60333404541015,213.4933334350586,-1369880.046820195,3.914256131210224
2018-11-13,214.89999389648438,224.5,212.0,222.60000610351562,198.99876403808594,10096359,5.405376466260652,0.036600607622695236,217.94000091552735,222.6580017089844,54.36881699196195,1.9691438026934405,23.511545115489554,227.02878472035562,199.876218636578,0.12197917942172418,216.13022410970626,213.17948451303326,-0.0291789045880807,0.026523010433089068,-0.03994243702044274,-2222162,77.22774520947092,71.62598828077971,222.74249954223632,204.71250076293944,213.72750015258788,10364513.102725547,5.6154535746899885
2018-11-14,226.0,230.5,221.0,223.35000610351562,199.6692352294922,7305882,5.408740075125262,0.0033636088646105122,218.77000122070314,222.11500183105468,54.92379126203237,2.0226756014148712,22.094248433485244,227.98403557236426,199.59596778456935,0.12710126264620716,216.81782239483096,214.4571126897859,0.03727865690805743,0.026511269550016533,-0.09782629601787439,5083720,77.1565712480567,71.53264922356574,223.30499954223632,205.00500106811523,214.15500030517578,9666641.445193326,4.253413808100391
2018-11-15,223.75,231.1999969482422,219.14999389648438,230.0,205.6141815185547,3354365,5.438079308923196,0.02933923379793324,219.89000091552734,221.70400177001954,59.61394636336194,2.391272054640305,20.521071572595055,229.91490191922935,198.63510113252846,0.13599913385522125,218.07326788103754,214.9244203702553,0.003369272144813973,0.027041136818167284,-0.05855461133647715,8438085,96.10390639823751,83.49607428525503,223.95333251953124,205.03333435058593,214.4933334350586,11472336.492534395,5.239131761633831
2018-11-16,229.0,231.39999389648438,224.10000610351562,226.25,202.2617645263672,2715552,5.421640582580036,-0.016438726343159793,220.6750015258789,221.20100189208983,56.07093668155211,2.2688689874286476,19.0890025629276,231.41555069120596,198.82945205537607,0.14402695529648574,218.85200427331966,215.4868568061984,0.02977386932956838,0.02453871626213571,-0.04504834460908386,5722533,80.52932139628608,84.5965996808601,224.1958320617676,206.1408348083496,215.1683334350586,8378671.279315196,3.226513941643647
2018-11-19,226.60000610351562,229.89999389648438,222.89999389648438,229.14999389648438,204.854248046875,2500442,5.434376784319673,0.012736201739636854,221.52000122070314,220.77800170898436,58.14272744320513,2.2643493676011768,17.873750343561845,233.11816231720292,199.41183951385176,0.1470928374476744,219.83276518981154,216.2004421251085,-0.016304347826086918,0.024209010787522783,0.0022152266201500206,8222975,89.6788933032077,88.77070703257709,225.16333211263023,207.1483342488607,216.15583318074545,8217613.459200623,3.0547677008283762
2018-11-20,229.0,229.8000030517578,224.64999389648438,225.3000030517578,201.41249084472656,2820381,5.4174328609835065,-0.016943923336166122,222.53000183105468,220.46100189208985,54.46992140310257,1.8980245675233671,16.745301854150785,233.85486466095148,200.57513717010323,0.1477129473593613,220.3534545099969,216.84351006545057,0.01281765258114631,0.024698094121516523,-0.014906769569260648,5402594,72.01837495205378,80.74219655051586,226.19666544596353,208.05666758219405,217.12666651407875,5492462.818080429,2.2858451333843677
2018-11-21,227.9499969482422,231.75,224.8000030517578,225.4499969482422,201.5465545654297,6062909,5.418098391330798,0.00066553034729111,223.8000015258789,220.08300170898437,54.59027250283662,1.5750743407089791,15.733482808084663,232.60394352621697,204.74605799966193,0.12356569484873636,220.83883950411553,219.70154611262006,-0.01680118240136519,0.02131298268046663,-0.04106849532664545,11465503,68.26195912029456,76.65307579185202,227.17499872843428,209.9350008646647,218.55499979654945,4837739.46477468,3.0827221301039702
2018-11-22,227.9499969482422,227.9499969482422,216.6999969482422,218.75,195.55694580078125,3826219,5.387929525237724,-0.030168866093073454,223.6500015258789,219.53900177001952,48.431863310192405,0.8554997147404597,15.666940660538943,231.8103644520236,206.90963676867952,0.11383189798100155,220.63990240848548,220.5656419014391,0.0006657518617516622,0.020894280963883675,-0.10376112422892636,7639284,34.508836258253965,58.26305677686744,228.2699981689453,210.56500091552735,219.41749954223633,484397.30933454446,5.142857142857142
2018-11-26,219.9499969482422,225.0,218.60000610351562,224.1999969482422,200.42909240722656,3812986,5.412538497026294,0.024608971788570244,223.96500091552736,219.06800170898438,53.069675663469496,0.6984842591803946,15.605151523532202,231.46242101699775,208.9725795933538,0.10031151529781625,220.97895903131945,221.39013568341508,-0.02971832796156726,0.021403971839593566,-0.08830323929286124,11452270,61.96473183743437,54.91184240532764,228.98583068847657,211.6058349609375,220.29583282470702,3383877.9885282074,2.8545914289025833
2018-11-27,223.25,231.0,222.14999389648438,230.10000610351562,205.7035675048828,4816417,5.438514023566811,0.025975526540516825,225.51500091552734,218.84500183105467,57.52339310760359,0.929427743513001,14.505779247429242,231.77586342669366,210.91413748883366,0.0906637348304758,221.8476301810524,222.49933020285388,0.02491427176339278,0.021958886040649207,-0.03451517556962693,16268687,91.68769073480463,62.72041961016433,229.80666427612306,212.8466682434082,221.32666625976563,6960024.618111981,3.84615639668182
2018-11-28,230.10000610351562,237.35000610351562,230.10000610351562,236.3000030517578,211.24620056152344,8415614,5.465102197107623,0.026588173540811333,226.88500061035157,218.95600189208983,61.64284098026804,1.408456102581634,14.359921302695472,234.27824478555814,210.54675674032077,0.1004294868334782,223.2240466449291,224.08932957806869,0.026315830667185347,0.021406732514898278,0.030001939666889597,24684301,95.85797712446234,83.17013323223378,230.7474978129069,214.16750208536783,222.4574999491374,13419561.26089373,3.068133688687258
2018-11-29,238.14999389648438,241.0,234.5,236.0,210.97802734375,8069235,5.4638318050256105,-0.0012703920820120729,228.15,219.06400177001953,61.3328839715281,1.5998428256189605,14.67856097164491,236.2071418617456,210.7128593589575,0.10802662077452589,224.4408041073168,225.63044360266747,0.02694479262835392,0.0214294204253606,-0.010410722701703587,16615066,82.75862068965517,90.10142951630739,231.81999816894532,215.20000152587892,223.5099998474121,11156653.205715919,2.754237288135593
2018-11-30,236.9499969482422,240.3000030517578,234.35000610351562,239.0500030517578,213.70465087890625,2180338,5.476672747838303,0.012840942812692546,229.05500030517578,219.01300170898438,63.3505336162656,1.811051733349947,14.947250672492784,238.7082129163229,210.23678830438024,0.11910238129458708,225.83215638773976,226.14440884498347,-0.00126958547559608,0.021313614491342177,-0.010094350113431263,18795404,93.27587259226831,90.6308234687953,232.69249877929687,216.50750122070312,224.6,10512850.969737006,2.4890177252806502
2018-12-03,242.35000610351562,242.35000610351562,233.5,234.9499969482422,210.03933715820312,2285274,5.4593727125598575,-0.01730003527844559,229.925,218.84100158691408,58.90118039360809,1.563188248675048,15.459078167831832,239.945716764295,210.65428476158388,0.12467091884731468,226.70052215540665,226.54538119905027,0.012923741744736539,0.02182796614189923,-0.02067933796694185,16510130,75.61776715947266,83.88408681379872,233.67499974568682,217.2650006612142,225.47000020345052,7672495.495745212,3.7667615315888763
2018-12-04,234.5500030517578,236.85000610351562,230.39999389648438,232.64999389648438,207.9832000732422,1822163,5.449535152055903,-0.009837560503954457,230.275,218.71700134277344,56.50371576626933,1.1518896630006688,15.338421302779365,240.7178057932862,211.0771954274169,0.12740430321720803,227.26713851169976,226.8876308884954,-0.017151248906815186,0.02197473823103328,0.009574533516204667,14687967,62.183201774659,77.02561384213332,233.9875005086263,217.97249959309892,225.98000005086266,5977713.216238729,2.772410219748868
2018-12-05,232.8000030517578,235.35000610351562,226.10000610351562,228.10000610351562,203.91563415527344,2123955,5.429784156048411,-0.01975099600749175,230.55500030517578,218.48200134277343,51.994967162276005,0.5134999144287988,14.473820219042294,240.5446520643934,212.54035007183705,0.12277203526179445,227.34645923472985,227.1513803834243,-0.009789329992051399,0.02164805541292912,0.007155076259361619,12564012,44.444464273922826,60.748477736018174,234.68083419799805,218.56083297729492,226.62083358764647,3743187.1392310625,4.0552388217833695
2018-12-06,226.0,226.9499969482422,222.4499969482422,225.14999389648438,201.27838134765625,1153486,5.416766819638917,-0.01301733640949454,230.525,218.36100128173828,49.25091968097056,-0.1328243961666149,13.784491887875108,239.6870299811601,214.63797154471882,0.11125498163663242,227.13727205965887,227.4700937041944,-0.019557222919993844,0.021705408090825065,0.03270704263706547,11410526,32.94344612935522,46.52370405931236,235.00583419799804,219.23583297729493,227.12083358764647,2722332.1506781043,1.9986676091445659
2018-12-07,226.89999389648438,228.14999389648438,222.5500030517578,226.39999389648438,202.39585876464844,2388836,5.4223033193700365,0.005536499731119804,231.28999938964844,218.36700103759765,50.4443427737406,-0.48190284743378964,12.943063589947956,239.5962264936557,215.34377442187161,0.10712214101415969,227.06705509173747,227.54880281399826,-0.012932977326149175,0.02036129388661239,0.032505971483118505,13799362,37.816738736905855,38.40154971339464,235.26000035603838,219.73000005086266,227.49500020345053,2760005.4148669466,2.4734942560497664
2018-12-10,223.60000610351562,226.25,220.75,225.0,201.144287109375,1835010,5.41610040220442,-0.006202917165616384,231.36999969482423,218.24500091552736,49.05300464167328,-0.7943921489795023,12.453134086736382,239.49400613861116,215.84099447174043,0.10512449629720322,226.87019270204817,227.67387303177935,0.005551854469846074,0.020427273254764358,0.05074600261557591,11964352,32.35867481182321,34.372953226028095,235.3875,219.86750030517578,227.62750015258788,1998718.5270305555,2.4444444444444446
2018-12-11,221.0500030517578,234.9499969482422,221.0500030517578,233.6999969482422,208.92185974121094,1980032,5.454038228486371,0.03793782628195075,231.72999877929686,218.35300079345703,56.99171544730191,-0.4211984740915953,12.478570285555246,239.07929026958436,218.16570942523987,0.08948900777682188,227.52065024930474,228.02812843622618,-0.006183718790754411,0.020767805875920184,0.09368235238798793,13944384,66.27677946268855,45.48406433713921,236.3141665140788,220.24416681925453,228.27916666666664,4174083.3599436013,5.947793786049052
2018-12-12,233.39999389648438,240.0,232.5,237.85000610351562,212.6318817138672,1755281,5.471640248539487,0.01760202005311573,231.88499908447267,218.6690008544922,60.17925392458035,0.07279498260329609,13.12608802953339,240.192133097977,218.5778665968472,0.09087351669742222,228.50439842589626,229.42444254266312,0.03866665310329864,0.019569125305892738,0.01650735421288433,15699665,82.45614661281773,60.36386696244316,236.9183331807454,221.34833348592124,229.13333333333335,4618418.911391303,3.153247764364528
2018-12-13,239.6999969482422,239.6999969482422,233.0,234.4499969482422,209.59234619140625,1430472,5.457242332518927,-0.01439791602055962,231.72999877929686,219.11300079345702,56.4855954112326,0.13461700411872757,13.727354506084524,240.58934868227877,219.29065009701813,0.09084537795904768,229.07064590421493,230.06241103396965,0.017757848564253775,0.019969828398395558,0.062063661141652876,14269193,66.73680355674342,71.82324321074991,237.3166661580404,222.02666676839195,229.67166646321613,3263842.2245693593,2.857750921498752
2018-12-14,235.0,237.35000610351562,230.5,235.10000610351562,210.17344665527344,2118894,5.460010981507383,0.0027686489884564125,231.33499908447266,219.55300079345704,57.028612367324925,0.18047741770708736,13.813493949758291,241.07952786910306,219.31047152054538,0.09259487785369375,229.6448706851007,230.3745693206492,-0.014294761690246571,0.018922464490502455,0.0326988821497285,16388087,66.43519466959786,71.87604827971968,237.43333333333334,222.66333363850907,230.04833348592123,2994336.2637814446,2.913656284849068
2018-12-17,235.0,236.60000610351562,231.6999969482422,234.8000030517578,209.90525817871094,1484694,5.458734100951206,-0.0012768805561771401,231.31999969482422,220.12900085449218,56.67706923934204,0.15289042182063683,13.89348057602679,241.52527631581046,219.71972337901377,0.09286862288494098,230.13583567240138,230.6037578045276,0.00277248523665774,0.018481247687169758,0.057350017454699025,14903393,65.04629204466303,66.0727634236681,237.66916783650717,223.13916600545244,230.40416692097983,2502943.5502517363,2.0868863252072916
2018-12-18,234.6999969482422,242.3000030517578,233.1999969482422,235.5500030517578,210.57571411132812,4136850,5.461923218101931,0.003189117150724563,231.61000061035156,220.7740008544922,57.3843233351956,0.14737444206456907,14.731733319730472,242.02777596068609,219.85722464966545,0.09412248365010234,230.6514706609115,231.14233430851033,-0.0012760656910647539,0.018309748387923094,-0.005557175499761348,19040243,68.51851328573912,66.66666666666667,238.25916849772133,223.51916605631513,230.8891672770182,2588614.1145014884,3.8633012038280743
2018-12-19,237.10000610351562,240.1999969482422,236.8000030517578,239.64999389648438,214.2410125732422,2910445,5.4791795001371835,0.017256282035252646,232.76499938964844,221.60700073242188,61.1209491005274,0.36943399776273056,15.510110867455321,243.04510625287813,220.2748934419461,0.09501445187087097,231.50847287382322,231.69005684663006,0.0031942077949405068,0.018103133319946636,0.05755707310345517,21950688,87.4999470181085,73.68825078283689,238.78666763305665,224.2216667175293,231.50416717529296,3923497.5058698757,1.418733145452524
2018-12-20,241.35000610351562,244.85000610351562,238.1999969482422,239.5500030517578,214.15164184570312,6293860,5.478762176068675,-0.0004173240685085844,234.2050003051758,222.29300079345703,60.98051798096874,0.4536177270595463,16.797644730546534,243.87022283856706,220.85977746660873,0.09605696129749841,232.27433289076936,232.98818530591862,0.017406031804744426,0.018112877734398354,0.0757110785061869,15656828,78.00829166186531,78.00891732190432,239.4483350118001,224.91333287556967,232.18083394368492,3273093.8081755047,2.776042191841099
2018-12-21,243.0,243.0,232.10000610351562,233.39999389648438,208.65367126464844,3965309,5.452753693702003,-0.02600848236667197,234.90500030517578,222.93300079345704,52.925951804217235,0.05983858807924891,16.747712872033837,242.76003173203156,223.43496796279265,0.08279804744900636,232.38153870083747,233.88020878573082,-0.0004172370009312143,0.017744879115185175,0.06650471296650574,11691519,52.489587936822296,72.66594220559871,240.18250147501627,225.68249994913737,232.93250071207686,-678303.4006335898,4.6700917658629635
2018-12-24,230.25,233.5,225.3000030517578,229.0500030517578,204.76486206054688,4165981,5.433940333656295,-0.01881336004570766,235.31000061035155,223.22700073242189,48.08776227719286,-0.4981392847413275,15.577534219543391,242.3162260478774,224.3637742572984,0.07837787186810181,232.06424959140134,234.24543155033973,-0.02567317502369082,0.017637069644838115,0.016929701424333303,7525538,34.439837965630375,54.979239188106,240.6066683451335,225.92666651407876,233.26666742960612,-3170257.0875866213,3.5800029858062286
2018-12-26,227.0,235.25,225.60000610351562,233.35000610351562,208.60897827148438,2417738,5.4525394985518805,0.01859916489558522,235.2750015258789,223.7740008544922,52.69157640294985,-0.5766258580630739,14.748559546675057,242.3550429544879,224.64995735068786,0.07587351678039367,232.1867025925551,234.63322535794194,-0.018637493395376126,0.017145953702705607,-0.020101904324316758,9943276,52.282169761266495,46.40386522123973,240.82916793823242,226.06916732788085,233.44916763305665,-1232180.249595557,4.135416174878339
2018-12-27,234.4499969482422,235.3000030517578,230.10000610351562,231.0500030517578,206.5528564453125,1916532,5.442634150524489,-0.009905348027391625,234.59500122070312,224.0540008544922,50.13065784811337,-0.7703449020214346,13.986429137921329,242.05644121297132,224.42355909220447,0.07631630334502479,232.07844549343153,234.55633351537895,0.018773206699264522,0.016142388791843227,-0.14989666059726625,8026744,42.73859105062751,43.15353292584147,240.60500106811523,226.05000076293945,233.32750091552734,-1685872.9923378353,2.250593758735995
2018-12-28,232.5,236.5,231.8000030517578,234.5,209.63702392578125,1568629,5.457455587886334,0.014821437361844936,234.6000015258789,224.4120007324219,53.76092584133112,-0.6574270149530093,13.470249869798222,241.91149276750315,224.4185075376726,0.07459695193957586,232.30906973215235,234.12540739121022,-0.009856451646020115,0.016529992785990228,-0.07771749927318608,9595373,57.05392745935528,50.6915627570831,240.37000096638994,225.99500096639,233.18250096639,-671924.6701575455,2.0042630909348347
2018-12-31,235.10000610351562,237.5,233.8000030517578,235.9499969482422,210.93331909179688,1888044,5.463619905238479,0.00616431735214551,234.68500061035155,224.72500061035157,55.235845926785174,-0.4843713007740189,13.153919372708106,241.4379071968116,224.5820924980126,0.07143807974914484,232.6558247051133,234.02140981249528,0.014931819531157187,0.016315888083958747,-0.09747477703087917,11483417,62.605008344248496,54.132508951410436,240.15000076293944,226.00000076293946,233.07500076293945,-184841.42611404293,1.568127567746405
2019-01-01,236.5,236.5,232.60000610351562,234.39999389648438,209.5476531982422,1125991,5.457029031663968,-0.006590873574511491,234.6449996948242,225.22700042724608,53.27939572019543,-0.4730432394040611,12.621422525211916,241.38846758659838,224.57653180305005,0.07172327739467782,232.82193605667243,233.89526749756823,0.006183355856043349,0.015915056098087826,-0.06990160123513725,10357426,46.5472604819279,55.40206542851056,239.78083343505858,226.1258346557617,232.95333404541014,-407762.5775622984,1.6638199650323748
2019-01-02,233.0,235.25,229.25,230.85000610351562,206.37403869628906,1983510,5.441768175392312,-0.015260856271655854,234.175,225.71800048828126,48.99872738648964,-0.6902329659508935,11.949920807634593,241.3491716597454,224.43582895060618,0.0732655068744295,232.63413320399084,233.83144895541645,-0.006569201406253167,0.016132059868675813,-0.0773736435514921,8373916,28.388757981594235,45.847008935923554,239.68249969482423,226.07250213623047,232.87750091552735,-1355430.2503721765,2.5990902496704007
2019-01-03,230.0,232.5500030517578,227.35000610351562,227.85000610351562,203.692138671875,1183802,5.42868754449732,-0.013080630894991785,232.99500122070313,226.1490005493164,45.66009803280078,-1.002595653859438,11.665215063166626,241.36565966785136,224.39434094250018,0.07448460948313892,232.17850205156464,233.8950268826005,-0.015144999511119805,0.015781983850510172,-0.07367165817834727,7190114,13.043491834792999,29.326503432771716,239.4499994913737,226.24500223795576,232.8475008646647,-1669141.07174758,2.282201803356438
2019-01-04,228.0,234.25,226.14999389648438,233.39999389648438,208.65367126464844,1540427,5.452753693702003,0.024066149204682752,232.38000030517577,226.8920004272461,52.15503716032107,-0.8103109769716248,11.05305461683859,241.0015384209645,225.5834621893871,0.06605859740688554,232.29483460822365,234.02778771690043,-0.012995451248351997,0.0163581439734297,-0.05256686995647634,8730541,41.432171766327485,27.62147386090491,239.95083312988282,226.38583526611328,233.16833419799804,-209356.4835037156,3.4704397237936826
2019-01-07,234.85000610351562,234.89999389648438,229.4499969482422,230.14999389648438,205.7482452392578,929054,5.438731243743521,-0.014022449958481786,232.05500030517578,227.3940002441406,48.499356687240756,-0.8715507889170029,10.350364632721966,240.67460829016332,226.28539232018827,0.06252103563577308,232.09056406424847,234.40404895534562,0.024358076121566263,0.016707025079643233,-0.08822902459057543,7801487,24.80813344062615,26.427932347248884,240.23333333333335,226.6833348592122,233.4583340962728,-610794.9144317562,2.368019592776291
2019-01-08,230.0,232.35000610351562,228.0500030517578,228.8000030517578,204.54139709472656,1285634,5.432848272843745,-0.005882970899776296,232.03000030517578,227.82900024414062,47.024900077052656,-0.9652439606750685,9.984150565683596,240.12107615480494,227.21892476072242,0.05639052107514121,231.77717730115413,234.68804143515646,-0.013924593337570568,0.016700024546895745,-0.12916857597689527,6515853,17.90281050460144,28.047705237185028,240.46000035603842,227.0300015767415,233.74500096639,-771480.5166085325,1.8793719381136067
2019-01-09,230.3000030517578,230.3000030517578,223.0,223.39999389648438,199.71392822265625,1830077,5.408963859314081,-0.02388441352966364,231.03499908447264,228.14600006103515,41.57956824320495,-1.3306294395161906,10.565809086273921,241.00674558989746,225.3032550204541,0.07029315576758617,230.9793503102332,234.53101660253463,-0.005865700110918803,0.015022275519852094,-0.2004230283871959,4685776,1.8306351704863677,14.847193038571325,239.9133341471354,227.1433344523112,233.52833429972333,-2073045.0935009345,3.2676827444947807
2019-01-10,223.0,228.1999969482422,222.0,227.25,203.15574645996094,1371920,5.426050733057588,0.017086873743506814,230.65499877929688,228.3920001220703,46.34959766153992,-1.2538051445656406,11.270925498117448,240.56801533132972,224.68198466867028,0.06990552546824834,230.624174090211,234.1817390811219,-0.023601438300907218,0.014986141020210314,-0.19766248341864703,6057696,25.0,14.911148558362607,239.3000005086263,226.66000111897785,232.9800008138021,-1022338.5982100646,2.728271484375
2019-01-11,227.0,227.4499969482422,224.6999969482422,225.9499969482422,201.99356079101562,870820,5.420313722350947,-0.005737010706640788,229.79999847412108,228.61,45.01311598186709,-1.2296434643027692,11.925676451972153,240.60321384529243,223.79678615470755,0.07438118131258346,230.17901436240444,233.97520796625568,0.01723368938541503,0.014741684875146011,-0.1838471787825342,5186876,25.483851278981856,17.438162149822745,238.61833394368486,226.3733342488607,232.4958340962728,-1038014.3209703037,1.2170834419749674
2019-01-14,225.5,225.5,222.0,223.39999389648438,199.71392822265625,1067341,5.408963859314081,-0.011349863036866026,228.5449981689453,228.70199981689453,42.42872602452754,-1.3167257594720476,12.995008911103936,240.7282378084304,222.50176097086646,0.08158673829691085,229.53339336565014,233.707508215459,-0.005720585486282959,0.014849885448491425,-0.20965064464190566,4119535,9.032218686995968,19.83868998865928,237.91666666666666,226.00666758219404,231.96166712443033,-1278544.1047268654,1.56669655130867
2019-01-15,224.0,225.5,222.60000610351562,223.1999969482422,199.53514099121094,2219716,5.408068216834406,-0.0008956424796755513,227.42499847412108,228.7979998779297,42.22396592047486,-1.315995641643154,13.987960480297733,240.72205831902838,221.3479398499169,0.08680160723122289,228.93021275446844,233.19164459896905,-0.011285696331927553,0.014851706411030542,-0.24414734748512312,1899819,7.741915795110887,14.085995253696241,237.2866658528646,225.57666829427086,231.43166707356767,-1159314.4363322214,1.2992804373365892
2019-01-16,222.3000030517578,227.39999389648438,217.25,218.85000610351562,195.64634704589844,3263101,5.388386591525941,-0.019681625308464845,226.2249984741211,228.76100006103516,37.935687572381134,-1.5221081736045095,15.730966742806588,241.00129435650578,219.39870411761532,0.09870957110539204,227.97019307342532,231.93445589147393,-0.0008952415116665335,0.015260474691449939,-0.25436308125292517,-1363282,7.901264708719136,8.225133063608668,236.5466651916504,224.73166885375977,230.63916702270507,-3021478.0133444886,4.637876908115528
2019-01-17,218.85000610351562,221.85000610351562,217.6999969482422,218.39999389648438,195.24404907226562,2694921,5.38632821592425,-0.002058375601690976,225.27999725341797,228.825,37.51125744617721,-1.5947041937212032,17.349472557993384,240.1891912637254,218.0858072103957,0.10120597376850708,227.05874553276428,230.69018621215403,-0.019489206560048822,0.01445232866785477,-0.34177087100751186,-4058203,5.678982204861111,7.107387569563716,235.60583267211913,223.7158348083496,229.66083374023438,-2763087.918150257,1.9001873952617547
2019-01-18,219.5,221.0,217.5,217.89999389648438,194.79705810546875,1519378,5.384036213939947,-0.002292001984303127,223.72999725341796,228.9279998779297,37.01572184775598,-1.5793644982582382,18.88216505507982,239.05613171212204,217.05386584647172,0.10097414631458282,226.1864834721662,228.57425121907818,-0.0020562585994098326,0.014430316689394334,-0.3176888210292997,-5577581,3.3765916700487013,5.6522795278763205,234.34499867757162,222.7700017293294,228.55750020345053,-2476888.07270022,1.6062414401272131
2019-01-21,217.8000030517578,219.60000610351562,215.5,216.60000610351562,193.63490295410156,915690,5.378052362745632,-0.00598385119431466,222.3749984741211,228.855,35.695401076805226,-1.5571661929174367,20.602415516165056,238.99345882996312,215.43653994933373,0.10875770183206394,225.2734856275328,227.4418979504724,-0.0022893773533573247,0.013564367739933273,-0.27220870760234744,-6493271,5.5696511570411396,4.875075010650321,233.05833282470704,222.16333465576173,227.61083374023437,-2293102.036906411,1.8928928845718431
2019-01-22,215.60000610351562,220.3000030517578,214.5500030517578,219.0,195.78045654296875,1885675,5.389071729816501,0.011019367070868924,221.3949981689453,228.81399993896486,39.95368979968074,-1.2921594313005027,22.336652350329626,238.9822130267187,214.44278544740237,0.11205218072747186,224.67601080586303,226.6781120575045,-0.005965983613502646,0.013462436306245383,-0.2492703029179321,-4607596,21.867316708868923,10.27118651198626,232.36916631062823,221.71916783650718,227.04416707356773,-1319000.532955042,2.6255707762557075
2019-01-23,219.0500030517578,219.89999389648438,217.0,218.39999389648438,195.24404907226562,995406,5.38632821592425,-0.002743513892251137,220.8949981689453,228.8899996948242,39.25383906552182,-1.0773650243501023,23.947015124911015,238.34720753131066,213.58278972210732,0.1133901946029403,224.0782949097317,226.06595186139992,0.011080303919000833,0.01252937377314481,-0.3071243293773714,-5603002,18.918882441287376,15.451950102399152,231.3833325703939,221.40833409627277,226.39583333333334,-1215893.267600904,1.3278360702971872
2019-01-24,218.8000030517578,219.0500030517578,216.0,216.8000030517578,193.81370544433594,802132,5.378975283641864,-0.007352932282385538,219.8499984741211,228.77399963378906,37.37381885454492,-0.9666637834913798,25.597458953093515,238.01637135932495,212.48862589409302,0.11774790177995319,223.38512425659133,225.46141624641578,-0.0027397538973316093,0.012471586766287223,-0.2912018106317134,-6405134,11.056516030733539,17.280905060296618,230.5324994405111,220.77250035603842,225.6524998982747,-1225537.6374096617,1.406827956100014
2019-01-25,217.5,218.6999969482422,208.75,210.75,188.40516662597656,2218748,5.350672596881965,-0.028302686759899665,218.3299987792969,228.52199951171875,31.274356649988675,-1.2087954252043311,28.01967168159882,237.56451932516902,210.56547792824895,0.12810933047174408,222.18177908929692,224.13027546676517,-0.007325965610992302,0.012882771736882915,-0.3346028056700017,-8623882,8.474574079462062,12.816657517160998,229.71833267211915,219.43333358764647,224.57583312988282,-2968093.9993627877,4.721232241158808
2019-01-28,208.35000610351562,212.39999389648438,207.8000030517578,209.64999389648438,187.4217529296875,1887429,5.3454394445038895,-0.00523315237807509,216.9549987792969,228.11499938964843,30.30591025767849,-1.34073061101267,30.361794599222495,236.48418912143754,209.01580782680466,0.13102018647420288,220.9882757376005,222.58859677367838,-0.027905917742600095,0.012599539878852508,-0.3559905304528894,-10511311,8.222181532118055,9.25109054743789,228.47333221435548,218.09833374023438,223.28583297729492,-2840678.20230416,2.1941287758862655
2019-01-29,207.0,208.75,199.64999389648438,203.0500030517578,181.5215301513672,3260886,5.313452269161894,-0.03198717534199513,214.93999938964845,227.6509994506836,25.25308224672831,-1.7446209136199249,33.1773705021163,236.32427091330084,206.0407269504687,0.1491432824805859,219.2798688151393,220.37588263443578,-0.005219483290702875,0.013847491974536325,-0.3553249404456322,-13772197,11.90896249331259,9.535239368297573,227.19916610717775,216.3041664123535,221.7516662597656,-5509412.422788855,4.4816577033963485
2019-01-30,202.89999389648438,206.60000610351562,201.3000030517578,203.3000030517578,181.7450408935547,1409006,5.314682735645406,0.0012304664835118828,213.38499908447267,227.13399963378907,25.758020282313424,-1.8566680608853279,35.79183384051768,236.14353680610702,203.46646075248674,0.16073327871668097,217.75797683767442,218.98599949041093,-0.03148099707546537,0.01382852204251677,-0.34398619774871986,-12363191,13.129527894215986,11.086890639882213,225.76166636149088,214.93666636149092,220.34916636149086,-4672031.862390447,2.6069862135754582
2019-01-31,205.3000030517578,205.3000030517578,199.3000030517578,204.35000610351562,182.6837158203125,1795751,5.319834239878236,0.005151504232829396,211.9800003051758,226.71499969482423,27.959215038429022,-1.7246338278288835,38.35156817055525,235.84197879339933,201.4180187651944,0.16845587961845773,216.48102724394502,217.77499302869347,0.0012312238179887913,0.013957420051421181,-0.27308787567606985,-10567440,17.971546964776078,14.336679117434889,224.48833312988282,213.58333282470704,219.03583297729492,-3735235.3063065065,2.936138889548473
2019-02-01,204.64999389648438,210.75,203.60000610351562,207.85000610351562,185.8126220703125,1670882,5.336816695063648,0.016982455185412526,210.9750015258789,226.3629998779297,34.889082189143195,-1.2862516959535029,38.863001754346044,233.7639385254855,200.9410602538114,0.15791617660731408,215.6590252305708,216.65034555851005,0.005164796045234121,0.013222097335241842,-0.2986389437315065,-8896558,30.427067037149463,20.50938063204718,223.24749959309898,212.43750050862633,217.84250005086264,-2366189.2625484345,3.439977717837285
2019-02-04,208.0,208.0500030517578,197.3000030517578,200.14999389648438,178.92901611328125,2328060,5.299067054943875,-0.037749640119773,209.3300003051758,225.99099975585938,28.413494664801064,-1.390664337773483,39.95776079657976,232.78664833275303,198.91835044654385,0.16921458365732217,214.18197462732445,215.28204011892038,0.017127476855699486,0.014885556758602718,-0.2982267960696365,-11224618,9.468411001945116,19.289008334623556,222.02916666666664,210.68916727701827,216.35916697184243,-4589032.284855968,5.370971934957837
2019-02-05,200.14999389648438,205.39999389648438,196.35000610351562,202.5,181.0298614501953,6299857,5.310739886546594,0.011672831602719036,207.68000030517578,225.55699981689452,32.529409714164544,-1.1852784496134596,41.05681781172876,231.32972293126105,197.74527554286007,0.16584912290568382,213.0694056151983,212.65397339953958,-0.03704600423825055,0.015456678090472383,-0.1842282624514289,-4924761,24.11762312346814,21.33770038752091,220.85083236694337,209.03583450317382,214.9433334350586,-1818498.7582657398,4.469129774305555
2019-02-06,201.89999389648438,202.85000610351562,193.8000030517578,199.14999389648438,178.03504943847656,3309459,5.294058278979821,-0.01668160756677306,205.75500030517577,224.9379995727539,29.891029366686823,-1.1575434857393443,42.294037049358586,230.86764594158194,195.78235253253916,0.17617521709430564,211.74374735627316,210.97537368456005,0.011741224957174001,0.01510965954829197,-0.12426963813906469,-8234220,19.669086194777343,17.751706773396872,219.5899991353353,207.60000127156576,213.59500020345052,-3142528.6284184507,4.544315003324524
2019-02-07,199.8000030517578,208.60000610351562,197.5,207.4499969482422,185.45501708984375,3735779,5.334890332068065,0.040832053088244,204.81999969482422,224.3609994506836,42.36405880967393,-0.4964959486785272,41.841057177900844,228.82578600688205,195.84421216206326,0.1589856559653146,211.3348187459845,209.96768792618138,-0.01654324001736107,0.01780383218982945,-0.07208497552006644,-4498441,51.50941093012972,31.765373416125072,218.7699996948242,206.29000091552734,212.53000030517578,1735972.1900260062,5.350689933384296
2019-02-08,206.1999969482422,209.89999389648438,202.0,203.14999389648438,181.61093139648438,2519281,5.3139445923893565,-0.02094573967870872,204.05999908447265,223.7039993286133,38.53871253572154,-0.27612490318651695,41.09680687803734,226.89681037589625,195.49318748787326,0.15458343013303164,210.5553116174607,209.38986752000568,0.04167714439435066,0.018174932910863414,-0.10675484709034423,-7017722,35.28298431972288,35.48716048154332,217.9766660054525,204.98166783650717,211.47916692097982,-59583.2640113479,3.8887492659782397
2019-02-11,202.14999389648438,204.85000610351562,200.1999969482422,201.6999969482422,180.31468200683594,1741712,5.306781429829983,-0.007163162559373326,203.26499938964844,222.95699920654297,37.315108479404195,-0.16100348373691098,40.63761721390481,225.27827571909552,194.9417224498498,0.15040433182074026,209.71194831563037,208.7951500772079,-0.020727901253383196,0.018124797835572373,-0.11391095263495632,-8759434,30.268186465975518,39.020193905276045,216.96499989827475,203.85500081380206,210.41000035603844,-411853.80982641206,2.305408639379735
2019-02-12,202.0,205.14999389648438,199.25,200.89999389648438,179.5994873046875,1566055,5.302807241440024,-0.00397418838995911,203.04999847412108,222.27599914550783,36.62419911147321,-0.07603729442684326,40.33350251059881,223.41023202057315,194.57976584319638,0.143506555765412,208.872714561426,207.8296267286662,-0.00713756825895373,0.018101721141823165,-0.10219888863991207,-10325489,28.118775622679454,31.22331546945929,216.01499964396157,202.60500055948893,209.31000010172525,-531995.9483112934,2.936781521021052
2019-02-14,198.1999969482422,204.35000610351562,197.4499969482422,202.6999969482422,181.20864868164062,2090637,5.311727038402415,0.008919796962390869,202.98999786376953,221.67699920654297,39.345434738088876,0.15167373260487427,40.28174460024656,222.10482198722138,194.2701749610208,0.13731942498897975,208.2848366935037,206.55846885444657,-0.003966301754397605,0.018028585369631773,-0.030407002943262002,-8234852,35.74295613679232,31.376639408482436,214.86916707356767,201.78416646321614,208.32666676839193,81596.75575000525,3.4040499551834227
2019-02-15,202.8000030517578,202.89999389648438,196.6999969482422,200.39999389648438,179.1525115966797,2385065,5.300315338754045,-0.011411699648370188,202.5949966430664,221.12299896240233,37.150377864790336,0.194918963900248,40.32973350111553,220.76792601657232,193.80707093166987,0.13453520911197703,207.53389928426378,205.430182198101,0.008959696896184477,0.01810431836178243,0.02007014687408511,-10619917,35.48383921166166,33.11519032371115,214.00583292643228,200.71583353678386,207.36083323160807,-713725.1777343878,3.093810946643424
2019-02-18,200.5,203.8000030517578,199.64999389648438,202.6999969482422,181.20864868164062,1647484,5.311727038402415,0.011411699648370188,202.07999572753906,220.6739990234375,40.71242606205368,0.41339500496712756,40.0926837333924,219.2198408017003,193.8351564517177,0.12523278111575092,207.0735276332141,204.84809275980484,-0.011346833183944693,0.01843685304336396,0.06378187798591779,-8972433,52.50734807599689,41.24471447481696,213.20083338419596,199.8458330790202,206.52333323160806,-70447.5483834513,2.0473651789610576
2019-02-19,202.5,208.9499969482422,201.5500030517578,202.39999389648438,180.94044494628906,2764354,5.310245907257601,-0.001481131144814185,202.30499572753905,220.1939990234375,40.3908659080456,0.5633809214510164,38.43373118491576,217.74206610521514,193.89292992749972,0.11783170403608235,206.62842918209697,204.57050352891847,0.011477061486069084,0.018431886114932263,0.024422535451863552,-11736787,50.737418248434736,46.242868512031094,212.71916580200195,199.0341667175293,205.8766662597656,-178857.13234851768,3.6561235768954785
2019-02-20,203.1999969482422,210.89999389648438,203.1999969482422,209.10000610351562,186.93011474609375,3626848,5.342812635624045,0.032566728366444586,202.96499633789062,219.87599914550782,49.906748446250326,1.1080166065621277,36.42113092084233,215.74432759824862,194.9006690448178,0.09968272570547945,206.8638174603273,204.2841996069785,-0.0014800348114184514,0.01992840891788894,0.042228150425508836,-8109939,89.47374996096067,64.2395054284641,212.30583216349282,198.42583338419598,205.36583277384437,3318111.8684222526,3.682447022230253
2019-02-21,209.9499969482422,211.5,207.0,208.9499969482422,186.79598999023438,2324645,5.3420949742887185,-0.0007176613353268024,203.94499664306642,219.38099914550781,49.715387222015316,1.4317826640124824,34.407400206673366,213.5763420500162,196.123654898226,0.08352566358789326,207.0625012210811,204.22805048103942,0.03310282810807741,0.01993023970576047,0.035510182221456375,-10434584,85.59320061345515,75.26812294095019,211.92166595458986,197.8816665649414,204.90166625976562,2794279.025396128,2.1536253006573003
2019-02-22,210.0,211.14999389648438,206.1999969482422,210.14999389648438,187.86874389648438,2463708,5.347821532407511,0.005726558118792191,204.21499633789062,218.82699890136718,51.32330131233479,1.6830304794260273,32.70621196444605,211.7814029166999,197.25359311601494,0.06913066962943176,207.3565481425481,204.26126063764266,-0.0007174038780236591,0.019961366130630803,0.07058873137865478,-7970876,92.37284555775194,89.14659871072259,211.61083196004233,197.38083318074544,204.49583257039387,2817445.1762480903,2.355459001669282
2019-02-25,211.0500030517578,214.39999389648438,210.25,211.25,188.85214233398438,2445738,5.353042266237283,0.005220733829772506,205.02499694824218,218.36299896240234,52.81283807056326,1.8654372909731514,30.41299705544804,211.8949339934978,197.19006203921705,0.06960886132203904,207.72735308135304,204.26219695116387,0.005742986196546562,0.01899451553232447,0.07144100752225409,-5525138,84.70876069689736,87.55826895603481,211.28249842325846,197.63249994913738,204.4574991861979,2799285.397869806,1.9644941521819528
2019-02-26,211.0,211.5,206.4499969482422,209.64999389648438,187.4217529296875,3339902,5.3454394445038895,-0.007602821733393661,205.81999664306642,217.85399871826172,50.39711571342286,1.8185736482371824,29.009888247727822,211.8949339934978,197.19006203921705,0.0701401019908512,207.91046173041318,204.3713754722582,0.005234385607726821,0.01903770490234259,0.09341073808245401,-8865040,76.94173732501457,84.67444785988795,211.26749903361002,197.5724993387858,204.4199991861979,1635978.4002963994,2.4087780580863143
2019-02-27,210.9499969482422,216.5,210.64999389648438,213.85000610351562,191.1764678955078,2532635,5.365274863214024,0.01983541871013461,207.11499786376953,217.43499877929688,56.0766944602252,1.9964631175289176,27.260770410474297,213.43548250111073,196.7295138367799,0.07812002893394446,208.4761326230896,204.8589131098117,-0.007573993389423106,0.017985572319609355,0.11514897803597336,-6332405,86.6161945048331,82.75556417558168,211.59749908447264,198.22749938964844,204.91249923706056,2921852.616818998,2.735565086064991
2019-02-28,215.14999389648438,218.0,212.64999389648438,217.4499969482422,194.39479064941406,3454722,5.3819689250093505,0.016694061795326398,208.58999786376953,217.07299865722655,60.27530239273913,2.263055918448799,25.927772437531615,215.67562740484172,195.90436832269737,0.09092324377843217,209.33078636834225,205.6025943372408,0.020033447790630543,0.01825274856007359,0.16796744569460978,-2877683,97.41782641804635,86.99191941596467,212.21499888102213,198.83999888102215,205.52749888102213,4281154.753141347,2.46033855074693
2019-03-01,218.5,220.35000610351562,217.3000030517578,219.89999389648438,196.58499145507812,1763953,5.393172869804846,0.011203944795495246,210.53999786376954,216.67799865722657,62.87613454865047,2.4927231279306397,25.12868922862984,218.17401837623643,194.9609761305995,0.10556181396059622,210.3373775614986,206.13321660322822,0.016834186308060994,0.018332379439112704,0.16836868720232315,-1113730,98.097200706872,94.04374054325048,212.87749888102212,199.79749857584636,206.33749872843424,4286943.99795582,1.3869955145126422
2019-03-05,220.0,224.39999389648438,219.0,223.10000610351562,199.44573974609375,2949672,5.4076201287962435,0.01444725899139776,212.5799987792969,216.34899871826173,66.00665406063621,2.7293893588475564,25.061966747073313,220.994605244869,193.6653892619669,0.1224976030266072,211.55286599407165,206.95031048928115,0.011266944045188243,0.0182429092181888,0.18643141137401942,1835942,95.30690275743426,96.94064329411754,213.52833201090493,200.62333170572919,207.07583185831703,5022950.056353314,2.4204364629102004
2019-03-06,224.1999969482422,225.0,218.64999389648438,219.4499969482422,196.18275451660156,2297209,5.391124402227851,-0.016495726568392932,214.28499908447264,216.06999877929687,59.81120514534821,2.514662815018415,25.094137261435485,222.50995429167534,194.08004052033635,0.12955075947457978,212.30497370399266,207.75134738729284,0.014552125037973429,0.016293183304930268,0.17522990801318836,-461267,80.388683910714,91.2642624583401,214.26833216349283,201.8033312479655,208.03583170572915,3107552.350934764,2.8936004519577594
2019-03-07,219.85000610351562,220.0,216.0,216.5,193.5454864501953,1750522,5.377590547442544,-0.013533854785306332,215.0249984741211,215.81899871826172,55.29394661193301,2.0672100636331976,24.43935226120437,223.37738294484504,194.6126118671667,0.1328626839615628,212.7045000178981,208.87486365882887,-0.016360417101826008,0.01669177273448918,0.12044527874610424,-2211789,69.96466754984313,81.88675140599713,214.81999944051108,202.85999730428063,208.83999837239585,1925897.0782539677,1.8475750577367205
2019-03-08,215.39999389648438,216.85000610351562,211.5,212.3000030517578,189.79083251953125,1554812,5.358000383083953,-0.019590164358591622,215.35999908447266,215.39799865722657,49.5554762899164,1.4128615769552086,22.816609452153923,223.3610200315003,195.94397569603876,0.129142929540031,212.66597649731332,209.7179527115815,-0.013442683933770794,0.01688322178016887,0.09017536965970778,-3766601,49.90140477133491,66.75158541063068,215.38249969482422,203.79249725341796,209.5874984741211,717882.402061925,2.520021679986183
2019-03-11,212.8000030517578,219.0500030517578,212.35000610351562,217.64999389648438,194.57357788085938,4214398,5.382888239955506,0.024887856871552927,216.10999908447266,215.1299984741211,55.84207774766748,1.2693745936715233,21.735244333600946,224.25877264989515,196.0662227724681,0.1295315904802441,213.1406448210439,210.67643399148093,-0.019399524010356495,0.015235444649261447,0.07901472957045486,447797,68.65668631114009,62.84091954410604,215.7541659037272,204.60416437784832,210.17916514078775,3836326.446915069,3.078335463417815
2019-03-12,219.25,228.1999969482422,219.0,226.8000030517578,202.75344848632812,3085459,5.424068585309319,0.04118034535381376,217.66499938964844,214.97599853515624,64.08576791878532,1.6932226580245424,22.139082963865437,226.7929110589985,195.89708527889215,0.1362249795607615,214.4415360811119,211.8249416645841,0.025200144926150747,0.016599884573191403,0.15676538864483355,3533256,94.4000244140625,70.98603849884584,216.80166625976562,205.52166442871095,211.1616653442383,7321419.539958749,4.05643598961622
2019-03-13,235.0,235.0,224.5,225.4499969482422,201.5465545654297,9846829,5.418098391330798,-0.005970193978521721,219.24499969482423,214.76599853515626,62.23956899369116,1.776500882413703,23.270992239793742,228.47559623870555,196.5894000991851,0.14143356208091118,215.4899609256005,214.90676017714344,0.04204001567592619,0.016553881185919484,0.006732632454618688,-6313573,66.84027069512784,76.63232714011015,218.39749908447266,206.53249816894532,212.464998626709,4376462.569925406,4.657352025784477
2019-03-14,226.60000610351562,226.85000610351562,220.0500030517578,223.0,199.35633850097656,2363806,5.407171771460119,-0.010926619870678778,220.15999908447264,214.53799865722655,58.92208018385018,1.5677030961230254,23.402875860062704,229.26276522867929,198.0122317195629,0.14013692156554436,216.20520274221,215.59294808720637,-0.005952407783731517,0.016835709687400367,0.013046426051492506,-8677379,58.333337748491736,73.1912109525607,219.5191665649414,207.5641647338867,213.54166564941406,2923922.5619022665,3.049328722761351
2019-03-15,223.1999969482422,225.14999389648438,221.10000610351562,222.25,198.6858673095703,2591655,5.403802874394014,-0.003368897066104992,220.63999938964844,214.36599853515625,57.904576055970615,1.2916999710343926,23.525339221741028,229.8214506632229,199.4085465901951,0.13684096320822403,216.78089771914236,216.4048175483034,-0.01086714119053478,0.016922505829093194,-0.024277247468162868,-11269034,55.34151090321867,60.17170644894608,220.4433321634928,208.7733324686686,214.60833231608072,2228542.0173448003,1.8222667234955006
2019-03-18,222.39999389648438,224.0,217.0500030517578,217.9499969482422,194.8417510986328,2014211,5.384265664682301,-0.019537209711712578,220.44499969482422,214.16799835205077,52.325483772979055,0.7585454346348701,22.838168028348214,229.275362354494,201.70963520409975,0.1264773000062966,216.89224050286614,217.1789093227966,-0.0033632286995515237,0.017410557416687317,-0.057533063163374164,-13283245,40.28020585199885,51.318351501236414,221.46416575113932,209.7191660563151,215.5916659037272,672876.9510263782,3.1888034161765293
2019-03-19,218.0500030517578,222.4499969482422,215.0,221.0,197.56838989257812,2939295,5.3981627015177525,0.013897036835451182,220.23499908447266,213.9199984741211,55.593704618249646,0.5594935573589521,21.821143735595648,229.0548433383305,203.76015452543902,0.11445560548819673,217.28345569306936,217.70436888091947,-0.01934759528349972,0.01747377541341735,-0.03937543367784806,-10343950,42.50514788175475,46.04228821232409,222.5008318583171,210.42583338419595,216.46333262125654,1857445.7751678214,3.3710393430960126
2019-03-20,221.14999389648438,223.75,219.60000610351562,220.5500030517578,197.16610717773438,1930121,5.3961244403879824,-0.0020382611297700137,220.34499969482422,213.72799865722655,54.99468670322659,0.35564836014913537,21.078019244393793,228.3082300715349,206.321768707762,0.09968923627089314,217.59455544151587,218.4438937060248,0.013994049527250585,0.017484190093614342,-0.021725365124629054,-12274071,38.5106512840758,40.4320016726098,223.18833211263023,211.43833363850914,217.31333287556967,1468018.0130383957,1.8816566942012107
2019-03-22,221.0,222.8000030517578,215.0,215.75,192.87501525878906,1498576,5.374120329963537,-0.0220041104244455,220.2699996948242,213.46699859619142,48.93747960417185,-0.11893311672924689,19.59351421901396,228.0109694644475,207.2840287044978,0.09606925033580387,217.41888349470483,219.10558040050316,-0.002036185286163783,0.017050352105191874,-0.07729914001239993,-13772647,18.085106382978722,33.03363518293642,223.69916585286455,211.93916676839189,217.81916631062822,230705.52927705133,3.615296895368627
2019-03-25,214.89999389648438,215.39999389648438,211.39999389648438,212.39999389648438,189.8802032470703,1824816,5.358471260631834,-0.015649069331702847,220.27999877929688,213.24699859619142,45.196023261052225,-0.6455220130336401,18.794663970450074,227.70232897013145,207.93766889363806,0.09305395783639205,216.94089400916002,219.3187854708131,-0.021763785923101353,0.017477283181183925,-0.08857359557993626,-15597463,4.237287039731031,20.277681568928518,223.86999893188477,212.1599998474121,218.01499938964844,-675558.7945900944,1.8832392254914314
2019-03-26,212.9499969482422,214.39999389648438,210.0,213.4499969482422,190.81887817382812,2734381,5.363402598906675,0.004931338274841046,219.85999908447266,212.97099853515624,46.57474100907483,-0.8948339118826529,18.268513084990854,227.45099796479224,208.5190002041531,0.088695235564842,216.60842762240594,219.43580624488948,-0.015527258880721373,0.017466686695229033,-0.08665993894108394,-12863082,13.79998779296875,12.0407937385595,224.01499888102217,212.36000010172523,218.18749949137373,-168892.0532674268,2.061369856824732
2019-03-27,214.8000030517578,217.5,213.0500030517578,214.0,191.31056213378906,1548540,5.365976015021851,0.0025734161151760304,218.5799987792969,212.7319985961914,47.32230653389339,-0.9871539431860441,17.19993693889865,227.26763499430427,208.97736317464103,0.08546855990496845,216.36000594408156,219.63436868076275,0.0049435173348899575,0.01744225447204616,-0.08129057504689488,-11314542,16.0,11.345758277566594,224.17416585286455,212.4891667683919,218.33166631062824,-23092.941976502538,2.079437826281396
2019-03-28,213.3000030517578,219.89999389648438,212.75,217.4499969482422,194.39479064941406,1865135,5.3819689250093505,0.01599290998749936,217.77999877929688,212.61299865722657,51.871584636267,-0.7889141856808353,16.157710507097523,226.80459748332893,210.22040099079217,0.07626671292381834,216.4638146111445,220.1708255628585,0.0025767301926511443,0.01764775263453102,-0.08906607264234111,-9449407,29.79998779296875,19.866658528645832,224.65416539510088,212.75916722615557,218.70666631062824,899450.3437429538,3.288109448990348
2019-04-01,223.89999389648438,227.64999389648438,222.0500030517578,225.85000610351562,201.90415954589844,3023752,5.419871089125256,0.037902164115905634,218.06499938964845,212.66599884033204,60.757766299697174,-0.10125292736127922,16.345410735695463,227.69963649488707,210.52536197923402,0.07604283396734306,217.35773761041793,220.74328125300437,0.0161214810665522,0.019080960508364258,-0.07303865619291523,-6425655,63.4000244140625,36.400004069010414,225.2174980163574,213.347501373291,219.28249969482422,4399463.7922477275,2.479517685804212
2019-04-02,226.10000610351562,226.5,219.75,221.25,197.79185485839844,2392936,5.3992932838880385,-0.02057780523721764,217.96499938964843,212.7139987182617,54.79165469930973,0.027720079024067257,16.091989096571314,227.90223922193795,210.70275955735892,0.07773776119583742,217.72842926656858,221.12112324045228,0.03862961266112519,0.01946111189318544,-0.14964608435829357,-8818591,45.0,46.066670735677086,225.61083119710284,213.600835164388,219.6058331807454,2198466.0783091574,3.050847457627119
2019-04-03,220.10000610351562,225.0,218.4499969482422,219.85000610351562,196.5403289794922,2602557,5.392945523389001,-0.006347760499037847,218.15500030517578,212.74299896240234,53.08321669567251,0.003911258148073138,15.616804988931367,227.89907279760317,210.70092720239685,0.0782267233011066,217.9304842034207,221.18224039996923,-0.02036752702768252,0.019372181017661777,-0.19703849087361763,-11421148,39.4000244140625,49.266682942708336,225.88166453043618,213.52166849772135,219.70166651407877,1363890.3649431802,2.9793053763545343
2019-04-04,220.10000610351562,223.5500030517578,217.0,222.89999389648438,199.26695251464844,2344897,5.406723213009519,0.013777689620518174,218.34499969482422,212.84299896240233,56.28142980839942,0.16956836645684414,14.905672172904627,227.87181941008947,210.70817936920741,0.07700152763957867,218.40377084085534,221.12749722621177,-0.00632765602930796,0.01934621494744948,-0.19279667821551905,-9076251,73.0878093904263,52.49594460149626,225.8883316040039,213.41333465576173,219.6508331298828,2190749.916489732,2.938538910323909
2019-04-05,223.4499969482422,224.60000610351562,220.8000030517578,224.0500030517578,200.29502868652344,1464673,5.4118692548530305,0.0051460418435116395,218.69499969482422,212.9919989013672,57.45896818630311,0.32365635069218146,14.422009450997802,228.34963396984529,210.69036541980313,0.07881842584024731,218.94150724189367,221.18680961659052,0.013873039382735763,0.01897560743833759,-0.1443082833851353,-7611578,79.6034442513681,64.03042601861897,225.86666514078775,213.64666849772135,219.75666681925455,2118412.4083457435,1.6960513278279103
2019-04-08,225.0,225.0,219.5,220.10000610351562,196.76382446289062,1752415,5.394082016263064,-0.01778723858996667,219.13000030517577,213.0139990234375,52.25301105474414,0.13620733206312718,13.712000826234567,228.42215815304047,210.9778418469595,0.07925631904742746,219.05184046681006,221.31856308225045,0.0051593054587857345,0.01916787742371847,-0.1453700090545229,-9363993,57.22385040329901,69.97170134836448,226.1433319091797,213.7733352661133,219.95833358764648,826920.0782886613,2.4988640833627627
2019-04-09,219.0,219.0,214.25,216.0,193.09854125976562,2335176,5.375278407684165,-0.018803608578898512,219.49000091552733,212.96599914550782,47.447611073775924,-0.265367753891129,13.368339427921033,228.11452912348142,211.6554705713428,0.07619934514878995,218.76118899378054,221.3301837799529,-0.017629979444051647,0.019125391549743284,-0.13454230092811306,-11699169,33.99434603314573,56.94054689593762,226.25666478474932,213.94666875203447,220.1016667683919,-658959.3404358906,2.199074074074074
2019-04-10,216.5,219.25,215.5,216.10000610351562,193.18792724609375,1582070,5.375741291756781,0.0004628840726157435,219.7550018310547,212.95199920654298,47.57425649876419,-0.5114618871085914,12.998464840221121,228.14820262797863,211.4667982875487,0.07719298412439311,218.50774300423151,221.60189551005507,-0.01862792362480603,0.01826079401810603,-0.20959079489517085,-10117099,34.56095304786852,41.926383161437755,226.1391649881999,214.12416865030923,220.13166681925458,-542219.9123466256,1.7353076788918207
2019-04-11,215.75,216.5,212.5,213.5,190.8635711669922,2456854,5.363636832668679,-0.012104459088101649,219.7050018310547,213.00699920654296,44.56717827777316,-0.8183456564358009,13.165030767543227,227.26508030047256,211.019920309879,0.07608974234470046,218.03081509906661,221.05949606363768,0.00046299121997983583,0.01546677341095268,-0.27819580319976384,-12573953,19.830035186001677,29.46177808900531,225.35416514078776,213.85916849772133,219.60666681925454,-1377307.83850379,1.873536299765808
2019-04-12,214.0,216.0,212.8000030517578,215.0,192.2045440673828,2332414,5.3706380281276624,0.007001195458983034,219.46000213623046,213.1139993286133,46.661832684771746,-0.8837258512462018,13.31969912862804,226.38913428290977,210.85086663261757,0.07227101232694046,217.74216604201266,219.0748690413272,-0.012031494817590027,0.015603791929216172,-0.1210978003720153,-10241539,28.32862169428811,27.573203309386102,224.3033317565918,213.53833541870117,218.92083358764648,-680746.5758603916,1.4883706736010174
2019-04-15,215.39999389648438,219.75,214.9499969482422,218.0,194.88645935058594,1155929,5.384495062789089,0.013857034661426404,218.6750015258789,213.41299926757813,50.67619566374234,-0.6965682607028195,12.628630056589396,225.87662695097328,210.86337396455406,0.06886813296522577,217.76672165705907,218.79813722626824,0.007025761124121788,0.015867608892397057,-0.10978266588671537,-9085610,45.325794710860976,31.16148386371692,223.91666488647462,213.35166854858397,218.6341667175293,-88098.92216605006,2.201836262274226
2019-04-16,218.1999969482422,219.4499969482422,215.1999969482422,216.35000610351562,193.41140747070312,2450298,5.376897494882197,-0.007597567906891811,218.18500213623048,213.6739993286133,48.5135404534635,-0.6561001162017087,11.98692306112494,225.41029477050716,210.73970675537174,0.06780951052118796,217.6317963662454,218.44632317072467,0.013953488372093092,0.01592812810405532,-0.11025387337240232,-11535908,25.41259177938703,33.022336061512036,223.63499883015953,213.05000127156578,218.34250005086264,-653081.468223453,1.9644094661899523
2019-04-18,217.0,221.25,214.35000610351562,219.10000610351562,195.86985778808594,2590365,5.389528274458635,0.012630779576437767,218.11000213623046,213.96899932861328,52.17671588422994,-0.42740276547244405,11.265660284726778,225.480991879729,210.78401056167723,0.06707887224388327,217.77162586503303,218.37604351824862,-0.007568779341671439,0.015618402357096193,-0.05112620833922965,-8945543,43.564414273771995,38.10093358800666,223.56083221435546,212.9808349609375,218.27083358764648,457859.2772370402,3.149244045764387
2019-04-22,216.9499969482422,217.5,208.8000030517578,209.64999389648438,187.4217529296875,2367067,5.3454394445038895,-0.04408882995474528,216.78500213623047,214.00499908447264,41.30195617342608,-0.870317828157278,11.422022844725118,225.655622945478,209.4743788855767,0.07718218235623162,216.99813710612364,217.94088775798147,0.01271088478122917,0.01803401812996009,-0.13937891569782399,-11312610,4.509237440634378,24.495414497931133,223.24833221435546,212.5433349609375,217.89583358764648,-2803093.7687769425,4.1497720970780705
2019-04-23,210.0,213.5,207.3000030517578,211.9499969482422,189.47792053222656,2093535,5.356350383400166,0.010910938896276257,215.57500152587892,214.2409991455078,44.34247399541832,-0.9591260467916486,11.826800117955644,225.4561886350018,208.81381258570133,0.07852029388499836,216.51736185299205,217.4413413875683,-0.04313104492825304,0.018283579818756817,-0.08949267424485167,-9219075,24.21872206031832,24.09745792490823,222.83166554768877,211.92166798909503,217.37666676839189,-1714775.1033856948,2.925216814113102
2019-04-24,211.0,211.89999389648438,207.75,209.0,186.8406982421875,2273549,5.342334251964811,-0.01401613143535485,214.46500091552736,214.37099914550782,41.38166924951941,-1.1541881749661764,12.202664728812561,225.83290579161107,207.76209542909206,0.08646320747616752,215.80142262889757,217.01177019812908,0.010970680270534272,0.01791375663672378,-0.08079177478182362,-11492624,9.604504188409008,12.777487896453904,222.23416493733725,211.68916829427081,216.96166661580406,-2427944.747427607,1.9856430126719498
2019-04-25,209.4499969482422,211.3000030517578,207.5500030517578,209.0500030517578,186.88539123535156,3218763,5.342573472400794,0.00023922043598290088,213.77000122070314,214.56899932861327,41.45302909585327,-1.2115390963044066,12.589888343131095,226.0990798526283,207.16092228360216,0.09059152017489962,215.15843028821757,216.61649980183094,-0.013918362777625148,0.017605228092638377,-0.07224019386227584,-8273861,9.887007354392765,14.570077867706699,222.03333206176757,211.51333541870116,216.77333374023436,-2058102.930240073,1.7938292012708332
2019-04-26,208.0,210.10000610351562,205.25,209.5,187.28768920898438,3470828,5.344723739362192,0.002150266961398195,213.11000061035156,214.60999938964844,42.13572720463391,-1.151280852358002,13.384797201938806,226.3144203700479,206.55058207135835,0.09433813030400746,214.6195321655302,216.21965053667847,0.00023924905147287845,0.017569609642266993,-0.04771263137649963,-4803033,21.518987341772153,13.670166294857976,221.8391662597656,211.2741683959961,216.55666732788086,-1540965.0819381292,2.3150387128952863
2019-04-30,209.9499969482422,209.9499969482422,204.3000030517578,206.0500030517578,184.2034912109375,2755508,5.3281188725955895,-0.016604866766602555,212.36500091552733,214.6679995727539,38.435327163035986,-1.2667307962331416,14.296533020103038,226.86995143165777,205.20005131492425,0.10516816207612596,213.8033865356471,215.70541304435997,0.002152580443305574,0.017890889182181527,-0.049939199991261625,-7558541,8.454107526564671,13.286700740909863,221.4949994405111,210.8100018819173,216.15250066121422,-2678897.811783673,2.7420498970170604
2019-05-02,203.0,206.60000610351562,201.10000610351562,202.0,180.58285522460938,2632924,5.308267697401205,-0.019851175194384396,211.06500091552735,214.67399963378907,34.59448567091148,-1.5216630034564167,15.68967391870026,227.67237376230923,202.8526292894486,0.12287002214287443,212.67925448463308,214.9718904115643,-0.016467765862731243,0.0177995084508951,-0.09898793429531055,-10191465,4.466472303206997,11.47985572384794,220.73916676839195,210.2191685994466,215.4791676839193,-3819533.872249775,2.722772277227723
2019-05-03,204.0,204.39999389648438,201.25,201.64999389648438,180.2699737548828,1646418,5.306533491051509,-0.0017342063496963434,209.43000030517578,214.68899963378905,34.27570851322909,-1.6110626844127005,16.98330475311197,226.81140154105486,201.2936002899998,0.126545013753655,211.6288487143332,213.8499062801325,-0.019655437960563793,0.014804297707619858,-0.15222378822267277,-11837883,2.729468781946916,5.216682870572861,219.47916666666666,209.20416819254555,214.3416674296061,-3356208.511776663,1.5621095917817893
2019-05-06,201.0,202.5,196.5,197.0500030517578,176.15769958496094,1990897,5.2834575191282385,-0.023075971923270266,207.5,214.57599975585939,30.321198236155126,-1.859575465503621,18.90026028245152,227.138980871075,198.54602126515547,0.1451050959811922,210.24038722265936,212.73177349378295,-0.0017327034827505639,0.01494253849319908,-0.1600821076535692,-13828780,2.2222345525568183,3.1393918792369107,218.25083338419594,208.05083491007485,213.1508341471354,-4185051.291921937,3.0449124116095647
2019-05-07,197.8000030517578,199.10000610351562,194.5500030517578,195.1999969482422,174.50384521484375,1273921,5.274024658344987,-0.009432860783251229,205.10999908447266,214.47199981689454,28.87816371995069,-2.0150538542356653,20.931978653409494,227.44488836500898,195.77511285569415,0.16224270494078008,208.80796910128632,211.76471647900348,-0.022811757916977315,0.014965310488932293,-0.15176843555084216,-15102701,2.4344343474809564,2.462045893994897,216.91000010172525,206.91000162760415,211.9100008646647,-3923867.0538469073,2.3309442227933324
2019-05-08,195.89999389648438,197.1999969482422,191.0,191.75,171.41964721679688,2511215,5.256192440247365,-0.017832218097622032,203.31999969482422,214.25299987792968,26.358824588131,-2.2015846166624824,23.230428575855235,227.2115097497676,192.89349208128706,0.17897271274305365,207.18340061544953,210.22408246691992,-0.00938851091024695,0.014433411858988053,-0.23649231006944257,-17613916,2.479338842975207,2.378669247670994,215.5008331298828,205.53583526611328,210.51833419799806,-4600983.772780208,3.2333752011693284
2019-05-09,191.6999969482422,192.5,182.1999969482422,185.3000030517578,165.6534881591797,9156401,5.221976149760595,-0.03421629048677044,200.65500030517578,213.91100006103517,22.42068259985581,-2.5842352893196754,26.122309189314326,227.16144877495668,189.06855305609798,0.20557417750402643,205.09926751414554,205.7159372106832,-0.017674164970181705,0.015241391072479439,-0.29156654846708047,-26770317,7.938555342509967,4.28410951098871,214.0016662597656,203.38666839599608,208.69416732788085,-12380665.877651852,5.558555252090755
2019-05-10,184.89999389648438,191.8000030517578,183.4499969482422,190.9499969482422,170.70445251464844,4279032,5.252011597689552,0.03003544792895685,198.85,213.5479998779297,32.00411558535512,-2.291667798787281,28.80762690181205,226.26539040269643,187.0496105128309,0.20537198489977004,203.75171793644046,203.87642950724614,-0.03363753297649119,0.017495134237449066,-0.1905170796988973,-22491285,22.40716854337384,10.941687576286336,212.50416641235353,201.60416793823242,207.05416717529297,-7158212.940435685,4.372875745988584
2019-05-13,190.10000610351562,190.60000610351562,185.5500030517578,186.1999969482422,166.45806884765625,2297813,5.2268213484532895,-0.02519024923626212,196.56499938964845,213.09299987792969,28.784765765936726,-2.2497036557372496,31.30113620627422,226.18735702930277,184.1476435810488,0.22577719730006063,202.08012546137397,202.64735579400943,0.030491062080048703,0.01776860439832652,-0.21066716392766302,-24789098,11.33144377958011,13.892389221821306,211.07083333333335,200.14083455403645,205.60583394368487,-7694841.341802016,2.712139169992337
2019-05-14,184.9499969482422,186.0,178.35000610351562,179.64999389648438,160.6025390625,6485545,5.191010479585046,-0.035810868868243695,193.5799987792969,212.4829998779297,25.043714494675015,-2.476757125544827,34.103128197489724,226.47232191036122,180.21767747928723,0.257470893418044,199.943922455194,199.9410502976668,-0.0248756222881088,0.018716832875648074,-0.24721745436534395,-31274643,3.698401191184195,12.479004504712718,209.48499959309896,198.16500142415367,203.82500050862632,-12664198.227589246,4.2582767360918234
2019-05-15,179.8000030517578,182.8000030517578,176.0500030517578,177.10000610351562,158.3228759765625,2285495,5.176714579252455,-0.014295900332590428,190.68499908447265,211.8,23.74961175285908,-2.599606445742465,36.83269539489423,226.79867343277525,176.25132656722477,0.2854169685121601,197.76831137408178,198.53032344220796,-0.03517724575247183,0.018741340163157844,-0.2537705103850627,-33560138,2.928879553430249,5.986241508064851,207.84666646321617,196.25166829427081,202.04916737874348,-11687596.245203799,3.8114058539640028
2019-05-16,177.5,177.75,174.0,176.0500030517578,157.38424682617188,1886278,5.17076806293567,-0.005946516316785555,188.08999938964843,211.12800018310546,23.217596102220597,-2.5490521084884206,39.476110320916916,226.35561649908388,172.79938380609192,0.30421034799554475,195.69990105766996,197.1684921106934,-0.01419419916283482,0.018373680309659364,-0.26757176432440677,-35446416,5.495986284272444,4.041089009628963,205.9408332824707,194.29083480834962,200.11583404541017,-10300882.161098061,2.1300766458365348
2019-05-17,176.4499969482422,178.85000610351562,175.14999389648438,177.5,158.6804962158203,1880591,5.178970608915471,0.008202545979800746,185.675,210.40100006103515,25.693070395285716,-2.227107895107027,41.54800471160316,224.57601801274808,170.5289822924277,0.3044903420863119,193.96657714741568,196.14082210773375,-0.0059288707824440845,0.018026148789247545,-0.26103735872102285,-33565825,9.695289219519411,6.0400516857407025,203.865833791097,192.32583440144856,198.09583409627277,-8439777.39367095,2.084513919454225
2019-05-20,180.39999389648438,187.75,180.39999389648438,182.60000610351562,163.23976135253906,1960620,5.207298001586473,0.02832739267100237,184.2300003051758,209.70400024414062,33.779842697460424,-1.5139275261245082,40.92424845966383,222.18848894493587,169.54151136023992,0.28831859706976387,192.88404657180615,194.8584683331589,0.008236279029293136,0.02000952619415223,-0.25748976183585154,-31605205,23.92213305580303,13.037802853198295,202.35000076293946,190.50000076293946,196.42500076293945,-5805641.485050129,4.025194883810091
2019-05-21,183.85000610351562,184.5,181.10000610351562,181.89999389648438,162.6139678955078,1808112,5.203457051969839,-0.0038409496166336154,182.9,208.94400024414062,33.24504149045978,-0.9596070793424722,40.34504622572017,218.70558319439945,169.30441589007322,0.2715842163933191,191.83794631701358,193.43597786921129,0.02873242875220061,0.019430852237880922,-0.2941224509137456,-33413317,24.233105574886473,19.28350928340297,200.38833389282226,188.88833389282226,194.63833389282226,-5157078.483140066,1.8691555857991082
2019-05-22,182.89999389648438,184.39999389648438,179.35000610351562,183.1999969482422,163.77613830566406,1077368,5.210578435581963,0.007121383612123999,182.0449996948242,208.14600006103515,35.2938609223003,-0.4040919079010532,40.02821833490311,216.71413001642827,168.6508693732202,0.2623540471825824,191.0152844723687,192.45532321976796,-0.0038335826047805055,0.017992787171783445,-0.25743612108952924,-32335949,30.263153932100384,26.13946418759663,198.72250010172527,187.5875010172526,193.15500055948894,-4220269.887282027,2.7565436010326336
2019-05-23,185.0,189.85000610351562,182.60000610351562,183.60000610351562,164.13375854492188,2515235,5.2127595114299385,0.0021810758479752224,181.875,207.42900024414064,35.945311273068995,0.06653656985266387,38.43521265540154,213.88651831539948,168.64348198977632,0.24642175828749519,190.3090674848589,191.4707483345106,0.007146800964147548,0.01764596063665251,-0.3055069938231949,-29820714,33.68423194216009,29.393497149715646,197.4966672261556,186.25666783650715,191.87666753133138,-3473643.1851468543,3.9488016116472098
2019-05-24,185.5,197.0,184.4499969482422,194.60000610351562,173.96746826171875,2673882,5.270946201116321,0.05818668968638274,182.24000091552733,206.99100036621093,50.657164283870074,1.1356035919483407,35.760500546816026,211.7340989465911,169.35590196893625,0.21777078956057264,190.71772830568335,190.78494139743194,0.0021834561241091954,0.02302627008250906,-0.25918984019271185,-27146832,82.07171750699412,48.673034460418194,197.04000116984048,184.96000086466472,191.0000010172526,1224406.1270169811,6.449127779102924
2019-05-27,195.0,200.89999389648438,194.5,199.10000610351562,177.99034118652344,3074229,5.293807241725678,0.022861040609356564,183.53000183105468,206.72700042724608,55.19119374850844,2.1063149549987568,33.8808584198771,209.9004215666127,170.19457965409043,0.19942662328135985,191.5160404769055,190.14496564510782,0.05991285203878527,0.023768792057950645,-0.22535012663326925,-24072603,93.3085940469154,69.68818116535654,196.61583404541017,184.27083435058594,190.44333419799804,3025781.0374431266,3.214461928824304
2019-05-28,199.0,199.8000030517578,194.0,197.89999389648438,176.91757202148438,2772492,5.2877618217671065,-0.00604541995857133,185.3550018310547,206.3320004272461,53.772214674893526,2.595930422118766,32.04436650092631,207.61812709161026,171.3168735187413,0.18343231274608873,192.12403604067492,189.38478834253212,0.023124356931449874,0.023760874249148255,-0.2571843679229502,-26845095,88.84758111267796,88.07596422219582,196.11083374023437,183.67083435058595,189.89083404541014,2118237.4258231823,2.9307747501961128
2019-05-29,197.5,197.8000030517578,192.64999389648438,194.14999389648438,173.56517028808594,1319186,5.2686310247405626,-0.019130797026543966,187.06000061035155,205.67900024414064,49.49013150622592,2.5896869359626953,30.085801413504726,205.52838230196627,172.21661739285796,0.17157747080264793,192.31698440789486,188.6524632479556,-0.006027183175510986,0.023843541027719482,-0.25487155222401786,-28164281,74.90705750352541,85.68774422103961,195.4908342997233,183.10083338419597,189.29583384195962,1108925.293562728,2.65259300395306
2019-05-30,194.0,198.25,193.8000030517578,197.10000610351562,176.202392578125,1367906,5.283711245125268,0.015080220384705356,189.16500091552734,205.1120004272461,52.68238416255683,2.6946526643743427,28.346358454050748,204.6353245121214,172.61967579305437,0.1624335247470902,192.77251028366825,188.1398595891038,-0.01894896470770746,0.023812843622143923,-0.21599157233782812,-26796375,85.87364812203404,83.2094289127458,195.09583409627277,182.81083348592122,188.953333791097,1526984.4513496654,2.2577355709999716
2019-05-31,198.0500030517578,198.5,190.6999969482422,194.5,173.87806701660156,3370473,5.270432163058501,-0.013279082066766534,190.86500091552733,204.54200042724608,49.70097769617008,2.503488835846847,26.511913375002703,203.39347224264438,173.14652867288297,0.15551127799363193,192.93703311379508,188.10642933238046,0.015194500642653264,0.023969730692910394,-0.18894503759124529,-30166848,76.20819573003395,78.99630045186446,194.93500137329102,182.18499984741212,188.56000061035155,56950.90519476775,4.010284345376768
2019-06-03,192.5500030517578,198.0,192.1999969482422,196.35000610351562,175.53192138671875,2324600,5.279898812108895,0.009466649050393627,192.24000091552733,204.0240005493164,51.79153717884215,2.4150212873396484,24.80850008731523,203.2800698361071,173.18993138459604,0.15324745360918168,193.26207816043515,188.0383955683048,-0.013191304023350003,0.023545468610708404,-0.1411659495343046,-27842248,83.08554340020352,81.72246241742384,194.76666819254558,182.0366663614909,188.40166727701825,663175.6599144326,2.953910298683695
2019-06-04,194.75,202.5,194.3000030517578,197.3000030517578,176.3812255859375,4667323,5.284725428496171,0.004826616387275884,193.78000183105468,203.6110006713867,52.874692932423066,2.3326185889435753,23.711050431787562,203.60573466162035,173.07426716943436,0.15474641165705733,193.6466424357992,188.6437198463932,0.009511599503936319,0.02345901390761697,-0.1388754786685362,-23174925,81.75439667283443,80.34937860102396,195.0366678873698,181.94166666666666,188.48916727701823,1201856.6522781667,4.156105839537711
2019-06-06,199.6999969482422,200.75,195.8000030517578,199.5,178.34793090820312,2810121,5.295814236329918,0.011088807833747438,195.41000213623047,203.18100067138673,55.375202045096565,2.3327924768830606,22.691990037369013,204.69701872191297,172.75798310914172,0.16009541660536966,194.20410506096118,188.91829105225898,0.004838283263109977,0.023148052141670067,-0.08328657195088389,-20364804,89.03108105846319,84.62367371050038,195.24250132242838,182.27250010172526,188.75750071207682,1913342.505408612,2.481201477815633
2019-06-07,198.9499969482422,199.9499969482422,191.4499969482422,192.1999969482422,171.82191467285156,2645450,5.25853648065816,-0.037277755671758506,196.27000122070314,202.61400054931642,46.54906174265853,1.7731299416721784,21.309492236208943,205.02905090259733,173.1159503181058,0.16604110869515495,194.0132376216546,189.58128021882018,0.011150516544417233,0.023397073607522953,-0.06601814478056586,-23010254,55.50753448223586,75.43100407117782,195.54583435058595,182.7558334350586,189.15083389282228,-1118819.7201172903,4.422476657108885
2019-06-10,193.0,195.0,190.8000030517578,194.1999969482422,173.60989379882812,1857605,5.268888540142714,0.01035205948455431,196.2300003051758,202.18300048828124,48.94979881169395,1.4813743636147119,20.153103455237122,205.3303141353571,173.13968708534603,0.16576018308893412,194.03102422418675,189.78876184787057,-0.03659149399377348,0.02252870307709852,-0.11335068701570515,-21152649,64.14684561528858,69.5618203853292,195.56833394368488,183.1933339436849,189.3808339436849,-428244.04581482033,2.1627173090850063
2019-06-11,194.89999389648438,196.35000610351562,191.0500030517578,195.4499969482422,174.7273406982422,1713021,5.275304576624956,0.006416036482241871,195.86499938964843,201.8440005493164,50.44781590005356,1.3215923858966276,18.781799214608952,205.94823840647706,173.44676281422608,0.16629048912626904,194.1661644836206,190.04766260623424,0.010405827428491499,0.02170261814398982,-0.05846957755720874,-19439628,69.54641507344654,63.066931723657,195.92250061035156,183.52250061035156,189.72250061035157,-61169.71784127463,2.711692573298594
2019-06-12,195.0,198.0,191.10000610351562,191.75,171.41964721679688,1166390,5.256192440247365,-0.019112136377590794,195.25,201.41000061035157,46.13259320110762,0.9339955218973999,17.72947821620072,205.8997586859571,174.70524314509757,0.16268326227306143,193.93605358041864,191.3908430844583,0.0064366633349286495,0.02048199086938778,0.008460987628062681,-20606018,45.97988292901364,59.891047872582924,196.4991673787435,184.17416737874348,190.3366673787435,-668951.106786836,3.5984322797832466
2019-06-13,191.5500030517578,191.8000030517578,185.8000030517578,188.10000610351562,168.15660095214844,2430739,5.236973768755233,-0.019218671492132522,194.64500122070314,200.89200073242188,42.28959787449755,0.42498948199388353,17.261684517194062,205.28071885068417,176.42428298037052,0.153410074077474,193.3802395349993,191.88187357947757,-0.01893065748792,0.020728737306617933,0.030659028076917033,-23036757,20.221653951011266,45.24931731782382,196.9575007120768,184.70750071207684,190.8325007120768,-1840841.30780965,3.1897925599736907
2019-06-14,187.0,188.39999389648438,184.0,184.75,165.1618194580078,2285350,5.2190035598283115,-0.01797020892692114,193.41000061035157,200.23800079345702,39.07245169349869,-0.11525465645041155,17.149682634411914,204.36579913080098,178.20920239507794,0.1415783314518162,192.55831196023746,192.2316871400867,-0.019035170255459533,0.021170241370462382,-0.006403909080568778,-25322107,4.054054054054054,23.418530311359657,197.47916692097982,185.16416753133137,191.3216672261556,-2671569.1850753333,2.3815934487060217
2019-06-17,185.0,202.39999389648438,183.89999389648438,199.9499969482422,178.7501983642578,36924875,5.298067320030222,0.07906376020191086,193.9550003051758,199.72000061035158,55.583209280921714,0.5373228078202197,17.27091112987094,204.36786819380958,180.45213302689356,0.11960857980461335,193.26228195909505,194.0386080410117,-0.01780970757476763,0.0276763795256905,0.32617761821660746,11602768,86.29031067212483,36.85533955906339,199.1316660563151,185.3366678873698,192.23416697184246,77889796.02911031,9.252313219483966
2019-06-18,200.89999389648438,201.14999389648438,191.85000610351562,193.89999389648438,173.3416748046875,7041882,5.267342530770959,-0.030724789259263474,193.70999908447266,199.17300048828125,49.79868140634177,0.545978531374171,17.383480447082892,204.06150158778766,181.88849841221233,0.1143527791311465,193.32301642932262,194.40820692002106,0.08227332583622293,0.02829925601090729,0.2701717311952021,4560886,53.7634232179627,48.03592931471386,199.8316650390625,185.84166870117187,192.8366668701172,60676481.22636336,4.796280601191586
2019-06-19,194.9499969482422,195.85000610351562,186.8000030517578,189.25,169.1846923828125,2901176,5.243068892317559,-0.02427363845340036,192.90499877929688,198.56100036621095,45.84922125998761,0.23868375345225257,16.54546978186,203.3731665103797,183.31183409997186,0.10600439846979037,192.93511010272047,194.5298988092639,-0.03025758011551194,0.028921243483067696,0.2624831052150742,1659710,28.763464236199415,56.27239937542898,200.5208323160807,185.96583506266276,193.24333368937175,50081205.237936184,4.782035958656704
2019-06-20,188.6999969482422,196.39999389648438,188.1999969482422,195.35000610351562,174.63795471191406,2061074,5.2747928527450805,0.0317239604275219,192.48999938964843,198.01000061035157,51.30511391075899,0.4349620997078567,15.853948269824725,202.8589837763075,185.0410177495714,0.09121047079616869,193.1651001980343,194.65111376064547,-0.02398140300595797,0.029673490252668116,0.27055478211756856,3720784,61.559185213746034,48.028690889302716,201.2283327738444,186.35833460489908,193.79333368937176,44722827.915344924,4.1975923685904695
2019-06-21,194.5,200.0,192.39999389648438,197.5500030517578,176.60467529296875,1872101,5.285991732305427,0.011198879560346597,193.025,197.48000061035157,53.138905717953385,0.6867002493539276,15.764558564972377,202.30200775253917,186.99299346816395,0.07749437634968948,193.58270999362702,194.9620283505342,0.03223252894856343,0.029719686268963423,0.30103684953782883,5592885,73.38712191440314,54.5699237881162,201.81083272298176,186.90583394368488,194.35833333333332,38922226.282695815,3.847130339716793
2019-06-24,197.60000610351562,200.89999389648438,195.3000030517578,199.4499969482422,178.30323791503906,1829459,5.295563563050549,0.009571830745121801,193.55,197.0670004272461,54.72468579622201,0.9392923768733978,15.815016721555155,202.82527573364473,186.95472457153107,0.07957157886661742,194.1414992273999,195.12908468956724,0.011261821753291379,0.026723396480047,0.29507932406087345,7422344,83.6021395112267,72.84948221312528,201.78999862670898,187.58000106811522,194.68499984741212,33858474.09000619,2.807716686092392
2019-06-25,198.39999389648438,205.5,197.10000610351562,200.39999389648438,179.1525115966797,5981431,5.300315338754045,0.004751775703495831,194.0449996948242,196.75500030517577,55.53490850210886,1.1164110412693855,16.50318398120952,203.04690136164098,186.86309772283167,0.08075750564727548,194.73754633874128,195.41761711028894,0.009617787229224017,0.026254999837047585,0.2560767928534717,13403775,76.38886730367383,77.79270957643456,202.03166529337562,187.6216677347819,194.8266665140788,29833312.248022623,4.191613848463165
2019-06-26,201.9499969482422,203.5,198.6999969482422,200.5500030517578,179.28660583496094,3406548,5.301063607433004,0.0007482686789597182,194.925,196.44400024414062,55.66981185694988,1.1833416694614798,17.14219643660286,203.45020674331315,186.72479325668687,0.08339772242391737,195.29111364474286,195.5698645128206,0.0047630832929455025,0.02620803816794762,0.23497076207803363,16810323,77.08335393740225,79.02478691743426,202.16583201090495,187.8558344523112,195.01083323160807,25644412.410859168,2.3934195854981017
2019-06-27,201.0,204.0,200.1999969482422,202.89999389648438,181.387451171875,2785295,5.312713216750371,0.011649609317366583,196.40499877929688,196.2320001220703,57.828338245840534,1.315400573962969,17.806755299014988,204.53613021281745,186.51386978718256,0.08882336603139329,196.0157689068135,195.78703567565148,0.0007485487018075165,0.025875416538098356,0.250051059308259,19595618,87.96293810726078,80.47838644944562,202.47333170572918,188.29833475748697,195.38583323160807,22915984.602145385,1.872845325809374
2019-06-28,203.4499969482422,204.25,199.14999389648438,200.64999389648438,179.3759765625,1125746,5.301562066294208,-0.011151150456162995,197.9949981689453,195.945,55.0637854789436,1.1847991410404637,18.158786466217332,204.9670245918176,186.43797418747928,0.09234513315708083,196.45712366773452,195.84675889472777,0.011717730286546546,0.0258651500763574,0.238385654888498,18469872,77.54627438403253,80.86418880956519,202.75416514078776,188.51416727701823,195.634166208903,19280425.58755319,2.541742466310129
2019-07-01,202.0,204.60000610351562,199.8000030517578,200.3000030517578,179.06312561035156,2895320,5.2998162579077075,-0.0017458083865005136,198.02999877929688,195.59100006103515,54.62631882390319,1.0149673887385058,18.54320830643635,205.44941414985675,186.53558493461588,0.09442750338028455,196.82311218049867,196.0768540002006,-0.011089206839246635,0.025655654716092074,0.21532226160576828,15574552,75.92594685704356,80.47838644944562,202.95416539510092,189.0141675313314,195.98416646321616,16381316.861823633,2.396406878994148
2019-07-02,202.0,202.14999389648438,197.25,200.1999969482422,178.9737091064453,1643088,5.299316851637575,-0.000499406270132674,198.65999908447264,195.2679998779297,54.49309714922776,0.8430898195447929,18.23294940685604,205.81827756569686,186.55172060324844,0.09623654973096435,197.1447202536171,196.16047090207903,-0.0017442853494783472,0.025594370771382265,0.20954820473133332,13931464,75.46295576789127,76.31172566965579,203.1266647338867,189.27666778564452,196.20166625976563,14017654.620332647,2.4475494361526753
2019-07-03,199.89999389648438,202.5,199.0,200.89999389648438,179.5994873046875,1156109,5.302807241440024,0.003490389802449201,199.8249984741211,194.90399963378906,55.31457000700723,0.7280728317206517,18.012591414736267,206.20715506734962,186.52284218606837,0.09798065445150672,197.5023653624616,196.1214398620135,-0.0004992815875782819,0.025586297190060454,0.23366700634443022,15087573,78.70368146439122,76.69752802977534,203.0299980163574,189.65000076293944,196.33999938964843,12130742.927690173,1.7421603316739813
2019-07-04,201.0,201.60000610351562,199.0,199.39999389648438,178.258544921875,1112054,5.295312826918331,-0.00749441452169286,200.22999725341796,194.69899963378907,53.10244212512536,0.51266624438449,17.807973279196474,206.1958783495348,186.5241182935316,0.0986547675935012,197.6830918895114,196.08742000051606,0.0034964883062569285,0.025544168046355422,0.21287393281753053,13975519,71.75923898223905,75.30862540484051,202.97833175659179,189.83333358764648,196.40583267211915,10159482.366591578,1.3039148360583104
2019-07-05,200.0,200.8000030517578,194.75,195.3000030517578,174.59324645996094,1509512,5.274536853508633,-0.020775973409698167,200.00499725341797,194.36599975585938,47.50964822999194,0.0785355584641132,16.56178515716774,206.17998860373717,186.85000864968077,0.09897583027140879,197.45613104782058,196.15209650956012,-0.007466401421459934,0.024558938061554587,0.2270361900733159,12466007,45.45455287252871,65.30582443971967,202.97666549682617,190.07666702270507,196.52666625976562,7823986.974220656,3.0977997732823686
2019-07-08,193.0,195.3000030517578,186.60000610351562,187.4499969482422,167.57554626464844,2485531,5.233512126901537,-0.04102472660709555,198.80499725341798,193.93499969482423,39.03309810090323,-0.7094255186563583,16.953442821288505,206.58515978510167,185.76983746831633,0.1110446660745093,196.50316589547978,196.02647076405194,-0.02056163977043557,0.026105232410561122,0.18799325093424205,9980476,4.497307509102799,40.57036645462352,203.02416559855143,189.6741671244303,196.3491663614909,3918926.9035495203,4.641236110899692
2019-07-09,186.1999969482422,189.5,185.14999389648438,186.35000610351562,166.59217834472656,1763656,5.227626658678235,-0.005885468223302048,197.3999984741211,193.4809997558594,38.009720848136226,-1.2454672796320878,17.54000860312261,206.9786699509096,184.4663282180357,0.12080676681259943,195.5361982962451,195.87318834965706,-0.0401946030765562,0.02605450099883199,0.1651038150932842,8216820,5.896864113588341,18.616241498406616,202.61249898274738,189.3575002034505,195.98499959309896,3081936.566864293,2.3343203439978635
2019-07-10,187.0500030517578,188.5,185.60000610351562,187.0,167.1732635498047,996851,5.231108616854587,0.0034819581763514407,196.0449981689453,193.03099975585937,39.02701162884838,-1.4809920890960884,18.084676829111427,207.25513102234495,183.71486714660037,0.1258837640414149,194.72322702993603,195.79979806333975,-0.005868182782794551,0.02577148501173107,0.17626967452484976,9213671,9.090936356997071,6.495035993229404,202.0833323160807,189.22833353678385,195.65583292643228,2734223.7809843007,1.5507988751253343
2019-07-11,187.9499969482422,189.0500030517578,184.3000030517578,188.10000610351562,168.15660095214844,1534438,5.236973768755233,0.005865151900645849,194.56499938964845,192.67199981689453,40.79765431861908,-1.4837178873478343,18.804024594277983,207.25513102234495,183.71486714660037,0.12514759761777922,194.09244408456266,195.85152288280815,0.003488027234747282,0.025451247816131596,0.19602475631909783,10748109,17.924545277224166,10.970781915936527,201.94999898274742,189.22000020345052,195.58499959309898,2584747.6930531594,2.5252524433125054
2019-07-12,188.3000030517578,189.1999969482422,186.3000030517578,187.14999389648438,167.30735778808594,861265,5.231910401737476,-0.005063367017756448,193.21499938964843,192.37499969482423,39.72472016350889,-1.467832570761514,19.426766548333188,206.97710620738258,184.23289135121115,0.12152933795312656,193.43125835236475,196.0470582557021,0.005882385580297411,0.025131307338389242,0.21347577025817963,9886844,13.443354976345274,13.486278870188839,201.96666564941407,189.38666687011718,195.67666625976562,2098610.5564043126,1.549555966370166
2019-07-15,187.5,187.75,184.10000610351562,184.9499969482422,165.34059143066406,1468874,5.220085501778015,-0.011824899959461455,191.67999877929688,192.0409997558594,37.27967138213409,-1.5175405211476787,20.37977020166405,206.9382449632596,182.77175259533414,0.1306650054970717,192.62351917101975,196.21788889990916,-0.005050569783120795,0.016389606879012017,-0.2250320235029941,8417970,4.146296803544208,11.83806568570455,200.73333231608072,189.63833414713542,195.18583323160806,1337163.574439083,1.97350308554253
2019-07-16,185.0,188.0,184.39999389648438,187.0500030517578,167.21798706054688,1638368,5.231375977109353,0.011290475331338534,190.36499938964843,191.84099975585937,41.01194859817393,-1.3278803566351132,21.181430251654923,207.0638656723401,181.961132801781,0.1342033277786852,192.09270811204243,195.92948999317215,-0.011755260593056982,0.01546432510134454,-0.13984303086225544,10056338,14.39022901581555,10.65996026523501,199.9908332824707,189.4658332824707,194.72833328247071,1637652.035205598,1.9246223174449684
2019-07-17,187.0,189.10000610351562,184.0500030517578,184.60000610351562,165.02772521972656,2612031,5.218191355132216,-0.013184621977137212,188.73500061035156,191.62899993896485,38.159010535656165,-1.2854752514484007,21.55033399855221,207.37325350528124,181.18674557919144,0.14185540119324563,191.3791174445637,195.66466307442835,0.0113544533017933,0.01481626356778481,-0.1583298480292307,7444307,2.6764134797087835,7.0709797663561815,199.55500005086265,189.43000005086262,194.49250005086262,489492.03321708576,2.735646199776392
2019-07-18,184.64999389648438,186.35000610351562,178.39999389648438,179.25,160.24496459960938,2057799,5.188781479479729,-0.02940987565248676,186.72000122070312,191.37899993896485,32.79422114494352,-1.5197316615439922,22.84496631568587,208.09664045188822,178.8533580222329,0.16314244033280514,190.22396340222429,195.05950015537638,-0.01309808558283887,0.013851086192992218,-0.23569549539039336,5386508,3.244296593447809,6.77031302965738,198.94333419799804,188.84333267211915,193.89333343505857,-1153183.572929405,4.435153253573919
2019-07-19,180.5,180.8000030517578,174.25,174.8000030517578,156.26675415039062,3277411,5.163642480680004,-0.025138998799725698,184.6700012207031,191.16899993896484,29.126217341866578,-1.8542137839159003,24.586701646660448,208.92203215485478,175.7529663192663,0.1897543778976205,188.75501479741794,193.55448994687256,-0.028981613903715564,0.014079678762938398,-0.30832985610268526,2109097,1.9469134575497788,2.6225411769021236,197.88916753133137,187.89416631062826,192.89166692097982,-3071938.626530258,3.7471412685378356
2019-07-22,175.0,175.9499969482422,172.60000610351562,175.0,156.445556640625,2605914,5.1647859739235145,0.001143493243510818,183.4250015258789,190.85,29.507829041598868,-1.9330034599652022,26.395844310082115,208.97750088900204,173.25249789029482,0.204142874278327,187.44501338814004,192.18557611877296,-0.024825645457418055,0.013707445161652714,-0.2970225854870864,4715011,8.026737078252598,4.405982376416729,196.57500101725262,186.80499979654945,191.69000040690102,-2558636.7016857085,1.914280482700893
2019-07-23,173.5,174.0,166.0,167.5,152.57427978515625,7116134,5.120983351265121,-0.04380262265839363,181.54000091552734,190.47600006103517,24.237412895222135,-2.334389889981397,28.718999298891074,209.53330646282103,169.40669292682742,0.2395618718566783,185.5454883035553,187.27027629805752,0.0011441472811815068,0.0156584271411848,-0.3612377344729969,-2401123,4.213482423678208,4.729044319826862,194.9633346557617,185.23333282470702,190.09833374023435,-9817546.45858775,4.776119402985075
2019-07-24,167.5,168.0,162.5,164.5500030517578,149.8871307373047,3311058,5.103214493935431,-0.017768857329690135,179.2950012207031,190.17400024414061,22.53264663299656,-2.6212412638410356,31.149457449964455,209.78841351966483,165.5515858699836,0.26883516760414106,183.54591827957458,184.53643264797338,-0.042857142857142816,0.015606790513902125,-0.3634363973661756,-5712181,5.352487959302462,5.864235820411089,193.20333455403645,183.40333302815753,188.303333791097,-9810412.820997056,3.3424490416265877
2019-07-25,164.5500030517578,165.39999389648438,160.6999969482422,161.35000610351562,146.9722900390625,2589689,5.08357595632577,-0.01963853760966039,176.62000122070313,189.85900024414062,20.821805632622755,-2.83124713728892,33.53682270230346,209.3436704473756,161.84133016297596,0.29440556856207395,181.4320218818547,182.09650907733212,-0.017611922079057818,0.014892537791593352,-0.4346694768852521,-8301870,1.8786388456948613,3.814869742891844,191.25416768391926,181.36416676839195,186.30916722615558,-9592781.974696957,2.912920217199657
2019-07-26,162.25,165.5,160.1999969482422,164.0500030517578,149.4316864013672,2768222,5.100171278009718,0.016595321683947617,174.31000213623048,189.61900024414064,25.93187930827129,-2.5991020729786616,35.79025198166194,208.2204791086169,159.304522417262,0.29817711540012526,179.77659151708357,180.4700674348077,-0.01944695769610927,0.016157503213633934,-0.38112678918607323,-5533648,13.13995120312675,6.790359336041358,189.3591677347819,179.44916712443035,184.4041674296061,-7154642.985160694,3.230724140910659
2019-07-29,163.89999389648438,164.0,153.10000610351562,154.35000610351562,140.5960693359375,4794798,5.039222790491515,-0.060948487518203365,171.2500030517578,189.15600036621095,20.75052142985433,-2.8874095570996774,38.33432107387744,207.83543615254575,155.09456567850896,0.34169658819881005,177.35501195388665,176.81496872299627,0.016733788943955608,0.019403318443803334,-0.39548116938060585,-10328446,3.462604756262974,6.160398268361528,187.4433339436849,176.92333424886067,182.18333409627277,-12776769.125485986,7.061868134410204
2019-07-30,151.9499969482422,154.75,149.0,149.6999969482422,136.36041259765625,4672764,5.008633271039758,-0.030589519451756253,167.51500244140624,188.49800018310546,18.810215287743958,-3.1579536473143355,40.903381942896594,207.2507839271104,150.6292179039443,0.3782335816796486,174.72120100096814,173.6797702151881,-0.059128294835702255,0.019548223108708178,-0.4485720821679687,-15001210,1.7412860730896051,6.114614010826443,185.05000101725258,174.44500071207682,179.7475008646647,-14055572.876192579,3.8410154423637195
2019-07-31,149.0500030517578,158.35000610351562,148.39999389648438,157.5,143.46536254882812,7616628,5.059425458265688,0.050792187225929375,164.80500183105468,188.0100003051758,30.542579641718632,-2.6014533093959633,42.201469370837735,204.66536480560046,148.8746376358058,0.3542268391732994,173.08108661992355,170.5889849685714,-0.030126394372507415,0.024311273749088955,-0.2880909534859258,-7384582,22.303934859935172,9.169275229762583,183.07000172932942,171.82000020345055,177.44500096638996,-3560530.8018644974,6.317468067956349
2019-08-01,156.5,157.89999389648438,151.75,154.14999389648438,140.4138641357422,2624505,5.037926114737506,-0.02149934352818139,162.2950012207031,187.42900024414064,28.62908550164522,-2.2613885112469454,43.40683626821165,202.03176900573192,146.98323343567432,0.3571102027225773,171.27812540816743,169.30831873333656,0.052104229864845086,0.024377219317153583,-0.27729438121010086,-10009087,14.127759890466672,12.724326941163817,180.97750091552734,169.37250061035155,175.17500076293945,-4307898.939984894,3.9896166980157335
2019-08-02,152.0,152.5500030517578,144.0500030517578,150.35000610351562,136.95248413085938,5958824,5.012965950029919,-0.024960164707587218,159.8500015258789,186.76400024414062,26.593809718506222,-2.0983706933542035,45.04666660138819,199.9661664351325,144.55383631144952,0.3685555561968632,169.2849711886768,166.71348068124323,-0.02126988002232144,0.024465362813740964,-0.19215209611003128,-15967911,13.98446753603936,16.805387428813734,178.70166753133137,166.85166753133137,172.77666753133138,-6927264.585765513,5.653474994971247
2019-08-05,148.0,151.85000610351562,146.3000030517578,147.0500030517578,133.946533203125,2208778,4.990772685753202,-0.02219326427671664,157.05500183105468,185.81300018310546,24.93591151437461,-2.0181776867087518,46.56936619648069,199.08911946959827,141.39088388733532,0.3923715361090789,167.16735517563689,165.1482700106525,-0.024651235442283204,0.02371514837652301,-0.18679232816333305,-18176689,6.65926702946792,11.590498151991317,176.47500127156576,164.9400006612142,170.70750096638997,-6978937.379321228,3.7742284505797357
2019-08-06,146.0,154.0,146.0,151.6999969482422,138.1821746826172,2974338,5.021904866237428,0.03113218048422528,155.4750015258789,184.865,31.423391510717295,-1.4821514493131165,47.3353734998483,197.44027282223317,139.57472961917307,0.38144722720596347,165.69427343969454,163.86217736304454,-0.02194880557228418,0.025613962652037164,-0.1509801077090285,-15202351,18.08509064910451,12.909608404870596,174.83583424886066,162.9358342488607,168.88583424886068,-4006138.675692261,5.2735663552646495
2019-08-07,152.4499969482422,154.9499969482422,149.39999389648438,150.0,136.6336669921875,3210045,5.0106352940962555,-0.01126957214117219,154.02000122070314,183.90700012207031,30.389332278221005,-1.090380612958695,47.762532632696434,195.35464899905747,137.96035344234878,0.38262863704472466,164.1995807311522,162.9070931250438,0.03162185515118754,0.02541909364339263,-0.18356567019108921,-18412396,16.1904678863733,13.644941854981909,173.18916778564454,161.0241668701172,167.10666732788087,-4213414.108267666,3.7000020345052085
2019-08-08,152.0,157.8000030517578,151.5,157.10000610351562,143.1009979248047,3426285,5.056882584112724,0.04624729001646877,153.59500122070312,183.16600036621094,39.36399621711681,-0.24548270756789492,47.332005437984705,192.31465524433872,137.9003471970675,0.3463673197531055,163.52343076661538,161.98234307965186,-0.011206308387878172,0.028358424738214098,-0.15271465473052104,-14986111,40.909108302983164,25.061555612820325,171.68250122070313,159.3625,165.52250061035156,-136262.8910317095,4.01018638255599
2019-08-09,157.8000030517578,165.10000610351562,157.39999389648438,162.64999389648438,148.1564483642578,5025774,5.091600615393903,0.03471803128117834,153.4550003051758,182.4770001220703,45.300660211501295,0.74077647912946,45.18658289564012,189.14631530019582,138.61868714121042,0.3106525057181545,163.44024630279338,161.65776918174126,0.0473333740234374,0.03001226464772291,-0.11352644219273854,-9960337,62.10348160258569,39.73435259731405,170.6308354695638,157.830832417806,164.2308339436849,3867915.286289924,4.73409929048739
2019-08-13,162.6999969482422,165.0,158.0,158.6999969482422,144.5584259033203,3038805,5.067015608302635,-0.024585007091267208,153.88999938964844,181.76100006103516,42.138523598926184,1.1559816301167718,43.19440482060587,185.97883441896425,139.16116802244198,0.29500735536744344,162.98879398331232,161.1343810338422,0.035327737602453,0.03025611579230254,-0.1334925428023187,-12999142,61.169084606332746,54.72722483730053,169.54666900634766,156.4116653442383,162.97916717529296,1600603.0344909206,4.410838144050471
2019-08-14,158.6999969482422,164.0,156.85000610351562,162.9499969482422,148.4297332763672,3230504,5.093443386555385,0.026427778252749334,155.21499938964843,181.09299987792969,46.468286320727735,1.7121653671501242,41.52494175183431,181.9159169579576,140.81408487309707,0.2522358567328829,162.98509902759136,160.5872112970448,-0.02428525727923536,0.030942577277555564,-0.1105887311840017,-9768638,88.11187219321826,70.46147946737891,168.463335164388,154.97333272298175,161.71833394368488,3333322.886706503,4.387845369985142
2019-08-16,162.0,166.4499969482422,161.6999969482422,164.25,149.61386108398438,4814865,5.10138965736472,0.00794627080933541,155.88999938964844,180.43199981689452,47.756092090002944,2.135391395449542,39.41428607225072,178.00792171023474,142.6870795104684,0.21504317929842515,163.10556578686837,159.9523787379731,0.026780088731735097,0.031061819548027912,-0.07642734987426184,-4953773,90.17858237636631,79.81984639197243,167.35916798909506,153.89916585286457,160.6291669209798,3751325.216291557,2.89193302891933
2019-08-19,163.9499969482422,165.89999389648438,162.5,163.64999389648438,149.0673370361328,2539598,5.097729963651035,-0.0036596937136854635,156.83999938964843,179.71499969482423,47.19180285069557,2.326974765524821,37.45439151263737,175.06515391037547,144.06984669997607,0.18939999001775254,163.1574160830223,159.51955197585852,0.007977926211135467,0.030560592877302072,-0.06572178316021562,-7493371,87.49998297009685,88.59681251322714,166.26583353678387,153.26083323160805,159.76333338419596,2997739.5710390387,2.0776009919285525
2019-08-20,163.5,166.0,162.60000610351562,165.1999969482422,150.47921752929688,1816108,5.107156842613767,0.00942687896273231,158.3249984741211,179.1749996948242,48.87249868830458,2.495230803540288,35.609772010426234,173.2011402744575,144.97385972554252,0.1708673188278489,163.35194759399562,158.90643427897336,-0.003653005196442183,0.030297491737542658,-0.018665758614160578,-5677263,94.4196413366158,90.69940222769299,165.50749969482422,152.81750030517577,159.1625,2971630.0526508586,2.0581077235428804
2019-08-21,165.1999969482422,166.25,160.25,162.4499969482422,147.9742889404297,3119072,5.090370243329281,-0.01678659928448578,159.86499786376953,178.53999969482422,46.070940267203305,2.359942177296916,34.354748210156274,170.67636436089091,146.24363533393333,0.15040153577067805,163.2660475324953,158.54260454052735,0.009471451937470121,0.03044922320696633,-0.044039063371905454,-8796335,82.14285227717053,88.02082552796105,165.06333338419594,152.10833307902018,158.5858332316081,1321761.7594150219,3.6934442060418418
2019-08-22,161.89999389648438,165.4499969482422,161.25,163.3000030517578,148.74851989746094,2229324,5.095589018664465,0.0052187753351837785,161.0249984741211,177.89699981689452,47.08071190122715,2.265854883141447,33.18936896704846,169.97194385903586,146.52805614096414,0.14356330238794424,163.26928139147267,157.64053176754132,-0.016646489411628607,0.029024362083159543,0.014030963333155124,-6567011,85.93752341611683,87.50000567663439,164.5816665649414,152.0066665649414,158.2941665649414,1403644.223314857,2.571951543020487
2019-08-23,161.64999389648438,168.3000030517578,161.64999389648438,165.60000610351562,150.8435821533203,2414430,5.109575278808137,0.013986260143671991,162.58499908447266,177.37399993896486,49.81871029223462,2.2898950733332786,31.3267017873643,170.14561853518518,146.4593817699906,0.1430328254359389,163.491255173572,157.55313973564643,0.005232416863550027,0.028927263193688307,0.03245188586042801,-4152581,88.86599196601159,85.64878921976633,164.6475003560384,151.95749944051107,158.30249989827473,1996437.3868778227,4.015705863631765
2019-08-26,167.0500030517578,168.0,164.0,166.4499969482422,151.6178436279297,1727710,5.114694945686653,0.005119666878515616,163.5199981689453,176.94099975585937,50.8311742023572,2.2889595300798495,29.597082263371867,170.86271144679756,146.2522879428509,0.14785475491236746,163.77304010449296,157.5828388283786,0.014084525467086717,0.028545196855098497,0.06506891381338789,-2424871,91.70400963972156,88.83584167394999,164.79583384195965,152.1758326212565,158.48583323160807,1921023.143372781,2.403124105339458
2019-08-27,167.5,173.0,167.5,172.0,156.67327880859375,2162552,5.147494476813453,0.03279953112680012,164.4549987792969,176.68599975585937,56.94021772854512,2.5671455208758402,28.187684198239882,172.40464102488846,145.50535805958418,0.15639118003083885,164.55656009454125,157.76912992028363,0.005132794766898874,0.02923148796394915,0.06739690098469682,-262319,96.29629629629629,92.28876596734314,165.18500035603842,152.54499944051105,158.86499989827476,3361187.00854595,3.1976744186046515
2019-08-28,172.5,172.9499969482422,167.0,168.5500030517578,153.5307159423828,2366161,5.127232459786019,-0.020262017027433465,165.43999938964845,176.0579998779297,52.56787705192163,2.4254864941320196,26.747251943063787,173.55917379599555,145.77082498330134,0.16486709172091235,164.93688799522855,158.22651382631176,0.03334336529596693,0.02600420064316535,0.10796710602503533,-2628480,81.14408560437073,89.71479718012954,165.55500030517578,153.40999908447264,159.4824996948242,1714839.11746086,3.5301078852042975
2019-08-29,167.5500030517578,172.39999389648438,167.25,169.60000610351562,154.48716735839844,2913894,5.133442759345512,0.006210299559493038,166.1050003051758,175.5720001220703,53.732348538660965,2.309754057240107,25.409707706114556,174.40658472292438,146.91341497189984,0.1621059478868417,165.38099448173207,159.24526856164636,-0.020058121792105754,0.024676297082828452,0.16101580765569087,285414,84.18607490007267,87.20881893357989,166.45500005086265,154.36999944051107,160.41249974568686,1906947.4710377057,3.0365528957239944
2019-08-30,169.60000610351562,172.14999389648438,168.5,171.25,155.99012756347656,2026816,5.143124477142335,0.009681717796822475,166.80500030517578,175.21200012207032,55.57792318055823,2.2493644074772714,24.167702343233124,175.75272360752416,146.94227608730006,0.16823618989911884,165.9399473882338,160.20334712727444,0.006229623451477373,0.022259554682936274,0.08767364569123334,2312230,89.16408259212439,84.8314143655226,166.9341657002767,155.47916692097982,161.20666631062826,2112274.122217587,2.131383297217153
2019-09-03,170.0,176.5,167.5,170.25,155.07920837402344,3516636,5.137267945029622,-0.005856532112712642,167.46500091552736,174.71,54.167671355141174,2.0525850936597734,24.027739699268274,176.65796302090763,147.64703728426815,0.17040191328422602,166.3504285893544,161.0949598357089,0.009728737247080677,0.021579016387817507,0.07335092533067554,-1204406,68.19337434441543,80.51451061220416,167.91749954223633,156.1775001525879,162.0474998474121,1308144.104757932,5.286343612334802
2019-09-04,169.25,176.89999389648438,168.8000030517578,175.89999389648438,160.22573852539062,3883974,5.1699156170447305,0.03264767201510832,168.53500061035157,174.27699981689454,60.297457678073435,2.200343695764026,23.98136608514346,178.05256354291734,148.8074355415553,0.16625997166647177,167.25991099955726,163.17143016890586,-0.005839416058394109,0.021241039703147307,0.07681066242395165,2679568,95.01246579137228,84.1233075759707,169.14166539510092,157.44166692097983,163.29166615804036,4256184.860378799,4.604884096524379
2019-09-05,175.85000610351562,175.85000610351562,172.85000610351562,173.75,158.26734924316406,3388610,5.157617484444901,-0.012298132599829259,169.66500091552734,173.7629998779297,57.164368515267306,2.0535142115575864,23.93830487202756,177.9684119965347,151.56158678276216,0.15198172784905065,167.87801471388514,164.33863988941798,0.03318645460490077,0.02061934714038908,0.0795808830271433,-709042,81.08111080359319,81.4289836464603,170.30166524251302,158.8566670735677,164.57916615804038,2607374.0492438395,1.7266187050359711
2019-09-06,175.0,176.6999969482422,174.60000610351562,175.25,159.6336669921875,2010523,5.166213525914699,0.008596041469798088,170.86000061035156,173.26,58.773847369723214,1.957993375308606,24.093978498846848,178.45778091467582,153.42721816979684,0.1428277474743451,168.580108550658,165.4163560168926,-0.012222819619593817,0.019895124027616232,0.04639614012548055,1301481,90.09012311510355,88.72789990335635,171.2541648864746,160.39916763305663,165.82666625976563,2665718.3993518627,1.1982829356499642
2019-09-09,175.60000610351562,177.89999389648438,174.0,176.6999969482422,160.95448303222656,1583348,5.174453362054808,0.008239836140108814,171.96999969482422,172.78299987792968,60.325697972406374,1.8919854247518986,24.5105857734321,178.3145035673306,156.24049521196625,0.12492364876401288,169.35343125518983,166.4979828063709,0.008633093525179936,0.019405678176395765,0.10231347335833171,2884829,93.20114808378936,88.12412733416204,172.40916442871094,161.71916809082032,167.0641662597656,2612880.023445221,2.207127314001446
2019-09-11,177.0,180.0,176.1999969482422,179.10000610351562,163.14060974121094,2119204,5.18794434314548,0.013490981090671816,173.23500061035156,172.30700012207032,62.82036570499262,1.904251167187355,25.34066067367098,179.52261133615693,157.23238744313997,0.12445685724953984,170.28167647883993,167.6260397917572,0.00827387702277993,0.01718203192331041,0.07699906531095568,5004033,95.44306887856013,92.91144669248435,173.432497660319,162.99250132242838,168.21249949137368,2966198.448937631,2.1217213412943714
2019-09-12,179.10000610351562,181.60000610351562,176.64999389648438,177.10000610351562,161.31881713867188,1332394,5.176714579252455,-0.011229763893024547,173.74500122070313,171.83600036621092,59.4648043108259,1.6797958748239017,26.420460409931586,180.5359543813457,157.66404561865428,0.12914685473992982,170.93104120499953,168.4707103204505,0.013582395001265457,0.016225570726022247,0.026586221902930335,3671639,77.88698451926956,88.84373382720635,174.1316645304362,163.96666819254557,169.0491663614909,2161771.8133751126,2.795037852306989
2019-09-13,178.0,181.0,175.10000610351562,180.60000610351562,164.50692749023438,1615075,5.196284674778652,0.019570095526196596,174.95000152587892,171.4420004272461,63.17215576337032,1.6659032976281472,26.760948457274328,181.63191280258278,158.7580881129446,0.12665461747840392,171.85189500485822,169.27492800007693,-0.011166945459756383,0.015077385293812294,0.10265239874246607,5286714,94.98747173875134,89.43917504552701,174.99333114624022,164.93833541870117,169.9658332824707,2660484.7686072392,3.266884660625448
2019-09-16,178.5,183.0,177.14999389648438,180.60000610351562,164.50692749023438,2527053,5.196284674778652,0.0,176.0500015258789,171.05000061035156,63.17215576337032,1.557556868920141,27.490046778002434,182.86064773962718,159.2943540914275,0.13048888622236288,172.6850484428256,170.34473729584766,0.019762845168702192,0.014362306277799488,0.06760985116294697,7813767,87.36845317639802,86.74763647813963,175.87749837239582,165.95250142415367,170.91499989827474,2280415.5159490625,3.239205927912616
2019-09-17,179.9499969482422,180.64999389648438,175.8000030517578,177.75,161.91090393066406,3102533,5.18037806868335,-0.015906606095302145,176.70000152587892,170.58700073242187,58.14959402265541,1.2102575762282042,27.60398595857801,183.4401672409512,160.0648345901035,0.1315067940975962,173.1674247816041,171.45775728099312,0.0,0.015089197794905442,0.050113688676594124,4711234,67.1875,83.18114163838311,176.57916463216145,166.64416859944663,171.61166661580404,691465.0156193904,2.728546185500176
2019-09-18,177.64999389648438,181.89999389648438,177.5,179.85000610351562,163.8237762451172,3058152,5.192123204078333,0.011745135394983564,177.66000213623047,170.1960009765625,60.6332347198179,1.0445330535807238,27.984712579099405,184.13665092160295,160.98835213015485,0.1287089130156866,173.80386109797664,172.36254359562966,-0.015780764159454508,0.015069185103317903,0.07064331730845351,7769386,80.31253814697266,78.28949710779023,177.41583150227865,167.3808354695638,172.39833348592123,1510132.5655992655,2.4464797037326127
2019-09-19,180.25,181.25,174.35000610351562,175.1999969482422,159.58815002441406,1760079,5.165928161083582,-0.026195042994751283,177.59000244140626,169.7940008544922,53.11639001791599,0.568152725767233,27.119186677506626,184.17604803111263,161.94895502064517,0.1268669714476868,173.93682641704953,172.81575037800394,0.011814380329201901,0.01649995338747815,0.02389625007346738,6009307,50.4761710999504,65.99206974897436,178.2074981689453,167.82250213623047,173.0150001525879,125201.70422729687,3.938352749242787
2019-09-20,175.1999969482422,189.10000610351562,173.35000610351562,185.1999969482422,168.69705200195312,5194630,5.221436305733905,0.0555081446503225,178.73500213623046,169.74900085449218,63.57465027897954,0.8556664258533706,27.85547478831717,185.39258832552,163.00741472623784,0.1208702698064198,175.00950932478216,174.410663391854,-0.025854929093508283,0.019773432571526986,0.0907330041895613,11203937,81.94440716089117,70.91103880260475,179.67333170572914,168.31333567301434,173.99333368937172,7528215.74648054,8.504319794563306
2019-09-23,187.5,192.4499969482422,184.8000030517578,189.1999969482422,172.3406219482422,2134581,5.24280464048798,0.021368334754074958,180.1300018310547,169.80600067138673,66.76795352291968,1.2220459405139983,29.010087815321192,187.31887036815806,163.6711320732482,0.12498804797221516,176.36098433654024,175.5012914513246,0.05707762656499482,0.020043767516316847,0.09825791166024754,13338518,86.97394630251057,73.13150818778405,181.1199981689453,169.41500244140624,175.2675003051758,7672516.925554749,4.043337219808263
2019-09-24,190.0,191.39999389648438,185.25,186.25,169.6534881591797,1878154,5.227089857259669,-0.015714783228310658,181.08500213623046,169.7910006713867,62.42166980582606,1.1723329416236123,30.0822284832535,188.32120572833287,164.73379610272184,0.1266438100703948,177.30279535210784,176.44951914446793,0.021598272494129045,0.02062659612685652,0.06508784355699916,11460364,73.78436131789518,80.90090492709896,182.21749725341797,170.5625030517578,176.3900001525879,5784936.140714235,3.3020101457634223
2019-09-25,186.0,187.5,181.89999389648438,184.9499969482422,168.46929931640625,3128869,5.220085501778015,-0.007004355481654123,181.6700012207031,169.72800048828125,60.551076545874096,0.9670540257141766,29.957616681997195,188.83430410543016,166.0706977256245,0.12307978780976131,178.0311002660254,177.2980150800099,-0.015591950295058332,0.02083304736526992,0.06120863714396343,8331495,61.73467600359672,74.16432787466749,183.22916412353516,171.41416931152344,177.3216667175293,4377439.656533571,3.027848713662198
2019-09-26,184.9499969482422,188.64999389648438,183.6999969482422,184.39999389648438,167.9683074951172,2459090,5.2171072780231675,-0.0029782237548472423,182.4,169.67300048828125,59.735468191126756,0.7206896029328957,30.039988610148747,189.54923463465826,166.59576658604487,0.12447651197590956,178.63766156416432,177.95868217974171,-0.00697988215708889,0.019836101354734067,0.0004792881805949265,5872405,57.853366961270616,64.45746809425417,183.9391637166341,172.17916920979818,178.05916646321614,3558875.8478077585,2.684380212626764
2019-09-27,184.10000610351562,185.8000030517578,181.0,181.85000610351562,165.6455535888672,1715776,5.20318220499646,-0.013925073026707757,182.525,169.6110006713867,55.97118747068346,0.33221145930227935,29.281823510466513,189.44566777006088,168.02933375581802,0.11776922351078674,178.94359913934062,178.51300632701225,-0.0029737932459210636,0.01948976995145065,0.0009774156343126208,4156629,44.50263913266125,54.69689403250953,184.55083084106445,172.90583572387695,178.72833328247071,2425435.3187682577,2.6395396704168803
2019-09-30,183.0,184.39999389648438,176.3000030517578,181.64999389648438,165.46337890625,3073573,5.202081725066794,-0.0011004799296658874,182.62999877929687,169.50300048828126,55.674832826723346,0.024236629670286725,27.35661793224218,189.2501252837195,169.42987502145627,0.10911230899109235,179.20135102097336,179.14420541420685,-0.013828567664705194,0.019514185288018238,0.02507069851920032,1083056,43.45545430070374,48.603820131545206,185.24999720255533,173.31000239054362,179.27999979654948,1991122.8276296982,4.459119800104396
2019-10-01,181.6999969482422,182.5500030517578,167.35000610351562,169.10000610351562,154.0316925048828,5019342,5.130490291998654,-0.0715914330681402,181.76499938964844,169.19300048828126,41.00424487503072,-1.0053375631634576,26.895054051065205,189.53037550596514,168.93462540956222,0.12179627056781481,178.23931817169168,178.89485735967602,-0.0010998746236906554,0.025312024592530114,-0.0660439241439255,-3936286,6.972114096876932,31.643402510080644,185.94583104451496,172.85083592732747,179.39833348592123,-7292277.694708167,8.988761915796392
2019-10-03,169.10000610351562,172.60000610351562,167.1999969482422,168.85000610351562,153.80397033691406,2587269,5.129010782979137,-0.001479509019516989,180.66499938964844,168.98500061035156,40.77375561062747,-1.6459764230718918,26.489511297386052,189.71943239991248,168.60556912596644,0.12504508445798881,177.34509797472253,178.9344379928714,-0.06908884235977752,0.025280784621026297,-0.06044312025138819,-6523555,6.534689723855198,18.987419373811957,185.6724983215332,172.93750228881837,179.30500030517578,-6342926.202607,3.1981101332995476
2019-10-04,169.6999969482422,174.5500030517578,166.75,168.8000030517578,153.7584228515625,2865252,5.128714600240991,-0.00029618273814602247,180.025,168.86500061035156,40.72444751040476,-1.9927399523678608,25.645143780692024,190.22206159068168,167.39294085072459,0.1352436038342794,176.53127941063067,178.82367853058267,-0.001478415085608975,0.024038103563994443,-0.14313404463958793,-9388807,7.976666518234849,7.161156779655659,185.46583251953126,172.76083526611328,179.11333389282225,-5457261.222813883,4.620854804941063
2019-10-07,167.5,168.1999969482422,163.5,164.35000610351562,149.70497131347656,1684274,5.10199833724753,-0.026716262993460305,177.94000091552735,168.65200073242187,36.49469306352728,-2.413385674386272,25.399898720414054,191.22535467838506,165.44964837337275,0.15683422785380072,175.37115814328638,178.68884634810996,-0.0002961388803690568,0.024563560285889168,-0.14241730645367687,-11073081,2.9361181109459027,5.815824784345317,185.11083221435547,172.23583526611327,178.67333374023437,-5748368.785269566,2.8597485693319054
2019-10-09,163.0,169.9499969482422,162.5500030517578,168.85000610351562,153.80397033691406,1858232,5.129010782979137,0.027012445731606327,175.90500183105468,168.6790008544922,42.947812982102434,-2.281619889093175,24.74650677141181,191.5001996473385,164.53480401477088,0.15970029409436995,174.7500960442606,178.39048375363154,-0.026362540685960334,0.025355246671384123,-0.1019805043927678,-9214849,21.070248621350267,10.66101108351034,184.955832417806,171.55083516438802,178.25333379109702,-3732595.5302310567,4.382584322767342
2019-10-10,168.8000030517578,169.5,165.0,165.85000610351562,151.07131958007812,1585971,5.111083802194481,-0.017926980784655377,173.86500244140626,168.70500091552734,40.02761150311252,-2.2839528585852094,24.139785675909724,191.9618357600986,162.9881688175381,0.17469801553384642,173.90246843085632,178.09580043434485,0.027380589186992044,0.02549244754408065,-0.1334509421990897,-10800820,11.03680175715964,11.681056163151936,184.5149996439616,171.05000178019205,177.78250071207682,-3879069.4544837633,2.7132950463633483
2019-10-11,166.6999969482422,170.3000030517578,165.64999389648438,166.5,151.66339111328125,1199478,5.1149953094204985,0.003911507226017186,172.02000274658204,168.80800079345704,40.96422357252403,-2.1320743575529493,23.36713784689976,192.07138533803362,161.61861862925156,0.18289949975244482,173.19747143744144,177.8257163546393,-0.0177672483953647,0.0252550254527327,-0.17360928435642156,-9601342,13.210694831301039,15.105915069936982,184.0099998474121,170.46000137329102,177.23500061035156,-3213537.621133614,2.792798291455518
2019-10-14,166.9499969482422,172.14999389648438,166.5,169.9499969482422,154.80596923828125,1843627,5.1355042581853265,0.020508948764828006,170.57500305175782,168.92600067138673,45.802408940087595,-1.7079517341794235,22.17166930375028,192.0060948001767,160.96890825158113,0.18262540221196863,172.8881881527558,177.50518468599984,0.003919167154438741,0.025736581061625498,-0.1420574844050005,-7757715,24.74914851857031,16.332215035676995,183.5991653442383,169.9791687011719,176.78916702270507,-1845816.8861578268,3.3245036763402034
2019-10-15,169.9499969482422,173.8000030517578,168.64999389648438,173.3000030517578,157.85745239257812,1647100,5.155024214331242,0.019519956145915174,169.72000274658203,169.30500061035156,50.08049090357591,-1.1379133925424576,20.65276165375413,191.5802931719863,160.66470957459572,0.1783934394286037,172.92740861932742,177.27750394407596,0.02072070239184498,0.0257343350263147,-0.1433344379494177,-6110615,37.261710264857754,25.0738512049097,183.21249923706054,169.66750106811523,176.44000015258788,-793872.3234066251,2.971730562367812
2019-10-16,173.6999969482422,177.8000030517578,172.85000610351562,177.4499969482422,161.6376190185547,1914748,5.178688861894659,0.02366464756341724,169.3000030517578,169.86000061035156,54.836505691182886,-0.45265337053976906,19.99867956724034,191.30080675980872,160.629195071246,0.17284650445786648,173.3581313173193,177.07847398880025,0.019711716173409943,0.02636901306952051,-0.12115360854200068,-4195867,57.08811924543215,39.6996593429534,182.95666554768883,169.50166829427081,176.22916692097982,454708.3675522732,2.7895165023226123
2019-10-17,177.35000610351562,182.5,175.10000610351562,181.0,164.87130737304688,1323156,5.198497031265826,0.01980816937116714,170.49000244140626,170.33000061035156,58.480602337987705,0.2316445803807669,20.24219835453301,191.60375093623034,160.65125089482436,0.17100828752158,174.08592833471747,177.08227666312624,0.023946877226799224,0.026494746147948216,-0.09655854103127848,-2872711,70.68966827614793,55.01316592881261,183.15749918619792,169.44750162760414,176.30250040690106,1060779.7204664713,4.0883944179471685
2019-10-18,180.0,186.89999389648438,179.0500030517578,186.0500030517578,169.47129821777344,1620760,5.226015471195522,0.027518439929695937,172.21000213623046,170.96800079345704,63.04817851616995,0.9746660253203858,21.122001472688076,192.43905430737718,160.43594721850175,0.17201347252852442,175.22536402205466,177.14795542552216,0.020005652932151063,0.02707047830919935,-0.07671822443770324,-1251951,96.50927653260024,74.76235468472677,183.54249903361003,169.48750178019205,176.51500040690104,2078503.0384236886,4.219290898126323
2019-10-22,184.5500030517578,188.35000610351562,183.39999389648438,185.0500030517578,168.56039428710938,3680040,5.220626075323696,-0.005389395871826075,173.83500213623046,171.6620007324219,61.60297345806199,1.3272252848402424,22.134922487948824,193.34975276020293,160.51024937602756,0.1774628632402145,176.16104392964544,177.79821499148636,0.027900569346728243,0.026336888824960197,-0.07161506017540602,-4931991,87.20929201001402,84.80274560625406,183.8783332824707,170.01833419799806,176.94833374023438,1255854.0329345905,2.6749592679805305
2019-10-23,185.14999389648438,185.64999389648438,181.39999389648438,183.5500030517578,167.19407653808594,2078362,5.212487126569146,-0.008138948754550235,175.7550018310547,172.39200073242188,59.40337214442263,1.3816348252849393,22.524787745446762,193.11610118127865,160.57890156530337,0.17726613497685628,176.86475432222758,177.51643141110517,-0.005374899132475686,0.02314116770335135,-0.13388664586382,-7010353,81.39533920934642,88.3713025839869,183.3524996439616,170.64250055948892,176.99750010172528,631083.0282296492,2.315445344232207
2019-10-24,184.60000610351562,184.60000610351562,180.64999389648438,181.6999969482422,165.50894165039062,1215140,5.20235695860654,-0.010130167962605796,177.04000091552734,172.99200073242187,56.713714681268996,1.2208320628245177,22.68179620702046,191.9093842512428,161.0356184953392,0.1699161600134649,177.32525361994325,177.10433034997627,-0.008105917185964318,0.02265038994078231,-0.15671542608911448,-8225493,74.22477376482188,80.94313499472743,182.84250055948894,170.50249964396158,176.67250010172526,219783.10753598838,2.1739197982245555
2019-10-25,182.8000030517578,184.1999969482422,178.9499969482422,181.0,164.87130737304688,2541205,5.198497031265826,-0.0038599273407138313,178.55500030517578,173.61200073242188,55.68630896691238,1.0041763192188036,22.363876861106416,191.14323547952242,161.27676726705963,0.16500811167106516,177.67522946566294,176.90670564206704,-0.010079030633379782,0.0224243898240768,-0.13862890048055082,-10766698,71.51160761969425,75.71057353128752,182.48500086466473,170.2349993387858,176.36000010172526,-65733.87137740824,2.9005524861878453
2019-10-27,182.10000610351562,183.3000030517578,181.0,181.85000610351562,165.6455535888672,108509,5.20318220499646,0.004685173730633707,180.09000091552736,174.10700073242188,56.71180489945908,0.860499313887729,22.068666039900513,190.6833922955076,161.42661136660178,0.1608841349845861,178.07282724069654,176.3334949229315,-0.003852487396802662,0.02241757491038902,-0.15591502100555152,-10658189,74.8062045304404,73.5141953049855,182.18333435058594,170.26333312988282,176.22333374023438,-43167.130854010364,1.2647802994565571
2019-10-29,181.5,190.10000610351562,181.1999969482422,186.85000610351562,170.20001220703125,3239605,5.230306188596815,0.027123983600355395,181.78000183105468,174.5910009765625,62.24641307248509,1.032977417242239,22.930563116204205,191.1210102931934,161.23399458961913,0.1599519118400068,178.9087490371555,176.537494600784,0.004696166317765815,0.02326706790925543,-0.0914571067449816,-7418584,88.20326809440176,78.17369341484547,182.40416870117187,170.08916625976562,176.24666748046874,2277003.173553705,4.763183764812295
2019-10-30,187.75,188.5,184.4499969482422,187.8000030517578,171.06536865234375,1410885,5.235377583024204,0.005071394427388576,183.2300018310547,175.17300109863282,63.208904803505845,1.133757732892891,23.730896115629058,192.0806245707967,160.86938000684003,0.16619405781029095,179.7555351337843,176.62587300070555,0.027495187419206424,0.023019017310496402,-0.044314642119776856,-6007699,90.83664345629118,84.61537202704444,182.56833521525064,170.32833277384438,176.4483339945475,2143193.64080613,2.156551110726888
2019-10-31,190.3000030517578,194.39999389648438,189.10000610351562,190.3000030517578,173.34259033203125,4163472,5.248601790338666,0.01322420731446261,184.51500244140624,175.72000122070312,65.68796858270281,1.2806497040143103,25.24413677688982,193.51043145856198,160.30457403460207,0.17449215392250195,180.7597701735913,177.73122376217478,0.005084275714263953,0.02314645243765182,-0.1181083666120315,-1844227,85.73916227921195,88.25969127663497,182.95250193277997,170.99249979654945,176.9725008646647,3323977.4064052543,2.7850697361929413
2019-11-01,191.39999389648438,196.75,188.10000610351562,189.1999969482422,172.3406219482422,4995111,5.24280464048798,-0.0057971498506868,185.33500213623046,176.21900115966798,63.65551430272506,1.2160804086199746,26.90741687471303,194.93151599316616,160.89348858447056,0.1799050103473685,181.56360129498663,179.8379795530118,0.013312033862486139,0.01607780742723162,-0.11498587658012391,-6839338,75.04131222559401,83.87237265369906,183.54250157674153,172.23749974568688,177.89000066121417,2064173.1215276415,4.5718784545491715
2019-11-04,189.75,190.64999389648438,184.8000030517578,185.5500030517578,169.01585388183594,2125782,5.223324403953698,-0.01948023653428166,185.28500213623047,176.65700134277344,57.31814774425458,0.8568501602695058,27.49431306867847,195.5432886509228,161.95171562153817,0.1810378468170356,181.9432586051553,180.80879088755998,-0.0057803788012364965,0.016968282038993927,-0.12954756864392833,-8965120,60.14236827215158,73.64094759231918,184.4375005086263,173.0875005086263,178.7625005086263,660849.629129929,3.1527840196772994
2019-11-05,185.39999389648438,187.64999389648438,177.9499969482422,179.85000610351562,163.8237762451172,8595442,5.192123204078333,-0.031201199875364516,184.76500244140624,176.95000152587892,49.097608559815995,0.19898423793528375,26.41884627383688,195.46570593465884,163.13429864297785,0.17976873057803577,181.74390122404677,181.61847339079574,-0.019291722808446266,0.01872762292841327,-0.19357771539270208,-17560562,29.288710408539817,54.824130302095135,185.1216667175293,173.58166732788087,179.35166702270507,-6432699.342001879,5.393381495166142
2019-11-06,178.0,178.60000610351562,167.14999389648438,168.5,153.4851531982422,6895790,5.126935749792416,-0.06518745428591721,183.26000213623047,177.07100158691406,37.54934519862405,-0.9725982307634311,25.424952623645726,194.99250384258065,164.02250012470452,0.18379824164911646,180.48257729794707,180.8237466608429,-0.030719465666902868,0.02308964776133189,-0.2525278158933633,-24456352,4.5608304903534576,31.330636390348285,185.76250076293942,173.5474998474121,179.65500030517578,-16694779.234367613,6.795259470048219
2019-11-07,168.39999389648438,169.6999969482422,166.0,167.0,152.11883544921875,4178035,5.117993812416755,-0.008941937375660736,181.79000244140624,177.1450015258789,36.33305256910492,-1.773930863202287,24.657085238058926,195.1732418985125,163.65676145842113,0.1887214397610261,179.1985223171902,180.29293686247,-0.0631081774719704,0.022363529053205437,-0.29936078201409544,-28634387,3.252032520325203,12.367191139739491,185.60000076293943,173.75499954223633,179.6775001525879,-15205103.986600813,2.215567034875561
2019-11-08,167.0,168.8000030517578,164.5,165.14999389648438,150.4336700439453,2566305,5.106854114879392,-0.01113969753736388,180.2050018310547,177.1360012817383,34.83436802518378,-2.319484315054642,24.14928667785802,195.2612322255564,163.49876991067407,0.19232493786703356,177.86056722950394,180.03363106799856,-0.008902077151335286,0.022137570156858282,-0.3082574480389232,-31200692,2.015484950339147,3.276115987005936,185.55833409627277,173.73333257039388,179.64583333333331,-13711186.26186965,2.60369555596414
2019-11-11,165.0,168.1999969482422,163.64999389648438,166.25,151.4356689453125,1908437,5.113492679535963,0.006638564656571866,178.64500122070314,177.13200134277344,36.511284753259915,-2.4825720571273484,23.796344019719243,195.28960451530122,163.44539762092927,0.1915441016202824,176.75479892193215,179.83269082398687,-0.011077880859375,0.0221714131518524,-0.28668804767835004,-29292255,7.855001885451231,4.374173118705194,185.48083368937176,173.6658327738444,179.57333323160807,-11452546.460434694,2.736843940906955
2019-11-13,167.0,167.1999969482422,162.85000610351562,163.60000610351562,149.02182006835938,1891558,5.097424461476199,-0.01606821805976466,176.32000122070312,176.96400146484376,34.22628030138466,-2.6310463283984458,23.584027688405197,195.9347596546701,162.16524339708772,0.20641512834794878,175.50196151065438,179.66195061036595,0.006660648768810118,0.02189601586100968,-0.3148025435689173,-31183813,2.2123897788600466,4.027625538216808,185.16666717529296,173.4816665649414,179.32416687011718,-10532556.559636338,2.6589185100483226
2019-11-14,163.0,165.14999389648438,161.89999389648438,162.6999969482422,148.20199584960938,2272057,5.09190799546803,-0.005516466008169019,173.81000061035155,176.84700134277344,33.46037086085751,-2.644901267949903,23.52792084443571,196.70855501755855,160.33144742384772,0.22358394760931094,174.28272679042465,179.2442087167359,-0.01593981291118418,0.02131831884458416,-0.35369674948875185,-33455870,2.2955607220886804,4.120984128799986,184.63833312988282,173.1433334350586,178.8908332824707,-9320030.208445875,1.9975415248679345
2019-11-15,164.0,169.60000610351562,163.85000610351562,167.89999389648438,152.93862915039062,4085824,5.123368527731406,0.03146053226337653,171.56999969482422,176.8130010986328,41.592876660487654,-2.178336715765839,22.495639995351016,196.8105428658866,159.27445927034387,0.22356214985144607,173.67484746719225,178.53146313533597,-0.0055012782499773705,0.021917006933342562,-0.3406617413272596,-29370046,17.216639739396566,7.241530080115098,184.23249994913735,172.65749994913736,178.44499994913735,-4953415.559945796,3.424657658740033
2019-11-18,168.64999389648438,170.25,167.10000610351562,169.14999389648438,154.07723999023438,2781990,5.130785859143266,0.007417331411859962,169.56499938964845,176.7710009765625,43.38419711042332,-1.6822273255373044,21.402505128100994,196.55238656287136,158.34761496300754,0.2258632750719707,173.24390903188674,178.077513218522,0.031960645640924046,0.021411360291277395,-0.3318535885622102,-26588056,20.803439685104184,13.43854671552981,183.4849998474121,172.33499984741212,177.9099998474121,-3749000.8370963964,1.8622488975152391
2019-11-19,169.89999389648438,169.9499969482422,167.5,167.89999389648438,152.93862915039062,1177120,5.123368527731406,-0.007417331411859962,167.79999847412108,176.72400085449217,41.997085822028424,-1.3493167004084223,20.387451322797403,195.64892417994648,157.4360764304051,0.2275929073177977,172.734964733277,177.7394184770806,0.007444907953782609,0.020133002512367545,-0.3675462081594629,-27765176,17.216639739396566,18.412239721299105,182.4375,171.82749938964844,177.13249969482422,-3423629.2889397684,1.4592001413369244
2019-11-20,167.9499969482422,170.75,166.5,167.64999389648438,152.7108917236328,2212021,5.12187843650594,-0.0014900912254658394,166.57999725341796,176.55900085449218,41.70985364725641,-1.069254595119923,19.6431184851654,194.73470442992232,156.61029526490188,0.22740477514458118,172.2506817964396,176.91537362513262,-0.0073898908962714005,0.020147162294528034,-0.3729699613443218,-29977197,16.49927975025504,18.173119724918596,181.53749923706056,170.99749984741212,176.26749954223632,-3013540.1405198015,2.535043337146893
2019-11-21,167.60000610351562,169.5,164.8000030517578,165.4499969482422,150.70693969726562,1679699,5.108669015922424,-0.013209420583516263,166.27499694824218,176.39300079345702,39.170957857445,-0.9590054387394678,19.28571988077555,193.96594851848994,155.5690505659827,0.23207554343152362,171.6029975251827,176.39726633524705,-0.0014889815907564996,0.02022250326528657,-0.3960905955696778,-31656896,10.186520602645441,14.634146697432348,180.71249923706054,170.12750015258788,175.4199996948242,-3110939.073869181,2.8407355907733804
2019-11-22,165.0,168.39999389648438,162.5,167.89999389648438,152.93862915039062,2546788,5.123368527731406,0.014699511808982102,166.36499633789063,176.24600067138672,43.30947569514628,-0.6620336772448359,19.38250134937946,193.22160200516842,154.93339677412845,0.22804173092850646,171.25033051292573,175.85970124261272,-0.013122559071493733,0.020653332141158914,-0.34376204302309193,-29110108,20.869565217391305,15.851788523430594,180.00749816894532,169.22750091552734,174.61749954223632,-1775144.5164850377,3.5139929189764634
2019-11-25,168.0,171.10000610351562,167.0,170.25,155.07920837402344,2016912,5.137267945029622,0.013899417298215866,166.8749969482422,176.11700073242187,47.03198411655648,-0.2684678281902739,18.76899977147486,192.47902754129993,154.60097123799696,0.22248491220735958,171.15506094026614,175.41658076769815,0.014808080951543401,0.02103021255759633,-0.31817449604379844,-27093196,32.42720816899272,21.161097996343155,179.35333201090492,168.68833414713544,174.02083307902018,-844444.5126651888,2.408226786205947
2019-11-26,172.8000030517578,173.5,167.6999969482422,168.39999389648438,153.3940887451172,4125715,5.126342065564071,-0.010925879465551347,167.08999633789062,175.90300048828124,44.551824867831634,-0.10241312310825412,17.625784356144603,191.53164751483803,154.20335004375573,0.2216644823278796,170.8926736027631,175.05250351928126,0.01399646330520099,0.021024481218217022,-0.34628332473992857,-31218911,38.92212723810638,30.7396335414968,178.9191650390625,167.90416717529297,173.41166610717772,-1814180.7153367284,3.444182459604529
2019-11-27,169.39999389648438,172.5,168.0,171.75,156.44554138183594,2687302,5.146039931102459,0.01969786553838837,167.90499572753907,175.79600036621093,49.722174083718464,0.2444231936219432,16.56422718476651,189.64013392985555,154.5848630183866,0.20410638085280314,170.97432373583328,174.3187902749014,-0.010866408831222474,0.020494352311307418,-0.3349848174128234,-28531609,84.91380104128027,52.0877121494598,177.93416442871094,167.35916748046876,172.64666595458985,-268943.7414329464,2.6200873362445414
2019-11-28,171.75,172.75,169.39999389648438,171.35000610351562,156.08120727539062,2719784,5.143708283940784,-0.002331647161675221,168.7699966430664,175.61100036621093,49.133060701551585,0.4465148601523219,15.514786592326875,187.27150980749283,155.30848744592512,0.18653645300869304,171.01010300894586,173.9173092482282,0.019893148604119837,0.020388142330238876,-0.33556641025626616,-31251393,81.46557961005922,68.43383596314862,177.11166458129884,166.60666732788087,171.85916595458986,-385937.0640505054,1.9550662294647518
2019-11-29,171.0,172.8000030517578,167.3000030517578,168.0500030517578,153.07525634765625,2077562,5.124261572330935,-0.019446711609848677,168.78499755859374,175.3600003051758,44.453545682326144,0.3611998979808071,15.050562137573442,183.6043945911002,156.7506026623178,0.1597964382095947,170.72818872730892,172.63222643161058,-0.002328930983897415,0.020201218365158015,-0.33450862085369043,-33328955,53.01729240823027,73.13222435318993,176.027498626709,165.50250015258788,170.76499938964844,-1310226.1892170138,3.2728354062011245
2019-12-02,169.0,169.0,166.25,168.0500030517578,153.07525634765625,1099589,5.124261572330935,0.0,168.67499847412108,175.16600036621094,44.453545682326144,0.3099916179475688,14.864640489128126,179.33481522128088,158.90518264248865,0.12156877243554759,170.47312342487547,170.97492722451096,-0.019258844086438076,0.020245835967623197,-0.2882090623306704,-32229366,53.01729240823027,62.50005480883991,174.5533322652181,164.61833318074542,169.5858327229818,-1123051.019328869,1.6364177031005622
2019-12-03,169.0,169.75,164.60000610351562,166.3000030517578,151.48118591308594,1638809,5.113793404549801,-0.010468167781134241,168.51499938964844,174.89500030517578,41.993719373453274,0.17045772289632888,15.06725210483423,175.10287977839633,161.2121180853732,0.08352833095679435,170.07568338934047,170.2857217707285,0.0,0.02002857354200601,-0.2732744780745498,-33868175,37.931093449510534,47.98855942199035,173.51249923706055,163.64749984741212,168.57999954223632,-1372317.409424745,3.09680926156179
2019-12-04,166.0,170.60000610351562,165.14999389648438,170.10000610351562,154.94261169433594,1462104,5.136386535283742,0.022593130733940647,168.76000061035157,174.79300048828125,48.63966065791202,0.33667736216428823,14.98453462706449,172.21965959326707,163.1203382705025,0.053493950595316975,170.07799983830955,168.33364085076508,-0.010413567201549068,0.020027710107630988,-0.1873014834001854,-32406071,69.09096457741477,53.346450145051854,172.6400001525879,163.19999923706055,167.9199996948242,-382557.8277944522,3.2040047098614473
2019-12-05,170.85000610351562,174.1999969482422,169.0,173.25,157.81190490722656,2248253,5.1547356380700124,0.018349102786270777,169.54000091552734,174.5540005493164,53.40537245878491,0.6435744635969916,13.963108536045238,173.0614575234092,162.75354034036033,0.059497357477915486,170.3800950918039,168.06599908339317,0.02285028852690485,0.014637583456469809,-0.06432767500678686,-30157818,91.88036584586533,66.30080795759687,172.3641660054525,163.54916661580404,167.95666631062824,683805.1801408532,3.0014412399666304
2019-12-06,177.0,177.5,171.1999969482422,173.89999389648438,158.4039764404297,10658225,5.158480386262389,0.00374474819237669,170.14000091552734,174.24800048828126,54.3467330258,0.8615464238303052,13.81111880318861,174.00614775776563,162.49884949565234,0.06617193022423637,170.7153235493925,169.3186672041752,0.018518481972113587,0.014436756420733702,-0.0492156678461612,-19499593,75.99995930989583,78.99042991105864,172.8258328755697,163.75083287556964,168.28833287556967,1575801.7540288996,3.6227735899220037
2019-12-09,173.6999969482422,173.6999969482422,168.60000610351562,170.0500030517578,154.8970489501953,2912380,5.136092529399442,-0.022387856862946975,170.12000122070313,173.92400054931642,48.14255318886491,0.7232132260170379,12.975186876802828,174.11759470087387,162.87740346807144,0.06609932979172764,170.65195969247492,169.5473932633763,0.003751768522276322,0.015162779969175914,-0.039046986092372844,-22411973,50.333353678385414,72.73789294471553,173.09749908447264,163.94250030517577,168.5199996948242,-251117.97317019245,2.9991124688038306
2019-12-10,170.0,171.85000610351562,161.0,162.60000610351562,148.1108856201172,3424810,5.091293234650706,-0.044799294748735896,169.54000244140624,173.47700073242189,38.89054434666803,0.13741418424349439,13.465520446166503,174.43039671510448,162.19960206419242,0.07522013648096422,169.8851069697169,169.39746362829823,-0.02213910856729706,0.018172541325266817,-0.08621537949186533,-25836783,9.697006687973484,45.343439892084916,173.3683329264323,163.58333384195964,168.47583338419597,-3860218.8410472116,6.672820231389299
2019-12-11,161.0,166.14999389648438,159.25,164.10000610351562,149.47727966308594,6462347,5.100476035289924,0.009182800639218058,168.7750030517578,173.0710009765625,41.33512795631943,-0.12728452422346814,14.210577796832592,174.3817363742389,162.29826240505795,0.07363481730499503,169.33414498245963,168.88167850786334,-0.04381062519578227,0.0179500028458885,-0.015625915997857075,-19374436,26.57537590967466,28.868578758677856,173.42666625976562,163.38666687011718,168.40666656494142,-1923970.363754753,4.20474932348985
2019-12-12,164.10000610351562,166.5,163.5500030517578,165.5,150.7524871826172,1363824,5.1089711948171175,0.008495159527193152,168.19000244140625,172.74400085449219,43.60276658808141,-0.18293986954550867,14.80699795235647,174.10808797605617,162.8519111084165,0.06801315327878961,168.96898831746347,169.01221871497557,0.00922509190464016,0.017985262040889623,0.010956739785076079,-18010612,34.24657534246575,23.506319313371307,173.5083330790202,163.49833399454752,168.50333353678386,-1376353.8438070875,1.7824754974273036
2019-12-13,165.4499969482422,169.39999389648438,165.1999969482422,166.8000030517578,151.93666076660156,2822701,5.116795508220556,0.007824313403438587,168.06500244140625,172.44700103759766,45.701635806527584,-0.11061756466932726,14.592501726858591,174.09602071518833,162.7539792848117,0.06799784905793568,168.76241829215817,169.05422547848417,0.008531345791670697,0.01655244869123092,-0.029100831878740824,-15187911,41.36987973565925,34.06394366259989,173.43166605631512,163.5766672770182,168.50416666666666,-655514.7355203852,2.5179837358509727
2019-12-16,167.5,168.39999389648438,163.35000610351562,164.35000610351562,149.70497131347656,2277535,5.10199833724753,-0.014797170973025686,167.69500274658202,172.35200103759766,42.49210410237259,-0.20093672222726688,14.751561985930644,174.11341261908188,162.25658860162122,0.07214373944101142,168.3421885599065,168.91911786328842,0.007855003333884003,0.016753289107104337,-0.06779346304522892,-17465446,27.94523892337329,34.5205646671661,173.35333251953125,163.30833435058594,168.3308334350586,-1359006.0303767258,3.0727031368578244
2019-12-17,165.3000030517578,167.60000610351562,165.0,165.39999389648438,150.66139221191406,1728569,5.108366745688045,0.00636840844051445,167.6050018310547,172.28300079345703,44.29756261813168,-0.1646428930488908,14.899260797926122,174.11132903137823,162.00867218932487,0.07317205132200799,168.0619795443425,168.8418602251968,-0.014688230835834926,0.016773138374300472,-0.07409565710910254,-15736877,33.69859669306507,34.33790511736587,173.23833312988282,163.17833404541017,168.20833358764648,-905579.9761365937,1.5719505438088706
2019-12-18,166.0,166.5,163.5500030517578,164.5500030517578,149.8871307373047,2040202,5.103214493935431,-0.005152251752614134,167.0500015258789,172.19800079345703,43.11743854259686,-0.17177002268763175,15.328435234677142,174.14622464189748,161.663777494333,0.07585807910096619,167.72750559266777,168.72268084336798,0.006388729869029719,0.016802979499173712,-0.06814340137361033,-17777079,29.041112612371574,30.228316076269987,173.00166651407878,163.0716677347819,168.03666712443035,-1023947.5540303406,1.7927662677188105
2019-12-19,164.39999389648438,166.1999969482422,163.60000610351562,164.89999389648438,150.2059326171875,1135000,5.105339192552116,0.0021246986166856274,166.21500091552736,172.2090005493164,43.781569426391655,-0.12876742552443265,15.726954354517376,174.1664158647819,161.5885859662728,0.0762755025109631,167.45821876445984,168.70970774236184,-0.0051390016692415275,0.016558474608137738,-0.047638375368347245,-16642079,30.95887066566781,31.23285999036816,172.81249949137367,163.0925013224284,167.95250040690104,-820920.8164881994,1.576707665834543
2019-12-20,165.0,165.5,163.10000610351562,163.5,148.9307098388672,998404,5.096812990337308,-0.008526202214808265,165.1750015258789,172.10200042724608,41.68500353449217,-0.16798520486860502,16.20591367655351,174.22935434157526,161.085648099831,0.08038964062228911,167.08124554879703,168.7374896461842,0.0021269573882443105,0.0162764107057444,-0.09870271505232532,-17640483,23.28767123287671,27.762551503638704,172.5258331298828,163.1558349609375,167.84083404541016,-903326.3435935404,1.4678861752198011
2019-12-23,163.75,164.8000030517578,163.1999969482422,163.60000610351562,149.02182006835938,624872,5.097424461476199,0.0006114711388907068,164.53000183105468,172.0570004272461,41.89903890783808,-0.16057189454833565,16.650661618444207,174.01046879415216,160.63953425760567,0.081729425658372,166.74969893496072,168.65528674972234,-0.008489957236524903,0.015889262855433007,-0.12861493365652996,-17015611,23.835649882277398,26.027397260273982,172.12166646321617,163.00166829427081,167.5616673787435,-765352.4353778897,0.9779988042929798
2019-12-24,163.64999389648438,164.60000610351562,161.60000610351562,163.10000610351562,148.5663604736328,1030346,5.09436354704889,-0.003060914427308603,164.5800018310547,171.98900054931642,41.087071366328445,-0.16224475057234322,17.433559521292416,173.97039788709188,160.14960638536908,0.08473814214912459,166.40210914148975,168.44674539716857,0.0006116581254778097,0.015751879997459986,-0.07548114954066433,-18045957,21.095923854880137,22.739748323344756,171.6433334350586,162.80333557128907,167.22333450317382,-729612.5160381912,1.8393622855513398
2019-12-26,163.10000610351562,164.10000610351562,161.0,161.1999969482422,146.83566284179688,1305674,5.0826458111410275,-0.011717735907862625,164.29000091552734,171.8140005493164,38.06805370608403,-0.2585004707631482,18.296293600428605,173.54030192069987,159.5247020465853,0.08694541029436045,165.90666988498998,168.1573983380318,-0.003056234604805752,0.015063477492626764,-0.1361040629436801,-19351631,10.684914784888699,18.53882950734875,171.140833791097,162.44083531697592,166.79083455403645,-979781.0928616625,1.923080745783742
2019-12-27,162.10000610351562,164.5,161.64999389648438,163.64999389648438,149.0673370361328,1076433,5.097729963651035,0.015084152510007165,164.1050003051758,171.62100036621095,43.80226644425021,-0.13079661195065073,18.92625486155233,172.89557216896617,159.39943057761587,0.0824695514494622,165.69174836227518,167.87945319594402,-0.011649350608040732,0.01560800481722509,-0.1409785636257987,-18275198,30.449791181579627,20.74354327378283,170.7208335876465,162.0708351135254,166.39583435058594,-463061.2845975419,1.7415253344392887
2019-12-30,164.5500030517578,166.5,164.25,165.0,150.29702758789062,1581502,5.10594547390058,0.008215510249545588,163.925,171.3720004272461,46.729138031292855,0.060685590868291506,18.688631298026902,172.70192925299284,159.28807318841342,0.0812960973610874,165.62586756586802,167.72738270241317,0.015198492522483287,0.015231201329917834,-0.12189685779578972,-16693696,45.63489852910189,28.92320149852341,170.3516667683919,162.02666829427085,166.18916753133138,-91904.33640901197,1.3636363636363635
2019-12-31,165.0500030517578,165.64999389648438,163.5,163.89999389648438,149.2950439453125,770298,5.099256448510518,-0.00668902539006222,163.87999877929687,171.03000030517578,44.68688748693648,0.12561264052300425,18.680764308222887,172.48405678099857,159.09094474488035,0.08171514664348932,165.46149864497434,167.6717757978676,0.008249350161110058,0.015285534518017478,-0.14005607651438373,-17463994,45.81277529728348,40.63248833598834,170.15083287556965,161.8858350118001,166.0183339436849,-199822.64571142156,1.3117717977721608
2020-01-01,164.5,164.9499969482422,163.0,163.35000610351562,148.79408264160156,642850,5.095895175411729,-0.003361273098788864,163.675,170.57600036621093,43.659480642799124,0.1426283757448592,18.817192562022456,172.41440731068792,158.86559452036676,0.08294344832613733,165.26040411721635,167.64561317840412,-0.006666703657670414,0.015140890266161935,-0.13994207897746758,-18106844,27.97628346491021,39.8079857637652,169.83499959309898,161.89000142415364,165.8625005086263,-221785.07528264148,1.1937538263735759
2020-01-02,163.6999969482422,170.89999389648438,163.35000610351562,170.35000610351562,155.17030334472656,2954927,5.137855179936242,0.04196000452451276,164.25500030517577,170.2820004272461,57.1597874405913,0.6102197381991088,18.074243555967108,172.46061794783455,158.84438388322016,0.07993092795277207,165.74512811591154,167.65015746240087,-0.00335563034441666,0.017292047102434854,-0.10790870456091993,-15151917,94.44456432277137,56.07787436165503,169.9191650390625,161.76416931152343,165.84166717529297,2764825.506900593,4.432044333700165
2020-01-03,169.8000030517578,169.8000030517578,164.0,165.14999389648438,150.4336700439453,2231107,5.106854114879392,-0.031001065056850408,164.28000030517578,169.91400024414062,47.965061233263675,0.5557441710064288,17.384362336058572,171.09561660868357,159.39938461201953,0.07082187362353286,165.6884486664423,167.37764708645943,0.04285276852431874,0.018021987396795797,-0.1656704711158746,-17383024,41.91915611137998,54.7800012996872,169.6574986775716,161.442502339681,165.55000050862628,712452.7723158128,3.511960802973593
2020-01-06,164.5500030517578,164.5500030517578,160.0,160.5,146.1980438232422,2420889,5.07829394257007,-0.028560172309321175,163.9800003051758,169.49000030517578,41.531409214744635,0.2107370959318513,16.764447342452648,169.2614615004845,159.89354033057018,0.05836711009292415,165.1943106982097,165.20454933384812,-0.030525459470024274,0.01885696324176983,-0.20915508871606864,-19803913,4.5871585319076855,46.98362632201969,168.94416554768878,160.9041692097982,164.92416737874348,-997486.0628816121,2.834892867138824
2020-01-07,162.5,165.39999389648438,158.4499969482422,161.25,146.88119506835938,2654726,5.082955955675882,0.004662013105811269,163.74499969482423,169.09500030517577,42.86261886934764,0.04585102385404172,16.591996338686894,168.30761859900608,159.96738292687283,0.05172239176516742,164.81866206028496,164.5584532742591,-0.02815618569988554,0.018435302603151186,-0.1917892090535039,-17149187,22.48998986423964,22.998768169175776,168.58249893188477,160.35750198364258,164.47000045776366,-570553.1253270961,4.31007562681686
2020-01-08,159.8000030517578,162.85000610351562,159.0,162.39999389648438,147.92872619628906,1664694,5.090062390144353,0.007106434468471257,163.67499847412108,168.70600006103516,44.93292604728624,0.027927079547419353,16.43186326376155,168.31324868474982,159.94175162042595,0.05154862918073731,164.5883127113516,164.3664274030627,0.004672897196261738,0.015749524142006643,-0.10306300866578515,-15484493,31.72689089534184,19.601346430496392,168.04583206176758,160.52083511352538,164.2833335876465,-215561.54463548813,2.3706935025931486
2020-01-09,164.5500030517578,166.89999389648438,163.10000610351562,165.35000610351562,150.61587524414062,2997881,5.108064476340505,0.01800208619615251,164.08999938964843,168.27600006103515,49.94350442340197,0.2178650645214888,15.52200384160281,168.40943361573903,159.97056668943674,0.05103638714726888,164.66085493917674,164.65785208257648,0.007131745094476782,0.01614535327638387,-0.17378138482132674,-12486612,55.42177386836748,36.54621820931632,167.98833185831705,160.77333552042643,164.38083368937174,1078630.896773446,2.298147960508576
2020-01-10,165.35000610351562,169.5,165.25,168.64999389648438,153.6217803955078,2799088,5.127825525317231,0.019761048976725704,164.58999938964843,167.8929998779297,54.8884017339909,0.5499680825200235,15.353775466474204,168.9669676797014,159.7280320151228,0.054781713601776756,165.0407729351108,164.8837748337122,0.01816510047969344,0.016639012698737642,-0.13212125549633805,-9687524,81.92770641347283,56.35879039239405,168.18416519165038,160.83916854858398,164.51166687011718,2244105.9445837126,2.520011950079646
2020-01-13,169.39999389648438,171.0,168.0500030517578,170.5500030517578,155.35247802734375,2525447,5.13902852675828,0.011203001441049132,165.1449996948242,167.4979998779297,57.49212189347481,0.863171145486785,15.554778626574247,169.79713941797408,159.27286027685014,0.06170788011026934,165.5654615176486,165.0595822512746,0.019957590995810515,0.016729409708247663,-0.0647852570961963,-7162077,96.41436781818823,77.92128270000951,168.2583320617676,161.03833541870117,164.64833374023436,2609001.155522873,1.729696215453561
2020-01-14,171.5,175.5,171.0500030517578,173.64999389648438,158.17625427246094,3906967,5.157041744041706,0.018013217283425753,166.11999969482423,167.18699981689454,61.40606537001142,1.2227221470910397,16.6584123956743,171.59052227369793,158.40947620042314,0.07590582514579428,166.33541698229962,165.91928673770764,0.011265990062470088,0.016696058660508432,-0.007099257542701617,-3255110,89.14952626166894,89.16386683111,168.62999903361,161.4700014750163,165.05000025431315,3966509.8376837205,2.562624304435567
2020-01-15,174.3000030517578,176.64999389648438,172.6999969482422,176.0,160.31683349609375,1980997,5.170483995038151,0.01344225099644536,167.38499908447267,166.99599975585937,64.10430635847936,1.5418257759031282,17.887183845567908,173.68348939713417,157.3765096873385,0.09265329380565714,167.25585346017584,166.40346836609666,0.018176433827361338,0.016850610908699017,0.06058622734589437,-1274113,96.42860436552351,93.99749948179355,169.1533317565918,161.85833511352538,165.5058334350586,4064916.2953069243,2.2443164478648794
2020-01-16,175.9499969482422,177.10000610351562,174.14999389648438,176.0,160.31683349609375,1625739,5.170483995038151,0.0,167.9499984741211,166.91899963378907,64.10430635847936,1.6653638032226075,19.109171920432534,175.4245418592802,156.7804569200167,0.10593230079126993,168.08862932111148,166.89985272666485,0.013533004239070223,0.016754944227398726,0.09025070966137927,351626,94.1018468443776,93.22665915719001,169.69749908447267,162.40250091552736,166.05,3484213.9674059353,1.676143299449574
2020-01-17,177.0,182.35000610351562,176.85000610351562,180.0,163.96041870117188,6393789,5.19295685089021,0.022472855852059048,169.43499908447265,167.14899963378906,68.45758959398874,1.911323987027495,21.066702515705774,177.94620001150162,155.7687993781468,0.1232077812964156,169.22304557624372,168.89869518339512,0.0,0.017290599214546978,0.10104533117604371,6745415,90.16734224556937,93.5659311518235,170.58416646321615,162.9991673787435,166.79166692097982,6640062.829205087,3.0555555555555554
2020-01-20,180.0,180.1999969482422,173.14999389648438,174.0,158.4950714111328,2284994,5.159055299214529,-0.03390155167568132,170.78499908447264,167.28899963378908,57.24322632517832,1.5785894353769956,21.643707568318643,178.7757115332313,155.98928785641715,0.13095645791272492,169.67799361660144,169.37229581828765,0.022727272727272707,0.019075598833674004,0.07347903092872099,4460421,65.06274935182094,83.11064614725598,171.40416666666664,163.35416666666669,167.37916666666666,3732916.139318647,4.051725891814835
2020-01-21,173.3000030517578,175.8000030517578,171.9499969482422,174.85000610351562,159.26930236816406,1515394,5.163928498416537,0.004873199202007683,172.1449996948242,167.4829998779297,58.28576641094815,1.334136191762455,21.812718973174075,179.64247505636826,156.24752433328018,0.13380011384865306,170.1705662344028,169.61475032678572,-0.033333333333333326,0.019067951747557956,0.09634761933517862,5975815,68.61925888281446,74.61645016006825,172.03333333333333,163.75833333333335,167.89583333333331,3383655.8550204057,2.201890745852376
2020-01-22,175.5,175.5,173.35000610351562,174.25,158.72279357910156,1035978,5.160491049640633,-0.003437448775903462,173.3300003051758,167.6429998779297,57.22506669964905,1.0622534468929992,21.96965813482555,180.28568738716007,156.71931139213683,0.13524462550945904,170.55908373588827,169.87698804835307,0.004885092548940317,0.019074930809886922,0.09253432165507543,4939837,66.10877405572712,66.59692743012084,172.55416615804035,164.36416676839195,168.45916646321615,2811477.4295735033,1.2338558946825682
2020-01-23,175.5500030517578,177.1999969482422,174.6999969482422,175.14999389648438,159.54257202148438,2318536,5.165642714796133,0.005151665155499252,174.30999908447265,167.87399963378905,58.44659937778802,0.8807363700349158,22.448230217072815,180.82196221662966,157.57803625749145,0.13270868837640742,170.99631327499264,170.39737714734667,-0.003431547512560029,0.018740398974953495,0.08283029647889037,7258373,69.87443745207689,68.20082346353949,173.2033322652181,165.0733334859212,169.1383328755697,2707933.260888617,1.4273480371786529
2020-01-24,175.5,178.85000610351562,174.75,177.5,161.6831817626953,1495711,5.178970608915471,0.01332789411933799,175.19499969482422,168.1699996948242,61.53540791615481,0.8559031835419932,23.199519544266426,181.7571229026584,158.02787618181424,0.13368589701884043,171.61571201070763,170.78167038622948,0.005164957799049574,0.018690168428480074,0.08373969338173523,8754084,79.70709520650752,71.89676890477051,173.95416590372722,165.69916712443035,169.8266665140788,2823218.5063467375,2.30986259352993
2020-01-27,177.0,178.35000610351562,174.0500030517578,174.75,159.17822265625,1465065,5.163356381113919,-0.015614227801551195,175.61499938964843,168.30699981689452,56.26470152309553,0.6031569692604841,23.64277307605844,182.20160748151224,158.55839160296043,0.13529737269557549,171.91421562873546,171.13142228827365,0.01341710639684357,0.01916972704911822,0.07386443851270047,7289019,67.45180249708221,72.34444505188888,174.57999954223632,166.12000045776367,170.35,1844340.3268686323,2.4606598293320814
2020-01-28,175.25,177.0500030517578,172.85000610351562,173.89999389648438,158.4039764404297,1206153,5.158480386262389,-0.00487599485153023,175.63999938964844,168.40199981689454,54.704988475932666,0.34068711376855987,23.618865389495607,182.4052063380792,159.35479274639346,0.1325498240408607,172.10333736852107,171.33539379084124,-0.015492957746478853,0.019125828511726853,0.07057746656584053,6082866,56.103832690746756,67.75424346477882,175.19499994913735,166.53000055948894,170.86250025431315,1434400.6499197304,2.415179468460635
2020-01-29,174.5500030517578,175.8000030517578,173.5,174.1999969482422,158.67723083496094,1067364,5.1602040468997,0.0017236606373112195,175.45999908447266,168.5279998779297,55.17726391543208,0.15849617469221444,23.596665394830122,182.49126075827235,160.35373741067298,0.12708107770045948,172.30301923325644,171.51249688100535,-0.004864126486498588,0.019068673131323766,0.06981369596738225,7150230,52.339144758563215,58.631593315464066,175.7491668701172,167.04916687011718,171.3991668701172,1275230.9081221155,1.3203232445757063
2020-01-30,175.0,175.5,170.10000610351562,171.4499969482422,156.1722869873047,1195534,5.144291661109234,-0.015912385790466388,175.00499877929687,168.60399993896485,50.02794967995465,-0.1588320589958041,22.395238618099516,182.53532337574774,160.41967387767022,0.12899183372253925,172.22177901563603,171.75340770941236,0.001725146994176363,0.01708737480761112,0.0028429061142135436,5954696,23.77617602023123,44.073051156513735,175.84916712443035,167.36416651407876,171.60666681925457,623380.9926760991,3.1496027953354475
2020-01-31,172.0,172.3000030517578,165.5,166.5,151.66339111328125,2059074,5.1149953094204985,-0.029296351688735456,173.65499877929688,168.625,42.364142416514895,-0.6842635157839525,21.557881756420937,182.4630985059514,160.62689935781816,0.13114834323203142,171.67684768081355,171.85667835249728,-0.01578645263017464,0.016932805017955375,0.0004532455441833147,3895622,5.934715951179137,27.350012243324528,175.98833389282225,167.40333328247067,171.6958335876465,-921732.0085926055,4.084085916971659
2020-02-03,164.25,170.6999969482422,159.60000610351562,161.0500030517578,146.69903564453125,3345011,5.08171489472634,-0.033280414694158544,172.35999908447266,168.48800018310547,35.85203325841083,-1.3429353129267372,21.955334679229857,182.38140562951105,160.76359253943428,0.1342304419772615,170.66476723995112,171.8044828873636,-0.028871373790321564,0.01736644158398448,-0.012342255412041564,550611,6.373612959306318,12.028168310238895,176.42083333333332,167.1808339436849,171.80083363850912,-3394384.5419131685,6.892263666185264
2020-02-04,163.5,165.14999389648438,160.5,161.5500030517578,147.1544647216797,3108857,5.084814711160992,0.0030998164346520696,171.02999877929688,168.31400024414063,36.81169544714396,-1.6678151839146804,22.32439810755243,182.33974777196858,160.8352507021525,0.1331135664722111,169.79669446012318,171.7520272481515,-0.032732714403856944,0.0173492634229678,-0.03807664800076718,3659468,8.571415157108516,6.959914689197991,176.3408332824707,167.33083419799803,171.83583374023436,-2687411.2502112878,2.8783619985414655
2020-02-05,162.5500030517578,169.60000610351562,161.5,168.39999389648438,153.3940887451172,12937250,5.126342065564071,0.04152735440307875,170.44499816894532,168.31400024414063,48.23682353119469,-1.3574071333947333,21.407342268883216,181.90752098050245,161.86747749361865,0.11900263784571415,169.66367535882424,170.86594101242184,0.00310462583374993,0.019717825689911275,0.10612427100163496,16596718,38.68126502403846,17.875431046817766,176.80749994913737,167.3725008646647,172.09000040690103,10356510.93638157,4.8099800457799935
2020-02-06,169.89999389648438,170.8000030517578,163.1999969482422,165.10000610351562,150.3881378173828,5431485,5.10655138789468,-0.019790677669390355,169.43999938964845,168.18100036621092,44.09997391900179,-1.3097391432038674,20.252909595056085,181.92818082561263,161.82181764850844,0.1217829341841317,169.229040191652,170.74529972450483,0.042401675737090194,0.01989563623843963,0.04705657844362098,11165233,26.69904099208839,24.650573724411785,177.0600008646647,167.24499994913737,172.15250040690103,6316461.631513792,4.6032742716862876
2020-02-07,165.10000610351562,166.6999969482422,163.5,164.0,149.38616943359375,2268574,5.099866427824199,-0.006684960070481694,168.08999938964843,168.03400024414063,42.78284543288815,-1.2858675152169528,19.18093639793089,182.18637104787513,161.09862803659752,0.12858379884925372,168.7310363638756,170.6541281194738,-0.01959612774687658,0.0193819429178913,-0.007265503352009726,8896659,22.857111150568183,29.41247238889834,176.8541674296061,167.14416681925456,171.99916712443036,5057617.791829415,1.9512176513671875
2020-02-10,163.60000610351562,164.4499969482422,159.64999389648438,162.10000610351562,147.6554412841797,3784007,5.08821346639441,-0.011652961429788888,166.825,167.9150003051758,40.53109654120972,-1.3262849760908946,19.03804077533177,182.55279848119795,159.8872009084505,0.13982477926788855,168.09950967241275,170.14927773635998,-0.006662665432161985,0.01928052471976304,-0.03485244467551114,5112652,12.987012987012987,20.847721709889854,176.556667582194,166.6616663614909,171.60916697184246,3308016.6495317626,2.96113687293298
2020-02-11,163.1999969482422,164.5,160.75,161.39999389648438,147.017822265625,1568825,5.083885718019766,-0.004327748374644003,165.575,167.78200012207031,39.70200810700793,-1.3252759425052476,18.890631977836218,182.6506401384253,158.56435925122312,0.14923346838941132,167.46146055089577,169.7163966506262,-0.011585328637099823,0.01866572348315543,-0.0652359169600355,3543827,9.3505859375,15.064903358360391,175.9625010172526,166.1374994913737,171.05000025431315,2678557.606642111,2.3234201622120896
2020-02-12,161.6999969482422,162.6999969482422,160.25,161.9499969482422,147.5188446044922,1714945,5.087287626773511,0.003401908753745353,164.35,167.695,40.72791251368738,-1.215560854463687,18.86397627915423,182.24347046613565,157.56652861833703,0.15237383336095495,166.93655925540494,169.29164821383952,-0.004318397166402477,0.01831382834951964,-0.07702043399707713,5258772,12.207744647930195,11.515114524147727,175.21333440144855,165.53833287556967,170.3758336385091,2430652.946207067,1.5128107406048208
2020-02-13,162.10000610351562,162.5500030517578,160.0,161.25,146.88119506835938,1501341,5.082955955675882,-0.0043316710976295525,163.3300003051758,167.5179998779297,39.799799919766706,-1.1204639343882472,18.89689560146739,181.72195042784278,156.61304865662987,0.1557141195113979,166.39498218346162,168.90085701089214,0.0034077018126195124,0.01828972700410161,-0.08486028387851617,3757431,8.799967447916666,10.119432677782287,174.46916732788085,164.83416671752929,169.65166702270508,1933283.3655673615,1.581397241400194
2020-02-14,161.8000030517578,163.25,158.3000030517578,159.0500030517578,144.87725830078125,1605188,5.069218637382565,-0.013737318293316925,162.58500061035156,167.23399993896484,36.949883014357546,-1.1326872682570124,19.317318523207636,180.37680788991617,155.8631914997323,0.1541252179807044,165.6954603613946,167.3278419834844,-0.004322302941851208,0.017249150968758155,-0.13126273611082562,2152243,4.0,8.335904031948955,173.46500040690103,163.88500010172527,168.67500025431315,1152613.0702927413,3.112226880392682
2020-02-17,159.3000030517578,159.3000030517578,153.35000610351562,154.4499969482422,140.6871337890625,2621877,5.039870399605718,-0.02934823777684681,161.925,166.845,31.819338415158356,-1.362117444826831,20.648013005987817,180.44160610014376,153.8433929843289,0.17221245478384964,164.62446384585627,166.392422457807,-0.013643391927083304,0.01690638252344782,-0.12890072680557557,-469634,4.899737168172269,5.899901538696312,172.40583368937175,162.93583399454752,167.67083384195962,-734995.968701541,3.852377511043975
2020-02-18,154.89999389648438,154.89999389648438,150.35000610351562,151.35000610351562,137.86338806152344,3980792,5.019595075794887,-0.020275323810831303,160.90500030517578,166.47100006103517,28.906401271808505,-1.6168295427430692,22.338058525224962,180.43619587475206,151.49880320972062,0.19119518664069132,163.36022977515717,165.16595124893277,-0.02892176054859108,0.01699649683310225,-0.17701888221308418,-4450426,3.976144106101697,4.291960424757988,171.3408327738444,161.80083491007485,166.57083384195965,-2392913.509567141,3.0062686550912936
2020-02-19,152.10000610351562,153.14999389648438,150.35000610351562,150.8000030517578,137.3623809814453,3867262,5.015954475810976,-0.0036405999839104197,159.14500122070314,166.235,28.409474337238393,-1.7076160848128041,23.90738650737374,180.16167718818613,149.4283222014623,0.20380208464701083,162.164017706262,164.09597656737395,-0.0200711615796626,0.01699428622930939,-0.2104025447316105,-8317688,2.05010027702179,3.6419938504319185,170.22666575113934,160.62166849772134,165.42416712443034,-2354926.7084785528,1.8567557933057428
2020-02-20,150.60000610351562,159.1999969482422,149.75,158.0,143.9208221435547,6419252,5.062595033026967,0.0466405572159907,158.43500061035155,166.1129998779297,42.37510502805534,-1.192419186631291,23.371061933224297,178.80298947952107,149.07201052047893,0.18817075290533006,161.7674445913799,162.80162893109323,-0.003633981034540823,0.020839205959637643,-0.09649397404883255,-1898436,39.192393367900586,15.072879250341359,169.57249908447267,159.27250213623046,164.42250061035156,4584147.794160891,5.981010726735562
2020-02-24,157.9499969482422,157.9499969482422,151.5,151.9499969482422,138.40992736816406,2427071,5.023551499278842,-0.03904353374812519,157.2300003051758,165.84199981689454,36.017089530297916,-1.167277361731811,22.873046257228385,177.02685460200217,148.29314509282204,0.18909977022880442,160.83244957774775,162.12315206338852,0.0477453368868368,0.02163491078455881,-0.13596344976648023,-4325507,10.451290400447109,17.231261348456492,168.5283317565918,157.99333572387695,163.26083374023438,1831585.6868760665,4.244815450992875
2020-02-25,152.89999389648438,155.6999969482422,150.3000030517578,154.39999389648438,140.64158630371094,2419330,5.0395465980601335,0.015995098781291794,156.45999908447266,165.59399963378905,39.94663887765164,-0.9054999351536521,22.66495710804382,175.3054862940163,147.97951279045634,0.176981700672089,160.21983475096079,161.48997682263447,-0.038291158555429194,0.022170183580302125,-0.0992005839189003,-1906177,22.09022908476999,23.911304284372562,167.470831044515,156.82583592732746,162.14833348592123,2416695.0340067386,3.497405511625043
2020-02-26,153.6999969482422,158.0,146.39999389648438,148.6999969482422,135.4495086669922,8017307,5.0019308329431915,-0.03761576511694198,155.18999938964845,165.2809994506836,34.619507537736354,-1.0271764561904853,23.213474825850348,173.93902025238722,146.8259791372612,0.18233383773748973,159.12270734117806,160.0931958128736,0.016123705149377,0.02322192633886462,-0.1490920438457545,-9923484,9.426238478524201,13.989252654580435,166.6624979654948,155.27750193277996,160.96999994913736,-4456922.175582899,7.800945757620442
2020-02-27,149.5500030517578,151.6999969482422,145.5,150.3000030517578,136.90695190429688,5186981,5.012633317063372,0.0107024841201806,154.025,164.97899963378907,37.153054928813134,-0.9146057150162017,23.87822290685987,171.8450611468781,146.5299388531219,0.1684306172970508,158.28244978980467,159.13834505020216,-0.036917080139677205,0.02349793373089649,-0.09772238576714659,-4736503,22.641527088313133,18.05266488386911,165.59083099365233,153.81583557128906,159.7033332824707,-2634618.8278111164,4.125081052797541
2020-02-28,146.0,147.0,141.0,142.8000030517578,130.07525634765625,6020812,4.961445071276337,-0.05118824578703496,152.18000030517578,164.54399963378907,31.074395154261396,-1.2397710311009007,25.18945899890934,171.00799534965063,144.5020052607009,0.18561617312670944,156.80793105284783,157.7763458738078,0.010759960567265692,0.02532916478216004,-0.1144005522926396,-10757315,7.659587454288564,13.242451007041966,164.18333129882814,152.34833526611328,158.2658332824707,-8709114.709552385,4.20168058247541
2020-03-02,145.0,145.8000030517578,134.5500030517578,136.3000030517578,124.15447235107422,7509876,4.9148583610924925,-0.04658671018384464,149.90500030517578,163.97199981689454,26.957829834668956,-1.7556117715620303,27.157276353285795,171.84275212229787,140.64724879322947,0.22887382707704262,154.85479505274404,155.87351338108454,-0.04990019858760264,0.02627927081438558,-0.15051641434968815,-18267191,5.843072381690877,12.048062308097526,162.94499791463218,150.6650021870931,156.80500005086265,-14438411.751044903,8.253851612701716
2020-03-03,138.0,142.89999389648438,136.5500030517578,141.75,129.1188507080078,4006039,4.954064942607862,0.039206581515369265,148.63500061035157,163.53699981689454,34.761579838404444,-1.5973006678079402,28.984535325206792,171.92236652753007,138.63763408282148,0.23481292729953154,153.60671933343508,154.849798772744,-0.045518206310150244,0.027895237604489583,-0.0911900484461073,-14261152,25.08710004822203,12.863253294733823,161.5383310953776,149.73333536783852,155.63583323160805,-9256795.740247179,4.479711354304453
2020-03-04,138.9499969482422,140.64999389648438,136.5,139.9499969482422,130.2355194091797,4106501,4.941285194155404,-0.01277974845245744,147.49499969482423,163.06399963378905,33.48897604191022,-1.4837806696022522,30.6867856612789,171.84771839469715,136.55228160530282,0.2522003398288581,152.30607910627387,153.83803465806358,0.03998530320041627,0.027847763686999673,-0.03950493557339756,-18367653,18.815311744537006,16.58182805814997,160.34499766031902,148.59000193277996,154.46749979654948,-8990355.539075654,2.9653404694386456
2020-03-05,140.64999389648438,142.64999389648438,138.64999389648438,139.25,129.5841064453125,3841282,4.9362708788073935,-0.005014315348010889,146.33999938964843,162.58699951171874,32.983273595747704,-1.3307041184996695,31.550450768985822,170.27296743428695,135.2120331760646,0.25178408803032204,151.06264300091445,151.07601619097053,-0.012698434227568334,0.02534619623252052,-0.19470762281988535,-22208935,16.37629772824785,20.09290317366896,158.82416381835938,147.4791687011719,153.15166625976562,-8090145.558827368,2.872531418312388
2020-03-06,135.0,136.5,131.25,135.3000030517578,125.9083023071289,4712533,4.907494557732233,-0.028776321075160816,144.06999969482422,162.06899963378908,30.21095617889452,-1.3652332756825114,33.20029290012904,169.38378328759796,133.1212170175778,0.26801600481966165,149.56143919623287,148.9894826004394,-0.0050017646552794615,0.02561086020351713,-0.128530806564407,-26921468,14.438511982635989,16.543373818473615,157.10583012898763,145.9958356221517,151.55083287556968,-9593623.474493545,3.8802659878667254
2020-03-09,132.64999389648438,133.0,125.3499984741211,126.75,117.9517822265625,3080610,4.842216642471293,-0.06527791526093996,141.55,161.33099975585938,25.261451965768615,-1.8059899810955908,35.22204288562886,169.4509711010606,129.32902920411522,0.3165439202914822,147.38892117754403,147.72344580273494,-0.028366225840159354,0.028253698427755134,-0.13221805142049228,-30002078,4.1358983426520135,11.650236017845282,155.50999704996747,143.95500208536782,149.73249956766762,-11985852.24974813,6.035504162429117
2020-03-11,126.4000015258789,127.3499984741211,114.0999984741211,115.0,107.01740264892578,9175920,4.74493212836325,-0.09728451410804251,137.61000061035156,160.33099975585938,20.331680525162696,-2.6783571619696644,37.750791069289896,171.2111041963438,122.85889549848042,0.42045398867707284,144.30426201777794,143.90980450202113,-0.06319292578646196,0.03346877017308728,-0.21929126517556488,-39177998,1.9955688610396243,6.856659728775875,153.76999689737957,141.3700022379557,147.56999956766762,-25676024.785498396,11.521739130434783
2020-03-12,104.0,107.94999694824219,96.69999694824219,100.1500015258789,93.19820404052734,11277411,4.606669077347762,-0.13826305101548808,132.75500106811523,159.05599990844726,16.0647492161618,-3.9672486407471013,40.6926101989666,174.718856249596,113.22614420816768,0.614006101892455,140.0990943518828,138.4990362416668,-0.09270216962524658,0.04170564588384925,-0.23219725288487514,-50455409,5.52000732421875,3.883824842636796,151.11416358947753,137.96416893005372,144.53916625976564,-45932240.69357526,11.233150103440572
2020-03-13,90.1500015258789,105.19999694824219,88.0,104.1500015258789,96.92053985595703,5393170,4.645832182357762,0.03916310501000009,128.14000091552734,157.87199981689454,20.881338045134555,-4.237638631194976,43.62322104386077,175.2066593012498,106.95834161427754,0.6552886863858001,136.6753712255967,135.90493908434672,-0.12913042151409648,0.04366399903475524,-0.18152551700242753,-45062239,23.07143075125558,10.195668978837984,148.72583033243816,134.10083567301433,141.41333300272623,-36288680.59449309,16.514639170666147
2020-03-16,101.69999694824219,102.30000305175781,96.69999694824219,97.5999984741211,90.82521057128906,4868451,4.580877477785042,-0.06495470457272035,123.62000045776367,156.41699966430664,18.962425172923915,-4.519095442718804,46.34450254269107,175.59277128024172,100.20722948269776,0.7723928583619051,132.9539071540276,133.73266245703732,0.03994008925667769,0.04445140117157652,-0.20801245200898003,-49930690,13.714283534458705,14.10190720331101,145.7583304087321,130.8283354441325,138.2933329264323,-35660064.639184564,5.737711261338269
2020-03-17,97.0,101.5,92.5,93.5999984741211,87.10285949707031,3631634,4.539030367181421,-0.04184711060362112,119.35,154.98599975585938,17.881714921290026,-4.619699122023642,48.9613939009795,175.62678622250345,93.62821408267232,0.8760531354335699,129.20591585117936,131.97765777040783,-0.06289009079015984,0.04454239385628085,-0.21974764250361223,-53562324,7.999997820172991,14.928570701962427,142.74416376749676,127.40916849772134,135.07666613260903,-32640989.11930106,9.61538477213582
2020-03-18,96.80000305175781,97.69999694824219,88.0,89.4000015258789,83.19439697265625,4289406,4.493120699247465,-0.04590966793395612,114.1150001525879,153.56399978637694,16.799097506221813,-4.6039078598914855,51.48091771380035,175.7500551956481,86.99994556729138,0.9927305158117468,125.41487639162693,129.72340658621695,-0.040983607198115,0.04475513110566587,-0.2296519151802411,-57851730,2.1978046985095494,7.970695351047081,139.73166364034017,124.0216683705648,131.87666600545248,-30551632.403654013,10.850108258034313
2020-03-19,86.0,91.3499984741211,83.6500015258789,86.19999694824219,80.21651458740234,4347529,4.456670142266424,-0.03645055698104027,108.7400001525879,152.0629997253418,16.004069236382634,-4.4416798932511306,53.9006838158282,175.60493267334297,80.63006717406913,1.1017966225254094,121.68012596844743,127.09500949726385,-0.044871762999049825,0.04478394581529174,-0.22155227090495594,-62199259,4.025249382452585,4.741017300378375,136.63249727884926,120.60750109354656,128.61999918619793,-28174558.160476066,8.932711393093857
2020-03-20,87.1500015258789,92.75,84.75,88.8499984741211,82.68257904052734,6206312,4.486949537427009,0.03027939516058442,103.7,150.59199981689454,19.40565480068588,-3.812715285474095,55.828631271838,174.23550927125166,75.80449011839679,1.1078336617138422,118.55344715946396,123.99135433337145,-0.035794234038244443,0.04635080387951695,-0.1907156043143712,-55992947,8.366849268824135,4.863301116595423,133.75999781290687,117.21500040690105,125.48749910990398,-21800087.527539406,9.003939378040755
2020-03-23,83.0,83.9000015258789,75.80000305175781,76.44999694824219,71.143310546875,1468284,4.336636892456721,-0.1503126449702874,97.81499938964843,148.81399963378905,16.11668951108628,-3.875946643121617,57.81304498544942,172.03002543872825,69.85497364574442,1.3364951716369313,114.54359475839522,121.3468766312678,0.030742478186746025,0.04967245737818415,-0.25901714129827696,-57461231,0.9686944637421787,4.453597705006299,129.84583129882813,113.43583374023437,121.64083251953124,-21286749.857951432,10.59515866247178
2020-03-24,77.0,81.19999694824219,73.4000015258789,78.55000305175781,73.09754180908203,2703847,4.363735403552779,0.027098511096057543,92.99499969482422,147.01199981689453,18.631868146269838,-3.4355276509108954,59.70191420663883,169.4567070738044,65.0882926210198,1.3286875925900938,111.11563364347737,119.42306265651241,-0.13956107753328317,0.051543483166948144,-0.22941977351988452,-54757384,7.436826127456624,5.5907899533409795,126.10916468302408,109.56416727701824,117.83666598002117,-17434629.134962313,9.929974690419481
2020-03-25,75.0,82.6500015258789,74.94999694824219,80.8499984741211,75.2378921508789,2569825,4.392595567150154,0.028860163597375532,89.57999954223632,145.2179997253418,21.411228582465185,-2.68192475449775,61.12638755138245,165.1578260652316,62.03217408735628,1.2755182921974246,108.23319219877676,117.61665618064391,0.027469014876970732,0.052257278575358515,-0.22797064920376114,-52187559,10.758119522052809,6.387880037750537,122.52499860127769,105.75000012715657,114.13749936421712,-14099598.439071309,9.523815365440456
2020-03-26,82.0,86.75,79.30000305175781,82.4000015258789,76.6802978515625,4185024,4.411585455433373,0.018989888283218903,87.80499954223633,143.3929998779297,23.31233447719842,-1.8132794753707273,61.54022979423297,160.90530579434392,59.65469481600763,1.2287695279536746,105.77288832516744,113.42164248688042,0.029280653507394172,0.053385768915574616,-0.1948792910030037,-48002535,14.26307482985301,10.819340159787481,118.9066650390625,102.54666748046876,110.72666625976562,-11158684.380392594,9.041258264907203
2020-03-27,84.0,85.9000015258789,78.80000305175781,82.5999984741211,76.86640930175781,4871255,4.414009662053822,0.002424206620448288,85.64999923706054,141.52499984741212,23.569249459993927,-1.0000850853529215,61.94628931635263,155.37185048945133,58.41814966313655,1.173773639435245,103.56594643459161,109.9986714976831,0.019171342993332896,0.053101880983925334,-0.22096132630530832,-43131280,15.436236885537701,13.485810412481172,115.6149984995524,99.16500078837076,107.38999964396157,-9425410.02117801,8.595639957966284
2020-03-30,79.0,83.30000305175781,77.0,81.5999984741211,75.93582916259766,3774005,4.401829243270565,-0.012180418783256819,84.04999923706055,139.63699981689453,23.151605369744402,-0.33857683765050695,62.40411010342036,150.55420568241948,57.11579401240472,1.1450785957998288,101.47395139073727,106.73752006321921,0.002427147385177797,0.05295677450253101,-0.18295738554382654,-46905285,15.19925377587878,14.966188497089831,112.48166529337566,96.00166727701824,104.24166628519694,-8618066.44672401,7.720592119564581
2020-03-31,82.8499984741211,82.8499984741211,78.5999984741211,79.4000015258789,73.88853454589844,5591330,4.374498387470708,-0.027330855799856835,82.62999954223633,137.6249998474121,22.218806366602408,0.11737080253733723,62.829229405697525,146.36539656387774,55.6146029783586,1.1429570760894843,99.37167045122695,102.60018039597854,-0.012106537753911795,0.052762515366662065,-0.16875863876449776,-52496615,17.366138335625834,16.000542999014105,109.20166511535645,93.42166709899902,101.31166610717773,-9144186.802422723,5.352644733406956
2020-04-01,79.4000015258789,79.75,76.80000305175781,77.9000015258789,72.4926528930664,4214918,4.3554259724643645,-0.01907241500634349,81.47999954223633,135.7029998779297,21.580367008128263,0.46498016570502543,63.310940751526346,140.13557362398194,55.45942607084227,1.086985184782181,97.32674960119381,99.90179127116319,-0.0269607474188851,0.050525553442668604,-0.20683951382411614,-56711533,14.1509454332669,15.57211251492384,105.91916554768882,90.47916692097982,98.19916623433431,-8741071.116362333,3.786902298406475
2020-04-03,79.5,79.5,76.44999694824219,78.44999694824219,73.00447082519531,3753970,4.362461440278367,0.0070354678140027715,80.70499954223632,133.77499969482423,22.46015164692554,0.8562290733219093,63.775613123220204,133.1176631161086,56.327336578715645,0.9788442259348433,95.52896363424603,97.32175378070701,-0.018891687294377513,0.05103533686930435,-0.22413292674006222,-52957563,17.474031680729126,16.33037181654062,102.81916605631511,87.48916651407879,95.15416628519695,-7197394.340354987,3.8878306824792723
2020-04-07,80.5,84.19999694824219,79.5999984741211,83.5,77.70393371582031,2423064,4.42484663185681,0.0623851915784428,80.16999969482421,131.9599996948242,30.203077372930082,1.5395489425297875,62.95046755757394,124.67270263834041,59.19729705648382,0.7841365937946897,94.38334805003211,95.15272141001681,0.007060274859950644,0.05484048533935759,-0.1802957225118713,-50534499,35.94305701981715,22.52267804460439,99.96166610717773,84.5716667175293,92.26666641235352,-4421126.492503634,5.508980208528256
2020-04-08,83.5,87.1500015258789,82.0,83.4000015258789,77.61088562011719,2950330,4.423648327660611,-0.0011983041961993735,80.8650001525879,130.1249998474121,30.13889822691965,2.037942465933938,61.472680648176755,115.47973238509931,63.200267157137,0.6268520895858745,93.3373150477318,92.76132853170671,0.0643722530045423,0.0550561727072704,-0.2268080984148565,-53484829,41.15227112675504,31.52311994243377,97.44833285013834,82.06833330790201,89.75833307902019,-3831683.921882213,6.1750616686510105
2020-04-09,84.9000015258789,90.80000305175781,84.5,89.80000305175781,83.5666275024414,8140116,4.497585009292093,0.07393668163148259,81.9900001525879,128.37099990844726,39.063549939961646,2.804471058055448,59.28541891225666,107.23517693479894,67.74982291261315,0.43970325924630216,93.00042819097239,91.24353248442209,-0.0011975865164203237,0.05838857984915506,-0.13648114592657493,-45344713,84.75453653297417,53.94995489318212,95.38083305358887,80.13583335876464,87.75833320617676,4158093.0413625734,7.0155933604219305
2020-04-13,92.69999694824219,92.69999694824219,85.05000305175781,85.80000305175781,79.84428405761719,9360098,4.452019042062189,-0.045565967229904025,82.48500061035156,126.59199996948242,35.970631252331955,3.028783063272847,56.85222282403531,101.21430808421626,70.85069206837163,0.35388828596577254,92.3146734158091,88.27776792025672,0.076738626004617,0.05597579856482433,-0.13200570823414495,-54704811,64.0827002775365,63.32983597908858,93.55249951680501,78.86750043233236,86.20999997456869,-1784547.6788320793,8.9160764852999
2020-04-15,87.5,89.9000015258789,86.0,88.1500015258789,82.03115844726562,6059059,4.479039926153907,0.027020884091717434,83.06000061035157,124.87700012207031,39.02512999256948,3.299824268931225,54.5928264564012,99.2195696500434,71.6454305025445,0.31280928723981627,91.9180379977205,86.60574621595875,-0.044543428330336754,0.04944341284703916,-0.08472482011707849,-48645752,76.42488859302468,75.08737513451179,92.50583305358887,78.55583381652832,85.5308334350586,504499.0473738862,4.424278455325893
2020-04-16,88.75,96.0,88.69999694824219,94.0,87.47509002685547,15986544,4.543294782270004,0.06425485611609716,84.20000076293945,123.27300018310547,45.93894990825315,3.8017868606230945,51.25968193383728,96.4863364714964,73.3636635285036,0.2459858823722639,92.11632009317569,86.93268374120571,0.027389258630952318,0.051039287216737166,-0.05129501712345607,-32659208,91.15044188038256,77.21934358364791,91.7,78.7400001525879,85.22000007629394,13792607.470101863,7.765960693359375
2020-04-17,98.0,99.5,95.0,98.19999694824219,91.383544921875,8133307,4.587006184283457,0.043711402013452805,85.86000061035156,121.80800018310546,50.29640470015148,4.308208510924803,47.63802348369119,96.6500797676762,73.2599200797359,0.23818900626105355,92.69571788889631,87.2039379897251,0.06636413355482085,0.05014914303151492,0.014681698007585571,-24525901,94.70467254518435,87.42666767286386,91.5799996693929,78.73000043233235,85.15500005086263,16702215.628532572,4.582484867460631
2020-04-20,101.0,101.69999694824219,95.5999984741211,97.3499984741211,90.59255981445312,7370269,4.578312716144055,-0.008693468139401972,87.65500030517578,120.42500015258788,49.42809207741228,4.458779364243426,44.63397412116041,97.48811717771402,72.79688266969809,0.2536336404214704,93.13898270653677,87.66249510350313,0.04468081859832118,0.04921878351518714,0.010508096519811314,-31896170,82.77228327080755,89.54246589879149,91.55249951680501,78.99250043233236,85.27249997456867,13421225.195333349,6.266048864646545
2020-04-21,95.5,95.5,91.25,91.94999694824219,85.5673828125,3326345,4.5212449178610115,-0.0570677982830432,89.05999984741212,119.04300003051758,44.20668512996532,4.077883633835233,41.77978392039956,97.83950166527758,72.70049772437086,0.2733986381212958,93.02574596765157,87.66345613929819,-0.00865578921116561,0.04981650507588465,0.018240485537493398,-35222515,61.386138613861384,79.62103147661776,91.33999964396159,79.32500025431315,85.33249994913737,8937869.01377149,4.622077369281792
2020-04-22,91.0999984741211,95.3499984741211,89.94999694824219,94.3499984741211,87.80079650878906,6239068,4.547011255642022,0.02576633778101023,90.65,117.69899993896485,46.89188667042427,3.8723257794154087,39.3358908175682,98.85492179231204,72.50007774992429,0.2793306249985423,93.15186525398201,88.00409861175348,-0.05546997031863754,0.0492231478597108,0.06728420247574206,-28983447,70.89109515199567,71.68317234555487,91.53249982198079,79.74749997456868,85.63999989827474,9800140.971813027,5.723372139067975
2020-04-23,94.3499984741211,96.25,92.8499984741211,93.25,86.77715301513672,3973978,4.535284058523925,-0.011727197118096555,91.625,116.19600006103515,45.803804917801685,3.5552543540988193,36.8967339084783,99.4217910794708,72.37320861535342,0.29006522749723723,93.16121142026944,88.1857607288533,0.026101159385897965,0.04900133891760067,0.038861902919421154,-32957425,66.53466555151608,66.27063310579105,91.56916656494141,80.24416656494141,85.90666656494139,7775639.442098195,3.64611423686746
2020-04-24,93.0,93.5,89.55000305175781,89.94999694824219,83.70621490478516,2644087,4.499253926469273,-0.03603013205465189,92.27999954223633,114.6929998779297,42.60949431745189,3.036407494611841,35.17544561961686,99.47666342642877,73.66833626839544,0.28691859959576893,92.85538147055256,88.38290052276255,-0.011658701557083817,0.037065968594053644,0.030349498544940637,-35601512,53.46534653465346,63.6303690793884,91.97583312988282,81.0658332824707,86.52083320617676,5418334.497639431,4.391325272100945
2020-04-27,91.0,92.44999694824219,89.1500015258789,89.69999694824219,83.47356414794922,3489864,4.496470735042924,-0.0027831914263494184,92.26999893188477,113.20699981689454,42.36843255124996,2.6060139942723186,33.641698380010126,99.55410396432592,74.70589512014675,0.27701460077548096,92.55486865890396,88.71296433267378,-0.035388772673006,0.03688116328949289,0.0008504648364833688,-39091376,52.475247524752476,57.49175320364068,92.38666636149088,81.92666651407878,87.15666643778484,4519648.71226237,3.6789247877760936
2020-04-28,90.9000015258789,92.4000015258789,89.19999694824219,89.5,83.2874526977539,3697617,4.4942386252808095,-0.0022321097621142982,92.63999862670899,111.75499969482422,42.162928322144204,2.250874729211013,32.21750451466102,99.68049628373291,75.44450295332763,0.27079322156877406,92.26392878662739,88.98372259096352,-0.0027793219397644897,0.03656428574592869,-0.038843175882217265,-42788993,44.79639008786232,50.24566138242275,92.70583305358886,82.69583320617676,87.70083312988281,3768340.022543684,3.575424109091306
2020-04-29,89.9000015258789,96.80000305175781,89.30000305175781,95.6500015258789,89.01055908203125,10775893,4.560695711838995,0.06645708655818527,93.38999862670899,110.43999984741211,50.167332972734684,2.361632217070718,29.946122723247008,100.5879069742783,75.86209226278226,0.2585030247470123,92.58641190465134,89.65994692397756,-0.0022296204575970036,0.03911292325353207,0.03334238429094731,-32013100,69.28935858082396,55.52033206447959,93.26333325703939,83.24833310445149,88.25583318074544,12697399.789709989,7.841087172351808
2020-04-30,97.5,103.30000305175781,95.75,96.30000305175781,89.61544036865234,17847572,4.567468350494192,0.00677263865519695,93.61999893188477,109.12699996948243,50.94014318373058,2.402218884680699,28.901522110468186,101.46697342972648,76.35302626509774,0.26078864349704006,92.94008725199483,91.14034531479847,0.06871510084780907,0.03909118987612631,-0.09014721377902922,-14165528,62.76596349091818,58.95057071986815,94.08666687011718,84.02666625976562,89.05666656494141,12540763.967356225,7.840085994285956
2020-05-04,93.5,93.5,87.0999984741211,88.75,82.58952331542969,6908434,4.485823428355525,-0.08164492213866659,92.67499923706055,107.67699996948242,42.66384470383337,1.8679159432144106,27.25367980989746,101.37056797703329,77.16443187037882,0.2727451955679377,92.54103132323341,91.36820012135965,0.006795624835437497,0.04348662659686498,-0.12627555748174757,-21073962,20.27395588077911,50.77642598417375,94.54916674296061,84.47916628519694,89.51416651407877,3297983.7173242746,7.211269324933979
2020-05-05,93.3499984741211,93.3499984741211,84.1500015258789,85.69999694824219,79.75122833251953,9057721,4.450852789993958,-0.03497063836156755,91.50999908447265,106.2099998474121,39.84732383852358,1.2842145042313842,26.14808387514569,100.94732558218459,78.21767380746385,0.26522348406206037,91.8895042399009,91.58129181406971,-0.07840085994285961,0.04380436604045867,-0.14154189628542962,-30131683,8.093970229029226,30.377963200242174,95.1691665649414,84.6041664123535,89.88666648864745,-1119739.198289311,10.735119341717656
2020-05-06,84.0,88.4000015258789,81.05000305175781,87.0999984741211,81.05404663085938,12267391,4.467056866339755,0.016204076345797347,91.02499923706054,104.86299987792968,41.748290822913745,0.9812115494628744,25.541574818592615,100.1543380387816,79.93066104569105,0.2321891773522746,91.43336083363616,91.45812875256087,-0.034366231569102124,0.04351174675590819,-0.07132780011365965,-17864292,27.19099066230688,18.519638924038407,95.75749994913737,84.75249964396158,90.25499979654947,1493704.4184024706,8.438574744986827
2020-05-07,86.0,90.5,85.3499984741211,89.6500015258789,83.42704772949219,11792998,4.495913217071542,0.02885635073178694,90.55499954223633,103.62899978637695,45.148495343971625,0.9411829133126997,24.58861248039441,99.21345003314148,81.99154950909484,0.19210150843193538,91.26351709004024,91.5574157547388,0.016336074395946865,0.04380955268143941,-0.023412989733517374,-6071294,38.6516785353757,24.645546475570608,96.38083330790201,85.16583315531412,90.77333323160806,5576343.914255515,5.744563790545253
2020-05-08,91.4000015258789,92.9000015258789,88.80000305175781,90.0999984741211,83.8458023071289,9165912,4.500920147678899,0.005006930607357241,90.23999938964843,102.41499969482422,45.75028864822178,0.9319172228941728,23.270947623740195,98.91211532011626,82.95288406953217,0.17712798580310699,91.15270579328603,91.64117066792292,0.02927672900609135,0.04172224311474168,-0.054076017461956324,3094618,40.67413672972261,35.50560197580173,96.76416676839193,85.59916661580402,91.18166669209798,5368956.559055648,4.550497828586216
2020-05-11,91.19999694824219,94.3499984741211,90.5999984741211,93.0999984741211,86.63755798339844,9497627,4.533674167893344,0.03275402021444496,90.55499954223633,101.11699966430665,49.711464846469475,1.1030300833181417,21.790070121666833,98.6511203906125,84.18387869386015,0.15539465020263987,91.33816223907985,91.83365474027802,0.005019486230708914,0.04217883937444209,-0.024714533613934143,12592245,54.15728279713834,44.49436602074555,97.11916656494141,86.0941665649414,91.6066665649414,8672374.336333413,4.0279270262742095
2020-05-12,92.9000015258789,92.9000015258789,88.0,90.94999694824219,84.63679504394531,8357476,4.510309871409894,-0.023364296483450175,90.67999954223633,99.89699966430663,47.05945102917504,1.047055611284017,20.84318337351326,98.67447827892038,84.27552019520071,0.15831730144987052,91.30119411614294,91.9424259280375,0.03329633796677234,0.039214843311414234,-0.04788391291346341,4234769,44.494354590941015,46.441924705933985,97.16166636149089,86.27666651407877,91.71916643778482,4866522.837929163,5.387577449471932
2020-05-13,96.5,96.5,92.1500015258789,94.4000015258789,87.84732818603516,7702772,4.547541089315426,0.03723121790553208,91.16999969482421,98.69699981689453,51.528086917380854,1.2066743283506711,19.396158359353194,98.71403066854417,85.09596765298905,0.14425913978213076,91.59631863135589,92.2884551381463,-0.023093464673649144,0.038461915502051885,-0.0009494985775830385,11937541,59.999993142117276,52.88387684339887,97.32166659037271,86.76666628519693,92.04416643778482,7967676.526866703,4.608049156576106
2020-05-14,91.9000015258789,94.69999694824219,91.25,92.5999984741211,86.1722640991211,3816587,4.528289125173959,-0.019251964141466793,90.86499938964843,97.57499984741212,49.194923944496225,1.1552617258931597,18.127863165596477,98.7185147650271,85.53648325133034,0.1423545543295094,91.69190718780972,92.46140137924,0.03793298178558535,0.038472791584232606,-0.00991743285127323,8120954,51.91009178590239,52.13481317298689,97.54083290100098,87.03083305358886,92.28583297729492,5848027.273414433,3.7256987096024172
2020-05-15,92.44999694824219,93.19999694824219,90.55000305175781,91.69999694824219,85.33473205566406,7108760,4.518522345982617,-0.0097667791913425,90.40499877929688,96.4029997253418,48.02403845824781,1.029076833945275,17.077958858140807,98.54885014480551,85.47614756637613,0.1425594657959253,91.69267764118425,92.38570344206882,-0.01906782862990053,0.03554553650199273,-0.06380236807753809,1012194,47.86514110779494,53.258408678604866,97.25416577657063,87.20916684468588,92.23166631062826,4098609.8276256667,2.8898516735830415
2020-05-18,92.5,93.6500015258789,89.69999694824219,91.6500015258789,85.28822326660156,12292578,4.5179769909346925,-0.0005453550479241898,90.69499893188477,95.37999969482422,47.95575640780917,0.9145408695630914,16.263318206222365,97.57262323256383,85.79737493638147,0.1284806121127823,91.68861324925041,92.06169520248363,-0.009719239100532295,0.03391207204900422,-0.08493124434247408,-11280384,47.64044258031952,49.138558491338955,96.9316660563151,86.94166666666666,91.93666636149088,3425298.048101489,4.309879445579027
2020-05-19,93.5,95.9000015258789,90.05000305175781,91.80000305175781,85.42781066894531,13987954,4.519612330869993,0.0016353399353006282,91.30499954223633,94.48999969482422,48.193758121110406,0.8239893061896006,15.165321949836258,96.69335734993278,86.1216412767762,0.11516030197946872,91.69922180187017,91.8295088808905,-0.0005452063688889952,0.03389814325488201,-0.09661535380770914,2707570,48.31460674157304,47.9400634765625,96.63749961853027,86.67250022888183,91.65499992370606,3235714.6760761268,6.372547145584301
2020-05-20,93.5,94.4000015258789,89.0,90.3499984741211,84.07845306396484,19650762,4.503691000149705,-0.015921330720288118,91.62999954223633,93.46199966430665,46.003686115669524,0.6492308733696277,14.236585904803079,96.6265083630237,86.02849041627317,0.11729959187311018,91.57072434208455,91.74658775336782,0.0016366778328591458,0.03171862652075733,-0.12999541901190587,-16943192,41.79773223534059,45.91759385241105,96.61249974568685,86.53250020345051,91.57249997456867,-1297058.1139418455,5.976758845685676
2020-05-21,91.0,93.0,90.0,91.8499984741211,85.47432708740234,9861690,4.5201567950484085,0.01646579489870348,91.84999923706054,92.49999969482423,48.60558318372762,0.6176370038716721,13.374188148700838,96.32543770817612,86.07956107112075,0.111550101331163,91.59732187846897,91.68974551094617,-0.01579525631191092,0.031370170997460985,-0.13628330441677172,-7081502,69.90289680019673,53.33841192570345,96.41249974568684,86.57250035603842,91.49250005086263,1001455.1880498463,3.2661949372217522
2020-05-22,91.5,93.0,89.8499984741211,90.3499984741211,84.07845306396484,6964251,4.503691000149705,-0.01646579489870348,91.87499923706055,91.52199966430663,46.207715685016005,0.48457140083101624,12.608267845705907,96.10401263833994,86.01098598836906,0.11171031345243267,91.478529173293,91.61492092162753,0.01660210321342337,0.03147196203353612,-0.14327644268178016,-14045753,60.1941570184024,57.29826201797991,96.24749972025553,86.4325003306071,91.34000002543132,-633949.3388144174,3.486443363672175
2020-05-26,91.69999694824219,93.0,90.5,92.3499984741211,85.93962097167969,5790587,4.525585690122467,0.021894689972762116,91.79999923706055,90.6629995727539,49.766149645833494,0.5171381869524234,11.897056135782037,96.2271028576827,86.12789592161417,0.10935795455263153,91.56152624956235,91.63368702482578,-0.01633097468610878,0.030795209551349984,-0.11518218084097269,-8255166,73.13914339412818,67.7453990709091,96.22249984741211,86.5525001525879,91.3875,1111068.2810162134,2.7070926272950246
2020-05-27,93.0,95.55000305175781,91.69999694824219,94.8499984741211,88.26609802246094,7712369,4.552296680293739,0.026710990171271654,92.18999938964843,90.02499954223633,53.87369429175303,0.6825431103999458,11.514732484990926,96.6784827775813,86.19151615430347,0.11056369838676476,91.8747140804727,91.75052212504465,0.0221361376178979,0.03128257031712835,-0.07543689167084516,-542797,85.20178206209847,72.84502749154302,96.43000043233236,86.70499966939289,91.56750005086262,3706761.74087104,4.059047090618628
2020-05-28,95.5,98.44999694824219,94.44999694824219,98.05000305175781,91.24397277832031,11130922,4.585477583766861,0.03318090347312186,92.55499954223633,89.68599960327148,58.54615751955948,0.9656546084088616,11.81970042728409,97.75876128326453,85.96623795379602,0.12027050446131624,92.4628368396427,92.0646819297026,0.02707092627295027,0.03197630454364872,-0.013610281938337165,10588125,96.17230609285815,84.83774384969495,96.80083351135254,86.99583320617675,91.89833335876465,8265653.114077643,4.0795511223885565
2020-05-29,98.3499984741211,100.80000305175781,96.0999984741211,97.0999984741211,90.35991668701172,14775918,4.57574135958277,-0.009736224184091036,93.00499954223633,89.62499954223632,56.7095629282192,1.0406563231564803,12.580673355101393,98.04745571693876,85.82254321494601,0.1259002337188595,92.9044712810216,92.39402639854974,0.033737529036542924,0.028363880749204977,-0.09093595491785837,-4187793,71.09372112900706,84.1559364279879,96.86500027974446,87.33999951680502,92.10249989827474,5079532.706525868,4.840375542219349
2020-06-01,99.19999694824219,105.44999694824219,98.55000305175781,104.75,97.47888946533203,16650086,4.6515765588022475,0.0758351992194779,94.30999984741212,89.63699951171876,65.96775204915973,1.5277475757713068,14.088882210357722,100.46196064109452,84.25303798561447,0.15473911842940383,94.03261687330526,92.72224531803906,-0.009688980602430397,0.03326374155738999,0.04799400106235403,12462293,95.98855546898706,87.75152756361744,97.05583305358887,87.59583320617676,92.32583312988281,22550054.220738605,6.587106345092482
2020-06-02,105.6500015258789,106.55000305175781,102.4000015258789,103.94999694824219,96.73442077636719,13347583,4.643909984946082,-0.007666573856165648,95.53999938964844,89.76399948120117,64.41627801913532,1.7048528417279776,15.657801458567466,102.47945859052119,83.75553973101201,0.18012428484083576,94.97712926139448,93.551130350986,0.07878477493403646,0.027157745344692542,0.04638256815732791,-885290,85.18515298346226,84.0891431938188,97.66916643778484,88.43416659037271,93.05166651407878,17803174.027262993,3.9923055774068335
2020-06-03,104.9000015258789,109.75,104.5,107.1500015258789,99.7123031616211,13936450,4.674229736160173,0.03031975121409136,97.07499923706055,90.03499954223633,67.68966893287657,1.9297661836580406,17.572562015738214,104.7457378342755,83.63426094502137,0.19702731300619986,96.13645042944061,94.6724080334679,-0.007637260637306076,0.025638087836850277,0.07377750174429203,13051160,87.46988687170557,89.54786510805162,98.44166666666666,89.60166651407879,94.02166659037273,21630821.137083314,4.899673285335435
2020-06-04,107.0999984741211,107.80000305175781,101.80000305175781,102.69999694824219,95.5711898803711,11501574,4.631812087219246,-0.042417648940927144,98.30999908447265,90.30099945068359,59.49350564387733,1.680250332418821,18.50097253520508,105.6199008941424,84.32009773256658,0.20739828426976784,96.7615500978979,95.69893435552636,0.030784075724697102,0.028204708654273162,-0.0002652821268083701,1549586,66.0240816782756,79.55970717781447,99.30333340962729,90.59833310445148,94.95083325703938,11228981.410353206,5.842259180420254
2020-06-05,104.8499984741211,105.25,102.5,104.69999694824219,97.43236541748047,12380783,4.651099088728851,0.01928700150960516,99.59499893188476,90.6709994506836,61.73600703647011,1.5542460807200302,19.36306801756717,106.87729516336046,84.56770300558486,0.21308111564515336,97.51759265507354,96.57787278918146,-0.04153060675936582,0.02791092463024932,-0.0024522126303435795,13930369,75.66263589514307,76.38553481504141,99.9658332824707,91.5008331298828,95.73333320617675,13162207.780302748,2.6265521300439443
2020-06-08,106.8499984741211,109.5,105.55000305175781,106.3499984741211,98.96782684326172,14654121,4.6667355272985365,0.015636438569685218,101.19499893188477,91.02099945068359,63.52985088349991,1.4863833317142816,20.819474738754053,108.28468404170805,84.78531412723727,0.22096257876476647,98.3587741616495,97.52519933069476,0.019474197268067428,0.02795074405764266,-0.02665366129301726,28584490,83.61445047769202,75.10038935037022,100.78499984741211,92.3349998474121,96.55999984741212,14736081.24174723,3.7141485706775716
2020-06-09,106.94999694824219,108.30000305175781,104.1500015258789,104.75,97.47888946533203,9941692,4.6515765588022475,-0.01515896849628895,102.43499908447265,91.58699951171874,60.56478444438492,1.2477248519644055,21.724492033371423,109.27625211526619,84.95874620626701,0.23214802777087523,98.9674623367305,98.10105317036034,0.015759327354083696,0.02780068833646914,-0.07278476447698494,18642798,75.90361445783132,78.39356694355547,101.45750007629394,92.96749992370606,97.2125,10358542.202900216,3.961815299168407
2020-06-10,104.4000015258789,106.5,103.6500015258789,105.6500015258789,98.31641387939453,6352190,4.660131758504838,0.008555199702590777,103.51499938964844,92.12899948120118,61.64906315657241,1.071226131137927,22.40329954864044,110.20674864553429,85.4982501337626,0.23387125560731167,99.60389464045893,98.59325626880455,-0.015044649713938929,0.02692822860762659,-0.06954363544895406,24994988,79.39699417213983,79.63835303588773,102.0875,93.8025001525879,97.94500007629395,9695461.987153433,2.6975848868520726
2020-06-11,106.8499984741211,109.19999694824219,104.25,105.0,97.71154022216797,9369782,4.653960350157523,-0.0061714083473152215,104.20999908447266,92.61199951171875,60.35829137260248,0.8415811828529685,23.474253592839723,111.00538645121522,85.75961217549376,0.24043594548306152,100.1178094366057,99.06105644001379,0.008591900008390496,0.02612926363455214,-0.09973953811192199,15625206,76.13065509656934,77.14375457551351,102.70749982198079,94.36250012715657,98.53499997456868,7440342.760823985,4.7142828078497026
2020-06-12,97.5,107.80000305175781,97.5,106.6500015258789,99.24700927734375,9441933,4.66955245922471,0.01559210906718711,105.16499938964844,93.09699951171875,62.50442917628723,0.7355262642565137,22.559655660561923,111.9047541130991,86.26524481878567,0.24040795993886538,100.73992296891743,99.3704249744363,-0.006152404320786342,0.025548336314550633,-0.06128141753119087,25067139,83.89611182274757,79.80792036381892,103.60666694641114,94.57666664123535,99.09166679382324,8603037.203170044,9.657761748140706
2020-06-15,110.0,112.5999984741211,106.0999984741211,106.9000015258789,99.47965240478516,18246753,4.67189383230489,0.002341373080179565,105.37999954223633,93.5829995727539,62.832755684709724,0.6214735161516671,22.5376692585515,112.62556724183744,87.064432147811,0.23911257931870533,101.32659711719947,100.29857825341595,0.015714300246465696,0.02526390579914492,-0.11226576641961257,43313892,72.72728932012609,77.58468541314767,104.63500061035157,95.21999969482422,99.9275001525879,8025701.638431467,6.080448930981958
2020-06-16,108.25,109.75,104.1500015258789,105.80000305175781,98.45600891113281,8764250,4.6615505482687905,-0.010343284036099298,105.56500015258788,94.06699966430664,60.329570556501885,0.42081650434325857,22.048517482317035,113.00245942528399,88.10254011695234,0.2353489469764051,101.7526357776336,100.98544347729472,0.0023441162346287125,0.025529860168917666,-0.12864421942134993,34549642,62.53446363259193,73.05262159182186,105.46250038146972,95.88250007629395,100.67250022888183,5501935.457681859,5.293004076173373
2020-06-17,105.0999984741211,107.75,104.5,105.3499984741211,98.03724670410156,8699400,4.657288125766297,-0.004262422502493202,105.3849998474121,94.58599960327149,59.28895529023174,0.2169183560113943,21.594305118670746,113.16513383672479,89.29486524774786,0.22658062586342215,102.09524174872766,101.68357081425027,-0.010289976224694408,0.025634913785141464,-0.12519793459106304,25850242,56.06060606060606,63.77411967110803,105.99666697184246,96.67666651407879,101.33666674296062,4156691.8461997546,3.0849549568796175
2020-06-18,105.69999694824219,106.6500015258789,104.80000305175781,106.05000305175781,98.68865966796875,6091628,4.663910709787285,0.006622584020988143,105.72000045776367,95.14899963378906,60.43228006885613,0.0945739008062021,21.172536495284906,113.01291463294615,91.01708490929019,0.2074099867108997,102.47188568234958,102.75171333985993,-0.004253351272745953,0.025059463535931335,-0.07757519377070507,31941870,56.62254248840559,58.4058707272012,106.5483336130778,97.58333346048991,102.06583353678386,4172045.5089226486,1.7444586712724566
2020-06-19,106.5,109.9000015258789,106.0,109.0,101.43388366699219,13632212,4.6913478822291435,0.02743717244185806,106.15000076293946,95.75999969482422,64.90533142114853,0.17313292265103408,21.386172156663147,113.22167861437444,92.52332108044979,0.18989318838462982,103.09361085545915,103.59701382320671,0.006644561820365658,0.02537762788886374,-0.05327146203008845,45574082,76.15894809333328,62.94736554744831,107.42750040690105,98.37250010172525,102.90000025431314,9321036.693046631,3.577983051265052
2020-06-22,110.44999694824219,113.3499984741211,108.80000305175781,111.9000015258789,104.13258361816406,12640229,4.717605628953973,0.026257746724829722,106.70500106811524,96.3279997253418,68.65653942669783,0.3699109620172507,22.142807517827695,113.29869103229765,94.60130896770235,0.16709009660085836,103.93231472883247,104.42018827917352,0.02781703784395395,0.024943578189756423,-0.010440418065992836,58214311,90.85175338906402,74.5444146569343,108.51166687011718,99.31666717529296,103.91416702270507,13226129.077962656,4.0661263273629284
2020-06-23,113.25,114.0,111.4000015258789,112.05000305175781,104.27217864990234,8861309,4.718945227482615,0.0013395985286415169,107.43500137329102,96.90099975585937,68.84205524143044,0.4541292838927289,22.944913429499223,113.28527717167779,96.58472328608588,0.14904554601286038,104.70542790244441,105.04991256290053,0.026605518586044985,0.02489021433760738,-0.04190501857727234,67075620,88.18183667732008,85.06417938657246,109.54333356221518,100.33833401997884,104.94083379109702,11526569.191294346,2.320391256857093
2020-06-24,113.69999694824219,114.3499984741211,107.19999694824219,108.75,101.20124053955078,9039419,4.689051669968793,-0.02989355751382128,107.74500122070313,97.27999969482421,60.37564813793521,0.24217620708829113,22.501308336002243,112.72678952067422,98.53321108967735,0.1305156637333045,105.09062524506876,105.6191393381593,0.0013404961915413072,0.026032952241196162,-0.08536595925409664,58036201,66.76558468107996,81.93305824915468,110.51166661580405,100.97666753133139,105.74416707356772,5618472.123092647,6.574714046785202
2020-06-25,108.69999694824219,113.3499984741211,107.25,112.30000305175781,104.50482177734375,13008547,4.721173888919444,0.032122218950650705,108.47500152587891,97.80999969482421,65.31715201746395,0.29229898400667365,22.089389320612188,113.10565843024803,99.57934218010352,0.12044804882071443,105.77723265522962,106.33536233224761,-0.0294511643184292,0.025975302114560003,-0.08629220195863854,71044748,87.83385395843361,80.92709177227789,111.3158332824707,101.57083435058594,106.44333381652832,11413030.61249869,5.431877389450891
2020-06-26,114.80000305175781,114.94999694824219,110.69999694824219,111.0,103.2950668334961,9136431,4.709530201312334,-0.011643687607110209,108.91000137329101,98.26699966430664,62.255371017833234,0.1938760424571191,22.017569471194133,112.61082076186979,101.46418000106966,0.10042018703423536,106.27463906901728,107.11914428411205,0.032643706223060454,0.026042927269978568,-0.08560505358347469,61908317,77.36391037798957,77.32111633916772,112.00416628519693,102.30416781107584,107.1541670481364,8085827.927545352,3.8288288288288284
2020-06-29,111.0,111.0,107.19999694824219,108.44999694824219,100.92206573486328,5523273,4.686289209133116,-0.023240992179218267,109.06500091552735,98.55599960327149,56.646200057034164,-0.0727069468770436,21.003201408723132,112.72499947918585,101.72000097857783,0.10147532328525713,106.48181600989584,107.4906587739604,-0.011576162212200924,0.020672669530860326,-0.16070365843935874,56385044,62.75070981800503,75.98282471814274,112.14749997456867,102.75750058492024,107.45250027974446,4918657.794225798,3.5039217691922717
2020-06-30,108.9000015258789,110.8499984741211,107.5,108.0,100.50330352783203,4802681,4.68213122712422,-0.004157982008895722,109.28500061035156,98.75199966430664,55.692585691580184,-0.296531478184451,20.061288207857206,112.72523795981107,102.12476280312839,0.09815254774706182,106.62640496133432,107.72750361493446,-0.022973000466286586,0.02060221028911687,-0.16732960717144152,51582363,60.171930293991885,66.76218349666216,112.33166643778482,103.02166735331218,107.67666689554851,3907250.710282007,3.1018504390010126
2020-07-01,108.80000305175781,110.9000015258789,108.3499984741211,109.75,102.13182067871094,5314438,4.698205051955281,0.01607382483106079,109.72500076293946,98.99999969482423,58.61070594915111,-0.34074806372231237,19.19858720465542,112.9486000527771,102.16140055757447,0.09828883366927224,106.923890203112,107.82165726289037,-0.004149349570354954,0.01977573544141956,-0.1726711332057833,56896801,70.20058534299054,64.37440848499581,112.32333323160807,103.28333384195965,107.80333353678384,4677681.537384578,2.3234651952235192
2020-07-02,110.25,111.69999694824219,110.05000305175781,110.8499984741211,103.15546417236328,4491579,4.708177922297062,0.009972870341781181,110.20500030517579,99.3779997253418,60.377194080506044,-0.3107769070536479,18.59651684606053,113.05012104894378,102.87487971399567,0.09179288655852902,107.29780527654144,108.1183168383521,0.01620370370370372,0.017060873794138093,-0.13745662175201837,61388380,62.03703507474337,64.1365169039086,112.44416618347168,103.8391674041748,108.14166679382325,4715259.895814545,1.488492484616119
2020-07-03,111.75,114.8499984741211,111.5,114.25,106.3194580078125,9011680,4.738389029774314,0.03021110747725242,110.73000030517578,99.77599975585937,65.30607029889062,-0.08838830341133885,18.762667523064284,113.98523299387945,102.89476807423578,0.09707190301657474,107.95991905972797,108.6419368588257,0.010022765140055512,0.017765861280549678,-0.14872753180814344,70400060,93.51854402833615,75.25205481535669,112.94333279927571,104.27833417256673,108.61083348592122,8418755.017945671,2.9321649664079596
2020-07-06,114.80000305175781,118.19999694824219,114.69999694824219,117.80000305175781,109.62303924560547,10584593,4.768988297123749,0.030599267349434633,111.32000045776367,100.26699981689453,69.56336417644592,0.2527200519392152,19.56816628320551,115.80123294865312,102.22376857722578,0.1152586079769608,108.89706991611178,109.2405324966758,0.030672093574026116,0.0185865810047874,-0.05975245760445062,80984653,97.08033587163902,84.21197165823952,113.409166208903,104.78916727701824,109.09916674296062,12583981.079898344,2.971137444251342
2020-07-07,117.80000305175781,118.1500015258789,115.5,117.30000305175781,109.15774536132812,5879805,4.76473478167612,-0.004253515447628864,111.84500045776367,100.81399993896484,68.2922702383347,0.391320450698442,20.316129417622367,117.03017109015622,102.24983074089846,0.12600460327981436,109.69734926236379,109.68992982813609,0.031072236776873652,0.01811564327699848,-0.009822089050025332,75104848,93.28362457895972,94.6275014929783,113.896666208903,105.42666727701821,109.66166674296059,10366283.425627153,2.259165777437884
2020-07-08,117.30000305175781,119.5999984741211,114.9000015258789,116.0,107.947998046875,6595315,4.7535901911063645,-0.011144590569755586,112.57000045776367,101.34,64.96829637536118,0.3437808992947091,21.284056339611293,117.80271432028476,102.51228735818202,0.13181402553536847,110.29760171356725,110.10978239712956,-0.004244482063216148,0.01848808608886012,-0.04370112447790598,68509533,73.52942001448463,87.96446015502778,114.56749941507974,105.91250063578289,110.2400000254313,7660538.703779835,4.051721507105334
2020-07-09,116.5,117.0,114.1500015258789,115.4000015258789,107.38963317871094,4655682,4.74840436729652,-0.0051858238098443366,112.88000030517578,101.85800003051757,63.43369177739307,0.2259536456961384,21.900067580068114,118.2633092812866,103.0916925497681,0.1314698139593716,110.78354455283502,110.46682076871738,-0.011082719675499009,0.018458679079710202,-0.01071950249906418,63853851,66.12906103699456,77.64736854347963,114.9308329264323,106.48583399454753,110.70833346048991,6167118.589526568,2.469669355664584
2020-07-10,115.5,117.19999694824219,112.75,113.19999694824219,105.34234619140625,5251751,4.729156138810091,-0.019248228486429042,113.1,102.20899993896484,58.02185433801529,-0.03237552428979518,21.951387234534185,118.43089532244403,103.57910605084697,0.13119955540623962,111.01368287620713,110.94725729125396,-0.00517240063897495,0.019015504847986527,-0.078674586906548,58602100,48.38709081993216,62.681857290470454,115.1583324432373,107.2983341217041,111.2283332824707,3635547.899507314,3.9310928164395937
2020-07-13,114.3499984741211,115.25,112.25,114.0999984741211,106.17987823486328,3529042,4.737075243494858,0.007919104684766864,113.6650001525879,102.56499984741211,59.54250038893013,-0.1673175938178857,21.81400689430786,118.65685285156587,104.07314821654936,0.12781511682775554,111.30761769505608,111.29673873489341,-0.019064164198848488,0.019044217062335205,0.0076251717156943614,62131142,55.64516674839552,56.72043953510741,115.24999910990398,107.74000078837075,111.49499994913735,3569918.65456209,2.629272603084589
2020-07-14,113.94999694824219,113.94999694824219,110.0,110.44999694824219,102.7832260131836,4252693,4.704562902235906,-0.032512341258952304,113.90999984741211,102.99899978637696,51.40898324453558,-0.5078383474037436,20.890199064285934,118.44793763862343,104.74706281914025,0.12404595018597893,111.22593952869285,111.5760611628485,0.007950543729170034,0.02043471361386827,0.009944795127015389,57878449,26.20967419412992,43.413977254152535,115.41249885559083,108.0675006866455,111.73999977111816,842453.712611143,3.5762761950036
2020-07-15,110.8499984741211,114.80000305175781,110.4000015258789,112.1500015258789,104.365234375,7513249,4.719837274571914,0.015274372336008035,114.15,103.52799987792969,54.52477150281456,-0.6167788195937502,20.26934502404872,118.16011142437097,105.7148893385685,0.11096943304927823,111.31394543318676,111.95141902144672,-0.03198949671070117,0.020572240017699937,0.027459303489771766,65391698,39.91938684286464,40.59140926179669,115.79916572570801,108.3391674041748,112.06916656494141,2546754.2812273367,3.9233182933694337
2020-07-16,113.0,113.19999694824219,108.75,109.44999694824219,101.85264587402344,5856410,4.695467796086206,-0.02436947848570803,114.0099998474121,103.9749998474121,49.13576436161859,-0.8542509596671515,19.12600620839721,117.84424988004741,106.37075027254048,0.10482868823589499,111.13642652985871,112.14244517181781,0.015391621771011499,0.021440459310952398,-0.01364102012722481,59535288,18.14515905747456,28.091406698156373,116.1608320871989,108.44083391825356,112.30083300272622,-75972.5887362049,4.065780787866578
2020-07-17,110.0,111.19999694824219,107.75,109.5,101.89917755126953,7812673,4.695924549256556,0.0004567531703498773,113.53499984741211,104.37199981689453,49.235830900964494,-0.9823895039879149,17.784013910555675,117.81900148714462,106.44599866544328,0.1038630394675921,110.98057638415789,112.3622981585484,-0.024074940177452264,0.020547124650670868,-0.06446547285787467,67347961,16.52892770422662,24.86449120152194,116.19749844868977,108.52250073750812,112.35999959309898,-9311.148575909312,3.1506821445134134
2020-07-20,110.0,113.30000305175781,109.0999984741211,109.75,102.13182067871094,7584153,4.698205051955281,0.002280502698725151,112.72999954223633,104.76499984741211,49.767921623926135,-1.0202802319983997,17.139898790214442,117.80552968485702,106.24447031514299,0.10533994869898888,110.8633786332857,112.36456881319276,0.00045685749796287034,0.0196149177012068,-0.13761687237996303,74932114,16.877639304070364,17.183908688590517,116.14833221435546,108.50833358764649,112.32833290100098,262881.6226492206,3.826883442038013
2020-07-21,110.80000305175781,112.25,109.75,110.05000305175781,102.41100311279297,5413906,4.700934835703118,0.002729783747837722,112.00499954223633,105.10399993896485,50.439252466962984,-0.9941025795854679,16.541791892754727,117.76918694055101,106.08081305944899,0.10620966430691368,110.78591429218781,112.28949363074051,0.0022831050228311334,0.019625340471141988,-0.13878749044626856,80346020,19.40931095291472,17.605292653737237,116.05333226521809,108.42333348592122,112.23833287556968,457354.00826075074,2.271694621238875
2020-07-22,109.69999694824219,111.1500015258789,107.0,109.6500015258789,102.03876495361328,7261401,4.697293488779802,-0.003641346923316746,111.36999969482422,105.47800003051758,49.48954560071328,-0.9715472792712225,15.675022156888673,117.72894265111545,106.21105750147244,0.10504227076480822,110.67773212396791,112.27332492741661,0.002733513000071186,0.018449764289274535,-0.08720155846159372,73084619,21.03176068887386,19.10623698195298,115.86166572570801,108.53166694641111,112.19666633605956,-22921.06149344443,3.784771060764143
2020-07-23,110.0,111.19999694824219,108.75,109.44999694824219,101.85264587402344,4638889,4.695467796086206,-0.0018256926935960038,110.77499923706054,105.77899993896484,48.9928202244331,-0.9374670944083976,14.852522092441202,117.68689368111487,105.96810586112147,0.107069786630831,110.560804964375,112.31748003303221,-0.00363472525930586,0.016835624133500614,-0.1771080081971955,68445730,19.444422578893096,19.961831406893893,115.62083218892414,108.65583356221516,112.13833287556967,-152189.34344418388,2.2384623266830848
2020-07-24,109.0,110.8499984741211,108.3499984741211,109.0,101.43388366699219,5568701,4.6913478822291435,-0.00411991385706223,110.35499954223633,106.10699996948242,47.8296209139721,-0.9117671267160121,14.225522479677696,117.70700617293772,105.7479933692986,0.10971571379485437,110.41215687252976,112.1913878382984,-0.0018240271304466038,0.016674286837449852,-0.1397404416450593,62877029,15.873017795262145,18.7830670210097,115.39249890645347,108.60250027974446,111.99749959309895,-488433.5023340459,2.293577981651376
2020-07-27,109.3499984741211,110.0,105.9000015258789,106.69999694824219,99.29353332519531,5092636,4.670021129706416,-0.021326752522727865,109.61499938964843,106.40699996948243,42.30146107851382,-1.008651917429379,14.424392870312232,117.85535364563042,105.42464589660592,0.1165014817671865,110.05861783212143,112.14638394254007,-0.004111438654995858,0.016547903372601338,-0.1502754656382331,57784393,5.839383945745526,13.71894143996692,115.33999875386557,108.52000058492024,111.9299996693929,-2091954.193642282,3.842547883211199
2020-07-28,106.69999694824219,111.3499984741211,106.69999694824219,110.75,103.06240844726562,7580380,4.707275408925245,0.03725427921882929,109.64499969482422,106.78899993896485,52.67419590880306,-0.7697501225229217,14.068956114157306,117.78278902619857,105.77221051603775,0.10844766149129415,110.12446375287178,112.12095062415145,-0.021100945428970785,0.018631070953182966,-0.07431533534933737,65364773,42.92035786601022,21.544253202339295,115.44583218892417,108.49583371480306,111.9708329518636,2592690.99594717,4.198646975962895
2020-07-29,110.75,112.0,109.30000305175781,110.3499984741211,102.69017791748047,6104693,4.703657118875116,-0.003618290050129147,109.46499938964844,107.15999984741211,51.685889893110165,-0.6151419077616538,13.485444516240722,117.77786819113192,105.83713119851652,0.10820785824854995,110.14594325013361,112.14864546735154,0.037956918159260944,0.018328055191695034,-0.08890403956010873,59260080,39.380519919817054,29.3800872438576,115.49749857584634,108.53250071207681,112.0149996439616,1873465.637237249,2.446757576417531
2020-07-30,110.69999694824219,111.30000305175781,107.69999694824219,108.30000305175781,100.782470703125,3278192,4.684905182185687,-0.018751936689429094,109.35,107.51899993896484,46.835824230868646,-0.6253688170419424,13.475573839111172,117.83283829618568,105.52716155122641,0.11362582085134612,109.97013942171687,112.11433694634047,-0.0036117519266718467,0.01865316579443774,-0.10637615768330766,55981888,25.6684697064029,35.989782497410054,115.50666592915854,108.34666684468587,111.9266663869222,645787.889970795,3.324105265071083
2020-07-31,107.94999694824219,109.44999694824219,107.19999694824219,108.25,100.73595428466797,3424302,4.684443366882599,-0.00046181530308775365,109.225,107.84699996948243,46.72066124832507,-0.6093148944225255,13.626987303827008,117.5872070134327,105.1727928339794,0.114682809971855,109.8063166196486,111.89505189577028,-0.018577212965200318,0.01710595902327817,-0.16241916366877102,52557586,26.40447271034623,30.484487445522063,115.18999926249187,108.14000002543132,111.6649996439616,529071.6842406271,2.0785219399538106
2020-08-03,108.9000015258789,110.75,107.55000305175781,108.0999984741211,100.59635162353516,3888162,4.683056710529724,-0.0013866563528752707,109.05999984741212,108.20199996948242,46.352454854603344,-0.5826231457718228,13.208406414035968,116.50721074179215,105.2827886478563,0.10383369336145698,109.64381012959836,111.31034062390223,-0.0004617086828142547,0.015178839607732156,-0.26859224511893953,48669424,24.719062596171074,25.597335004306732,114.76999918619792,107.75000025431314,111.25999972025552,370171.4103684833,2.960219235348333
2020-08-04,108.8499984741211,116.0,108.8499984741211,115.1500015258789,107.15699005126953,18091251,4.746235639517922,0.0631789289881981,109.56999969482422,108.65800003051758,61.65010779313315,-0.08984765180095156,13.461557007150587,115.970826955877,105.60417228118355,0.090027395026683,110.1682093101965,111.33661728764058,-0.0013856953891815404,0.021706220680972017,-0.14733884236011932,66760675,91.58417225211451,47.56923585287726,114.81249910990395,107.34250017801921,111.0774996439616,18537771.888903923,6.209293470371348
2020-08-05,116.0,117.75,115.0999984741211,115.9000015258789,107.85492706298828,12136312,4.752727763511184,0.006492123993262489,110.19499969482422,109.07900009155273,62.86331430758037,0.26738130269255866,14.14561259210616,115.94585958875975,105.6191398008887,0.0891002558405077,110.71409428311864,111.51793241877022,0.06521742045579737,0.021619883125708145,-0.15109385833806271,78896987,84.38819652035181,66.8971437895458,114.68083267211914,107.4158332824707,111.04833297729492,17189837.904774792,2.2864551259623553
2020-08-06,115.80000305175781,116.30000305175781,111.0,115.5,107.4826889038086,13862282,4.749270529961848,-0.003457233549336358,110.8,109.42800003051758,61.74146992178997,0.4469259532842125,13.37443575390928,115.96889736346954,105.60610187359102,0.08972117307254132,111.16989482758353,111.65899765348715,0.006513243509002065,0.02160089602598111,-0.0668304537379877,65034705,81.01265578292085,85.66167485179572,114.74083290100097,107.23083305358887,110.98583297729492,13942013.353783581,4.588747230959145
2020-08-07,115.5,124.94999694824219,114.5,123.55000305175781,114.97391510009766,32759588,4.816645957135208,0.06737542717335998,112.25500030517578,109.95700012207031,72.4117988737506,1.0439304139816996,14.499116182961586,118.86726984954764,103.74272999786446,0.12241634543179396,112.34895275369537,113.41995012596512,-0.0034512641985564585,0.02607618463217606,0.11433524764185206,97794293,92.65094890867593,86.01726707064954,115.37166633605958,107.26166648864746,111.31666641235351,49623837.64243287,8.458111444857233
2020-08-10,123.44999694824219,128.39999389648438,122.80000305175781,127.4000015258789,118.55667114257812,13097177,4.8473317551151345,0.030685797979926654,114.32500076293945,110.41000015258788,75.8770111206631,1.6008808270330186,16.063716087964156,122.24941822884249,101.6905819237454,0.1613723395515105,113.7823859700938,114.3662398219064,0.06969699611911517,0.026736668638145108,0.1514448051730656,110891470,95.55558795694579,89.73973088284752,116.11833254496256,107.7483336130778,111.93333307902019,49738162.47427016,4.3955971567151275
2020-08-11,127.30000305175781,129.4499969482422,124.30000305175781,126.05000305175781,117.30037689208984,8705800,4.836678677844621,-0.010653077270513123,115.85500106811523,110.85200027465821,72.44104730798722,1.7680294897010258,17.664570105297006,124.68398758217523,100.81601318076423,0.1893532235109149,114.9507304540618,115.02765006003985,0.031161459967817606,0.025544095564087505,0.15044353145615555,102185670,85.56265580733103,91.25639755765091,116.93499921162925,108.44500058492024,112.68999989827473,40953736.87565965,4.085675344545385
2020-08-12,124.69999694824219,130.14999389648438,123.5999984741211,129.39999389648438,120.41783142089844,12121333,4.862908334898981,0.02622965705436009,117.76000061035157,111.29700012207032,75.41603590150612,1.9780083993006579,18.924984113948504,127.57018194305222,99.65481805694778,0.2157292519537195,116.32685078191156,115.96739341093604,-0.010596534206845143,0.025859615650047855,0.20573492013363062,114307003,96.90721552181142,92.67515309536275,117.80583190917969,109.10083389282227,113.45333290100098,40904110.832834266,5.061820503332524
2020-08-13,130.0,133.6999969482422,128.75,131.85000610351562,122.6977767944336,10303156,4.881664959090653,0.018756624191671456,120.11500091552735,111.88000030517578,77.34243040214389,2.1418822211068647,20.608195165534145,130.63392556892325,98.83107534660411,0.2412047686774521,117.80524652682624,116.982428718451,0.026576681980333028,0.024865898860549802,0.23594257993610704,124610159,93.34535557787046,91.9384089690043,118.8791653951009,110.12416737874351,114.50166638692221,38666788.99542184,3.7542637232461997
2020-08-14,131.9499969482422,134.39999389648438,128.60000610351562,129.9499969482422,120.9296646118164,11955380,4.867149737603406,-0.014515221487246599,122.28500061035156,112.38500030517578,72.59178185648612,1.985777746821051,22.265760328220136,132.77005024613774,98.73995036421383,0.2618707247486722,118.96188942410394,118.1540822294855,0.01893363464136777,0.025371914459240627,0.197156168947481,112654779,83.93502729781139,91.39586613249776,120.07166493733723,111.08166783650715,115.5766663869222,29897914.64539402,4.463245809292961
2020-08-17,131.60000610351562,132.5,128.39999389648438,129.35000610351562,120.37132263183594,7619265,4.862521955818088,-0.004627781785318419,124.41000137329101,112.84500045776367,71.10646942456634,1.715738472379707,23.732659021550344,134.49515694128502,98.97484427941811,0.2746061923912155,119.95123386976219,118.91767205050272,-0.014410383521573311,0.025513082959073105,0.20307316731402678,105035514,81.43386632513902,86.23808306694029,121.03499832153321,112.05500106811523,116.54499969482421,24973714.08983123,3.169699196020517
2020-08-18,130.0,131.0,126.80000305175781,128.4499969482422,119.53377532958984,9148627,4.85553969979756,-0.006982256020528155,125.74000091552735,113.31900039672851,68.83135286258795,1.3653859947513478,24.51190246201651,135.835977850758,99.47402275959355,0.2830825687431989,120.76063987723649,119.60183561421164,-0.004617090102476351,0.025720569160648677,0.21017095939328054,95886887,78.12500876538992,81.16463412944678,122.02333145141601,112.87333450317382,117.44833297729492,20229776.64011509,3.269752470242985
2020-08-19,129.6999969482422,129.6999969482422,127.25,127.9000015258789,119.02195739746094,5939778,4.851248720515047,-0.0042909792825129855,126.94000091552735,113.76400039672852,67.41187772024207,1.0022858809651423,25.235485656735097,136.88124728453795,100.25375332581363,0.286376024407734,121.4405790818691,120.25008781635773,-0.006957936705106804,0.02573646350036729,0.18701627378865868,89947109,76.10296654454024,78.55394721168972,122.88916447957357,113.90916798909507,118.39916623433433,16873115.59011949,1.9155566215896116
2020-08-20,127.0,130.10000610351562,126.5,128.75,119.81295776367188,6901671,4.857872539543846,0.0066238190287988274,128.26500091552734,114.23900039672851,68.49328277630926,0.7372900313254336,25.6176173266116,137.85678253811804,101.20821837740931,0.2846490420249222,122.13671440740538,120.78187552659716,-0.004281786184743175,0.02563520879868595,0.20366953569890203,96848780,78.95718501671648,77.72838677554888,123.87916514078776,114.78416773478189,119.33166643778482,15300729.05137182,2.7961212454490294
2020-08-21,130.0,132.89999389648438,129.5,131.25,122.1394271850586,9354350,4.877103901471733,0.019231361927887214,129.03500061035157,114.73100036621094,71.48991919142082,0.6512943637376605,26.508177041522384,138.97808352325754,102.3119173922698,0.27936126575990655,123.00464636860487,121.5813862083733,0.006645805035030428,0.02556787076831348,0.21448124938047838,106203130,87.67125455636183,80.91046870587284,125.01499811808267,115.83000132242839,120.42249972025554,16455749.901175847,2.5904715401785716
2020-08-24,132.60000610351562,132.60000610351562,127.25,128.4499969482422,119.53377532958984,6829190,4.85553969979756,-0.021564201674173056,129.1400001525879,115.1620002746582,64.13270142603403,0.34228233285835863,26.49173633534815,139.18707805659028,104.27792285893707,0.2717723318570381,123.52325118571319,122.19765169466025,0.01941747572815533,0.025582623219379014,0.2093959875301621,99373940,74.57265598203375,80.40036518503736,126.17249857584633,116.86250101725261,121.51749979654949,11373249.509431595,4.165049615120943
2020-08-25,127.5,128.89999389648438,126.25,126.8499984741211,118.04484558105469,5361353,4.8430052740162886,-0.012534425781271175,129.21999969482422,115.58300018310547,60.31303253859141,-0.014511754668184551,26.121828421910315,139.36559812225195,105.70940264068751,0.26532278980224583,123.84008426079966,122.8100971679396,-0.021333356584821384,0.025123297071841504,0.1691082573120007,94012587,67.73505388179782,76.65965480673113,126.95916481018067,117.84916801452637,122.40416641235352,8523048.63390929,2.0890768059607074
2020-08-26,127.55000305175781,132.60000610351562,126.3499984741211,132.0,122.83735656738281,9662908,4.882801922586371,0.03979664857008203,129.4800003051758,116.11600021362305,67.10439013052161,0.048251332027012594,26.539622113485507,139.95090328554463,107.28909762998272,0.24743792163304473,124.61721909310445,123.53099022190608,-0.012456197058266949,0.026058684397569858,0.21099096163096606,103675495,87.9397254643964,76.74914510940933,128.12499872843426,118.66000086466472,123.39249979654949,14414611.821126176,4.734854264692827
2020-08-27,133.3000030517578,139.0,132.8000030517578,135.5,126.09441375732422,22833181,4.908971640319756,0.026169717733385056,129.84499969482422,116.70500015258789,70.76577691774774,0.26528536541248204,27.906580546614467,140.49084820434877,109.46915240600278,0.22894240441583755,125.65367441757068,124.98944641625165,0.04059914535142517,0.02546261728777303,0.18917484066347062,126508676,78.39505765845361,78.02327900154927,129.5883316040039,119.86333465576172,124.72583312988282,23771972.060965292,4.575643504237776
2020-08-28,136.0,137.89999389648438,132.60000610351562,133.5500030517578,124.27976989746094,7624362,4.894475962407021,-0.014495677912734983,130.2050003051758,117.19600021362305,66.33575461982052,0.2192254447369919,29.10582196402646,140.13369760256944,112.35630331295789,0.2079924646564502,126.40570571606469,125.56377692367721,0.026515151515151603,0.025993890681097,0.1652594709450968,118884314,64.61041293350686,76.98173201878564,131.05999781290691,121.03000208536783,126.04499994913735,18252049.961928293,3.968541873349654
2020-08-31,134.25,135.5,121.5999984741211,123.55000305175781,114.97391510009766,9883792,4.816645957135208,-0.07783000527181283,129.625,117.42900024414062,49.29361690641084,-0.5035541798363283,27.272212652276057,138.24751692759733,115.78748444569369,0.18178900790876257,126.13373403374975,125.89778884576164,-0.014391121389241257,0.032257554734413225,0.14156146468883113,109000522,11.206921877199205,51.40413082305323,132.4991647084554,121.39916852315268,126.94916661580405,1524911.395938538,11.250506825204926
2020-09-01,124.0,126.6500015258789,117.8499984741211,122.44999694824219,113.95026397705078,7323601,4.8077027584756955,-0.00894319865951232,129.025,117.63700012207032,47.837732934995444,-1.0434747820172223,25.778989221641798,137.4614525984518,117.30354831707552,0.16462151722140703,125.78290193036807,126.79778528987059,-0.07487832101452263,0.029369093961459303,0.0881530528787718,101676921,21.74940019977108,32.52224500349238,133.03083140055338,121.76583506266277,127.39833323160808,156208.9394168707,7.186609449633097
2020-09-02,123.6500015258789,124.3499984741211,119.80000305175781,122.55000305175781,114.04332733154297,4948853,4.808519134876266,0.0008163764005706398,128.4900001525879,117.91300018310547,47.98813527678312,-1.3615190956808032,24.392424607481413,136.62814256944577,118.80185849866946,0.14546131070472149,125.47500679907186,127.28532016417265,-0.00890332720635234,0.029365844624967385,0.1180999336293518,106625774,22.22224226265821,18.392854779876163,133.42499783833824,121.97000211079917,127.69749997456867,204595.5917004051,3.71276647006009
2020-09-03,123.80000305175781,125.69999694824219,122.1500015258789,123.69999694824219,115.11349487304688,6568119,4.8178592547278045,0.009340119851538375,127.98499984741211,118.14100006103516,49.78128856623416,-1.4537122962837987,22.81572535059751,135.34680795249426,120.90319281044519,0.11676326191093181,125.30595824184998,128.04105630261097,0.0008167097264843992,0.029352985755740517,0.07192156706652207,113193893,27.659565258012396,23.877069240147232,133.8166639963786,122.53666903177896,128.17666651407876,1254410.0445122123,2.8698427727921847
2020-09-04,122.0,124.25,119.0,120.94999694824219,112.55438232421875,5912148,4.795377211824471,-0.022482042903333443,126.95499954223632,118.34,45.72189587880506,-1.6450886697637217,21.960706098184286,135.62369059403784,120.36630955855006,0.1261461878499826,124.8911047853159,129.09215707231448,0.00938387489063297,0.025434635531091973,-0.05752417471156498,107281745,14.657202129881505,21.513003216850706,133.57666409810383,122.81666882832845,128.19666646321613,-1247420.961846675,4.340636736226309
2020-09-07,121.5999984741211,123.19999694824219,117.5,118.80000305175781,110.55363464355469,6309554,4.777441432616741,-0.01793577920772993,125.9900001525879,118.54700012207032,42.78444856037916,-1.8465583911249146,21.439618058135803,136.18451920409035,118.94548110108542,0.14510974461418463,124.31099985831037,128.97499109236375,-0.022231205075539662,0.02454132244478886,-0.1273538916977881,100972191,6.04652582212936,16.121097736674418,133.26333109537762,122.49333521525065,127.87833315531414,-3007146.9086598037,4.79797710590871
2020-09-08,119.0,120.0,110.3499984741211,113.30000305175781,105.43540954589844,7424673,4.730039194969157,-0.04740223764758422,124.63500061035157,118.65300018310546,36.35064088855506,-2.253373934898342,22.05469727275946,137.55338688704202,116.30161341813375,0.18757081108991686,123.26233349578156,128.47836989707693,-0.017775890456652288,0.02634019287305632,-0.1288430770775666,93547518,10.296699548068245,10.333475833359703,132.885831451416,121.66583480834962,127.27583312988281,-8411226.135994118,8.517212061742473
2020-09-09,113.30000305175781,115.1500015258789,109.55000305175781,113.4000015258789,105.5284652709961,8054395,4.730921404749374,0.0008822097802170248,122.77500076293946,118.72600021362305,36.53750017137578,-2.405055603905459,22.732077195789383,138.19918103394068,114.05582003417457,0.21290441512257272,122.32306378436226,127.7849512502737,-0.04629629510702793,0.02532705219352591,-0.1691414977483605,101601913,13.073001266816405,9.80540887900467,132.08749860127767,120.96250165303547,126.52500012715657,-7094561.372285163,4.9382701929180515
2020-09-10,115.0,117.44999694824219,113.30000305175781,116.25,108.18062591552734,9099558,4.755743044467466,0.024821639718092037,120.85000076293946,118.83400024414063,41.7832163391056,-2.2078927155295496,22.78074835608059,137.84771852891672,112.84728192884697,0.21505751914038493,121.74467675728015,126.90876325171476,0.0008825990417264951,0.02568703486223435,-0.1630275969364969,110701471,22.750416443225124,15.373372419369923,131.25916506449383,120.21416842142739,125.7366667429606,-2376234.5455049416,3.569887222782258
2020-09-11,116.55000305175781,117.55000305175781,115.0,116.19999694824219,108.13410949707031,3569729,4.7553128181548345,-0.0004302263126314543,119.1150001525879,118.87300018310548,41.71806125688058,-1.9824555095727618,22.80052086322615,137.577569682616,111.74243077514767,0.22233338714265047,121.21661201356224,126.36774934069686,0.025132261338380202,0.025635055635732536,-0.1330163220262262,107131742,22.580626776198358,19.46801482874663,130.35999921162926,119.6400010426839,125.00000012715657,-2062272.0881397165,2.1944949386647874
2020-09-14,116.80000305175781,126.5,116.80000305175781,125.55000305175781,116.8350830078125,15212646,4.832704109910705,0.07739129175587056,119.31500015258788,119.02800018310546,55.64581550784897,-1.1467092587043817,21.43667456425943,137.2167012316611,111.7232989209268,0.20305377691010232,121.62931592196182,125.8896485462135,-0.00043013377856182533,0.032013154271792944,-0.029831094192559342,122344388,54.32937744652299,33.220140221982156,130.28333218892413,119.00333493550617,124.64333356221516,18552100.060254894,7.726002956960007
2020-09-15,125.55000305175781,130.4499969482422,124.25,127.75,118.88237762451172,12471201,4.850075229083814,0.017371119173108518,119.84500045776367,119.23700012207031,58.17828273693069,-0.4259276198205653,20.81463927102917,137.1415770797383,111.72842337802535,0.19892879609951433,122.21223821510831,125.85290781796978,0.08046477064608104,0.03224072584050226,-0.00841211246765298,134815589,61.79965648291352,46.236553568544956,130.3199988047282,118.84000155131021,124.58000017801919,19821314.92892061,4.853226573966488
2020-09-16,127.80000305175781,129.10000610351562,126.0,128.60000610351562,119.67337799072266,6211869,4.856706859264759,0.006631630180945258,120.45000076293945,119.48900024414063,59.14879004271738,0.09982937627666283,20.2370350701725,137.21834949566434,111.72165141986301,0.19826358371459138,122.8205970616233,125.84288263852528,0.017522874510287778,0.03225308400813491,0.032381178339638515,141027458,67.19579966037746,61.108277863271326,130.33333282470704,118.78833465576172,124.56083374023437,17744002.30539474,2.4105800593977404
2020-09-17,127.19999694824219,135.35000610351562,126.9000015258789,134.5500030517578,125.21038818359375,13587450,4.9019358998541325,0.045229040589373604,121.53500137329101,119.8720002746582,65.23108488849337,0.8010296238827691,20.615185226322694,138.1331683009481,111.38683291975502,0.19878361036457567,123.93768334639802,126.2316184585854,0.00665366812928081,0.03381233949743836,0.08328234650581322,154614908,96.33912500977563,75.11152705102221,130.76666615804035,118.73666814168296,124.75166714986167,26758471.40953739,6.280196496455096
2020-09-18,134.85000610351562,135.5500030517578,129.75,130.6999969482422,121.62759399414062,6045625,4.872904597280843,-0.029031302573289786,122.51000137329102,120.2220002746582,59.099462076540526,0.9481972182624416,20.993080640849872,138.05433523869942,111.41066567682793,0.2038536356846474,124.58171321324032,126.16440235934942,0.04626747018544286,0.034268722629490884,0.060046434231603246,148569283,81.34613037109375,81.62701834708228,130.92583338419598,118.65583445231121,124.79083391825358,19610733.615379672,4.4376458968508175
2020-09-21,131.0,133.10000610351562,123.05000305175781,124.8499984741211,116.18367004394531,6040018,4.827113004504085,-0.04579159277675782,123.11500091552735,120.4370002746582,51.22089855598832,0.6105971365094249,19.9626324459183,137.76539148062335,111.33960958749188,0.21166025002882966,124.60726419046706,126.06519127638984,-0.02861394289255148,0.03542940259821716,0.059682316813876944,142529265,58.84613623985877,78.84379720690939,131.03916664123534,118.29916801452637,124.66916732788086,11761472.229802016,8.049662134229802
2020-09-22,124.8499984741211,124.8499984741211,117.69999694824219,124.0,115.3926773071289,8418862,4.820281565605037,-0.006831438899047804,124.18500061035157,120.70800033569336,50.17427218998323,0.30454826571324145,18.955781351975645,137.58211563656968,111.23788558413342,0.21245346816480853,124.54942950566068,125.8423966038757,-0.04475897942398366,0.03535424150569942,0.11142124908950243,134110403,55.57691133939303,65.25639265011517,131.0066670735677,117.81666768391929,124.4116673787435,9058973.360710865,5.76613026280557
2020-09-23,124.5,126.55000305175781,119.4000015258789,121.30000305175781,112.88009643554688,6801780,4.798266841108766,-0.0220147244962714,124.97500076293946,120.89100036621093,46.8962463608201,-0.08443803756077473,17.730524926347524,136.63323393736127,111.11676758851763,0.210358332290857,124.23996031957469,125.4607574023057,-0.006808157665274428,0.03426841410832819,0.05018698424510567,127308623,45.19230769230769,53.20511842385317,130.65666681925455,117.37666803995766,124.0166674296061,5141293.560235778,5.894477614174547
2020-09-24,119.0,119.6500015258789,114.5,115.94999694824219,107.90145111083984,4528169,4.753159037381939,-0.0451078037268271,124.94500045776367,121.02100036621094,41.15820814333636,-0.6739415539771374,17.339678145444566,134.9176296936827,110.8773715270204,0.2073329780025212,123.45043999849541,123.69843207200246,-0.021774168937437,0.03463185606522372,0.0622775638063906,122780454,24.61536114032452,41.79486005734175,129.6508336385091,116.47583440144858,123.06333401997885,946004.2248092042,4.4415710749675705
2020-09-25,116.30000305175781,121.3499984741211,113.55000305175781,120.19999694824219,111.8564453125,10032486,4.789156996712107,0.03599795933016825,125.34500045776367,121.23500030517579,46.73386310803457,-0.7440366152006791,16.669939676788715,133.25095398890437,111.20904662144717,0.1833769378292779,123.14087399370939,122.83223782644511,-0.04410557270334792,0.03592997598076936,0.1368482282135688,132812940,40.96151498647836,36.92306127303686,128.96000061035156,115.53500061035156,122.24750061035157,6902012.978407889,6.489181048583504
2020-09-28,121.5,129.5,121.0,128.35000610351562,119.44071960449219,10016522,4.854760954870835,0.06560395815872777,125.62500076293945,121.60700042724609,55.451469124303046,-0.23431673728116054,16.18253522945432,133.80020048027288,111.13980043525447,0.17655160862822675,123.63698181369094,122.7977297512591,0.036653731020770186,0.03541114696851366,0.2276472192574273,142829462,72.30770404522235,45.961526724008415,128.66000061035157,115.77500076293946,122.21750068664551,17578117.696349304,6.622516241366331
2020-09-29,129.5,130.8000030517578,126.55000305175781,130.1999969482422,121.16230773925781,8115568,4.869071706335468,0.014310751464633675,125.87000045776367,122.01000030517578,57.16518605560466,0.2105811579925797,15.90739289897452,134.67796139084706,111.0370395246803,0.18157390491771389,124.26203087412439,123.1450109147603,0.06780373845419319,0.03539998705867081,0.2609718172224188,150945030,75.95502874824439,63.0747492599817,128.77583389282228,116.34583435058593,122.5608341217041,17211776.096835956,3.2642089858799945
2020-09-30,131.10000610351562,131.9499969482422,129.14999389648438,130.85000610351562,121.7671890258789,5359247,4.874051675621287,0.004979969285818342,126.09500045776367,122.43400039672852,57.779741634606566,0.5144676224251508,15.812086700346356,135.59287051277303,110.95213070793008,0.18831286706513126,124.88945708644736,123.42497675677998,0.014413640488918356,0.03539464821651943,0.2610222956323014,156304277,78.63637750799006,75.63303676715226,129.10916748046876,116.85416717529297,122.98166732788086,15250602.313769637,2.1398570280101676
2020-10-01,131.9499969482422,133.35000610351562,130.85000610351562,132.85000610351562,123.62836456298828,4311614,4.8892207181487315,0.015169042527444887,125.92500076293945,122.90200057983398,59.69580445300558,0.799021309345795,15.921584471998969,136.74013018075712,110.71987195547334,0.19586192720991683,125.64760461188243,123.65154470200685,0.004992389942465536,0.03546755829600411,0.286469700912914,160615891,87.72728659889914,80.77289761837785,129.4816680908203,117.33166732788087,123.40666770935059,14303834.55465969,1.8818215168556491
2020-10-05,133.0,135.1999969482422,132.1999969482422,134.89999389648438,125.53606414794922,5509646,4.904533717968968,0.01531299982023615,126.34500045776367,123.42000045776368,61.61852631840993,1.0579097843663403,16.28384645621376,138.23784119934774,110.61716063170695,0.20474930924634097,126.52878454374928,124.10265508236222,0.01528467639824016,0.03498896749970055,0.32493240573000526,166125537,97.04541293057528,87.80302567915483,130.00416793823243,118.07916717529297,124.04166755676269,13873959.195933893,2.223869633605805
2020-10-06,135.75,136.6999969482422,133.39999389648438,135.39999389648438,126.00135040283203,3970105,4.90823331540051,0.0036995974315425784,127.4,123.99400039672851,62.09351486450916,1.1858126498472947,16.82965759515269,139.6002782848286,110.91472263069875,0.21185787996460653,127.37366162496214,124.5604807134875,0.01543084455240007,0.03454608183396878,0.3574544856532631,170095642,94.3844345809731,93.05237803681585,130.6508346557617,118.9658332824707,124.8083339691162,12175543.953657623,2.437225406583638
2020-10-07,135.0,137.5500030517578,134.0,136.1999969482422,126.745849609375,6882197,4.914124371308967,0.005891055908456622,128.61999969482423,124.50300033569336,62.884954527455406,1.2413541803309172,17.4568180518287,140.3961585605187,112.4088417446571,0.20548691220967616,128.21426498908406,125.54907867135573,0.0037064493893430583,0.032189398427941045,0.38810159947101164,176977839,94.37497456868489,95.26827402674444,131.41416803995767,120.33916651407878,125.87666727701824,11222720.332106315,2.606463385683379
2020-10-08,136.4499969482422,137.5,135.5,136.8000030517578,127.30418395996094,3189656,4.918520027496621,0.00439565618765414,130.1699996948242,125.03200042724609,63.500471812133924,1.2330368138196843,18.039181333027855,140.91999040958152,114.22501004818216,0.19513874097867823,129.03195432838632,126.47788976085435,0.005908442302954731,0.03214804225233065,0.3869268482193563,180167495,96.875,95.21146971655266,132.429168065389,121.71416638692222,127.0716672261556,9892876.437250447,1.4619882714792827
2020-10-09,137.3000030517578,138.60000610351562,135.5,137.75,128.18821716308594,6044318,4.925440448033024,0.006920420536403071,132.35,125.62100036621094,64.50420523569605,1.2046551956724247,18.750874619171647,141.63247200996355,115.6625284478001,0.18852953584147697,129.8622443923495,127.59660453912326,0.004405331255210143,0.03195134555956122,0.38743710732699904,186211813,96.60676247520067,95.9522456812952,133.45750211079914,122.84749921162924,128.15250066121422,9299906.039672572,2.2504581513725044
2020-10-12,137.75,138.6999969482422,131.8000030517578,132.3000030517578,123.11653900146484,5181835,4.885072094187862,-0.04036835384516202,133.56000061035155,126.1020004272461,55.13657660415266,0.7540071928419434,18.457533210829556,141.1869574017644,117.71804366635081,0.17739163411985856,130.09441188372173,128.10405439288232,0.006944421981355919,0.03370907268620946,0.3546823574111651,181029978,74.55270198940681,89.3448214882025,134.57583503723146,123.53083305358886,129.05333404541017,3936921.614534412,5.215414767439567
2020-10-13,132.0,133.4499969482422,130.3000030517578,131.60000610351562,122.46514129638672,3416003,4.879767065270514,-0.005305028917348409,133.88500061035157,126.57200057983398,54.050829766563176,0.3637298819416772,17.828287088326068,141.3828943619896,118.12710701130142,0.17671570115578372,130.2378018094164,128.77233046327282,-0.03956440615783807,0.029003735879547653,0.2911771428912183,177613975,71.76941324936448,80.97629257132398,134.69000155131022,124.29999987284343,129.49500071207683,3032905.4302886166,2.3936122723327324
2020-10-14,131.85000610351562,131.85000610351562,126.69999694824219,128.64999389648438,119.71989440917969,3730390,4.857095491284957,-0.022671573985556748,133.7300003051758,126.84200042724609,49.61650690064707,-0.11266899863726643,16.65853499847851,141.40344874329477,118.19655201964467,0.180387857167899,130.0865820081848,128.90713607651114,-0.005290982102005959,0.029306690543146285,0.2914164513452057,173883585,60.039739599449106,68.78728494607346,134.71666882832844,124.43166592915854,129.5741673787435,1027533.7921063425,4.003116517376043
2020-10-15,129.0,130.10000610351562,124.30000305175781,124.8499984741211,116.18367004394531,4662061,4.827113004504085,-0.02998248678087201,133.12999954223633,127.02100036621094,44.546773276302574,-0.6720607417552102,16.049270997058848,141.40707056600462,117.8179294339954,0.1889398591935007,129.58785976684538,128.8645869250473,-0.02241650509279458,0.030031760208395448,0.2315461647095848,169221524,44.930410197605916,58.913187682139835,134.77750193277996,124.2224993387858,129.50000063578287,-1650086.8151629034,4.645577190743849
2020-10-16,125.0,128.5500030517578,124.0999984741211,128.1999969482422,119.30113983154297,3370208,4.853591520681906,0.026478516177821376,132.66499862670898,127.27500030517578,49.450456553586484,-0.7963188945898256,15.523187487881184,140.88084945901232,117.70914993063612,0.18074649048339098,129.45568235554984,128.40899688980815,-0.02953747067738588,0.02870512321697877,0.18130800904191394,172591732,40.67795587364341,48.54936855689948,134.3116683959961,124.15666580200195,129.23416709899902,198524.39521332597,3.4711424988826685
2020-10-19,129.0,131.75,128.0500030517578,131.39999389648438,122.27901458740234,4087187,4.8782460596006185,0.024654538918712277,132.31499862670898,127.4320001220703,53.665390164709294,-0.649087700386072,14.526292412353692,140.93682561409784,117.72317347037482,0.17666402756464747,129.6408548832579,128.28959410634775,0.026832186744603526,0.028592808169407225,0.24934984605072863,176678919,49.999973871933804,45.20277998106104,134.12666803995768,124.1816660563151,129.15416704813637,2038590.328310728,2.815827336458637
2020-10-20,130.35000610351562,132.5,129.8000030517578,131.6999969482422,122.55818176269531,3557896,4.880526585577194,0.002280525976575909,131.94499893188475,127.51800003051758,54.05220133068181,-0.5230017789625179,13.76409100135224,141.1336722810744,118.21132665081039,0.17404970509811363,129.83696365135165,128.4570477942098,0.024960975229462168,0.02652019043463461,0.30281762514841676,180236815,52.05478950968593,47.57757308508772,133.975834274292,124.76583290100098,129.37083358764647,1899845.946814469,2.050111625517562
2020-10-21,132.4499969482422,143.35000610351562,132.14999389648438,140.64999389648438,130.88694763183594,17538128,4.946274491540802,0.06574790596360724,132.38999862670897,127.80999984741212,63.769573503446956,0.13643549214365747,14.882573863862266,142.59846376306658,118.41153455846663,0.17196537685171215,130.86677605565,130.3917304050715,0.0022831283538273794,0.030092793912025274,0.3020160194869726,197774943,85.97396811984446,62.676243833821395,135.00500144958497,125.3899990081787,130.19750022888184,24052181.10839538,7.963037819450058
2020-10-22,141.8000030517578,143.5,138.39999389648438,141.1999969482422,131.3987579345703,13366846,4.950177303446126,0.003902811905324377,132.82999801635742,128.04599990844727,64.26966345609688,0.5592193144374358,15.941044801229214,143.67464436902273,119.32535334215892,0.17244540760003846,131.850892331135,131.94047409138548,0.0679574575218822,0.029350589959649002,0.3218360135268316,211141789,88.14431509868857,75.39102424273965,135.83333473205568,126.42333183288574,131.1283332824707,21666413.248964142,3.6119024176644046
2020-10-23,142.0500030517578,151.0,141.0500030517578,149.8000030517578,139.4018096923828,20075196,5.009301091455334,0.0591237880092077,134.0349983215332,128.4049998474121,71.00823296511616,1.3239681277252036,17.803417862222016,145.65770205112827,120.72729627040493,0.1664246012872881,133.56033144738478,134.5877851806358,0.003910437793282817,0.028923133324182507,0.4075538586347406,231216985,95.53904505511741,89.88577609121681,137.60250129699708,127.71249885559082,132.65750007629396,43235041.08900818,6.642187413577245
2020-10-26,149.4499969482422,150.4499969482422,144.35000610351562,148.0,137.7267303466797,8372475,4.997212273764115,-0.012088817691219056,135.60499801635743,128.76599990844727,68.11276808738398,1.596242696778991,19.532764276001046,147.14212808467533,122.02287054203367,0.1697247131259572,134.93553797620527,136.5179372308379,0.06090656012314222,0.028900422038891867,0.37380354111457886,222844510,88.84758427573368,90.84364814317989,138.97916781107583,129.25916582743326,134.11916681925456,34905680.85475474,4.121615435626056
2020-10-27,147.10000610351562,152.64999389648438,143.0,149.60000610351562,139.21568298339844,9819752,5.007965106339277,0.010752832575162685,137.4049980163574,129.17099990844727,69.31069343020073,1.758913348791876,21.371505580287295,149.44952601982862,121.84047260688038,0.18455248854631848,136.33215398833005,138.07853181693554,-0.012016041489237406,0.025611299282643312,0.34804832584532397,232664262,89.31702878460118,91.23455270515076,140.1433340708415,130.30833269755044,135.22583338419594,32163678.323362604,6.450530416293613
2020-10-28,147.8000030517578,149.3000030517578,142.10000610351562,143.1999969482422,133.2599334716797,6690225,4.964242233215387,-0.04372287312389034,138.8599983215332,129.46599990844726,59.656531652423205,1.3298077209701633,22.82803755884055,150.23633875012212,122.35365987658686,0.194711448797119,136.98623427022645,138.9237810761203,0.01081085205078125,0.02794391555553244,0.27636249009309566,225974037,66.90018051337415,81.68826452456968,141.07500063578289,130.94499956766762,136.01000010172524,21452081.24133377,5.027930936929094
2020-10-29,141.8000030517578,143.64999389648438,139.0,143.0,133.0738067626953,5001607,4.962844630259907,-0.0013976029554800817,140.67499847412108,129.7679998779297,59.37819603517492,0.9449220055388174,23.347176407434453,150.90058953527813,122.90440848107932,0.1957774898895022,137.5589738635382,139.34995833850638,-0.042780808116043456,0.027982141485012633,0.29476396719971987,220972430,66.19966569617903,74.13895833138479,141.72916679382325,131.41416664123534,136.5716667175293,18244597.33024227,3.251743983555507
2020-10-30,142.4499969482422,144.3000030517578,137.75,139.89999389648438,130.18899536132812,5949691,4.940927838043732,-0.021916792216175374,141.84499816894532,129.99099975585938,55.087866965623306,0.4207033419800412,23.50859695581376,151.18202142856396,123.3279753670903,0.19909969461530916,137.7819281523902,139.61998517484912,-0.0013966267632985474,0.028470778541236023,0.25834621268905494,215022739,55.34149896916308,62.81378172623875,142.3466665903727,131.62666613260905,136.9866663614909,13003357.93820309,4.681918039685069
2020-11-02,140.89999389648438,142.5,138.75,141.35000610351562,131.53834533691406,4135380,4.9512391273197585,0.01031128927602687,142.83999938964843,130.19299987792968,56.66509765845578,0.12604656532759861,23.658487465023118,151.57001673393577,123.58498128242164,0.197983970591552,138.12174510011644,139.87579933665424,-0.02167836436024917,0.028376446685508525,0.24069933615743477,219158119,60.42035164700082,60.65383877078097,142.72250022888184,131.92749977111816,137.325,12002357.01570449,2.652988919755505
2020-11-03,142.0,146.5,141.64999389648438,142.9499969482422,133.0272979736328,5393359,4.962494897419893,0.011255770100134121,143.96499938964843,130.4829998779297,58.40107544539267,5.1278258634823715e-06,24.400884103601935,152.09872455281644,123.81127376871675,0.19788353541792456,138.58157860946176,140.15573531444406,0.010364633811950963,0.028441425098104,0.21445221817411636,224551478,66.02452363041657,60.59545808219349,143.22666714986164,132.2766663869222,137.7516667683919,11520495.302364366,3.3927990255723217
2020-11-04,144.0,149.25,142.75,147.89999389648438,137.63368225097656,12150695,4.996536328448899,0.034041431029006475,144.68999938964845,130.90399978637694,63.29944045546718,0.20004537032321412,25.45546790266703,153.29942468078954,123.7805733355679,0.1995865622948029,139.46904673203534,140.89600324809427,0.011319354620719535,0.029302825355277357,0.24413520857080764,236702173,83.36251922380585,69.93579816707442,143.91000022888184,132.66499977111818,138.2875,18466982.140458256,4.394861574199502
2020-11-05,150.0,151.8000030517578,144.5500030517578,147.8000030517578,137.54063415527344,16279196,4.995860029161989,-0.0006762992869102646,145.35,131.2199998474121,63.1377077538339,0.27124648541055496,26.746977907964745,154.360056767633,123.81994124872443,0.20663135919025516,140.2624711434375,141.7155607849446,0.034627471520929376,0.029326002151023278,0.20738612842393672,220422977,80.2845827246873,76.55720852630324,144.74500033060707,132.9749998728434,138.86000010172526,15596303.183320038,4.9052773006108366
2020-11-06,149.1999969482422,157.1999969482422,147.0,153.4499969482422,142.79843139648438,16534345,5.033374761178108,0.037514732016119545,145.71499938964843,131.57899978637695,68.09781260058809,0.6242936189223638,28.51411027151263,156.35506419631878,123.3949335148629,0.21479394810658187,141.5184259819903,142.9318332544878,-0.0006760706480930523,0.030293986492764758,0.204265117601817,236957322,86.31386556446951,83.32032250432088,145.86333300272625,133.3833334604899,139.62333323160806,26713823.918898165,6.647114467967431
2020-11-09,154.5,158.25,152.6999969482422,157.4499969482422,146.52076721191406,7806598,5.05910792816464,0.02573316698653194,146.65999908447264,132.05699966430663,71.06613869631619,1.028767415170317,30.254263316108702,158.89671345033253,123.36828365049757,0.22564897102865014,143.03571845496668,143.79238125552243,0.03822729215036502,0.02862526080575446,0.25923131468983157,244763920,96.93485492461224,87.84443440458968,146.88916664123536,134.54416618347167,140.7166664123535,27358476.501912713,3.5249305553065455
2020-11-10,159.0,165.5,157.64999389648438,164.60000610351562,153.17449951171875,8969133,5.103518325323866,0.04441039715922557,148.15999908447264,132.8779997253418,75.46129288449237,1.6429527188170212,32.46109649490049,162.698533063123,122.86646403770708,0.2419931199781721,145.08946013578085,144.9730734109524,0.026067123359729827,0.02951286368507803,0.293427084444532,253733053,96.75677875140765,93.33516641349645,148.66416714986164,135.84916547139485,142.25666631062825,32611463.153763056,4.769140833797308
2020-11-11,164.4499969482422,164.60000610351562,159.0,161.3000030517578,150.10354614257812,7066653,5.083266004050926,-0.020252321272939966,149.96999969482422,133.6549998474121,70.16376748466323,1.6857445365038357,34.51029873235,164.7772743418872,124.05272367447024,0.252477060737248,146.6333213658739,145.9522953363808,0.045411300691379664,0.029373391894905364,0.28604207176883784,246666400,84.86487586219032,92.85216984607007,150.31500053405762,137.4549991607666,143.8849998474121,24621257.493837837,3.4717954107655533
2020-11-12,161.3000030517578,165.5,159.10000610351562,164.25,152.84877014160156,8040192,5.10138965736472,0.018123653313794286,152.09499969482422,134.48899978637695,72.05255386431513,1.7631730151997678,36.48154449320197,166.41563210624537,126.35436606269997,0.24390420726663867,148.31110028340973,147.1886428857885,-0.02004862047017464,0.02773393815637814,0.32790356423314054,254706592,95.49549549549549,92.37238336969783,152.1716667175293,139.2516662597656,145.71166648864747,24492298.11804404,3.896495522973744
2020-11-13,163.89999389648438,165.1999969482422,162.0,164.0,152.6161346435547,3719379,5.099866427824199,-0.0015232295405214202,154.50500030517577,135.2949998474121,71.63865957348446,1.6500171957794345,38.31198698542166,167.7793010093689,128.5706974647522,0.23907685088180927,149.80528120879927,147.89165910547294,0.01828888340005541,0.027777201187620965,0.31693279043072564,250987213,94.5945945945946,91.6516553174268,153.9483329772949,141.1533332824707,147.55083312988282,20860563.42260918,1.9512176513671875
2020-11-14,165.6999969482422,166.39999389648438,163.8000030517578,164.64999389648438,153.22100830078125,522568,5.103821971752736,0.003955543928537253,156.83499908447266,136.16899978637696,72.08760251872555,1.4770134305368572,40.11108016706792,169.10607344352601,130.56892503059507,0.2340549641147226,151.21906336953117,148.33591642417764,-0.0015220700152207556,0.02768808645147843,0.30386534470945004,251509781,93.89179625544443,94.66062878184484,155.62083257039387,142.93583348592125,149.27833302815756,17929006.649450447,1.5791016951759982
2020-11-17,165.0,174.6999969482422,164.60000610351562,173.0500030517578,161.03793334960938,10585162,5.153580587716474,0.04975861596373843,159.84499969482422,137.25399978637697,77.12665843954761,1.76678873153935,42.34166934763093,171.80851658612943,132.00148249834325,0.23003197564741,153.2982004821242,149.92143078875708,0.003963377417587566,0.028932139432765378,0.3227030877236434,262094943,95.53452223880936,94.6736376962828,157.96333236694335,144.53833389282227,151.2508331298828,28069928.229536455,5.836458056406817
2020-11-18,173.0,175.89999389648438,169.8000030517578,174.64999389648438,162.52685546875,7402635,5.162783936305714,0.009203348589239546,162.5199996948242,138.48099960327147,77.94345145008887,1.8934463342341123,44.47917910829521,175.1159714852777,132.09402759919496,0.2463323526457263,155.33170461682516,152.00531737090094,0.051017366939925424,0.026015494982947238,0.31459262844093316,269497578,96.72345950200744,95.38325933208709,159.44499791463215,146.53000157674154,152.98749974568685,25751959.65772445,3.4926945650751335
2020-11-19,173.39999389648438,177.10000610351562,171.85000610351562,173.1999969482422,161.177490234375,5835133,5.154446978508486,-0.008336957797228095,165.05999908447265,139.67699951171875,75.3185171802549,1.712266680099309,46.530721213208814,177.53206564441788,132.87793344005476,0.25781831981040526,157.0334467436268,153.62137575822436,0.009245829624446866,0.02633699545222319,0.3041712226725406,263662445,89.83048622014192,94.02948932031957,161.10333124796549,148.1733355204264,154.63833338419596,20864404.700537063,3.031177882508203
2020-11-20,172.8000030517578,178.3000030517578,172.14999389648438,175.14999389648438,162.9921417236328,10914854,5.165642714796133,0.011195736287646696,167.22999877929686,140.85499938964844,76.46635246602722,1.5607153993854848,48.502717913717554,180.25882757204477,132.68617059690052,0.2716109542273819,158.75883218675608,155.87193150883687,-0.008302301740139795,0.023535749987161222,0.22530191179496936,274577299,91.40516134135756,92.65303568783565,162.30916493733724,149.75916798909503,156.03416646321614,20924337.17053306,3.5112813985641145
2020-11-23,175.1999969482422,178.0500030517578,173.25,174.0,161.92198181152344,7865639,5.159055299214529,-0.006587415581603473,168.88499908447267,142.01099945068358,74.27262151067725,1.2342878180344528,50.333857707047095,182.39191078418975,133.15308738475557,0.2829817436749091,160.21037197849358,157.24419047810457,0.011258643086609954,0.0233210369733892,0.182108079659845,266711660,87.90435251018862,89.71333335722936,163.61916554768882,151.19916737874348,157.40916646321614,16642940.88303556,2.7586224435389726
2020-11-24,176.0,179.3000030517578,175.5,177.60000610351562,165.2720947265625,8863848,5.179533864924712,0.020478565710182473,170.18499908447265,143.05199951171875,76.5414732065356,1.1156837440973,52.1091350720244,184.93183741163946,133.41316075730586,0.2900826288502801,161.86652760944804,158.90912036185702,-0.006565766123657668,0.02347927785824507,0.16642291328225875,275575508,95.10792245110162,91.47247876754926,164.77916615804037,152.9441670735677,158.86166661580404,18823936.028406873,2.1396412844394552
2020-11-25,177.8000030517578,178.60000610351562,172.0,173.39999389648438,161.36361694335938,5724982,5.155601029147388,-0.02393283577732319,171.3949981689453,143.96499938964843,68.9065752376071,0.6332350246899434,52.3937966610904,186.057353999914,135.30764386385553,0.29267423253979363,162.96495297011816,160.069095250413,0.02068969025008971,0.021576548291311656,0.1759367688552757,269850526,81.73371951135977,88.24866482421668,166.23916651407876,154.46416651407878,160.35166651407877,12699803.126486726,3.806232027583386
2020-11-26,173.6999969482422,176.25,171.60000610351562,174.89999389648438,162.75949096679688,5799005,5.164214347127382,0.008613317979993873,172.45999755859376,144.8909991455078,70.05539118207521,0.31034448149736527,52.51054756176275,187.00805568747876,137.54694156593922,0.2827965457266591,164.10162353453399,161.15454816803867,-0.023648716569205752,0.02141773174126106,0.16771539259845936,275649531,83.45861599373127,86.76675265206421,167.85749994913735,156.08249994913737,161.9699999491374,12128189.465560053,2.6586586956866918
2020-11-27,176.0,185.5,175.75,184.4499969482422,171.6466064453125,10762908,5.217378407497508,0.053164060370125554,174.50499725341797,145.8889990234375,76.10787467485792,0.6174134184648654,53.43303380827035,188.79340789949867,140.21658965909506,0.2633603634812451,166.03956385964904,163.25513595720912,0.008650519335631879,0.022194800925188427,0.22661414400608984,286412439,96.22979238189372,87.14070929566158,170.0799997965495,157.98500010172526,164.0324999491374,25079277.291306984,5.285985449344253
2020-12-01,184.5,188.0,182.8000030517578,187.0,174.01959228515625,6264103,5.231108616854587,0.013730209357079026,176.73999786376953,147.01499908447266,77.42024404733027,0.8551008353760494,54.45583760932391,190.51642337567523,143.05857357256696,0.2537852930647501,168.0357958730158,164.66440229309947,0.0546026494283931,0.022177232006409406,0.23726520272972568,292676542,96.55172413793103,92.08004417118532,172.4058329264323,160.16583353678385,166.28583323160808,23778449.35919531,2.780747031145555
2020-12-02,186.0,189.4499969482422,185.5,188.4499969482422,175.3689727783203,7457490,5.238832703519152,0.007724086664564922,178.27999725341797,148.28699905395507,78.15503487986456,0.9646925250205403,55.4985074253329,191.92221958380645,146.20277736443575,0.2426078161833431,169.98000549922784,166.35872112725215,0.013824901566538594,0.02221692898772406,0.27104376419946746,300134032,96.70510609009375,96.49554086997284,174.56583251953126,162.41583404541015,168.4908332824707,21926290.55667407,2.096045111280662
2020-12-03,188.60000610351562,191.9499969482422,186.35000610351562,187.39999389648438,174.391845703125,9514213,5.233245337234868,-0.005587366284284023,179.55499725341798,149.55499893188477,76.22072644446123,0.8265084280321737,56.62073932837786,193.0521930412944,149.0228039069478,0.2349487223498389,171.6390520132523,169.0765759329181,0.007753994375626627,0.022084203734144447,0.19670263732095894,290619819,84.80800161809412,92.68827728203962,176.61749877929688,164.55750122070313,170.5875,17366827.236424368,2.988255617457423
2020-12-04,188.6999969482422,191.1999969482422,184.64999389648438,188.25,175.18284606933594,6319781,5.237770866680003,0.004525529445134957,181.05999755859375,150.8939988708496,76.72296787654624,0.6596374725282566,57.06903500519469,193.54273635651288,152.57726028655355,0.21761209067707477,173.22104705960922,172.03934007183423,-0.005571785984407329,0.021955472876851772,0.22408160822477913,296939600,86.85613587751337,89.4564145285671,178.58166529337566,166.59166742960613,172.5866663614909,15653259.405918328,3.4794172917704183
2020-12-07,189.0,189.10000610351562,185.5,188.25,175.18284606933594,6298502,5.237770866680003,0.0,182.3699981689453,152.33999893188476,76.72296787654624,0.42778495010438533,57.4853095622389,194.20795959093715,155.39203735730501,0.20619347800070192,174.65237591107498,174.92377930029514,0.004535785118462421,0.021240467429703296,0.2325980347108779,303238102,86.4716702493683,86.04526924832527,180.00499928792317,168.6750005086263,174.33999989827475,13417079.49078714,1.9123538398489375
2020-12-08,188.4499969482422,190.6999969482422,184.89999389648438,186.85000610351562,173.8800048828125,6728894,5.230306188596815,-0.007464678083187515,183.65499877929688,153.67299911499023,73.74763529648615,0.07703798451487032,58.00523692699937,194.62378261570956,157.91621524805998,0.19645472929400623,175.8140549770217,176.52207356211935,0.0,0.02126783135996191,0.18068395554172498,296509208,76.9752042887198,83.43433680520049,181.5849993387858,170.23000055948893,175.9074999491374,10154580.916376073,3.10409572507297
2020-12-09,188.0500030517578,188.5,182.8000030517578,183.5500030517578,170.80906677246094,4605591,5.212487126569146,-0.017819062027669474,184.2499984741211,154.77699905395508,67.1383614877827,-0.45127270983623724,57.70639253885963,195.01166347291155,159.4233340856822,0.19388901550273513,176.55081193652038,177.6898846491456,-0.007436886568310097,0.020204117489241658,0.11284163735333827,291903617,58.722370144647385,74.05641489424517,182.59583231608073,171.4558344523112,177.02583338419598,6532717.306158303,3.1054191519870966
2020-12-10,185.0,186.39999389648438,180.9499969482422,181.5,168.9013671875,7314086,5.201255653704905,-0.011231472864240644,185.05999908447265,155.80299911499023,63.34072390374676,-0.9823813682432654,56.777625302858446,194.5230970407044,161.93190021271354,0.17956582274375135,177.0221631806613,178.77100096934245,-0.01766124133776903,0.019700867821465504,0.08008304090468495,284589531,48.6486405425083,61.448738325291835,183.6541648864746,172.52916793823243,178.0916664123535,3457486.4594472474,3.002753139527376
2020-12-11,181.5,194.6999969482422,181.5,193.0,179.60311889648438,26199032,5.262690188904886,0.061434535199980544,186.86999969482423,157.04599899291992,72.67740843298444,-0.6204335574868765,56.79453755235358,195.84684550718137,163.4831517462366,0.1676875324401284,178.54386192536023,181.3822931596515,-0.011168635345539912,0.02339954043043621,0.16261161089664666,310788563,92.64070293503914,66.67057120739828,185.33333155314125,173.52833429972333,179.4308329264323,46004826.67952621,6.839376657120304
2020-12-14,193.0,194.35000610351562,187.4499969482422,188.39999389648438,175.32241821289062,8127617,5.238567329745682,-0.024122859159203536,187.26499938964844,158.1569987487793,65.49213649375567,-0.7437598389662075,56.810241784027646,195.78735261604677,165.98264402701963,0.15819909530041293,179.4825411607054,182.21749475800996,0.06336088154269981,0.024405311187075337,0.1164069000053719,302660946,72.72724870713088,71.33886406155945,186.8349988301595,174.6600003560384,180.74749959309895,34091696.03858856,3.6624253603026227
2020-12-15,189.39999389648438,191.25,185.35000610351562,189.5500030517578,176.39259338378906,9906131,5.244652858062358,0.006085528316676303,187.5199996948242,159.24999893188476,66.38684311745106,-0.7961338328232355,56.13708363580914,195.47846111091278,168.78153644768096,0.14084370473970423,180.44134705509134,182.6430573298512,-0.023834228515625,0.024394896342606914,0.13545788791362398,312567077,77.705645291803,81.02453231132434,188.1883326212565,175.6833338419596,181.93583323160806,30848902.51069563,3.1126319184882023
2020-12-16,191.0,200.0,190.39999389648438,196.6999969482422,183.04629516601562,20035196,5.281679709880231,0.03702685181787224,188.34499969482422,160.47599899291993,71.35895114351318,-0.4165712168989266,56.32296227743019,197.40348599635377,169.22151095188843,0.143273896704131,181.9897899020581,184.77088072588236,0.0061040827628970895,0.0232985511216885,0.12366419491656938,332602273,88.38026844728893,79.60438748207427,189.40916646321617,176.95416615804035,183.18166631062826,46906420.59700599,4.880531902622084
2020-12-17,195.75,199.75,195.0500030517578,197.64999389648438,183.9303436279297,7878871,5.286497758862271,0.0048180489820399686,189.36999969482423,161.70499893188477,71.95259390729208,-0.18089627233706196,56.49556387322117,199.2736728785178,169.6513240697244,0.14987275347100473,183.48123790152727,185.77936825827354,0.0377208851562616,0.02329385946797837,0.10398660800632313,340481144,90.30925318137886,85.46505564015693,190.54083353678385,178.22583262125653,184.3833330790202,41274775.283947125,2.3779393338629324
2020-12-18,196.75,198.64999389648438,189.60000610351562,191.5,178.2072296142578,10923364,5.2548878086207,-0.03160995024157032,189.69499969482422,162.7989988708496,62.86804488623833,-0.5004543322871289,55.12677167881285,199.53936586029704,171.21563139312093,0.1479046186275515,184.24492952995325,186.579600520975,0.004829674443219023,0.02457782287527313,0.08248496301663372,329557780,55.380584575729635,78.02336873479915,191.69083277384442,178.9958330790202,185.3433329264323,25781432.82494366,4.725842189539818
2020-12-21,191.1999969482422,191.1999969482422,172.35000610351562,176.9499969482422,164.66720581054688,10277121,5.1758671895450306,-0.0790206190756697,188.56499938964845,163.58299880981446,47.56660884595472,-1.6861982449489759,51.611676784359624,199.38907447095872,171.54592308763503,0.15735039199502104,183.55017404598078,186.891589313504,-0.031115578479123718,0.030496295684106948,0.056036094981828655,319280659,16.63649859001032,54.108778782372944,192.57416534423828,178.60916748046876,185.5916664123535,736636.4337682426,10.652721768760571
2020-12-22,175.25,181.8000030517578,170.35000610351562,174.9499969482422,162.8060302734375,11643440,5.164500201370097,-0.011366988174933645,187.3749984741211,164.43599868774413,45.91242394166002,-2.5479369514805583,48.60190859570519,199.285405595977,171.74459165744094,0.15742105983965146,182.73110956048185,186.69457202612634,-0.07597912820761255,0.03057606422877316,0.07128915375546466,307637219,15.514306211280493,29.17712979234015,192.93666508992513,178.3066678365072,185.62166646321617,-2695294.485341506,6.544725434679255
2020-12-23,175.75,179.89999389648438,173.60000610351562,178.14999389648438,165.78390502929688,7670775,5.182625857791302,0.018125656421204894,186.83499755859376,165.3669984436035,48.97022859656628,-2.8237627840786503,45.8071238490975,199.2516307693928,171.83336526332207,0.15390550909590459,182.29481283057734,186.74256239529493,-0.01130262805590776,0.030498204002351224,0.08480832031502647,315307994,26.306878241528413,19.485894347606408,193.0491640726725,178.16916834513344,185.609166208903,1196384.2398004895,3.5363390450798518
2020-12-24,180.0,181.25,174.75,175.39999389648438,163.2248077392578,6913495,5.167069045140387,-0.015556812650914686,186.2249969482422,166.3019984436035,46.53542616355779,-3.09116951077418,42.98703313856112,199.02107482947352,172.26392120324132,0.1525493418319241,181.6381634082828,186.7567300410962,0.01829092314410774,0.030208485943558846,0.07255803234367007,308394499,17.032002807823616,19.617729086877507,193.16749699910483,178.2975018819173,185.73249944051105,-1690543.6873138659,3.7058154083152925
2020-12-28,177.0,179.8000030517578,176.0,177.6999969482422,165.3651580810547,5773834,5.180096717986954,0.013027672846567029,184.69499664306642,167.35899841308594,48.827096062548335,-3.0099566048834854,40.36837747877734,198.76110761155718,172.80388872633347,0.14607326579068058,181.26309993589797,186.86692304795562,-0.015436430503600884,0.03028428574710969,0.05662125355562808,314168333,24.789181644985288,22.709354231445772,193.30416412353514,178.5191680908203,185.91166610717772,448081.9566371173,2.138437319649826
2020-12-29,180.1999969482422,181.9499969482422,177.5,180.75,168.20343017578125,8862957,5.197114861038874,0.017018143051919843,183.92999725341798,168.4099984741211,51.7788494113781,-2.6597694340797267,37.55362006777256,198.75110995306378,172.44388669000264,0.145544803668388,181.21423327533626,186.8308270277343,0.01311290268980958,0.027872733518143854,0.03407812683483142,323031290,35.075871964066444,25.632352138958453,192.9474973042806,178.69250157674153,185.81999944051105,4245791.091060138,2.461962350341459
2020-12-30,181.8000030517578,182.35000610351562,178.5,179.89999389648438,167.4124298095703,5749554,5.192401107029219,-0.0047137540096553465,182.96499633789062,169.3799984741211,50.89770985698675,-2.402179115677069,34.87468687261101,198.60708956378255,171.87790646893228,0.14857801001499987,181.08906762020752,186.65965357728305,0.017163776613041692,0.027673841277085585,0.005356644452019075,317281736,32.209071699340555,30.691375102797434,192.59583104451497,178.47583440144857,185.53583272298175,2941084.364838308,2.140081286345648
2020-12-31,179.75,183.1999969482422,176.85000610351562,178.0,165.6443328857422,8317227,5.181783550292085,-0.010617556737133604,181.0949966430664,170.30599853515625,48.894762710519025,-2.2776627364675828,32.684325837413276,198.35647236468617,171.08352397320448,0.15321881118809938,180.79487070399728,186.29310188240026,-0.004702661706863731,0.02765220134896836,-0.042198962162693254,308964509,25.80099653036165,31.028646731256217,192.2933308919271,177.93333485921224,185.11333287556965,263403.66476497194,3.567410586925035
2021-01-01,178.4499969482422,180.9499969482422,177.1999969482422,179.89999389648438,167.4124298095703,7089146,5.192401107029219,0.010617556737133604,179.31999664306642,171.09099853515625,50.97252315574113,-1.9953842810423508,30.650419161872527,198.07820396032886,170.61179237756178,0.15267600063717307,180.709644341377,185.91347315108962,-0.010561389443835334,0.027794925555780444,0.0058269424098513775,316053655,32.209071699340555,30.073046643014255,191.73999786376953,177.56500091552735,184.65249938964843,2149965.15998235,2.0844914548233806
2021-01-04,181.89999389648438,189.6999969482422,180.5,188.60000610351562,175.50856018066406,12369742,5.239628402561581,0.04722729553236249,179.02999725341797,172.03899871826172,59.160283514476234,-1.1905119487831506,29.704641750297373,198.11644070572538,170.60855624251678,0.14585304121416903,181.4611073663426,185.86661881638716,0.010674123013957093,0.0299535710771071,0.05123467003987814,328423397,61.5514460600409,39.853838096581036,191.78416442871094,177.34416809082032,184.5641662597656,17216671.051103037,4.878047004512103
2021-01-05,186.60000610351562,188.4499969482422,184.1999969482422,187.0,174.01959228515625,8902841,5.231108616854587,-0.008519785706994298,180.03499755859374,172.78299865722656,57.26615236977821,-0.7548903248069312,28.826419868120443,197.99394060731885,170.60605634092332,0.14645927415184776,181.98862095050043,185.84132973729385,0.04836026960644202,0.03002132892279754,0.048010465109724385,319520556,56.15513431339552,49.971884024259,191.7633305867513,177.25833485921223,184.51083272298177,12722203.766855583,2.272727272727273
2021-01-06,187.5,189.6999969482422,183.75,186.39999389648438,173.46124267578125,6428061,5.227894869507308,-0.0032137473472788614,181.17999725341798,173.55099853515625,56.53515286695775,-0.5080056850004055,28.20696041847236,197.956076532999,170.59891919454006,0.14676587035540084,182.40875170726082,185.8102254369253,-0.008483595184177406,0.02998034375886626,0.05578773355025424,313092495,54.591806547578884,57.43279564033844,191.72749684651694,177.2075017293294,184.46749928792318,10353763.823908964,3.1920585531491312
2021-01-07,187.9499969482422,194.35000610351562,187.1999969482422,190.75,177.5093231201172,9759532,5.250963670164566,0.023068800657258137,182.43999786376952,174.37399841308593,60.474426413148066,-0.07530376856789767,28.301790407538665,198.59664961558303,170.67834580678027,0.14636070148782576,183.2031563065693,186.07171172227854,-0.0032085887888536613,0.03008844967510926,0.07096602268832357,322852027,72.08481517985969,60.943918680278024,192.0908307393392,177.42583440144855,184.75833257039386,14939515.244415691,3.7483665296322086
2021-01-08,194.0,196.5500030517578,191.75,192.60000610351562,179.2308807373047,9558639,5.260615531054137,0.00965186088957104,184.15999908447264,175.3619985961914,62.049718052756845,0.29180934048628826,28.674116077295444,199.48715961211528,170.8978364205996,0.14843884883445926,184.09809438246896,186.54166053548462,0.023336943379576258,0.029956213910753503,0.06852162592360367,332410666,84.923674013988,70.53343191380885,192.5924980163574,177.99250106811525,185.29249954223633,15331518.851113806,2.4922133435333236
2021-01-11,194.5,194.9499969482422,188.25,193.10000610351562,179.69618225097656,8690690,5.263208221042524,0.0025926899883872423,185.7,176.3639987182617,62.48489955512843,0.5117486517599499,28.178453147770195,199.50314648964513,170.89185015342127,0.14816828292012652,184.95541930828293,186.35065429046153,0.009698590319872302,0.026428668876223024,-0.009149668573681722,341101356,86.83207118284166,81.28018679222978,192.385831451416,178.43583450317382,185.41083297729492,13762065.443811834,3.4697031260840574
2021-01-12,193.39999389648438,198.75,191.9499969482422,192.85000610351562,179.46353149414062,8795573,5.261912716303267,-0.001295504739257325,186.91000061035157,177.42299896240235,62.1014468318137,0.5788830691289188,28.240955565968964,200.05265155922888,170.78734630454068,0.15175164287513446,185.7072847173527,186.57497821784716,0.002596053915653984,0.025815996285548315,-0.012230363364125219,332305783,76.54077404245767,82.76550641309579,192.6033312479655,178.66333491007487,185.6333330790202,11481928.487553002,3.5260579914671046
2021-01-13,194.89999389648438,196.1999969482422,187.25,191.89999389648438,178.5794677734375,8491908,5.256974371207944,-0.004938345095323093,188.11000061035156,178.4339987182617,60.580057754520055,0.5007305069211485,27.278002467060897,200.33770044858855,170.73729649965364,0.15424911355079096,186.29706654393667,186.69995906984377,-0.0012946659352562895,0.02583005768193229,-0.033317069866800775,323813875,71.45830790201823,78.2770510424392,192.90916442871097,178.66416778564454,185.78666610717772,8689164.952047383,4.663885999428452
2021-01-14,192.85000610351562,194.89999389648438,188.5,190.0,176.8113555908203,7759849,5.247024072160486,-0.009950299047457811,189.31000061035155,179.37499877929687,57.54375896028463,0.2738448888400207,26.38383173236055,199.26164470428816,171.1433525491298,0.1479910113429388,186.64972687308557,185.85090696645386,-0.004926171516537625,0.024417228019096786,-0.09611587120554246,316054026,61.53846153846154,69.84584782764581,192.52083053588868,178.5958351135254,185.55833282470704,5341617.710663417,3.3684178402549345
2021-01-15,190.64999389648438,192.10000610351562,181.8000030517578,183.3000030517578,170.57644653320312,10009834,5.211124171494638,-0.03589990066584825,189.6500015258789,180.08299896240234,48.34243309825041,-0.34131913718951834,24.713718235177964,197.34331298026012,171.6266851886852,0.14029802162258231,186.33070555676866,185.31737905888724,-0.00990095860820761,0.025497109496473307,-0.14053100997403267,306044192,29.45204906782011,54.1496061694333,192.2133310953776,177.72833506266275,184.97083307902017,-5002307.284061483,5.61920506288777
2021-01-18,183.89999389648438,183.89999389648438,174.5,179.1999969482422,166.76101684570312,10544836,5.1885024835109315,-0.02262168798370645,188.71000061035156,180.71099884033202,43.733878288417316,-1.000897355350324,24.227759758135146,196.50200342202376,171.23799444174577,0.1409821953712138,185.6515904511947,184.4467004068402,-0.03526314183285362,0.025068924179234727,-0.10433720785407903,295499356,19.381430714400775,36.79064710689415,191.5283312479655,177.00833460489906,184.26833292643227,-10463962.237848599,5.245532397636897
2021-01-19,179.75,190.75,179.6999969482422,189.35000610351562,176.2064666748047,9258312,5.2435971865818445,0.05509470307091302,188.94500122070312,181.4289990234375,55.1363178984399,-0.7420534178802587,22.64428057128971,196.91814267003764,172.06185610925922,0.13127164383184517,186.00382051332048,184.81707101215937,-0.022367736144324635,0.02211785557279242,-0.03441862797837391,304757668,61.23713857119845,36.69020611780645,191.45999857584636,177.72000071207682,184.5899996439616,4455454.01932662,5.835755318495683
2021-01-20,189.85000610351562,204.0,188.4499969482422,201.89999389648438,187.88531494140625,27835642,5.307772495088402,0.06417530850655773,190.49500122070313,182.31799896240236,64.66991915339023,0.2337230267351611,22.474611147985,199.6075745626345,172.06742391148657,0.13640491076620825,187.5177417879075,187.34038158272935,0.05664067705428044,0.025850932651228148,0.0882763326613077,332593310,92.88133524231992,57.83330150930639,192.78583196004232,178.6358334859212,185.71083272298176,53724241.632201135,7.701834334740205
2021-01-21,208.0,222.0,205.6999969482422,217.3000030517578,202.21636962890625,51269488,5.381278901306368,0.073506406217966,193.1500015258789,183.3719989013672,72.41599507874504,1.7890560670351743,23.697899912345953,206.78041577899486,168.80958361065356,0.17473921599208253,190.35414762255994,193.77701022086993,0.06627931021088962,0.030037346694806302,0.15043756794585955,383862798,90.10526958264802,81.4079144653888,195.17499949137368,180.0249994913737,187.5999994913737,158842290.62562692,7.501151782255327
2021-01-22,220.0,237.5,219.0,231.89999389648438,215.8029022216797,65548748,5.446306217941884,0.06502731663551575,197.0800003051758,184.78399871826173,77.46125111800107,3.570977905338644,25.625782428250165,216.82775413595476,164.4122452536937,0.22602634869261068,194.31089488674323,202.2111673493958,0.07627543150481286,0.031919880160087094,0.22801052091176338,449411546,91.11110142299107,91.36590208265301,198.39166615804035,182.04166615804039,190.21666615804037,272866409.2052928,7.977576751579406
2021-01-25,233.4499969482422,239.6999969482422,209.1999969482422,211.3000030517578,196.63282775878906,38938668,5.353278939064784,-0.09302727887710027,198.9,185.72499877929687,60.61494366663991,3.146990346399792,26.220082821488266,219.27598936682858,165.32401063317144,0.2553335445075296,195.9289051881732,204.7900422686081,0.06718817597645899,0.03941733732851045,0.10298554689186203,410472878,56.441725113838295,79.21936537315914,201.8383326212565,182.8183329264323,192.3283327738444,119294607.27512997,14.434453175340959
2021-01-27,211.0,211.0,200.0,201.85000610351562,187.8388214111328,23956044,5.307524877536827,-0.04575406152795658,199.8,186.48199890136718,54.73424811676964,2.0670015757666445,25.805769895975736,220.0909671487182,166.6190334616334,0.26490924979047337,196.49281956106296,205.4001194548794,-0.0888313557003455,0.041168783478424134,0.03951069150581053,386516834,41.94786408537246,63.16689687406728,203.3766662597656,183.70166625976563,193.53916625976564,69911871.56554633,5.4495911158698815
2021-01-28,196.1999969482422,206.0,195.0,202.4499969482422,188.39715576171875,21792316,5.310492927404039,0.002968049867211775,200.8550003051758,187.23799896240234,55.032542422120116,1.2691143780930059,24.941044577469476,220.75155544606778,168.21344546945957,0.259511537508395,197.06016978841336,205.54641695120222,-0.04472312736279238,0.04109614600667298,0.06388491669205877,408309150,42.868095485387485,47.08589489486608,204.77916590372723,184.3891665140788,194.584166208903,61792345.63980946,5.433440437547762
2021-01-29,206.5,208.75,195.35000610351562,196.64999389648438,182.99974060058594,21472526,5.2814254678403625,-0.0290674595636764,201.5199996948242,187.70999877929688,51.49951776676468,0.27854431917880706,24.335321420343917,220.57826839319003,170.25173191198573,0.2559193391467683,197.02110541775346,205.82908151069398,0.002972458888204743,0.041691251204291006,0.029032977083832363,386836624,33.97238486693142,39.5961148125638,206.1766660054525,185.08166631062826,195.6291661580404,35173336.787129685,6.814133899001323
2021-02-01,198.25,216.0,192.39999389648438,213.6999969482422,198.8662567138672,19615177,5.364573148044532,0.08314768020416974,204.55999908447265,188.49099884033203,59.69174532528721,0.676730843952658,24.26978940465991,222.41292009767423,171.79708051267735,0.23685465750032722,198.6095712778,206.40093177011533,-0.02864906465392847,0.04545362903677878,0.061340184125506424,406451801,60.122697520002006,45.654392624106976,208.56999969482422,185.48999938964843,197.02999954223634,77925549.77622111,11.043521965623384
2021-02-02,217.9499969482422,228.6999969482422,215.10000610351562,227.5,211.70831298828125,21134623,5.427150238391005,0.06257709034647263,209.38999938964844,189.57699890136718,64.86470361610364,1.7155396812062378,24.951628436227118,227.25749767327267,170.84250232672736,0.2479780015232761,201.36104067991428,207.9815678194752,0.08670228111338174,0.04631748294120926,0.08046863264186067,427586424,81.28834736307284,58.461143250002095,210.66499938964844,187.1449996948242,198.90499954223634,108458737.22215393,5.978017953725962
2021-02-03,229.8000030517578,231.85000610351562,222.85000610351562,227.4499969482422,211.6618194580078,15076432,5.426930420598744,-0.00021981779226099007,213.1999984741211,190.62299896240233,64.83223692709345,2.2136370018681983,25.750211300550962,231.26475659957592,170.8802430952483,0.2654847848517164,203.8457031816598,209.20224542161583,0.064576524327701,0.04617651481363077,0.07291754726284498,412509992,81.21165556230864,74.20756681512783,212.94416631062828,188.94916661580402,200.94666646321613,92856936.53190064,3.9569136604772135
2021-02-04,237.25,255.6999969482422,232.0,243.85000610351562,226.9234161376953,81015566,5.496553307185857,0.06962288658711291,217.3949996948242,192.01999908447266,70.11555772334944,3.391471756962259,27.50455179164278,238.6075717831124,169.28242913241496,0.28429420100678016,207.6556367932651,215.47649816804392,-0.00021979363410029595,0.048004833140481436,0.06285122481871254,493525558,85.40641466737999,82.6354725309205,216.6933331807454,190.92333348592123,203.80833333333334,269399663.3301519,9.719088109508355
2021-02-05,245.8000030517578,249.9499969482422,235.0,241.60000610351562,224.82960510253906,24192684,5.487283491323556,-0.009269815862301023,219.825,193.29999908447266,68.59302956903214,3.735678858488356,29.13358224765661,244.22865737343363,168.74634415244526,0.3124267852404247,210.8884338704318,217.3060736032145,0.0721038002871699,0.04824489014989158,0.05528193528577663,469332874,82.63547860264815,83.0845162774456,219.65416590372723,193.10416742960612,206.37916666666666,223137777.28298736,6.18791248781539
2021-02-08,242.5,256.5,242.14999389648438,248.85000610351562,231.57635498046875,19399396,5.516850329831449,0.029566838507893323,221.52000122070314,194.80899932861328,70.79375958574276,4.137093830271384,30.8806489029389,250.68959060701502,167.91041091886387,0.33264688630836114,214.50382170215408,219.01253740950708,-0.009226983570567837,0.04838569163775438,0.06406327924418789,488732270,90.03907084309773,86.02698803770863,222.9083325703939,195.403333791097,209.15583318074545,211353183.5282749,5.76652833094421
2021-02-09,249.9499969482422,250.9499969482422,241.1999969482422,243.5,226.5977020263672,13763979,5.495116942522644,-0.021733387308804808,224.74000091552733,196.1809994506836,67.05952050759832,3.739790523401247,32.3909123572702,255.0535126651134,168.58648825041396,0.3551007162821332,217.26536249242514,220.20196598779663,0.03000827738759937,0.048980811620110774,0.04108421326162566,474968291,80.89640056281497,84.52365000285363,225.71666590372723,197.90666681925455,211.81166636149086,170640247.07299837,4.004106776180698
2021-02-10,244.0,250.9499969482422,240.3000030517578,249.14999389648438,231.8555450439453,12835226,5.51805510023006,0.022938157707415918,229.46999969482422,197.47499938964845,68.92380977166107,3.55616393198407,33.68135297392576,259.8475339103809,169.42246578444335,0.3629342578411096,220.30199405471652,221.32777666049796,-0.021498918916201037,0.048916265028543786,0.07045028234661586,487803517,88.53353291160997,86.4896681058409,228.52333196004233,200.328333791097,214.42583287556968,156622918.71399826,4.27453106858561
2021-02-11,249.0,249.10000610351562,239.0,240.0,223.3406524658203,12561402,5.480638923341991,-0.037416176888068975,233.225,198.53499938964845,62.73183883666268,2.5634859131414327,34.70999359395263,262.2764641827697,171.80353612240606,0.3769705335848485,222.177994620934,222.35016547574935,0.02320326035517195,0.05006761794862434,0.04940072205481543,475242115,74.25897280984027,81.22963542808841,231.12666600545248,202.81666692097983,216.97166646321617,117828680.09324327,4.208335876464844
2021-02-12,242.5,243.35000610351562,236.5500030517578,239.60000610351562,222.9684295654297,9407649,5.478970891715066,-0.0016680316269255258,237.52000122070314,199.5579995727539,62.467639348609396,1.668309811058256,35.336842446598965,263.9867804620548,175.05322045347253,0.37117511578927026,223.8372338097513,223.14822413146845,-0.036724840941742,0.04990794696854632,0.055429787764255126,465834466,73.63495743012498,78.80915438385841,233.58166681925454,205.2316668192546,219.40666681925458,100458439.76845606,2.838064640457468
2021-02-15,241.9499969482422,244.39999389648438,236.9499969482422,238.0,221.4794921875,6835538,5.472270673671475,-0.006700218043590667,239.95000152587892,200.56999969482422,61.35451561249601,0.8007882408242644,35.975929341890456,264.1274024512987,180.38259815905283,0.35186892559767163,225.18606868501308,224.11223362212317,-0.0016666412353515403,0.04885612525000025,0.06009272447118452,458998928,71.13884830194213,73.0109261806358,236.14166615804038,208.07666676839193,222.10916646321616,84544819.44141763,3.1302508185891544
2021-02-16,238.5,240.5500030517578,232.60000610351562,236.25,219.85096740722656,8706612,5.464890566373852,-0.007380107297622729,240.82500152587892,201.52999969482423,60.09322559595936,-0.01532050882505942,35.95844629885227,262.37915689376194,187.8358440217654,0.3155272502518372,226.23977642929756,225.2639161281108,-0.006677821630874159,0.04837654301621327,0.05890091181239093,450292316,68.40873935753125,71.06084836319947,238.93249994913737,211.01250025431318,224.9725001017253,70290335.0926437,3.3650780733300265
2021-02-17,235.0500030517578,244.39999389648438,234.64999389648438,241.64999389648438,224.87611389160156,12855633,5.487490373033424,0.02259980665957162,242.24500122070313,202.5979995727539,62.64508136744578,-0.3000921040285256,36.18771314621928,261.7935230722412,193.651476622583,0.28198654322684663,227.70741618807725,226.34693341931444,-0.007352941176470562,0.04742723492341341,0.05590911064616541,463147949,76.8330660069919,72.12688455548845,241.54916610717777,213.7591667175293,227.6541664123535,70166050.04161504,4.0347611199099
2021-02-18,243.25,243.75,235.10000610351562,236.0500030517578,219.6648406982422,8842208,5.464043659920733,-0.02344671311269053,241.46500091552736,203.58199951171875,58.46949408333566,-0.9382130245598574,36.40060379020292,261.5186508149795,197.34134979537208,0.2718801109506255,228.50194827033255,228.16922066566949,0.022857117022156093,0.04637733251029808,0.002445626966773048,454305741,68.09673166767361,71.11284567739894,243.21333262125654,216.1133341471354,229.66333338419594,53068573.7717889,3.6644752317955795
2021-02-19,236.5,244.0500030517578,235.10000610351562,238.5500030517578,221.99131774902344,13029321,5.474578944755065,0.010535284834331193,241.16000061035157,204.68199951171874,59.75903852109226,-1.2452942336747252,36.619186948700964,262.310315910372,198.67468469997954,0.26676013580509395,229.45890586856353,229.9860142868134,-0.023173974699645217,0.043594020635905194,-0.052088780689431464,467335062,56.64251305658653,67.19077024375069,244.05749918619796,217.69250132242837,230.87500025431314,50140677.87581906,3.7518326697737754
2021-02-22,238.5500030517578,241.10000610351562,226.8000030517578,228.39999389648438,212.54586791992188,10223609,5.431098451058932,-0.043480493696132605,239.11499938964843,205.61999938964843,52.61578225021472,-2.133244214675244,35.57356115853014,262.14092562141786,198.49407498893368,0.278663976940955,229.3580571093179,230.12668064614263,0.010590976351107395,0.04231801319710563,-0.14480292720231333,457111453,16.493280236667715,47.0775083203093,243.97916615804039,218.03416798909507,231.0066670735677,28153477.47213978,6.260947212738925
2021-02-23,228.39999389648438,232.5500030517578,223.39999389648438,229.8000030517578,213.84866333007812,12527522,5.437209378694716,0.006110927635783803,237.74499969482423,206.35599945068358,53.44245164222054,-2.5967664026171633,34.146089373714496,261.8534202388064,200.63158037154517,0.26641357290788303,229.4001471990741,231.13520023804608,-0.04254876975654953,0.03678158584230306,-0.05069287891581161,469638975,19.33537152609068,30.823721606448316,243.33750000000003,219.52750091552736,231.43250045776367,26637072.90367544,3.981727168738367
2021-02-24,232.39999389648438,241.0,231.1999969482422,238.89999389648438,222.31700134277344,8702989,5.476045028783352,0.03883565008863599,236.71999969482422,207.3659994506836,58.509359895254214,-2.2726534746135947,33.562140587463226,260.7037863717104,205.48621301793804,0.23113258587063087,230.30489450358937,233.09738848242966,0.006129637446084857,0.03561639662819613,0.00608261700288766,478341964,46.82778592706577,27.552145896608067,244.91499989827474,221.22500050862632,233.0700002034505,34145651.091972664,4.102136166652295
2021-02-25,241.8000030517578,243.75,239.5,241.35000610351562,224.59695434570312,6678690,5.4862481873955655,0.01020315861221377,236.8550003051758,208.40199951171874,59.778538552666326,-1.8910629143363984,33.23841826187509,258.97572203727105,211.10427826790468,0.19834863293450342,231.35680989405853,235.3181032714891,0.0395996115051267,0.03558820606970933,-0.01899642770884454,485020654,54.229634130263015,40.1309305278065,246.59666671752933,223.58166732788087,235.08916702270508,31605254.08268765,1.7609280681671762
2021-02-26,238.0,238.9499969482422,227.10000610351562,232.10000610351562,215.989013671875,8502569,5.447168339577313,-0.039079847818252134,236.1050003051758,209.1099996948242,53.16604654165499,-2.235807426181463,31.397464528892897,253.1624838032699,220.46251772260902,0.14088739862452584,231.4275904854354,237.5607132290556,0.010255388319904357,0.036193581114707274,0.02927647855880204,476518085,31.578988179009116,44.21213607877931,248.14250005086265,225.28250096639,236.7125005086263,15854680.178017987,5.105553870361174
2021-03-01,235.0,248.8000030517578,235.0,244.85000610351562,227.85400390625,14941186,5.500645803075897,0.05347746349858351,236.79000091552734,210.05399993896484,59.771554934313635,-1.6086481514396471,30.514804470854408,251.16458783451878,225.57541460688748,0.1045095878691256,232.70591578239544,239.65199363070505,-0.038326081483638585,0.033171696611863866,0.000427837125596055,491459271,77.85847488558679,54.55569906495299,249.4283335367839,227.54833475748697,238.4883341471354,40804028.93830113,5.636104842865947
2021-03-02,247.0,247.85000610351562,242.0500030517578,246.35000610351562,229.24989318847656,7076813,5.506753313765761,0.006107510689863815,237.8000015258789,211.15100006103515,60.4777950015198,-1.119477421099516,29.695191559818664,251.52941314853243,227.09558990322537,0.09918336772859679,234.00535295583546,240.87776361450952,0.05493321699575282,0.030315654401990234,-0.04509208040368663,498536084,89.29961597742887,66.24569301400827,250.120834350586,229.02083435058594,239.57083435058593,36491341.87568668,2.3543750387895934
2021-03-03,246.5,252.1999969482422,243.60000610351562,250.0,232.6465301513672,12219130,5.521460917862246,0.014707604096485305,238.63500213623047,212.6120001220703,62.21604441351567,-0.6026792719232272,29.282310760470786,252.22425494184154,228.65574841509203,0.094274026106998,235.5286526743273,241.85636859111432,0.006126199561399481,0.03038091863144667,-0.027006898794981724,510755214,92.36112251693699,86.50640445998424,251.16166712443032,230.10166803995767,240.63166758219404,37649685.88206703,3.439996337890625
2021-03-04,243.0,261.25,242.6999969482422,259.04998779296875,241.06829833984375,12623097,5.557021046138498,0.0355601282762521,240.93500061035155,214.29399993896484,66.18700112947076,0.25033241827274644,29.544919940743902,255.46530556663643,226.93469595924248,0.11013553735503533,237.76877982848362,241.83934036990343,0.014816293103522948,0.027101534517340247,0.005977287307105484,523378311,94.18755124896293,91.94942991444294,251.42833379109697,230.8833340962728,241.1558339436849,48590998.43598038,7.160781287734655
2021-03-05,257.0,258.79998779296875,239.0,242.75,225.89979553222656,15118120,5.492032107171434,-0.0649889389670637,241.3550003051758,215.58600006103515,54.97942079474352,-0.34898681784153673,29.316456093524437,255.53805349170605,226.97694742382131,0.11765646165966936,238.24318174958043,242.13658237818584,0.03619995117187491,0.030820225645271586,-0.022699809502288445,508260191,51.12286125026103,79.223845005387,251.9041664123535,230.87416763305663,241.38916702270507,6445831.309035085,8.156534621202368
2021-03-08,244.9499969482422,246.25,234.10000610351562,234.8000030517578,218.50161743164062,10551070,5.458734100951206,-0.03329800622022816,241.99500122070313,216.77400024414064,50.48887417661968,-1.2935093173962766,28.5065935265398,254.65360999731413,226.45639061303743,0.12009037060387555,237.91525996883541,241.32934273268725,-0.06292217163119729,0.030873033633662186,-0.0605522137915075,497709121,30.118909688140235,58.476440729121414,251.2549992879232,230.44500172932945,240.85000050862627,-6457998.063782739,5.1746140283508035
2021-03-09,236.10000610351562,238.0,229.0500030517578,232.0500030517578,215.9425048828125,8384559,5.446952878838479,-0.011781222112727363,242.22000122070312,217.86100036621093,48.998043890917735,-2.070085278120648,27.1775322148077,254.4805059056085,225.48449500991885,0.12495587379596898,237.3566640719709,240.7505558037263,-0.03274972996186276,0.030631775415082642,-0.04088906666556474,489324562,22.853389063179037,34.69838666719345,250.60583267211913,229.87583541870117,240.24083404541017,-8829360.804670919,3.856926020486165
2021-03-10,234.0500030517578,238.75,233.60000610351562,237.5,221.0142059326172,6197436,5.470167623474696,0.023214744636216977,242.0800018310547,218.99600036621095,52.02165565058466,-2.1726634152463973,26.013123942479012,253.30176010852662,225.49824141735226,0.11706744712073415,237.37031511273557,240.24923104043359,-0.011712095248115562,0.030644074512762746,-0.06797350849883654,495521998,37.252321875335106,30.074873542218143,249.82166620890303,229.64166895548502,239.731667582194,-2742879.648728464,2.1684184827302633
2021-03-12,239.39999389648438,245.60000610351562,236.5,239.25,222.64273071289062,9690551,5.477509030333064,0.007341406858367705,241.87000122070313,220.18300048828124,52.985479517678016,-2.0785886805590685,25.544899381824376,253.26162980513135,225.46337172074755,0.116189166496902,237.54933272104645,240.10724429786978,0.023486304143795156,0.02957759083112572,-0.038210824175806686,505212549,41.87583500031042,33.99384864627487,249.65916620890297,229.57916895548504,239.619167582194,71598.05108988797,3.80355532017372
2021-03-15,240.89999389648438,240.89999389648438,231.60000610351562,235.64999389648438,219.2926025390625,5144510,5.462347627468973,-0.015161402864090512,242.225,221.33600036621092,50.72786954698063,-2.2028746555403274,24.520868458237288,253.15696291184653,225.17303739332922,0.1187520740221619,237.36844330918342,240.0152371217914,0.007368421052631469,0.029774176119097395,-0.037498148542086024,500068039,32.364591874827155,37.16424958349091,249.5949984232585,229.26500269571937,239.43000055948892,-2584382.7275796914,3.9465257941207588
2021-03-16,235.64999389648438,236.8000030517578,230.60000610351562,232.3000030517578,216.17515563964844,5851407,5.448029652913505,-0.01431797455546846,240.96999969482422,222.3840005493164,48.65054285050824,-2.436533430140196,23.451222618424417,253.18399674575687,224.57600386459467,0.12315106545559612,236.88573471323812,239.82269141527414,-0.015047047454610718,0.02990515448697972,-0.026231706289319305,494216632,15.226933755843246,29.822453543660288,249.2049987792969,229.0000030517578,239.10250091552734,-5015493.7491781525,2.6689611996521547
2021-03-17,233.1999969482422,234.35000610351562,222.5,223.64999389648438,208.12557983398438,5176713,5.4100823025883775,-0.03794735032512708,238.6999984741211,223.08500030517578,43.676971766048354,-3.059177611793025,21.997024742486413,253.9987761859385,222.5012238140615,0.14083413025468516,235.62518796878538,239.6270386366238,-0.01421595981962187,0.030977923843271638,-0.04451271903271871,489039919,2.9677261844758065,16.853083938382085,248.918332417806,228.3233357747396,238.62083409627274,-10695939.619898848,5.298460284778885
2021-03-18,225.6999969482422,228.6999969482422,208.0,217.0500030517578,201.9837188720703,8433612,5.380127755805763,-0.029954546782614777,235.40499877929688,223.68600036621095,40.29231733794144,-3.7551904098662194,21.906119874213015,255.17346674608035,218.866534169447,0.16727450848261724,233.85612273859226,238.62189968161277,-0.03723637125112811,0.03095469137683599,-0.08063340608398063,480606307,16.995310895319836,11.72999027854631,248.34999923706056,226.6600028991699,237.50500106811523,-17119628.529624168,9.536971507577476
2021-03-19,215.0,227.5,210.25,225.10000610351562,209.47494506835938,10788228,5.416544775027371,0.03641701922160845,232.01000061035157,224.46000061035156,45.80840480945786,-3.5172158703861354,21.82170821081629,255.35578390634956,217.5892173143536,0.1677768350420588,233.022206868585,237.64305533676662,-0.029510355577212044,0.03199735244608112,-0.0032691074029830972,491394535,32.1126875183392,17.35857486604496,247.9124994913737,225.36250254313154,236.6375010172526,-2267500.407812277,7.663260565202886
2021-03-22,226.0,226.75,220.6999969482422,224.39999389648438,208.82351684570312,5402029,5.413430146449273,-0.0031146285780980776,230.175,225.13300048828125,45.41548929471744,-3.2567002664196685,21.743325951947902,255.3318609339815,216.19813937119432,0.17439270332974938,232.20104372838495,237.12908573147342,0.0370882420574683,0.0318626001106595,0.019337180807205607,485992506,30.798110603726524,26.635369672461866,247.0033327738444,224.74333521525068,235.87333399454752,-2483784.0985157825,2.696079864667321
2021-03-23,225.39999389648438,231.14999389648438,222.5,229.14999389648438,213.24378967285156,5540415,5.434376784319673,0.02094663787039952,229.60999908447266,225.8640002441406,48.63502865535386,-2.640483292867269,21.1142716094913,255.3155576772714,216.28944262790438,0.17030816534516946,231.91046755391824,237.12140145769544,-0.003109783154378709,0.030823182411041268,0.08062770552404334,491532921,39.71829839715375,34.209698839739836,246.49583206176757,224.80083541870118,235.64833374023436,1630609.5227007577,3.7748174239061516
2021-03-24,227.0,230.0,220.39999389648438,221.75,206.3574676513672,5744918,5.401550621189688,-0.03282616312998421,228.5799987792969,226.43700012207032,44.25562266477473,-2.6029887342761944,20.729728380140365,255.70763271011364,215.09236728988637,0.18315790493901815,230.9428039773546,237.30584931442257,0.021167558508006,0.03164788674496677,0.030967984367981916,485788003,25.821596244131456,32.112668415003924,246.29166514078776,224.55166880289715,235.42166697184243,-4675528.714228381,4.329202301472661
2021-03-25,222.0,223.0,212.5,219.0500030517578,203.8448944091797,7068613,5.389300028191694,-0.01225059299799458,226.73499908447266,226.96100006103515,42.74327909675188,-2.624316137341827,21.06520726401678,255.8428500819229,212.97215083360442,0.1957119317555493,229.81015627015492,236.52985981554212,-0.03229323191615374,0.030210868041828872,0.012431677000013144,478719390,21.751979738245623,29.09729145984362,245.3841651916504,223.57416915893555,234.47916717529296,-6734057.973382192,4.793426091630333
2021-03-26,222.0500030517578,226.89999389648438,221.5,224.85000610351562,209.24227905273438,4654822,5.415433540361549,0.02613351216985471,225.2949996948242,227.62000030517578,46.93810907284186,-2.1329624989208966,20.860294228567845,255.15519561270392,212.00980530282342,0.19188520853327165,229.33776101618926,235.99883546829523,-0.012175859969525082,0.0308223184915739,0.024317826233968394,483374212,44.05230353860294,30.541959840326687,244.58583145141603,222.66083602905275,233.6233337402344,-1915195.147843393,2.401598287704002
2021-03-30,226.0,227.8000030517578,219.6999969482422,222.9499969482422,207.4741668701172,4419355,5.406947517385404,-0.00848602297614498,224.025,228.27900024414063,45.75549430780151,-1.832563223059077,20.832767386578855,255.1866050605229,211.0633949394771,0.19790630511328966,228.72940253352763,235.83277973344738,0.026477986628410832,0.029728877856380537,0.027673242881923445,478954857,39.76062372725081,35.188302334699806,243.9366653442383,222.38666839599608,233.1616668701172,-2841140.8353519714,3.633104379631833
2021-03-31,221.0,227.5,220.75,223.6999969482422,208.17210388183594,3038051,5.4103058548538945,0.0033583374684909018,223.16499938964844,229.08700012207032,46.330321041239586,-1.4943036930157585,20.807206747589078,253.80484463894592,210.33015444552674,0.19434372278278567,228.2504115254052,234.90971468472637,-0.00845011831753617,0.026645064454202533,-0.01439138334266445,481992908,41.755304254523054,41.85607717345895,242.63916498819987,221.7941683451335,232.21666666666664,-2109758.1088731186,3.0174341046422803
2021-04-01,226.25,236.89999389648438,224.0500030517578,236.0500030517578,219.6648406982422,6079701,5.464043659920733,0.053737805066838895,224.40500030517578,230.22400024414063,54.82044025535731,-0.40635510245875217,19.54134176519663,252.38097363359768,210.7240251456992,0.17647510251785306,228.99322976601022,234.3179736330165,0.003363983001866133,0.02972518639845768,-0.0022656299947228886,488072609,74.60105983635763,52.03899593937717,242.33749745686845,220.78750203450522,231.56249974568686,8917970.829187334,5.443757965937833
2021-04-05,234.25,234.35000610351562,221.0500030517578,221.75,206.3574676513672,7826250,5.401550621189688,-0.06249303873104495,224.875,230.87200012207032,45.78826041195814,-0.6053631550624727,18.693094024873613,249.5564990081144,210.72349977118247,0.1751206279004822,228.30339835972353,232.6810397323015,0.055207895717464206,0.032196904259901335,-0.09012571940953504,480246359,41.79332082328835,52.716561638056355,241.42833150227867,219.40833485921226,230.4183331807454,-8343939.129813653,5.99774658478368
2021-04-06,223.9499969482422,227.5,219.75,222.75,207.28805541992188,5622359,5.406050066350919,0.004499445161230575,224.63999938964844,231.28900024414062,46.45267081645318,-0.6227881718941568,18.047771556804285,242.7329317945351,213.9170682054649,0.12936414630334547,227.7745032778451,230.36547941547494,-0.06058039765677237,0.030786528263661943,-0.17205005559895944,485868718,51.038073062687765,55.810817907444594,239.3383316040039,218.3983352661133,228.8683334350586,-6348753.682697418,3.479236812570146
2021-04-07,222.0,226.25,221.25,225.6999969482422,210.03329467773438,4562985,5.419206670302188,0.013156603951268941,224.7699996948242,231.45700012207033,48.45944463014007,-0.3996233016669173,17.44854355073991,240.29605145216172,214.6489482426625,0.11363360016075076,227.57693124645434,228.24195485723868,0.004509582863585049,0.02810787561466441,-0.0865156134344603,490431703,61.245677115507476,51.35902366716121,237.47583236694337,218.0158348083496,227.74583358764647,-3518818.610187091,2.21533011413669
2021-04-08,225.6999969482422,229.25,223.35000610351562,224.3000030517578,208.73046875,6064459,5.412984455131859,-0.0062222151703288375,224.28500061035157,231.30500030517578,47.548716669840964,-0.3140554534902178,16.464402344603318,239.3819464495503,214.5130532452739,0.1108733520549165,227.26484284695943,227.2647781894436,0.013243532876508146,0.02725580004661719,-0.04804308323968757,484367244,56.401406554416866,56.22838557753738,236.52583236694335,217.69083480834962,227.10833358764648,-4229016.749514611,2.6304029497150454
2021-04-09,224.4499969482422,228.0,222.0500030517578,223.5,207.9860076904297,3251356,5.409411414053624,-0.003573041078235306,224.46000061035156,231.54900024414061,47.00508436207322,-0.28021055110529436,15.721538971574896,238.81041791509185,214.22958147455657,0.10998137109859185,226.90628638534423,226.78947167383762,-0.006202897276978758,0.0271626511771746,-0.04098966167176264,481115888,49.71858549561589,55.78855638851343,235.94999898274736,217.41500142415367,226.68250020345053,-3996456.4599198205,2.662191028296281
2021-04-12,219.89999389648438,219.89999389648438,202.5,203.5,189.374267578125,6217829,5.31566600488265,-0.09374540917097374,222.90500030517578,231.58200012207033,35.94169789273889,-1.505219088828138,16.957147818194937,239.69838589355902,209.94161349608942,0.14622492578609142,224.6771162534067,225.34812278889817,-0.00356666536278738,0.03284093172244398,-0.11306961378941671,474898059,2.9069772599645676,36.342323103332454,235.16333211263017,215.40333455403646,225.28333333333336,-21190759.822788417,8.550365551097974
2021-04-13,204.5,217.89999389648438,203.0,215.4499969482422,200.4947509765625,13740612,5.372728849897271,0.05706284501462111,221.96499938964843,231.84200012207032,44.367214425206434,-1.4126307399922977,18.1044988900564,237.47255649385426,209.7874425906184,0.1284990220254525,223.79834298624817,222.71506049211837,-0.08948545861297541,0.03590251729335941,-0.00463945306790243,488638671,37.64534664515059,30.090303133577027,234.03666458129882,213.6966682434082,223.8666664123535,5293673.218607064,6.915754981451133
2021-04-15,212.60000610351562,215.5,205.3000030517578,208.39999389648438,193.93414306640625,7243110,5.339459280591709,-0.03326956930556246,220.50999908447267,232.0770001220703,40.94557471852223,-1.7083677643293433,19.16989631392776,236.46909520953676,208.06590387493588,0.1362917090521087,222.33183354912782,221.43175046179442,0.05872234372600582,0.03638735891135187,-0.021738400148738995,481395561,17.151148091009823,19.23449066537501,232.7658317565918,212.33583450317383,222.55083312988282,-2757415.470367877,4.894432460160575
2021-04-16,209.1999969482422,210.89999389648438,205.60000610351562,208.75,194.2598419189453,6651237,5.341137363730965,0.0016780831392564366,219.01499938964844,231.97800018310548,41.188072919328086,-1.7558515737394753,20.159193921808313,235.66921838454908,206.51078039474777,0.13968114007090449,221.03832559206802,220.2114385469904,-0.03272222395738278,0.036360282916057016,0.008960400876024698,488046798,18.168607874778548,24.321700870313,231.47999776204423,211.14000142415367,221.30999959309898,-2030931.3251826153,2.538916308008982
2021-04-19,199.9499969482422,205.1999969482422,199.0,203.5500030517578,189.42080688476562,7637679,5.3159116899416565,-0.025225673789308622,215.76499938964844,231.49900024414063,38.648828195402245,-1.995432185780099,21.629369348830156,236.4780810133593,203.69191868146495,0.16107178501764802,219.37277106441942,218.91194973547715,0.0016794919086680071,0.03588095447946321,0.06836898564950952,480409119,12.005287030349294,15.775014332045904,229.98499730428063,210.21000188191732,220.09749959309897,-7414499.348964162,3.0459331148551634
2021-04-20,205.14999389648438,208.5,200.4499969482422,202.1999969482422,188.1645050048828,4318084,5.309257291493602,-0.006654398448054266,213.80999908447265,230.99400024414064,37.99394358325476,-2.0926107255890054,22.406967197714103,237.47149035615996,201.21350872831272,0.17931741926350434,217.73726876764064,218.45735582718217,-0.024910165021519437,0.0353887684504433,0.05963002130557021,476091035,8.443265075404197,12.87238666017736,228.6424975077311,210.13250147501626,219.3874994913737,-7188062.264182592,3.9812082953781642
2021-04-22,199.9499969482422,205.1999969482422,198.5500030517578,203.75,189.60693359375,4860873,5.316893752120972,0.007636460627369779,211.90999908447264,230.1920001220703,39.266388716686556,-1.9055988531983132,23.297599278857636,237.40867406338236,199.14132441073872,0.18781521301910992,216.40514793262724,217.58647213263808,-0.006632306967700452,0.03423007056422535,0.020514096509150575,480951908,13.559317313258836,11.335956473004122,227.18999710083008,209.7400016784668,218.46499938964843,-5084857.942984057,3.263800685391104
2021-04-23,203.0,206.64999389648438,199.85000610351562,201.8000030517578,187.7922821044922,4559504,5.307277123042193,-0.009616629078778693,209.5199996948242,229.39600006103515,38.20419894822896,-1.7692839856096718,23.855447254734404,237.3383625758097,196.95163681383872,0.20013243385141358,215.01418175349684,216.73051067275128,0.007665692755448372,0.03424768973763554,-0.005787789126193269,476392404,8.474578294317642,10.159053560993572,226.16832987467447,208.64333597819012,217.4058329264323,-5628595.220486056,3.369666843476055
2021-04-26,203.64999389648438,205.1999969482422,199.75,200.14999389648438,186.25680541992188,6648609,5.299067054943875,-0.008210068098318146,207.10499877929686,228.42199981689453,37.28511796677418,-1.6487137928617663,24.383639657815795,236.3905057699099,194.99949361973853,0.2067999670865761,213.59854481473377,215.39823443045645,-0.009570537169286797,0.03370417998360446,-0.07770035150653368,469743795,4.4692477886478885,8.834381132074801,224.713330078125,207.50833587646486,216.11083297729493,-6391691.006107102,2.722956339964153
2021-04-27,201.39999389648438,206.35000610351562,200.9499969482422,205.5,191.2354278564453,4595056,5.32544603393629,0.02637897899241448,205.30499877929688,227.66199981689454,42.14510796738464,-1.0938501732772892,24.639684323227844,235.837650486939,193.92734890270944,0.20394307340257692,212.82725483237817,214.55115410271782,-0.008176457533800141,0.033882294974513505,-0.017325478579393924,474338851,22.638428791896438,11.860751624954004,223.51416371663413,206.7291692097982,215.12166646321617,-1966652.6272352175,2.6277416813982666
2021-04-28,206.4499969482422,214.3000030517578,203.75,212.75,197.982177734375,10798496,5.360117767453484,0.03467173351719399,206.22999877929686,226.93399993896483,48.023277034613635,-0.17212043767123042,23.44292261983526,235.45187979350123,193.68311929097143,0.19632789895431163,212.81989722929453,213.96527385348736,0.026729983845428462,0.0348710833655536,0.031047735145624755,485137347,46.25406631858068,24.453914299708348,223.12083053588867,206.33083572387696,214.7258331298828,9498454.31951267,4.958873349827409
2021-04-29,215.5500030517578,216.39999389648438,206.6999969482422,208.0500030517578,193.6084442138672,8818857,5.337778450097336,-0.022339317356147248,205.48999938964843,226.295,44.842480659166135,0.16900668568157062,22.00231384499754,234.23809424494615,193.21690453435073,0.19716985873050116,212.36562159333863,213.33325185831572,0.035279805352798066,0.03455603360932903,-0.028926666859214228,476318490,30.944628483241424,33.279041197906196,222.63416392008463,205.4141688028971,214.02416636149087,2220303.5614416823,4.662339248237869
2021-04-30,207.4499969482422,223.60000610351562,203.0,216.35000610351562,201.33230590820312,19747072,5.376897494882197,0.03911904478486061,206.28500061035157,225.83,51.013108027413296,0.9575853215302157,21.202216018982238,233.51250714484712,193.28249254997712,0.1859487564591119,212.74508678478406,213.15447215714167,-0.022091642529928013,0.03584364217630029,0.021422432081894885,496065562,60.44144277176321,45.88004585786178,222.80083084106445,204.33083572387696,213.5658332824707,25317511.318847336,9.52161105725103
2021-05-03,213.0,223.75,212.5,221.3000030517578,205.93870544433594,9482232,5.399519260847143,0.022621765964945695,207.54000091552734,225.49600006103515,54.296942182389834,1.7693072077307521,20.47869020509987,233.17266391027655,193.38233639489923,0.17980265235726697,213.55984071497204,213.3176472700103,0.03989427027161807,0.03622888681485506,0.0590534237920594,505547794,90.27778871055345,60.55461998851937,222.7858309427897,203.86583582560223,213.325833384196,28406012.482229777,5.083596857144571
2021-05-04,223.1999969482422,226.25,216.25,217.64999389648438,202.5420684814453,7509987,5.382888239955506,-0.01663102089163715,208.95,225.12399993896486,51.55267590805259,2.000118124946588,20.136368951932162,229.46125075199444,195.25374863765398,0.15716748483167772,213.9493791132113,212.88443421480966,0.02287957850056066,0.03396485356719525,-0.012652052119577154,498037807,68.95304313720737,73.22409153984137,222.02916463216147,203.39416859944663,212.71166661580406,20432079.083913453,4.5945326351610465
2021-05-05,219.6999969482422,220.5,211.9499969482422,214.60000610351562,199.70379638671875,9238790,5.368775858637957,-0.014112381317548994,210.19000091552735,224.58300018310547,49.30995953839525,1.8884590990349972,19.09406288222434,228.59484952328626,195.40515047671374,0.1546584254548574,214.01134358847838,212.39244877573265,-0.016493488951375035,0.031340024245038456,0.010495835618531433,488799017,57.94225566792464,72.39102917189517,221.28999786376954,203.1300018310547,212.20999984741212,13487753.968811281,3.984157879116549
2021-05-06,215.75,217.6999969482422,210.35000610351562,213.60000610351562,198.77317810058594,6142013,5.364105135660551,-0.0046707229774058945,211.1750015258789,224.13400024414062,48.56398494198391,1.6945211496818224,17.87035393296744,227.41547452942615,195.66952608092544,0.14862334991280793,213.9721685899105,212.04819912742073,-0.01401326845163775,0.031319735028647294,0.014137238072682922,482657004,54.33214696694351,60.40914859069185,220.79749755859376,202.67750244140626,211.7375,10683501.544695385,3.441006851453264
2021-05-07,214.4499969482422,216.0,209.39999389648438,214.3000030517578,199.4246063232422,8931992,5.367376916720119,0.0032717810595679353,212.4250015258789,223.64900024414064,49.1439645487374,1.5638065901629177,16.60843965971062,225.53565734764976,196.4093438730534,0.1359137333636051,214.00339091961024,211.755625260526,-0.0046598321135071785,0.03114959745650111,0.018673839430206715,491588996,56.859212040452874,56.377871558440354,220.31916453043618,202.0391688028971,211.17916666666665,10050482.34427085,3.0797974846139358
2021-05-10,216.5,223.39999389648438,216.10000610351562,221.10000610351562,205.7526092529297,9901076,5.398615115468627,0.031238198748508417,214.52000274658204,223.50300048828126,54.510060256030556,1.8652954070124386,16.489988935833345,224.84717010667902,196.7778314191999,0.1269531339331464,214.67925903236312,211.75217914078374,0.003277139177153998,0.03203035089550642,0.06672242331067978,501490072,81.40796222430203,64.19977374389948,220.11749750773112,201.69750239054363,210.9074999491374,18232891.583044447,3.301667838738551
2021-05-11,219.14999389648438,226.89999389648438,216.39999389648438,224.0,208.45127868652344,9629227,5.4116460518550396,0.013030936386412506,216.37000274658203,223.3870004272461,56.61263686885706,2.1687355263328523,16.814483713321824,224.9639632867107,196.71103823916818,0.12612912967652917,215.56694864832855,212.1202625587606,0.031731231707521124,0.03215567958534892,0.100029412179012,511119299,89.77074132980255,76.01263853151916,220.2408307393392,201.36583531697593,210.80333302815757,19617435.57516132,4.6875
2021-05-12,224.1999969482422,226.3000030517578,219.64999389648438,221.39999389648438,206.03175354003906,9899396,5.399970992706715,-0.011675059148324785,217.23500213623046,223.03700042724608,54.19411209640005,2.101551713821436,17.115800292418268,226.1511798137442,197.31382110178316,0.13025004294012738,216.12247676720054,212.8478025337787,0.013116209029531367,0.024467405230003677,0.10264558956417252,501219903,79.74216855823238,83.64029070411233,220.39416478474936,202.59416783650718,211.49416631062826,13138017.632835679,3.003617587443409
2021-05-14,225.0,225.0,204.5500030517578,208.0500030517578,193.6084442138672,24409802,5.337778450097336,-0.06219254260937834,217.23500213623046,222.37100036621095,43.838338906698176,1.1147611137687816,16.669287009078417,225.7603796578185,196.9646218680604,0.13840787006667057,215.35366974668216,212.8608959735161,-0.011607170104980469,0.025053660532650762,-0.043034187186680964,476810101,30.570920507030284,66.69461013168842,220.69249852498373,202.33750127156577,211.51499989827477,-35291789.63208201,9.829366329379347
2021-05-17,210.0,212.10000610351562,206.4499969482422,210.39999389648438,195.79530334472656,8381595,5.34901045185445,0.011232001757113252,216.64000091552734,221.93700012207032,45.80163802565712,0.6027033762079919,16.254667531691414,225.80435947017958,197.1206420556993,0.13632945934681204,214.88189109428237,212.83751480482687,-0.06029806329158416,0.02407586881368315,-0.00884906355836444,485191696,36.41617749354809,48.9097555196036,220.4608324686686,202.56083399454752,211.51083323160805,-27436295.182612307,2.6853656459957933
2021-05-18,212.60000610351562,217.0,211.9499969482422,214.5,199.6107177734375,8613313,5.368309738368072,0.019299286513621894,215.96000061035156,221.33,49.14211035503545,0.5253501150438589,15.155107708062719,226.09336279642653,197.4066387294524,0.13373764133787477,214.8455205138745,213.07420384158647,0.01129531752105728,0.024438404915040048,-0.015107386340290697,493805009,48.11716709974399,38.36808836677414,220.7516665140788,202.87666651407878,211.81416651407875,-18471876.460597623,2.354313777043269
2021-05-19,214.5,218.5,213.39999389648438,215.9499969482422,200.9600830078125,5742580,5.37504688527493,0.006737146906858449,215.79000091552734,220.72199981689454,50.30857200033227,0.5542014112658269,14.21923295958337,226.30823696874245,198.43176394678488,0.12908762869137183,214.95070874571906,213.60452892637545,0.019486721589606182,0.023640179014882474,-0.0348688655840062,499547589,54.18410148693426,46.239148693408794,221.3650001525879,203.59999923706056,212.4824996948242,-14643505.041221304,2.361660650885755
2021-05-20,217.1999969482422,218.4499969482422,213.39999389648438,214.0,199.14541625976562,5193726,5.365976015021851,-0.009070870253078844,215.7300003051758,220.00199981689454,48.691184816379305,0.4298644293231444,13.350206407423979,226.1025887017652,199.8174125189379,0.12282792608797798,214.86016505565058,213.885330043846,0.006759892532597567,0.023698821054617347,-0.04299741742587747,494353863,46.025116356276854,49.44212831431838,221.7933334350586,204.32833251953124,213.06083297729492,-13998397.15676199,2.3598145101672023
2021-05-21,215.9499969482422,219.0,214.5,217.35000610351562,202.2628936767578,7673508,5.381508985516308,0.015532970494456677,216.1050003051758,219.16800018310548,51.57168380225428,0.5532840174301314,12.628156612409992,226.20055932181947,201.0794425092352,0.11557909412075204,215.0972927744949,214.3094951289529,-0.009029854020834005,0.023846527333399925,-0.046084123738908446,502027371,57.27073062662103,52.493316156610724,222.40833384195963,205.15833231608076,213.78333307902022,-8326297.757885139,2.0703933166014354
2021-05-24,218.75,220.75,215.5,218.9499969482422,203.7518310546875,4624653,5.388843379309258,0.007334393792950422,216.56999969482422,218.6920001220703,52.930838178936526,0.7125798333973434,12.233603716571803,226.00525913501892,202.98974208568418,0.10511768609330191,215.46421698151846,214.69419223146738,0.015654234128577693,0.02365757843489121,-0.027797658132914765,506652024,64.42952928493939,55.908458755945766,223.11250101725264,206.01749827067056,214.56499964396158,-6079769.155324802,2.39780775207823
2021-05-25,220.9499969482422,221.0,218.0,219.0,203.79835510253906,4232780,5.389071729816501,0.00022835050724268058,216.35999908447266,218.37600006103514,52.97525623551204,0.7854709105788754,11.907739186455014,225.01912349178087,205.86087833927382,0.08748057147263492,215.80095822137386,215.27180300994343,0.007361356336767377,0.023497370798931272,-0.004947041820732775,510884804,64.65325667751509,62.117838863025185,223.87166798909507,207.02166493733725,215.44666646321616,-5180994.71636134,1.36986301369863
2021-05-26,219.0,224.25,218.5,222.10000610351562,206.6831817626953,6419209,5.403127758381316,0.01405602856481547,216.1699996948242,218.17700012207033,55.762436201698904,0.9932379230251818,12.124396577656075,225.108236196375,207.43176624503127,0.07958788593236303,216.4008675434826,215.76426798836854,0.0002283765812047811,0.02304282673600706,-0.013149528615279082,517304013,78.52353575303009,69.20210723849488,224.75666758219398,207.87166544596352,216.3141665140788,-1598054.459775087,2.588923837003435
2021-05-27,222.85000610351562,224.10000610351562,218.75,223.1999969482422,207.70680236816406,5859968,5.408068216834406,0.004940458453089214,216.35,217.89100006103516,56.74218415818632,1.1447509770496407,12.325578440914205,225.96579162063762,207.61921051559284,0.08219794514288978,217.04840367726922,216.29629199591463,0.014155279011486943,0.021853379931749475,-0.034219091428389796,523163981,83.44519702962118,75.54066315338879,225.0841677347819,208.71916529337568,216.90166651407876,-448916.5154656997,2.3969561723409147
2021-05-28,225.0,228.6999969482422,221.75,223.60000610351562,208.0790557861328,5526121,5.409858768577525,0.001790551743119373,217.90500030517578,217.57800018310547,57.11414972069896,1.2057822599281174,13.20775588049463,226.2713461891603,208.86865625224593,0.07782955931073549,217.6723658131022,216.85225214177152,0.004952682640692485,0.02106988012118621,-0.013518533334638413,528690102,78.88202015045233,80.28358431103455,225.6616678873698,209.57166544596356,217.61666666666665,-69000.01423505641,3.108227530648942
2021-05-31,224.64999389648438,224.64999389648438,221.0,222.0500030517578,206.6366424560547,2710673,5.402902595481673,-0.0069561730958520585,219.07000122070312,217.30600036621092,55.13572934864813,1.0797085157339013,13.851482626165323,226.74909519129906,208.9609069449314,0.0801089304296087,218.08928364535512,217.26168964907572,0.0017921557380944364,0.01938510391997652,-0.05866421488416771,525979429,72.4637864299732,78.26366787001558,225.22666702270507,210.83166580200196,218.0291664123535,-659364.5011039777,1.6437711534881605
2021-06-01,222.85000610351562,227.85000610351562,220.10000610351562,221.8000030517578,206.4040069580078,5376825,5.4017760886753186,-0.0011265068063543993,219.8000015258789,217.09600036621094,54.80597169780025,0.9234722430039506,14.910387640509262,226.81540316700153,208.94459896922893,0.08057170402113288,218.44268549358395,217.3512736194547,-0.00693203492597505,0.018722395672418735,-0.11385685385531354,520602604,71.42858948097359,74.25813202046639,225.25500055948896,211.2099993387858,218.23249994913735,-757199.0366605523,3.4941388157652598
2021-06-02,221.0,231.5,218.5,229.9499969482422,213.98826599121094,7324473,5.437861880714536,0.036085792039217246,221.20000152587892,217.2220004272461,62.64873383287926,1.2904840518330338,16.365041553491864,228.86104624122584,208.12895620018043,0.09015912292319729,219.5386199178371,217.65827708513234,-0.0011258725357536914,0.01995571067734196,-0.0434992769240597,527927077,94.24859655927007,79.38032415673896,225.73500061035156,211.38999938964844,218.5625,7878745.146428755,5.6534029887054436
2021-06-03,232.10000610351562,233.0,228.64999389648438,230.89999389648438,214.87234497070312,5700616,5.44198468992686,0.004122809212324441,222.89000091552734,217.49900024414063,63.44504688004381,1.5037899967830304,17.89766257945377,230.82262692286798,207.79737429783512,0.09971958957848824,220.62065553485115,218.27187501597766,0.03674478712510454,0.019552574204965766,-0.02015974749165169,533627693,92.09037340062909,85.92251981362426,226.28333384195963,212.35833231608072,219.32083307902016,7526862.668810446,1.8839351314430055
2021-06-04,230.89999389648438,234.3000030517578,229.5,230.60000610351562,214.5931396484375,4684948,5.440684634302936,-0.0013000556239246563,224.21500091552736,217.60900024414062,62.9883742764968,1.5263756863454685,19.478104381026593,232.35108759901502,207.96891362168813,0.1057336224283611,221.57106987472397,218.86040232571744,0.004131319681887291,0.019489917852613697,-0.03246943285625013,528942745,83.445208331911,89.92805943060341,227.03500111897787,213.36499837239586,220.19999974568685,6250821.25745276,2.081527721037052
2021-06-07,231.0,241.25,230.64999389648438,237.39999389648438,220.921142578125,10922981,5.469746456465729,0.029061822162793405,226.06000061035155,217.86900024414064,68.51976606246575,1.8778625716421464,21.6712360159138,235.31007305767585,207.31992724749992,0.1179028918694106,223.07858644822497,220.44525936335793,-0.0012992109177067945,0.020301702921840966,-0.040829672695798284,539865726,86.17592366333585,87.23716846529199,228.39500096639,214.32499821980792,221.35999959309893,15968723.572506592,4.465040596478549
2021-06-08,238.0,241.5,232.75,236.10000610351562,219.71139526367188,6685280,5.464255469942867,-0.005490986522861618,227.77000122070314,218.00800048828125,66.47442072687413,1.8958712836902172,23.73091029236435,237.47026228357063,206.65973802160514,0.13049776986645625,224.31872165349074,221.19154420342838,0.029488237697254283,0.019441638854755416,-0.076653218524336,533180446,80.78294404424071,83.46802534649588,229.2966682434082,215.08166427612304,222.1891662597656,12445937.006065918,3.706056659805274
2021-06-09,237.0,241.10000610351562,233.0500030517578,235.5500030517578,219.1995391845703,5539647,5.461923218101931,-0.00233225184093655,229.11500091552733,218.2840005493164,65.5824534110157,1.747459490780515,25.643464977639862,239.12304311709678,206.1619574932548,0.1399324355627344,225.38836750094472,221.6946660409442,-0.005475938611589015,0.01934482573696705,-0.1228495703538394,527640799,77.96297426576967,81.64061399111542,229.8808354695638,215.91083119710282,222.89583333333331,10232685.6115335,3.4175346837032183
2021-06-10,236.0,241.4499969482422,236.0,240.8000030517578,224.0851287841797,4525461,5.483966726108079,0.022043508006148294,230.8750015258789,218.7190005493164,69.75437240795115,1.8686783721316833,27.45643116497225,241.87379602331487,205.35120550256403,0.1516718856224459,226.85614231530786,222.21356620652753,-0.002329534254720267,0.01950970555763604,-0.0695130729657088,532166260,97.30770404522235,85.35120745174426,230.66916834513344,216.81916529337565,223.74416681925453,12164969.131314429,2.2632877405199863
2021-06-11,242.4499969482422,243.0,237.75,238.75,222.1774444580078,4662661,5.47541697936084,-0.008549746747239517,232.39000091552734,218.9970004272461,66.37126385077676,1.6824138058003886,29.30631284959358,243.0762628679275,207.2187383527756,0.15018858435665722,227.98889066623093,224.85845679290057,0.022288261226837802,0.012731149196255823,0.028453487931729998,527503599,83.0,86.09022610366402,231.2741683959961,218.9441650390625,225.1091667175293,9061620.786939207,2.1989528795811517
2021-06-14,239.0,239.5,233.0500030517578,237.39999389648438,220.921142578125,2084657,5.469746456465729,-0.005670522895110608,233.925,219.28600036621094,64.16425751985437,1.3540264762962764,29.551241899287593,243.8375537699849,209.1574474507182,0.14608301268275764,228.88518621196937,226.19103363770887,-0.008513301602065093,0.012990401312645318,0.007144836373367925,525418942,77.14283223054846,85.81684542525697,232.66416778564454,220.25416564941406,226.45916671752929,7365060.721128382,2.716932230021302
2021-06-15,238.0,240.8000030517578,234.6999969482422,235.1999969482422,218.8738250732422,3593627,5.460436203049311,-0.00931025341641778,235.26499938964844,219.51600036621093,60.62627712917926,0.8964434284501124,29.96369481354358,244.3477087278226,210.71729218770471,0.14298646673672602,229.48659675828105,227.46826604365404,-0.005654475826243455,0.01302593966653176,-0.02085118526018092,521825315,68.16325284996812,76.10202836017221,233.8375012715657,221.32249883015953,227.58000005086265,5183485.127664224,2.593540043649739
2021-06-16,235.1999969482422,238.25,232.3000030517578,233.0,216.82656860351562,2415125,5.4510384535657,-0.009397749483611051,235.56999969482422,219.4550003051758,57.228024318842735,0.3798270908670469,29.659269430527562,244.4782301142163,212.29177110648683,0.1381393090460492,229.82120659082574,228.25466695067516,-0.009267047197993872,0.013384977378847442,-0.038970505645796044,519410190,59.183673469387756,68.16325284996813,234.80833435058594,222.20833282470704,228.5083335876465,3683949.019480276,2.5536467589022265
2021-06-17,232.0,234.60000610351562,228.60000610351562,229.89999389648438,213.94174194335938,3884976,5.437644405220568,-0.013394048345132248,235.46999969482422,219.61800018310547,52.741858067409034,-0.2050104714493326,28.42841420385656,243.86118997851017,214.4988106318414,0.12771805187558896,229.8287101437456,229.00302486261268,-0.009353728642804038,0.013633983172568882,-0.02262693245830462,515525214,46.530587332589285,57.95917121731507,235.6433344523112,222.94833323160805,229.29583384195962,1437177.8292671342,2.6098304303137922
2021-06-18,230.9499969482422,232.64999389648438,220.0,227.1999969482422,211.42916870117188,4940545,5.425830673414963,-0.011813731805604633,235.12999877929687,219.70700012207033,49.12947233462375,-0.7759547142199201,27.189100724881374,243.36050324909337,215.98449644573083,0.12049298930932202,229.57835650607862,229.79640698580755,-0.013304747225388991,0.013743233475380888,-0.03663322538460527,510584669,35.51019162547831,47.07481747581846,236.5341672261556,223.02416661580406,229.77916692097983,-673769.9210071987,5.5677790785209105
2021-06-21,225.0,226.75,222.14999389648438,226.10000610351562,210.405517578125,2529035,5.420977406278685,-0.004853267136278205,234.0,219.71500030517578,47.69618643133728,-1.2043838434372898,26.03830963726156,242.92993594225268,217.13006466809887,0.1141082290035049,229.24708503916784,230.20369780067628,-0.011744223662128017,0.013777871053812901,-0.033781486241194106,508055634,31.02043307557398,37.68707067788054,236.831667582194,223.3866663614909,230.10916697184248,-974933.5531480336,2.0345006542855195
2021-06-22,227.5,230.3000030517578,224.25,224.8000030517578,209.19573974609375,2713286,5.415211131594971,-0.005766274683714379,232.86999969482423,219.72500030517577,45.98860679323561,-1.5310475749436865,24.24783728722014,242.45302695548625,218.18697396004112,0.1079450741371126,228.82355342131928,230.56890646026528,-0.004841509064708038,0.013875904758720069,-0.042551739895273846,505342348,20.86957848590353,29.133401062318626,237.3400011698405,223.58999964396156,230.46500040690103,-1339554.4855971357,2.691282459798216
2021-06-23,226.10000610351562,231.64999389648438,223.5500030517578,224.14999389648438,208.5908660888672,5642837,5.412315443371845,-0.002895688223126136,231.72999877929686,219.73800018310547,45.118816030365174,-1.7318318150046839,22.70552308557339,242.30814001744065,218.53685967738355,0.1060507739787627,228.37845251419216,230.92055703900297,-0.005749681630537573,0.013571251246000917,-0.1089145768130089,499699511,18.04345172384511,23.311154428440886,237.69916712443032,223.71416651407876,230.70666681925454,-1672174.6607569302,3.613647586565295
2021-06-24,226.0,226.5,219.0,219.85000610351562,204.58935546875,6708299,5.392945523389001,-0.019369919982843875,229.63499908447267,220.06500030517577,39.76136450284595,-2.072177701496595,21.739804928422824,242.62750340810697,217.88249720224456,0.11255403920348907,227.56621952269916,230.8276720868525,-0.0028914997617850435,0.014216545242521885,-0.20042447974652372,492991212,3.541692097981771,14.151574102576818,237.79500020345054,223.59500020345052,230.69500020345055,-5554093.11087515,3.41141678043377
2021-06-25,220.4499969482422,224.35000610351562,219.25,221.25,205.8921661376953,4482718,5.3992932838880385,0.006347760499037847,227.88499908447267,220.18100036621092,42.169075166481605,-2.113674203083675,20.843066639640153,242.80177353935446,217.47322646064552,0.11447930883032288,226.9646748062516,230.75214364731366,-0.01918352848563787,0.014294708272289873,-0.18592661986628983,497473930,9.375,10.320047940608974,237.5491673787435,223.53416646321617,230.54166692097982,-3864111.5465128943,2.3050875044138417
2021-06-28,222.0500030517578,231.0,221.35000610351562,229.0500030517578,213.15074157714844,5205547,5.433940333656295,0.03464704976825672,227.05,220.5940005493164,53.3553258497616,-1.552431260941841,19.97362119051607,242.6138693175045,218.3611306824955,0.10588403541530916,227.16327749629983,230.78577307645307,0.006367950227962105,0.016262215343877787,-0.13858121699259016,502679477,41.875012715657554,18.263901604546458,238.07750091552734,223.4625,230.77000045776367,2488373.315284479,4.213051197516811
2021-06-29,231.5,236.0,224.85000610351562,226.4499969482422,210.73123168945312,10736632,5.422524156525704,-0.01141617713059162,226.175,220.94800048828125,49.89105845748848,-1.3029901780148607,19.9291186036339,242.33887975813445,219.101119631514,0.10261762172569922,227.0953460155324,230.99932114169184,0.03525425108139135,0.01651376676401813,-0.17567805206291692,491942845,31.041653951009113,27.43055555555557,238.54000040690102,223.58500010172529,231.0625002543132,-1855009.834213471,4.923821614814523
2021-06-30,228.5500030517578,228.5500030517578,223.8000030517578,225.0,209.38186645507812,3204644,5.41610040220442,-0.0064237543212835035,225.375,221.3770004272461,48.01856540696482,-1.1856958977448426,19.66815170952304,242.3543535615226,218.59064613330162,0.10561647745875992,226.89578925214838,231.1494360187752,-0.011351259851012152,0.014289707735406288,-0.2538736911676513,488738201,25.0,32.63888888888891,238.0841672261556,223.9541669209798,231.01916707356767,-2253826.146497638,2.111111111111111
2021-07-01,226.10000610351562,228.60000610351562,224.5,227.85000610351562,212.03407287597656,2976390,5.42868754449732,0.012587142292900033,225.1700012207031,221.89000061035156,51.84424894953538,-0.880258843298003,19.4337168565686,242.25416854285058,218.3858323726768,0.10475459965241367,226.9866670475167,231.0404792426283,-0.006403166119598569,0.014575361257175323,-0.2436912821867633,491714591,40.5963525899691,32.212668846992756,237.87833429972335,223.7733339945475,230.8258341471354,-720032.4589347083,1.799432079739744
2021-07-02,228.9499969482422,230.5500030517578,226.14999389648438,227.4499969482422,211.6618194580078,3512190,5.426930420598744,-0.001757123898576296,225.19500122070312,222.36400054931642,51.273867122608735,-0.6783111512589767,19.52963445154875,242.1607017695539,218.1642982304461,0.10550188551802157,227.03079370472864,230.91157066332093,0.012666693793402795,0.014576928561837782,-0.23528555494146733,488202401,38.76144846484704,34.78593368493873,237.6875010172526,223.62250010172525,230.6550005594889,-817871.8440954378,1.9344951480806967
2021-07-05,228.5,229.89999389648438,227.25,228.8000030517578,212.91810607910156,1953733,5.432848272843745,0.005917852245000965,225.46500091552736,222.9040005493164,53.14735003305881,-0.4385871245913414,19.618700789744597,241.26992925642145,218.1950716591059,0.10085164899274797,227.19928983301713,230.17595060604947,-0.0017555810601633803,0.012870820605934944,-0.28945669435153587,490156134,50.909106762378244,43.42230260573148,236.90083389282228,223.63083419799804,230.26583404541014,-324239.94141896215,1.1582141001479396
2021-07-06,229.10000610351562,233.5,228.8000030517578,229.9499969482422,213.98826599121094,5441343,5.437861880714536,0.00501360787079097,225.9800003051758,223.50000061035155,54.7436404042242,-0.1995170358445575,20.273315279097623,240.5889810315558,218.26101896844423,0.09709920573792048,227.46126193922905,229.70278598324964,0.005935397325254055,0.012925584567199899,-0.30758141340113665,495597477,64.41174675436581,51.360767327197046,236.39666697184248,223.531667582194,229.96416727701822,616010.2271663151,2.0439212918537573
2021-07-07,230.60000610351562,231.5,227.5,231.10000610351562,215.05845642089844,2480384,5.442850543691047,0.004988662976511016,226.6750015258789,224.01200073242188,56.345403056471284,0.027066441648759265,20.53330145025311,240.0419855812002,218.3630147239756,0.09380774679648449,227.80780900249442,229.25826703128556,0.0050261970329792405,0.012996811284334924,-0.2700373514218226,498077861,71.17650649126838,62.1657866693375,235.8675000508626,223.40750096639,229.63750050862632,935503.6673702344,1.7308523991160334
2021-07-08,231.0,231.25,225.60000610351562,226.89999389648438,211.14999389648438,3071909,5.4245093648862115,-0.018341178804835323,227.38000030517577,224.29500061035156,49.46031689612903,-0.10754188179979329,20.27748710227557,237.9796818153581,219.03531757429033,0.08349213199939756,227.72135042096966,228.64916698372983,0.00500112707343181,0.012333927916518328,-0.336875618076919,495005952,46.47055233226103,60.68626852596509,235.30249989827476,222.82250111897787,229.06250050862633,-1041290.4706668218,2.490081114352959
2021-07-09,225.10000610351562,229.4499969482422,223.0,228.1999969482422,212.35975646972656,2940711,5.430222424054803,0.005713059168591883,228.075,224.69800048828125,51.43830304701411,-0.1102386034062901,19.40122565819507,236.20474011979672,219.75525896467593,0.07208361689352556,227.76693580451942,227.9370234886329,-0.01817400301214167,0.012403551354338032,-0.2858659528860523,497946663,54.11762910730698,57.254895976945484,234.71499964396156,222.11500116984053,228.41500040690107,-346401.36423759465,2.826466710998732
2021-07-12,229.89999389648438,232.75,228.6999969482422,229.8000030517578,213.84866333007812,3265628,5.437209378694716,0.0069869546399123905,228.15,224.9670004272461,53.83317706141488,-0.010717571950387805,19.2092811015072,234.66993513321665,220.53006486678333,0.06153120138666229,227.96056125663736,227.8138162977295,0.005729409813694852,0.012539665379436848,-0.3088930056205844,501212291,63.529429716222424,54.705870385263495,234.28333333333336,221.92333424886064,228.103333791097,449516.64948370785,1.7624033933740335
2021-07-13,231.64999389648438,237.5,229.8000030517578,235.75,219.3856658935547,7879903,5.462771921513567,0.025562542818851064,229.0800003051758,225.25600036621094,61.44735151160753,0.4252851907715631,19.791994041632957,234.81870777242918,220.4362925327466,0.06100706358295901,228.70241256552904,228.03306345810313,0.007011420354569697,0.013802028394110093,-0.20856675333487218,509092194,90.54054054054055,69.39586645469,234.23583297729493,221.7158348083496,227.97583389282227,7083214.099906672,3.2661704976637065
2021-07-14,236.6999969482422,241.0,235.75,240.4499969482422,223.75942993164062,7246560,5.482512155031811,0.019740233518244388,230.625,225.7120004272461,66.19079096021623,0.9685908078861889,20.81115211634124,236.84697554982483,219.15302445017517,0.07358682189319536,229.82123012578742,228.74104494267755,0.0258920664457174,0.014279895838569881,-0.11406089657234815,516338754,97.47125033674568,83.84707353116956,234.4283330281575,221.97833455403642,228.20333379109698,10936870.640670564,2.1834061412486037
2021-07-15,237.14999389648438,237.14999389648438,230.5,231.14999389648438,218.2823028564453,6258720,5.443066824029235,-0.03944533100257619,230.9549987792969,226.04300018310548,52.44139605934784,0.6550158892890536,20.516810425690572,236.9796659358476,219.1453340641524,0.07715480139567704,229.94777905632998,228.9270375582616,0.019936360331886283,0.0166163147289894,-0.14156320077533893,510080034,49.87272690564086,79.29483926097572,234.55583241780602,222.04083455403648,228.29833348592123,1059301.2491322476,2.8769171845457344
2021-07-16,232.25,232.39999389648438,228.14999389648438,230.85000610351562,217.99900817871094,3225005,5.441768175392312,-0.0012986486369230832,231.2949996948242,226.38800018310548,52.06569462178513,0.3936700012646781,19.75350525477536,237.23320819967046,219.25679271585688,0.07787054368000651,230.03370544177622,229.10609988753055,-0.03867749290826428,0.016376859910143208,-0.14214986436795884,506855029,43.61114501953125,63.651707420639276,234.32833277384438,222.6533342997233,228.49083353678384,769763.6232186147,1.8410222601832005
2021-07-19,229.5500030517578,229.5500030517578,222.8000030517578,225.35000610351562,212.80519104003906,5981959,5.417654776221261,-0.02411339917105071,230.95,226.60900024414062,45.613521593016266,-0.15398944337749998,18.628611347375273,237.23735381858563,219.1776470969417,0.08014069772577732,229.58763883813236,229.0134588697458,-0.001297805757689452,0.01725522251017711,-0.17149549742248213,500873070,14.01100812824092,35.831626684471026,234.48083267211913,222.5908348083496,228.53583374023438,-4040313.2515269015,2.9953405001903373
2021-07-20,226.0,227.75,220.25,221.6999969482422,209.3583526611328,5642151,5.401325102857007,-0.01632967336425395,230.125,226.62100006103515,41.902368595690724,-0.7339823985551013,18.00050860610247,237.4114244503066,218.69357585486918,0.0844287273481888,228.836434848619,228.75127132754744,-0.023824993955312013,0.01759250759265179,-0.1790399341317912,495230919,6.987937099962349,21.536696749244857,234.39249903361005,222.35750147501625,228.37500025431314,-6405111.759228084,3.3829499789081825
2021-07-22,223.5,226.89999389648438,222.64999389648438,226.4499969482422,213.84393310546875,3759724,5.422524156525704,0.021199053668696344,229.65999908447264,226.67,47.84889202941217,-0.7660953279365247,17.417270346349156,237.38727558216874,218.94772502818284,0.0814287957716355,228.60915504858315,228.75267997335877,-0.016197067035342294,0.01824993335559978,-0.10158915093515333,498990643,29.87950336502259,16.95948286440864,234.14416605631513,222.494167582194,228.31916681925455,-2938854.507909787,1.876794019551869
2021-07-23,226.75,227.85000610351562,224.1999969482422,226.8000030517578,214.17446899414062,3074785,5.424068585309319,0.0015444287836157145,229.65,226.77800018310546,48.269058873586914,-0.732175503594714,16.675080796825167,236.9446560987778,220.085344206398,0.07433558935416934,228.4368548584093,229.1767591804262,0.02142534986641853,0.017641606368709876,-0.035265754395566104,502065428,31.56627976750753,22.811240077497512,234.17666651407876,222.91166712443032,228.54416681925454,-2365276.2186372047,1.609351457742473
2021-07-26,226.0,226.10000610351562,221.6999969482422,222.25,209.87774658203125,2936002,5.403802874394014,-0.02026571091530549,229.05500030517578,227.06200012207032,43.376525929598195,-0.9696841226261169,16.434633721575295,236.83198867986306,220.2980116253127,0.07439359754578334,227.84763058617983,229.3615995315465,0.0015456220279641553,0.018253259868555437,-0.04947023095498944,499129426,9.63855421686747,23.69477911646588,234.22833328247071,223.0333335876465,228.6308334350586,-3935782.195970039,1.9797566502917603
2021-07-27,223.5,225.35000610351562,221.14999389648438,221.75,209.4055938720703,2417871,5.401550621189688,-0.0022522532043254273,228.25,227.28900024414062,42.862382564827044,-1.1041963977671434,16.308930600302322,236.9779267892856,219.4220732107144,0.07916957645353417,227.2669038636865,229.31175458834335,-0.020061741580838732,0.016304868560831368,-0.10590606106742863,496711555,7.228915662650603,16.144583215675222,233.7366673787435,223.0866658528646,228.41166661580405,-3546232.6679743193,1.8940303075676437
2021-07-28,222.5,224.1999969482422,220.0,220.89999389648438,208.6029052734375,3634879,5.397710082795851,-0.003840538393837356,226.76499938964844,227.4170001220703,41.95201040016963,-1.1869210890963384,16.401034181852413,237.23858749541938,218.60641219940482,0.08434665373845941,226.66053148585772,228.9978746353553,-0.0022497187851518996,0.016151524941052677,-0.04625447913622583,493076676,4.285685221354167,7.051051700290766,233.01916732788087,223.06416549682618,228.04166641235352,-3481009.334769527,1.901311482249448
2021-07-29,222.0,223.1999969482422,215.60000610351562,216.3000030517578,204.2589874267578,5460444,5.376666347067926,-0.021043735727925394,224.35,227.42400024414061,37.3310478489698,-1.4694597934534452,17.214729455339853,238.03931855784754,216.9356814421525,0.09756651325911088,225.6738144921339,228.42368652098634,-0.003833172958356834,0.01671216502940545,-0.07950082126249523,487616232,2.755894159246528,4.756831681083785,232.79083353678385,222.55083262125655,227.6708330790202,-6572006.916679893,3.5136341828474147
2021-07-30,216.89999389648438,225.5,216.0500030517578,223.4499969482422,211.01095581054688,5767529,5.409187661722008,0.03252131465408237,223.5800003051758,227.61300018310547,47.08710966990467,-1.1092211321925385,17.375976980984813,237.9624178736517,216.57258121082094,0.09572538355319511,225.4620223450966,228.02015318535564,-0.020823861348235995,0.018199155486225773,-0.060889848880211525,493383761,30.905483193100622,12.649020857900458,232.79249954223633,222.01749954223632,227.40499954223634,257965.09253103845,4.229132726473519
2021-08-02,224.85000610351562,229.75,224.0,228.60000610351562,215.87423706054688,3693403,5.431973778060254,0.022786116338245677,223.3550003051758,227.83800018310546,52.78822061873452,-0.4900925912410409,16.546849859603412,238.03557919029606,216.61442080970392,0.09370585218135176,225.76087794113653,227.99448790408292,0.03305591213872283,0.018960971581602294,-0.01835210718445989,497077164,51.18111466081626,28.280830671054492,232.8299992879232,221.92000020345054,227.37499974568686,2938407.1170429443,2.5153105190190854
2021-08-03,229.0,230.35000610351562,225.10000610351562,229.5500030517578,216.77137756347656,4749916,5.436120883989754,0.004147105929500405,223.775,228.0500003051758,53.777569971008106,-0.008070577315462013,15.647451890935715,238.09869497341262,216.6263050265874,0.0935412313716403,226.12174699929093,227.9981854437197,0.023047702956408456,0.018937903938714522,0.015628518348175597,501827080,54.921261025078486,45.66928629299847,232.9441665649414,221.7741668701172,227.3591667175293,3163264.058094915,2.2870833936849286
2021-08-04,231.25,231.9499969482422,224.60000610351562,225.4499969482422,212.8996124267578,4521311,5.418098391330798,-0.0180224926589565,224.15,228.17900024414064,49.004655803981294,0.040486328634508406,14.595610582066854,237.83590586257105,216.43909413742892,0.09490712803182834,226.05777080395296,227.79389256324714,0.004155717072955811,0.019326976128106327,0.007872176504426565,497305769,45.70764001982582,50.60333856857354,232.90583292643228,221.47083384195966,227.188333384196,63168.80752530834,3.26014235716044
2021-08-05,226.25,231.5,221.0,222.39999389648438,210.01937866210938,6421297,5.404477534932561,-0.013620856398236292,223.74499969482423,228.185,45.75161624108542,-0.11827326549432016,14.223049656608493,237.42851858450172,215.97648019479516,0.09645700979511432,225.70941109847976,227.53604347261742,-0.017861058806395103,0.019477289982583777,-0.06525798508298024,490884472,40.47614722562316,47.03501609017584,232.97749938964844,220.8925003051758,226.93499984741212,-2743708.9430130622,4.721223151151346
2021-08-06,223.39999389648438,225.5,221.6999969482422,223.35000610351562,210.91651916503906,2720819,5.408740075125262,0.004262540192701003,223.4,228.18800018310546,46.933263833993614,-0.1431111874752644,13.877100225825732,237.34911682613074,215.70088317386927,0.09692515361843419,225.48470586086412,227.40388826955976,-0.013528512277860116,0.0191237620900158,-0.05131240124251475,493605291,47.40063816304608,44.528141802831705,232.66499989827474,220.7649998982747,226.7149998982747,-1982491.7707079737,1.7013668895968743
2021-08-09,223.89999389648438,227.6999969482422,222.25,222.9499969482422,210.53878784179688,4446029,5.406947517385404,-0.0017925577398587578,223.46999969482422,228.175,46.474236168992554,-0.1685365850364018,13.028781871532084,237.16575118826574,215.35924881173423,0.09780893776640817,225.24330501204298,227.27210889101107,0.004271637738773704,0.019066314536917726,-0.10531218826927714,489159262,44.95409761710777,44.27696100192569,232.48583323160807,220.68583323160806,226.58583323160806,-1953343.2755512928,2.4444929458812252
2021-08-10,224.0,224.0,213.5,215.35000610351562,203.36187744140625,5656370,5.372264639842426,-0.03468287754297794,222.8300003051758,228.04100006103516,38.724725615883976,-0.6520992415384588,13.81031312787066,237.29187580698027,213.7881244981955,0.10914209724928856,224.3010860683737,226.59266056797625,-0.0017909520677964474,0.020331412588685878,-0.12541481654159636,483502892,10.027135010945806,34.127290263699905,232.1683331807454,219.72333348592124,225.94583333333335,-7815488.552527677,4.875783469888923
2021-08-11,216.4499969482422,218.75,210.14999389648438,213.5,201.6148223876953,4187893,5.363636832668679,-0.008627807173746227,222.09000091552736,227.875,37.10286246958102,-1.0290274435989035,14.995517121740988,236.31444499785135,212.54055530732444,0.11135311330457572,223.27241120471908,225.35843250236644,-0.03408832002133155,0.019177691761106883,-0.1873562500286772,479314999,15.366998323633272,23.449410317228967,231.2025001525879,218.66749954223633,224.93499984741212,-7805794.132290918,4.028105903286007
2021-08-12,215.39999389648438,225.0,213.0500030517578,224.5,212.00250244140625,8200307,5.413875707182309,0.05023887451362974,222.91000061035157,227.76600006103516,50.403708529652064,-0.49695730500778623,14.742682121966734,232.97946041044776,214.28054019990378,0.08329140405587517,223.38932442331725,223.88890548658006,-0.00859069445591909,0.022356421592688715,-0.16617653507156613,487515306,65.82570685630492,30.406613396961347,230.62666676839194,217.42166646321616,224.02416661580406,6195516.029464925,5.32293850701211
2021-08-13,224.6999969482422,226.75,223.5,225.10000610351562,212.569091796875,3922910,5.416544775027371,0.0026690678450620453,223.07500152587892,227.65000030517578,51.012240818270726,-0.08560726055907542,14.173746421388916,232.0549577858813,214.60004404517338,0.07754292877575943,223.55224648809804,223.31613656995037,0.051522248243559776,0.02075661439166037,-0.11544996999069229,491438216,68.57802804677029,49.92357774223617,230.06583404541016,217.20083312988282,223.6333335876465,5646695.160047433,1.4438027151831523
2021-08-16,224.85000610351562,227.4499969482422,224.0,225.9499969482422,213.3717803955078,3136047,5.420313722350947,0.003768947323576022,222.81000061035155,227.55700012207032,51.91238265101674,0.24466267700185873,13.509994729856752,231.20569458041828,214.95930633510906,0.07190258227368217,223.78060367477843,223.1470819434537,0.002672632977797962,0.02078534689527854,-0.12069608207536117,494574263,72.47706807308819,68.96026765872115,229.79250055948896,217.00749994913735,223.40000025431314,5220826.028416687,1.5268851492980855
2021-08-17,225.64999389648438,227.0,220.5,222.14999389648438,209.78330993652344,3013321,5.403352801907167,-0.016960920443779948,222.06999969482422,227.2520001220703,47.693147447537335,0.20949049550499965,13.486676453119573,230.98658561702922,214.85841407779498,0.07260036904052096,223.62530750541708,222.96098267008443,0.003776058736914001,0.020434123799827952,-0.1250404666804944,491560942,55.04586385382362,65.36698665789406,229.64583358764648,216.8858329772949,223.2658332824707,2839189.596367745,2.925951014443339
2021-08-18,222.5,223.0,219.25,220.25,207.98907470703125,2256555,5.394763264816289,-0.008589537090878174,221.55,226.935,45.69342628811003,0.06788673175330362,13.666439567972864,230.98252745506772,214.71747254493226,0.0738481494217274,223.3038496477583,222.88551242843658,-0.016817893795450067,0.02019552445112875,-0.10141353748002532,489304387,46.33029674140906,57.951076222773644,229.33833363850908,216.95333302815757,223.14583333333334,1821099.550160739,1.70261066969353
2021-08-20,219.0,219.0,210.0,211.5500030517578,199.77340698242188,3941166,5.354461391591781,-0.04030187322450818,220.46500091552736,226.455,37.864573823924204,-0.5671182188582415,15.067030499783304,231.42508052086413,212.78492008948746,0.08811231464183042,222.18443568623445,222.33741461038326,-0.008552752413622522,0.02133488325221114,-0.16710837775418053,485363221,7.061518301859904,36.14589296569754,228.98500061035156,216.125,222.55500030517578,-3337362.1245073476,4.254313339715746
2021-08-23,213.6999969482422,214.14999389648438,204.25,205.35000610351562,193.91856384277344,4079880,5.324715870125068,-0.02974552146671261,218.66500091552734,225.74600006103515,33.46426879264466,-1.317252729135999,16.944251529337418,232.60834718780987,209.45665372771745,0.11274259932781203,220.58115667835648,221.50410685622055,-0.0395005536810088,0.022077526082857575,-0.21772844150411128,481283341,3.9711416054341124,19.120985549567706,228.37916641235353,214.89416732788087,221.63666687011718,-6474202.32803406,4.821034137926372
2021-08-24,206.5,209.5,203.35000610351562,209.0,197.36537170410156,3208791,5.342334251964811,0.017618381839742625,217.27000122070314,225.15100006103515,38.03006082314146,-1.46861923665666,18.771120653527866,233.05480849508416,207.68519242044317,0.12138572284517218,219.47818937565586,220.90657664019616,-0.029307477470115195,0.022313999621796008,-0.1598092273314946,484492132,19.75522973821565,10.262629881836569,227.66333236694337,214.00333480834962,220.83333358764648,-3876163.77187291,2.942580811715012
2021-08-25,209.0,210.6999969482422,205.89999389648438,207.5,195.9488525390625,3336327,5.335131339670753,-0.007202912294057562,216.48500061035156,224.55300018310547,36.90913001800175,-1.5620679765049394,20.183484699156576,233.5001964579265,205.81480445760081,0.13342357590518406,218.3374094351172,220.3576053844972,0.017774501037240986,0.022334407342433447,-0.15098843180378155,481155805,14.742432668884748,12.82293467084485,226.95749842325844,213.23750178019208,220.09750010172525,-4037353.3044624943,2.313254482774849
2021-08-26,208.8000030517578,210.0,206.10000610351562,208.85000610351562,197.2237091064453,2845221,5.341616320167582,0.006484980496828996,216.02000122070314,224.02600036621095,38.66145405162918,-1.4288752439854457,21.494965598668948,233.65705021709385,204.45295191913664,0.1398328821857076,217.4338472130599,219.9001951600432,-0.0071770334928229484,0.02243548080429396,-0.1144651947231437,484001026,22.587277486353248,19.028313297817895,226.27333196004233,212.5833356221517,219.42833379109697,-2911864.872989163,1.867365948053341
2021-08-27,209.4499969482422,212.10000610351562,207.25,208.9499969482422,197.31814575195312,3047268,5.3420949742887185,0.00047865412113612393,214.46500091552736,223.5450003051758,38.79704462088156,-1.2371265683295523,22.182445643362282,233.90537946828056,203.46962205759837,0.14566048267625126,216.62586147355344,219.6173217135899,0.006506053510918708,0.022024820007158885,-0.07517219281863585,487048294,22.99791766015938,20.10920927179914,225.68916600545248,212.27416814168296,218.98166707356768,-2452355.762358108,2.321132411749684
2021-08-30,210.0,214.25,209.75,212.4499969482422,200.62330627441406,2206254,5.358706652196227,0.016611677907508948,213.2,223.19600036621094,43.50466151553417,-0.7989276414180906,22.298314594862156,233.42209591868837,202.85290560719054,0.14388887150205612,216.22816009019047,219.2618237694158,0.000478768694299303,0.020954222643925578,-0.11401663552096239,489254548,37.75931245516542,27.781502533892695,224.9658327738444,212.04583460489908,218.50583368937177,-998892.2248783787,2.118145476413589
2021-08-31,212.25,215.9499969482422,211.3000030517578,212.9499969482422,201.095458984375,3204602,5.361057382038357,0.002350729842129695,211.9,222.91100036621094,44.16538371383824,-0.41886165714418055,22.004856888881847,232.0062410981846,202.70375951216698,0.13760263914509296,215.91595407667157,218.6420305709814,0.016750419005112427,0.02013076842653369,-0.15449782866194706,492459150,39.83400203999324,33.53041071843936,224.2083323160807,211.39833475748702,217.80333353678384,-627293.1927528961,2.183608341452366
2021-09-01,213.6999969482422,219.5,213.39999389648438,218.6999969482422,206.52536010742188,3092795,5.38770091372864,0.026643531690282884,211.55500030517578,222.76300018310548,51.22933199493764,0.24084144346817027,20.9510381055889,230.3808387062089,203.2441612937911,0.12408174572969922,216.18110101682117,217.99004908326341,0.002353494973792891,0.02119879944003993,-0.17098395611054995,495551945,63.692932265513164,47.095415586890624,223.69416554768878,210.7991673787435,217.24666646321617,2002830.2990689464,2.7892117917858315
2021-09-02,219.5,222.35000610351562,218.75,221.64999389648438,209.3111572265625,2940214,5.401099533654334,0.013398619925694355,211.69499969482422,222.7,54.415711917718184,0.8619943646760819,19.50415483958241,229.80257624127265,203.44242345355158,0.11892692764986881,216.70194795774148,217.54663741765881,0.027001643965261612,0.021139211898392893,-0.10505006874053549,498492159,75.93358815309699,59.820174152867814,223.18583297729492,210.66583328247071,216.92583312988282,2955800.5887989476,1.6241850677410397
2021-09-03,222.5,224.5,219.8000030517578,223.0500030517578,210.63320922851562,2217660,5.407395975256218,0.0062964416018838065,212.84499969482422,222.67800018310547,55.888645745530376,1.3255416583243602,18.563324533893844,229.8949723829387,203.41502822741285,0.11871752429154327,217.30652463336207,217.03349224912782,0.013488783673555993,0.020967344864878914,-0.03364825184764904,500709819,81.74275697931579,73.789759132642,222.7699996948242,210.8300003051758,216.8,2977078.2622967684,2.1071494660108
2021-09-06,223.39999389648438,224.5500030517578,220.64999389648438,221.6999969482422,209.3583526611328,1224274,5.401325102857007,-0.0060708723992108915,214.47999877929686,222.715,54.07418497973685,1.4874841559903125,17.699196515475812,229.66430694252188,203.48069275230233,0.11810380943005759,217.72495056811258,216.8739813975918,0.006316305859801918,0.020992898936139565,-0.03731700550349552,499485545,77.58983332107468,78.42205948449583,222.71416651407876,210.76416651407877,216.73916651407882,2315670.3144864463,1.7591381186098658
2021-09-07,221.5,221.85000610351562,217.25,218.25,206.10040283203125,1529838,5.385641194719711,-0.015683908137296143,215.40499877929688,222.655,49.6389724008445,1.3144905302379901,16.689380173178005,229.12823183209622,203.5467681679038,0.11721174645678088,217.77495527591137,216.43403564724102,-0.006052481887670602,0.021273098239606672,-0.002662750444514818,497955707,70.28300019505342,76.53853016514798,222.41250050862632,210.54749959309896,216.48000005086266,1230869.350801964,2.107677481565006
2021-09-08,218.0,218.25,214.0,214.8000030517578,202.84249877929688,2092709,5.369707376842148,-0.015933817877563428,216.13499908447267,222.37,45.61021376871582,0.9376380530258874,16.360525960783363,229.11146641578162,203.5085332790426,0.11919428665263927,217.49162649265867,216.30432637432494,-0.015561556137718924,0.02013192902004893,0.03421956614840175,495862998,54.00942734188258,67.29408695267024,222.00333379109702,210.7633328755697,216.38333333333335,23625.20589326066,1.9785847018707572
2021-09-09,214.85000610351562,217.39999389648438,213.0500030517578,214.9499969482422,202.984130859375,2610370,5.370405428744767,0.0006980519026189569,216.7449981689453,222.14,45.81611463324556,0.6803719653836156,16.22514794543866,229.1358217380505,203.62917765159793,0.11866315165658889,217.24956653604758,216.4015008051802,-0.015807546154603336,0.020028647455144363,0.044671955134929664,498473368,54.716945823373734,59.66979112010326,221.84083302815756,211.02583363850914,216.43333333333334,76184.400417926,2.0237222174857705
2021-09-13,214.9499969482422,216.0500030517578,213.39999389648438,214.89999389648438,202.93690490722656,2200392,5.370172775246809,-0.00023265349795753565,217.33999786376953,221.93799987792968,45.75393089350618,0.497232580034894,16.099439788332862,228.10849891504097,203.69649986425588,0.11359702067997336,217.02579771323204,215.68786495511713,0.000698295597548082,0.0160394815449311,-0.07929656675942559,496272976,54.48108233773319,54.40248516766318,221.07250010172524,211.18749949137373,216.12999979654947,49582.86963486849,1.2331359844290763
2021-09-14,215.9499969482422,221.89999389648438,215.3000030517578,221.0500030517578,208.74453735351562,3898100,5.398388934077987,0.028216158831178006,218.1999984741211,221.80199981689452,54.01987820241534,0.7646918458784207,15.24080882683589,227.41336476566295,203.98663370845816,0.10597932926388394,217.40905536452019,215.28750132632024,-0.0002326264362304542,0.017431218537467697,-0.02665159846731811,500171076,81.2332531804128,63.477093780506586,220.95499954223632,210.7349998474121,215.84499969482422,3467263.9865686568,2.9857456474140855
2021-09-15,222.14999389648438,224.9499969482422,221.4499969482422,222.39999389648438,210.01937866210938,3931223,5.404477534932561,0.006088600854574189,219.1449981689453,221.70099975585939,55.618572304679056,0.9924881178126073,15.014768906570456,226.7047350800771,204.3402630888682,0.10055967897921082,217.88438284375485,215.23633422976874,0.028618005257998513,0.01747091094263849,-0.06506771379436843,504102299,86.47212578105206,74.06215376639936,220.8141662597656,210.58916625976562,215.70166625976563,3730099.853998633,1.5737410503837819
2021-09-16,223.10000610351562,225.64999389648438,221.60000610351562,221.9499969482422,209.5944366455078,3199698,5.402452117530291,-0.0020254174022706906,219.46999816894532,221.56399963378905,54.93293960203407,1.066349839546258,14.931682649873837,226.67134371732385,204.35365475679725,0.10055277885735221,218.27158418703937,215.25398827257922,0.00610717406056982,0.017058474869719793,-0.08523938172776856,500902601,79.89131426315781,82.53223107487423,220.6841657002767,210.70416692097984,215.69416631062828,2991534.9698135955,1.8247298259315543
2021-09-17,223.0,228.3000030517578,219.5,223.60000610351562,211.15261840820312,6893518,5.409858768577525,0.007406651047234369,219.66499938964844,221.43699981689454,57.024884351950746,1.1714434704625056,15.32255501274645,227.2125775494725,204.14742153500012,0.10315364662286448,218.7790529409895,216.00474649766022,-0.0020233676285604796,0.01700646200325751,-0.06938361436323609,507796119,74.66309339611234,80.34217781344076,221.08499933878585,210.60000025431313,215.84249979654948,4189082.518703401,3.935600541837128
2021-09-20,221.9499969482422,225.64999389648438,216.64999389648438,218.0,205.8643341064453,2985529,5.384495062789089,-0.025363705788436164,219.15999908447264,221.1749996948242,48.75341197423661,0.8252544821139844,14.989235791242319,227.41518693944124,204.58981183985566,0.10470355550268617,218.70485742280002,216.36745190227288,0.0074341481322850456,0.015433809841190822,-0.06234630815254821,504810590,39.41174675436581,64.65538480454533,221.4141657511393,210.92916666666665,216.17166620890302,1202216.3557139295,4.128440366972478
2021-09-21,218.0,220.5,214.25,219.5500030517578,207.32806396484375,3012522,5.391580010907784,0.007084948118695422,218.94499969482422,221.0279998779297,50.87728949923593,0.6687740482948079,14.139103918570362,227.1074437669851,206.31755470713597,0.09469318501875873,218.78534748270076,217.0326550643795,-0.02504474933208678,0.013637132374157951,0.024846081543135983,507823112,42.622950819672134,52.232596990050105,221.74083277384443,211.62083307902017,216.6808329264323,1697530.918253018,2.846731912149686
2021-09-22,220.5,234.5,220.5,232.5500030517578,219.60438537597656,15453714,5.449105268793124,0.0575252578853398,220.375,221.115,64.25709595678336,1.3685900087226632,15.430162626640351,229.7549739729591,206.02502480633777,0.10204235155971961,220.0962670607062,220.07839847340102,0.00711010574200821,0.01828559833057753,0.13826697484723058,523276826,90.90910384301016,57.64793380568272,223.22833302815758,212.32333272298177,217.77583287556962,30154781.0727883,6.0202106283714265
2021-09-23,234.64999389648438,239.85000610351562,233.4499969482422,236.9499969482422,223.75942993164062,8364323,5.467849135534265,0.018743866741140813,222.58999938964843,221.25799987792968,67.48516265713869,2.016478858998858,17.161953594976506,232.89656302379632,205.82843545032478,0.11423561055957358,221.70138419285246,222.41280293622617,0.059212023772713396,0.018263843965324603,0.1538749648539586,531641149,89.17907154833989,74.23704207034075,224.7441668192546,213.6791659037272,219.21166636149087,31104522.3692791,2.7009956690024413
2021-09-24,238.1999969482422,238.5,225.8000030517578,228.8000030517578,216.06312561035156,5274766,5.432848272843745,-0.03500086269052005,223.975,221.11899993896483,57.18338007140117,1.7923505334113137,17.324080180993366,233.58503791522858,207.13496025371674,0.11560348474090036,222.37744313179581,223.49088496904167,0.01892063572884628,0.02045822464255498,0.09940425263741456,526366383,58.76865002434004,79.61894180523005,226.3200002034505,214.3749989827474,220.34749959309897,20519689.07289876,5.550697892853291
2021-09-27,229.0,234.5,225.9499969482422,231.85000610351562,218.94334411621094,3717008,5.446090637162747,0.013242364319002498,225.6700012207031,220.9470001220703,59.66488452762119,1.7440804235351872,17.474626296580446,234.54432354279936,208.4656755416733,0.11248068714513014,223.27959198624532,224.36386055113377,-0.03439541676071267,0.020518135933489657,0.12760397979222676,530083391,70.14925713049395,72.69899290105798,227.5716667175293,215.25666580200195,221.41416625976564,19207860.025828682,3.687730354400092
2021-09-28,233.0500030517578,234.3000030517578,225.5,226.39999389648438,213.79672241210938,3598548,5.4223033193700365,-0.023787317792710816,226.2050003051758,220.8520001220703,53.67824793311764,1.2621390069425555,17.530896720260575,234.7113572828885,209.69364149640836,0.11050228118786463,223.57677312055378,224.88780075444072,0.013330432740719322,0.021306676136825495,0.08485693164934285,526484843,49.813393002024064,59.577100052286035,228.61583353678384,215.87083231608077,222.2433329264323,13662147.089626316,3.8869272477902053
2021-09-29,226.1999969482422,229.3000030517578,220.85000610351562,224.6999969482422,212.1913604736328,4045085,5.414766165609807,-0.007537153760229565,226.43500061035155,220.72899993896485,51.9279942908282,0.7700855253328605,16.753212258841643,234.58900948874847,210.9909892905484,0.10502011801822887,223.68374681842886,225.3382676021671,-0.023506629560311243,0.021445801426968857,0.09093374743451978,522439758,43.47012152940875,54.4775905539756,229.38333384195965,216.25833231608073,222.82083307902016,10728035.768911093,3.760568341346518
2021-09-30,225.8000030517578,228.4499969482422,224.0500030517578,225.6999969482422,213.1356964111328,3198232,5.419206670302188,0.004440504692380998,226.81000061035155,220.73599975585938,52.90085842206106,0.4680405707266351,16.031076687524067,234.84788700794775,211.43211177134913,0.10374734405498622,223.87577064031584,225.67205020628822,-0.00750882064519609,0.02069178247155624,0.053419430814732174,525637990,46.50282561490872,46.595446715447196,229.7416666666667,216.78666636149086,223.26416651407877,9652349.51620951,1.9494877961798944
2021-10-01,224.5,226.64999389648438,222.5,224.25,211.7664031982422,2017092,5.412761500938905,-0.006445169363282766,226.875,220.78699981689454,51.28030873336952,0.14350313466259657,15.081787495844697,234.96655598983716,211.57344339981125,0.1043171129990007,223.91141153171432,225.81383536841133,0.00445037834259665,0.02057738209344023,0.028090707213989125,523620898,39.06249068677647,43.011812610364665,229.94666595458983,216.9366668701172,223.44166641235353,7855617.121847618,1.8506104332148827
2021-10-04,225.35000610351562,229.5,225.25,228.10000610351562,215.402099609375,1936726,5.429784156048411,0.01702265510950607,227.88500061035157,220.82,55.20419151162177,0.1597873759618449,14.669663464364843,235.4057029733032,211.63929672152105,0.10419292247189396,224.31032530045732,225.9487323646322,-0.0064244438096944245,0.020871966416652985,0.02586543142666679,525557624,54.101573443037644,46.55562991490763,230.1824994405111,217.2175000508626,223.69999974568685,7798587.093131874,1.8632178370356018
2021-10-05,227.0,228.25,224.8000030517578,225.25,212.71075439453125,1776081,5.417210896488447,-0.012573259559964356,228.4550003051758,220.78899993896485,51.873559855660766,-0.0391049193721158,14.198295785066454,235.5750595495961,211.8249404504039,0.1054389305180564,224.3998181289852,226.00667190796418,0.017168366124930223,0.021040828821523846,0.01654289651186257,523781543,42.96873975545412,45.37760129508943,230.34999898274742,217.4300008138021,223.8899998982747,5961382.981207587,1.531630165701304
2021-10-06,226.6999969482422,231.6999969482422,221.5,222.3000030517578,209.9249725341797,3873270,5.404027834698256,-0.013183061790190465,227.43000030517578,220.79,48.60472132063846,-0.36873149052242526,14.323565311285567,235.53454693508831,212.27045337008747,0.10465179147831276,224.19983574067783,226.0933407524055,-0.012494546371130899,0.020945699759750504,-0.01247473798068052,519908273,31.445316923781174,42.838543374090996,230.93249842325844,217.45250116984053,224.19249979654947,3477451.8867896437,4.588392626277804
2021-10-07,224.0,233.0,223.64999389648438,228.14999389648438,215.4492950439453,6417957,5.4300032806212055,0.025975445922949092,226.55,220.91799987792967,54.700870371801564,-0.20058512724400868,14.641730002056354,235.54995596620793,213.5900434234405,0.09625208472602906,224.57604127932606,226.49754574301178,-0.01309654583015396,0.02126871417056145,0.00017818022385820227,526326230,54.29683821276707,42.90363163066748,231.81666514078773,217.82666727701826,224.82166620890297,8344243.001798088,4.098183806113923
2021-10-08,229.14999389648438,235.75,228.0,234.5,221.44581604003906,4477732,5.457455587886334,0.027452307265128262,227.11999969482423,221.19,60.216989489030276,0.3031081374266269,15.349914348358583,236.40795583100547,214.68704386381873,0.09262649026518864,225.52118020510454,227.13630336577862,0.026315747928102873,0.021953020257891774,0.03743266593745449,530803962,79.10154364072235,54.94789959242356,232.86749903361002,218.5375002543132,225.70249964396157,11214154.791527964,3.304904051172708
2021-10-11,235.9499969482422,245.25,234.0,240.5500030517578,227.15902709960938,10744057,5.482927980832047,0.025472392945713018,227.98999938964843,221.675,64.63551394977952,0.9708749273594606,17.135303480526428,238.3933656612987,215.26663494905287,0.0961410534975956,226.95249666669056,228.8027822591607,0.0278325937908932,0.0224189106978568,0.049135168919079784,541548019,81.01011334043561,71.46949839797503,234.55499877929688,219.36500091552733,226.95999984741212,18898072.341061097,4.676782314394483
2021-10-12,242.0,245.0,236.10000610351562,239.0,225.6953125,4818636,5.476463551931511,-0.006464428900535779,229.25,221.98600006103516,62.713732868501964,1.2192469308600717,18.793164817539427,240.11416634326503,215.34083396191073,0.10365411038223554,228.09987793652957,229.71222540980742,0.025799586574660083,0.021913285090786588,0.0028359097275379524,536729383,74.38523949425857,78.1656321584722,235.70083236694336,220.28083419799805,227.9908332824707,15131361.93443665,3.723846818612709
2021-10-13,241.0,244.39999389648438,238.1999969482422,239.10000610351562,225.7897491455078,3312096,5.47688189999132,0.00041834805980922596,230.69000091552735,222.19600006103516,62.79060412197651,1.2942511555969571,20.332607487622926,241.63273063777817,215.49227088810076,0.10932856161601347,229.14750919052824,230.34380787790462,-0.006443579430860824,0.02192328612280761,-0.0027294182250111572,540041479,74.79510067676499,76.73015117048641,236.71749903361,221.0275011698405,228.87250010172528,13017057.346007084,2.593055955656467
2021-10-14,240.39999389648438,243.75,237.75,239.8000030517578,226.4507598876953,2736472,5.479805255319676,0.002923355328356081,232.1000015258789,222.40100006103515,63.36001358920639,1.292000123736151,21.639487568990223,243.0254075469401,215.88459458929034,0.11318103674832629,230.16203241540725,230.85969869050749,0.00041843557956333655,0.021881355674850698,0.015302055660492572,542777951,77.66394134620074,75.61476050574146,237.68333307902017,221.7983339945475,229.7408335367839,11431123.732141817,2.5020850390502187
2021-10-18,240.85000610351562,250.0,238.8000030517578,242.5,229.00045776367188,8984522,5.491001710377538,0.011196455057861598,233.9250015258789,222.74200012207032,65.54986573656291,1.3661355945413272,23.530911565813167,244.81395374354602,215.98604778233286,0.11887796272665221,231.33707694727323,232.49382563083302,0.0029276324984246482,0.021928696852029632,-0.010608222981361453,551762473,74.2710066196462,75.57668288087066,238.80166600545243,222.6766675313314,230.73916676839195,13263560.6248951,4.618555442574098
2021-10-19,244.89999389648438,246.3000030517578,230.5,231.89999389648438,218.9905548095703,5689713,5.446306217941884,-0.04469549243565396,234.30500030517578,222.93200012207032,52.327309560526274,0.6323735185906747,23.3711292631561,244.3436960282668,217.84630488726052,0.1142621467805394,231.39068808529336,233.05718641901097,0.011259369949463416,0.023578230007787693,-0.035382481624584045,546072760,37.907341703771095,63.28076322320604,239.9483329772949,223.14333419799806,231.54583358764648,2752910.174588345,6.813283082193881
2021-10-20,232.3000030517578,233.89999389648438,220.6999969482422,225.6999969482422,213.1356964111328,6163715,5.419206670302188,-0.02709954763969602,234.35,222.97899993896485,46.42809101914909,-0.2899410696835001,21.802474567165095,243.8247998439983,218.98020046117747,0.11007797837284963,230.8487175008123,233.11615329595176,-0.043711365375322164,0.02449168684465619,-0.06802284193066864,539909045,17.064844638983857,43.08106432080041,240.7291659037272,223.2291674296061,231.97916666666669,-3099650.4489006465,5.848470149190666
2021-10-21,227.5,229.25,224.39999389648438,226.14999389648438,213.56065368652344,3610872,5.421198468935058,0.0019917986328703563,234.73499908447266,223.04299987792967,46.89603707110775,-0.8570395558206712,20.345866635173447,243.69829694528366,218.46670244436476,0.1115701754671201,230.40122001468583,233.50923968691083,-0.026735649467113598,0.02041911867102396,-0.20478789304977182,543519917,18.600670240937816,24.524285527897607,240.14249928792316,223.55750020345053,231.84999974568686,-2424717.3304158165,2.1445970525807834
2021-10-22,228.0,230.0,218.64999389648438,221.0500030517578,208.74453735351562,4081606,5.398388934077987,-0.022809534857071156,234.025,223.15699981689454,42.378057879863775,-1.5240011197435663,19.788931150620197,243.32110791110705,217.25389208889294,0.11792452143106551,229.5106279229784,232.74604993901428,0.0019937835814209937,0.02037455423188767,-0.24918342244714337,539438311,7.655530105317261,14.440348328412997,239.71416575113932,222.63416697184243,231.1741663614909,-5052065.316325129,5.1345876257952705
2021-10-25,222.9499969482422,224.5,214.5500030517578,219.89999389648438,207.65855407714844,4610633,5.393172869804846,-0.005216064273141363,232.56499938964845,223.28499969482422,41.409284071765526,-1.9630395885015846,19.770443883899077,243.63453930170422,216.05045978276846,0.12543920093022232,228.59532944426468,232.17432200427066,-0.022551364060885093,0.019028478191965365,-0.21617167017781783,534827678,15.091653893617178,13.782618079957437,239.00749893188475,222.2025001525879,230.60499954223633,-5087808.865650944,4.524782730519786
2021-10-26,219.39999389648438,221.39999389648438,215.75,219.0500030517578,206.85589599609375,3281444,5.389300028191694,-0.003872841613151934,230.41499938964844,223.17599975585938,40.66926101120064,-2.212584522819552,19.753277136229464,243.7308007193351,214.67419805996178,0.13264826411578606,227.68625074021642,231.73937022964972,-0.005202484231606963,0.018693961334702837,-0.22686046524805903,531546234,12.69393621266062,11.813706737198373,238.26083170572915,221.7458338419596,230.00333277384442,-4759435.793055511,2.579316967710508
2021-10-27,220.6999969482422,220.75,216.60000610351562,217.14999389648438,205.0616455078125,2363376,5.38058833087346,-0.00871169731823418,228.22999877929686,223.01699951171875,38.991820330698786,-2.3922438108973876,19.737336584821968,244.1574468064838,213.32255197281307,0.14199813815500148,226.68279770748003,231.4981608482102,-0.003865351834100972,0.01810882748297925,-0.21726970626915823,529182858,7.334248430324576,11.706612845534144,237.49999796549483,221.4500010172526,229.4749994913737,-4721007.256526655,1.9111185876720223
2021-10-28,217.35000610351562,217.60000610351562,212.0,212.9499969482422,201.095458984375,2964778,5.361057382038357,-0.019530948835102535,225.61499786376953,222.75699951171876,35.50559357132036,-2.6600095332781426,20.300836921718826,244.9726531144362,211.33234566486064,0.15797280080615309,225.37491192088595,231.21275951319572,-0.008673860437356407,0.018490063469762816,-0.23834225055429578,526218080,2.4999919690583883,7.509392204014547,236.8191650390625,221.05416717529297,228.93666610717773,-5825443.155910786,2.6297281914855883
2021-10-29,213.8000030517578,217.0,208.10000610351562,212.89999389648438,201.04824829101562,3642654,5.360822543230971,-0.0002348388073860619,222.92499694824218,222.57199951171876,35.464938609912835,-2.6980563250234924,21.25902202531325,245.58468786110447,209.44031061301663,0.16977162181442734,224.18682448999056,230.6287984495699,-0.01934145552057598,0.01842669214932342,-0.22472013726531392,522575426,11.455819790397376,7.096686729926799,236.3741650899251,220.1591672261556,228.26666615804038,-5019257.535994646,4.180363622185778
2021-11-01,215.10000610351562,222.5,212.89999389648438,220.64999389648438,208.3668212890625,5546106,5.39657770805403,0.03575516482305918,220.73999633789063,222.57999938964844,45.81985934832168,-2.086197877089926,21.06662127750371,245.6017194100303,209.06327845373923,0.1655945704373448,223.84998348108522,230.03756697266232,-0.00023481123491142508,0.02036412061905508,-0.1750949003456911,528121532,29.952242532478646,14.636018097311487,236.35749893188478,219.5974998474121,227.97749938964844,1838110.8977188747,4.350784667603193
2021-11-02,221.75,225.89999389648438,220.25,223.4499969482422,211.01095581054688,3103362,5.409187661722008,0.012609953667977791,219.8949966430664,222.81799926757813,49.00356117454341,-1.4102084207562566,20.29397167424964,245.44243947597653,208.75755747226566,0.16417490492160625,223.81188952557636,229.85827192978573,0.03640206774157151,0.020182127501733964,-0.1755780693297536,531224894,36.634828354985764,26.01429689262061,236.2066650390625,219.3066665649414,227.75666580200195,2816869.7795746396,2.528527175497382
2021-11-03,223.60000610351562,224.6999969482422,219.10000610351562,220.60000610351562,208.31959533691406,1903450,5.396351134487197,-0.012836527234811435,219.38499755859374,223.12299926757814,46.038183063499424,-1.0868146359130897,19.73621149045497,245.41458477054925,208.3204127880445,0.1681512736001397,223.50599586633248,229.75756404414835,0.012689794376660624,0.020190113108207133,-0.17068912930789684,529321444,29.832939906582695,32.14000359801572,236.0824981689453,218.96750030517578,227.52499923706054,1639486.2291504377,2.5385270579270927
2021-11-04,222.75,223.5,221.3000030517578,222.5500030517578,210.16107177734375,294162,5.405151809174547,0.008800674687350352,219.0249984741211,223.3939993286133,48.341579591607115,-0.6925727459354363,19.218291319788484,245.4150877781163,208.34490978047745,0.16657010779288792,223.4149489316111,229.93370653473985,-0.0127544904168726,0.020085292351805988,-0.14032321321184033,529615606,34.486871248576996,33.65154650338184,235.54666493733725,219.23166707356768,227.3891660054525,1487218.9110273493,0.9885405158725343
2021-11-08,223.0,230.0,221.0,229.4499969482422,216.67694091796875,5398970,5.435685127540525,0.030533318365978168,219.86499786376953,223.83299926757812,55.56877631362325,0.04288430698062484,18.081620219582685,245.50654586938302,208.3834519943865,0.16179165120394623,223.9897154093855,229.86383409892977,0.008839514480009303,0.02042995511020463,-0.08519448026492815,535014576,55.890032854332475,40.06994800316408,235.45666478474936,219.17666753133136,227.3166661580404,6596596.216209477,3.92242323804875
2021-11-09,229.1999969482422,232.5,228.14999389648438,231.3000030517578,218.42396545410156,2900718,5.443715582431331,0.008030454890805672,221.00499877929687,224.28199920654296,57.29392888881838,0.6312783743260071,17.40566064796467,245.1372803829173,208.43271778602798,0.15868811981241515,224.68593328008762,229.74029528298104,0.031004240853142795,0.019493823902702326,-0.10686944190483064,537915294,89.92251133764049,60.09980514685,235.1816650390625,219.24166717529297,227.21166610717773,6420846.185976357,1.8806770627418572
2021-11-10,229.9499969482422,234.0,228.5500030517578,233.14999389648438,220.17095947265625,3101948,5.451681997075837,0.007966414644505981,222.41499786376954,224.7659991455078,59.00796442888418,1.0952118372240238,17.00179125218659,243.92117446410342,208.90882278931454,0.15017093112313745,225.49203429117304,228.4307002169652,0.008062785478846424,0.018616168503785616,-0.11259047393916795,541017242,96.71812237905198,80.843555523675,234.48999811808272,219.1300005594889,226.8099993387858,6323378.930953717,2.3375496851447126
2021-11-11,233.35000610351562,236.25,229.5500030517578,232.0,219.08499145507812,3058586,5.44673737166631,-0.004944625409526893,223.8999984741211,225.15699920654296,57.46400205544106,1.2628674187298738,16.957584976984222,242.81427289769033,209.31572435572764,0.14439029543949436,226.11184054915657,227.86839181590616,0.007998230956843377,0.018597660693023935,-0.10401019424752206,537958656,84.902305785115,90.51431316726917,234.00833155314126,218.86833368937178,226.4383326212565,4917559.764835678,2.8879297190699083
2021-11-12,233.0,235.39999389648438,230.5500030517578,232.5,219.55714416503906,1696917,5.448890225027411,0.002152853361101492,225.85499877929686,225.54799926757812,57.97881976437756,1.3384534069031746,16.91653629286774,241.68498742339983,209.78500921966656,0.13720420732788502,226.72023668733212,227.42037773186863,-0.00493242087321244,0.018610257243808916,-0.07938580391666705,539655573,86.67850510451323,89.43297775622676,233.55333124796547,218.54833399454756,226.0508326212565,4336259.584144867,2.086017567624328
2021-11-15,232.5,234.3000030517578,228.75,232.5,219.55714416503906,1511879,5.448890225027411,0.0,227.81499938964845,225.82399932861327,57.97881976437756,1.3174101772956455,16.492426925483137,240.31849072952784,210.42150560836276,0.12858918331683902,227.27069033615763,227.02918888852565,0.0021551724137931494,0.018587304060284925,-0.06178951987217119,541167452,86.67850510451323,86.08643866471384,233.1016647338867,218.14166717529298,225.62166595458984,3716793.9292670293,2.387098086777554
2021-11-16,233.75,237.0,232.0,233.0500030517578,220.07652282714844,3026483,5.451253035913613,0.002362810886201494,229.05500030517578,226.05199951171875,58.61778183504102,1.2690020124474841,16.542267168623074,238.15168663557913,211.64331000748726,0.1137454463890509,227.82110107097668,225.12737650606738,0.0,0.01837416953702357,-0.0481794572493969,544193935,86.33218760394722,86.56306593765792,232.3041648864746,217.96416702270508,225.13416595458983,3423619.780242188,2.1454623190412727
2021-11-17,233.75,234.85000610351562,229.3000030517578,230.1999969482422,217.3851776123047,2032033,5.4389484830307975,-0.0123045528828154,229.7300003051758,226.19499938964844,54.03287725865809,0.9861067188021455,16.003534775382715,237.9068070641063,211.7181898841359,0.1137646287017918,228.0476625830972,224.3443771812,0.002365604523689502,0.015759357336248756,0.0005374352531952983,542161902,76.47057270629729,83.16042180491927,231.55249837239586,218.2375005086263,224.89499944051104,2107201.746986852,2.410948360266776
2021-11-18,230.89999389648438,231.3000030517578,222.0500030517578,224.0,211.53033447265625,3721820,5.4116460518550396,-0.027302431175757924,230.06999969482422,226.2409994506836,45.66500894237608,0.35503314815045794,15.526508321002423,237.81972981926344,211.6352674341545,0.11689492136209344,227.66217090851654,224.18957596180297,-0.012229161408260802,0.015776873453316034,-0.010085982070052742,538440082,55.0172915379701,72.60668394940488,231.30583216349282,218.38583399454757,224.84583307902017,-1490294.5942836604,4.129464285714286
2021-11-22,223.10000610351562,223.5500030517578,214.6999969482422,217.3000030517578,205.20330810546875,2963562,5.381278901306368,-0.03036715054867134,229.5449996948242,226.22199951171876,38.69165291900472,-0.4939079260907391,16.088004217689765,237.7479903480981,210.82200782084718,0.12391156074138455,226.67529777930145,223.77268277917082,-0.02693308875080558,0.017094861361719126,-0.013740853687745127,535476520,18.25729477567053,49.91505300664599,231.10166575113936,217.781667582194,224.44166666666666,-4113946.274518354,4.0727132900258995
2021-11-23,216.8000030517578,222.39999389648438,213.5500030517578,221.39999389648438,209.0750732421875,2758276,5.399970992706715,0.018692091400346555,228.73999938964843,226.35399932861327,44.2973205410577,-0.7445455305892187,16.74875084844819,237.74952506191576,210.85547219150223,0.12147269020697378,226.17288788569982,223.59497796578398,-0.029910700661795464,0.016964081034229462,0.060943926722403945,538234796,33.47544505891715,35.58334379085262,230.77083155314125,217.7008349100749,224.23583323160807,-1910681.6142687316,3.9972859479230056
2021-11-24,221.39999389648438,226.35000610351562,221.1999969482422,223.10000610351562,210.68043518066406,1981492,5.4076201287962435,0.007649136089528774,227.9199996948242,226.51699951171875,46.48235633622448,-0.7585033339301371,16.591564111742716,237.77162795541153,211.15337051870955,0.11931087722315634,225.88023247787277,223.91111937207356,0.018867882131368363,0.016992056163351803,0.048600015595069754,540216288,40.72496500889174,30.819234947826498,230.72583236694337,218.13583450317384,224.4308334350586,-1156504.156782518,2.3083859320397764
2021-11-25,223.0,225.5,220.89999389648438,222.5,210.1138458251953,3279246,5.404927101606295,-0.0026930271899487934,226.8550003051758,226.66899963378907,45.7994966313334,-0.7684361448294689,16.48828339383877,237.747021816001,211.52297635294434,0.11786087848564789,225.55830557521824,224.1538016953628,0.0076784654647554795,0.0169768743953611,0.021531391549336375,536937042,38.16630325366878,37.455571107159244,230.88499959309897,218.4000005086263,224.6425000508626,-1272370.3650891867,2.067418473490169
2021-11-26,221.0,221.0,209.8000030517578,211.35000610351562,199.5845489501953,3342382,5.3535155558915095,-0.051411545714785234,224.79000091552734,226.47499969482422,35.39374394474606,-1.4468496269223268,17.71308046449946,238.33363396326172,210.35636542638673,0.13237410801479796,224.20513419696084,223.8168396526049,-0.0026894042451851563,0.02039391391490938,0.009486090264779467,533594660,5.698541270821658,28.196603177794078,231.03166656494142,217.84166717529297,224.4366668701172,-6414537.298607765,5.299265022380278
2021-11-29,210.0,210.35000610351562,200.8000030517578,206.14999389648438,194.67401123046875,3902124,5.32860402954575,-0.024911526345759327,222.15500030517578,226.14999969482423,31.768599757296528,-2.1256786931940477,19.6081432997079,239.3497679654634,208.66023111900927,0.14886993817649347,222.4855970254869,223.10912433723422,-0.05011233211903088,0.02067295538747228,0.05038554608918089,529692536,14.778981479959349,19.547942001483282,230.80833307902017,217.22333399454752,224.01583353678387,-8396902.3178566,4.632550732236853
2021-11-30,206.4499969482422,211.35000610351562,203.5,204.5500030517578,193.16307067871094,2292067,5.320812459294781,-0.007791570250969215,219.36000061035156,225.80199981689452,30.725802610156094,-2.5345930934537257,21.174468886516028,240.49311569721337,206.68188430278664,0.16529567778041726,220.7774452184651,223.107267384114,-0.024603794922458455,0.020718760105719304,0.01756835925364698,527400469,10.359116895400993,10.278879882060686,230.44583384195965,216.96583353678383,223.70583368937173,-7721242.874662783,3.8376954223409707
2021-12-01,205.25,209.0,205.25,207.8000030517578,196.23214721679688,1720325,5.336576093351161,0.015763634056379594,216.83500061035156,225.48599975585938,35.3667665220827,-2.437602306009481,22.62891407426643,241.1733257514182,204.71667516410918,0.17544104933544477,219.54149834544535,223.05962895208626,-0.007761294650001194,0.019178936673633223,-0.03284868291754604,529120794,19.337018204748517,14.825038860036306,229.58666712443033,216.69166742960616,223.1391672770182,-5819485.856853815,1.8046198002537892
2021-12-02,207.8000030517578,210.39999389648438,206.75,209.89999389648438,198.2152557373047,1492806,5.34663119774838,0.010055104397219239,214.80500030517578,225.32399963378907,38.24564290614133,-2.0964394741989394,23.68049752532904,241.35726856280388,203.1777320475477,0.18189393818698754,218.62325982649668,222.6510885707112,0.015888535573268303,0.019077399334419827,-0.021031758814857728,530613600,25.138098375360343,18.27807782516997,228.77750040690103,216.08250071207686,222.43000055948892,-4540290.88688143,1.7389204395520035
2021-12-03,211.0,212.89999389648438,209.0,210.0,198.30967712402344,1476550,5.3471075307174685,0.0004763329690886664,213.40500030517578,225.1329995727539,38.3863893989441,-1.7429747989938003,24.12904394574171,241.55763764334102,201.917362356659,0.1887632156508668,217.80199698587793,222.35292422149368,0.01010582682332073,0.0189484111326483,-0.01804015510236248,532090150,25.414358353112856,23.296491644407258,228.15083363850908,215.62583363850914,221.88833363850912,-3870583.0441632266,1.8571399507068451
2021-12-06,210.5,211.1999969482422,204.25,204.85000610351562,193.4463653564453,1606829,5.322278033787928,-0.024829496929540618,212.16000061035157,224.57899963378907,34.07893329259443,-1.731398911930456,25.04175372821698,241.98565928841617,199.71934101675959,0.20632812795865088,216.56847404470057,221.88220236867735,0.000476446433652411,0.019381024454674583,-0.043306659827069466,530483321,11.187854677303983,20.58010380192575,227.60416692097982,214.60416692097982,221.1041669209798,-4499808.258239064,3.3927247943210643
2021-12-07,206.5,212.0,205.5500030517578,209.25,197.6014404296875,1825523,5.343529709369585,0.021251675581656748,210.94500122070312,224.02499969482423,40.24808522569606,-1.321315002135293,25.716456103441683,241.16549793733475,198.5195026730168,0.20380403949494838,215.87147651663383,220.87037119374943,-0.024523780459449362,0.01857711308199043,-0.1363802316483047,532308844,24.81643521557911,20.472882748665334,226.58250020345054,213.8375005086263,220.2100003560384,-2709508.498791792,3.0824358175589905
2021-12-08,210.6999969482422,217.39999389648438,210.0500030517578,215.8000030517578,203.7868194580078,2648381,5.374352066965637,0.030822357596052008,210.21500091552736,223.7649996948242,48.043125593656136,-0.5427311546175586,25.249423706731108,239.7866028675999,198.34839774275164,0.19202133706601315,215.86466951997897,219.9508622991025,0.021479100636496717,0.02006678048183052,-0.13313164580312722,534957225,49.18032786885246,28.394872587245203,225.92083282470702,212.8758346557617,219.39833374023436,155693.23420952214,3.405927127333603
2021-12-09,216.0,217.25,214.10000610351562,216.1999969482422,204.16453552246094,1264398,5.376203891089669,0.0018518241240323974,209.58500061035156,223.45199951171875,48.48509881650132,0.03476444033666226,24.81575076692843,237.9275973933962,198.5124035221311,0.18230894739883374,215.89660546552787,219.0632734087903,0.03130228459621409,0.019931779602098847,-0.17425487045360027,536221623,60.273941514949726,44.75690153312712,225.0033327738444,212.18833491007484,218.59583384195966,205701.55542631197,1.4569814712987608
2021-12-10,217.3000030517578,218.3000030517578,215.0500030517578,217.14999389648438,205.0616455078125,1206497,5.38058833087346,0.004384439783790661,210.16499938964844,223.26699951171875,49.582060759210805,0.4909692156212744,24.19999162000292,236.14392604229798,198.81107426287778,0.17192195638382934,216.01597579228562,218.09946889031755,0.0018535398092114352,0.02000733646061849,-0.15563967703383408,537428120,63.99212873519286,57.81546603966503,224.04249954223633,211.572501373291,217.80750045776367,340053.97151731804,1.4966613361035959
2021-12-13,218.0,221.39999389648438,217.60000610351562,219.5,207.2808380126953,2421351,5.391352232515226,0.010763901641766438,211.5,223.1629995727539,52.288588118013635,0.9354625422252165,23.016428696426583,234.21797042482314,199.43702988035267,0.15845530999758756,216.34778762159175,217.63506572243404,0.00439406550255228,0.02022010178276413,-0.1460615084292262,539849471,73.18980318851918,65.81862447955395,223.32416610717775,210.95916824340821,217.14166717529298,1104359.0654082242,1.7312017280039862
2021-12-14,217.9499969482422,218.6999969482422,214.35000610351562,216.85000610351562,204.7783660888672,1921045,5.379205898427631,-0.012146334087595356,212.7300003051758,222.98599975585938,49.08846041765483,1.0280938575668812,22.424317187610345,231.88336793077167,200.2066329847557,0.14607670765245337,216.39561795320355,217.13561956074045,0.010822040845351655,0.020315975580137476,-0.1499942368697698,537928426,64.97977746875809,67.38723646415673,222.50333226521812,210.25833562215172,216.38083394368488,219342.4096539314,2.0059906489696147
2021-12-15,216.89999389648438,220.25,215.1999969482422,215.60000610351562,203.59796142578125,1511438,5.3734248673442835,-0.0057810310833472656,213.51000061035157,222.81299987792968,47.60835254120252,0.9823301003023697,21.563404767307564,228.95707320531494,201.38792801538818,0.1278717273166033,216.31984539609041,216.00553162009882,-0.012072865132047306,0.020278366256653906,-0.1443490537729255,536416988,71.84470693853001,70.00476253193578,221.655832417806,209.4058354695638,215.5308339436849,-81891.86315377307,2.3423019057490952
2021-12-16,216.75,218.0,213.60000610351562,217.4499969482422,205.34495544433594,1570974,5.3819689250093505,0.00854405766506705,214.26500091552734,222.59999969482422,50.01069705677623,1.047817249026258,21.02321969270065,226.54587423813464,202.5241269825685,0.1104702119691629,216.42747887724775,215.31872417321006,-0.005764353077321593,0.020350727099879257,-0.0890198247142185,537987962,80.82524901095596,72.5499111394147,220.84333190917968,208.70833587646484,214.77583389282228,344990.9054829754,2.0234508890481466
2021-12-17,217.0,217.0,212.0,213.3000030517578,201.42596435546875,2010657,5.362699639784655,-0.019269285224695842,214.59500122070312,222.36099975585938,45.02330853012898,0.7943081691991258,20.778298838447203,225.20285696394416,202.79714456193477,0.1050431883799485,216.12962403672492,214.36035054426875,0.008580662302200226,0.019929064042466214,-0.06505500895792612,535977305,54.74863906899191,69.13953167282598,220.0466651916504,208.33666915893554,214.19166717529296,-896324.1207179616,2.344116234628809
2021-12-20,212.0,212.0,197.8000030517578,202.25,190.99111938476562,3666093,5.309504555938601,-0.053195083846053315,214.33500061035156,221.9599996948242,35.011354798965485,-0.08800505543110893,22.230730295234086,225.44067336014828,201.05432786055482,0.12057525586943614,214.80775508084636,213.21592739753189,-0.01908481929053396,0.022019889557528125,-0.06734145076026221,532311212,18.855926587092483,51.47660488901348,219.58916473388672,207.34416961669922,213.46666717529297,-6555469.080333674,7.021012088129636
2021-12-21,203.5,206.3000030517578,201.14999389648438,202.9499969482422,191.6521453857422,1645421,5.3129596282479135,0.0034550723093120794,213.7050003051758,221.45599975585938,35.98253172375553,-0.5681300876942581,23.579416647964763,224.7017743655642,199.9482271603147,0.12196869956870379,213.6784447825031,212.4605914542538,-0.051804983092646695,0.02146425529520012,-0.13056602562445127,533956633,21.822016501481592,31.808860719188683,218.6216657002767,206.7466687520345,212.6841672261556,-5454432.114775492,2.5375753795092844
2021-12-22,204.25,210.0,203.75,208.0500030517578,196.46824645996094,2260174,5.337778450097336,0.024818821849422967,212.93000030517578,220.92699981689452,42.700956742739315,-0.4889092166449136,24.03149967410531,223.03349847093438,200.11150274976876,0.11017541641402032,213.14240271290834,211.67774425360386,0.0034610479517536152,0.02230721336781432,-0.09792575422545437,536216807,43.43222023872256,28.036721109098895,217.86249847412108,205.87750244140625,211.87000045776367,-3028527.3562350897,3.0040855122915575
2021-12-23,210.5500030517578,213.3000030517578,209.25,210.5500030517578,198.82907104492188,1704058,5.349723169102155,0.011944719004818971,212.36500091552733,220.32699981689453,45.7087817306511,-0.2280660511339878,23.793801143909928,221.28293456942887,200.66706695645004,0.09791435437743023,212.89550750708446,210.7590146705599,0.025129372654369986,0.022567380804547888,-0.09229340291547869,537920865,54.02544468719147,39.75989380913189,217.23833185831705,205.30833613077797,211.2733339945475,-1987288.448201506,1.9235350240114852
2021-12-24,212.0,212.0,205.89999389648438,206.64999389648438,195.1461639404297,2689098,5.331026511422219,-0.018696657679936557,211.31500091552735,219.67999969482423,42.00444275339399,-0.2749732038597541,23.980290280660125,221.21595401318646,200.26404629198933,0.10138837812737808,212.3006966870273,210.3200369389796,0.012016342049166129,0.020022415279120322,-0.08423387166737722,535231767,37.4999757540334,44.98588022664916,216.68999862670898,205.27000198364257,210.9800003051758,-3201605.3583766464,2.9518539964589863
2021-12-27,206.10000610351562,209.39999389648438,202.0,208.89999389648438,197.27090454101562,1280639,5.341855639345116,0.010829127922897364,210.25500030517577,219.07599945068358,44.784621406138264,-0.11920740718580491,24.588106763559928,221.17961049016805,200.57538981500772,0.09863198313624782,211.97682023078514,210.6659078142026,-0.018522959386111815,0.019376305177129884,-0.07332483914965583,536512406,47.033877757655425,46.18643273296012,216.63249791463218,205.42750218709313,211.03000005086264,-2332599.200037126,3.5423619495897514
2021-12-28,210.0,217.0,209.14999389648438,215.0500030517578,203.07855224609375,2419860,5.370870573420667,0.029014934075551224,210.075,218.5809994506836,51.61254546897598,0.4045855382431167,23.753198815626206,221.4277427723048,201.37725753287097,0.09323638667704705,212.269504308973,211.11052783660745,0.010887975158262453,0.02027174688668716,0.0024641698962868885,538932266,73.09324869443552,52.542367402041464,216.99583104451494,205.79083531697592,211.39333318074546,126652.27917960333,3.650316666875983
2021-12-29,215.5,217.8000030517578,213.1999969482422,217.5500030517578,205.43939208984375,2510455,5.3824287231945345,0.011558149773867044,210.2699996948242,218.08199951171875,54.09747530603431,0.8977354894312883,22.844983929791926,222.11338637687535,201.66661392830045,0.09398654176856236,212.772408951143,211.60128372848246,0.02943996809459426,0.020147836174461826,0.04376803379191793,541442721,83.68647314290443,67.93786653166514,217.47999801635743,206.19000167846679,211.83499984741212,1005150.1678682314,2.114459222701655
2021-12-30,217.1999969482422,218.39999389648438,216.0,217.14999389648438,205.0616455078125,1655520,5.38058833087346,-0.0018403923210748019,210.23999938964843,217.78699951171876,53.62296377056714,1.1587093400368564,21.89742415467665,222.68003498821656,201.8249653169592,0.0960399275037465,213.18932180308028,211.9346477432048,0.011625203276087959,0.020087144519714117,0.01424965792746023,539787201,81.99151843760285,79.59041342498095,217.82583134969076,206.66083501180015,212.24333318074545,766953.9786387297,1.1052240220777785
2021-12-31,217.14999389648438,222.10000610351562,217.14999389648438,219.14999389648438,206.95030212402344,2218732,5.389756399013959,0.009168068140499308,210.8249984741211,217.6559994506836,55.714549140645666,1.411001072769971,20.389339036823483,223.4987250486177,201.92127464620654,0.09845973535643027,213.75700485959496,212.4000402336733,-0.0018386998375645724,0.0201495711991999,0.02131674993205064,542005933,87.86003359444906,84.5126750583188,218.31999893188475,207.05000076293945,212.68499984741212,1291312.553118911,2.2587325324633096
2022-01-03,220.1999969482422,222.39999389648438,219.14999389648438,220.89999389648438,208.6029052734375,1126982,5.397710082795851,0.007953683781892096,212.68999786376952,217.5509994506836,57.51985715088525,1.6254550998836017,18.93887627255399,224.23070200429405,202.79429646982706,0.09704122284635402,214.4372895297749,212.86865785589154,0.009210223606791468,0.019156075593191803,0.057373503072886266,543132915,93.90243675508704,87.91799626237967,218.83749872843424,207.93750025431314,213.3874994913737,1388584.831244781,1.4712540017194287
2022-01-04,221.0,227.8000030517578,220.89999389648438,225.60000610351562,213.04127502441406,4076160,5.418763546678494,0.02105346388264273,214.9549987792969,217.64199951171875,62.000254644140405,1.989509298001263,18.429954491369735,226.0685866831069,202.59141240136574,0.10406548602205601,215.50040539394067,214.2005155038645,0.007985398351535444,0.019146379130769255,0.0831790110078617,547209075,92.6666768391927,91.47638239624295,219.65166600545246,208.70666631062826,214.17916615804037,3927072.963611598,3.058514613739592
2022-01-05,225.75,228.0,224.0,227.5,214.8354949951172,2086152,5.427150238391005,0.008386691712511052,216.8999984741211,217.79399963378907,63.66847019532192,2.245020541078665,17.9871079555645,227.97957474156175,201.85042403773514,0.11485340968714994,216.64322392785107,214.8087277809028,0.02127665159299963,0.018079547300484923,0.0859921552940053,549295227,98.34437069362319,94.97116142930099,220.0883331298828,209.47833251953125,214.78333282470703,3932301.9784011804,1.7582417582417582
2022-01-06,225.5,229.1999969482422,224.14999389648438,228.5,215.77984619140625,1876933,5.43153621033426,0.004385971943254852,218.69499816894532,217.9829995727539,64.55056105646656,2.3565524773310176,17.76139409996308,229.8740029215799,201.1859961628928,0.12554926371416672,217.77244069662714,215.33663841034667,0.008421958533159746,0.018081472975457768,0.10707432743048788,551172160,97.77070992258835,96.2605858184681,220.75500005086263,209.95499852498375,215.3549992879232,3638677.838629584,2.210066981075629
2022-01-07,229.5,234.25,227.10000610351562,233.0,220.02932739257812,2872775,5.4510384535657,0.019502243231440453,221.3299987792969,218.2999996948242,68.28243275298139,2.5899850485964264,18.271163643953095,232.56298976825798,200.08200992656623,0.1394033469600504,219.2226844398055,216.3586901944226,0.00439560439560438,0.0184663148398632,0.1377979356153655,554044935,96.22356565104309,97.44621542241823,221.68083318074545,210.4908322652181,216.0858327229818,4965650.647396786,3.0686669083623928
2022-01-10,234.64999389648438,234.64999389648438,230.39999389648438,232.5,219.55714416503906,1965998,5.448890225027411,-0.0021482285382887767,223.68999938964845,218.69099975585937,67.43299422369998,2.562594236251318,18.79808644564331,234.64695920724975,199.29804048757447,0.15203836008462487,220.48719068363354,216.9196559886453,0.01969365426695835,0.018430450977593778,0.1387179200841671,552078937,93.41502511975698,95.80310023112948,222.35416692097982,211.11916478474936,216.7366658528646,4115843.554911531,1.827956989247312
2022-01-11,231.9499969482422,233.14999389648438,228.75,231.85000610351562,218.94334411621094,1911686,5.446090637162747,-0.002799587864664055,225.36999969482423,219.07,66.27868853911389,2.3577473210075963,18.906171330875505,236.54805564795018,198.89694404687404,0.1623942661630373,221.56936358076518,217.56864060119753,-0.0021459227467811592,0.01814447721702799,0.15024382728465346,550167251,91.4242318027807,93.68760752452694,223.08750025431314,211.84749781290688,217.46749903361007,3350353.871067794,1.8977760537646395
2022-01-12,232.0500030517578,235.75,230.5,233.64999389648438,220.6431427001953,2430304,5.453824243023963,0.007733605861215409,226.97999877929686,219.33,67.91654014586501,2.203391096902694,19.389223922711345,238.64947296307835,198.60052551104272,0.17140572864632217,222.71989980130988,218.45694060394266,-0.0027956726730510306,0.018032417082938505,0.1870798232212976,552597555,93.77775969328704,92.87233887194158,223.91166661580405,212.65166447957358,218.28166554768876,3496662.9656585557,2.246950625783429
2022-01-13,233.64999389648438,236.39999389648438,232.0500030517578,234.9499969482422,221.87075805664062,1745200,5.4593727125598575,0.005548469535894718,228.75999908447267,219.56,69.08444285922852,2.0518432360269587,19.932167411512488,240.73539497112324,198.26460350299783,0.18076523524059218,223.88467095816057,219.16471109710665,0.007763587429732821,0.018006308934111197,0.17283186544974102,554342755,95.78489184444194,93.66229444683658,224.81499964396158,213.5599978129069,219.18749872843426,3321249.0171255814,1.8514538843279214
2022-01-14,235.35000610351562,237.5,230.5,231.60000610351562,218.70726013183594,2592666,5.445011772052534,-0.014360940507323505,230.00500030517577,219.78,62.74582941442551,1.6085716790841307,20.040264325194435,242.07572822224782,198.75427055704907,0.18705292108600313,224.6194647815277,220.20578216560358,0.00556389080127162,0.01771006450318409,0.15241603203704004,551750089,79.18873853169038,89.58379668980648,225.86999969482423,214.41499786376954,220.1424987792969,1606012.3913313786,3.0224524246650017
2022-01-17,232.0,244.0,231.6999969482422,243.4499969482422,229.8975830078125,7050781,5.494911570093249,0.049899798040715204,232.26000061035157,220.19799987792967,72.39452015369872,1.9720514498150195,21.064844436795,244.66377022631875,200.28622824780237,0.18228606504337358,226.41284879740527,224.2980394416301,-0.014258314059329535,0.015360350735651807,0.30355344314094823,558800870,98.2142759829161,91.06263545301617,227.55999984741212,216.29499740600585,221.927498626709,13312537.806594323,5.052373467218737
2022-01-18,245.0,245.0,234.1999969482422,235.3000030517578,222.2012939453125,4954232,5.460861308702963,-0.034050261390285996,233.2300003051758,220.315,60.74230020897861,1.5412861064256331,22.14074409624643,245.03354370814404,203.15145537632864,0.17799442324105194,227.25924444067695,226.30052772344084,0.0511657622298598,0.018092704459407354,0.21694355587995445,553846638,66.55173466123384,81.31824972528013,229.57749964396157,217.7474978129069,223.66249872843423,5642609.46825691,4.58988649030412
2022-01-19,235.0,235.0,227.0,233.14999389648438,220.17095947265625,2578370,5.451681997075837,-0.009179311627126374,233.7949996948242,220.35199981689453,58.08620468583046,1.0146768500159986,21.479064343942394,245.2764362719015,205.4185618970438,0.1709537869109021,227.8202681983729,227.40175252663718,-0.03347707536926803,0.017965075458343433,0.2259685300577107,551268268,57.45061577555723,74.07220880656908,230.88749949137372,218.882497660319,224.88499857584634,4044591.100551299,3.431267514230302
2022-01-20,227.9499969482422,231.75,224.0,226.25,213.6550750732422,5357697,5.421640582580036,-0.030041414495801,233.56999969482422,220.21399993896483,50.46023910617097,0.15015462998912543,20.290712443333177,244.8692906047299,207.3957072590396,0.16562909766050968,227.6707188461469,227.89861252038597,-0.009137310358642514,0.01955422353748641,0.1815230457107865,545910571,27.46616799657164,50.48950614445425,231.88749923706055,219.51249771118165,225.6999984741211,-1814361.4279864067,3.4254143646408837
2022-01-21,225.0,229.64999389648438,221.75,223.8000030517578,211.34146118164062,2567260,5.410752809513919,-0.010887773066117212,232.65,220.05,48.048114654024516,-0.597199029384381,18.90266392599429,243.52180633766898,210.4581924416279,0.147737325492326,227.30207924668127,228.7261687303021,-0.029594656131742725,0.019164073314197436,0.19626804350950347,543343311,12.033229961922682,32.31667124468387,232.82166544596353,220.26666514078778,226.54416529337567,-2453706.8190375254,3.5299346687932607
2022-01-24,223.0,224.39999389648438,210.0500030517578,212.35000610351562,200.52886962890625,2871823,5.358235885501995,-0.05251692401192365,230.63500061035157,219.64700012207032,38.7300974536828,-1.804934028074908,19.26662296492794,242.9927822482543,211.3322177517457,0.14909613179419834,225.8780722806655,228.5578216217793,-0.010828715793335664,0.022712905633257216,0.13699005055273134,540471488,6.580839063201953,15.36007900723211,233.61083221435547,220.36083221435547,226.98583221435547,-6800657.928588124,6.757706819999468
2022-01-25,210.9499969482422,213.64999389648438,208.25,212.39999389648438,200.57606506347656,2458314,5.358471260631834,0.00023537512983917708,228.68999938964845,219.245,38.78591128302412,-2.49989969698838,19.806699570023135,243.30179758059697,210.7582015038757,0.15321844167557633,224.59444576788636,228.4484488404651,-0.05116173723015616,0.021709276142849773,0.13869977712453532,542929802,11.292500398596939,9.968856474573878,233.37333145141602,220.36833267211915,226.87083206176757,-5811580.268606367,2.5423700808184226
2022-01-27,210.0,218.25,205.5,213.0500030517578,201.1898956298828,3866620,5.36152689427006,0.0030556336382261406,226.63000030517577,218.845,39.55695878246928,-2.7930504965794296,19.46623664221829,243.70715635975694,209.9028427247157,0.15866844942888317,223.49497503301697,227.90304054631892,0.0002354028327382629,0.021543525186187164,0.10929910798990586,546796422,19.113931776602058,12.329090412800335,233.58499781290692,219.76499964396157,226.67499872843422,-4622306.173096403,5.984510592521582
2022-01-28,216.6999969482422,223.75,214.35000610351562,215.25,203.26744079589844,3201850,5.371800143307841,0.010273249037780374,224.66000061035157,218.54600006103516,42.21015028451039,-2.7137015442526184,18.271826186182633,243.8478696507543,209.57213004406995,0.1592368855130515,222.70973931558677,227.65801545827804,0.003060306845348748,0.021684613434921143,0.0643444582591279,549998272,24.68354430379747,18.36332549299884,233.96499811808266,219.44499994913735,226.70499903361002,-2955682.4014070244,4.367012263175087
2022-01-31,217.4499969482422,219.9499969482422,215.75,216.64999389648438,204.5894775390625,2524409,5.378283120013679,0.006482976705838084,223.16499938964844,218.39899993896483,43.89783251348048,-2.449905818207415,17.162730762720948,243.97620703228677,209.19379266253748,0.16054657442717662,222.1326207042437,227.5316801263418,0.010326200031584687,0.02163108262075284,0.04710496674718948,552522681,28.22783264932753,24.00843624324237,233.82666397094727,219.38166732788085,226.60416564941406,-2028562.4594588461,1.9386093083616476
2022-02-01,218.75,220.64999389648438,215.0,219.1999969482422,206.99754333496094,2982391,5.389984541151607,0.011701421137928492,220.73999938964843,218.43699981689454,46.93749988752343,-2.0053563070012634,16.248329057432848,244.0176762866177,208.9823237133823,0.15983281505933597,221.85332320367212,227.20871795685912,0.006504036685177184,0.021724200147703758,0.06771953006060552,555505072,34.68353657782832,29.198304510317794,233.81999715169272,219.13500111897784,226.47749913533525,-652324.0864597205,2.5775519959603193
2022-02-02,221.0500030517578,226.8000030517578,220.60000610351562,225.35000610351562,212.80519104003906,4434266,5.417654776221261,0.027670235069654048,219.74499969482423,218.51600006103516,53.48346285441011,-1.2365032530783873,15.730382356363663,244.0080838051241,208.96691619487592,0.15549663483990256,222.18634062270485,227.1579310787889,0.011770150582031347,0.02212552748056199,0.08150187493295717,559939338,50.253180008900316,37.721516412018744,233.75916341145836,219.14416859944663,226.4516660054525,3336690.2825941998,2.751274364463158
2022-02-03,217.0500030517578,228.89999389648438,215.85000610351562,224.9499969482422,212.4274444580078,12257995,5.415878141720798,-0.001776634500463281,218.925,218.5529998779297,53.02527076925482,-0.7198761944497887,14.713270101116674,243.88636808482997,208.83363160999423,0.1558245696838168,222.44954598704172,226.513322034124,0.028056611500435258,0.02204288965312546,0.11520882525877955,547681343,49.24049860314478,44.725738396624486,234.04832941691083,218.5283358256022,226.2883326212565,2159547.352895597,5.801283827521619
2022-02-04,220.1999969482422,230.5,220.1999969482422,223.8000030517578,211.34146118164062,5753713,5.410752809513919,-0.005125332206879385,218.68000030517578,218.57899993896484,51.65517111633486,-0.434643477960975,13.800338694736874,243.65632854259974,208.59367145740026,0.15666960056783646,222.5781609455861,226.36784328631776,-0.0017750572196110204,0.022038091108963802,0.06892697453890818,541927630,46.32912165001978,48.607600087354975,234.18832956949868,218.14333597819012,226.16583277384444,905792.7550358258,4.602324803979449
2022-02-07,220.0,226.5,219.10000610351562,224.10000610351562,211.62477111816406,5218368,5.41209240804256,0.0013395985286415169,218.71000061035156,218.83399993896484,52.003582952484365,-0.21587056440996538,12.853965695690237,242.94042835928724,208.41957225106432,0.15404219173593928,222.72309857967463,225.97460963186822,-0.005112220102625575,0.021515418874452658,0.06643096740539207,547145998,47.088623046875,47.552747766679865,233.7899963378906,217.72000274658203,225.75499954223633,1000040.4079157525,3.302094464498226
2022-02-08,225.4499969482422,227.25,221.0,224.9499969482422,212.4274444580078,2405339,5.415878141720798,0.003785733678237868,219.96999969482422,219.21,53.036293230696614,-0.014630856675498682,12.022683617441501,242.27767181484478,208.327328490331,0.1509239554794271,222.9351841385858,225.76429577663734,0.0013404961915413072,0.021550257699860922,0.07437587581517045,549551337,65.93219304488878,53.11664591392787,233.48416315714516,217.21416956583658,225.34916636149086,1149251.2251368943,2.7783952366258697
2022-02-09,226.5,228.8000030517578,225.0,227.64999389648438,214.97714233398438,2082831,5.427809334969828,0.011931193249029803,221.49499969482423,219.67199981689453,56.256038408165,0.2831664735721434,11.516382125944869,241.84087947815064,208.34411960632204,0.14714149251003295,223.38421363933804,225.6684892212078,0.0037929086192614037,0.0217539143751359,0.07472086657007183,551634168,84.38092912946429,65.80058174040937,233.24916356404623,217.03916905721024,225.14416631062824,1788449.2420750842,1.6692304650294552
2022-02-10,228.0,229.14999389648438,226.1999969482422,226.64999389648438,214.0327911376953,1680142,5.423406950457603,-0.004402384512224522,222.85499877929686,220.04899963378907,54.75865399507352,0.38910266779943653,11.107836649308819,241.0476289893104,208.43737009516224,0.1438793724787918,223.69524033049484,225.46807098409826,0.012002653855840872,0.02167502326398953,0.054391585576858414,549954026,84.5999755859375,78.30436592009687,232.8358299255371,216.85583572387696,224.84583282470703,1292936.2074929294,1.3015649802265208
2022-02-11,224.6999969482422,226.4499969482422,218.9499969482422,219.5,207.2808380126953,2542780,5.391352232515226,-0.03205471794237713,223.27999877929688,220.24099975585938,45.444634692763536,-0.024134418069398533,11.172134031977228,239.72209104360022,208.21790834604823,0.14352702823486096,223.29569363235248,225.14740264525867,-0.004392708222319186,0.022624508027459217,0.01918263108917314,547411246,56.0,74.99363490513394,232.35166371663414,216.0566685994466,224.20416615804032,-1489034.8907349943,3.416856492027335
2022-02-14,216.89999389648438,216.89999389648438,207.35000610351562,208.5,196.8931884765625,3130216,5.339939041238856,-0.05141319127637001,222.46499938964843,220.21099975585938,35.453493386792275,-0.9867600749508971,12.64470163883991,239.5186833423757,206.1113154369212,0.16022718419882265,221.88657995308083,224.328790636711,-0.03154641115829859,0.024861007493093553,0.011564542362414713,544281030,12.0,50.86665852864585,231.36499633789063,214.81500244140625,223.08999938964843,-6195226.477772852,4.580329876723621
2022-02-15,208.0,216.8000030517578,205.10000610351562,215.64999389648438,203.64515686035156,3494720,5.373656694790974,0.03371765355211753,222.10999908447266,220.42699951171875,44.06215926133908,-1.082730182530352,14.230609309505397,235.43897411182758,207.41102436229352,0.12996962922701472,221.2926193762621,222.36742278967122,-0.05011389521640086,0.023079132078582254,-0.03520368260068572,547775750,41.53539499247273,36.51179833082426,229.97499618530273,213.48500289916993,221.72999954223633,-1740590.313816463,5.425456656334701
2022-02-16,218.25,219.6999969482422,213.0500030517578,214.14999389648438,202.22865295410156,2609705,5.366676675560256,-0.006980019230717893,220.98999786376953,220.52499938964843,42.773298149885186,-1.1800211115038313,15.138754150620688,233.17375729954514,207.56124025904862,0.11960083012132647,220.61236933056898,221.07252068140673,0.03429253667378607,0.022147574332288915,-0.0066143958825300615,545166045,35.629881762378545,29.72175891828378,228.64082895914717,212.56583658854166,220.6033327738444,-2051157.0546998256,3.1052972617402186
2022-02-17,216.5,217.4499969482422,212.1999969482422,213.6999969482422,201.80372619628906,2396158,5.364573148044532,-0.0021035275157235134,219.86499786376953,220.48299926757812,42.3728639560295,-1.2033415059046755,16.07681003530103,231.0753205594687,207.71467730430084,0.10931513144020205,219.95404815129976,220.48591246242668,-0.00695571547625462,0.0221252688852376,-0.039308210579393855,542769887,33.858239808147715,37.007838854333016,227.63999557495117,211.8400032043457,219.73999938964843,-1912172.3022435796,2.456715056140849
2022-02-18,211.60000610351562,214.1999969482422,207.25,207.8000030517578,196.23214721679688,2660630,5.336576093351161,-0.02799705469337166,218.26499786376954,220.31499938964845,37.425712856795904,-1.5241395230204153,17.471785245619603,230.7410143741548,206.2039837947905,0.11808002992787599,218.79652004658146,219.56869109432515,-0.002101316652195262,0.022009029767626313,-0.0406964863851602,540109257,10.629911799372106,26.706011123299476,226.72082875569663,211.00083669026694,218.86083272298174,-3881533.510609243,3.344560561200337
2022-02-21,207.14999389648438,207.75,202.5,203.1999969482422,191.88821411132812,3624515,5.314190700685834,-0.022385392665326798,216.17499694824218,220.0359994506836,34.08441823938638,-1.9281379825903788,19.206725602754993,231.12629465231623,203.7587029062775,0.13468303226898978,217.31113689435867,218.6158531067551,-0.02760876921263289,0.022336213224963077,-0.0598119327669971,536484742,2.4999891008649553,15.66271356946161,225.5591623942057,210.10416971842452,217.8316660563151,-5708856.026562771,2.5836614561255367
2022-02-22,196.5,199.25,191.10000610351562,197.75,186.74160766601562,4676006,5.2870036066477635,-0.027187094038070292,213.45499725341796,219.6009994506836,30.598859082563024,-2.412956414296099,21.641795333608464,232.7588959831005,200.6661009651417,0.16228973460408996,215.44817147584834,217.3059378763618,-0.022136698921846887,0.020227922890827456,0.007942910598005106,531808736,16.8781597122982,10.002686870845105,224.2708292643229,209.43583628336586,216.85333277384444,-8533907.798476968,4.121362273822693
2022-02-23,199.0,203.5500030517578,199.0,201.14999389648438,189.95233154296875,2880091,5.304050868052691,0.017047261404927738,210.80499725341798,219.28699920654296,35.06047558321322,-2.352730899201738,23.08744990511277,233.49762132613014,198.80237562211207,0.17248444820670944,214.08644027781367,216.87792557107502,-0.02682085152604785,0.020735571944784058,-0.011967814651365767,534688827,25.50758718230538,14.961911998489532,223.7183298746745,208.96833597819008,216.34333292643228,-5915879.281363176,2.2619951229525417
2022-02-24,192.9499969482422,196.5,176.4499969482422,178.5,168.563232421875,9553612,5.184588601219693,-0.11946226683299788,205.98999786376953,218.54499908447266,23.994111828954345,-3.611126532326358,25.658944886261395,238.3094293551196,190.5355672879468,0.26764068384970746,210.69725548945047,213.1577227753641,0.01719339517817642,0.032109574804870256,-0.11488433111997746,525135215,3.889949090075214,15.425231994892949,222.66082992553712,207.18083572387695,214.92083282470702,-35983504.1682227,11.232494706867122
2022-02-25,186.35000610351562,188.85000610351562,184.0,185.1999969482422,174.8902587890625,4891471,5.221436305733905,0.036847704514211266,202.55999755859375,217.89999908447265,30.938214593228594,-3.74876284012601,28.04676165447083,239.97936647025705,185.86062986763358,0.29221780504536415,208.26894515219254,211.35367192244155,-0.11260250849493192,0.03348688647914581,-0.11107151322850618,530026686,16.6034165212449,15.333650931208515,220.84499715169272,205.82000172932945,213.33249944051107,-26161169.17670301,2.618793835547986
2022-02-28,183.0,186.89999389648438,178.6999969482422,184.6999969482422,174.4180908203125,6456344,5.2187328706824125,-0.0027034350514920646,200.17999725341798,217.32799896240235,30.712703953367296,-3.6276565887619006,30.482246845400507,240.96187263965797,181.68312400340844,0.32094612677693224,206.024283418483,209.07150694260454,0.037534996908919815,0.033355480491861454,-0.054251890096445474,523570342,15.654649862888046,12.049338491402738,219.34416376749678,203.91916834513347,211.63166605631508,-22885026.722888295,4.439630256485626
2022-03-02,183.6999969482422,184.5,179.35000610351562,181.39999389648438,171.30178833007812,2962027,5.200704504034312,-0.01802836664810048,196.75499725341797,216.91099884033204,29.199901577546314,-3.521145594085617,32.743768808406635,241.5395747246431,177.3254216132475,0.3539920356780128,203.67911298781647,207.8067872443217,-0.002699784061766075,0.03311675116636482,-0.07824687277935577,520608315,9.392784126920704,13.883616837017902,217.49249725341798,202.11750183105468,209.80499954223632,-21012122.63953126,2.839026499319074
2022-03-03,184.8000030517578,184.8000030517578,178.0,178.85000610351562,168.8937530517578,3338662,5.186547499831477,-0.014157004202835388,193.2249984741211,216.4289990234375,28.05014043371426,-3.373476481179244,34.90211862096097,240.9545987444811,173.26039759340952,0.3784970580984561,201.31443614169257,205.8696110716482,-0.017866827862929258,0.031963644849699956,-0.13674568077960833,517269653,4.800018310546875,9.949150766785229,215.3374974568685,199.90250142415366,207.6199994405111,-19226611.88314803,3.8020703492859123
2022-03-04,177.1999969482422,177.75,170.64999389648438,174.39999389648438,164.69146728515625,7158636,5.161351476477656,-0.02519602335382043,189.2949981689453,215.75599884033204,26.117439644515585,-3.3213176000589364,37.20350905128113,240.22208555193646,168.93791048077838,0.4087395502632242,198.7511559278632,200.3477211301022,-0.014057265042819678,0.03203087322004437,-0.2012794308512484,510111017,7.645259463170636,7.279353966879424,212.5916648864746,197.75166702270508,205.17166595458986,-21030812.697797365,4.0711045596308075
2022-03-07,169.9499969482422,175.5,165.25,173.8000030517578,164.1248779296875,4632142,5.157905230390313,-0.003446246087343674,185.8949981689453,215.02099884033203,25.858734564414135,-3.078487612983853,39.53221268504815,238.9711663793393,165.18882965337554,0.4245243695651221,196.3748556539484,196.8470535272845,-0.024881252754644256,0.032052346050109246,-0.14258168093672502,505478875,15.702485823617357,9.382587865778307,209.923331451416,195.08833389282228,202.50583267211914,-18423445.568322513,5.89758332567321
2022-03-08,172.0,175.3000030517578,165.85000610351562,171.5500030517578,162.00013732910156,6744510,5.144874787093778,-0.013030443296534244,182.72999877929686,214.3189990234375,24.864086497233814,-2.8271614533727885,41.694580344974675,237.1722969387179,161.73269878882118,0.4397528231295692,194.01058397754932,192.9344988111625,-0.003440314597044636,0.03189695651553328,-0.14538651714805492,498734365,11.570254187059593,11.639333157949215,207.40916493733727,192.36916707356772,199.8891660054525,-17959402.987133585,5.5085961994364165
2022-03-09,173.9499969482422,179.85000610351562,171.14999389648438,177.10000610351562,167.2411651611328,6091824,5.176714579252455,0.03183979215867705,180.66499938964844,213.6829992675781,31.829603868633427,-2.0794633446359576,42.80647590329526,234.0706631586039,160.04933348446252,0.41796345072329155,192.4000527514509,190.79778704299088,-0.012945914617331411,0.03328636630451614,-0.11977103274823271,504826189,22.701162445019392,16.657967485232135,205.11333236694335,189.8283332824707,197.47083282470703,-10563825.161718577,4.912485548953657
2022-03-10,185.85000610351562,187.89999389648438,182.3000030517578,183.64999389648438,173.42652893066406,5852786,5.213031739031178,0.036317159778722186,178.91499938964844,213.05499908447266,39.01514909444533,-0.9912882772502734,42.452952678984374,229.49012089658112,160.22987574648528,0.37713175851851577,191.56671381288265,189.51721737289523,0.03235210115433995,0.03464924876368803,-0.15870063846597537,510678975,37.58936678982801,23.95359447396902,203.07666498819987,187.6116671244303,195.3441660563151,-3578182.0164932953,3.049273635088187
2022-03-11,184.0,185.8000030517578,181.3000030517578,184.25,173.99313354492188,2443880,5.216293531069446,0.003261792038268041,179.48999938964843,212.3889990234375,39.64276380644694,-0.12420736815262856,42.19676057704095,224.38903406041743,161.09096319300056,0.3435444823197659,190.86988392594145,188.63738158178694,0.03698468417409462,0.03475770853903279,-0.1354528140441556,513122855,44.705882352941174,34.99880386259621,200.97666549682617,185.35666732788087,193.16666641235352,-2857535.5975285727,2.4423337856173677
2022-03-14,184.89999389648438,185.3000030517578,181.0,183.89999389648438,173.66262817382812,2103886,5.214392098420957,-0.0019014326484887434,179.35999908447266,211.7239990234375,39.38811538788736,0.49849772586313534,41.98165764039461,220.30957142856153,161.61042521450486,0.31919058272018147,190.20608487551698,187.55507455707578,0.003267117470495684,0.034407736280611737,-0.10302141024286726,511018969,48.694497155212154,43.663248765993806,198.90499903361004,183.60500055948893,191.25499979654947,-2554512.3608960733,2.338229034514403
2022-03-15,185.5500030517578,189.9499969482422,182.0,184.10000610351562,173.85150146484375,3835547,5.215479121392294,0.0010870229713368929,179.3,211.02299926757811,39.62677941799308,0.9693542698152253,40.98523319996671,218.08299443543478,161.3970028179832,0.3079086895063883,189.6245535638978,186.632247718277,-0.0018996260706410917,0.03300314958459702,-0.09578448889568336,514854516,49.21672219723358,47.539033901795655,197.546666208903,182.40666681925455,189.97666651407877,-2079988.277819193,4.318303468046638
2022-03-16,186.0,188.10000610351562,184.0500030517578,186.5500030517578,176.16510009765625,3590473,5.228699316026094,0.013220194633800197,179.81500091552735,210.3359994506836,42.607870504743524,1.461731421643547,40.05998193385509,214.02654061017583,162.54345755876946,0.2759747103146523,189.33173922940827,185.59396454710756,0.001087613994940284,0.03198378840780353,-0.11788930098224079,518444989,68.160009765625,55.357076372690265,195.85,181.475,188.6625,-526183.1105955984,2.171001332352779
2022-03-17,190.0,194.89999389648438,189.0500030517578,193.75,182.9642791748047,5449690,5.2665686682334565,0.03786935220736254,181.30500030517578,209.69899932861327,50.3645263884109,2.2415883711978246,38.10662926077217,210.30060266557766,164.22939611371922,0.23778687252572098,189.75252596946464,185.15173170185196,0.013307967773040774,0.03354924280418733,-0.0589001553215043,523894679,96.12143631294059,71.16605609193307,194.65666656494142,180.36166687011718,187.5091667175293,5154378.95789891,3.019350113407258
2022-03-21,193.75,193.9499969482422,188.14999389648438,188.5500030517578,178.05377197265625,2515370,5.239363239889769,-0.02720542834368711,182.72000122070312,208.91999938964844,45.573884648177476,2.3643030234577758,36.39734702403405,205.62591512660225,166.3890842630462,0.2080977471678183,189.6379999773021,184.52345954262094,0.03859553380036429,0.03391263650990595,-0.07130385224167583,521379309,78.58350033090737,80.95498213649101,193.47250010172527,179.12250010172525,186.29750010172523,2549479.6319562164,3.0761087021386504
2022-03-22,188.10000610351562,190.5,183.0500030517578,190.0500030517578,179.4702606201172,4183713,5.247287211492915,0.007923971603145397,184.34500122070312,208.1509994506836,47.13596057189633,2.4908901378702444,35.379214960888106,202.14989473911618,168.09010465053228,0.1792148884065428,189.6772383653455,183.95206246771306,-0.02683869392641125,0.033633192451210964,-0.006493275325929665,525563022,83.64252329474634,86.11581997953145,192.40333353678386,178.00333353678383,185.20333353678384,3081778.1845339,3.9200193783807893
2022-03-23,190.5,191.85000610351562,188.10000610351562,189.14999389648438,178.620361328125,1612579,5.242540318810914,-0.004746892682001125,186.1050003051758,207.2739993286133,46.27772375359343,2.4544283109150395,34.208885646631266,199.44794231277436,169.3870567716983,0.15892617769539769,189.62702460640634,183.23595207689058,0.007955449354133615,0.033360445575454485,0.014780808965461181,523950443,80.60707863861725,80.94436742142368,191.58916702270508,177.33916702270508,184.46416702270508,2434190.463371674,1.9825535929185665
2022-03-24,186.89999389648438,189.6999969482422,185.35000610351562,186.64999389648438,176.259521484375,1822259,5.2292351726602675,-0.013305146150646152,187.05999908447265,206.35699920654298,43.88731820528467,2.2099801390722913,33.43186694594511,197.65118304083728,170.0738154332838,0.1477490946120674,189.34349787212804,182.63953042512628,-0.004735643992746064,0.03298633066993964,-0.026591366009112917,522128184,72.17537369888562,78.80832521074976,190.95916671752929,177.08916702270506,184.02416687011717,1435642.1828900066,2.3305604001996683
2022-03-25,188.0,188.5,184.39999389648438,187.5500030517578,177.10943603515625,1660744,5.2340454927995985,0.004810320139331026,187.45,205.47099914550782,44.98896162206064,2.05992818219684,32.81727692394598,194.63790217957043,171.72709721007803,0.12215838228042979,189.1726888416166,182.10311378443106,-0.013217023952790452,0.032715534533922314,-0.01488866245066509,523788928,75.21081835501471,75.99775689750588,190.21583353678386,176.39083353678384,183.30333353678384,1444076.8431293527,2.18608692977955
2022-03-28,188.9499969482422,189.5500030517578,184.25,188.9499969482422,178.43150329589844,2918622,5.241482413644358,0.007436920844759776,187.9199996948242,204.57699920654298,46.74058334228767,2.0041207807535315,32.044076442862384,195.21160051561577,172.19839856885687,0.12179519618125609,189.15148008986665,182.0984303041234,0.004821908302727218,0.020135247413304275,0.10669599263045859,526707550,79.51807418768581,75.63475541386207,189.66666692097982,177.3166669209798,183.4916669209798,1821502.0064173052,2.8049765214918776
2022-03-29,190.6999969482422,193.39999389648438,188.35000610351562,189.89999389648438,179.32861328125,2867220,5.246497585677557,0.005015172033198567,188.5199996948242,203.6759991455078,47.951677658564776,1.9770240064224431,30.608935784448864,195.74718168723672,172.13281709206018,0.1243515816438039,189.22276711906835,182.16318618511488,0.0074646434215093205,0.018445242460048996,0.12688726974421888,529574770,78.94736842105263,77.89208698791774,189.90333251953126,177.5333343505859,183.71833343505858,1950408.8983489708,2.659288022790316
2022-03-30,192.0,193.5,184.75,188.4499969482422,177.95932006835938,4244882,5.238832703519152,-0.007664882158405106,188.9549987792969,202.81299896240233,46.223938913431105,1.8116749133620171,29.75764921705895,196.09501480206268,172.15998397723422,0.12700998255469442,189.14916995994207,182.43145715375815,0.005027769058405518,0.018535978146966003,0.08261115098277341,525329888,53.597123881662,70.68752216346684,190.20416615804038,177.77916768391927,183.9916669209798,792483.9206350903,4.643141492012435
2022-03-31,190.0,193.1999969482422,189.3000030517578,191.0,180.3673858642578,3261714,5.25227342804663,0.013440724527478132,189.3999984741211,201.7639990234375,49.65914761067223,1.819481299678129,28.96716883305403,196.8654856492665,172.34951374038192,0.12835587386850567,189.32543948756665,182.8311767110554,-0.007635581858062568,0.018164956071590157,0.08472034627394484,528591602,71.94247763324002,68.1623233119849,190.6124994913737,178.3125010172526,184.46250025431314,1867469.1682531033,2.0418816211960076
2022-04-01,191.10000610351562,196.39999389648438,189.64999389648438,195.6999969482422,184.8057403564453,2964637,5.276582858807969,0.02430943076133918,189.59499816894532,200.9719989013672,55.32390023618738,2.0684695839889162,27.6131560285013,198.31071268217138,172.58928579194972,0.13143294476915268,189.93254019810718,183.36412971825263,0.013531457113571399,0.018340125268872208,0.14904031313390181,531556239,95.45456346965184,73.66472166151797,191.27833226521813,178.98333409627278,185.13083318074544,3591228.551737785,3.4491569265508004
2022-04-04,196.64999389648438,199.25,195.1999969482422,197.5,186.5055389404297,3240680,5.285738584341177,0.009155725533207537,190.48999786376953,200.2589990234375,57.30539850652299,2.2657883360463433,25.840812029933147,199.4378412995964,173.77215778487624,0.12995282792263377,190.65325065543033,184.89585532824566,0.024607313865142366,0.016982911626319805,0.1576571287647868,534796919,89.85507246376811,85.75070452222002,192.27833226521813,180.28833440144857,186.28333333333333,3911515.0285996026,2.0506344565862342
2022-04-05,198.0,201.25,197.3000030517578,200.14999389648438,189.0080108642578,2420941,5.299067054943875,0.013328470602698594,191.4999969482422,199.7369989013672,60.11040812032451,2.4694580912930424,24.14157433040623,200.63620801544005,175.20879015350528,0.1270418118278114,191.55770239267355,186.2920619455485,0.00919776739819711,0.01688823207855652,0.13367668423887788,537217860,93.95600940679351,93.08854844673783,193.36583201090494,182.00583445231118,187.68583323160806,4269224.1493352,1.973518395551432
2022-04-06,198.8000030517578,201.0500030517578,197.1999969482422,197.4499969482422,186.4583282470703,1882397,5.285485372276807,-0.013581682667068051,192.32999725341796,199.20999877929688,56.06852627409359,2.3193795155146577,22.54523166002891,200.14787918363564,178.2871183749581,0.11071542743253582,192.1188733027277,188.2457265941065,0.013417690615110667,0.01692281561648098,0.0970455135592663,535335463,79.12085885198553,87.64398024084907,194.46916554768882,183.6691670735677,189.06916631062825,2933268.3915187074,1.9498638455410215
2022-04-07,201.8000030517578,201.8000030517578,195.25,197.10000610351562,186.12782287597656,2715798,5.283711245125268,-0.0017741271515392398,193.3749984741211,198.90499877929688,55.54712318143625,2.1001312704346815,21.174292786437615,200.14389159729984,180.2911059612939,0.10072442933147034,192.59326690280275,189.8860213089591,-0.013489867752074947,0.01594436432892535,0.04679650366861378,532619665,74.933349609375,82.67007262271802,195.4624984741211,184.87750091552735,190.1699996948242,2378443.7018550765,3.3231876453204134
2022-04-08,199.0,204.5,195.6999969482422,202.75,191.46327209472656,6696513,5.311973692995522,0.028262447870254448,194.8949981689453,198.7119989013672,61.733657103700914,2.2271405571208174,19.939784418302228,202.0201470017858,180.32485116715952,0.10700515824723196,193.56057481682154,191.57032545944844,-0.0017725543182374182,0.015168986126819311,0.1593127990307905,539316178,91.8414906807555,81.96523304737202,196.44083251953126,185.53583374023438,190.98833312988282,7443702.826979819,4.3403220970445435
2022-04-11,203.0,204.8000030517578,200.10000610351562,201.5,190.28286743164062,2888261,5.305789381386738,-0.006184311608784299,196.1499984741211,198.48099884033203,59.75236131333389,2.1191017252501623,18.85054658736833,203.27969101689683,180.79030715204846,0.1116098454831185,194.3167105485528,192.3582136862428,0.028665620099052935,0.015373177882761869,0.12752461121067823,536427917,83.94159337375118,83.57214455462724,197.36833241780602,186.44333394368488,191.90583318074545,5864555.815982702,2.3325046889539394
2022-04-12,200.0,200.0,194.9499969482422,195.35000610351562,184.47523498535156,4091155,5.2747928527450805,-0.030996528641657584,196.69499969482422,198.08299896240234,51.06821136471647,1.5518668357227523,18.1655326861066,203.28899122387833,181.9260081657701,0.10935747320523768,194.41511964902546,192.9268370960909,-0.006165228113440224,0.01722976545625159,0.05922134251911975,532336762,54.01462021956318,76.5992347580233,198.07416585286458,187.0741673787435,192.57416661580405,1432393.8023320977,2.585105141528291
2022-04-13,195.5,198.0,195.0,195.4499969482422,184.5696563720703,2074515,5.275304576624956,0.0005117238798755253,197.3949996948242,197.6589990234375,51.19241371323528,1.1218745502334204,17.529448349220708,203.1723242317482,183.1776742423729,0.10230058992873851,194.513679391808,193.49334396167927,-0.030521061521014303,0.017233900038271317,0.0665323371427288,534411277,54.5011936009623,64.1524690647589,198.3666659037272,187.8616671244303,193.11416651407876,1257399.3316057874,1.5349194406968656
2022-04-18,193.0,194.4499969482422,188.89999389648438,190.10000610351562,179.51748657226562,2303227,5.247550281601251,-0.027754295023704856,197.30500030517578,197.07699920654298,44.660508613297644,0.45008209795616294,17.941675532943503,202.99270081368238,183.7122979656145,0.10142242098387445,194.0933295548278,193.82772283183655,0.0005118548328766348,0.018335673983776748,0.03314573156085931,532108050,28.46717875798673,45.66099752617075,198.6874989827474,188.03250020345052,193.35999959309896,-682549.6248131858,2.9195175557941098
2022-04-19,191.6999969482422,193.8000030517578,187.0,189.1999969482422,178.66757202148438,2290054,5.24280464048798,-0.0047456411132715814,196.65500030517578,196.3539990234375,43.651461100497485,-0.05508793667452733,18.594775089874464,202.930279048283,183.31971942583806,0.10364989396807255,193.6272978780101,193.79544404579744,-0.027372683183736868,0.01609544517127938,-0.03523026825579139,529817996,22.194495116807726,35.05428915858561,198.60666631062827,187.85666631062824,193.23166631062824,-879481.0449928102,3.5940820092180186
2022-04-20,190.75,195.9499969482422,189.25,194.39999389648438,183.57809448242188,3428638,5.269917860629653,0.027113220141673722,196.34499969482422,195.74299896240234,50.59666588585223,-0.03992672461707991,18.686366515866293,203.0060488524173,183.82894870617642,0.09864763759433275,193.70088797500765,193.91229063590006,-0.004734398350220714,0.016100544172905813,0.032638410897978004,533246634,48.12963804331365,32.930437306036055,198.80083262125652,187.9608332316081,193.3808329264323,1793145.8380957618,3.446500595987598
2022-04-21,199.39999389648438,204.8000030517578,197.10000610351562,204.14999389648438,192.78533935546875,7095916,5.318854987868374,0.04893712723872046,196.74499969482423,195.34999877929687,60.441863384784575,0.5910348227925472,17.652177638232196,204.64492579239825,183.60007085066817,0.10308525873579509,194.69604091991022,195.23751677668787,0.027484128076728842,0.019397532299079492,0.06664145800534453,540342550,96.3482637987006,55.557465652940685,199.52083257039388,188.65583318074545,194.08833287556968,11420579.43265351,3.771735086186935
2022-04-22,202.35000610351562,203.6999969482422,199.0500030517578,199.75,188.63027954101562,2907621,5.297066584646384,-0.021788403221989938,196.975,194.86299865722657,55.10494133771058,0.6705254020131375,16.69185939471482,205.18751042368729,184.1174868297307,0.105481970432824,195.17737035610924,195.63265405585187,0.050154322562333764,0.02013573354525468,0.044548920486314585,537434929,71.62920120252953,72.03570101484794,200.1224988301595,189.16750005086266,194.64499944051107,7961423.134661609,2.327906831781915
2022-04-25,197.5,198.5,191.10000610351562,191.9499969482422,181.2644805908203,3760965,5.257234905548095,-0.03983167909828911,196.45999908447266,194.20299865722657,47.155873701575764,0.18168873035344613,16.487376413440074,204.8853601302565,184.94963742833724,0.10385893732155024,194.8700014601219,195.7635421239172,-0.02155275056591688,0.0219702939813499,0.01030632952343917,533673964,27.808966851572297,65.26214395093417,200.60583241780597,189.34583333333336,194.97583287556967,2633285.761487906,3.8551674988980205
2022-04-26,195.39999389648438,205.3000030517578,194.0500030517578,204.10000610351562,192.73812866210938,6786358,5.318610099720334,0.061375194172239134,196.59499969482422,193.73199890136718,57.45195138455177,0.6350102410814796,15.439974472091995,205.87549365793967,185.61450420582986,0.09926991105445546,195.74904952139747,196.4893022566091,-0.03904882629165363,0.025948316878618916,0.07234243094476972,540460322,93.44264072061496,64.29360292490561,201.67999903361004,189.70500055948895,195.6924997965495,14036289.485698652,5.512003754813321
2022-04-27,201.9499969482422,211.4499969482422,198.5500030517578,210.5,198.78184509277344,8443657,5.349485653122436,0.030875553402101907,197.49499969482423,193.4089990234375,61.68656524319921,1.2866945277017223,15.295674245803557,208.32425973194714,185.3207384369982,0.10928038619928238,197.15390194793102,197.97341652501694,0.06329778248732976,0.02663042600642774,0.1318267771056428,548903979,96.11453142406022,72.45537966541583,203.02249857584633,190.28750101725262,196.65499979654948,19751012.882599927,6.128263133721793
2022-04-28,213.89999389648438,214.0,206.25,207.0,195.47669982910156,5104715,5.332718793265369,-0.01676685985706694,198.65999908447264,193.1589990234375,58.271020643664706,1.3938192727808052,15.471510273116264,209.53070508540665,185.8242936938902,0.11452372652906492,198.09162557193758,198.96571817255946,0.031357147011737085,0.027097378744462976,0.08978603562149988,543799264,74.07407407407408,87.87708207291644,204.08416595458985,191.07916717529298,197.58166656494143,14377082.113657083,3.7439613526570046
2022-04-29,205.1999969482422,210.3000030517578,204.35000610351562,205.0,193.58802795410156,2941052,5.3230099791384085,-0.009708814126960341,199.61499938964843,193.0889990234375,56.35094982611577,1.2465586906042534,15.309721087511091,209.97033434032707,187.0396647441456,0.11185692485942182,198.7495659936578,199.80704500609176,-0.016627078384798155,0.02714952787114322,0.07003823489681948,540858212,66.66666666666667,78.95175738826701,204.8266660054525,192.1016675313314,198.46416676839195,11482912.66884893,2.9024375357278966
2022-05-02,202.1999969482422,204.0,198.5,202.60000610351562,191.3216552734375,1842620,5.311233621940524,-0.011776357197884835,200.86499938964843,192.82799926757812,54.04940029076473,0.9192061211971634,14.240990572882806,210.13928013777405,188.0307195570502,0.10912418516625218,199.116274575549,200.22442192148753,-0.009661835748792313,0.02729693174598591,0.08878004039636776,539015592,57.7778003833912,66.17284704137734,205.43333307902017,192.54833399454753,198.99083353678387,9210742.751364792,2.714708704001644
2022-05-04,204.0,206.5,198.5,200.0,188.86636352539062,3633629,5.298317366548036,-0.012916255392487308,201.94499969482422,192.54499938964844,51.59105756108095,0.48127637729410244,13.602215447316851,210.24933827250774,188.35066172749228,0.1094933827250773,199.2004389016872,200.5371744342338,-0.011707287299923763,0.027041552834538164,0.02764036676726356,535381963,48.148148148148145,57.53087173273536,205.88333333333335,192.8733342488607,199.37833379109702,6545285.561468197,4.0
2022-05-05,203.60000610351562,204.0,199.10000610351562,199.6999969482422,188.58306884765625,2378186,5.2968162251400575,-0.0015011414079788565,202.475,192.26499938964844,51.30111342503192,0.1426798987933986,13.009067116434178,210.3289562193279,188.49104347549633,0.10935359578143343,199.24801585850196,200.68751594522885,-0.012833198544856872,0.026985561614018067,-0.0015860383490148766,533003777,47.037025734230326,50.98765808858991,206.10666631062827,193.01166814168295,199.5591672261556,5508321.473023069,2.4536775019352377
2022-05-06,194.85000610351562,197.0,192.10000610351562,196.3000030517578,185.37234497070312,3401145,5.279644116828813,-0.017172108311244827,201.69000091552735,192.03499938964845,48.00811373278915,-0.31406599636818955,12.746225842965517,210.21296672238697,188.22203388796459,0.11202716501549977,198.96725273405013,200.47651017266176,-0.001500015258789067,0.027100381572092942,0.016132105310660845,529602632,34.444455747251155,43.209876543209894,205.93249969482423,192.74250183105468,199.33750076293944,3069436.656725724,2.4961761692853406
2022-05-09,196.0,196.0,189.0500030517578,193.14999389648438,182.39768981933594,2440942,5.263467057512416,-0.016177059316397013,201.03000030517578,191.8339993286133,45.11851174805091,-0.8042530202881641,12.898481658330041,210.2920304639036,187.71296984127218,0.11689910088597924,198.41322808285338,200.2783156892304,-0.01702550800421687,0.027170200411079596,0.04291014092868658,527161690,22.77775517216435,34.75307888454863,205.79583257039388,192.2958356221517,199.0458340962728,1532518.6132661272,3.598238243780078
2022-05-10,193.14999389648438,203.60000610351562,193.14999389648438,198.75,187.6859588623047,7841294,5.292047753534441,0.02858069602202562,201.71000061035156,191.85399932861327,50.78931011301114,-0.7294652945603439,12.071862074094659,210.34178111008183,187.82821858474242,0.1132757862910159,198.4453015987721,200.18247349414952,-0.016046913429965115,0.0279687380996843,0.06142266145000914,535002984,38.87774803485732,32.03331965142429,206.0133328755697,192.12333501180015,199.0683339436849,7586629.419865316,5.257867777122641
2022-05-11,200.5,200.9499969482422,193.25,195.64999389648438,184.75851440429688,4078142,5.276327317460328,-0.015720436074113664,200.86499938964843,191.74399932861328,47.84225217869717,-0.8580346925724729,11.30428674587609,209.9498226906545,187.51017639381814,0.1146928034595742,198.17908181760183,199.93282695853904,0.02899304312956308,0.02739161118675864,-0.006407363929298235,530924842,26.45287235272209,29.369458519914605,205.7399991353353,191.96000188191732,198.85000050862632,4696787.346884068,3.935597847407113
2022-05-12,194.5,197.0,190.75,196.0,185.0890350341797,4355672,5.278114659230517,0.0017873417701892436,199.41499938964844,192.09399932861328,48.207661509030864,-0.885197221945861,10.771710390893015,209.65937058548104,187.2506284989916,0.11433031676780327,197.97155021592545,199.56759953646568,-0.015597514986242178,0.02737697792925787,0.044564135895256145,535280514,27.85570259852011,31.062107662033196,205.4399991353353,191.50500157674156,198.47250035603844,4243605.123745217,3.188775510204082
2022-05-13,195.5,208.4499969482422,194.0,200.64999389648438,189.4801788330078,9735027,5.301562066294208,0.023447407063691195,198.77999877929688,192.40299926757814,52.92614081291502,-0.5709432670427892,11.219790848212813,209.86865064232853,187.571347221441,0.11112536306575098,198.2266400902644,199.8638567320385,0.0017889400175541414,0.026985998530622952,0.07239304340554664,545015541,46.492954964244284,33.60050997182885,206.12333196004232,191.24833501180012,198.68583348592122,10104206.696368843,7.2015935149726245
2022-05-16,204.39999389648438,211.39999389648438,198.75,210.35000610351562,198.6402130126953,8673232,5.34877283905253,0.04721077275832197,199.31499938964845,192.9159994506836,60.9236554818704,0.2644118802833675,11.9491425758369,211.5887431596371,187.34125561965976,0.11527210285910268,199.3812463772407,200.593210491481,0.02372445865553252,0.02892667331453671,0.16023232769354426,553688773,85.37076415658026,53.23980723978158,207.13999837239584,191.3000020345052,199.22000020345052,20679385.20751816,6.0137834701365165
2022-05-17,209.1999969482422,215.6999969482422,208.0,214.89999389648438,202.93690490722656,4934672,5.370172775246809,0.021399936194279157,200.5449981689453,193.5859994506836,64.01219546863604,1.0533272875611988,13.056472428195734,213.77947621781703,187.63052134077674,0.12167964457754261,200.8592223314544,201.4500054816053,0.0483429479296944,0.028189015008502676,0.21014061926384286,558623445,96.99811168863589,76.28727693648683,208.3333312988281,192.27833557128906,200.3058334350586,20932715.515344806,3.583060570932922
2022-05-18,215.0,219.0,213.3000030517578,214.10000610351562,202.18145751953125,4081629,5.366443224103416,-0.0037295511433930173,201.9549987792969,194.2909994506836,63.06833354554582,1.427955226863022,14.39336545448494,215.14674453837267,188.75325393574843,0.12327645889866626,202.12024935736497,202.3025253671947,0.021630556980966498,0.02816865112684691,0.18455306155011267,554541816,83.63941771028473,88.66943118516697,209.55166447957353,193.60666936238607,201.57916692097984,17475862.816663086,2.6623058317365413
2022-05-19,206.0,219.0,206.0,215.25,203.26744079589844,5872245,5.371800143307841,0.005356919204424493,203.50999908447267,195.1079995727539,63.892546549348396,1.6444658687983762,14.46514876625414,216.91314417288572,189.0718549115869,0.12934396869360656,203.37070179952067,203.26429854573982,-0.003722605005536228,0.027735292544889933,0.1864590452694368,560414061,87.47913061066241,89.37222000319436,210.87749811808266,194.3025026957194,202.59000040690105,15944031.829805631,6.039488966318235
2022-05-20,216.25,218.75,214.75,216.75,204.68392944335938,2632825,5.3787446156606515,0.0069444723528109265,205.55499877929688,195.96699951171874,64.99006607592858,1.7691103078604655,14.531804698611255,218.78107994344325,188.46391975138098,0.139871557979526,204.6449206757568,203.72711126502,0.005371293151333889,0.02567788054591232,0.1336063144998623,563046886,92.48747836639744,87.86867556244822,211.4291648864746,195.22416915893555,203.32666702270507,14230489.782690542,1.845444059976932
2022-05-23,218.39999389648438,224.5,217.0,218.85000610351562,206.6670379638672,4656426,5.388386591525941,0.009641975865289254,208.125,196.9129995727539,66.52419009670594,1.8638995508017784,15.209746462092221,220.99427774560354,188.16072255957226,0.15002766401798073,205.99778595459097,204.59530392983828,0.006968641114982521,0.02502798309571152,0.12786122493356902,567703312,84.062075083579,88.0095613535463,212.53583196004234,196.04583562215169,204.290833791097,13594494.530958872,3.4270047022308576
2022-05-24,218.5,220.1999969482422,215.35000610351562,216.39999389648438,204.3533935546875,1796489,5.37712851876754,-0.01125807275840085,209.88999938964844,197.69899932861327,63.052780980141165,1.6403873834479459,15.568702646956453,221.91198520544847,189.68801479455155,0.14890929445363738,206.9884724252475,205.25688003577412,0.009688609474120424,0.02316081797531977,0.15012948831742595,565906823,77.15089759995799,84.56681701664483,213.5816650390625,197.34666900634767,205.46416702270508,11023649.60085084,2.24121579552658
2022-05-25,217.60000610351562,218.9499969482422,211.89999389648438,212.8000030517578,200.95382690429688,1889645,5.360352771808456,-0.016775746959083904,211.6050003051758,198.28199951171874,58.24338390941256,1.1519592110321595,15.34939172548866,222.6075738810484,189.8624258137758,0.15387757329734744,207.5419515325342,205.75759424370395,-0.01119493780535874,0.019390528080823664,0.08388428673324014,564017178,66.99577445570883,76.06958237974862,214.04166488647462,198.22666854858397,206.1341667175293,8477027.557903102,3.3129713113975336
2022-05-26,213.1999969482422,214.75,207.0,213.5,201.6148223876953,3168312,5.363636832668679,0.00328406086022337,213.3550003051758,198.86699951171875,58.89984543428777,0.7948806581391601,14.425736999264249,222.9647821339805,189.80521756084372,0.15531411978050014,208.1093847199119,205.8734716440156,-0.016635817681439624,0.018150253048250013,0.02992524217542777,567185490,68.97037814682959,71.03901673416549,214.02999852498374,198.73000157674153,206.38000005086263,7582853.439785388,3.629976580796253
2022-05-27,216.0,217.6999969482422,212.25,215.14999389648438,203.17298889160156,1847098,5.3713354309159556,0.007698598247276145,214.80500030517578,199.49199951171875,60.477106514278006,0.5976630419480191,13.9507474324631,223.80762034002666,189.777378744446,0.15816984690203484,208.77991892720453,205.8799646564889,0.003289459296069275,0.017727184536228888,0.08263562775318677,569032588,72.29627821180556,69.42081027144802,214.21249821980797,199.14250157674152,206.6774998982747,6934974.437845833,2.533115083825825
2022-05-30,217.5,220.64999389648438,217.10000610351562,220.0,207.7530059814453,1860634,5.393627546352362,0.022292115436406412,215.7699996948242,200.20999938964843,64.75827149014347,0.7138367454613288,13.87744109870876,225.47318102705387,189.6118180574188,0.1630061953165231,209.8484980769946,206.16233846050386,0.007728308648638826,0.018063909018945692,0.12660802715873531,570893222,86.66666666666667,75.97777434176729,214.7274976094564,199.89750188191732,207.3124997456868,7233418.9833548125,1.6136308149857954
2022-05-31,219.0,221.5500030517578,217.3000030517578,218.35000610351562,206.1948699951172,2127628,5.386099307884469,-0.007528238467893189,216.11500091552733,200.8459994506836,62.286370931933774,0.6039062461084592,13.921399045610857,226.70126800268937,189.95873108178327,0.16827357862993217,210.65816550809183,206.60061700745908,0.02254244127866034,0.01789890213846389,0.10183096341482625,568765594,81.77779586226852,80.24691358024694,215.53333104451494,200.82833531697594,208.18083318074545,5698562.955162803,1.9464162496909458
2022-06-01,218.5,221.89999389648438,218.5,219.85000610351562,207.61135864257812,2615209,5.392945523389001,0.006846215504531905,216.69000091552735,201.36799957275392,63.64497768117544,0.5576695782140124,14.007943226589443,227.92969225203328,190.71530744279093,0.16927170241569192,211.5335788981322,207.26227410015846,-0.007499972256747145,0.01746640109728268,0.1246745210576814,571380803,84.75411837218238,84.39952696703921,216.22416407267255,201.97916895548502,209.10166651407877,5444884.461568116,1.5465061642452262
2022-06-02,219.4499969482422,222.5500030517578,218.10000610351562,221.89999389648438,209.54722595214844,1876440,5.402226802432844,0.009281279043843682,217.3550003051758,202.03499938964845,65.47547002389231,0.5876066667583881,14.177737681639357,229.25852873547836,191.6064706541701,0.16968030246486998,212.52085651702288,207.7698549905931,0.006869704410674027,0.017425773287756175,0.1645644422350944,573257243,89.90288891838593,85.4782677176123,217.19749755859374,202.99750213623048,210.0974998474121,5216569.409092426,2.0054065212449244
2022-06-03,223.0,223.6999969482422,217.35000610351562,218.3000030517578,206.14764404296875,3370883,5.385870277535549,-0.016356524897295444,217.51000061035157,202.59999938964845,59.782817391625564,0.30181092672597565,14.49869400034322,229.4772314838638,193.58776790578466,0.16440432009325223,213.07125142509287,208.8151902864847,0.009324483675490658,0.017372225410573212,0.10462179975567863,569886360,66.48650298247466,80.38117009101434,218.50249735514322,204.15750223795573,211.32999979654946,2737752.6451300215,2.9088368098744426
2022-06-06,218.0,220.25,213.25,215.89999389648438,203.88124084472656,5773421,5.374815309250656,-0.01105496828489283,217.21499938964843,203.13499938964844,56.27035335028175,-0.09100600865667907,13.991452316191069,228.57815707447295,196.76184231517547,0.14736598267136666,213.3406554699873,209.81811312841126,-0.016223483297642338,0.017077118607710794,0.07829807425580369,564112939,53.51348052153716,69.96762414079926,219.69166412353516,205.34166870117187,212.51666641235352,367178.9447903151,3.242241870259722
2022-06-07,215.60000610351562,215.60000610351562,209.1999969482422,210.89999389648438,199.15957641601562,1931353,5.351384058544398,-0.023431250706257956,216.66499938964844,203.61999938964843,49.71675165028642,-0.6960275636432032,13.167785567922833,227.88799402546675,198.6670047538301,0.1385537701152288,213.10821151060608,211.0185936163211,-0.010994086677609483,0.017316354149128448,0.06528825370707309,562181586,26.486453494510137,48.82881233284067,220.15916392008467,206.21416880289712,213.18666636149086,-1064813.0473225869,3.034617989801717
2022-06-08,211.75,214.8000030517578,209.4499969482422,212.0,200.19834899902344,1738755,5.356586274672012,0.005202216127614179,216.58499908447266,204.1089993286133,51.066995044666314,-1.011464107038356,12.402952158816614,226.3004877007677,201.88951168888076,0.1151461132636176,213.00266755721503,211.82705880827814,-0.023158870501855167,0.01674889035857817,0.08673828047999539,563920341,28.571428571428573,36.19045419582531,220.81499786376952,207.1050018310547,213.95999984741212,-639462.4530596016,2.5235877846771815
2022-06-09,211.9499969482422,211.9499969482422,206.25,208.5500030517578,196.94041442871094,1897437,5.340178835276173,-0.016407439395838885,216.08999938964843,204.5009994506836,46.82047794175473,-1.4169239043514095,12.233274618443486,224.10666238119333,205.3383373136309,0.08999436486656168,212.578604270981,212.78713525615103,0.005215771149123638,0.017358930685199055,0.043763244771619234,562022904,12.602756447988014,22.553546171308927,221.50416437784833,207.84916865030922,214.67666651407876,-1483275.2254056316,2.733156012866404
2022-06-10,206.0,206.9499969482422,200.0,200.39999389648438,189.2440948486328,2887595,5.300315338754045,-0.03986349652212873,214.61499938964843,204.7109994506836,38.64504965990822,-2.1542680033892245,12.977309384843602,224.16947298578066,205.25052670904358,0.09440592241988571,211.41873661626704,214.0757480162089,-0.01627357051057632,0.0190575770469613,0.02120131757406821,559135309,1.687738177173235,14.287307732196625,221.19999771118165,208.29500198364258,214.74749984741212,-4633368.148450798,3.468062455047865
2022-06-13,198.75,198.75,187.6999969482422,189.60000610351562,179.04531860351562,3101090,5.244916622012459,-0.055398716741585474,211.575,204.73399963378907,30.936172823651376,-3.225183390286877,14.934454833931335,228.076542860742,199.2684568340822,0.15194137710592417,209.34076228171926,213.98263994814369,-0.03907940079603245,0.01915001824901303,-0.1311457650964236,556034219,5.277803209092882,6.522765944751396,220.3791648864746,207.6341682434082,214.0066665649414,-8755991.862228893,5.8280604936926315
2022-06-14,189.64999389648438,192.5,186.0,187.10000610351562,176.6844940185547,2177460,5.231643265901719,-0.013273356110739876,208.45,204.65599975585937,29.470663523735723,-3.9119989678840543,16.89228949338538,230.73964537085217,193.82535554467515,0.19729710647766463,207.22259502665224,213.11168665401846,-0.05389215629690802,0.018158355828184168,-0.23081576279861837,553856759,2.9177883091762804,3.294443231814151,219.10249862670898,206.4775016784668,212.79000015258788,-8282800.167624765,3.4740779198071143
2022-06-15,188.1999969482422,188.1999969482422,183.0,186.10000610351562,175.74014282226562,2726702,5.226284196445172,-0.005359069456547516,205.075,204.46399993896483,28.8812997972029,-4.217421486084625,18.95322711333178,232.54514422786545,189.21985668766192,0.23280648102775678,205.21091989111542,211.60717503289527,-0.01318565358397239,0.018147774019615502,-0.17455711149067857,551130057,7.616723184175847,5.270771567481689,217.59249852498374,205.0175015767415,211.3050000508626,-7489071.857964085,2.7941949369683305
2022-06-16,183.0,184.8000030517578,175.0,176.1999969482422,169.34873962402344,3807016,5.171619696182227,-0.05466450026294467,200.50500030517577,204.03799987792968,23.80562916286864,-4.826148905957922,21.42837970196394,235.21271909936098,182.64728151099058,0.2983282548172303,202.447974848937,209.08258861590633,-0.005344735261241684,0.020631744549817983,-0.2807067643765318,547323041,2.464059596384638,4.332857029912274,215.69499867757162,203.44000142415365,209.56750005086263,-11803417.771722425,5.561863349314649
2022-06-17,176.4499969482422,179.0,172.89999389648438,175.5500030517578,168.7239990234375,3024259,5.1679239199984215,-0.003695776183805677,196.2300003051758,203.54600006103516,23.51344855230184,-4.9917573313032335,23.857114352648214,236.6092215977178,177.13077931780953,0.3388119695012031,199.88626324920565,206.85699166911053,-0.053197253254073984,0.020312294556661746,-0.2859899624567115,544298782,5.216553141883601,5.099111974148048,213.75333226521812,201.28833440144857,207.52083333333334,-10398036.645960357,3.4747969225139492
2022-06-20,176.5,181.75,167.10000610351562,176.4499969482422,169.58900451660156,5267947,5.173037532825967,0.005113612827545744,192.28500061035157,203.12600006103514,24.888108862979095,-4.760652063628458,26.445875312016803,236.73147716877435,172.76852283122565,0.36249903906946995,197.65423788720912,202.6839882622251,-0.003688955208525413,0.020100703642110397,-0.2132846172399964,549566729,16.519421125662078,8.066677954643458,211.85999857584633,198.68000132242838,205.26999994913734,-8235299.961251281,8.302631991986736
2022-06-21,178.0,180.0,175.35000610351562,179.25,172.28013610839844,3558572,5.188781479479729,0.01574394665376211,189.12000122070313,202.76899993896484,29.15418070166379,-4.160904624249305,28.849724774287637,236.23795261690972,169.54704799344185,0.3720552559189282,195.90145332652253,200.68186001475388,0.005126709660147499,0.020945617262995403,-0.14611294057700475,553125301,21.46642378408864,14.400799350544792,209.89416554768883,196.73416798909506,203.3141667683919,-5635398.186801113,2.5941388543845885
2022-06-22,179.0,181.3000030517578,176.10000610351562,179.5500030517578,172.5684814453125,3385696,5.190453737668793,0.0016722581890640242,185.8750015258789,202.305,29.615443782961066,-3.511599781480488,30.778706469232613,235.72936665217676,166.73063395817482,0.38428700373851893,194.3441723479735,198.96764524004695,0.015868535563529296,0.021001745343489447,-0.09911489873017587,556510997,21.996464597312134,19.99410316902097,208.02333221435546,195.04833526611327,201.53583374023438,-4685238.569783209,2.8961274630238885
2022-06-23,179.5,184.3000030517578,174.39999389648438,179.39999389648438,172.42430114746094,5974789,5.189617915602869,-0.0008358220659241411,182.96000061035156,201.8629998779297,29.51197495760583,-2.8859860326533777,31.88178860416436,234.79222886250764,164.25777113749237,0.3931686740508719,192.9209172573555,196.38175092090663,0.0016736571925122234,0.020902530462267695,-0.12877473201948644,550536208,23.142030490021067,22.2016396238073,206.51166585286455,193.32166798909506,199.91666692097982,-4143957.7813608972,5.518399939849409
2022-06-24,181.25,183.0,179.89999389648438,181.3000030517578,174.25042724609375,3491221,5.200153134593446,0.010535218990576745,181.0500015258789,201.58199981689452,32.71832321692794,-2.170611983721426,32.90607915802955,233.18672550567365,162.4782754098537,0.3900079917573636,191.81416352348907,194.99574341835972,-0.0008354728639586861,0.021028571461007,-0.13268471864686604,554027429,29.27834422317977,24.805613103504342,204.71249974568687,191.75750096638996,198.2350003560384,-2604342.1178689282,1.7098764761910294
2022-06-27,185.39999389648438,189.25,183.3000030517578,187.64999389648438,180.35350036621094,4036877,5.234578493054967,0.034425358461520617,180.8550003051758,201.42599975585938,42.18388404658946,-1.147544308141514,32.50005408349447,230.30184630432774,162.12815400084804,0.36330239552838556,191.41757593996482,193.7840372629374,0.010590909810006766,0.022147835884984778,-0.11762768782271851,558064306,43.08173817131878,31.834037628173224,203.20666681925456,190.01166712443035,196.60916697184246,1429725.6120105227,3.1707951728069097
2022-06-28,186.60000610351562,190.25,184.0,188.89999389648438,181.55491638183594,3252373,5.241217742196635,0.006639249141668024,181.03499908447264,201.40199951171874,43.85827509495128,-0.30810514208718054,31.92402502449629,227.39139254028885,162.09360654418379,0.34567383857030565,191.1778062215381,192.66824256204788,0.035024769651624155,0.022379187289627483,-0.07125141249083321,561316679,48.606448702390274,40.32217703229629,201.7391665140788,188.34416681925455,195.04166666666666,1806259.9888661625,3.3086290110866536
2022-06-29,186.10000610351562,187.85000610351562,184.85000610351562,186.89999389648438,179.63267517089844,2263450,5.230573681804932,-0.010644060391702403,181.11499786376953,201.35599945068358,41.773708935437,0.16552927001453543,31.3891408982837,223.7758852093319,162.41411265443762,0.3283134005284123,190.77039552391392,191.36250725724713,0.006661337813256507,0.022150013286356813,-0.050757152237565537,559053229,49.68630449657663,47.12483045676191,200.04166692097982,186.68666661580406,193.36416676839195,901522.8475995678,1.6051364890153859
2022-06-30,187.5,188.64999389648438,184.5,185.10000610351562,177.90267944335938,1958789,5.220896252553604,-0.00967742925132864,182.00499877929687,201.1699996948242,39.934072568729306,0.3974426877266568,30.71546562181764,219.08686665238605,163.42313243208662,0.3007224872222314,190.23035843625695,190.36179693167455,-0.010587612835477267,0.021778948151307296,-0.09215046043932289,557094440,56.87204888213078,51.72160069369925,198.28833338419597,184.96333338419595,191.62583338419594,269048.6852279918,2.24202796306961
2022-07-01,185.6999969482422,190.0,184.3000030517578,189.0500030517578,181.69908142089844,1276512,5.242011546479538,0.021115293925934253,183.35499877929686,200.8679998779297,45.596086988252225,0.831737525385579,29.78566154500667,214.7072172965203,164.87778178795236,0.2635780730187331,190.11794363773322,188.74892298928944,-0.009630753620921362,0.022704760320110307,-0.044610344843439384,558370952,86.4173315855808,64.32522832142942,196.65583368937175,183.39583307902018,190.02583338419598,950930.0879660689,3.0150737139536843
2022-07-04,189.0,191.0,188.14999389648438,189.3000030517578,181.93936157226562,1051165,5.2433330743365545,0.0013215278570166689,184.63999938964844,200.65899993896485,45.94339871931394,1.1320938038264003,28.69439339235418,210.31188955470947,166.61311044529054,0.23084404862619542,190.040044534307,186.04093527941086,0.021339799124767023,0.022755369849270016,-0.027799776967116368,559422117,92.88704024107616,78.72547356959593,195.0991673787435,182.25416615804036,188.67666676839193,852624.539685202,1.505549951172682
2022-07-05,191.35000610351562,191.5500030517578,185.75,186.14999389648438,178.91183471679688,1227177,5.226552767530567,-0.01678030680598752,185.3299987792969,200.54299987792967,42.28080261818023,1.1131939037130962,28.08087712762009,206.5032652056209,167.9467347943791,0.20712614383797717,189.66956352118103,185.21890719591246,0.001322401459742606,0.022546955642824943,-0.030762777324246357,558194940,77.91407022788333,85.73948068484678,193.86500040690103,181.0799997965495,187.47250010172527,178589.77899574582,3.1157685962552972
2022-07-06,187.4499969482422,195.0500030517578,187.4499969482422,192.8000030517578,185.30328369140625,3004454,5.261653398005064,0.03510063047449741,186.65499877929688,200.31699981689454,51.136894003597874,1.518058259763552,26.71131297870867,202.12126444514908,170.40873586002672,0.1644840668213528,189.9677006193312,184.7634929213017,-0.016640301661337897,0.024307315821388984,-0.008096855294655751,561199394,91.94990967560193,87.5836733815205,192.96166712443033,179.9516665140788,186.45666681925456,3007312.1829389106,3.941911817021796
2022-07-07,194.4499969482422,203.0,193.5500030517578,202.0500030517578,194.19358825683594,5020555,5.3085152066284556,0.04686180862339118,188.9199996948242,200.1479998779297,60.26873552462439,2.3297715631608433,25.61183671085137,200.13533775962313,171.74466254555264,0.14051311450264037,191.1183960890861,185.21671750658808,0.035723928946091776,0.026782381950981173,0.06235169977656823,566219949,97.35376849650324,89.07258279999617,192.68000055948892,179.29499994913738,185.98750025431315,9212000.978233352,4.677058552590788
2022-07-08,202.85000610351562,205.25,199.8000030517578,203.14999389648438,195.2508087158203,2784010,5.3139445923893565,0.005429385760900907,191.10499877929686,200.07099975585936,61.19742362310205,2.8285139870856457,24.930237178233693,200.87109599322093,171.28390431195487,0.14564209977944817,192.26426254693357,185.2007486184154,0.04797717766382403,0.025279744400118445,0.113645091503687,569003959,93.19285028187949,94.16550948466158,192.61916732788086,179.3841667175293,186.00166702270508,8333484.483003902,2.6827453172453692
2022-07-11,200.3000030517578,209.1999969482422,200.3000030517578,207.5,199.4316864013672,2145160,5.335131339670753,0.02118674728139691,193.08999938964843,200.12099975585937,64.71035938046393,3.305909050677226,24.848672360109926,204.43530232549855,169.50969736932566,0.1683161684634838,193.71528516151133,185.57132227665008,0.005444151586796897,0.022081325916533095,0.17011113492638252,571149119,95.11495172654499,95.2205235016426,193.19416681925458,180.1741671244303,186.68416697184244,8476052.284434427,4.289153685052711
2022-07-12,206.0,207.4499969482422,204.5500030517578,206.4499969482422,198.42251586914062,1447158,5.330058237550031,-0.005073102120721984,194.84499969482422,200.1979995727539,63.222483929030204,3.3927473599609335,24.772933600423567,207.35845906144658,168.52153971785032,0.18811780052160926,194.9281148554857,185.95566230286295,0.021412779887811206,0.021806953793982394,0.2032855841436558,569701961,92.09770184241093,93.46850128361181,193.8949996948242,181.23500061035156,187.56500015258788,7048113.341461548,1.404695538557656
2022-07-13,207.5,210.25,206.35000610351562,207.14999389648438,199.09527587890625,1439599,5.333443139059178,0.0033849015091469425,196.86999969482423,200.3409994506836,63.819732079956516,3.334188208485328,25.085257845110522,210.1058409802924,167.87915657830135,0.20384593601818934,196.09210333558082,186.49642490338343,-0.005060255671122005,0.021672568211851304,0.18457492729990116,571141560,89.78581390414767,92.33282249103455,194.9374994913737,182.4075007120768,188.67250010172523,6185199.279351685,1.8826908092660886
2022-07-14,207.14999389648438,209.1999969482422,204.5,206.64999389648438,198.61473083496094,1200408,5.331026511422219,-0.0024166276369594897,199.0249984741211,200.47999938964844,63.032334003051695,3.103386221718255,24.93586693943113,212.10501951363844,168.9249777397795,0.20895254318511514,197.09761672233353,187.44978549781882,0.0033906367575180507,0.016863045559329368,0.24184702927724647,569941152,86.6419053388782,89.50847369514561,196.08833236694335,184.06833419799804,190.0783332824707,5215855.953730017,2.274375556283114
2022-07-15,207.9499969482422,211.85000610351562,207.0,211.14999389648438,202.9397430419922,2534663,5.352568752473887,0.021542241051668576,201.23499755859376,200.77699920654297,66.98083825139341,3.088739858355724,25.173657624212446,214.51718968692282,170.0728066509678,0.21048725702423526,198.43593835796693,189.0893064320486,-0.0024137099431914555,0.01688464114045151,0.2830046503276339,572475815,97.48649172847799,91.3047369905013,197.73499908447266,185.84000091552736,191.7875,6100159.888911443,2.2969482565523185
2022-07-18,212.0,213.64999389648438,209.9499969482422,211.64999389648438,203.42030334472656,1214398,5.354933938129155,0.0023651856552673323,203.4699966430664,201.14699920654297,67.39751896838114,2.9480329204866633,25.63879019736751,216.55268139033842,171.5573146423764,0.21259328157584892,199.69441983782573,191.02578573857627,0.021775950316524906,0.016932659410390218,0.2752059393292102,573690213,93.18568782327458,92.43802829687694,199.01999893188477,188.22000045776366,193.61999969482423,5315451.190495523,1.748167755701337
2022-07-19,209.75,213.5,208.89999389648438,212.14999389648438,203.90087890625,1287440,5.357293542878521,0.002359604749366362,206.06999664306642,201.41499908447267,67.83464869519864,2.728970583554788,25.797131089984497,218.43696855471106,172.96302686765225,0.21434806973997456,200.88066498626944,192.46634902304956,0.0023679849133462216,0.016924982660301405,0.25012690495093715,574977653,94.88926586745593,95.18714847306951,200.68333257039387,189.8883328755697,195.28583272298178,4648061.020424734,2.16828010174732
2022-07-20,213.9499969482422,214.75,211.75,212.39999389648438,204.1411590576172,1231681,5.358471260631834,0.0011777177533129901,208.02999572753907,201.74999908447265,68.06520579481005,2.4501059182436995,26.129402082847754,219.92107411672936,174.7639203901066,0.21260430802380642,201.97774393009945,193.94829808575096,0.002362390807554293,0.016936000656246723,0.2236638705522898,576209334,92.28240939560656,93.45245436211239,202.27249908447266,191.69749908447267,196.98499908447266,4028040.910364058,1.4124294191185736
2022-07-21,212.0,213.5500030517578,210.89999389648438,213.14999389648438,204.86199951171875,980144,5.361996114576382,0.0035248539445476013,209.1399948120117,202.09299896240233,68.78800500243328,2.174701403541433,26.1989465835317,221.02977481715385,177.0302196896821,0.20642531732297398,203.0417677364218,196.40675776216676,0.001178411535198931,0.016836218469453434,0.26429710095795744,577189478,94.48273757408406,93.88480427904888,203.56833241780598,193.71833241780598,198.643332417806,3557621.923169193,1.2432602538850674
2022-07-22,213.8000030517578,215.4499969482422,210.35000610351562,211.75,203.51641845703125,1407502,5.355406333532164,-0.006589781044217702,209.99999542236327,202.31499908447265,65.79441619787372,1.7737386318601454,26.566319090247838,221.62872410683866,179.47627009482147,0.19906707915946723,203.87112319009591,198.24827319152388,0.0035310735477964705,0.017173363704897037,0.27052347248926045,575781976,87.54209653728205,91.43574783565758,205.2241650899251,195.17416661580404,200.1991658528646,2767891.0471036583,2.4084962666949528
2022-07-25,212.35000610351562,215.8000030517578,210.64999389648438,213.8000030517578,205.48672485351562,1575796,5.365041012864835,0.009634679332671148,210.62999572753907,202.3839990234375,67.99107956432175,1.531225544505654,26.963382209014387,222.81646386417444,180.90353125301309,0.19603803560758065,204.81673079596848,200.0859290893447,-0.00656811605241836,0.015961170169196497,0.24838088590875979,577357772,92.94532779747097,91.65672063627903,206.518332417806,196.54833272298177,201.53333257039387,2833961.841652815,2.4087975125176664
2022-07-26,214.39999389648438,214.39999389648438,208.0,209.0500030517578,200.9214324951172,992654,5.342573472400794,-0.022467540464041313,210.88999633789064,202.26699920654298,58.60051471202939,0.9632883049125507,26.529133181753853,223.16183585087003,182.5731601818448,0.19415773774935585,205.21989958223412,201.48844512214174,0.009681242275125346,0.017218109425399378,0.1941949386642567,576365118,69.66292134831461,83.38344856102256,207.66416549682617,197.6791664123535,202.67166595458986,1755523.5071309847,3.06146558385834
2022-07-27,208.3000030517578,212.75,206.25,212.3000030517578,204.04505920410156,1286108,5.358000383083953,0.015426910683158823,211.40499725341797,202.2309991455078,62.42452213388635,0.7294995014222065,25.633255129365132,223.43026230347917,184.844734644763,0.1817500099107826,205.8941951507602,202.78186460948595,-0.02221702494012634,0.016944856423607362,0.20753899573250467,577651226,78.125,80.24441638192854,209.03416544596354,198.69916636149088,203.8666659037272,2101856.006112273,3.0617050902327723
2022-07-28,212.64999389648438,218.75,210.9499969482422,218.14999389648438,209.6675567626953,2944272,5.385182871591091,0.027182488507138558,212.55499725341798,202.2889990234375,68.13078372578276,0.8816667242782241,25.87043775848996,223.90276964735943,187.67722608017965,0.16605796278119256,207.0614140789244,204.76460429026298,0.015546519744347176,0.017117965062033582,0.30959377302352814,580595498,96.74793386037503,81.5119517362299,210.70999908447266,200.00999908447267,205.35999908447266,4262157.183008343,3.5755229291727773
2022-07-29,218.25,222.0,217.60000610351562,219.89999389648438,211.34951782226562,1818463,5.393172869804846,0.007989998213754568,213.42999725341798,202.35199890136718,69.61720670069293,1.004105515779126,26.558319410287655,224.72008477977977,189.94491003223197,0.15814086272288777,208.28413596631106,206.10581650654777,0.02755530268786832,0.016844365551866133,0.2840110447643271,582413961,87.99996512276786,87.62429966104764,212.24749883015951,201.67749913533527,206.96249898274738,4107893.335435723,2.000906784270138
2022-08-01,220.35000610351562,224.5,220.35000610351562,222.10000610351562,213.4639892578125,2157833,5.403127758381316,0.009954888576470644,214.4749984741211,202.41699890136718,71.42179328521297,1.127922826833113,27.523818899469067,225.40878317237141,192.53621194481607,0.14800797084280223,209.59993312223529,207.49716982931622,0.008022003433245217,0.016782584880887037,0.27208977437598886,584571794,88.00003051757812,90.91597650024035,213.95416514078775,203.25416666666666,208.6041659037272,4199231.279049886,1.868524890787333
2022-08-02,222.39999389648438,229.64999389648438,218.5500030517578,227.35000610351562,218.5098419189453,4821502,5.4264907071173605,0.023362948736044054,215.99499969482423,202.6359991455078,75.20630743537063,1.438185790534714,29.002269371943317,225.74814644217525,196.3168498957154,0.12945368707427868,211.2904162633096,210.1470916018247,0.010004603311025484,0.016051477860469895,0.3423992598008495,589393296,90.85491709288145,88.95163757774249,216.08749796549478,204.8575007120768,210.47249933878578,7215467.596328475,4.882335846374502
2022-08-03,228.0,229.14999389648438,223.14999389648438,228.5,219.61514282226562,1905742,5.43153621033426,0.0050455032168992275,217.6050003051758,202.94999908447267,75.95737324085262,1.5841140525246455,30.375116239240835,226.90094058855175,198.73405544416312,0.12326864395793712,212.92942423823249,212.3168436943503,0.023638000250900904,0.014905513645687395,0.3584094470097896,591299038,95.08549488700017,91.3134808324866,217.7658307393392,206.69583409627276,212.23083241780597,6497771.035177825,2.62582056892779
2022-08-04,229.6999969482422,233.89999389648438,225.3000030517578,232.1999969482422,223.1712646484375,2680246,5.447599056120993,0.016062845786732893,219.51000061035157,203.3239990234375,78.24119559816437,1.7785154276774318,32.119459134485204,229.8556640449576,198.7943313774057,0.1337697376218119,214.76471687728105,215.29734693848482,0.005058253202600671,0.01187671031317336,0.31741777536599064,593979284,93.8517275822678,93.26404652071649,219.26999689737954,208.2850008646647,213.77749888102213,6986218.318800754,3.703699809541133
2022-08-05,233.4499969482422,233.4499969482422,228.0500030517578,230.0,221.0568084716797,2146494,5.438079308923196,-0.009519747197797024,221.33500061035156,203.62099914550782,73.75500911403014,1.612530546333435,33.73920610864069,231.73477425698653,199.60022177572833,0.13971544557068782,216.2156962223019,217.11399707553394,0.0161925468194406,0.012437799171013578,0.28967750162826666,591832790,85.89513650134928,91.6107863235391,220.6558301289876,209.67583440144858,215.1658322652181,5313575.666197766,2.347823433254076
2022-08-08,230.0,232.60000610351562,228.10000610351562,228.89999389648438,219.9995574951172,1178984,5.43328520029397,-0.004794108629225136,222.84499969482422,203.7989990234375,71.54606219469292,1.2958873056511058,35.24325687035649,233.3283371438042,200.1466582785591,0.1449614667978142,217.42372457222402,218.20614504626283,-0.009474577851663724,0.012138141152146988,0.239869940857641,590653806,81.916813368137,87.22122581725138,221.64583053588868,211.10583419799804,216.37583236694337,4369223.485891333,1.965924036693089
2022-08-10,229.0,229.8000030517578,225.4499969482422,228.60000610351562,219.71124267578125,1248427,5.431973778060254,-0.0013114222337167192,224.8,204.0039990234375,70.92222782303051,0.9495149962674638,35.74121452703551,234.49813633282957,201.19186000506107,0.1456967429505956,218.48813233710894,219.02749614945415,-0.004782635232676635,0.012002950641613754,0.24425789546251683,589405379,80.83186631863008,82.88127206270548,222.80833129882814,212.1233337402344,217.46583251953126,3691546.8649907717,1.9028897582556654
2022-08-11,229.75,234.75,229.0,233.75,224.66099548339844,1683251,5.4542521681687965,0.022278390108542823,226.94499969482422,204.2819989013672,74.95891040562188,0.9483074539069625,36.78360834057107,236.43676549925283,201.91323144898934,0.14769426331663527,219.94164354309856,220.09297818790662,-0.0013105626953594518,0.012600995015290575,0.29625427027699,591088630,96.49122807017544,86.41330258564751,224.1299982706706,213.26000010172524,218.6949991861979,4402573.366599407,2.4598930481283423
2022-08-12,234.75,239.5,231.35000610351562,236.10000610351562,226.9196014404297,3143149,5.464255469942867,0.010003301774070827,228.74000091552733,204.56599914550782,76.55811132110085,0.9826557377541221,38.201379633710395,238.40169851325658,202.89329965568874,0.15039558636012718,221.48053521551924,221.78955717811124,0.022528406644715115,0.012463523458558869,0.29749036006188695,594231779,89.77445444666354,89.03251627848971,225.7458318074544,214.5308339436849,220.1383328755697,4828837.076265068,3.451924475135801
2022-08-16,238.10000610351562,257.54998779296875,235.85000610351562,250.14999389648438,240.42330932617188,20112566,5.522060713534791,0.05780524359192363,231.76500091552734,205.20299896240235,83.38855439393586,1.781914957773477,40.57615930313114,243.95260424516928,201.242393923776,0.1707384024125436,224.21095985180165,231.71535582278753,0.01005350204712574,0.016916846727640034,0.2860777634077986,614344345,85.57505719816443,90.61357990500115,228.48083038330077,215.5808349609375,222.03083267211915,44507761.32040982,8.674788014759212
2022-08-17,249.1999969482422,261.8999938964844,249.0500030517578,260.0,249.8903045654297,8884401,5.560681631015528,0.038620917480736594,235.55500030517578,206.08499908447266,86.38394130562052,2.7466126806406095,42.947411661914536,251.25396138324317,198.7760373960537,0.2018381691814979,227.61943986591578,235.63329306459397,0.05950862952035951,0.018171753981985193,0.35162480426282067,623228746,96.58581472619998,90.64510879034266,231.1999969482422,217.38500213623047,224.29249954223633,50651138.856934175,4.942304171048678
2022-08-18,260.0,267.3500061035156,257.6499938964844,266.5,256.1375732421875,5840246,5.585374243605899,0.024692612590371255,239.46999969482422,207.19699920654296,87.9305944228881,3.5443833541131298,45.33476440116834,258.8780174578528,196.5869819317956,0.23373746914092763,231.3223503548762,238.51021013934417,0.03937639953567906,0.018342800428811513,0.3910731748183655,629068992,98.49289722422651,93.55125638286366,234.07083079020185,219.74583536783854,226.90833307902017,48838347.44880073,3.6397794397865857
2022-08-19,266.3999938964844,268.29998779296875,259.1499938964844,260.1499938964844,250.0344696044922,3603948,5.561258364274788,-0.024115879331111145,242.63499908447267,208.15999908447264,78.54415565749824,3.3675711937943262,47.58238917434807,263.4427290395048,196.79727035014363,0.25618089660951476,234.06784021598173,240.18662911792057,0.02499999999999991,0.019880221768068817,0.34781373817128375,625465044,83.92505554261417,93.00125583101358,236.8566635131836,221.9166687011719,229.38666610717775,38592141.84229307,3.517199350819599
2022-08-22,258.5,260.0,248.6999969482422,249.85000610351562,240.1349639892578,2877229,5.520860762218933,-0.04039760205585452,244.4,208.9859991455078,66.19988757613874,2.329424200190573,47.42488185525969,265.37944933933545,198.53055127101612,0.26755611941279317,235.5709036338421,241.06535514266108,-0.023827415022572684,0.022787623685664407,0.2975339505403384,622587815,62.91459829500232,81.77751702061435,239.30499674479165,223.50000254313153,231.40249964396162,28845346.782311823,4.522714739128762
2022-08-23,247.5,253.14999389648438,244.8000030517578,252.0,242.2013702392578,4114692,5.529429087511423,0.008568325292490186,246.6,210.01799926757812,67.3532777677377,1.5950501178210956,46.586294123143375,267.12930308071566,200.8056975296359,0.2631889109169832,237.1355794782381,242.0901639961427,-0.03959249676964127,0.022520399993358323,0.33500042828863563,626702507,67.23619539230435,71.35861640997364,241.34082997639976,225.21083577473956,233.27583287556962,25988377.625683434,3.3134884304470487
2022-08-24,252.0,254.5,247.5,250.0,240.2791290283203,2042297,5.521460917862246,-0.007968169649177348,248.71000061035156,211.2259991455078,65.12691432043363,0.8210937568522638,45.91901602114514,268.2838593109566,203.2711409942192,0.2600508732669496,238.36076238507255,242.92081142766273,0.00860513845892652,0.022833835644963493,0.32053786599932665,624660210,59.46846009564204,63.20641792764959,243.29582951863608,226.98083623250326,235.1383328755697,21692238.822014373,2.8000000000000003
2022-08-25,252.3000030517578,252.89999389648438,246.14999389648438,246.64999389648438,237.05938720703125,1811625,5.507970302934092,-0.013490614928153732,250.51499938964844,212.41699890136718,61.46215548637599,-0.025125612590272794,45.04988719924224,268.04328907744286,207.27171031220556,0.2463879191934718,239.150213005207,243.47686037468648,-0.007936507936507908,0.02229654776430084,0.3056127393381197,622848585,49.65115911835395,58.78527153543346,245.21749623616535,228.867502339681,237.0424992879232,17726354.01782925,2.73667146443672
2022-08-26,248.0,250.1999969482422,245.0,245.3000030517578,235.76190185546875,1502077,5.502481963705364,-0.005488339228728378,251.6699996948242,213.60099884033204,59.99699793797642,-0.7445842503505009,44.024858491975984,267.5118830547983,211.10311633485014,0.22995827973163963,239.7359072953547,244.09814646992132,-0.013400024414062517,0.022443732192940997,0.27290393438449456,621346508,46.32441153942163,51.81467691780589,246.97249603271484,230.75250244140625,238.86249923706055,14904333.41555731,2.1198519704645085
2022-08-29,241.0,243.64999389648438,236.4499969482422,242.4499969482422,233.02268981933594,2717298,5.490795490964198,-0.011686472741166298,252.30499877929688,214.92599884033203,56.912504249670484,-1.4409069180016125,41.630996931103596,267.0183370055285,214.02666268929576,0.21856743651576666,239.99439202420115,245.06877380417887,-0.0054733058103910714,0.022309160412422563,0.2648055882977797,618629210,39.673287356354585,45.21628600471008,248.1874956766764,232.0275026957194,240.1074991861979,11668812.086896153,2.9696832496884835
2022-08-30,244.39999389648438,253.39999389648438,243.10000610351562,251.6999969482422,241.91302490234375,3792772,5.528237890016686,0.03744239905248836,252.45999908447266,216.44899871826172,63.47571967089422,-1.3107477829122196,40.427336271642204,267.24906147362054,216.97593852637948,0.19973430098045997,241.1092115407765,245.8650076294594,-0.011618451153929565,0.02347335129091522,0.2895335922057494,622421982,61.260223123782815,49.0859740065197,249.9608286539714,233.21083628336592,241.58583246866866,15013716.21733956,4.092168421871998
2022-09-01,251.25,255.4499969482422,249.1999969482422,252.8000030517578,242.97027587890625,2767609,5.532598674344529,0.004360784327842815,251.73999938964843,217.97599884033204,64.17458687117096,-1.186515133685024,39.49687444185901,267.42072820402757,219.8742714907967,0.18807933599390145,242.22262025610806,246.74146662706815,0.03815219680936788,0.023469646619596128,0.2969136972931209,625189591,60.559823013522475,53.831111164553306,251.57416203816734,234.61416905721026,243.09416554768876,13303812.013740307,2.4723100967369795
2022-09-02,254.14999389648438,256.3500061035156,250.0,251.9499969482422,242.15330505371094,3530033,5.529230643014054,-0.003368031330475141,250.28499908447264,219.42999877929688,63.1687514702758,-1.1942504872100272,38.71692390022001,267.6761708894435,222.07882788985341,0.18097774777491696,243.14903708393035,248.35537170490483,0.004370306383999711,0.023222548399402326,0.247908906401401,621659558,55.75101773489255,59.19035462406597,252.71582946777343,236.2308349609375,244.47333221435548,10974617.498118611,2.520343790605443
2022-09-05,253.25,255.8000030517578,252.64999389648438,254.60000610351562,244.7002716064453,2298044,5.539693710096266,0.01046306708221234,249.7300003051758,220.93099884033202,65.0100216616722,-1.0582105926267218,37.99268411155522,268.0509301158257,224.31406927382278,0.17178656635310646,244.23960556198608,249.05560301286914,-0.003362365875215545,0.023250351876303203,0.2345338220033352,623957602,57.78123445318958,58.030691733868224,253.94416351318358,237.74416809082032,245.84416580200195,10276791.803990409,1.2372384445241147
2022-09-06,261.8999938964844,274.25,258.0,272.45001220703125,261.856201171875,20003769,5.607455155833772,0.06776144573750642,251.99000091552733,222.79199920654298,74.3219370071085,0.13325357727915055,38.73923260368072,271.8787919173043,224.51120899822308,0.17385788510476258,246.9263109567523,253.6039225252458,0.010517996377740868,0.02730601407027359,0.33829815725517004,643961371,95.23812791627527,69.59012670145249,256.2149976094564,239.25000127156574,247.73249944051105,59818307.08103701,5.964396869856565
2022-09-07,271.0,275.70001220703125,269.1000061035156,274.75,264.0667724609375,4895373,5.61586159328373,0.008406437449957949,254.26500091552734,224.66099914550782,75.23643012809976,0.9311091626454662,39.517158554231216,275.2461729933848,225.61882792214254,0.1806272796041574,249.57618610372828,255.08729078863766,0.07010999872583712,0.02698166695943937,0.37044972799828463,648856744,97.57958767463532,83.53298334803341,258.4091651916504,241.32416763305665,249.8666664123535,52881305.80403584,2.402186024937443
2022-09-08,277.0,279.75,274.75,277.79998779296875,266.9981689453125,3659958,5.626901386378445,0.01103979309471459,257.04499969482424,226.4639990234375,76.43494622607771,1.4861746662467077,40.47232926645905,278.35047319305744,227.40452711211833,0.183390742691129,252.26416721698928,256.1966277362058,0.008441870764979154,0.0267793327226822,0.37687468345607744,652516702,95.49650792241206,96.10474117110756,260.81249821980794,243.67750066121417,252.24499944051104,46921523.14957048,1.79985609060799
2022-09-09,278.70001220703125,279.79998779296875,272.75,273.6000061035156,262.9615173339844,2600993,5.611667208056566,-0.015234178321878566,259.74000091552733,228.15799926757813,71.31631882975573,1.3939031915179108,40.995963074865344,279.55345893903444,230.7015413661413,0.1785523263271061,254.29615187284892,257.0325839594349,0.011100956480323054,0.02726162420677522,0.3470047563569,649915709,85.69784775350803,92.92464778351848,263.3191637674967,245.91416803995767,254.6166659037272,38657859.41757531,2.5767498668481066
2022-09-12,274.1000061035156,285.0,273.8999938964844,284.0,272.95709228515625,4282678,5.648974238161206,0.03730703010463987,263.61000061035156,230.09999938964845,75.6625005250944,1.8292898093081842,41.79989858671189,283.0703281994332,232.20967210574258,0.17908681723130507,257.12508978972045,258.4088800483847,-0.015118725248408516,0.02786800296902615,0.3614690352336841,654198387,97.94026789466125,93.04487452352714,266.00999730428055,248.07000096638998,257.0399991353353,39498140.22372282,3.908452853350572
2022-09-13,284.0,285.3999938964844,278.8999938964844,279.5,268.6320495605469,2051904,5.633002292595154,-0.015971945566052526,267.3150009155273,231.98799926757812,70.67263986185853,1.6175264882328442,42.57031693665463,284.92261898216134,234.69738071266283,0.17969673799462793,259.25603361927085,259.5544170707441,0.038011672750290604,0.028467779539374332,0.3440660816372053,652146483,87.94689629353236,90.52833731390056,268.20833053588865,250.43333358764647,259.3208320617676,32536467.62033385,2.3255813953488373
2022-09-14,274.1499938964844,282.8500061035156,273.95001220703125,281.20001220703125,270.2659912109375,2497302,5.639066203347004,0.006063910751850088,270.26500244140624,233.8309994506836,71.43895264009973,1.4032267307023432,42.354551861893206,287.7034572032561,235.02154432262282,0.18734676598038927,261.3459363419147,262.8747597359386,-0.015845070422535246,0.02585041065269807,0.3584866583364832,654643785,91.41985301062628,92.43567239960664,269.1424985249837,252.64750035603842,260.89499944051107,28494892.800949525,3.165004804456348
2022-09-15,281.8500061035156,301.54998779296875,280.3999938964844,299.6499938964844,287.9985656738281,14869699,5.7026151065353785,0.0635489031883747,274.9500015258789,236.03799926757813,78.12075952630826,2.264316815166568,43.26791193434952,294.5049091619815,232.1850917535458,0.20797536685405177,264.9939418233023,268.4674422688974,0.006082333477750446,0.028183930398020484,0.39984823000819075,669513484,97.08142217559423,92.14939049325098,271.4016649881999,254.07666651407877,262.7391657511393,63616433.011910945,7.05823271392782
2022-09-16,299.5,303.45001220703125,281.45001220703125,282.8500061035156,271.851806640625,11351453,5.644916743367795,-0.057698363167583366,278.0400024414063,237.97199951171876,63.543151980406364,1.4995691156601314,44.20398151855532,296.44817758851025,231.8768239373686,0.22828832334375213,266.6945193737988,271.17099570958936,0.06561159633190017,0.031201122422249674,0.22582812191644586,658162031,69.25372923581041,85.91833480734367,273.2874982198079,254.73250096638998,264.009999593099,27284903.748429604,7.7779740234294295
2022-09-19,284.29998779296875,292.1000061035156,281.0,288.75,277.52239990234375,6526069,5.665561261836003,0.020644518468207806,281.4550018310547,239.89099945068358,65.94645951511406,1.2011091077451237,44.99553372468678,299.53177486809227,231.65322726813818,0.23507722112538212,268.7950413381989,272.53117184083555,-0.05606537004893919,0.030742494807335114,0.2731688879242626,664688100,75.64207005742968,80.65907382294479,274.6224993387858,255.8725008646647,265.2475001017252,28887598.53694479,3.844157957927489
2022-09-20,292.54998779296875,293.3500061035156,287.29998779296875,288.20001220703125,276.9938049316406,2466073,5.663654725921532,-0.001906535914470986,283.0300018310547,241.61399963378906,65.51290545047263,0.7961946245189981,45.79561736146731,302.00379442110705,233.01620832547496,0.23937398741702406,270.64313380189725,273.520945518078,0.020859090575112482,0.02892312086089309,0.27989919090049165,662222027,71.88940882826877,72.26173604050297,276.19833348592124,257.9733334859212,267.08583348592117,24567040.167871278,2.0992429057222894
2022-09-21,289.6499938964844,295.8500061035156,286.54998779296875,287.3500061035156,276.1768493652344,4099662,5.660701006194452,-0.0029537197270803617,284.2900024414063,243.2979998779297,64.80380790689748,0.3248216685494363,46.67007783615293,304.03291360998537,234.52208974694827,0.241902983770936,272.2342644972895,275.1654517855088,-0.0019047196293290325,0.029016328985315924,0.21603588289965253,658122365,69.87838647977391,72.46995512182413,278.2425015767416,259.9224988301595,269.08250020345054,20559643.32641094,3.2364775058319
2022-09-22,285.04998779296875,289.8999938964844,277.3500061035156,288.1000061035156,276.89764404296875,4234367,5.663307663275889,0.002606657081437369,285.32000427246095,244.91,65.16211450885454,-0.062127704029249387,45.87003334748435,305.6782332304534,236.68677073683176,0.2394705346477246,273.74528750740626,276.0694535767957,-0.0029493617887323964,0.028826202487645336,0.24673145656642687,662356732,69.78346344349895,70.51708625051388,280.24250106811525,261.3674995422363,270.8050003051758,18076233.60120938,4.356122015651566
2022-09-23,289.0,289.8999938964844,281.6000061035156,285.25,274.1584777832031,3264445,5.653365988742185,-0.009941674533703981,286.48500366210936,246.48600006103516,62.55597800534432,-0.6054798622321407,45.12713489372067,306.19219362684373,240.03281095079296,0.23193473330780287,274.8409744114628,276.85159312209083,0.00261005736582387,0.028702716979859384,0.25438507259991255,659092287,59.955979496490315,66.5392764732544,282.1708340962728,263.14083379109695,272.65583394368485,14164816.20466646,2.9097240290863278
2022-09-26,283.0,283.1000061035156,267.29998779296875,274.04998779296875,263.39398193359375,3953508,5.613310526949044,-0.040055461793141234,285.49000244140626,247.82399993896485,53.500395844514344,-1.749876709766486,42.4562707669567,305.06998048793963,244.03002256381814,0.22273293429311944,274.7656423525586,277.2015228643815,-0.0098924194485841,0.030458624124211173,0.25560964134814773,655138779,18.672186559780645,49.47054316659,284.1000015258789,264.00999908447267,274.0550003051758,5815651.338200438,5.765378220882465
2022-09-27,275.04998779296875,278.0,270.29998779296875,273.0,262.38482666015625,3280017,5.60947179518496,-0.0038387317640840024,284.8400024414062,249.15100006103515,52.72975198376294,-2.5592663818463084,39.97618264924729,302.8456643189842,249.30933903794937,0.1961037556081861,274.5974859380292,278.0238008324079,-0.03926384647513148,0.03027084805596484,0.22803070004282358,651858762,15.767657973735485,31.465274676668837,285.7708356221517,265.63083165486654,275.70083363850915,4492847.1740675215,2.820517291952839
2022-09-28,270.0,278.70001220703125,267.25,273.54998779296875,262.9134216308594,2722366,5.611484375885337,0.0020125807003772422,284.075,250.39899993896483,53.110750681515015,-3.0083107126249935,37.30232148148047,301.54592024058616,252.79408220082004,0.17821911977807522,274.4977242099282,278.9287447447685,-0.0038313732521015886,0.02933883212443237,0.208826279250781,654581128,17.403275327473736,17.281039953663306,287.01667022705084,266.76166381835935,276.88916702270507,4064907.301771185,4.185711101437511
2022-09-29,274.95001220703125,277.8999938964844,269.6000061035156,270.75,260.2223205566406,3696480,5.6011958858811,-0.01028849000423726,281.18500061035155,251.58100006103516,50.8631129314047,-3.414888985803353,34.81945039712556,299.98615351627825,256.1488486199522,0.16191063673619957,274.14079809469695,279.4024836296486,0.002014607300251825,0.029525385791523057,0.1779015226860681,650884648,9.668505026968425,14.279812776059233,288.1325030008952,267.67249781290695,277.9025004069011,2005620.7048105695,3.06555412482687
2022-09-30,271.6499938964844,279.95001220703125,268.1499938964844,278.70001220703125,267.8631591796875,2723667,5.630135978287798,0.028940092406698703,280.77000122070314,252.91200042724608,56.49299624858711,-3.079713743063788,32.76601566022653,297.7605705162729,261.0494331458365,0.1317227691513902,274.57500896253833,280.1957178959763,-0.010235744536343683,0.030007823327185476,0.21252548450290099,653608315,31.629857309294707,19.567212554578976,289.5466705322266,268.54166412353516,279.04416732788087,4812415.732393086,4.233949692754687
2022-10-03,279.79998779296875,279.8999938964844,262.0,263.95001220703125,253.6867218017578,5260992,5.575759737517138,-0.05437624077066072,278.2900024414063,253.94300079345703,45.96929509296994,-3.7388346638784213,30.785486084160908,296.020766868501,263.72423740395993,0.12235850718282619,273.5631045096329,280.1816762167037,0.029362925972414633,0.03268144304453469,0.16372834510457196,648347323,4.704491273226852,15.33428453649668,290.9975031534831,268.5174982706706,279.7575007120769,-6960733.943663069,6.781584795853078
2022-10-04,268.79998779296875,273.3500061035156,264.54998779296875,272.3999938964844,261.8081359863281,5785606,5.607271551868912,0.031511814351774525,276.7100006103516,255.12800079345703,51.53879886737625,-3.4975187569554125,28.94642290638569,296.02287815869715,263.71712428270905,0.11859674963232458,273.4523320702854,282.09929636955064,-0.052924289034630645,0.029474569388021284,0.07131049820978975,654132929,25.090448332172514,20.474932304898044,290.7183369954427,268.98333028157555,279.85083363850913,1017694.4429159593,3.2305501129676966
2022-10-06,273.79998779296875,276.3500061035156,271.29998779296875,272.54998779296875,261.9523010253906,2918428,5.607822038722062,0.0005504868531494012,275.22999877929686,256.34400054931643,51.63410428897019,-3.22619094730313,26.938632362842746,296.07994759719287,263.4400536235102,0.11975745894538875,273.3663945200648,282.2972313784616,0.032013568094951594,0.029414061587422168,0.019072032436457786,657051357,25.452315285878576,18.415751630425998,290.65167032877605,269.0716623942057,279.86166636149085,934844.7206892654,1.8528778340591638
2022-10-07,270.04998779296875,272.20001220703125,266.79998779296875,271.1499938964844,260.6067810058594,1554031,5.602672150777331,-0.00514988794473048,273.5349975585938,257.4910003662109,50.63319209801871,-3.0418391687101742,25.551567739909043,296.1594033339251,262.69559849712954,0.12341436691889031,273.15530874639046,282.2835758816283,0.0005506383988442831,0.029315728832445542,0.02112073174999392,655497326,27.030996297321394,25.857919971790846,290.3025049845378,268.6824946085612,279.4924997965495,490490.62988401187,1.9915266589030576
2022-10-10,267.5,271.29998779296875,263.5,270.45001220703125,259.9339904785156,1722106,5.600087283453435,-0.0025848673238959563,272.05499877929685,258.71900054931643,50.110157616825056,-2.8700601957773006,24.66937282434458,296.27542551616654,262.26457692523974,0.12575650602999888,272.89766145692766,282.217110017781,-0.005136650006192012,0.029126927415349942,0.058529580438904265,653775220,24.963103939155985,25.815471840785335,289.9916717529297,268.2966613769531,279.14416656494143,248214.44457238688,2.8840774416374617
2022-10-11,271.5,275.8500061035156,266.45001220703125,267.29998779296875,256.90643310546875,3333782,5.588371577476966,-0.011715705976468982,271.3799987792969,259.8190002441406,47.72114841228623,-2.864981106667268,23.174294570458404,296.05820173821667,260.81179948248644,0.13186084498825174,272.3645496794078,281.81152027402555,-0.0025815294309774472,0.027786027325922034,-0.011521716809263182,650441438,15.657272783824695,22.550457673434043,289.35167134602864,267.8266621907552,278.5891667683919,-1287458.2891039697,3.5166458382949615
2022-10-12,269.0,274.3500061035156,265.5,273.04998779296875,262.432861328125,2533146,5.60965488389195,0.02128330641498355,271.38499755859374,260.9170001220703,52.200866518909386,-2.3901438919741134,21.91285989771591,295.8814059676493,260.3435940323507,0.13015130387862886,272.4298294997469,281.51472268883896,-0.011647344321992992,0.028106692828480957,0.027530449571307142,652974584,39.60569967852623,26.742025467168986,288.9541717529297,267.1941619873047,278.0741668701172,977262.8236251688,3.241167002075039
2022-10-13,273.70001220703125,275.5,268.1499938964844,272.25,261.6639709472656,1528929,5.60672076181307,-0.002934122078880108,271.2549987792969,261.9640002441406,51.53916486046257,-2.05832043389342,20.564522815375277,295.5507542528458,259.779244526451,0.1313921385726164,272.41270288072343,281.41052959587313,0.021511411382680423,0.028062910134207985,0.011955547152539296,651445655,36.738359291510754,30.667110584620577,288.5083384195963,266.9033274332682,277.70583292643227,662921.7722050135,2.699726759785354
2022-10-14,278.5,279.0,270.1499938964844,271.1000061035156,260.5587158203125,1175760,5.60248777901851,-0.0042329827945595255,271.2899993896484,262.9440002441406,50.54723990698558,-1.8511752050294543,19.404796273934657,291.19413864887014,261.2808613511299,0.11034037854767992,272.28768414003696,278.78520349916573,-0.002929821749617978,0.02323646158132333,-0.16283930928799537,650269895,43.12797853645837,39.82401250216514,286.870839436849,266.49582722981773,276.68333333333334,375059.11564280186,3.2644802302720635
2022-10-17,271.95001220703125,277.3500061035156,268.1000061035156,276.5,265.74871826171875,2046926,5.6222108209623896,0.019723041943879416,271.0699981689453,263.9270001220703,54.93334635163443,-1.310810648280135,18.031044294274313,290.5680899373754,261.27190945227306,0.10595363647414957,272.68885707908106,276.80113674501143,-0.004224036350723104,0.020446055044751034,-0.0076197711235178964,652316821,80.77988935472793,53.54874239423236,285.47000579833986,266.36999359130857,275.91999969482424,1900534.6572017125,3.3453887884267632
2022-10-18,276.5,282.3500061035156,274.75,280.25,269.3529052734375,2958781,5.635682061952269,0.013471240989879618,272.6999969482422,264.9620001220703,57.73668080993765,-0.6922286284882229,17.45905051872679,289.0844090534507,261.90559033619775,0.09698061986530943,273.4089659286924,275.79628313692064,0.019918826170820747,0.02009886944661231,-0.028684820825919142,655275602,89.68056278296235,71.19614355804957,284.88667246500654,266.1366602579753,275.51166636149094,3214090.9561728965,2.711866584662132
2022-10-19,283.20001220703125,291.75,283.20001220703125,286.95001220703125,275.79241943359375,7796511,5.659308027094992,0.023625965142723082,274.1549987792969,266.05700042724607,62.254360181293265,0.13279210653305462,18.025988500286413,288.79724493969223,262.0677544499562,0.09315033752447091,274.6985893837723,276.6313521864221,0.013562386980108476,0.020871781758108204,-0.0147517883077082,663072113,83.86558725052521,84.77534646273851,284.89583791097004,265.89582875569664,275.39583333333337,10217323.515612971,2.979608792210132
2022-10-20,287.20001220703125,287.45001220703125,279.04998779296875,282.29998779296875,271.32318115234375,2037246,5.6429702920180995,-0.016337735076892734,275.1299987792969,267.10300018310545,57.648564943241745,0.3193201971905819,17.87949515805059,287.80491364499966,262.55508391359405,0.08944325477592001,275.4225320894101,275.9862491954418,0.023907269248996332,0.0211783075243186,0.030238530066324664,661034867,68.23525308560924,80.59380103969896,284.5016713460287,265.59166158040364,275.0466664632162,7404385.3508895235,2.975566694045645
2022-10-21,284.29998779296875,286.29998779296875,277.95001220703125,281.75,270.7945861816406,2375508,5.641020152919886,-0.0019501390982137323,276.18999938964845,268.1600003051758,57.11037894471808,0.35680232068754414,17.569543077008824,286.4483914024858,263.27660554575635,0.08224236328919061,276.02514808089484,275.5972828569932,-0.016204998139911386,0.02116566287734115,-0.020455339938984247,658659359,66.38655462184875,72.82913165266109,284.1358373006185,265.64582875569664,274.89083302815754,6159973.100462506,2.963611565550133
2022-10-24,285.0,285.5,279.25,281.29998779296875,270.362060546875,405664,5.639421672100747,-0.0015984808191387145,277.2749969482422,269.21399993896483,56.64441010005624,0.304467428289247,17.28173043032718,285.65522557475003,263.67477015278905,0.07813884243087194,276.52751376775905,275.09577683615373,-0.0019482388124369976,0.021061169892807936,-0.01719030650192419,658253695,63.008806346792035,65.8768713514167,283.85500437418625,265.5699946085612,274.7124994913737,5253897.835831702,2.221827327130877
2022-10-25,282.95001220703125,290.70001220703125,278.79998779296875,287.45001220703125,276.27294921875,2651663,5.661048974535924,0.021627302435176965,279.2899993896484,270.28800018310545,61.29249684718107,0.6190854273241397,17.65197393496802,287.6478041860843,263.02219398286104,0.08566919171145149,277.5677517143564,275.59297271823476,-0.0015972039291259899,0.019515969108028743,0.012829961066483167,660905358,84.778804272677,71.39138841377262,284.20167185465493,266.3066614786784,275.2541666666667,6833025.6004080605,4.1398587262858415
2022-10-27,288.0,289.0,284.0,288.5,277.2821044921875,1692821,5.664695085948154,0.0036461114122303684,280.8350006103516,271.3360000610352,62.04073358767048,0.8203261507997941,17.995771474991656,289.62945451531533,262.59054365362994,0.09372239466788698,278.608918217751,276.0424164073775,0.02186286768909773,0.019458389823086963,0.05419225841021973,662598179,88.49557522123894,78.76106194690267,284.7366714477539,267.11166229248045,275.9241668701172,6110799.284018503,1.733102253032929
2022-10-28,288.6499938964844,291.75,286.3500061035156,289.20001220703125,277.9549255371094,2360584,5.667118532494261,0.002423446546106156,282.5300018310547,272.11700042724607,62.56034862933583,0.9157505096582383,18.6447722517954,291.4967941823942,262.28820642795733,0.10099787870523025,279.6175938357777,276.72582015938644,0.0036527665624606076,0.019457569869479323,0.052023554649507,664958763,90.97349453816372,88.0826246773599,285.230837504069,268.21083017985023,276.72083384195963,5473890.4742619535,1.867217727715257
2022-10-31,290.6499938964844,293.3999938964844,289.1499938964844,290.70001220703125,279.3965759277344,2333379,5.6722918495566805,0.005173317062419969,284.49000244140626,272.7310006713867,63.706809869187204,0.9888150899867245,19.440379751551255,293.37834442817297,262.40165740288177,0.1065589464207871,280.67306225208756,277.5990441221798,0.002426385466312908,0.019210834124118812,0.09028220904521,667292142,90.32264415730448,89.93057130556906,285.9450047810872,269.32999623616536,277.63750050862626,5191915.906510246,1.461988242701974
2022-11-01,292.20001220703125,294.1000061035156,288.1499938964844,292.95001220703125,281.55908203125,1986351,5.68000198766013,0.007710138103449893,286.1350036621094,273.26000091552737,65.41745705692875,1.0896443665357491,19.960289005547725,295.42771188381187,261.7772899472428,0.11486745360770934,281.8422955811298,278.2145689257389,0.005186721772771463,0.018278649295900513,0.07446219346134865,669278493,95.97904317809564,92.4250606245213,286.4591710408528,270.42916310628254,278.44416707356766,5088683.598437354,2.0310674036860275
2022-11-02,291.75,294.0,287.5,288.6499938964844,277.4263000488281,1679080,5.665214860361903,-0.014787127298227176,286.9750030517578,273.83000091552736,59.63261351272699,0.7820999930292922,20.29590416484842,295.7823477930221,263.89265220697786,0.11047876757440889,282.49064780163974,279.5976707968284,0.007739937755480986,0.013545581842649212,0.13925669544703992,667599413,79.03841458834134,88.44670064124716,286.96083780924477,272.0708292643229,279.5158335367838,3330289.5493930113,2.251862164366104
2022-11-03,286.8500061035156,291.3999938964844,284.0,286.45001220703125,275.3118591308594,2123051,5.657564043469462,-0.007650816892441625,286.9250030517578,274.56200103759767,56.86213633738352,0.3669537784355619,19.84039761497583,296.3496784937399,264.7303233373148,0.1103835008167925,282.86773012596274,281.1071223246429,-0.014678334635152668,0.012146151334046769,0.038785298723587734,665476362,70.57694655198317,81.86480143947341,287.75000356038413,272.9999974568685,280.37500050862633,2187294.8529404174,2.583345638378274
2022-11-04,286.45001220703125,289.6000061035156,285.0,288.8999938964844,277.6665954589844,1776393,5.666080586345448,0.008516542875986133,287.5850036621094,275.30000091552733,59.138856754784875,0.20204090279939102,19.417427247236997,297.12082931853143,265.5941731228748,0.10912653811599922,283.442231437441,281.8546763455721,-0.007621623890427198,0.012207173952320512,0.0985552506624611,667252755,79.9999530498798,76.53843806340146,288.449169921875,273.7441650390625,281.09666748046874,2496557.0629878873,1.5922485983727128
2022-11-07,289.79998779296875,301.6000061035156,289.79998779296875,300.75,289.0557861328125,5723504,5.7062793548547885,0.04019876850934079,289.48500366210936,276.3150009155273,67.94979725899503,0.8020415474912008,20.5936073812125,299.98673094683863,265.6882721049192,0.11404308841868481,285.09059034816096,283.98884485467977,0.008552911799781793,0.01469883683601164,0.16898204269105888,672976259,96.83424241976493,82.470380673876,290.13583628336585,274.7908320109049,282.4633341471354,11828985.673060488,3.9235306103231506
2022-11-09,301.0,302.1499938964844,291.1000061035156,295.79998779296875,284.2982482910156,4248129,5.6896835090088445,-0.01659584584594409,290.93500366210935,277.29800079345705,61.94131787096799,0.7760562070421431,21.74273665740006,301.1515568146477,267.0584437957039,0.1152573171936898,286.1105329619522,285.49221615018774,0.04101767516049715,0.01540101116231224,0.12334794327521577,668728130,73.7602855035089,83.53149365771789,291.695002746582,276.0249984741211,283.86000061035156,7135089.090188498,3.7356282112839936
2022-11-10,295.0,295.45001220703125,290.8500061035156,293.8500061035156,282.4241027832031,1590521,5.683069453829514,-0.006614055179330336,291.5750030517578,278.26900085449216,59.70170929140117,0.548763322893465,22.75070215182418,301.1183991102905,269.7466033311157,0.10676125617681069,286.8476256421011,286.75913439472544,-0.01645889345646301,0.01515990101622179,0.19057083803652428,667137609,65.70250383046337,78.76567725124575,292.63083699544273,277.4408315022786,285.0358342488606,5672721.102062902,1.5654265808982708
2022-11-11,295.5,298.95001220703125,288.75,290.29998779296875,279.0121154785156,2276331,5.670914828980872,-0.012154624848641937,291.7550018310547,279.2260006713867,55.74969148374036,0.10384849710252464,24.06977126411345,301.0308393356932,271.559163105713,0.10152145184035725,287.17642203742184,287.8120229142754,-0.0065922304595155135,0.015077948586754267,0.1250854628762543,664861278,51.032995579992054,63.49859497132146,293.78333740234376,278.4583312988281,286.12083435058594,3707901.411644563,3.513610966565222
2022-11-14,291.45001220703125,292.1000061035156,282.5,285.3500061035156,274.254638671875,2684508,5.653716518372293,-0.017198310608579348,291.3700012207031,279.8990008544922,50.7091611094173,-0.5437234593205806,23.897364853967936,300.22234173582166,273.6776613159362,0.09302498633995453,287.00247766276414,288.2185305580433,-0.012081055765900794,0.015696791514637685,0.09789233056570759,662176770,28.051462948271737,48.262320786242405,294.63000437418617,279.0799982706706,286.8550013224284,1279877.5749538504,3.364291536069937
2022-11-15,291.0,303.6000061035156,290.0,297.70001220703125,286.1243896484375,16987072,5.696086309026201,0.042369790653908446,292.07000122070315,280.7970010375977,60.343044779547306,-0.17908612631622933,24.942476528301068,300.194173491417,276.36583017069233,0.08004145899783706,288.02129047650385,290.7028611291966,-0.017051263856694532,0.01804871920203351,0.12186608009019415,679163842,76.20971959534705,51.76472604120363,296.0516713460286,280.02666524251305,288.03916829427084,31067101.19008321,4.568359269685785
2022-11-16,298.1000061035156,301.95001220703125,274.5,277.3500061035156,266.565673828125,16069595,5.625280268507789,-0.07080604051841188,290.51000061035154,281.3050012207031,44.80374194467627,-1.285560724336614,23.556376604657263,300.07322696245694,276.571777310004,0.08473570988017746,287.00497767907643,289.9219246795871,0.04328020269617738,0.02398561011988127,-0.07521078723386097,663094247,9.79383335308411,38.018338632234325,297.4925053914388,279.64749806722006,288.5700017293294,-20087678.45578927,9.897245935803605
2022-11-17,277.75,281.0,275.1499938964844,276.70001220703125,265.9409484863281,5588794,5.6229339309093636,-0.0023463375984258406,289.31500244140625,281.74700134277344,44.41035676831469,-1.9959577445931203,22.26928381841659,300.4712716910506,275.8187338021134,0.08909482038797963,286.0235523960245,289.48582334476714,-0.06835742448463022,0.023790157355661482,-0.11968503653131757,657505453,7.560177819912768,31.187910256114662,297.33000539143876,279.65999806722004,288.49500172932943,-17736964.67477773,2.1142052206121913
2022-11-18,276.8999938964844,281.54998779296875,270.0,273.29998779296875,262.67315673828125,5855231,5.610570048268704,-0.012363882640659796,288.0,281.76400085449217,42.317308786714136,-2.5918121583462894,20.91677417893828,301.3859697627445,273.53903328901333,0.10189146621852711,284.81178433859066,288.6601993783017,-0.0023435870999828357,0.02321630098675702,-0.14132697995720842,651650222,9.82139045690074,9.058467209965892,296.86250457763674,278.89249725341796,287.8775009155273,-18047102.34266314,4.226120859441143
2022-11-21,274.70001220703125,281.70001220703125,272.70001220703125,280.45001220703125,269.5451354980469,5378366,5.6363954994809315,0.02582545121222779,287.1550018310547,281.8780010986328,47.880284121898036,-2.4054510788787096,19.64145946304955,301.45309315058114,273.2869123425829,0.10043208979147997,284.39637746891833,288.1456259724522,-0.012287763874468283,0.023794444695503625,-0.08517159954894134,657028588,31.1012211570338,16.160929811282454,296.66000417073565,278.62999928792317,287.64500172932946,-9975309.406887881,3.209128047160184
2022-11-22,280.45001220703125,286.0,279.5,284.3999938964844,273.341552734375,4001103,5.6503816764680606,0.013986176987129006,285.52000122070314,282.01000122070315,50.708458978626616,-1.9373185792452863,18.572518789147484,301.4204949327935,273.584509950019,0.0978761799583799,284.39672189059127,288.09084098385733,0.026161817539043675,0.02399658059308256,-0.057908271668429726,661029691,42.857116906826036,27.92657617358688,296.63250528971355,278.78749796549477,287.71000162760413,-6292510.407673046,2.28551341051219
2022-11-23,283.79998779296875,286.45001220703125,281.79998779296875,284.0,272.95709228515625,2150977,5.648974238161206,-0.0014074383068543028,284.3400024414062,282.21800109863284,50.410150787038695,-1.590307230091537,17.637068407786295,301.3632773981736,273.911728705342,0.09666038272123796,284.3589388533921,288.0217948068346,0.01408444113932572,0.023995638621294932,-0.056506540930220596,658878714,41.66665909782426,38.54166572056138,296.6558400472005,278.97083028157556,287.81333516438804,-5516491.445359507,1.637332540162852
2022-11-24,285.1499938964844,286.70001220703125,280.45001220703125,282.1000061035156,271.1309814453125,1787377,5.642261639643951,-0.006712598517255586,283.1650024414063,282.1800012207031,48.93746610347827,-1.4295050437466308,16.56957784802348,301.3068746941403,273.4331307990238,0.09880802301325835,284.14380240102287,287.9930532335738,-0.0014064483300585406,0.02351831316226617,-0.08024294021208211,657091337,36.01191638548417,40.17856413004484,296.24500579833983,279.12499847412107,287.6850021362305,-5213564.8661247995,2.2155263611396676
2022-11-25,283.54998779296875,294.29998779296875,283.1000061035156,293.20001220703125,281.79937744140625,5019984,5.680855011646299,0.03859337200234858,283.4550048828125,282.45400146484377,56.86560391355699,-0.560956908717015,16.537162972554995,301.7668507589646,273.4431559549026,0.0966019564285093,285.0062985730237,288.12924322769493,-0.006690119353818247,0.02516092849364345,-0.04808129520050648,662111321,69.04764283540946,48.90873943957265,296.70667165120443,278.96666615804037,287.8366689046224,3491494.834685997,3.8199117405031737
2022-11-28,296.04998779296875,314.0,296.04998779296875,312.70001220703125,300.5411376953125,20698755,5.745244303501311,0.06438929185501152,286.19000549316405,283.08400146484377,66.65917792142871,1.2430084680057365,18.172907850631105,306.6819168029686,270.8780899108986,0.11449896224617072,287.6437951095958,291.77047036239435,0.039347769809840116,0.029107756511030335,0.11972026604630374,682810076,97.04548228870739,67.36834716986702,298.25833892822266,279.2633316040039,288.7608352661133,60653527.35830228,5.740329870900988
2022-11-29,314.29998779296875,318.0,312.95001220703125,315.1499938964844,302.8958435058594,7814998,5.753048696592101,0.007804393090790285,287.93500366210935,283.39400146484377,67.65290179855211,2.4477829994583056,19.9397297182265,311.2825043774374,268.7225005053751,0.13504681801149518,290.2634330892995,293.38176108124395,0.06650750064168087,0.02911794971729811,0.110790726386571,690625074,94.06248728434245,86.71853746948646,299.51250508626305,280.43749898274734,289.97500203450517,54723966.59327521,1.6024077076858496
2022-11-30,316.8500061035156,318.0,310.70001220703125,316.45001220703125,304.1453552246094,3736077,5.757165289796227,0.004116593204125607,291.8450042724609,284.06600158691407,68.19460515529715,3.1348730767078514,21.23786240709645,315.3740429832764,266.9809618995361,0.15292488297355497,292.75739300527397,294.1004973059007,0.007834926747080084,0.02910765717516097,0.11708100421480601,694361151,96.77085876464844,95.95960944589945,300.74583740234374,281.53583374023435,291.1408355712891,47600109.72418062,2.3068375766700475
2022-12-01,317.6499938964844,321.0,314.70001220703125,315.5,303.2322692871094,4447547,5.754158681981268,-0.0030066078149584285,295.7250030517578,284.60100158691404,67.30754242439502,3.310733469053744,22.64644678378247,318.88859132324654,266.1514141699175,0.16715428574747723,294.92335557620027,295.0086815362972,0.004125078012769734,0.028823374569505286,0.09576348165257428,689913604,89.2156862745098,93.34967744116692,302.08667043050133,282.8966679890951,292.4916692097982,40196490.6291055,1.9968265587856577
2022-12-02,317.3999938964844,320.8500061035156,315.3999938964844,319.20001220703125,306.78839111328125,3277532,5.765817903818232,0.011659221836963773,300.31500549316405,285.22100158691404,68.99891713405967,3.446153970236775,23.9544179907052,322.78567877051495,265.52932672264916,0.17937452963106298,297.2354181124699,295.7793700541284,-0.0030020924960802997,0.02870718945986979,0.11144856939892049,693191136,96.47061217064952,94.1523857366026,303.5491714477539,284.55416717529295,294.0516693115234,36186550.31193837,1.7073972426719093
2022-12-05,322.20001220703125,323.6499938964844,317.3500061035156,318.95001220703125,306.5481262207031,2711201,5.765034388960518,-0.0007835148577139961,304.1650054931641,285.8530017089844,68.74014100181705,3.2891935315584844,25.36883576675088,326.1222401469797,265.19776717723903,0.19101574114439746,299.3034746929043,296.4326979620951,0.011727455489797922,0.028736276508389842,0.08953907652852743,690479935,91.23954851044054,92.30861565186665,305.2416707356771,286.07666829427086,295.659169514974,30920214.517375745,1.9752273246126768
2022-12-06,317.5,320.3999938964844,316.0,319.20001220703125,306.78839111328125,1851704,5.765817903818232,0.0007835148577139961,307.64500732421874,286.47500183105467,68.86588958113168,2.9816146042105416,26.435604626032795,328.67905564594685,264.48595289897503,0.2011062039225003,301.1983830275831,296.73295304292327,-0.0007832079900982336,0.027489288664537218,0.05814050218317943,692331639,91.70553178805724,93.13856415638246,305.9291697184245,287.5041697184245,296.7166697184245,26569173.300607786,1.378444150444006
2022-12-07,321.95001220703125,321.95001220703125,313.0,314.6499938964844,302.4153137207031,1747704,5.751460890575149,-0.014357013243082584,310.7100067138672,287.06300170898436,63.83298125652881,2.282633064088378,26.881462697181444,330.5673978418132,264.4826113134602,0.21002633977515348,302.4794888246213,297.04617491903383,0.0007838218856619505,0.027410029210966157,0.05534318794181978,690583935,83.22460200579863,88.72322743476549,306.83333791097004,288.61833546956376,297.7258366902669,21637564.943175815,2.8444342541368948
2022-12-08,316.25,317.70001220703125,311.6499938964844,317.04998779296875,304.7219543457031,1683435,5.759059451644128,0.007598561068978604,314.2050048828125,287.9230017089844,65.27457887220291,1.8133006764282111,27.052250987577498,332.74320725941357,264.62680006480514,0.21484437728188127,303.8671553930353,297.3643579923096,-0.014254442783654286,0.027320105015760154,0.0625341178011913,692267370,87.04610701581105,87.32541360322232,308.01000467936194,289.65000101725263,298.83000284830734,19123660.483454723,1.908222218414811
2022-12-09,319.5,320.20001220703125,312.04998779296875,315.95001220703125,303.664794921875,2150553,5.755584011855422,-0.003475439788705792,316.4800048828125,288.782001953125,64.01515552146938,1.2850183529480752,27.456823416604095,334.5931658950892,265.34184387053574,0.21918442585523765,305.0179036610349,297.80462700626794,0.007627503394371349,0.027117757497174877,0.07550537073880557,690116817,82.55949546107125,84.27673482756033,309.07750549316404,290.92250061035156,300.0000030517578,16053772.443494815,2.579529703807091
2022-12-12,316.0,323.6499938964844,313.6499938964844,323.1000061035156,310.5367431640625,3811951,5.777961891720937,0.022377879865515204,317.52000427246094,289.77300231933594,68.29703858859573,1.2710457462643525,28.156798380439962,337.1958317544311,266.51417801119396,0.21876091738788747,306.7400086555569,298.7899883535719,-0.0034694074382232154,0.02690168893166155,0.11316999630125302,693928768,98.72687956924986,89.44416068204407,310.7716715494792,292.5766672770182,301.6741694132487,17654008.72066663,3.0950169641272534
2022-12-13,324.70001220703125,324.70001220703125,317.20001220703125,318.29998779296875,305.9233703613281,2959479,5.762994295937336,-0.014967595783601517,317.8350036621094,290.7240020751953,62.887027598432304,0.8146461413574375,28.903752548176328,338.87618527350156,266.89382205071723,0.22614629589493945,307.8409590495961,299.68227603494375,0.022630142808157894,0.025847162660508988,0.08638267603633483,690969289,85.53666799081921,88.94101434038014,311.61500447591146,294.0300008138021,302.82250264485674,13102642.704902975,2.3562677623720836
2022-12-14,318.45001220703125,321.25,314.0,319.3500061035156,306.9325866699219,1405239,5.766287699119906,0.0032934031825702093,318.1250030517578,291.537001953125,63.566905609676255,0.4763460137172224,28.940826902500614,339.6482002082999,270.32180711591883,0.2170859300685571,308.937058769017,302.72943626694837,-0.014856138099264005,0.01953275525230488,0.25291893931710513,692374528,87.139410291905,90.4676526173247,312.2850036621094,296.72000122070307,304.5025024414062,11441626.13001606,2.2702363743340435
2022-12-15,318.95001220703125,325.29998779296875,318.1499938964844,322.6000061035156,310.05621337890625,3522801,5.776413184610871,0.010125485490965147,318.8350036621094,292.7100018310547,65.66358204997209,0.36911460510847505,29.393101497592173,340.1816539885089,274.3783527253583,0.20397799137683745,310.2382918484931,305.15113452993813,0.0032988323933893504,0.019409287861131344,0.2995629756947538,695897329,90.76929336939102,87.81512388403843,314.570002746582,298.8750015258789,306.72250213623045,11442694.290013768,2.2163650840694933
2022-12-16,320.45001220703125,326.54998779296875,316.75,323.04998779296875,310.4886779785156,3837290,5.777807072217357,0.0013938876064854,319.2200012207031,293.7230017089844,65.95571179454454,0.23280192659933263,29.52385399652214,339.3745663581727,280.16044035569456,0.18329710026309098,311.45845336701456,308.0315318452327,0.010176921678049178,0.018895426462955427,0.3496886449519829,699734619,77.91794705914066,85.27555024014556,316.84083607991533,301.32083485921225,309.0808354695638,10054696.568172026,3.0335824681254016
2022-12-19,323.8500061035156,325.29998779296875,313.29998779296875,324.5,311.88232421875,3389328,5.782285536144145,0.004478463926788301,319.775,294.762001953125,66.93202659234721,0.14869641606446393,28.955491940184693,338.9640835665767,284.97592192658743,0.16637337947608397,312.70050542729894,310.519964123024,0.0013948595193415958,0.01844915791511458,0.3466228948323594,703123947,87.06630315072819,85.25118119308664,319.1283350626628,303.3083338419596,311.2183344523112,9320392.34038071,3.697996918335902
2022-12-20,324.5,328.8500061035156,319.0,327.3999938964844,314.6695556640625,2233392,5.791182646294653,0.008897110150508425,320.5949981689453,295.887001953125,68.8557123272842,0.1939178316238639,28.85014665437356,338.73272805473755,289.5072774384265,0.15035263144163308,314.1004567100785,312.28267994515363,0.00448850723362515,0.018387951309422775,0.34858267344239885,705357339,91.56970245382445,85.51798422123112,321.38500213623047,305.2300003051758,313.3075012207031,8914168.172963042,3.0085541500131945
2022-12-21,329.0,330.5,317.70001220703125,319.0,306.5961608886719,4263341,5.765191102784844,-0.025991543509809034,321.0299987792969,296.8580017089844,58.279937569216784,-0.4037525224274887,28.940710638399302,336.28705955314865,295.4529459400154,0.12800662574649918,314.5670798805472,313.5430338243885,0.008936807076993514,0.019736846163910332,0.2997901711802815,701093998,38.99206219431839,72.54268926629037,323.70833384195964,306.7383356730143,315.22333475748695,2524710.094163809,4.012535358297414
2022-12-22,319.0,323.45001220703125,313.6000061035156,316.29998779296875,304.00115966796875,2038444,5.7566910917183955,-0.00850001106644882,320.9549987792969,297.8380017089844,55.33778345953516,-1.008364366331108,28.20051156050069,330.88843013572153,304.27157352638784,0.08415067226229396,314.7321187293492,314.30678673611305,-0.02565667090128365,0.019800796282781002,0.29794331571145466,699055554,24.668394646392855,51.743386431511915,325.6233337402344,308.29333496093744,316.9583343505859,1377776.6973761779,3.1141342028640406
2022-12-23,313.6000061035156,314.75,306.70001220703125,308.1499938964844,296.1680908203125,3345847,5.730586657601289,-0.026104434117106834,320.1749969482422,298.54000183105467,47.5367511654021,-1.9311390825718036,26.340278882752244,326.91746456684865,309.7375372642061,0.055751833986450616,314.10524969764776,315.61858896522216,-0.008463988109815856,0.019363497057902926,0.22780987376116876,695709707,6.09236316449496,23.25094000173542,326.4491673787435,309.43416798909504,317.94166768391926,-2714567.492044784,2.6123601987391085
2022-12-26,306.5,321.3999938964844,305.1000061035156,320.3500061035156,307.8936767578125,3012205,5.769414167137678,0.03882750953638947,319.8999969482422,299.502001953125,57.25163278065459,-1.7018674431160434,25.491177182366183,326.93718913858504,310.48281208211813,0.051363748222155364,314.69998840296853,318.2484723400766,-0.025766658902999673,0.015175034737673782,0.05312106125043511,698721912,60.039384505957536,30.266714105615137,326.76833292643227,309.9183359781901,318.3433344523112,2923076.1168302656,5.088180890404505
2022-12-27,321.6000061035156,325.95001220703125,320.5,323.5,310.9211730957031,2689611,5.7791991139409555,0.00978494680327735,320.4199981689453,300.5500018310547,59.34493127703916,-1.3362063908811255,25.220588890297304,327.43674241700137,310.8182594140533,0.051370890271864283,315.53808474554296,318.87056595235026,0.03959114862461943,0.015226683811875053,0.0797859076462929,701411523,72.44093825956047,46.19089531000434,327.18583424886066,310.2958348592123,318.7408345540365,3715816.4192712614,1.6847023823898764
2022-12-28,323.8500061035156,326.70001220703125,319.79998779296875,321.75,309.2392578125,1706586,5.773774846476236,-0.005424267464719357,320.6599975585938,301.4550018310547,57.65578394551228,-1.2138883321454808,25.052218474866347,327.6813064168271,311.1036941935244,0.05152327031329513,316.1296957221579,319.24311503368403,0.009832975921550302,0.015286611969257664,0.031117086135613314,699704937,65.55117282445059,66.01049852998955,327.5508356730144,310.70083262125655,319.12583414713544,2758339.00223251,2.1445297324203576
2022-12-29,320.0,327.5,317.3999938964844,326.5,313.8045349121094,2306713,5.788429948716486,0.014655102240249462,321.0499969482422,302.3800018310547,60.9082256952355,-0.8329235502898502,24.46941353270964,328.5777365737312,311.3072640366203,0.052895781124382514,317.1173437486191,319.61741293811275,-0.005409582689335446,0.015559119359906257,0.12815376669691553,702011650,84.25196471974884,74.08135860125333,328.0775029500325,310.84749806722004,319.46250050862625,3929560.1090564374,3.0934168770338824
2022-12-30,328.8999938964844,329.5,323.25,324.29998779296875,311.6900634765625,1613534,5.781668975672102,-0.006760973044383611,321.1749969482422,303.12700134277344,58.66082873639143,-0.7514499578843035,24.176299839859745,329.02894798202516,311.3660501869202,0.054464688436500576,317.80140508617615,319.8757227815992,0.01476301476301467,0.015488582676448556,0.08700775172574017,700398116,75.590497256421,75.13121160020683,328.47750193277994,311.16749827067054,319.82250010172527,2861080.879696952,1.927227947967104
2023-01-02,324.29998779296875,329.0,323.75,328.25,315.4864807128906,1011815,5.793775513182905,0.01210653751080315,321.5499969482422,304.0460015869141,61.413753872708426,-0.46776972427656993,23.90412283935627,330.13809351599696,311.18690343224523,0.05773401396420937,318.7965093636832,320.0124675971468,-0.006738169087385115,0.01568416813873787,0.13059449547751895,701409931,91.14173015485872,83.66139737700955,328.7758356730143,311.5708307902018,320.17333323160807,3023309.554205577,1.5993907083015995
2023-01-03,329.0,330.70001220703125,324.3500061035156,325.3999938964844,312.747314453125,3036393,5.785055176027974,-0.008720337154930924,321.34999694824216,304.91900146484375,58.392271658847925,-0.5051164126365446,23.87643852764315,330.64014996376557,311.304845153422,0.05942011423790775,319.4254126525214,320.46448828796633,0.012180118272322904,0.01585060067599465,0.07208745383094196,698373538,79.29680841045179,82.00967860724386,329.2875030517578,311.88749694824213,320.5875,1355159.8203659065,1.9514462884518913
2023-01-04,326.8999938964844,327.29998779296875,315.3999938964844,320.04998779296875,307.6053466796875,3016870,5.768477195446999,-0.01657798058097537,321.4549957275391,305.6940014648437,53.10996528967171,-0.9001116783099459,22.23425642559051,330.4808573908266,312.00413711600936,0.057730732634082474,319.4848959992307,320.6197565304607,-0.008682425296315688,0.015969060331918992,0.07873707555447125,695356668,58.39835205117415,76.27896353882825,329.65416819254557,311.9591639200846,320.80666605631507,-1144187.7130453922,3.718167270852122
2023-01-05,321.8999938964844,339.5,321.70001220703125,338.25,325.09765625,11848529,5.823785267050898,0.055308071603898945,323.6499969482422,306.71000122070313,64.78176623106549,0.006390849117447139,22.20992702714518,333.929556635122,310.67543909241704,0.06874831498212858,321.27204876120874,323.1061504074008,-0.016441322077029752,0.02026646549625516,0.2063060035186078,707205197,96.36627842504429,78.0204796288901,331.1258336385091,312.255832417806,321.69083302815756,29825463.736727346,5.26237628764782
2023-01-06,339.95001220703125,339.95001220703125,326.45001220703125,327.75,315.0059509277344,6218095,5.792251122643809,-0.03153414440708868,325.60999755859376,307.4950012207031,56.104943055921495,-0.15045567798311232,22.233916563107364,334.36683120595643,311.4181633008795,0.07001881893234765,321.8889964982365,324.096333945247,0.05686615497952885,0.021651283003726287,0.12056830854653436,700987102,64.99279750255043,73.25247599292298,332.15916595458987,312.754167175293,322.45666656494143,16237540.702909157,4.118993135011442
2023-01-09,330.0,331.8999938964844,323.75,327.20001220703125,314.4773254394531,3224407,5.790571642036144,-0.0016794806076649849,326.2949981689453,308.25500122070315,55.684227475012904,-0.33023718490593,21.80814024047836,334.7248172920678,311.4701778251197,0.07107163386116885,322.39480751812175,324.4931215287827,-0.03104212860310418,0.021111039449519378,0.06333464937303313,697762695,63.4146405537823,74.92457216045902,332.4408325195312,313.22083435058596,322.8308334350586,13664551.389698852,2.4908293375391377
2023-01-10,327.8999938964844,329.3999938964844,323.3500061035156,325.8999938964844,313.2278747558594,2303256,5.78659056711533,-0.0039810749208140095,326.5349975585938,308.95900085449216,54.64121637306621,-0.5620819672684014,21.34550215986692,334.9485283497906,312.0064673777485,0.070396015347362,322.7286347922515,324.7516612682248,-0.0016780710693172773,0.02082347597431586,0.09016247807458502,695459439,59.68431606923154,62.69725137518811,332.6758316040039,313.60083465576173,323.1383331298828,11284719.052045166,1.856393957126126
2023-01-11,326.0,326.95001220703125,318.04998779296875,319.20001220703125,306.78839111328125,2598658,5.765817903818232,-0.02077266329709815,326.2799987792969,309.4840008544922,49.49565633767633,-1.15773726448829,20.06237190032271,334.9520038514061,311.98799248648453,0.07194238874285276,322.392575498421,324.7590527826618,-0.0039731609475744945,0.021383789944595517,0.04994375996649626,692860781,40.45912090125354,54.51935917475581,332.9183329264323,313.6783335367839,323.2983332316081,7185336.185017161,2.7882280932652335
2023-01-12,318.95001220703125,319.3999938964844,315.25,317.0,304.6739501953125,2789739,5.75890177387728,-0.0069161299409516985,325.3299987792969,310.0510009765625,47.90055245748252,-1.66038045225506,18.79885987159272,335.01131977931334,311.3686759482257,0.07458247265327331,321.8789968795238,324.5878779072302,-0.02055839771381296,0.02130474256502664,0.03095316785539981,690071042,34.14631796946492,44.76325164665002,332.5283330281576,313.58833363850914,323.05833333333334,5282079.607953116,1.3091463395849763
2023-01-13,318.29998779296875,323.0,317.0,320.79998779296875,308.326171875,2637954,5.770817837940515,0.011916064063234977,324.97999877929686,310.7380004882813,50.847095976890486,-1.691685739462291,17.80985205337969,334.9447442122127,311.2102515153263,0.0739853291771434,321.7762341093757,324.55852368943516,-0.006892268555442116,0.021489439318455907,0.02550322093092182,692708996,22.46957510162225,32.35833799078026,332.24583384195967,313.68583323160806,322.96583353678386,5959524.378018826,1.8703242606954698
2023-01-16,322.0,323.95001220703125,317.0,317.70001220703125,305.3467712402344,1617910,5.761107579698609,-0.009710258241906189,323.925,311.3140008544922,48.4402575287856,-1.862408336322554,17.026805900249094,334.8101081955923,310.66488875264986,0.07600005827890262,321.3880224996286,324.6190578866259,0.011987343195485112,0.02156212885298406,-0.040376565788303266,691091086,9.919072859137353,22.178321976741525,331.9191685994466,313.8641667683919,322.89166768391925,4391666.395409832,2.1876021214951136
2023-01-17,318.0,320.29998779296875,315.25,319.25,306.8364562988281,1389647,5.765974494912649,0.00486691521403948,323.31000061035155,311.6840008544922,49.72174875729006,-1.8105708362735942,16.009401490424004,334.29530019173626,310.3646973668575,0.07495881855874315,321.1844013091878,324.46165296677276,-0.009663265909904295,0.02148423440104052,-0.05311206734602384,692480733,16.194323980379803,16.19432398037982,331.3383341471354,313.7633341471354,322.5508341471354,4071990.6084278054,1.5818285960747847
2023-01-18,319.95001220703125,324.95001220703125,319.3500061035156,323.29998779296875,310.7289733886719,2129497,5.778580646973789,0.012606152061140463,323.63500061035154,312.2340008544922,53.008270058402786,-1.4582835698767185,15.746289287335403,334.41740046602195,310.6725958718687,0.0734451144160225,321.38588573621456,324.5390150020319,0.004878777882950436,0.020874364482020655,0.015584937087051233,694610230,32.591027589359626,19.56814147629228,330.98500162760416,314.12999979654944,322.55750071207683,4722340.072247201,1.7321392870270365
2023-01-19,322.75,323.75,316.3500061035156,318.29998779296875,305.9233703613281,1519717,5.762994295937336,-0.015586351036453117,321.63999938964844,312.72300048828123,48.76980793600644,-1.5103730465332479,14.989724180662765,334.3376423524844,310.95235398540626,0.07346933479082819,321.0919906940007,324.6400287022573,0.012685944535532512,0.021096732802981747,0.01908764684654003,693090513,12.348122613884874,20.377824727874785,330.94666748046876,314.3366668701172,322.641667175293,2962207.9190690294,2.324848941338175
2023-01-20,319.25,319.8999938964844,311.0,311.79998779296875,299.6761169433594,1874396,5.742361917473479,-0.020632378463856682,320.0449981689453,313.15300048828124,43.86003218145511,-1.9054714652525617,14.37123683740982,333.6942602007161,311.96073552682293,0.06970341733407617,320.20703803675957,325.1511372634779,-0.015465512492384814,0.020777566891305166,0.029868655731042443,691216117,2.7633418157055303,15.90083067298336,331.20750071207686,314.5124994913737,322.8600001017253,798524.7877734541,2.854391996446728
2023-01-23,311.79998779296875,317.6499938964844,310.5,316.1499938964844,303.85699462890625,2367258,5.756216765198864,0.013854847725384367,318.93999633789065,313.7690002441406,47.657762228496715,-1.7980845348506147,13.869677460525764,333.82465306675823,311.41034144007773,0.07089771329876894,319.82065288054287,325.2225880639708,-0.02042098727389141,0.018969934580332123,0.00861035612816215,693583375,19.185030745540498,11.432165058376983,330.70750071207686,314.9274988810222,322.8174997965495,2155533.6393195596,2.261582803897022
2023-01-24,317.1000061035156,322.5,316.29998779296875,320.75,308.2781066894531,2715461,5.770662003495746,0.014445238296882046,318.4249969482422,314.23,51.40168088839373,-1.3613263083940284,13.136145134186046,333.70792953871637,311.2520649681196,0.07001048969788545,319.909162130015,325.0592276190419,0.013951270923089343,0.019133666528129565,0.02433543755812717,696298836,34.80473939346209,18.917703984902722,330.57166697184243,314.71666514078777,322.6441660563151,3632048.4299680004,1.932973408271629
2023-01-25,321.0,324.3500061035156,317.0,322.29998779296875,309.767822265625,3455839,5.775482750946644,0.004820747450898111,318.73499450683596,315.1289996337891,52.63116073675606,-0.9325624276477256,12.731917100850898,333.73083571932585,311.284157566807,0.06964529631610666,320.13685981220107,324.90274205821265,0.014550074940130386,0.019125508226256215,0.061662177848098444,699754675,40.06785365661573,31.352541265206124,330.5174992879232,314.6174992879231,322.56749928792317,3878399.834896191,2.2804860012085832
2023-01-27,323.5,323.5,304.8999938964844,308.29998779296875,296.3122253417969,3650520,5.731073295297452,-0.044409455649192076,317.8649932861328,315.7609991455078,42.23722581700744,-1.5215241539738156,12.982993599504583,334.2400266540513,308.9549654113784,0.08201447370686389,319.00953866751223,324.1864752637234,0.0048323859484606935,0.021125385496236843,-0.007966792612032064,696104155,12.592569986979166,29.155054345685684,330.3641657511393,313.61416575113935,321.98916575113935,-3976697.284374693,6.033086876411425
2023-01-30,307.1499938964844,315.45001220703125,306.79998779296875,311.8500061035156,299.7242126464844,4045915,5.742522322544091,0.011449027246639432,316.9699951171875,316.53199951171877,45.1929293856364,-1.5940331974283264,13.216136062540146,334.2349207682297,307.71507312825463,0.08504039480817602,318.3276784233221,323.33097538076436,-0.04343779252325941,0.02133287410686861,0.019912476309781272,700150070,28.367396763392858,27.00927346899594,329.76833394368487,312.77833150227866,321.27333272298176,-1356730.1961902713,2.773777214931722
2023-01-31,313.3999938964844,324.0,313.20001220703125,321.20001220703125,308.71063232421875,3528721,5.772064020077062,0.02954169753297098,317.3199951171875,317.34699951171876,52.13929878502476,-0.9652638655217478,12.383559616280463,333.45813345736343,307.78686165982407,0.07992301003087385,318.60123402177055,323.06799625317905,0.01151481820015765,0.022294025259225515,0.033952100272069415,703678791,73.92292414900317,38.29429696645841,329.6691670735677,312.1241658528646,320.89666646321615,3550454.530066019,3.362387105392623
2023-02-01,322.29998779296875,336.3999938964844,321.3500061035156,329.45001220703125,316.639892578125,8286501,5.797424634412587,0.025360614335524723,318.3399963378906,318.2479998779297,57.28377208298451,0.0020922505615665332,12.967939523091939,334.07677688928453,307.5732200589577,0.08044788540991646,319.63445099179535,323.6061340020257,0.02998238230084227,0.02297271701656493,0.06887533091286219,711965292,77.93656606522818,60.07562899254142,330.21666615804037,311.80166676839195,321.00916646321616,12809480.061485158,4.568215885665566
2023-02-02,329.95001220703125,337.0,326.25,331.45001220703125,318.56207275390625,3482811,5.803477005516578,0.006052371103991483,319.1549987792969,319.19700012207034,58.449765425134515,0.7320924298428786,13.567091010307902,335.42240432475853,307.3675950648899,0.08464265568451683,320.7597425361035,324.10608424827905,0.025684930530707417,0.02262890822338423,0.07604103344920185,715448103,82.71032168943759,78.189937301223,330.691667175293,312.391667175293,321.54166717529296,11974643.195558706,3.2433246655864667
2023-02-03,335.0,343.04998779296875,319.45001220703125,330.20001220703125,317.3606872558594,8825502,5.799698568454626,-0.0037784370619524665,320.3450012207031,320.1590002441406,57.39527171769944,1.065978696477236,13.183915635233392,333.434666500327,308.55033411002455,0.07536139149110721,321.65881583809664,323.41869489125156,0.006070723708891945,0.01859213394448429,-0.08037557185377389,706622601,66.31722767556809,75.6547051434113,330.8691665649414,311.98916778564455,321.42916717529295,8687997.381907463,7.14717586719549
2023-02-06,330.20001220703125,340.0,327.29998779296875,338.29998779296875,325.1457214355469,3947224,5.823933039703212,0.024234471248585798,322.9950012207031,321.06099975585937,62.15934316876441,1.7283495844204748,12.828109929807061,335.8193542748868,307.2206451147616,0.08453653618700947,323.2436893576083,323.37318399411566,-0.003771307750681907,0.018015768237471405,0.03603347072878348,710569825,87.54914610762827,78.85889849087799,331.01999969482415,312.2199996948242,321.61999969482423,12014343.189095907,3.7540681836510568
2023-02-07,339.8500061035156,339.8500061035156,325.1000061035156,328.1000061035156,315.34234619140625,4209719,5.793318458569663,-0.030614581133548313,324.19000244140625,321.3689996337891,53.974514764805626,1.3900859131429146,12.195685439441965,335.94102909037383,307.18896968892307,0.08763199898380826,323.70619571436134,323.64767566596635,0.02453051267865769,0.019373901556102077,0.00578147470561879,706360106,60.8126236402077,71.55966580780138,331.5200002034505,312.05999959309895,321.7899998982747,4163857.4881189326,4.495580532036434
2023-02-08,329.75,333.70001220703125,327.6499938964844,332.6499938964844,319.71539306640625,1835770,5.807090867839736,0.013772409270072394,325.3800018310547,321.71899963378905,56.71267840684562,1.3805165330295974,11.608434126960091,336.9700668816026,306.8349318976943,0.09059111840322444,324.5579860174207,323.7701119605283,-0.03015070073160997,0.019575658256662274,0.02914056627145153,708195876,72.73919905543481,73.70032293442361,331.775835164388,312.3158315022787,322.04583333333335,4762268.00277312,1.818733931024676
2023-02-09,332.6499938964844,337.0,331.29998779296875,333.45001220703125,320.48431396484375,2196089,5.809492965686595,0.002402097846859519,326.49500427246096,322.0589996337891,57.19488272353339,1.3350072412855223,11.499748846925085,338.4330045794211,306.7969941998758,0.09487482147669923,325.40484565452647,324.19776895021914,0.013867685791914441,0.018893293469005073,0.050182793381432056,710391965,74.83623297034875,69.4626852219971,332.2416676839192,313.101665242513,322.6716664632161,4332931.3468899,1.709405307651405
2023-02-10,333.3999938964844,335.5,327.6000061035156,330.1499938964844,317.3126220703125,1284465,5.7995470781534815,-0.009945887533113762,328.6800048828125,322.35199951171876,54.49805923716614,1.004659671204557,10.837569380117403,339.1951134930224,307.3498846759229,0.09645685114591972,325.85676453471297,324.633450894063,0.0024049851953276136,0.018982435710217845,0.051063176659756,709107500,66.1861180594497,71.2538500284111,333.1225011189778,313.60749867757164,323.36499989827473,3108404.2945832587,2.392849929587262
2023-02-13,330.0,332.8500061035156,327.3999938964844,331.1499938964844,318.27374267578125,1287043,5.802571426499717,0.0030243483462353282,330.61000366210936,322.5909991455078,55.18760303441525,0.785225652333446,10.19247205804749,340.0272019142602,307.5527968650366,0.09806554627138216,326.3608816167864,324.93238226983874,-0.009896590762449753,0.018844695415896024,0.04870106004366366,710394543,68.80735045784374,69.94323382921407,333.60500183105466,314.14499816894534,323.875,2848209.823928508,1.645783574658586
2023-02-14,331.95001220703125,332.20001220703125,325.1000061035156,327.70001220703125,314.9578857421875,1213411,5.792098592955398,-0.010472833544318938,331.2600036621094,322.7659991455078,52.24598467383483,0.3610360689261549,9.68990343418159,340.36130291782524,308.2186958614716,0.09808546188288482,326.4884178634764,325.1353209688503,0.0030289263016420875,0.018869517774492528,0.06430659877683079,709181132,59.76414667958298,64.91920506562549,334.0516682942708,314.57666524251306,324.31416676839194,1843287.6016842918,2.166617588964278
2023-02-15,327.5,329.8999938964844,325.75,327.79998779296875,315.05401611328125,2024744,5.7924036290704635,0.00030503611506560446,331.0950012207031,322.93799865722656,52.325288605677024,0.056473489080986816,9.223232569163255,340.68432248130307,308.7506750772907,0.09741808600731547,326.61332928533284,325.36972759702627,-0.010418184366724037,0.018856945834395823,0.050577490507853276,711205876,60.02620592449078,62.86590102063917,334.4841684977213,315.099164835612,324.7916666666667,1608878.6539827413,1.266014048513455
2023-02-16,327.8500061035156,335.70001220703125,327.0,334.1499938964844,321.1570739746094,2062059,5.811589975691283,0.019186346620819528,331.36499938964846,323.32799865722654,57.188369178430804,0.24159010312564622,9.258367370072293,341.7267764909467,308.79322167799864,0.09855919621279557,327.3311068673473,325.6877866663289,0.0003050826433119713,0.01912319932421402,0.057725042293440956,713267935,75.44829269935344,65.07954843447574,335.12666880289714,315.4316645304362,325.27916666666664,3249622.7371008247,2.6036248289522366
2023-02-17,334.1499938964844,336.5,329.6499938964844,330.95001220703125,318.08154296875,1704718,5.801967343449752,-0.00962263224153137,331.43999938964845,323.60599914550784,54.18859006062955,0.11391548729097911,9.408343586829123,342.21247044635567,309.57253016399585,0.09862498588439804,327.6757645187457,326.01342029994066,0.019371587370302645,0.018886804161548643,0.0522631595652589,711563217,59.464035234796405,64.97951128621355,335.7441696166992,316.10416412353516,325.9241668701172,2006095.7195605426,2.0698008311993927
2023-02-20,332.0,334.0,327.3999938964844,330.3500061035156,317.5048522949219,2761417,5.800152716951801,-0.001814626497950833,330.64500122070314,323.8939990234375,53.620644830829185,-0.037452965885440115,9.132101692011352,341.89164623453263,311.74835620687367,0.09124652480924587,327.93045419348573,326.5482110044693,-0.00957648286070134,0.01816232653902972,0.07072966555673338,708801800,46.18646259523822,60.36626350979603,336.4466705322265,317.0366638183594,326.74166717529295,1482815.32328735,1.997882845943555
2023-02-21,330.79998779296875,333.8999938964844,327.5,329.25,316.4476013183594,996302,5.796817340623391,-0.003335376328410078,330.76000061035154,324.0169989013672,52.53356953541826,-0.22756074186540154,8.875591361109135,341.7525905862724,313.1974124654854,0.08672795177156262,328.05612522267757,327.0448690275286,-0.0018129810587234063,0.018027053833397998,0.04351555015655088,707805498,41.525414961904715,49.05863759731312,337.18167063395185,317.8466639200846,327.5141672770182,1114421.9512541823,1.9438098394789292
2023-02-22,328.8500061035156,329.75,325.20001220703125,328.6499938964844,315.8709411621094,1864934,5.794993336138109,-0.0018240044852815274,330.36000061035156,324.2239990234375,51.915313546753126,-0.39955632224766635,8.28547373250066,341.8147652076412,313.925237233765,0.08486088085144039,328.1126841439925,327.3811083191952,-0.003329820139827522,0.017806506625178086,0.040605873961794,705940564,38.98301358809503,42.231630381745994,337.5000030517578,318.3299987792969,327.91500091552734,795365.7035530407,1.3844478556119706
2023-02-23,329.45001220703125,330.8999938964844,325.75,327.8500061035156,315.10205078125,2167454,5.792556205326421,-0.0024371308116881707,329.8,324.3939990234375,51.052609683191854,-0.5630349313348955,7.868605887055179,341.8567503163038,314.4382539561571,0.08363122113680724,328.0876671877566,327.7559493279958,-0.0018223420000474944,0.01780625137597584,0.010046768641652895,703773110,18.456383399249965,32.988270649749914,337.7375025431315,318.78749949137375,328.26250101725265,434036.7827852794,1.5708384323953044
2023-02-24,329.5,330.0,314.70001220703125,318.6499938964844,306.2597961425781,2294583,5.7640933026060095,-0.02846290272041152,328.65,324.3149987792969,42.3390252504073,-1.2473921126096443,8.884752607320262,339.8956759221477,317.43432896066486,0.07048908643249356,327.18884116001635,328.4462473714395,-0.002434163419521407,0.01602967463282227,0.030369271275606954,701478527,15.705696413728667,24.381697800357898,338.01666870117185,319.39666748046875,328.7066680908203,-2643710.1304763868,4.801502616045571
2023-02-27,318.6499938964844,319.29998779296875,309.45001220703125,314.3500061035156,302.1269836425781,1693961,5.750507034245375,-0.013586268360634257,326.9700012207031,324.1409991455078,38.989451639618466,-1.9067995878465798,10.435948807598496,339.30192569517567,318.2780791876369,0.06688037569375974,325.96609496415914,329.2309583936105,-0.028061650253947024,0.01620436045363412,0.019697903367666088,699784566,17.785829646483332,17.315969819820666,338.22666625976564,319.486669921875,328.85666809082034,-3306610.343517637,3.133442148779185
2023-02-28,315.6499938964844,321.29998779296875,312.3500061035156,313.3500061035156,301.1658935546875,2360674,5.747320796148953,-0.003186238096422045,325.5350006103516,323.9179992675781,38.231934599879445,-2.301058347683319,11.476359754324434,340.48226161112774,316.3127426613332,0.07713265830226322,324.7645626917169,329.27404845404806,-0.01349439157486887,0.0146538653401558,-0.042411797466806414,697423892,14.156063972847651,15.882530011019893,337.94416554768884,319.38916982014973,328.66666768391923,-3171476.5801579747,2.8562251524247575
2023-03-01,314.0,317.3500061035156,311.75,316.20001220703125,303.90509033203125,1199802,5.756374963380783,0.009054167231830057,324.3750030517578,323.6939996337891,41.707975602694894,-2.2575163611783604,12.515650902583726,340.91908280918136,314.5509214632796,0.08339076637554728,323.9488912169849,328.9646621169616,-0.0031811674267017143,0.013478234032173337,-0.047000337138914404,698623694,24.9538005401783,18.965231386503103,336.77333323160804,319.16333567301433,327.9683344523112,-2229916.636848228,1.7710328549415215
2023-03-02,316.20001220703125,317.1499938964844,313.29998779296875,313.95001220703125,301.7425231933594,857188,5.749233776442205,-0.007141186938578237,322.3550048828125,323.5929998779297,39.80354958546335,-2.262177029905103,13.480706968824494,341.2127862806142,312.5072179918468,0.09143356321909546,322.9966170255608,328.51145807235554,0.009095280191486976,0.013386735848683808,-0.05934898066008679,697766506,16.635867026785533,18.581910513270504,335.58999989827475,318.67000172932944,327.1300008138021,-2186881.8315841956,1.2263118183848887
2023-03-03,314.0,317.70001220703125,310.5,315.8500061035156,303.5686340332031,2205652,5.755267436668805,0.006033660226600013,320.8450042724609,323.5840002441406,42.203492767660755,-2.0268069947607272,14.740657121237843,341.17433654997814,311.11066711213124,0.09518337456670471,322.3159874139374,327.22732267237757,-0.007115749250910297,0.013521914341390053,-0.022885890762591034,699972158,23.659877207589574,21.749848258184482,333.95916849772135,318.6791666666667,326.319167582194,-1275795.0931052314,2.2795669045108524
2023-03-06,316.0,320.6499938964844,315.3999938964844,319.29998779296875,306.884521484375,1056606,5.7661310614901335,0.010863624821328521,319.74000244140626,323.8070001220703,46.38350689214691,-1.5497927477550726,15.231930259620428,339.41041875676814,310.97458490534126,0.08905679592403999,322.0287493547976,326.1343018119801,0.006051899419043272,0.012406035453507575,-0.08843449443806904,701028764,36.41397423660892,25.569906156994687,332.7491678873698,318.2141672770182,325.481667582194,-572785.6008092973,1.6442217979050013
2023-03-08,319.29998779296875,324.79998779296875,318.0,322.0,309.4795227050781,2016020,5.7745515455444085,0.00842048405427498,319.01500244140624,323.84,49.46393581100681,-0.9906554743775775,14.828761516955398,339.10456023474137,310.67044281701646,0.08830471247740654,322.02601132100733,325.2878875217902,0.010922848259570461,0.010832085766319175,-0.012640721130827776,703044784,46.39553958035773,35.48979700818541,331.8808334350586,318.14083404541014,325.0108337402344,286652.1435376223,2.111797451232531
2023-03-09,323.1000061035156,324.8500061035156,313.54998779296875,314.20001220703125,301.9827880859375,1493511,5.75002976467267,-0.02452178087173884,317.57000427246095,323.6540002441406,41.9633407220674,-1.0771835447288836,15.116486511841883,338.43959978002624,309.4904051027862,0.09213619844853779,321.28067807205724,324.6350624279165,0.008456036048400728,0.011434202789523059,-0.08530959768528312,701551273,17.560081861606953,33.456531892857875,331.4533335367839,317.1883341471354,324.3208338419596,-1418493.5296341167,3.596441079416992
2023-03-10,313.3500061035156,313.3500061035156,306.1000061035156,312.0,299.8683166503906,2162817,5.7430031878094825,-0.007026576863187195,315.98500366210936,323.4590002441406,40.11561966834805,-1.204033720963663,16.287856074582507,337.5741949388724,308.210808723237,0.09411341735780573,320.3968039699566,323.16589799228836,-0.024223564574437084,0.011402844576558059,-0.030742295061344814,699388456,21.14693615480619,28.367519198923635,330.3591664632162,315.93916829427087,323.1491673787435,-1895597.8541970584,2.323717948717949
2023-03-13,313.45001220703125,313.54998779296875,304.54998779296875,306.79998779296875,294.87054443359375,1160542,5.726196029704863,-0.01680715810461919,314.8000030517578,323.065,36.07258409492191,-1.5382160712010418,17.54077061459299,337.57932106533076,305.87068198642703,0.10335280423903077,319.10186909595774,322.3729698357565,-0.007001948190828333,0.011706764850598525,-0.03446731311357902,698227914,7.666097213282994,15.45770507656539,329.2749994913737,314.74500071207683,322.01000010172527,-2486917.0988506875,2.933507287514391
2023-03-14,308.0,311.29998779296875,303.3500061035156,307.75,295.7835998535156,1335168,5.729287765064563,0.0030917353596997543,314.14000244140624,322.73400024414065,37.315561694420495,-1.5888457242993526,18.833637247251698,336.90057885384476,304.20942480826466,0.10622633321065834,318.0207387058665,321.4974865392641,-0.016666705791766878,0.011708787479472255,-0.04427626167444252,699563082,15.970946809665492,14.927993392584902,328.2499979654948,313.4700022379557,320.86000010172523,-1950439.5278095182,2.583259687880788
2023-03-15,310.0,312.25,307.1499938964844,308.1499938964844,296.1680908203125,1061050,5.730586657601289,0.0012988925367256599,313.6200012207031,322.3320001220703,37.863375123316686,-1.490575532922553,19.813089010015364,336.4274998996616,302.72750193139314,0.10936231911654418,317.08066777163964,320.877964062663,0.0030965197028376412,0.011642221413463988,-0.053759779790455105,700624132,17.42283092478826,13.686624982578925,327.19249725341797,312.6125015258789,319.9024993896484,-1611174.8061417663,1.6550401442580753
2023-03-16,308.8999938964844,311.5,305.75,308.95001220703125,296.93695068359375,1675202,5.733179491018337,0.0025928334170481904,312.89500122070314,322.00300048828126,39.01140401326082,-1.2752033427864298,20.890953934833426,335.647823628544,301.6221806439169,0.1101331660146564,316.30631962262936,319.8702251347685,0.001299736462987422,0.011687700266249981,-0.04804656881348844,702299334,21.0131609232915,18.135646219248425,326.3183314005534,311.57833506266275,318.94833323160805,-1189550.9375694075,1.861142506169203
2023-03-17,310.04998779296875,311.04998779296875,306.3999938964844,308.70001220703125,296.6966857910156,972728,5.73236997105146,-0.0008095199668769482,312.3700012207031,321.7760009765625,38.77034157239769,-1.06182732374273,21.891828507878774,333.3173421472768,301.4076639562388,0.10336792008170571,315.5819093925724,318.76715057777255,0.0025961977166730765,0.010472446118920304,-0.0901189050130195,701326606,24.883749318677324,21.10658038891904,324.9374969482422,310.6025024414063,317.7699996948242,-1054355.3750594922,1.5063147757071784
2023-03-20,309.95001220703125,311.95001220703125,304.6000061035156,311.45001220703125,299.3397521972656,1722665,5.741238850894346,0.008868879842886201,311.9300018310547,321.2400012207031,42.94668515010464,-0.6670148788636396,23.05150413137624,331.2475777202368,301.5274283832788,0.09542510249510609,315.18839537490186,317.57426826909375,-0.0008091923939865797,0.010756976359895504,-0.013055915314559222,703049271,37.67444699309593,27.857119078354927,323.8108306884766,309.42583618164065,316.6183334350586,-226971.92862242192,2.359931229872558
2023-03-21,313.1000061035156,318.6000061035156,305.95001220703125,317.0,304.6739501953125,1822097,5.75890177387728,0.01766292298293415,311.7000030517578,321.02500122070313,50.31257013930058,0.0010306234616681564,22.50421228310486,329.1410431209861,302.298962372178,0.08467533359245472,315.36092914872074,316.2445419747021,0.008908324882590968,0.011721310879826932,0.038059545671139096,704871368,63.48834370457849,42.015513338783926,323.2766637166341,308.28667043050126,315.7816670735677,1250112.0765529212,3.9905343522032726
2023-03-22,317.5,319.5,313.20001220703125,315.1499938964844,302.8958435058594,1016366,5.753048696592101,-0.005853077285179253,311.01500244140624,320.7840008544922,48.08407773388789,0.3330605919276155,21.802898379327225,326.9141217320316,303.11588315078086,0.07551400616262628,315.3408400770792,315.8020949390199,0.017819834886631858,0.011749697188715068,0.040035133629073016,703855002,54.88366415334303,52.01548495033916,322.5583302815755,307.5783376057943,315.06833394368493,802912.7365588237,1.999044237658489
2023-03-23,315.0,315.1499938964844,309.1499938964844,309.8999938964844,297.8500061035156,1387433,5.736249645098589,-0.01679905149351235,310.5850006103516,320.4640008544922,42.35121718949803,0.21933819394443788,21.787633578037198,324.3791275063874,303.77587737642506,0.06648354480718205,314.82266425035584,314.8985610921349,-0.0058359813991029075,0.012190013812370944,-0.02264847234047353,702467569,30.46505950218023,49.61235578670059,321.8074971516927,306.68250325520836,314.24500020345056,-352363.8329495796,1.9361084602035117
2023-03-24,311.5,313.45001220703125,305.20001220703125,306.04998779296875,294.1496887207031,2721241,5.723748447411336,-0.012501197687252663,309.98999938964846,320.20100036621096,38.7066767738011,-0.07896721192993228,22.315276993961902,321.7237992461756,304.2512038055822,0.05709065883842792,313.98717125441425,313.44286520401346,-0.016658734258850894,0.012374812037766468,-0.07691335274721185,699746328,12.558054369549419,32.635592675024235,320.96583099365233,305.5308364868164,313.2483337402344,-1798711.065262063,2.6956380751698683
2023-03-27,306.54998779296875,310.54998779296875,303.5,307.1000061035156,295.15887451171875,1263044,5.727173447321461,0.003424999910125237,310.02000122070314,320.00300048828126,40.21769488086614,-0.16443991587680973,23.022331093854785,321.09957244653475,303.72043182592614,0.05659114384631611,313.3312507638525,312.6192747872968,-0.012423382314752929,0.010992868917647282,-0.04300656288821807,701009372,17.441860465116278,20.15499144561532,319.8499974568685,305.24000295003253,312.5450002034505,-1352292.4377922872,2.2956651425765124
2023-03-28,305.6499938964844,308.79998779296875,305.29998779296875,307.1499938964844,295.2069396972656,989912,5.727336207738487,0.0001627604170257868,309.9600006103516,319.73000061035157,40.293157587395626,-0.17547740467939343,23.678881329469608,320.981465273649,303.11853777810876,0.058157017257048714,312.74255963362697,312.3423653326809,0.0034308719242857055,0.010646036255379021,-0.04186193833031712,701999284,17.67436182776163,15.891425554142451,319.1683314005534,305.1933344523112,312.1808329264323,-1152038.7300914917,1.1395084061696479
2023-03-29,306.70001220703125,313.75,305.25,311.5,299.3878173828125,2879575,5.741399338227508,0.014063130489020637,310.2950012207031,319.60600036621094,46.609092042155254,0.13553533217522462,23.093180141702938,320.8714968123119,303.0435056290944,0.05723271647902882,312.6242206209006,311.88709733466163,0.00016277366322126063,0.01116179488487441,0.06168991099101108,704878859,50.46437756399718,28.526866618958376,318.87083231608074,304.9408335367839,311.9058329264323,801990.9207117221,2.7287319422150884
2023-03-31,313.1000061035156,321.0,312.0,319.8999938964844,307.461181640625,2701524,5.7680084278760235,0.026609089648515827,311.38999938964844,319.61900024414064,56.236317750064885,0.890250956731383,21.710750587109057,321.5413979452898,302.7436026650617,0.05876147433222786,313.31715140905146,312.2461315551679,0.014162481490986645,0.012574142462491326,0.09988881404144895,707580383,93.76766864641958,53.96880267939281,319.1674982706706,304.8975001017253,312.0324991861979,3929247.233639484,2.8133792346717854
2023-04-03,319.8500061035156,323.29998779296875,315.0,322.79998779296875,310.2483825683594,1152811,5.777032898579711,0.009024470703687726,312.7999969482422,319.60900024414065,58.98591847994732,1.5304813021909847,20.796968955508248,323.0549104606996,302.1150877082457,0.06486934183493177,314.22027868371026,312.46482581828775,0.026966272540880798,0.012568270936168465,0.14721555085780125,708733194,97.49373203553198,80.57525941531625,319.66833038330077,304.95333404541014,312.31083221435546,3845518.3236624217,2.571247864573042
2023-04-05,322.79998779296875,323.6499938964844,320.5,321.75,309.2392578125,710747,5.773774846476236,-0.003258052103475073,313.8299957275391,319.67800048828127,57.5754449800974,1.8098256800062185,20.005315784717602,324.01275850614377,301.74723905245,0.06920130366338381,314.9373949995474,312.524253022704,0.009065314010048953,0.012561792925299867,0.11530679499257077,708022447,90.57074703721933,93.94404923972364,319.8299957275391,305.52000122070314,312.6749984741211,3189547.7525836243,0.9790190820464258
2023-04-06,320.1000061035156,322.95001220703125,318.6000061035156,319.04998779296875,306.6441955566406,762865,5.765347792053796,-0.008427054422440072,314.0349945068359,319.82300048828125,53.99964165787383,1.7389043687827368,18.889281381539046,323.97192200764766,301.76307555094604,0.0696093004432676,315.3290705036827,312.51117188675653,-0.003252750411013583,0.01250113823480661,0.08033526522844606,707259582,77.17117867555186,88.41188591610107,319.8724965413411,305.6525014241537,312.7624989827474,2439648.8147406937,1.3634246262182401
2023-04-10,319.8999938964844,329.1000061035156,317.6499938964844,328.3500061035156,315.5826110839844,1984551,5.794080131225425,0.028732339171629206,315.35499572753906,320.0670007324219,62.61279338623454,2.214011720341918,18.842554148065833,325.6013624956675,300.76863567327786,0.07562883009224272,316.5691596084287,312.7219044806845,-0.008391646331099456,0.014001120759214907,0.1246059487358568,709244133,97.07031319849176,88.27074630375432,320.2766647338867,305.59166717529297,312.93416595458984,4727750.503808325,3.4871362857296613
2023-04-11,329.95001220703125,329.95001220703125,319.0,322.8500061035156,310.2964782714844,3428685,5.777187837977588,-0.01689229324783703,316.6499969482422,320.1090008544922,55.94165756681562,2.056904573356885,18.922458884283152,326.7283446033694,300.5066529552243,0.08121942435317046,317.1673354651037,313.6715727394612,0.029149094707320966,0.013376357033537201,0.12651733522336026,705815448,73.15688912374786,82.46612699926384,320.57916463216145,305.9291676839193,313.2541661580404,1358390.788978565,3.3916716741582897
2023-04-12,323.45001220703125,327.6499938964844,323.25,324.04998779296875,311.44976806640625,2196682,5.780897787203515,0.003709949225926934,318.4499969482422,320.14400085449216,57.017684455885416,1.934662520417052,18.996656139342093,328.06508253518757,300.3749138027031,0.08545030018694331,317.82282616299557,314.6351181934481,-0.016750418449104743,0.013234152502967072,0.0427551864117901,708012130,77.69367980671825,82.64029404298596,321.1616638183594,306.7966674804687,313.9791656494141,1540903.27306038,1.3578133196213766
2023-04-13,325.1499938964844,325.79998779296875,320.3500061035156,324.1499938964844,311.5459289550781,897691,5.781206352791711,0.00030856558819536417,320.1549957275391,320.4610009765625,57.11169367318156,1.766074004009149,18.404981838298085,329.1369036652426,301.0380932829996,0.08668459327880218,318.42541356618494,315.1017433245455,0.00371683960590774,0.01249931278078793,0.07168987030620282,708909821,78.07177454154427,76.30744782400346,321.7408299763997,307.73083546956383,314.7358327229818,1333599.1739190465,1.681314759238758
2023-04-17,324.25,326.8999938964844,323.04998779296875,325.3500061035156,312.69927978515625,1107718,5.784901544700838,0.00369519190912726,321.97499694824216,320.7310009765625,58.29054486294924,1.6434486906054024,18.05027783277347,330.2707928010599,301.66420475753387,0.0879255801655782,319.08489856974023,315.757100828502,0.00030861319945341137,0.012500730552558216,0.07444289732764284,710017539,82.60868060282861,79.45804498369705,322.41749776204426,308.8175008138021,315.6174992879232,1332981.4522089318,1.1833428711511014
2023-04-18,325.5,335.20001220703125,324.75,332.20001220703125,319.282958984375,4934182,5.805737233925224,0.020835689224385945,324.0449981689453,320.9510009765625,64.31948749948464,1.9128841030031303,18.949887187716378,332.6385616183961,301.70143777125236,0.09312800334234593,320.33395701138704,317.98097733886414,0.0037020275478223397,0.013135425219060618,0.14209887766608617,714951721,90.53628124681106,83.73891213039467,323.7616653442383,309.62666778564454,316.6941665649414,5971009.361301504,3.1456989232494883
2023-04-19,332.0,336.5,331.20001220703125,332.5,319.5712585449219,1969414,5.806639860095909,0.0009026261706850391,325.30499877929685,321.0120007324219,64.5610805372683,1.9915646169664745,19.945941843308834,334.69431931791036,302.00067885103493,0.09832673824624187,321.49262777220736,319.23318088939953,0.02105426763488727,0.0131493533156554,0.10839016381417534,716921135,87.87878787878788,87.00791657614252,324.97249806722004,310.8825017293294,317.92749989827473,5202408.046730112,1.5939812911184208
2023-04-20,333.1499938964844,335.3500061035156,331.8999938964844,334.70001220703125,321.6856994628906,891486,5.8132346446888405,0.006594784592931724,326.4950012207031,321.0770007324219,66.36001489630642,2.063275034260246,20.87084973778754,336.83251197998527,302.46248618896004,0.10268904851358471,322.7504739088572,319.87299553150905,0.0009030336602811051,0.013118306308365751,0.12412124192198806,717812621,94.2400390625,90.88503606269965,326.1758326212565,312.20583445231125,319.1908335367839,4739389.7661111625,1.0307774368700107
2023-04-21,334.70001220703125,337.3999938964844,333.1000061035156,334.0,321.012939453125,1445953,5.811140992976701,-0.0020936517121397102,327.7200012207031,321.15300048828124,65.22548134416817,1.9370821471438395,21.998136743896122,338.60751784209543,302.9424791061468,0.10678155310164268,323.8218573461089,320.97017897011335,0.006616578066259482,0.013138117370268963,0.060845890119462606,716366668,89.42458929407086,90.51447207845291,327.29833119710287,313.63333485921225,320.4658330281576,3917736.263696217,1.2874214949008234
2023-04-24,334.0,337.8999938964844,331.5,332.1000061035156,319.1867980957031,1518113,5.805436146761248,-0.0057048462154529744,329.02500305175784,321.0290008544922,62.12105767234886,1.6124675124242565,22.606076595466025,339.9289031496979,303.1310944088959,0.11080339676155294,324.6102524658619,321.87399915382474,-0.0020914615521383517,0.012845683894412119,-0.010793077229571792,714848555,77.60621946032184,87.09028260563089,327.98499755859376,314.94500122070315,321.4649993896484,2946001.7354291026,1.9271285091423624
2023-04-25,332.75,333.75,329.3999938964844,330.0,317.16845703125,769557,5.799092654460526,-0.0063434923007221755,329.19000244140625,321.0670007324219,58.790449750325216,1.1640633545100254,22.613607616751604,340.7798421377911,303.7651560311542,0.11216571547465719,325.12356175482745,322.2403177484839,-0.005688604480492132,0.012862597907548559,-0.01562982447110652,714078998,65.502200864354,77.5110032062489,328.6424982706706,315.79750010172523,322.2199991861979,2294276.5736530633,1.3181836677320076
2023-04-26,331.70001220703125,335.3999938964844,328.1000061035156,334.8500061035156,321.8298645019531,1942987,5.81368268858367,0.014590034123144413,330.39000244140624,321.1110009765625,63.63914774786675,1.10245681527587,22.88627138070505,341.88626429706045,305.15373509258797,0.10969845762259589,326.0498897880359,323.2198161037377,-0.00632341482963128,0.012318955669213602,0.0587998980912646,716021985,84.93833188657408,76.01558407041664,329.7766647338867,316.80166778564455,323.28916625976564,3312736.8929956993,2.1800769478594635
2023-04-27,335.04998779296875,342.75,333.3999938964844,341.45001220703125,328.1732482910156,1931229,5.833201291157665,0.019518602573994848,332.1300048828125,321.2710009765625,68.98677287376526,1.3956852360966634,24.1250711248135,343.4020097693673,307.1779920616874,0.10608878726797696,327.5165681136545,325.23914506111765,0.014696988192471672,0.012165536189831384,0.16030233953974038,717953214,94.82076702448822,81.75376659180543,331.3799982706706,318.2950007120768,324.8374994913737,4660363.506465796,2.7383235522763547
2023-04-28,344.0,353.29998779296875,342.0,346.8999938964844,333.4113464355469,3535675,5.849036536381251,0.01583524522358637,334.4050048828125,321.6060009765625,72.57375083083636,1.819372896818102,26.2349663406246,345.70356270536234,308.85643790498926,0.1062182918670455,329.36260866440017,327.923214200943,0.019710335921198308,0.012371176885194006,0.13750783020218446,721488889,82.04769988161061,87.26893293089097,333.6099980672201,320.1000005086263,326.8549992879232,6747363.578378851,3.257419426862454
2023-05-02,348.0,348.54998779296875,344.6499938964844,346.20001220703125,332.7385559082031,1588048,5.847016678002164,-0.00201985837908758,336.49000549316406,321.9070013427734,71.43101747538398,1.9059964601489412,28.194154755306332,346.9730917036465,311.4919107377597,0.10248752084003007,330.96617090655553,329.2290345305551,0.015961287141933456,0.01243647171311751,0.1253941163486287,719900841,79.3003553564152,85.389607420838,335.599164835612,322.0491678873698,328.8241663614909,5624653.849757208,1.126514661747654
2023-05-03,347.04998779296875,357.0,344.5,355.3500061035156,341.53277587890625,3760025,5.873103236448972,0.026086558446808183,338.8050048828125,322.46000122070313,76.61458953426117,2.4010721060030162,30.58506779292344,350.6353324101456,312.21467064161214,0.10812061659945857,333.28844092531364,332.8379173027621,-0.0020178198379040557,0.013139014243865222,0.15858011166127053,723660866,95.49796951905455,85.61534158569346,337.90499827067055,323.95500132242836,330.92999979654945,9736018.414167415,3.5176585859854113
2023-05-04,357.95001220703125,365.0,356.3500061035156,359.75,345.7616882324219,3839531,5.885409345767477,0.012306109318505065,341.5300048828125,323.09900146484375,78.62318855410842,2.8175984885710834,33.215184678761496,355.48676847856194,311.3482351835474,0.12269223987495359,335.8085894086171,336.4737979552396,0.026429790796808517,0.012334433150849153,0.08320378618032838,727500397,88.24187969169382,87.68006818905452,340.024164835612,326.1091684977213,333.06666666666666,10758574.778623864,2.4044458364098333
2023-05-05,361.54998779296875,371.79998779296875,359.1000061035156,368.8999938964844,354.5558776855469,4033463,5.910525588057453,0.02511624228997622,344.9500030517578,323.79400146484375,82.07176061528143,3.4597687396489984,35.93806916329409,362.08640838125024,309.35859589121065,0.14293253825543661,338.9601517407949,339.7127787753682,0.012382141046601403,0.013072404972814408,0.10488798293980454,731533860,94.0512945713141,92.59704792735415,342.55583140055336,328.2008356730143,335.3783335367838,14493944.357634107,3.442662482942957
2023-05-08,370.0,377.29998779296875,367.04998779296875,376.25,361.6200866699219,3930879,5.930253816063085,0.019728228005631898,349.1750030517578,324.70000122070314,84.26734430516281,4.086948041718726,38.661012240064814,369.3473808726651,307.54762339979584,0.16425184710397145,342.5115658607192,342.84515318177284,0.025434312429421402,0.01316342371247958,0.1680367956315568,735464739,98.00192571479676,93.43169999260158,345.4891647338867,330.4241683959961,337.95666656494143,16550807.255426578,2.7242524916943522
2023-05-09,377.45001220703125,383.29998779296875,375.0,381.6000061035156,366.7620849609375,6585578,5.944372955568669,0.014119139505583966,354.1250030517578,325.7250012207031,85.64536508359241,4.534903223066905,41.37553217958764,376.40103448242417,306.7489716210914,0.18252636726226473,346.23427445527125,347.85059513032684,0.01992411554655127,0.012648174361361718,0.23524671449274046,742050317,96.92032200478441,96.3245140969651,348.6749969482422,333.2150024414062,340.9449996948242,19219675.14681967,2.175049177205001
2023-05-10,370.0,377.5,364.54998779296875,368.6000061035156,354.2675476074219,11482573,5.909712061794365,-0.034660893774304036,357.98500366210936,326.51200134277343,69.67531055282379,3.6656511645496153,41.896050762460796,379.75021712776515,307.4247889757505,0.1962165679717953,348.3643441360564,352.7398108226772,0.01421928532495853,0.015038504065700205,0.10157762128376219,730567744,73.36958955502371,89.4306124248683,351.00916341145836,335.3991689046224,343.2041661580404,-4850771.159868853,3.513296796689265
2023-05-11,371.70001220703125,373.20001220703125,365.6499938964844,368.6000061035156,354.2675476074219,4603092,5.909712061794365,0.0,361.36000366210936,327.3110015869141,69.67531055282379,2.8376416250485814,42.3793894465573,382.28829142551257,309.46171467800303,0.1975761680455787,350.29155003771916,355.50815922604056,-0.03406708540899117,0.014150530657531165,0.09986845143363969,735170836,73.36958955502371,81.21983370494395,353.09999694824216,337.8300018310547,345.4649993896484,-4157803.85131616,2.0482957638439565
2023-05-12,369.0,372.95001220703125,367.6000061035156,368.04998779296875,353.73895263671875,5705146,5.90821876533794,-0.0014932964564247087,364.02000122070314,328.1150012207031,69.04358415590494,2.0373192828527227,42.828203938932624,384.2640525230486,311.885953580467,0.1966529040704516,351.9828298239334,357.7206437957699,0.0,0.014256711385167773,0.044237384427362254,729465690,72.37317924162687,73.03745278389142,355.3749979654948,340.01000162760414,347.69249979654944,-4012108.2674628887,1.4536085534460197
2023-05-15,369.8999938964844,369.8999938964844,360.54998779296875,362.8999938964844,348.7892150878906,2980168,5.894127297400298,-0.014091467937642044,365.6200012207031,329.0000012207031,63.260042832966924,0.9981018009196436,41.99386126137083,384.9997369339725,315.0252691695431,0.19282025059606173,353.0225597356049,358.46215261544666,-0.0014921820440567668,0.014925655290283764,0.01610848977664291,726485522,63.043477059011174,69.5954152852206,357.62083231608074,341.86583353678384,349.7433329264323,-5631499.516467911,2.5764690715819283
2023-05-16,363.0,373.45001220703125,359.0,365.8999938964844,351.67254638671875,4562352,5.902360055344332,0.008232757944033331,367.5899993896484,330.0310009765625,65.09432353694507,0.3814656658979878,41.51446479346399,385.7519920230452,318.32801285976734,0.18426887206331186,354.248982036641,359.46033351049243,-0.013992647920915813,0.014927300544534786,0.009488788743715199,731047874,68.47826147049442,67.96497259037749,360.2016662597656,343.3866668701172,351.7941665649414,-2871705.87125821,3.9491698409591276
2023-05-17,367.95001220703125,371.0,365.0,369.1000061035156,354.7480773925781,2194687,5.911067626572164,0.008707571227832389,368.9649993896484,331.1460009765625,66.98762176241104,0.07391529187259138,41.06931093040764,387.0868973915791,320.68310688088184,0.1799073134994044,355.66336528110526,361.78995909103924,0.00826674028783736,0.014522038344662936,-0.008851696853997594,733242561,71.5431193861257,67.68828597187711,361.8616653442383,345.49166717529295,353.6766662597656,-1458172.8624194954,1.6255756978549807
2023-05-18,371.8999938964844,373.3500061035156,367.0,369.1000061035156,354.7480773925781,3293186,5.911067626572164,0.0,369.9,332.20400085449216,66.98762176241104,-0.2281695874797176,40.85969193740745,388.0229867479356,323.40701813487686,0.17506358045124742,356.9430453594301,362.95642290626535,0.008745592403416547,0.014538088429827708,-0.010268262396632592,736535747,65.61746758707119,68.54628281456377,363.73499959309896,347.25999959309894,355.49749959309895,-1249862.4535024248,1.720402600517633
2023-05-19,371.3500061035156,371.3500061035156,360.70001220703125,367.20001220703125,352.9219970703125,1835070,5.905906691989884,-0.005160934582280063,369.73000183105466,333.26900085449216,64.57570635499616,-0.6317261392055968,39.55128992596728,388.5056642650234,326.174340617789,0.1697476077753814,357.9198993449159,363.40624283084185,0.0,0.014720383568317076,-0.01223865067283374,734700677,58.50520450716456,65.22193049345381,365.71666564941404,348.52166748046875,357.1191665649414,-1569399.5029480187,2.900325038791065
2023-05-22,365.70001220703125,371.6000061035156,363.3999938964844,369.6000061035156,355.22869873046875,1784711,5.91242135628137,0.00651466429148595,369.06500244140625,334.3440008544922,66.22974069740084,-0.8018730610070861,38.36290643845103,388.78033429773603,329.45967119542803,0.1604996269553464,359.03229046478253,364.10008375715825,-0.005147639840329621,0.014635590867259,0.012233197057674963,736485388,64.69075773282638,62.93780994235404,367.58000030517576,349.99499969482423,358.7875,-733300.2158142268,2.218617984745009
2023-05-23,370.0,380.6499938964844,368.04998779296875,379.1000061035156,364.35931396484375,4118807,5.937800038622304,0.025378682340933878,368.81500244140625,335.5400012207031,71.83559768360081,-0.36187053234689337,38.12745464228566,389.60306747182534,333.33693802133877,0.14842028104616478,360.9435014779952,365.3714494372486,0.006535930873366125,0.01508518714859016,0.07006475156871074,740604195,84.4156417698169,69.20386800326928,369.99500071207683,351.78999888102214,360.8924997965495,4961266.4578735195,3.3236628595767197
2023-05-24,379.5,385.0,376.70001220703125,383.79998779296875,368.8764953613281,3259370,5.950121551767889,0.012321513145585605,370.3350006103516,336.7760009765625,74.12414342937286,0.13199501296242389,38.25876044776662,389.93166051961515,338.38834375284574,0.13429733821297868,363.1203096984689,366.4117410399872,0.025703462779000263,0.014809689038594333,0.10514109406572845,743863565,95.3845684344952,81.49698931237948,372.7316665649414,354.1316665649414,363.4316665649414,6440939.723770564,2.162581567732089
2023-05-25,382.95001220703125,390.0,380.0,389.20001220703125,374.0665588378906,2487583,5.964093381676267,0.013971829908377309,372.39500122070314,338.2760009765625,76.48805811602851,0.6781058535709246,38.74696648464523,391.130840182364,342.6241647004485,0.12463174193353534,365.6040908897605,367.8961982338195,0.012397735726149772,0.014794717228556964,0.11007073470494003,746351148,97.41939421622983,92.40653480684732,375.54750061035156,356.67749938964846,366.1125,7439806.753518604,2.569372992383308
2023-05-26,389.79998779296875,393.8999938964844,389.20001220703125,392.5,377.2382507324219,1949600,5.972536537222463,0.008443155546196124,374.8400024414062,339.8860009765625,77.82148967458791,1.0927700289465605,39.46285606505311,393.1819365595041,345.6780671026053,0.12102896676916884,368.16560604311667,369.2137831213684,0.014069892094356717,0.014523644332214546,0.10222735634286098,748300748,95.98855546898706,96.2641727065707,377.9483327229817,359.5433339436849,368.74583333333334,7296070.960326214,1.197447564191879
2023-05-29,393.29998779296875,395.95001220703125,390.1000061035156,392.29998779296875,377.0459899902344,1654415,5.972026822098934,-0.0005097151235284869,377.7800018310547,341.5960009765625,77.53447379478628,1.177456132523627,40.261224640382956,395.08011720052383,348.319885851234,0.11919508744406827,370.4641185907216,370.7487854222473,0.008478899510448556,0.014461073926146664,0.10555292817800901,746646333,90.12172338777216,94.50989102432969,379.9450007120768,362.08500010172526,371.01500040690104,6206503.223780241,1.4912073121457476
2023-05-30,391.04998779296875,392.0,384.0,385.6499938964844,370.6545715332031,1445958,5.954930206553441,-0.017096615545493243,379.7550018310547,343.1540008544922,68.49000597461799,0.6365725641596871,39.8754611114333,394.6471845122013,352.6978167085018,0.10877575124494746,371.9103924293657,371.57485056655935,-0.0005095852408439905,0.015274096516373608,0.09881483239707302,745200375,72.12445221171842,86.07824368949257,382.1875010172526,363.9174997965495,373.05250040690106,3946201.0668726703,2.074419843540137
2023-05-31,385.6499938964844,392.29998779296875,385.04998779296875,390.79998779296875,375.6043395996094,1403719,5.9681958889326205,0.013265682379179466,381.925,344.8070007324219,71.28374671112859,0.4835448315281674,39.54292200049566,395.91199154053083,354.9780078491176,0.10474407617714289,373.70940151161363,372.9082041859213,-0.0169512977400188,0.014596868465275487,0.07541528418706746,746604094,86.0621848100973,82.76945346986264,383.7800003051758,366.03499908447264,374.9074996948242,4415192.954802168,1.8551689422878845
2023-06-01,391.70001220703125,393.45001220703125,388.8500061035156,391.0,375.79656982421875,815217,5.968707559985366,0.0005116710527452994,384.11499938964846,346.44800048828125,71.3898411255805,0.26464122548515334,39.337181034032085,397.2128735846317,356.8021258050167,0.10335229611154734,375.35612517717425,373.80636268748515,0.013354061916222237,0.014516346311024827,0.08961958371699108,747419311,86.60348965706348,81.59670889295974,385.11416778564455,367.77416534423827,376.4441665649414,3807744.440027486,1.1764721492367327
2023-06-02,392.0,393.5,388.3500061035156,391.95001220703125,376.7096252441406,1184325,5.971134311779089,0.002426751793723092,386.5899993896484,348.1130004882813,71.92049526382746,0.06318326394430329,39.045401162724424,399.00354893032863,357.3164522903745,0.10635819707012702,376.93649537049396,374.5457790176761,0.0005118019787073713,0.013636149924459098,0.06784915905112722,748603636,89.17456379286706,87.28007942000927,385.9700022379557,369.3849985758464,377.67750040690106,3424512.835322458,1.313941506848099
2023-06-05,393.1499938964844,396.75,390.29998779296875,391.3500061035156,376.1329345703125,842797,5.969602315846901,-0.0015319959321882237,388.76499938964844,349.71100036621095,71.02448997020156,-0.21584190125624403,39.08603702851605,400.5075698511493,357.3224319799054,0.11034914321636946,378.3092106784008,374.84746044785214,0.0024296987392102842,0.013077397084042774,0.013565051883651712,747760839,85.02081629681551,86.93295658224868,386.7433364868164,370.53833160400393,378.64083404541014,2863056.23827287,1.6481441437170092
2023-06-06,393.0,393.45001220703125,390.0,391.6000061035156,376.37322998046875,1078428,5.970240926242452,0.0006386103955513533,390.01499938964844,351.20300048828125,71.18556825227523,-0.47412037564683196,39.057430683305945,401.68558811011064,357.14441372094404,0.11374150586042783,379.5750007188879,374.5823562221899,-0.0015308230254593713,0.012761075923359191,-0.05274814685605694,748839267,85.71429780764353,86.6365592991087,387.08667144775393,371.36666412353514,379.2266677856445,2492563.4899481745,0.881004124938464
2023-06-07,392.3500061035156,398.5,391.6000061035156,394.25,378.920166015625,2850595,5.976985225843148,0.006744299600695669,391.06000061035155,352.7850006103516,72.90499874288253,-0.5516132218643861,39.50220017460425,403.2811772183162,358.1138240023869,0.11456525863266791,380.97261969804146,376.7345210234133,0.0006388143505837718,0.009689542043675626,0.010870537391247923,751689862,88.7566101257034,86.49724141005417,388.0125040690104,372.8974985758463,380.45500132242836,3215634.327291132,1.7501569807189283
2023-06-08,392.25,399.8500061035156,390.0,396.20001220703125,380.79437255859375,1991553,5.981919165074726,0.004933939231578144,391.76000061035154,354.5110009765625,74.12841632685267,-0.5551447937165452,39.54763277970311,404.907317915592,359.24768391546274,0.1152438985192917,382.4228475560405,378.25200551784934,0.0067670936036294815,0.009660904110196902,0.043543705312351036,753681415,89.98630267734097,88.15240353689597,389.43750356038413,374.09249928792315,381.76500142415364,3311051.2320995,2.486119586076282
2023-06-09,396.95001220703125,406.5,396.5,405.29998779296875,389.5404968261719,4097632,6.004627503515755,0.022708338441028708,393.0399993896484,356.4960009765625,78.91339302065026,-0.054574494329628465,40.174936955266936,407.9364063490566,359.94359548199805,0.11841305776592757,384.6016228167003,381.52917685758877,0.004946131152901101,0.010487132539508875,0.21656573147761973,757779047,96.87903296214868,91.87398192173102,391.33166961669923,375.5216659545898,383.42666778564455,8164951.221821893,2.4673082411016747
2023-06-12,407.95001220703125,408.6000061035156,404.25,406.79998779296875,390.9822082519531,1753255,6.008321634166953,0.0036941306511986127,394.48999938964846,358.49000061035156,79.58369376166316,0.2508280689727709,40.92155374466301,410.0627000405993,362.2073011801038,0.11763864379674062,386.7157528144401,383.6538359139343,0.02296813555165267,0.009511859756274237,0.26252857489880027,759532302,94.35730829169452,93.74088131039474,393.186669921875,377.8766662597656,385.5316680908203,7374227.11870448,1.0693230663835362
2023-06-13,409.5,410.6000061035156,404.25,408.54998779296875,392.6641540527344,1713166,6.012614275951799,0.0042926417848461185,396.7799987792969,360.51800048828125,80.36778008604708,0.4332762973506128,41.76866750438317,412.2036614628865,364.33133914746503,0.11717616875729925,388.7952037647762,386.5607885089004,0.0037009623616524046,0.009498365679562581,0.2998960827444873,761245468,93.30059509265475,94.84564544883267,394.8658360799153,380.36583302815757,387.6158345540365,6749057.601746698,1.5542788626231627
2023-06-14,409.29998779296875,409.5,405.75,408.20001220703125,392.3277893066406,861858,6.011757280280279,-0.0008569956715200888,398.52000122070314,362.4520007324219,79.70849131204616,0.3940918327128955,42.55527313840903,413.9634809090742,366.48152031162897,0.1163203311551183,390.64328075927665,388.0018611518303,0.004301868369009476,0.009571826544902858,0.2964151383884721,760383610,90.97746862483923,92.87845733639618,396.7258361816406,382.4508331298828,389.58833465576174,5741816.6217050385,0.9186672924688869
2023-06-15,407.95001220703125,414.54998779296875,403.04998779296875,407.3500061035156,391.5108337402344,1992061,6.009672781740118,-0.0020844985401611282,400.1550018310547,364.2010009765625,78.03413717540913,0.18523740974469938,43.66771254951539,414.9043188827491,369.36568233795396,0.11179240422847302,392.234397458728,390.5671787969686,-0.0008566285556098618,0.009641185106363004,0.3219351308717637,758391549,76.4321290789182,86.90339759880406,398.9083353678385,384.11833292643234,391.5133341471354,4679662.245950685,2.823125034415152
2023-06-16,409.70001220703125,413.0,408.6000061035156,411.6000061035156,395.5955810546875,1126995,6.0200520187886495,0.010379237048531387,402.1200012207031,365.97700134277346,80.26619357128644,0.20603391937158833,44.70069200268559,415.5718525327022,373.13814807764936,0.10309451852724455,394.078741139184,392.3223752866405,-0.002082327481863322,0.009405851876283356,0.32799702838861955,759518544,90.34375493226194,85.91778421200645,400.8283350626628,386.6633326212565,393.7458338419596,4695386.032243445,1.0689975294552827
2023-06-19,412.8500061035156,412.8500061035156,405.25,407.0,391.1744384765625,1065984,6.008813185442595,-0.01123883334605491,403.68500061035155,367.68200134277345,71.76598280684034,-0.19557531020513252,44.75452588149615,414.8149026054924,377.6350973945076,0.0913508727542624,395.30933722116646,393.9182662336882,0.0104332881706648,0.010135031198078306,0.29474307196794053,758452560,74.4068210407839,80.39423501732135,402.8066680908203,388.7016662597656,395.754167175293,3324111.8981729527,1.8673233669571558
2023-06-20,407.5,410.75,405.20001220703125,408.95001220703125,393.04864501953125,1055318,6.013592929030674,0.004779743588079199,405.4200012207031,369.48000183105466,73.06803579972866,-0.4224346320786978,44.79114914311318,415.33585307099315,380.09914753935846,0.08616384516402971,396.6084491245822,396.4956337219012,-0.01117591359403125,0.008873892867066569,0.2418486296386861,759507878,78.62603244416852,81.12553613907146,404.07250111897787,390.67250111897783,397.3725011189778,3143222.0530482177,1.3571310984969638
2023-06-21,409.79998779296875,422.0,409.5,419.45001220703125,403.1403503417969,2950591,6.038944358394773,0.02535142936409951,407.94000244140625,371.302001953125,78.7505479529338,0.018731303840837654,45.754360853890795,418.2994189525152,380.70058409924263,0.08963841640017557,398.78383608481545,399.6494036708878,0.004791184783860647,0.009976468513105094,0.22741267328051715,762458469,92.42202598665207,81.8182931572015,406.04000193277994,392.2200007120768,399.13000132242837,7120076.831184187,2.9800928921728764
2023-06-22,421.45001220703125,427.6000061035156,413.20001220703125,415.1000061035156,398.9595031738281,3965592,6.028519469762717,-0.010424888632056373,409.8300018310547,373.147001953125,71.97507349599562,-0.09225950744278144,46.985582908647565,420.1383223242085,381.4516801171977,0.09319836578697445,400.3377570389774,402.6729896562028,0.025675509687194564,0.010235802634864838,0.07811229579077078,758492877,66.75532454546266,79.26779432542776,407.8716684977214,393.6116678873698,400.74166819254555,3638587.369007484,3.46904208257067
2023-06-23,416.8999938964844,420.6499938964844,410.45001220703125,415.8999938964844,399.7283630371094,2593725,6.030444832073425,0.0019253623107085005,410.89000244140624,374.9840020751953,72.44461160018052,-0.2146422918598372,47.47228414566569,421.9789766791418,381.9510251519129,0.0962441743559911,401.8198748349304,404.1758777748121,-0.0103707378159964,0.010165121923444315,0.05998944481471599,761086602,68.88295130904967,76.02010061372147,409.33666839599607,394.5266677856445,401.9316680908203,3415210.364623254,2.4525082565862824
2023-06-26,418.70001220703125,418.70001220703125,399.45001220703125,403.75,388.0508117675781,3398449,6.000795874536866,-0.029648957536559273,410.5850036621094,376.5760021972656,56.86240475175702,-1.1636982012522417,45.77702992651606,422.0619207665529,383.0130822852049,0.0967153894274872,402.0036962792227,404.9474760293629,0.0019272170108550757,0.012448873927270298,0.018752387778707424,757688153,36.56914299999107,57.402472951501146,410.7325017293294,394.58250172932946,402.65750172932945,-2971410.345681986,4.767801857585139
2023-06-27,406.45001220703125,409.95001220703125,397.79998779296875,399.1499938964844,383.629638671875,3227313,5.989337270800525,-0.01145860373634111,409.64500427246094,378.052001953125,52.27774845421623,-2.0966708446568063,43.93234256096755,421.23021240953085,385.19479064222696,0.09028040164933415,401.7319150999143,405.37515625236057,-0.029213739059367416,0.01207129605060561,-0.02363172887074174,754460840,24.335086199969645,43.262393503003466,411.69416961669924,395.129167175293,403.4116683959961,-4667731.653149606,3.0439745959794475
2023-06-28,401.95001220703125,417.79998779296875,396.5,409.45001220703125,393.5291748046875,3942436,6.014814825529437,0.02547755472891211,409.77000427246094,379.597001953125,60.04574269658772,-2.0149913549939065,42.99450545141959,421.4113538331891,386.87865165997493,0.08433923835311376,402.4669719672588,406.13897311678664,-0.011393203971555743,0.012985448450959123,-0.02154855954444321,758403276,41.63990246152186,34.1813772204942,413.3233362833659,395.3533350626627,404.3383356730143,1800110.4384659347,5.202097242141193
2023-06-30,411.25,412.6000061035156,404.0,406.70001220703125,390.8861083984375,2421632,6.008075842928008,-0.006738982601429022,409.7050048828125,381.0810021972656,57.36110987338272,-2.1298584476877167,42.123656706839355,421.12905799725235,388.7309487166148,0.07966094986037331,402.87011865676095,406.5062447195393,0.025804881543398217,0.01314082202595733,-0.03998457952472003,755981644,32.797460466987545,32.924149709493015,414.3566696166992,395.9866683959961,405.17166900634766,591596.3758279443,2.114582209340525
2023-07-03,397.0,402.29998779296875,396.0,397.0,381.5632629394531,2631061,5.983936280687191,-0.02413956224081737,408.24500427246096,382.327001953125,49.033508721574016,-2.8005747719833103,40.024790865851564,420.707814468761,389.65719102440306,0.07821315729057415,402.3110597370694,406.43618993316016,-0.006716326579591092,0.014358606952926517,-0.08847818168171659,753350583,3.1645563507936982,25.867306426434368,414.77250213623046,396.2875015258789,405.5300018310547,-3138820.794639454,1.5868986884052267
2023-07-04,399.0,399.70001220703125,395.1499938964844,397.3500061035156,381.8996276855469,1095037,5.984817519746741,0.0008812390595505093,407.2800048828125,383.5940020751953,49.31942044518337,-3.136774801724929,37.9505784389546,420.13437334823107,390.830632144933,0.07374793193199042,401.8385784386357,406.4710620206866,-0.02385053335600451,0.014348671648047076,-0.07637208073583421,754445620,6.77969608453507,14.247237634105444,414.90750274658205,396.6125015258789,405.76000213623047,-2635665.0191801838,1.1450907866254134
2023-07-05,398.0,400.6499938964844,394.04998779296875,399.04998779296875,383.5335388183594,1348900,5.989086691731788,0.004269171985046505,406.2900024414063,384.93300170898436,50.764135196433706,-3.1523807052115025,35.856308468081345,419.4142421111174,392.2957615509919,0.0679576027808196,401.5729983771436,406.5667251033729,0.0008816274647749367,0.01436879841295166,-0.05914910169653168,755794520,14.903121523567654,8.282457986298812,415.37666829427087,396.76666768391925,406.07166798909503,-1931554.9734539692,1.6539296592936563
2023-07-06,398.0,413.25,396.8500061035156,410.8999938964844,394.9227600097656,3843036,6.018349861035347,0.02926316930355899,405.43500061035155,386.5510015869141,59.4430402975444,-2.311290574967555,35.265525796999796,419.306374276376,394.06862877538185,0.06142065192474096,402.46128366469986,407.3156219285261,0.004278297881818105,0.01570249956087033,0.014379178959722108,759637556,50.223537726710006,23.968785111604248,416.4625015258789,396.90250091552736,406.6825012207031,4850095.745043779,3.9912373181042025
2023-07-07,415.0,422.25,410.8500061035156,418.1499938964844,401.8908996582031,4806357,6.035840205231061,0.017490344195714158,405.73999938964846,388.2170013427734,63.66324594596061,-1.265625046531361,35.428759881068224,420.3825476873904,395.18745353331275,0.06025372359640606,403.95544654391745,408.7342770007431,0.029695543079839792,0.01607227879242758,0.030275788578066332,764443913,71.8330639358831,45.65324106205359,417.62666727701827,397.91166788736984,407.76916758219403,9135237.531466097,2.726292972111465
2023-07-10,422.0,430.8999938964844,419.3999938964844,428.8500061035156,412.1748352050781,4588816,6.061107221668716,0.025267016437655165,407.0350006103516,389.96500122070313,68.8199884387114,0.07650519801248379,36.13648752543782,424.47585036740344,393.4491526843544,0.07234860030655998,406.3263569781649,410.8271320938934,0.017644195930133,0.016254824280776046,0.0267775217324495,769032729,94.43694042489406,72.16451402916239,418.8825007120769,399.0175013224284,408.95000101725265,14844544.629230984,2.6815902614734104
2023-07-11,431.95001220703125,433.95001220703125,426.25,433.3500061035156,416.4998474121094,2351049,6.071545729664848,0.010438507996131996,409.9950012207031,391.6940014648437,70.70305053469924,1.1382524324370245,36.97016262621219,429.04179543119176,391.5382094516208,0.0865434070643866,408.9000378472459,411.9130094046265,0.025588933069983666,0.016341990307335033,0.0594646331716948,771383778,98.49622622460312,88.25541019512677,420.2816680908203,400.0816680908203,410.1816680908203,14235284.039340843,1.7768575282290235
2023-07-12,433.3500061035156,436.5,431.0,432.6000061035156,415.77899169921875,1683722,6.069813527627871,-0.001732202036976993,413.3400024414062,393.42200134277346,69.94486129607633,1.630965440976805,37.89008648391899,432.5824874491443,390.40251926472286,0.09750339248568649,411.1571776811764,412.7602778463828,0.010493179284026377,0.016378018406584025,0.03376556413853019,769700056,90.81273786809795,94.58196817253172,421.5175013224284,401.40250193277996,411.4600016276042,12021273.248006437,1.271382321405682
2023-07-13,434.0,434.3999938964844,423.29998779296875,424.54998779296875,408.0420227050781,1160649,6.051029755692501,-0.018783771935369842,414.85,394.8060009765625,62.231083655767556,1.271602576123902,37.536643642193326,434.08259252777816,390.5374117446828,0.10256785310362583,412.432683406109,413.17534377023736,-0.0017307026409060233,0.017064171139817105,0.010864714705934133,768539407,71.84921373225919,87.05272594165342,422.86500091552733,402.01500091552737,412.4400009155273,8969199.112274386,2.6145345477971205
2023-07-14,422.8999938964844,424.45001220703125,413.45001220703125,415.79998779296875,403.9134826660156,1639042,6.030204346065973,-0.020825409626528568,415.75999755859374,395.9270007324219,55.11592960772418,0.34944402085003823,35.93102330989236,434.4315186708212,391.033483770585,0.10437238137160446,412.75337906200036,413.5176655896509,-0.018608456303675136,0.01779082715682655,0.0023658361833968885,766900365,51.236734382840574,71.29956199439924,423.3191680908203,402.5191680908203,412.91916809082034,5639082.453378046,2.6455027231691544
2023-07-17,417.3999938964844,418.6499938964844,412.04998779296875,415.95001220703125,404.0592346191406,1203019,6.030565090077249,0.00036074401127628164,417.6549987792969,396.8680010986328,55.21048621067368,-0.3099405823362016,34.274275484011724,434.6864248544963,391.21357819726154,0.10451459401712186,413.0578203139081,413.6198240530232,-0.020610058300759904,0.01765707828747042,-0.0013864408265877003,768103384,51.590148684185934,58.22536559976191,423.6533350626628,402.6333338419596,413.14333445231125,4859282.420121334,1.5867305949808692
2023-07-18,417.8999938964844,426.6000061035156,415.29998779296875,420.25,408.23626708984375,3304746,6.040849772288725,0.01028468221147616,419.9449981689453,397.7480010986328,57.94516029673086,-0.5045101475985616,33.42045292348412,435.39079269010256,391.8342103616552,0.10364445527292647,413.7427898078216,414.1658260738866,0.00036080908722202487,0.01755220701207431,0.0017847292192148658,771408130,61.71968120822256,54.84885475841636,424.4558354695638,403.06583302815756,413.76083424886065,6195151.711370043,2.6888800263050268
2023-07-19,421.75,422.04998779296875,414.29998779296875,420.1499938964844,408.1391296386719,1291722,6.0406117758472355,-0.0002379964414895852,422.05499877929685,398.51900085449216,57.85668404134763,-0.6771904445392316,32.499532469799426,436.0183141704992,392.32668705020393,0.10399054565037055,414.3529997210276,414.3944532402202,0.010337751332553102,0.017542355788712775,0.007157372779541069,770116408,61.48409563753323,58.26464184331391,425.0925018310547,403.4824981689453,414.2875,5291675.740596407,1.844579343706816
2023-07-20,421.1000061035156,421.8500061035156,417.3999938964844,419.54998779296875,407.5563049316406,863755,6.039182679220544,-0.0014290966266914396,422.9199981689453,399.5380004882812,57.29146944139915,-0.8574641635594134,31.644392048520785,436.0281862919584,392.32681248733854,0.10416249571239346,414.84795096597435,414.33326902617705,-0.00023796812258325417,0.016597749001718717,-0.027128791144061186,769252653,60.07065410401998,61.091476983258595,424.8208353678386,404.0158304850261,414.4183329264323,4461685.167376615,1.060663171614047
2023-07-21,418.5,421.8500061035156,416.29998779296875,418.54998779296875,406.5848693847656,833310,6.036796327941016,-0.0023863512795276876,422.9599975585937,400.5370001220703,56.30421352742566,-1.0566193879298122,30.692280183229474,436.2814147896765,392.4185821585657,0.10479711840968221,415.20052590187856,414.05859670070345,-0.0014280759543779942,0.016426680491775168,0.02836804028583906,768419343,57.71494217837214,59.75656397330846,424.3916692097981,404.47166188557946,414.4316655476888,3705257.286322813,1.326010864272712
2023-07-24,418.54998779296875,422.95001220703125,413.45001220703125,414.70001220703125,402.844970703125,1160559,6.027555396688148,-0.009240931252868734,421.5449981689453,401.4700006103516,52.549707995477455,-1.4366396626228939,29.396372222562665,436.210688858879,392.36930992041783,0.10571829671558865,415.15285793094074,414.04324194651576,-0.0023835062068776613,0.016565099034178923,0.007158567128295217,767258784,48.64550877712613,55.47703501983943,424.42500406901047,404.574994913737,414.4999994913737,2537631.4145566914,2.2908125682082936
2023-07-25,417.20001220703125,420.79998779296875,414.0,420.1000061035156,408.0906066894531,1271283,6.0404927927040575,0.012937396015909819,420.2199981689453,402.6140008544922,56.891733661696854,-1.316515521020528,28.1930291162292,436.6104371217634,393.60456226788506,0.10237056469663895,415.6240148997574,414.6774416055633,-0.009198365065636649,0.015289795896076912,0.07219401637757196,768530067,58.63809225469136,54.999514403396546,424.35250295003254,405.7474950154623,415.04999898274735,3155815.5611492135,1.6186592940189544
2023-07-26,423.5,430.5,422.04998779296875,425.6000061035156,413.433349609375,3050002,6.053499952368401,0.013007159664343959,419.51999816894534,403.8080010986328,60.82387465175822,-0.8798248936202704,28.083294756437148,437.08116071847496,395.7788398918766,0.09704492536250739,416.5741093001153,416.35494174720736,0.013021446196120445,0.015132201024681286,0.11794938454587721,771580069,57.504886977854824,54.92949600322411,425.35500233968105,407.1199956258138,416.23749898274735,5101414.909556469,1.98543517054744
2023-07-27,424.95001220703125,426.5,418.29998779296875,419.75,407.7505798339844,1627575,6.03965929595765,-0.013840656410751606,419.0399993896484,404.8210009765625,55.06998180279587,-0.9899341450589567,27.412032006299093,437.3868675584794,396.503131831169,0.09740020423421182,416.8765750810567,417.3429246407995,0.013092120733377843,0.0146148238173176,0.07929274807898232,769952494,31.49287673900182,49.211951990516006,425.38000335693357,408.45499420166016,416.91749877929686,3012452.2533441964,1.9535466842242406
2023-07-28,420.79998779296875,425.0,417.3999938964844,424.29998779296875,412.1705017089844,1159058,6.0504407234384665,0.010781427480816674,419.88999938964844,405.92500061035156,58.36870731673267,-0.7710352840212664,26.653026785770017,437.9396594607906,397.7103374874516,0.09481339413322896,417.5835667679055,418.048290447131,-0.013745314895725724,0.01463242628996485,0.12687512220308234,771111552,50.10222447446136,46.36666273043934,426.0533360799153,409.2283269246419,417.6408315022786,3335487.6102011357,1.791186971993019
2023-07-31,424.0,433.79998779296875,420.0,432.79998779296875,420.4275207519531,2241780,6.070275699327485,0.019834975889018835,421.5749969482422,407.2370001220703,63.72657008560329,-0.10355765555783591,26.80552899940268,438.32053565554025,400.9094600719988,0.08643964103214613,419.03274972267343,419.92030831231693,0.01083975650498803,0.013782547085655635,0.21971221084604,773353332,84.86703329347536,55.48737816897952,427.9500025431315,410.3749933878581,419.1624979654948,5581150.808743831,3.1885370106733966
2023-08-01,433.75,438.0,423.54998779296875,427.25,415.03619384765625,1731940,6.0573693219957,-0.012906377331785457,422.2749969482422,408.39,58.43815013481568,-0.08631119509477703,27.298197381292546,437.03073019363524,405.1892649235523,0.07452654246947443,419.81534498718077,420.9267437475119,0.020032996098381828,0.014298572886036986,0.19666016385765853,771621392,58.57420060447121,64.51448612413598,430.0550018310547,411.4899932861328,420.7724975585937,3410665.570615527,3.38209764939292
2023-08-02,424.25,431.70001220703125,419.1000061035156,424.75,412.607666015625,1793026,6.051500760552042,-0.005868561443658216,422.73499755859376,409.30299987792966,56.1766636458011,-0.2826813053269328,27.058503012991082,434.73136468201756,410.0586316558731,0.058087658684271785,420.2853121312588,421.85622357855067,-0.012823447203107574,0.01445669673926932,0.17341204410731803,769828366,48.94029376830172,64.12717588874943,431.7183359781901,412.55332743326824,422.1358317057292,2283061.203384738,2.9664522904098
2023-08-03,423.0,433.0,421.0,431.54998779296875,419.2132568359375,1254172,6.067383350379185,0.01588258982714308,423.93499755859375,410.2579998779297,60.6385770334898,-0.00850031561020792,26.95789764006025,435.18579104875244,411.6692046787866,0.054493307925309514,421.35813838475497,423.5336646112613,-0.005851375073142151,0.01342483266051772,0.13902432763800354,771082538,75.144473322122,60.886322564964985,432.57416941324874,413.8491602579753,423.211664835612,3175245.9300845186,2.7806743921765245
2023-08-04,433.8999938964844,440.8999938964844,428.1000061035156,437.29998779296875,424.79888916015625,2211786,6.080619430504328,0.01323608012514299,425.80999755859375,411.2199993896484,63.97839750188138,0.47925157287568076,27.544809783196353,437.32752519827307,411.4424699189144,0.05919290190241998,422.8764097569658,425.10753927867034,0.01600938856496459,0.013201921865977089,0.13845366043287674,773294324,86.88521491838071,70.32332733626815,433.56166890462237,414.6966603597005,424.1291646321614,4538463.582929587,2.927049657048849
2023-08-07,440.8500061035156,440.8500061035156,431.3999938964844,434.8500061035156,422.4189147949219,1009390,6.075001158071684,-0.005618272432643678,427.8249969482422,412.06699951171873,61.580794377955,0.5509008171422449,28.089799630394165,438.2888588564634,411.0811362607241,0.06256806304209292,424.01675226616106,425.2548388425111,0.013324064795845914,0.012105808194158135,0.055339466257667426,772284934,77.95995690848389,79.99654838299553,433.9250030517578,415.26499328613284,424.5949981689453,3536827.782865776,2.1731659363899567
2023-08-08,435.95001220703125,439.3999938964844,431.5,438.1000061035156,425.5760192871094,933720,6.082447208751639,0.007446050679955185,429.6249969482422,412.9829998779297,63.53310078886578,0.7204929143071315,28.59586163136356,439.2687665316413,410.57622858554623,0.06549312382185975,425.3580145363853,425.14046911748574,-0.005602519455392807,0.011996433704746415,0.014613220214491384,773218654,89.7996733671973,84.88161506468731,434.1925018310547,415.5124938964844,424.85249786376954,3465079.5281706657,1.803239850815647
2023-08-09,437.8999938964844,439.8500061035156,434.1499938964844,438.54998779296875,426.0131530761719,586045,6.083473802562408,0.001026593810768972,430.9199951171875,414.0409997558594,63.80733167481696,0.7622506199109704,29.107597473662228,440.41256986658925,410.02742341954354,0.06928548008850925,426.6143929417742,424.9229164912117,0.007473841449656904,0.01198391217608764,0.04886903988384109,773804699,91.43895201788587,86.39952743118903,434.41000213623045,415.70999298095705,425.05999755859375,3007740.955459936,1.2997405918802851
2023-08-10,438.0,438.3500061035156,430.0,431.54998779296875,419.2132568359375,999295,6.067383350379185,-0.01609045218322347,432.09999389648436,414.8559997558594,56.66820821557075,0.24451744726348856,28.78455692685849,441.0052892017395,410.1347040843933,0.07153420458942525,427.0844495942689,425.10447717213435,0.001027120938562165,0.011771601505541601,0.058112282124262477,772805404,65.93802426065697,82.39221654858005,434.56666920979825,416.1416600545247,425.3541646321614,1578768.6761085168,1.934887345546965
2023-08-11,429.0,429.0,392.54998779296875,395.8500061035156,384.5338439941406,9477294,5.981035367036202,-0.08634798334298299,429.25499572753904,414.9529998779297,35.09932342285501,-2.428876428062451,28.927420556535605,444.36727443598585,404.77772068120163,0.10001150219619162,424.10974069038764,420.6010526314188,-0.01596169238363898,0.02172602491638218,-0.13339648955525113,763328110,6.825269687622488,54.73408198872178,435.2341695149739,414.26415913899734,424.74916432698564,-46980944.31555898,9.208036287739628
2023-08-14,396.0,401.3500061035156,386.70001220703125,399.5,388.0794677734375,3900528,5.990213765206329,0.009178398170127444,425.9249969482422,415.10399963378904,37.7097824765419,-3.7964935313537005,29.40399705626492,446.1103131053805,401.3896807911039,0.11194150767027934,421.7659558627317,418.3783635968523,-0.08272502073752763,0.021871297827848843,-0.05829983289698158,767228638,23.616221618501992,32.126505188927155,434.65166931152345,412.87666015625,423.76416473388673,-38235537.50004107,3.667082327029881
2023-08-16,398.70001220703125,399.1499938964844,390.6000061035156,396.3500061035156,385.01953125,1570571,5.9822976746824725,-0.007916090523856667,422.8349975585937,415.20399963378907,36.35089038345688,-4.699288660825059,29.84653237744214,447.89219412867124,397.2178003781647,0.12785263774481126,419.34538921899684,417.2525595977199,0.00922064883214846,0.021719001579222512,-0.03648052285648407,765658067,17.804422798102504,16.081971368075667,433.24666798909504,411.7466618855794,422.4966649373372,-33480073.437748827,2.1571811937188996
2023-08-17,396.3500061035156,398.8999938964844,389.45001220703125,391.70001220703125,380.5024719238281,1766781,5.970496271836021,-0.01180140284645148,419.5299987792969,415.20599975585935,34.381279938051705,-5.3484322360191054,30.329273537215848,449.82271850841323,392.44227782947735,0.14649078093111653,416.7124961702382,416.130085322634,-0.007884840792201198,0.021802613366523747,-0.07619690175740783,763891286,9.225095367463858,16.88191326135612,432.0575012207031,410.3874969482422,421.22249908447264,-29870851.64184536,2.412555883316741
2023-08-18,391.3999938964844,396.45001220703125,384.6000061035156,391.6499938964844,380.4538879394531,2682279,5.97036856822914,-0.00012770360688119098,415.5399993896484,415.15399963378906,34.35971361331838,-5.498812897713559,31.07735572267489,451.1808982640628,388.29409868417935,0.16056887670092715,414.3255911917854,414.41727400647426,-0.01173203942191925,0.02181031649724844,-0.059789588692091514,761209007,12.522183519636954,13.183900561734442,430.9925013224283,408.582497660319,419.78749949137375,-25622753.273581076,3.0256622719743125
2023-08-21,392.0,399.79998779296875,390.1499938964844,398.79998779296875,387.3994445800781,1265957,5.988460007478277,0.018091439249136698,411.68999938964845,415.2059991455078,40.14003388691335,-4.856674559690699,31.29991525350072,451.4941674165635,386.0058295316786,0.16421349019419287,412.84696229666,413.77605198841763,-0.00012769545312252273,0.022332998746539212,-0.03131707730058849,762474964,25.221997812274033,15.656425566458287,430.0649998982747,407.2449986775716,418.65499928792315,-20669276.402610686,2.419757821430534
2023-08-22,398.75,401.5,392.04998779296875,393.95001220703125,382.68817138671875,1889753,5.976224028677942,-0.012235978800334557,407.6,414.97899963378904,37.71396990606795,-4.50620329357757,31.266838958212865,452.17410552817563,383.2508914200666,0.17495421239354617,411.0472527643144,412.8876596688249,0.018256080704482702,0.022391843969975355,-0.03725402471290383,760585211,16.60747447743379,18.11721860311493,429.0024998982747,406.1874974568685,417.5949986775716,-19025844.904159468,2.3987845955605698
2023-08-23,392.0,396.0,387.1499938964844,393.3500061035156,382.10528564453125,2530723,5.974699816292007,-0.001524212385935364,403.125,414.71,37.41270783537166,-4.075421908021451,31.59203388724709,452.4029446286487,380.34705231959344,0.1831851816219185,409.3618007013812,411.52965983845655,-0.012161423606801391,0.022101817370648695,-0.03605173845630922,758054488,15.541744044734552,19.123738778147462,427.7983342488607,404.77832997639973,416.2883321126302,-16524788.38160917,2.2499061818208337
2023-08-24,397.29998779296875,399.6499938964844,393.1000061035156,395.6000061035156,384.29095458984375,1713038,5.980403615177059,0.005703798885052791,398.8300018310547,414.45100036621096,39.368628050721846,-3.425716525233438,31.36396286421388,451.73029405780636,378.0197028904358,0.18632606175461716,408.0511535968226,409.8602636335804,-0.001523051364192618,0.021878909482201794,-0.035255982264789966,759767526,19.53819251338058,17.229137011849645,426.20666656494143,403.37666473388674,414.7916656494141,-13613484.969950719,1.6557097300081516
2023-08-25,395.3999938964844,398.0,388.0,389.1499938964844,378.02532958984375,2270218,5.963964857721173,-0.01643875745588641,394.5900024414062,414.07,35.904626423723144,-3.2202590053217577,31.54070332245309,451.7709171944402,374.91907914345046,0.197486417207635,406.2510431491713,408.4607453338089,0.005720096517318751,0.02194989141980461,-0.05092218034400122,757497308,8.0888671875,14.389601248538382,424.8066660563151,401.7966654459636,413.30166575113935,-13760549.09033234,2.569703239584283
2023-08-28,390.0,393.3500061035156,386.0,391.6000061035156,380.40533447265625,1805330,5.970240926242452,0.0062760685212790435,394.1650024414063,413.755,38.1314714251648,-2.7286994743557154,31.851722699950702,450.90725589386705,372.51274227507827,0.20019027680522036,404.8557062876803,407.3441921639791,-0.01630437843153998,0.021816330394705527,-0.050165525902516564,759302638,12.669683257918551,13.432247652933048,423.198333231608,400.2133326212565,411.7058329264322,-11162887.71489633,1.8769167489677523
2023-08-29,392.70001220703125,397.75,388.5,389.6499938964844,378.51104736328125,2358611,5.965248884625472,-0.004992041616979748,393.1800018310547,413.31599975585937,37.02877389187912,-2.358165129239655,31.47468127494672,448.6188143257013,370.4861844535956,0.2005200336096056,403.40754320280445,405.41236685215824,0.006295804305429309,0.021084851947111898,-0.1343514315868545,756944027,9.140249399038462,9.966266614819009,421.12583414713544,398.5958323160807,409.8608332316081,-10225235.218716595,2.37392535477811
2023-08-30,390.75,394.8999938964844,389.0,390.8500061035156,379.6767578125,1690826,5.968323870282345,0.0030749856568723644,392.6300018310547,412.99299987792966,38.21291527926299,-1.8765091142053878,31.124571380300164,446.7228024966636,368.7421968929849,0.19951542634241562,402.2115872885865,403.91900165251906,-0.0049796020853886125,0.02107484820810294,-0.12956993326720642,758634853,11.627906976744185,11.145946544567073,418.7975001017253,397.1225001017253,407.9600001017253,-8474628.49604768,1.5095289252526651
2023-08-31,393.20001220703125,393.20001220703125,387.04998779296875,388.3999938964844,377.2967529296875,1718513,5.9620357207026595,-0.006288149579685154,392.3,412.5819995117188,36.69571124616243,-1.5791124805906955,30.97808970209539,444.95165621247463,366.8783425668222,0.20101265415174127,400.8961974417196,402.4793070289055,0.0030797182749349172,0.021076751102579023,-0.14764496288072715,756916340,8.558532241756987,9.775562872513218,416.69333394368493,395.6633321126302,406.1783330281575,-7865449.829175425,1.583425466196478
2023-09-01,388.0,390.54998779296875,383.79998779296875,384.75,373.75115966796875,2601429,5.952593772718989,-0.009441947983670929,391.61000061035156,411.88799926757815,34.49816327740804,-1.4857769917911243,31.13391166786591,441.7865048260858,365.3634951739142,0.1986303044890749,399.358464352032,400.82150859497,-0.00626842054182386,0.02055094257276412,-0.20591988627335334,754314911,5.367296903071411,8.5179120405242,414.3233337402344,393.8183319091797,404.07083282470705,-8098271.278170001,1.7543859649122806
2023-09-04,386.8999938964844,390.29998779296875,383.54998779296875,389.8500061035156,378.7053527832031,1811974,5.9657620654116705,0.013168292692681938,390.7150024414062,411.3829992675781,39.91278784789767,-0.9634449310821394,31.30127874478161,436.52677337251106,365.8782284585437,0.18121981225571226,398.45289689979234,398.57919617225804,-0.009397512754485637,0.02054763426972792,-0.19424697419102535,756126885,35.09757117646459,16.341133440431,411.64416758219403,391.74416453043625,401.6941660563151,-5621221.31565834,1.7314351402646109
2023-09-05,390.3500061035156,390.8500061035156,380.70001220703125,383.6000061035156,372.634033203125,3094206,5.949600358920429,-0.016161706491241823,389.6800018310547,410.73699951171875,35.98677427882977,-0.9217426278399454,31.718484226019747,431.15272524403395,366.1272765870208,0.1695136799332215,397.0383358715755,396.8792516648973,0.013255376487369963,0.02068182022291769,-0.20814859750809497,753032679,13.942286530882926,18.13571820347298,409.1466669718425,389.1766657511393,399.16166636149086,-7580873.62770715,2.645983768244615
2023-09-06,382.5,384.8500061035156,371.25,382.25,371.3226013183594,3106579,5.946074844809171,-0.003525514111257344,388.57000122070315,410.30699951171874,35.18177067601624,-0.8686688477853846,32.844002147029805,423.56379609800337,368.1312051226998,0.14501658855540506,395.6299229314255,395.0163421815136,-0.016031806854301944,0.02044857206069021,-0.17242738392175522,749926100,36.36363636363637,28.467831356994633,406.5875010172526,386.04749857584636,396.31749979654944,-7097020.339613767,3.5578825646868864
2023-09-07,381.0,387.6000061035156,380.20001220703125,384.29998779296875,373.31402587890625,1920479,5.95142346580647,0.005348620997298603,387.43999938964845,410.00999938964844,37.469207272253165,-0.5922903221318832,33.37300521829723,413.1532657373809,373.1167354833222,0.10418040990318031,394.5508814896677,394.0995449923184,-0.0035193067831998937,0.020556256453607983,-0.1700560869909327,751846579,43.14045551394628,31.148792802821863,403.9983337402344,383.2883331298828,393.6433334350586,-5520737.647289968,1.9255774477075764
2023-09-08,386.75,386.75,381.04998779296875,381.6499938964844,370.73974609375,1330195,5.9445039422520365,-0.006919523554433482,386.68999938964845,409.4539990234375,35.71461521313431,-0.4890288290320388,33.8642223559027,400.9874485516712,380.2925532793835,0.05422480179025182,393.3222255284121,393.0355403869042,0.0053629504067200795,0.020433233574505064,-0.177294491882159,750516384,34.38014511234504,37.9614123299759,401.3583338419597,380.9133326212565,391.13583323160805,-5235633.502124835,1.4935182230285255
2023-09-11,384.0,385.5,382.0,383.6000061035156,372.634033203125,1285174,5.949600358920429,0.005096416668392223,385.88999938964844,408.9919989013672,38.01482080758332,-0.20501063750723514,34.320352555107775,400.51809299422325,379.53690883683146,0.05469547399258893,392.39629986889815,389.893012250995,-0.006895638773509405,0.009650103294386108,-0.030799638024786243,751801558,43.48594632988434,40.335515652058554,398.60583343505857,381.4558334350586,390.0308334350586,-4129670.86065569,0.9124087446066189
2023-09-12,385.0,386.6499938964844,378.0,381.20001220703125,370.3026428222656,1699720,5.943324203802689,-0.006276155117739712,385.0450012207031,408.67599914550783,36.29357972211795,-0.09972631857315761,35.09273511460941,399.32733829540337,378.8976647563544,0.053593055836403086,391.32998675824416,388.977176874914,0.005109425489890462,0.009359112526280095,-0.11619253185665902,750101838,35.0352617796265,37.6337844072853,397.61083323160807,381.0608332316081,389.3358332316081,-4122477.5413809377,2.2691483786696547
2023-09-13,378.5,386.70001220703125,376.8500061035156,385.0,373.9939880371094,1772526,5.953243334287785,0.009919130485095629,384.4600006103516,408.4289990234375,40.85952119419324,0.2839075372848274,35.90667551359305,398.34096483335196,378.74903760805427,0.050888122663110893,390.72713087650664,388.45885671645215,-0.006256501194728203,0.009645451567074529,-0.10026133242213718,751874364,51.401869158878505,43.30769242279646,397.0500010172526,380.36999918619796,388.7100001017253,-2571326.8693665573,2.5584431437702926
2023-09-14,386.0,388.0,381.0,382.54998779296875,371.6140441894531,2576062,5.946859331768224,-0.006384002519560283,383.875,408.0989990234375,38.922567032377934,0.42238728814466775,36.35725254118656,398.10353174753027,378.0714682524697,0.05236456446027044,389.9483553447411,387.96001165111966,0.009968488119840302,0.009414955062023311,-0.11068476167831794,749298302,42.6414633696934,43.02619810273281,396.45250142415364,380.0174977620443,388.23499959309896,-3105620.6517526684,1.82982622490327
2023-09-15,384.0,391.1000061035156,375.29998779296875,376.3999938964844,365.6398010253906,4544616,5.9306523914957205,-0.0162069402725038,383.0399993896484,407.4089990234375,34.501246725754456,0.16286296439004033,37.27534887713764,398.405458212501,376.244541787499,0.05887597445364628,388.65803520681186,387.03367472992335,-0.006363668070211048,0.009983057230732168,-0.2087394663522813,744753686,19.43393923201651,37.82575725352948,396.1516682942708,379.32166341145836,387.7366658528646,-6654726.367483035,4.197666994354978
2023-09-18,377.5,379.0,372.04998779296875,373.04998779296875,362.3855895996094,4073235,5.921712426195284,-0.008939965300436725,381.35999755859376,406.5069989013672,32.34586186495295,-0.1542004267923085,38.37889329661261,397.46405043884226,374.6109495611578,0.0612601571518272,387.1715545007316,385.6818269034857,-0.016076314449688822,0.008877668061257352,-0.2812103836347983,740680451,7.610944006359014,23.228782202689644,394.9391693115234,378.37916259765626,386.65916595458987,-7653388.616564525,1.8630243759418894
2023-09-20,370.0,379.8500061035156,370.0,378.95001220703125,368.1169738769531,2135884,5.937404302470813,0.015691876275528926,380.89499816894534,405.5089990234375,39.5129882449522,0.09995958800497551,39.555207365317116,396.5053866855224,374.06961331447764,0.05920510000877759,386.38855047276013,384.8283498877828,-0.008900122629749374,0.009583084416439475,-0.21725135810801674,742816335,38.57761852521251,21.87416725452935,393.98083597819016,377.3808298746745,385.6808329264323,-4759794.850540241,2.59928903185634
2023-09-21,369.04998779296875,373.3500061035156,366.70001220703125,368.79998779296875,358.257080078125,5080181,5.910254458583113,-0.02714984388769981,379.5499969482422,404.2179986572266,33.03022463566717,-0.3256765692124777,40.880378805977365,396.75569751032924,371.3643006586161,0.06884869222383748,384.713449265161,382.8556864615088,0.015815640281797494,0.011079376005765489,-0.26526572103547663,737736154,8.606459472270895,18.265007334614143,392.7433354695638,376.3633305867513,384.55333302815757,-11446104.325871127,1.8031437409421622
2023-09-22,368.79998779296875,374.5,366.3500061035156,371.75,361.1227722167969,2440598,5.918221585340264,0.007967126757151277,378.2949981689453,403.00099853515627,36.30131245643819,-0.3183272306537228,41.81293607846762,395.4835755744401,370.2514219841536,0.06787398410299003,383.4788350494314,381.8017371538651,-0.026784599781243035,0.011186689680625384,-0.23704106597557245,740176752,21.818157157512626,23.000745051665348,391.5608357747396,375.0208302815755,383.2908330281576,-8782404.580395816,2.1923319156649295
2023-09-25,373.70001220703125,378.25,372.25,377.45001220703125,366.6598205566406,1564689,5.933438141926423,0.015216556586159058,377.875,402.0589990234375,42.178129304453506,0.13624787151129514,41.74652281825096,394.7633803191334,369.801619070515,0.0661326280072468,382.9046614453933,381.1514081043566,0.00799894876538687,0.011446816354549826,-0.18091619791353825,741741441,44.84850950915404,25.091042046312527,390.57416941324874,374.43416392008464,382.50416666666666,-6253668.7260239115,1.589614467069881
2023-09-26,378.79998779296875,380.5,369.95001220703125,370.54998779296875,359.9570617675781,2786441,5.91498835545436,-0.018449786472062968,376.5699981689453,401.1539990234375,37.64983845075483,0.04289040246214437,41.90881088016538,393.93859942688,368.52139813171374,0.06859317806634818,381.7280258594481,380.3972106377728,0.015332917840030325,0.011881011597802726,-0.24620227854460558,738955000,16.969622987689394,27.878763218118692,389.9016682942708,373.44166463216146,381.6716664632162,-8106931.897784028,2.8471159467054603
2023-09-27,372.29998779296875,378.0,370.0,376.5,365.73699951171875,1428700,5.930918047239948,0.015929691785587785,376.09999694824216,400.36499877929685,43.30261645795611,0.4309549270139508,42.05950693765735,392.8229938157361,368.32200435320925,0.06507566922317884,381.23011863473874,379.6730946250959,-0.018280631052881913,0.012578520306478578,-0.19613983524095938,740383700,41.01007634943182,34.27606961542509,388.98250172932944,372.64749806722006,380.8149998982748,-5734401.278074089,2.1248339973439574
2023-09-28,377.0,377.20001220703125,365.0,367.20001220703125,356.7028503417969,2395030,5.905906691989884,-0.02501135525006415,374.3199981689453,399.3039990234375,37.5692915029737,0.12622084016644042,42.67107451586263,392.0043027790493,366.7756960002476,0.06870535386741092,379.89391802257614,378.786162835565,0.01605724572403866,0.013528010127929471,-0.21158864289155643,737988670,8.429163573011243,22.136287636710822,388.2083363850912,371.24333089192703,379.7258336385091,-8097165.347462641,3.3224433010510777
2023-09-29,369.95001220703125,375.20001220703125,368.1499938964844,368.6499938964844,358.11138916015625,1554249,5.909847667879263,0.003940975889379139,372.92999877929685,398.2739990234375,38.92699987687452,0.08897892546781527,43.23895869562466,391.13252564240406,365.6724731368928,0.0690629402605127,378.8230681058055,378.1537184172015,-0.024701162796729736,0.013591995173667286,-0.21980989258857528,739542919,13.98464767405831,21.141295865500464,387.309169514974,370.25416463216146,378.78166707356775,-6618479.927703574,1.9123880177050796
2023-10-03,369.54998779296875,372.5,367.1000061035156,371.8999938964844,361.26849365234375,1852792,5.918624984519313,0.008777316640049548,372.47999877929686,397.3209991455078,41.973093035429386,0.33601836723383016,43.864768020249606,390.44072085278253,365.0792773161628,0.0681942563937737,378.1637277049178,377.42010260927213,0.00394875174632503,0.01371638288067718,-0.15488837998734561,741395711,26.43675204181258,16.28352109629405,386.4483362833659,369.52833201090493,377.9883341471354,-4812757.938031635,1.4520016093324872
2023-10-04,371.45001220703125,371.45001220703125,366.0,370.3999938964844,359.8113708496094,1267442,5.91458348629385,-0.004041498225462625,372.2149993896484,396.3579992675781,40.95772763180726,0.44438988307372007,44.550591810079275,388.56111117991765,365.01388576832454,0.06357242386503344,377.42432448506696,376.8084786006449,0.008815950234119851,0.013267865661768064,-0.17316616157614642,740128269,20.689626949002918,20.370342221624604,385.45250396728517,368.6624984741211,377.0575012207031,-4396815.804027116,1.4713856092973814
2023-10-05,372.8500061035156,376.0,369.29998779296875,372.5,361.8513488769531,1835375,5.920237037819614,0.0056535515257643,371.5699981689453,395.5139990234375,43.035369339332064,0.6888971402728279,43.87466555726069,387.71205963200305,364.7529367058876,0.06163522933185361,376.95534120077485,376.0962565743453,-0.004033342362510295,0.012984894993762824,-0.15117415170052897,741963644,28.735625464048315,25.287334818287942,384.6575042724609,368.2124969482422,376.43500061035155,-3218085.1602746723,1.7986609951761747
2023-10-06,373.45001220703125,382.1499938964844,372.70001220703125,380.3999938964844,369.5254821777344,3020445,5.941223314626241,0.020986276806627124,372.72999877929686,394.7199987792969,50.14299661381249,1.3744857035029208,41.81466379859514,387.45271834244977,364.82727738508925,0.05947802660458883,377.28340336227103,376.02302368227276,0.005669563007883127,0.013915039409039522,-0.1518190484027856,744984089,59.00379423440067,36.14301554915064,384.3983362833659,368.3683314005534,376.38333384195965,650426.5861455305,2.4842223556987446
2023-10-09,372.79998779296875,375.79998779296875,368.1000061035156,371.1000061035156,360.4913330078125,2405714,5.916471584513643,-0.024751730112598125,372.6649993896484,393.6299987792969,43.29453882437901,1.199800418746709,40.5499817269998,386.342708649421,364.6172889091727,0.05854330202890957,376.6945083852467,375.4733043034101,0.021208037305998406,0.014858079140217438,-0.16595466790429259,742578375,35.56856136704563,41.10266035516488,383.7950022379557,367.73499857584636,375.76500040690104,-2638650.1880715485,2.074907454274003
2023-10-10,373.3999938964844,378.0,372.25,375.20001220703125,364.4741516113281,1271420,5.927459249666801,0.010987665153157522,372.43999938964845,392.7389990234375,46.74763150984266,1.3474911614229015,38.9134121574525,385.64484223864605,364.67015715100234,0.055902676986241955,376.55217541589286,375.2472460301136,-0.024447917829093058,0.015064397574242569,-0.14310802190897456,743849795,59.475311003592715,51.34922220167968,383.39750213623046,367.3324996948242,375.36500091552733,-1517010.1954710651,1.5325159416112206
2023-10-11,378.0,380.29998779296875,372.8999938964844,378.04998779296875,367.2426452636719,2343892,5.935026429714816,0.007567180048015487,373.18999938964845,391.8139990234375,49.069320996199494,1.6066535275948306,36.9278266659287,384.7336499394712,365.0263476191226,0.05212882676018208,376.69482421370964,375.11072509845127,0.011048251242474993,0.01512537972866389,-0.1185452807011121,746193687,76.09325036345292,57.04570757803043,383.26166788736975,366.8066660563151,375.03416697184247,-346003.7423931676,1.9574114893337407
2023-10-12,379.1499938964844,383.8500061035156,377.5,379.29998779296875,368.4569091796875,2387602,5.938327416511802,0.003300986796985761,373.4699981689453,390.7439990234375,50.096972024320216,1.8163298358876787,34.41428886248608,384.42746025696664,365.1425348602209,0.050843464322155266,376.9429350307819,375.1223404398071,0.007595883510699064,0.015088902655200171,-0.1290167764406728,748581289,75.86197964308207,70.47684700337591,383.0600016276042,366.8349985758463,374.94750010172527,129782.86366299918,1.6741382303923549
2023-10-13,379.0,382.3999938964844,376.0,381.54998779296875,370.6426086425781,2264580,5.944241871742374,0.005914455230572102,374.9049957275391,389.8299987792969,51.975369164987114,2.043675543967657,32.3398409314651,383.6203726493094,365.60462124717503,0.04721727684056383,377.38170196051396,375.067710084961,0.0033064410537277933,0.0149731139563694,-0.11752265154252542,750845869,87.79831530071542,79.91784843575014,382.7441670735677,366.86416524251297,374.80416615804035,839143.1688539992,1.6773670819659543
2023-10-16,379.54998779296875,381.75,373.29998779296875,380.6000061035156,369.7197570800781,2283521,5.941748970898612,-0.0024929008437624134,376.09999694824216,388.9469989013672,51.10077731406238,2.0613049461945634,30.865684912881438,383.21402662305394,365.8159691044851,0.04571218402407733,377.6882071169903,374.76789576394503,0.005931980153999206,0.014916077369135392,-0.05493451551381909,748562348,82.75862627230737,82.1396404053683,382.55166778564455,366.5266647338867,374.53916625976564,409365.1250917581,2.220181836973753
2023-10-17,389.0,394.5,386.8999938964844,389.8999938964844,378.75390625,8622451,5.965890280334498,0.024141309435885994,377.8999969482422,388.1139990234375,58.46855787945125,2.595995044035802,29.850333318829396,386.1663169157795,364.21367881175956,0.05630325326408745,378.8512344293231,376.7872570336465,-0.0024897961468907104,0.015382754834838292,-0.01116185883414267,757184799,84.40675897113347,84.98790018138543,382.61666717529295,367.41166534423826,375.0141662597656,11806411.399431676,1.949219344059126
2023-10-18,390.0,390.0,381.6499938964844,382.79998779296875,371.85687255859375,2846103,5.947512627690002,-0.018377652644495868,379.13999633789064,387.0239990234375,52.02391593675192,2.374213335376805,28.064555672594704,387.08781844013345,364.2671772874056,0.05961505193430155,379.22730617824175,377.3927056024216,0.02443507000480527,0.015859484889631622,0.004773280718538388,754338696,60.338941671080505,75.83477563817378,383.19250030517577,367.84749908447264,375.5199996948242,7233017.103622275,2.1812973797772406
2023-10-19,382.0,386.25,378.1000061035156,385.0,373.9939880371094,2359339,5.953243334287785,0.005730706597782742,380.38999633789064,386.02699890136716,53.72593762867443,2.2780100469378426,26.227435978473046,388.0244703146638,363.9355241921722,0.06256869122725096,379.77708654221874,377.69860201383705,-0.018209813323055934,0.015534645915914407,0.0026386213732030733,756698035,66.66666666666667,70.47078910296023,383.44999949137366,368.2749994913737,375.8624994913737,6941239.603179794,2.116881531554383
2023-10-20,382.95001220703125,386.3999938964844,379.20001220703125,383.95001220703125,372.9739990234375,1309227,5.950512367569836,-0.002730966717948924,380.7449981689453,384.9439990234375,52.76383698165656,2.0529605616844195,24.498786067788377,388.7860593602744,364.68893758796776,0.06276109130402409,380.17450803410566,378.69857797509354,0.005747158508847994,0.014146978359837095,0.050314375654702835,755388808,62.98249897203947,63.32936910326222,384.155832417806,368.9258336385091,376.5408330281576,5753252.178693381,1.8752393438057229
2023-10-23,383.3500061035156,385.3999938964844,371.70001220703125,375.0,364.2798767089844,1391548,5.926926025970411,-0.023586341599425076,381.13499755859374,383.6729992675781,45.31479261574809,1.250110027727673,23.898137112481066,388.761319918673,365.0386770295692,0.06326038103761009,379.6816977451432,379.06435296110357,-0.0027272410206981013,0.01515728744351754,0.019334579248232352,753997260,31.57894736842105,53.74270433570907,384.7583318074544,368.9733342488607,376.86583302815757,3152163.069355767,3.653328450520833
2023-10-25,376.5,378.70001220703125,371.1000061035156,374.70001220703125,363.9884338378906,1038613,5.926125738377787,-0.0008002875926234054,381.0849975585937,382.5359997558594,45.08503956609364,0.6763668383945183,23.41360803616434,388.65883430935986,364.8661626388824,0.06349792072419638,379.20725150341826,379.07349159703665,-0.023310357917648128,0.014752755237504389,-0.006208111263998889,752958647,25.00002889922839,39.85382507989631,384.780832417806,368.8358342488607,376.80833333333334,2657343.8849308505,2.028290860934488
2023-10-26,374.29998779296875,374.29998779296875,368.1000061035156,370.75,360.1513671875,1509438,5.915527981018042,-0.01059775735974533,380.35499877929686,382.03399963378905,42.06104579074074,0.041822652352621725,23.32907632079064,388.64824647331227,364.89675169563304,0.06406337094451578,378.40179897928317,379.1385939649253,-0.0007999674479166607,0.01435130198735754,0.043199201462993976,751449209,10.03785798919169,22.205611418947047,384.43249867757163,368.92250111897783,376.67749989827473,1425966.3976897527,1.67228096815998
2023-10-27,371.8500061035156,377.54998779296875,371.75,375.6000061035156,364.86273193359375,779237,5.928524763584149,0.012996782566107257,379.98500061035156,381.5559997558594,46.78105882777143,-0.03606527790133196,22.66416607881999,388.6138517721611,364.8411470071357,0.0632926101669808,378.1349615625434,379.203415883654,-0.01054179898144425,0.01419197862917599,0.02957298077080795,752228446,28.40909747709736,21.148994788505817,384.32916463216145,369.03916829427084,376.6841664632162,1762157.5131748174,1.5441926780401247
2023-10-30,377.8999938964844,377.8999938964844,370.6000061035156,374.1499938964844,363.4541320800781,541858,5.92465677021335,-0.0038679933707994607,379.2450012207031,381.11199951171875,45.58538632296815,-0.16293908776746302,22.200014984980307,388.2094699486411,365.94052699960116,0.05951875801767628,377.75544083244256,379.6655682391362,0.013081607831464837,0.012999711755725878,0.06621068315014322,751686588,22.916625726093113,20.454527064127394,384.3049962361654,369.505002339681,376.9049992879232,1398177.766367338,1.9510859045980444
2023-10-31,376.54998779296875,382.75,375.25,381.29998779296875,370.3997497558594,1049214,5.943586434849274,0.01892966463592405,379.31499938964845,380.9039990234375,52.08822726412402,0.2353383062860923,20.924265774657822,388.27869479389386,367.1363015439968,0.05544818758655865,378.09301673344504,379.99809929705873,-0.0038605223202036187,0.013607432960735513,0.11365643363919456,752735802,49.99994220154322,33.775221801577906,384.7824951171875,369.9375030517578,377.35999908447263,2270134.3277585693,1.9669552163930861
2023-11-01,383.8500061035156,386.5,380.1000061035156,380.70001220703125,369.81695556640625,850542,5.942011695453151,-0.0015747393961227374,378.39500122070314,380.68499938964845,51.53171496364095,0.4467706113381924,19.70212616967701,388.44416853334593,367.8508296355994,0.05409334971743456,378.34130201664374,380.4734602399566,0.019109966626011943,0.013522599272016518,0.06488103020902289,751885260,47.727306880906276,40.214624936180876,385.42916208902994,370.48417002360026,377.9566660563151,1872928.7902481377,1.6811120807119773
2023-11-02,387.0,389.70001220703125,383.0,387.3999938964844,376.32537841796875,1826171,5.959457735217821,0.017446039764670296,378.85500183105466,380.4569995117188,57.05021337588966,0.9948563422774419,19.02762427352329,389.40174660464635,368.593251564299,0.05371320435773547,379.2040345766286,381.0828027522213,-0.001573500144624318,0.0139360050278376,0.059087978757300576,753711431,73.10603126896513,56.94442678380488,386.3624954223633,371.2925033569336,378.82749938964844,3353269.2861855896,1.7294817533790499
2023-11-03,388.0,390.0,383.0,384.29998779296875,373.31402587890625,889186,5.95142346580647,-0.008034269411351325,378.7850006103516,380.2639990234375,53.98734151928631,1.0975385535858078,18.44437053456244,389.78729002944704,369.3877069187952,0.05308244537765009,379.68936345437527,381.56423494410683,0.01759911078177101,0.01409837873003116,0.04882125256616974,752822245,61.36358119238216,60.73230644741786,387.035828145345,371.9358373006185,379.4858327229818,2480447.669993271,1.8214936826308359
2023-11-06,387.20001220703125,394.45001220703125,385.3500061035156,393.0,381.7652893066406,1910889,5.973809611869261,0.022386146062791212,379.68999938964845,380.2569989013672,60.411071765998834,1.6662157857104727,18.51994656317921,391.97739486336496,368.4576026952288,0.05984679941001572,380.95704312538714,382.2515469048833,-0.008002080930192168,0.014206019875031664,0.03513864291412154,754733134,94.31818050458052,76.26259765530928,387.6441630045573,372.57916971842445,380.11166636149085,4501063.378034481,2.315523181556139
2023-11-07,393.3999938964844,393.3999938964844,382.0,384.1000061035156,373.1197204589844,3175840,5.950902951242293,-0.02290666062696811,380.6,380.02699890136716,52.35822533696702,1.3701697533370596,17.96820654623403,391.9577735276526,369.7772240309411,0.05774680849844554,381.25637293282796,383.2098730750712,0.02263859610559793,0.014036005412322812,-0.0018035181398759136,751557294,60.721048553629274,72.13427008353067,388.5708302815755,373.1358357747396,380.8533330281576,-179796.6211434356,2.967975453093864
2023-11-08,391.0,412.5,391.0,410.29998779296875,398.57073974609375,17051533,6.016888569696662,0.06598561845436901,384.1599975585938,380.4499987792969,66.51075778349079,2.7845267013865,19.425298009099937,399.2809582387197,365.9640368784678,0.08120137058610656,384.0224314909366,389.8548607541974,-0.022646294901995878,0.02039457432506452,0.23844096304538062,768608827,95.04501687058689,83.3614153095989,390.83082987467446,373.8208353678385,382.3258326212565,63667296.092892155,5.240068398648985
2023-11-09,412.0,427.79998779296875,412.0,417.8500061035156,405.9049072265625,10390383,6.035122531054399,0.018233961357736916,388.8699981689453,380.97499877929687,69.3374957405944,4.000244580490894,21.705038537700386,407.0997793280007,362.1252176202415,0.10763326804072727,387.24410526356314,395.05073003768956,0.06821135452518634,0.020617926255349653,0.15262175290743113,778999210,83.33335889245183,79.69980810555599,393.3574966430664,375.507502746582,384.43249969482423,65778765.49442113,3.7812582415170666
2023-11-10,417.8500061035156,419.5,412.8999938964844,418.70001220703125,406.7306213378906,1716232,6.037154702179698,0.002032171125298632,393.17999877929685,381.5559991455078,69.648112338601,4.5910329061898505,23.82194045711509,413.35751314979314,359.8074862398553,0.1278959287048203,390.23990592484586,396.1970987780333,0.018401215050380504,0.020626085490092823,0.19081037359979328,780715442,84.75715514742755,87.7118436368221,395.21083017985023,377.3358362833659,386.27333323160804,56590200.09165367,1.576309030593525
2023-11-13,418.95001220703125,418.95001220703125,414.04998779296875,415.45001220703125,403.57354736328125,1466163,6.029362299493663,-0.007792402686034983,397.31000061035155,382.0479992675781,66.85926565489672,4.487040690618856,25.787635096571602,417.722545481312,358.8324563497427,0.1417501201136627,392.64086842791113,397.24414249215175,0.0020342373844672856,0.02082514573789041,0.1568613144966522,779249279,79.31326738058397,82.46792714015446,396.94416554768884,379.2191685994466,388.0816670735677,47825167.25713172,1.1794498182902136
2023-11-15,417.0,429.1499938964844,416.0,428.29998779296875,416.05615234375,2601327,6.059823856120201,0.03046155662653849,402.01000061035154,382.8459991455078,71.68663380081541,4.9702608917419075,28.131269521596796,424.61583375093824,356.7091662490618,0.1585493099166304,396.0369750341071,399.0372095455749,-0.007762120623949209,0.021565233301742197,0.1655972334460433,781850606,98.60768833173539,87.55937028658231,399.4758310953776,381.2808359781901,390.3783335367838,45768284.56911862,3.0702765050838168
2023-11-16,428.95001220703125,432.3999938964844,425.1000061035156,427.8500061035156,415.6190490722656,2030076,6.058772681129613,-0.001051174990587711,406.725,383.70799926757815,71.29499603456578,4.9361028258846815,30.45147162082904,430.1750597950143,354.9449414256888,0.17583292578269605,399.06678751690794,401.397333837077,0.03093025685009243,0.021176614336046416,0.20801305279552978,779820530,92.63755875128761,90.18617148786899,401.3616638183594,383.19667053222656,392.27916717529297,39099458.62664478,1.706202568383875
2023-11-17,430.0,435.0,429.0,431.0,418.67901611328125,1542514,6.066108090103747,0.007335408974133983,411.0850006103516,384.5309991455078,72.43046525990876,4.797944362706533,32.71919259515659,435.8128146188303,354.12718782257593,0.18952581623260878,402.108045848631,403.09104317123706,-0.0010506226996920276,0.02047039292796981,0.24083220130389676,781363044,93.78881928711121,95.0113554567114,403.5866638183594,385.65667114257815,394.6216674804688,34207951.63501578,1.3921113689095126
2023-11-20,433.0,433.1499938964844,421.1499938964844,425.8500061035156,413.67620849609375,1188556,6.054087185919638,-0.012020904184109504,415.24000244140626,385.3759991455078,67.71439319053096,4.061221643856664,33.48402548279588,439.70070752861466,354.3242955231432,0.20048470302174465,404.36918492052473,404.47712331873794,0.007362378991581098,0.02086696439204276,0.2111378816278297,780174488,84.68620268370816,90.37086024070231,405.9591639200846,387.64417063395183,396.8016672770183,28446664.809209257,2.817893584128079
2023-11-21,425.8500061035156,428.6000061035156,423.75,424.6000061035156,412.4619445800781,898555,6.051147563643898,-0.0029396222757398505,418.40000305175784,386.22299926757813,66.58121333486258,3.2275828217168225,34.1942274498895,442.90668231043543,355.1833201309708,0.20660235732092302,406.29592979509533,405.3481585202736,-0.011948941755184128,0.020871206016361648,0.19414339520122081,779275933,81.05647531383359,86.51049909488432,407.9649983723958,389.88500264485674,398.9250005086263,24222399.300750792,1.1422529519072155
2023-11-22,424.6000061035156,425.1499938964844,417.04998779296875,420.8500061035156,408.8191223144531,672426,6.042276490160414,-0.00887107348348426,422.0750030517578,386.95399963378907,63.16607959382507,2.209999114523429,33.80064995716579,444.7227993612934,357.9522036904644,0.20617938555877377,407.68203230065916,406.279358537664,-0.0029353058168001267,0.020064043943034068,0.20956397864825532,778603507,73.30189830852005,79.68152543535393,409.86749928792324,392.34750111897785,401.1075002034505,20401828.329214968,1.924677672815165
2023-11-23,420.8500061035156,423.20001220703125,419.3999938964844,420.95001220703125,408.9162902832031,585289,6.04251409078244,0.00023760062202615728,423.14000549316404,387.74,63.22026029038801,1.3711270965827573,33.43518514249377,446.02820808147703,361.2717949702808,0.20134555328035347,408.9456494345993,407.06498813522705,-0.008831841606440682,0.020046949479487743,0.2103584722285335,779188796,73.49058906987028,75.9496542307413,411.99499969482423,394.8550003051758,403.425,17495643.20680148,0.9027243616465209
2023-11-24,420.79998779296875,421.95001220703125,413.95001220703125,414.6000061035156,402.7478332519531,1137441,6.027314214723135,-0.015199876059305062,422.81500549316405,388.36,57.442466495674374,0.27349337394397466,32.28329743387494,445.6442940078605,366.0407096542489,0.19200092422028694,409.4841595935437,408.3167859643437,0.00023762885128975064,0.020269034008872998,0.19783071451646098,778051355,61.509445478331365,69.43397761890724,414.3741678873698,397.0541666666667,405.71416727701825,13964443.135488568,1.9295706421197187
2023-11-28,416.5,423.3500061035156,414.6000061035156,422.6000061035156,410.51910400390625,716242,6.046426119624728,0.019111904901593313,423.2050048828125,389.1879998779297,62.13727760374177,-0.013626880083554838,31.354679824512452,446.07830050031725,370.30670316179214,0.17929861865634925,410.73328783258864,408.9769445401377,-0.01508494101288338,0.020433561654442964,0.20454292660194895,778767597,76.60378510097287,70.53460654972484,416.7825022379558,399.16749979654946,407.97500101725257,12788084.973275917,2.0705158243316952
2023-11-29,425.0,426.8999938964844,421.29998779296875,426.1000061035156,413.9190673828125,1207141,6.054674074830006,0.008247955205277435,424.27000427246094,390.01,64.00800429525808,-0.064830104844253,30.84522027819715,446.0136163344095,375.56638854840304,0.16533026701926917,412.19678481077216,409.6932291270604,0.019295706421197156,0.02030180801401331,0.21854928798944623,779974738,79.77274114435369,72.6286572412193,419.2250030517578,401.7799987792969,410.5025009155273,11564786.191379357,1.3142468958695988
2023-11-30,426.75,430.45001220703125,425.0,427.3999938964844,415.1819152832031,1791963,6.057720328604477,0.003046253774471097,424.1800048828125,390.9070001220703,64.70553136537302,-0.1057328269820168,30.706814257378472,446.27175726673465,379.91824822642945,0.15524920446390067,413.6447094856019,410.877186736813,0.008282063297326836,0.02010230061819805,0.1995446510418839,781766701,66.95649520210598,74.44434048247751,421.51500396728517,404.2749984741211,412.89500122070314,10245463.881961117,1.2751549566823892
2023-12-01,431.04998779296875,445.79998779296875,431.04998779296875,442.45001220703125,429.8016662597656,4870523,6.092327491302988,0.03460716269851094,425.64000549316404,392.2280004882812,71.57391603632742,0.7397006062071476,31.713479214322685,448.19847765229986,384.1665278408642,0.14472132002445018,416.38807164954756,413.73662796348697,0.0030508983204589057,0.021042459661508726,0.2437120226073746,786637224,89.81770149721677,78.84897928122548,424.79917043050125,406.7241643269857,415.7616673787435,19253463.3748152,3.3337099317556755
2023-12-04,449.3999938964844,450.75,442.45001220703125,449.95001220703125,437.0872802734375,2696584,6.109136492609708,0.01680900130672036,427.5350067138672,393.7660009765625,74.2619374987525,1.6128428951227498,32.93228831122524,451.6868468860582,386.9331604381605,0.14391306743226231,419.5844469407365,416.1453449356732,0.035212958646396064,0.021026988112131703,0.2674955965200494,789333808,97.82611940669828,84.86677203534035,427.9300028483073,409.69499918619783,418.81250101725254,19392165.7498416,1.8446466424696428
2023-12-05,455.0,461.79998779296875,448.6499938964844,458.6499938964844,445.5385437011719,3237324,6.128287378648097,0.019150886038389103,430.81500549316405,395.36000061035156,76.98113841283713,2.530485029256212,34.604163390699846,455.54469122523955,390.51031670933077,0.14179521504711237,423.3049752222363,418.72753358443697,0.016951067449605173,0.02083906379755145,0.29405575535958767,792571132,93.41693729638993,93.68691940010167,431.76750233968096,412.91749928792314,422.3425008138021,20645379.145982396,2.8671087041270695
2023-12-06,461.95001220703125,465.0,458.3500061035156,462.45001220703125,449.2299499511719,1904702,6.1365384693967036,0.008251090748606416,434.6000061035156,397.2330010986328,78.07091623869249,3.109442784383816,36.293881162532635,460.2584266008119,392.74158255446156,0.1459981452354772,427.03307398269294,420.9516464992083,0.019335440500999557,0.020593407710602314,0.27999317100079313,794475834,95.00491987714057,95.4159921934096,435.1950017293294,416.5899998982747,425.89250081380203,18730025.336004235,1.4379919387930045
2023-12-07,463.45001220703125,475.70001220703125,451.29998779296875,455.1499938964844,442.13861083984375,3288285,6.120627021541399,-0.01591144785530485,438.0300048828125,398.9010009765625,71.10647587437215,2.730304355421275,38.27078148348665,459.9483641039981,400.1566438305722,0.13136706816483978,429.7108758792445,424.8893214752145,0.008285224814380987,0.0201008689378003,0.2754634561299866,791187549,66.72061812057186,85.04749176470078,439.5558364868164,419.6508316040039,429.6033340454102,12625087.329389827,5.3608754786915025
2023-12-08,458.45001220703125,465.8500061035156,453.3999938964844,458.54998779296875,445.44140625,2768845,6.1280693103840145,0.007442288842615774,441.7900024414063,400.52300048828124,72.34392230038843,2.4471517285848385,40.10647463865824,463.36598722267024,401.56402071190007,0.13477694505723814,432.45745796626585,434.33364261496814,-0.015785529501248563,0.014424852105761552,0.059116327792924896,793956394,72.22668111082996,77.98407303618079,441.8366704305014,422.83666432698567,432.33666737874347,12166368.582378607,2.715082878303842
2023-12-11,458.0,460.6000061035156,449.6000061035156,450.54998779296875,437.67010498046875,1284846,6.110469031587424,-0.017600278796590096,445.38500061035154,402.12300048828126,65.26153448589581,1.5059059397466932,41.186298903727085,465.1945616369529,403.0054444665627,0.1380293393748056,434.1805560449995,439.1682102200568,0.007470051504071096,0.014976572282429624,0.11686360259931632,792671548,59.27121552378542,66.07283825172908,443.31500447591145,424.79499715169266,434.05500081380205,8959920.499181664,2.4414605033913763
2023-12-12,452.8999938964844,457.75,447.54998779296875,449.8500061035156,436.9901123046875,1339067,6.1089142074310185,-0.001554824156405843,448.11000061035156,403.5900006103516,64.66500986041406,0.6639596160899579,41.855717154760605,466.6308611055518,404.6841443876123,0.13770527037335378,435.672884622001,440.6400054963759,-0.017446298578055908,0.015021267673151017,0.06337476109588301,791332481,58.13764193762652,63.2118461907473,445.2291712443034,426.3491633097331,435.78916727701824,7546028.6591627225,2.267425156972013
2023-12-13,454.0,456.54998779296875,441.8500061035156,445.6499938964844,432.91015625,1530566,6.099533876880966,-0.009380330550052385,450.06499938964845,405.1590002441406,61.05866733355202,-0.29648857819754326,41.58930460415049,466.9757218414426,407.35928182066675,0.13377412955742918,436.62308550528513,441.9055973196799,-0.0015536160435426494,0.015088474026430076,0.060291255981766066,789801915,51.33600273595648,56.24828673245614,447.3125020345052,427.4524983723958,437.3825002034506,5549682.295901335,3.298548612314721
2023-12-14,450.1000061035156,464.6499938964844,443.75,450.8500061035156,437.9615173339844,3150400,6.111134703483712,0.011600826602745862,452.4100006103516,406.80300048828127,63.75390659413632,-0.680299812446064,41.83776041150633,468.380889313537,408.2091161796271,0.13346295290965227,437.97803032416425,444.0338345988639,-0.00933647249093239,0.013814621197074464,-0.02712820235271313,792952315,59.75707513600708,56.410239936530026,449.13000233968097,428.4949986775716,438.8125005086263,7097173.176062752,4.635686728079076
2023-12-15,454.0,465.75,446.45001220703125,450.54998779296875,437.67010498046875,2853749,6.110469031587424,-0.000665671896287634,453.2199981689453,408.3760003662109,63.48090968052372,-1.0320147100138666,42.131810570715594,469.566773714509,409.2932299476004,0.1337777059148534,439.17535960690753,445.60607584996717,0.011668377153033482,0.013809445161642158,-0.05605287243784778,790098566,58.837934694387215,56.64367085545026,451.02000223795574,429.1849985758463,440.10250040690096,5960980.300381669,4.2836507193153555
2023-12-18,453.6499938964844,457.0,448.0,453.04998779296875,440.0986633300781,1175762,6.116002467723955,0.005533436136530234,453.5299957275391,410.0290002441406,64.83227311709189,-1.1641319719426964,42.4048571471242,470.9668702347781,410.0981322066281,0.13435324946077545,440.49675276748474,446.38477688687414,-0.000665450385905042,0.013782996450782526,-0.03941204370563046,791274328,58.36394439520246,58.986318075198916,452.22083536783856,430.0858317057292,441.15333353678386,5529326.686041431,1.9865357559865446
2023-12-19,464.5,485.0,454.0,455.3500061035156,442.3329162597656,12188346,6.1210663674178365,0.005063899693881879,453.1999969482422,411.6860003662109,66.07602821772059,-1.1617929569658738,43.904345891583155,472.311706785312,411.70329565609427,0.1331029105453433,441.9113483232972,451.4077873174729,0.005548773871344004,0.013357126380707176,-0.25109855175780815,803462674,50.583343505859375,55.928407531816354,455.07416890462235,431.039165242513,443.05666707356767,8744197.01307562,6.807949837372508
2023-12-20,460.0,460.3500061035156,427.3500061035156,431.29998779296875,418.97039794921875,4042560,6.066803875350919,-0.05426249206691747,450.0849945068359,412.7040002441406,47.25612193172261,-2.754251785018271,42.395447414110784,472.0110353021338,412.6739653082178,0.1375772586907625,440.900742558504,450.9440488734155,0.005076742903694642,0.018338153766297546,-0.2835486362081122,799420114,6.8516602040681285,38.59964936837665,457.1825017293295,430.3324986775716,443.7575002034505,-6394065.706147236,7.65128702388013
2023-12-21,427.95001220703125,437.5,419.25,430.25,417.950439453125,4260102,6.064366435091649,-0.002437440259270396,447.5949951171875,413.88700012207033,46.6316572243435,-3.7887339692203703,40.33443866822501,471.3816900714325,414.2433099285675,0.1328027429235677,439.8863861243608,449.634745318236,-0.052816554272933414,0.018214022016168264,-0.24902858706557995,795160012,16.730038022813687,24.721680577580397,458.0891682942709,430.22416585286453,444.1566670735677,-6119635.619097882,4.241719930273097
2023-12-22,434.0,436.04998779296875,424.3999938964844,427.54998779296875,415.3276062011719,1682246,6.058071212050844,-0.00629522304080421,444.4949951171875,414.9339996337891,44.98543702941161,-4.515923349613898,38.42064483275965,470.83289794281023,415.45209961578354,0.12953058100388387,438.7114910451806,449.3284140727813,-0.0024344721138104264,0.01829140979054818,-0.2558826183899004,793477766,12.623555578659696,12.068417935180504,458.8891662597656,430.2391662597656,444.5641662597656,-5894271.207116684,2.724826155795756
2023-12-26,429.70001220703125,431.20001220703125,425.25,430.3500061035156,418.0475769042969,1600917,6.064598845278161,0.006527633227316976,442.47499694824216,415.98,47.07218901228504,-4.651095283538641,36.64355055697039,469.11079259079685,418.74920496779686,0.11702471687867504,437.9151591459744,449.4032602463518,-0.006275449638654895,0.017930046636955483,-0.2174261626723988,795078683,16.882138560480037,15.411910720651141,459.3916666666667,430.9466654459635,445.169166056315,-4411861.475576334,1.3825983786787828
2023-12-27,431.1499938964844,442.5,431.1499938964844,435.6499938964844,423.1960754394531,2889653,6.07683915466716,0.012240309388998227,441.05499572753905,417.1070001220703,50.87085456750898,-4.237973216208573,35.70919919753022,468.1427896320281,421.0222067058626,0.10816155993648868,437.6994291222135,449.1263346476067,0.006548984657912538,0.01764170491743403,-0.2294602587204062,797968336,24.94295649655418,18.14955021189797,460.3341664632161,431.6291646321615,445.98166554768886,-1593720.4610774969,2.605303859183003
2023-12-28,437.5,441.95001220703125,436.25,438.8999938964844,426.3531494140625,3217689,6.084271582787796,0.007432428120636381,440.37999572753904,418.2540002441406,53.09400403864179,-3.6240138661216985,34.84158722090721,467.3942499774257,423.05074513976183,0.10103327740788808,437.813768624525,449.07662817774343,0.01231552856465834,0.017626445806807906,-0.23960567705469682,801186025,29.885922276021862,23.903672444352026,461.052500406901,432.33749796549483,446.69499918619795,127880.92621928826,1.2987040980400677
2023-12-29,439.95001220703125,455.1499938964844,439.04998779296875,454.04998779296875,441.0700378417969,3264903,6.118207297251064,0.03393571446326771,440.6999938964844,419.7229998779297,61.776974009624766,-2.1486686911372193,34.77694010088352,467.4485602091603,425.66143429767567,0.09203199435067075,439.3600752119958,449.7022004526232,0.007460117170969616,0.01910250285978081,-0.18607880812708588,804450928,52.9277380881654,35.91887228691382,462.6749994913736,432.89499766031906,447.7849985758464,7175792.29713275,3.54586643241067
2024-01-01,456.45001220703125,456.45001220703125,450.54998779296875,453.25,440.29290771484375,1679801,6.11644384963496,-0.0017634476161036972,440.9699951171875,420.99,61.133435815424654,-1.223756919665802,34.783871867697975,468.0942587141826,426.0957345719502,0.0926608364969276,440.68292519180574,450.61186000452375,0.03451810003911171,0.01756930220829579,-0.24259651704929322,802771127,51.71102661596958,44.84156232671895,462.91500091552734,434.0199966430664,448.4674987792969,5958704.784025687,1.301715259583563
2024-01-02,454.0,457.95001220703125,448.25,456.45001220703125,443.4014587402344,2359662,6.1234791917545035,0.007035342119543486,441.30999755859375,422.46300048828124,62.80265216539789,-0.43427170042292573,34.53669924883826,468.78397445614524,426.0560188299875,0.0936092769930252,442.18455252658913,450.88502496865226,-0.0017618936559327114,0.01724338125854637,-0.2531229630444085,805130789,56.57796533388783,53.73891001267427,463.3100021362305,434.2749954223633,448.79249877929686,6186167.986945986,2.125098465904221
2024-01-03,456.0,460.54998779296875,453.54998779296875,457.75,444.6642761230469,1161847,6.12632318355462,0.0028439918001161857,441.5499969482422,423.9180004882812,63.4886716264279,0.10867933352365,34.45950784392498,468.6477653227647,426.1022285737197,0.0929449191677663,443.6669760954854,450.70613406479663,0.007060148278061229,0.016699177108532758,-0.28746034765751516,806292636,58.555133079847906,55.6147083432351,463.04833577473966,434.6283284505208,448.83833211263016,5518199.262710468,1.5292190060076463
2024-01-04,460.0,460.0,447.25,448.8999938964844,436.0672912597656,2539469,6.106800132191282,-0.019523051363337984,443.30999755859375,425.2170001220703,55.92673696279195,-0.17935147451798095,33.67329924234892,466.83970421557837,426.55528784985137,0.08974029163167357,444.1653587431996,450.39775767368167,0.002848039781361944,0.017117850841001873,-0.324243682862512,803753167,45.095047751307035,53.40938205501425,462.85916900634766,433.8291610717773,448.3441650390625,1519268.4895105846,2.840276269404479
2024-01-05,452.54998779296875,465.0,450.20001220703125,460.5,447.3356628417969,4674473,6.132312855695361,0.025512723504079737,446.3349975585937,426.9270001220703,62.270126233823994,0.33235423096645356,33.27244842567308,467.6829886140431,426.24700406173815,0.08998042248057533,445.72103886289483,450.4690534667827,-0.019333710766828216,0.017787165989852256,-0.24828719764763565,808427640,62.73764258555133,55.46260780556876,462.27166748046875,434.2016632080078,448.2366653442383,9048503.752540357,3.2138952862038543
2024-01-08,461.45001220703125,462.0,453.75,454.75,441.75006103515625,1209682,6.119747817398232,-0.012565038297129405,449.05499877929685,428.5279998779297,57.82716646613497,0.210500471753706,32.900229810188385,467.1310686685769,426.41892522790744,0.0895264286765684,446.5809399235715,450.18232686702777,0.02584095847902934,0.017948578680013427,-0.26249211187653726,807217958,53.99239543726236,53.94169525804025,461.940000406901,434.28999735514327,448.1149988810222,6762193.00217745,1.8141836173721826
2024-01-09,458.04998779296875,471.0,458.04998779296875,468.3500061035156,454.9612731933594,4395480,6.149215892687093,0.029468075288860973,452.85499877929686,430.48,64.31290925697009,0.932324100796019,33.12833758057347,470.058017807478,425.2719779200611,0.09562515064325249,448.65418432166143,451.2323301129842,-0.012486427795874055,0.01867101891073357,-0.18937437474323515,811613438,94.87923884737319,70.53642562339563,462.64833424886075,434.8033299763997,448.7258321126302,14335958.977277936,2.7650287260098834
2024-01-10,468.45001220703125,469.95001220703125,462.5,466.70001220703125,453.3584289550781,1704422,6.145686679111825,-0.003529213575268031,455.9600006103516,432.3020001220703,63.04609469271789,1.1697648562231011,33.340151938788196,472.3846759157084,424.6303204221822,0.10232345027739584,450.3728345964586,451.64113904249416,0.029906555477769325,0.018696513155630298,-0.172783355217468,809909016,91.69084484450484,80.18749304304679,463.2441680908203,435.6741638183594,449.4591659545898,11886209.709519133,1.5963171228130104
2024-01-11,469.0,474.3999938964844,467.0,468.8999938964844,455.49554443359375,2517234,6.150389513078872,0.004702833967047404,458.9600006103516,434.19700012207034,64.06253924269181,1.3341870906952558,33.8115174769353,475.09147929056036,424.24851704733027,0.10843028983799544,452.1373259583658,452.4724335149276,-0.0035229932208428183,0.01851086203327385,-0.17781575329459606,812426250,89.0,91.85669456395935,463.98333536783855,437.1433298746744,450.56333262125645,10979303.852169093,1.5781603738126766
2024-01-12,471.79998779296875,472.54998779296875,464.1499938964844,468.6499938964844,455.2527160644531,1848945,6.149856208168883,-0.0005333049099895959,460.4200012207031,435.9440002441406,63.847620795408936,1.2848304555358965,33.850890522609426,477.2967301671359,423.8232649500516,0.11410106884349068,453.7099610000914,452.9231994080595,0.004713909646261616,0.01840083133661863,-0.16295318491007946,810577305,88.30111757061421,89.66398747170633,464.1266682942708,438.53666280110684,451.3316655476889,9344798.123287795,1.7923810958887516
2024-01-15,471.95001220703125,473.6499938964844,467.25,472.29998779296875,458.7983093261719,1006054,6.157614351056144,0.007758142887261066,462.325,437.7759997558594,65.65903929596755,1.3500288337236377,33.963842907232916,480.0138096315393,423.28118548564817,0.12011989331399199,455.4804397422702,453.1666717934715,-0.0005331627282025853,0.018431024536412953,-0.1306098493460558,811583359,95.14449455834537,90.81520404298652,464.3225016276041,440.0224955240886,452.17249857584636,8534411.385608638,1.355069672220655
2024-01-16,471.95001220703125,476.79998779296875,467.1000061035156,472.6000061035156,459.08978271484375,1690869,6.158249377667567,0.0006350266114232284,463.93999938964845,439.48,65.81067891979964,1.2667456637224497,34.289384813173484,482.42824922892646,422.8217477193157,0.12612463127339638,457.1108746338174,453.7121819379539,0.007788315254497968,0.018421315762064353,-0.12810390890385676,813274228,89.64245880690157,91.02935697862038,465.33166758219403,440.961663309733,453.1466654459635,7387679.996341131,2.0524717655903917
2024-01-17,468.0,482.8500061035156,465.54998779296875,471.75,458.2640686035156,2717197,6.156449184248659,-0.0018001934189078028,465.3399993896484,441.22900024414065,64.93580900965941,1.0184839362298383,34.987109747942824,484.3838436695887,422.50615266830187,0.13116627663229857,458.50507704964434,452.09736851909554,0.0006352282835087042,0.018430475810948362,0.05309495539115615,810557031,74.65753090600242,86.48149475708311,465.0766682942709,442.0766621907552,453.576665242513,6002349.420513206,3.667200489782062
2024-01-18,473.20001220703125,506.29998779296875,468.29998779296875,500.04998779296875,485.7550354003906,8869857,6.214708069010904,0.05825888476224428,470.4549987792969,443.37,76.25416663096797,2.5377943149195943,36.72664747096182,492.1850653641694,421.57993097372116,0.14119615261280694,462.4617352156752,459.3353376971517,-0.0017985740426110786,0.018050504869859107,0.21172321102208333,819426888,89.41574717692964,84.57191229661122,467.92083435058595,444.4208282470703,456.17083129882815,41004420.19263681,7.599240261502177
2024-01-19,503.95001220703125,504.5,494.54998779296875,503.45001220703125,489.057861328125,2351287,6.2214844266083835,0.006776357597479965,474.75,445.75700012207034,77.20612555879453,3.4904982470361006,38.34193249947946,499.0721952963459,422.0128022622478,0.1530626500459977,466.3653806434234,463.58408559565333,0.059989375289811964,0.017898489287907857,0.23764631208212852,821778175,95.1736220574175,86.41563338011652,471.0975016276042,448.42749430338546,459.76249796549484,36288707.76575552,1.976365471402463
2024-01-23,525.9500122070312,532.0,508.3999938964844,510.3999938964844,495.8091735839844,2409894,6.235194720072282,0.013710293463898182,480.31499938964845,447.7590002441406,79.05456993224712,4.256716349449107,40.62860872948063,505.85961609808726,423.5103820708581,0.1613425450861793,470.5591533341911,467.02497486780265,0.006799369057219451,0.01761440419895354,0.21173903559704915,824188069,74.51326713449484,86.36754545628065,476.0750025431315,452.2099939982096,464.1424982706705,33497280.82400801,4.623825702533611
2024-01-24,513.2000122070312,526.8499755859375,508.95001220703125,525.75,510.7203674316406,1694554,6.264825814582809,0.02963109451052759,486.05499877929685,449.9170001220703,82.44136265829331,5.392250344102148,42.75195094305315,515.4370171845989,423.4729803739949,0.17491970862692144,475.8154244452205,469.8223509992921,0.013804710539156995,0.01821460667319028,0.217697243659117,825882623,92.62536873156343,87.43741930782524,481.2516662597656,456.19166259765626,468.72166442871094,32427871.31239784,3.404653044014503
2024-01-25,528.0999755859375,528.6500244140625,512.8499755859375,517.5999755859375,502.8033142089844,1623437,6.249202696018872,-0.015623118563937055,491.1449951171875,451.89499938964843,75.46425144811985,5.1877307402428485,44.766294836071,521.3250852853599,425.77991044217913,0.18459269580726123,479.79490550624115,473.17457557596845,0.030074463728596346,0.019087007581323777,0.22197835847609204,824259186,82.39605554647738,83.17823047084521,485.6375015258789,460.1324935913086,472.88499755859374,25905168.09852781,3.052559809385406
2024-01-29,518.0,528.9500122070312,515.1500244140625,527.25,512.177490234375,1328581,6.267674819358884,0.018472123340012025,496.97999572753906,454.1309991455078,77.85413786822144,5.278146401899498,46.64423368205542,528.3752361315036,427.56476020638706,0.19120052332881274,484.31443831517055,476.6437607433659,-0.015501710725748907,0.019208351212865682,0.2542306561187662,825587767,93.9297124600639,89.65037891270157,490.28000081380213,463.96499532063797,477.12249806722,24035978.23960378,2.6173518810751544
2024-01-30,531.2000122070312,537.4500122070312,526.2000122070312,532.0,516.7916870117188,1734251,6.2766434893416445,0.008968669982760247,503.31499633789065,456.20499938964844,78.94145490586875,5.223943961683055,48.592835409763616,536.1753325634456,427.559664995148,0.20416478866221358,488.85592038039243,480.3736548682377,0.01864378838723546,0.01827587965920597,0.20625368462042926,827322018,93.13600688759234,89.82059163137787,494.160834757487,468.3308298746745,481.24583231608074,21779080.241088957,2.1146616541353382
2024-01-31,535.7999877929688,547.8499755859375,525.0999755859375,540.5,525.0487060546875,3944608,6.292494637079263,0.0158511477376182,510.13499755859374,458.45799926757815,80.76173991512692,5.309348892744438,50.617301623119204,544.513589762774,427.94640779581965,0.2156654615484817,493.7744041536884,485.6240026674358,0.009009009009008917,0.01820193684188547,0.22693707941627694,831266626,91.38842684432062,92.81804873065896,499.22333272298175,471.70833028157557,485.4658315022787,23457664.20664768,4.2090656799259945
2024-02-01,544.0,544.0,533.0,533.9500122070312,518.6859741210938,1821545,6.280302224479303,-0.01219241259995929,516.2699981689453,460.5169995117187,75.35623264316615,4.50522381033835,52.497163106949394,550.229743221074,429.9802543375197,0.22520739045686058,497.600652539721,488.8958987888226,0.015977443609022535,0.018804490605909878,0.16810715246554808,829445081,83.3931106096553,89.30584811385609,503.42666524251297,475.78166402180995,489.60416463216154,18402126.817934692,2.0601179414778086
2024-02-02,539.9000244140625,544.7000122070312,536.8499755859375,539.7000122070312,524.2716064453125,895826,6.291013452242776,0.010711227763472664,523.0649993896484,462.79399963378904,76.82280565601076,3.9604002836805634,54.257465219234895,556.0926499094157,432.3123488698812,0.22935019129117953,501.6101153651791,490.5217601772726,-0.0121183862959644,0.01877284148962634,0.15961320293827233,830340907,90.2628851113199,88.3481408550986,507.6258341471354,479.89582926432297,493.7608317057292,16509108.629658308,1.4545185183509766
2024-02-05,541.5,552.3499755859375,539.7000122070312,545.5,529.90576171875,1330649,6.301702805273125,0.010689353030349125,527.6100006103516,465.2119995117188,78.2301365209264,3.6008260490189663,56.04735296569893,561.1042197656392,436.96077962400926,0.2275773421478092,505.79010437801924,493.9640805503821,0.010768798330452078,0.017599495397215364,0.1990895575074242,831671556,92.10832194783744,88.58810588960421,512.3108322143555,484.59083099365233,498.4508316040039,15253199.96209656,2.3189667055740144
2024-02-06,549.5,554.9500122070312,546.0,553.0,537.1913452148438,1628120,6.315358001522335,0.013655196249209745,532.5649993896484,467.8549993896484,79.92743092175198,3.476495753830932,57.75910333407955,567.3197604451392,439.9952389445092,0.23024325768649187,510.286284913446,499.50404908590576,0.010746688274566596,0.017228163479770867,0.1925245772504214,833299676,97.81877888757656,93.39666198224462,516.6558334350586,489.52082977294924,503.0883316040039,14818585.681797054,1.6184470537127034
2024-02-07,556.0,556.7000122070312,547.25,552.2000122070312,536.4142456054688,999927,6.313910321602231,-0.0014476799201039725,536.7450012207031,470.4799993896484,79.21796435988415,2.9685199342842203,59.38257753233388,571.3854280260122,445.67457258433944,0.22765456838588607,514.278068465216,501.7434382659084,0.013748854262144894,0.01665978169134316,0.21411921168037465,832299749,95.0630841528269,94.99672832941361,521.4766677856446,494.221662902832,507.84916534423826,12587369.242417496,1.7113386450792478
2024-02-08,556.0,557.9000244140625,537.5499877929688,538.7999877929688,523.3973388671875,2207877,6.289344421880249,-0.0245658997219822,538.05,472.9639990234375,68.28434092198678,1.4358407057938862,59.28589682883041,573.3839011057512,450.7210976735457,0.22765925428962341,516.6134893535734,507.44994941765003,-0.0014466325370140476,0.017609911426225016,0.12241514102827555,830091872,78.68300355516016,90.5216221985212,525.794169108073,497.7991617838542,511.7966654459636,6562658.535893988,3.7769185378885255
2024-02-09,532.0,532.0,499.8500061035156,509.8999938964844,495.323486328125,4008573,6.234214616091085,-0.05512980578916338,537.2800018310547,474.7099987792969,51.70839455471205,-1.6512016028508896,55.33049005372809,571.9397493140146,456.48524763422745,0.22642577576344472,515.9741088338507,509.5069644075236,-0.024266613759216238,0.02218379420905158,0.07948405210870303,826083299,24.2304612944841,65.99218300082372,529.4058344523112,498.9408289591471,514.1733317057291,-10924540.574035447,6.3051567525633665
2024-02-12,518.0,520.9500122070312,508.25,512.6500244140625,497.9948425292969,2572741,6.2395933987393555,0.005378782648270075,535.8200042724609,476.4409991455078,52.880541203267654,-3.5270666778707778,51.65761233399023,570.2807803270063,462.51921967299376,0.21020492640603977,515.6575293652994,511.87663057471593,-0.053637703324501684,0.022184385330942167,0.08869787369931903,828656040,22.049981521231132,41.65448212362512,531.8633361816406,500.8683288574219,516.3658325195313,-8353161.025769747,2.477325973318119
2024-02-13,515.9500122070312,518.2000122070312,504.04998779296875,510.79998779296875,496.1977233886719,1283153,6.235978100260516,-0.00361529847883979,533.7000030517578,478.1089990234375,51.96671611820216,-4.830980020087555,48.00298011293581,567.8596189964204,469.15538039322803,0.19323461425609506,515.1949063584108,513.5937102170554,0.005393274270437454,0.022233204606569693,0.08564425310233643,827372887,18.86301160298457,21.714484806233262,534.2791712443034,502.70916086832676,518.4941660563151,-7498978.027869256,2.7701692936996736
2024-02-14,508.0,520.0,502.8500061035156,517.9500122070312,503.1433410644531,1572177,6.249878736072083,0.013900635811567419,531.4450042724609,479.6189990234375,55.18969158812145,-5.122678154563474,44.67668339344448,565.375062982286,476.20493884876873,0.17215971045845788,515.4572973916128,514.5103706842538,-0.0036087711557377666,0.022323973761154747,0.09777264680486358,828945064,31.180017905743032,24.031003676652904,536.9433385213217,504.298328145345,520.6208333333333,-4821823.461998287,3.3111291615588
2024-02-15,522.5999755859375,525.0,517.0499877929688,520.5499877929688,505.66900634765625,1429181,6.254885921470505,0.005007185398421932,530.1050018310547,481.03099853515624,56.336985955221536,-5.043345975218891,41.97003664425356,561.9223958088179,484.45260419118216,0.1488229630858175,515.9423155250753,516.2483278665745,0.013997698874183229,0.022301814167658817,0.08976346851065552,830374245,35.65887193818891,28.567300482305498,539.2908396402995,506.8208262125651,523.0558329264323,-3602157.866300569,1.5272331944022828
2024-02-16,524.4500122070312,532.4500122070312,522.0,528.6500244140625,513.5374755859375,1555307,6.270326633360437,0.01544071188993179,529.0000030517579,482.4309991455078,59.79098899412173,-4.373122055394987,39.99006714835961,556.7704350953409,495.2945673460654,0.11628840425650833,517.1525735145026,519.2151626243229,0.0050197423007265485,0.022357756554095227,0.11844308617518487,831929552,49.61241899438698,38.8171029461063,541.6641733805338,509.87916056315106,525.7716669718425,-1287843.3629657086,1.9767354061155458
2024-02-19,530.0,537.2000122070312,527.0499877929688,531.7999877929688,516.597412109375,1638779,6.276267455854742,0.005940822494305387,527.6300018310546,483.81799865722655,61.08036897725102,-3.673607765770498,38.47083718433849,556.0167357750382,499.22326666636803,0.10679479205023987,518.547565350547,526.2191516618204,0.015560535608571069,0.018397721002258567,-0.018305689869771904,833568331,55.03871078650162,46.77000057302583,542.2950083414714,513.2949930826824,527.7950007120769,-366423.7630962351,1.9086168948943136
2024-02-20,531.0,532.7999877929688,516.0499877929688,518.2000122070312,503.38623046875,1786636,6.250361291684611,-0.025906164170130808,524.1500030517578,485.0789990234375,53.15500838780242,-4.052973613390442,36.084435196459324,554.9113799047806,501.80362253662577,0.10248505618895508,518.5144650511645,527.6278110034941,0.005958504177499213,0.019461963426306485,-0.10353939128665782,831781695,31.610680991261095,45.42060359071656,543.7108408610026,514.0308268229167,528.8708338419597,-3785249.794219206,3.2323426486736633
2024-02-21,521.0,525.0,514.0,516.25,501.491943359375,846319,6.246591144275243,-0.0037701474093685405,520.5550018310547,486.2329992675781,52.11093711402153,-4.335962651948906,33.69911315970219,554.5264415970437,502.7735614547142,0.10024770971879807,518.2988017129584,528.1285318613463,-0.025573478559822727,0.019279024628165817,-0.06623118256434296,830935376,28.251487895749253,38.30029322450398,543.1550074259441,514.7349939982097,528.9450007120769,-3480261.592336817,2.1307506053268765
2024-02-22,519.5,524.5499877929688,513.0999755859375,522.8499755859375,507.9032287597656,716238,6.259294569350397,0.012703425075153874,518.9600006103516,487.6789990234375,55.310434573986456,-3.988187038122513,31.406721809808282,554.4771412980039,502.5328593123478,0.09934834926107462,518.7322468437184,528.3345831151231,-0.0037630493266993525,0.018255296902929253,-0.0962257877499921,831651614,39.620951296484094,33.16104006116481,542.8150090535481,515.0399907430013,528.9274998982748,-2307773.7486143145,2.189923064297683
2024-02-23,524.0,528.0499877929688,520.75,523.75,508.77752685546875,736032,6.261014471236347,0.0017199018859503923,520.3450012207031,489.15699890136716,55.744652581436284,-3.617959015148685,29.57569623817614,554.4037494927798,503.2212535589781,0.09772314259437069,519.2101280966975,528.6566565599381,0.012784456340799055,0.017893933296898847,-0.08356707858473304,832387646,41.17138046129105,36.34793988450813,542.6141728719076,515.6891606648762,529.1516667683919,-1883456.5317363767,1.3937924187052506
2024-02-26,524.5,530.0499877929688,519.6500244140625,526.25,511.20611572265625,1059568,6.265776384996591,0.004761913760243708,521.7049987792968,490.7689990234375,56.99460936353201,-3.142713457340495,28.046400407067694,554.3696679664235,503.1553350853342,0.09731939739874466,519.8805920874883,528.7435935768715,0.0017213817654937458,0.017426426468068912,-0.1054360122692498,833447214,45.47801131647165,42.09011435808227,542.52083791097,515.9358281453451,529.2283330281576,-1235974.1700597517,1.9762400720011877
2024-02-27,526.25,528.3499755859375,515.5499877929688,518.0499877929688,503.240478515625,873528,6.250071739134338,-0.015704645862252953,522.4299987792969,492.11299865722657,51.824242286163255,-3.30224500287067,26.21612728239311,554.038761820132,502.09124001092266,0.1002751144354228,519.7062488213436,528.3632736479063,0.004773269689737569,0.01762757412363495,-0.12600951201822538,832573686,31.352241083008312,39.333877620257006,542.0366694132488,515.2966608683267,528.6666651407877,-2082683.6119345864,2.4708016783284013
2024-02-28,518.4000244140625,522.0999755859375,505.6499938964844,507.5,492.9920654296875,1012079,6.229496710915942,-0.02057502821839563,521.3849975585938,493.2519989013672,46.03764998980633,-3.9937230994532857,25.05803153598784,553.199404355114,499.63059747594076,0.10555429926930684,518.5437489335966,526.558263942009,-0.015581970939726797,0.017639270473554913,-0.21107439553428006,831561607,20.481908022404067,32.43738680729467,540.4183354695639,514.3083287556966,527.3633321126301,-3310503.252446791,3.2413757023552954
2024-02-29,509.70001220703125,521.0,505.6000061035156,518.5,503.6776123046875,1504165,6.250940027669582,0.021443316753639863,521.1799987792969,494.5609991455078,52.049504159356864,-3.597994185244712,23.986894726976942,552.4042530076523,498.8807476026992,0.10322758998062312,518.5395823684921,525.3334169335137,-0.0203648065660893,0.018324503240653645,-0.12827001333947888,833065772,45.560381705092745,32.4648436035017,539.5408350626628,512.990828959147,526.2658320109049,-473886.35924010724,2.9701048980683464
2024-03-01,519.4500122070312,532.5999755859375,519.4500122070312,529.7999877929688,514.654541015625,1375573,6.27249955379714,0.021559526127558293,521.2949951171875,496.04999877929686,57.310938579751515,-2.5142246662974657,22.666801563319307,551.2079195558041,499.0870786131412,0.09837833549182766,519.6120019327279,524.9740625865652,0.021674876847290747,0.018864680630605327,-0.0918802671789115,834441345,78.45699243324114,48.16642738691265,539.1491643269858,512.0691655476888,525.6091649373373,1814377.1361281082,2.4820618501117995
2024-03-04,530.5499877929688,537.8499755859375,521.7000122070312,535.0999755859375,519.8030395507812,1620165,6.282453599692024,0.009954045894883912,521.6249938964844,498.12599853515627,59.55266470315839,-1.4331931712050734,21.876310411308882,549.4272843359067,499.8277113916324,0.09269216073120262,521.0870470425574,524.4112420285702,0.021793611944009195,0.01884156081872858,-0.0522612481589617,836061510,92.14285029196628,72.05340814343339,538.6091639200847,511.1791651407877,524.8941645304361,2781873.9341948377,3.018120746729982
2024-03-05,536.4500122070312,546.0,534.0499877929688,542.0,526.5057983398438,2474793,6.295266001439646,0.012812401747622104,524.0049926757813,500.3609985351562,62.32639105969578,-0.30517013739000554,21.75683597703638,546.7309832394062,501.4240124881328,0.08359219695806902,523.0787568480281,524.2981975376165,0.01000375219910321,0.018807812813833875,-0.05406405132901454,838536303,90.0990084051768,86.89961704346142,538.2274968465169,510.49749806722014,524.3624974568686,4823910.817845715,2.2047993001902673
2024-03-06,542.0,542.9500122070312,524.8499755859375,535.2999877929688,519.9973754882812,1088131,6.282827314595242,-0.012438686844404856,525.9099914550782,502.51599853515626,58.1559901886137,-0.07405356940330332,20.737502938454448,542.6576860850521,503.8073072010806,0.07257683498957437,524.2426836046891,523.7626925422712,0.01289483223486787,0.018984080804868554,-0.050062891065707535,837448172,73.51481726841952,85.2522253218542,537.7758305867512,509.1808293660482,523.4783299763998,3093281.9891750244,3.3812884427141205
2024-03-07,536.5,536.5,515.5499877929688,516.7000122070312,501.9290771484375,2393023,6.247462458918126,-0.03536485567711534,525.2949951171875,504.24299865722656,48.461515570181305,-1.1764751899214385,19.514472044925494,540.362607133774,503.8923885937652,0.0705829643475911,523.5243339477693,522.2296390335807,-0.012361646138434046,0.019777161421488137,-0.05590799496615518,835055149,27.47526678334858,63.69636415231496,536.7141626993814,508.05916392008464,522.3866633097331,-3707211.0630766805,4.054579390765914
2024-03-11,519.7999877929688,519.7999877929688,499.3500061035156,510.6499938964844,496.0520324707031,3071219,6.235684412071664,-0.011778046846462331,523.984994506836,505.74299865722656,45.7878384277775,-2.2533515697924305,19.496189861369412,540.3021926275364,504.02780310000253,0.071035719105261,522.2982063238373,522.0845336195255,-0.03474682609768931,0.01583362869301573,0.0020139931904944283,831983930,24.222913765097697,41.73766593895526,535.9299952189128,508.444997660319,522.1874964396159,-5832028.223451364,4.0046963544267875
2024-03-12,508.0,512.4000244140625,500.70001220703125,507.1000061035156,492.603515625,2396316,6.228708234837091,-0.006976177234572667,522.0699951171875,507.1069989013672,44.245306942027234,-3.093083097294188,19.479213548067342,540.7537010779531,503.02129281853126,0.07440821890213,520.8507586838067,521.5634348772553,-0.011708957165889822,0.01586085328593142,0.03538932657265945,829587614,16.613078272201133,22.770419606882466,535.5191619873046,508.134164428711,521.8266632080079,-6214151.698400555,2.307239610768787
2024-03-13,510.45001220703125,514.5499877929688,489.0,492.1000061035156,478.0323181152344,2850815,6.198681960274931,-0.030026274562160005,519.4749969482422,507.8679992675781,38.36419943292068,-4.463819979019256,20.153651151125047,543.4315795937546,498.47341613378444,0.0913598108155946,518.112591771398,519.9361268442191,-0.006951900196611738,0.01714638563811413,-0.03197193634926358,826736799,5.438607199150219,15.424866412149678,535.4658269246419,506.9408330281576,521.2033299763998,-11435305.027200475,5.192031594406074
2024-03-14,493.3500061035156,505.54998779296875,481.75,502.54998779296875,488.18359375,2421237,6.219695113180566,0.02101315290563477,518.9799957275391,508.8539990234375,43.953405118788424,-4.461192112819749,21.15539410607314,544.0333875962618,496.331605689871,0.09491947679847941,516.6304390115477,518.5205492318665,-0.02957996414801467,0.01756686071526791,-0.01243826753222944,829158036,32.3735218567607,18.141735776037347,534.9491592407227,505.75916595458995,520.3541625976562,-6187135.406768063,4.735844865401416
2024-03-15,501.1000061035156,503.3500061035156,470.70001220703125,472.95001220703125,459.4297790527344,2923532,6.158989700469585,-0.0607054127109814,514.4249969482422,509.1839990234375,34.42961658062404,-6.143630336287165,22.594527318522402,549.3042744764374,486.3007212511017,0.1332139794887165,512.4703983634985,515.3424336706499,0.02123548376314166,0.0216783133856269,-0.0803179607837429,826234504,2.988048293163332,13.600059116358077,534.257492574056,502.5975011189779,518.427496846517,-17665612.609330773,6.90347670023783
2024-03-18,475.0,475.8999938964844,457.20001220703125,458.1000061035156,445.0043029785156,5046215,6.127087514216241,-0.031902186253343956,507.2549987792969,509.1909991455078,30.82142272482109,-7.838727977816409,24.453552656461124,554.6721827034783,473.87781119300627,0.17636841395766126,507.2922657673097,507.95099366870636,-0.05889956482922365,0.02192640610730623,-0.20465685536982378,821188289,1.0135067795084058,12.125025643144141,531.4716573079427,498.98666890462243,515.2291631062826,-25847142.743662395,4.082074097424819
2024-03-19,458.0,458.0,441.6499938964844,454.95001220703125,441.9443359375,2469179,6.120187549634288,-0.006899964581952744,499.24000244140626,509.31199951171874,30.100807252442507,-8.688366985584166,26.671317862095826,557.4998874268477,463.36510891104285,0.20691235518193057,502.30728923775933,503.32808650211143,-0.03139868003008972,0.02171694095925002,-0.1575116688025751,818719110,12.745584602413155,5.582379891694959,527.7574900309244,494.6525034586589,511.2049967447917,-23265822.177328825,3.5938027618021757
2024-03-20,459.70001220703125,459.70001220703125,444.0,452.04998779296875,439.1272277832031,1714931,6.113792766179656,-0.006394783454632069,490.2450012207031,509.14299926757815,29.41885603845408,-8.927794405986626,28.55824286321467,560.428069307619,453.82192458886544,0.2358282216514015,497.5208795763507,500.1629507980635,-0.006876214482679055,0.02129844047183538,-0.1222626844144613,817004179,9.966452600077032,7.908514660666192,524.1833241780599,491.18333638509114,507.6833302815755,-20652610.690343656,3.4730699327485857
2024-03-21,456.6000061035156,462.75,453.6000061035156,461.0,447.8213806152344,1351780,6.133398042996649,0.019605276816992756,482.81500244140625,509.26799926757815,34.36130040453264,-7.995611941508612,29.99196031334464,561.1035035528587,447.62149034362574,0.24616488765560293,494.0427005690792,498.3487130318418,-0.006374380341246821,0.022099403739623002,-0.08654261154467034,818355959,18.543368444387383,13.751801882292517,521.1258239746094,488.3108367919922,504.7183303833008,-15973888.09154875,1.9848142942482376
2024-03-22,463.0,471.3500061035156,457.20001220703125,468.3500061035156,454.9612731933594,1670126,6.149215892687093,0.01581784969044442,477.98000183105466,509.26799926757815,38.18924713284737,-6.4618386788489595,30.46076390377799,559.7826778947898,443.4923190534524,0.24829797656847838,491.5957772866446,496.5943708883988,0.01979872237300051,0.022247078625262286,-0.07303674799517376,820026085,25.586977139747102,18.032266061403835,518.5341578165691,485.44917246500654,501.9916651407878,-11938270.322236054,3.021243452990778
2024-03-26,469.5,474.25,465.1000061035156,471.45001220703125,457.97265625,1494231,6.155813077804211,0.006597185117118265,474.06000366210935,509.3629992675781,39.784300381646105,-4.8879001212887125,30.616558087603266,557.6567324580666,440.3882657108787,0.2487399802965556,489.6771329933481,495.1328385872556,0.015943614107409187,0.022354551877849786,-0.05426265986786944,821520316,28.55775425732619,24.22936661382022,515.9308252970377,482.66083933512374,499.29583231608075,-9571070.959050583,1.9408195268995498
2024-03-27,472.0,476.45001220703125,466.29998779296875,467.70001220703125,454.329833984375,1248009,6.147827090831971,-0.00798598697224051,470.12000427246096,509.33899963378906,38.490353482113,-3.7973060685794984,30.544477395771683,554.8456983138195,437.3443010758288,0.25123240147784676,487.58407387084173,493.59229973067886,0.006618994476601969,0.022242405751189624,-0.08301377298970718,820272307,25.715709379920884,26.620146925664717,513.1599950154623,479.91500295003254,496.53749898274737,-8872351.357757643,2.170199732551965
2024-03-28,468.0,470.6499938964844,462.70001220703125,466.45001220703125,453.1155700683594,1161982,6.145150859577044,-0.002676231254926442,467.5550048828125,509.295,38.04615311913274,-2.898634741745509,30.672392121810194,552.7128029825611,434.31719884849366,0.25382270561827797,485.571306093336,492.2601725109481,-0.00795418369477785,0.022125768430099734,-0.07113411446468507,819110325,26.146564801989676,26.806676146412244,510.21499582926435,477.4550043741862,493.8350001017252,-7812369.37807798,1.704358769729128
2024-04-01,468.95001220703125,472.75,463.0,465.29998779296875,451.9984436035156,2061868,6.142682332615848,-0.002468526961195927,463.8300048828125,509.155,37.61604085748993,-2.154379914022261,30.566522496997088,551.4605804995897,431.34942011076197,0.2581370374810114,483.64070435044385,490.56488166645164,-0.0026726533405491137,0.021831456659742517,-0.07656624006944131,817048457,30.262310612347065,27.374861598085868,507.6433303833008,475.55333709716797,491.59833374023435,-7035059.258148872,2.095422363161157
2024-04-02,466.79998779296875,474.0,464.6000061035156,470.1000061035156,456.6612548828125,2290801,6.152945451013526,0.010263118397677573,463.5450042724609,509.105,40.63278359427125,-1.161297330378945,30.329742498473333,548.3752344227381,429.594766797965,0.2526706362105806,482.3511140412126,488.5959673737182,-0.002465482654017137,0.02126602410584364,-0.08968296025838182,819339258,39.02608311247508,31.811652842270604,505.0699971516927,473.58000386555995,489.32500050862626,-4459209.829010592,1.9995732342991088
2024-04-03,472.8500061035156,472.8500061035156,467.0,468.6499938964844,455.2527160644531,1304780,6.149856208168883,-0.0030892428446431808,464.6000030517578,509.0429998779297,40.003456673320436,-0.46052887484397687,30.109875356986993,542.8426704103266,429.012331420728,0.24288987618069083,481.0462454560004,486.78115586695503,0.010315964832310787,0.020344290729070083,-0.12138521173634423,818034478,37.03704013794449,35.44181128758887,501.8158330281575,471.0558354695639,486.4358342488607,-4092457.985936255,1.2482676154281094
2024-04-04,472.3999938964844,474.75,458.95001220703125,459.8500061035156,446.70428466796875,1977977,6.130900362621547,-0.018955845547336203,465.0900024414062,508.23900024414064,36.32627031743463,-0.4477213246959213,30.42940631564883,535.4109565942092,428.9190482886034,0.2315796605244226,479.027555993859,484.0958531153168,-0.00308447604383133,0.020176370950799466,-0.18536932651029148,816056501,28.482024953734104,34.84838273471788,498.44666849772136,467.7216684977214,483.0841684977214,-5994417.338627212,3.435900311679469
2024-04-05,459.04998779296875,469.95001220703125,452.79998779296875,468.45001220703125,455.05841064453125,2777318,6.149429398455541,0.018529035833994456,466.7300048828125,507.53900024414065,41.942888691120835,0.24466167340983702,31.083891081670007,524.3417332978036,432.63327280571207,0.19577000342047376,478.02017087130395,479.5984871712234,-0.018777313363013692,0.02052189331386665,-0.15037920055097187,818833819,43.436001634198675,36.318355575292415,494.85916951497404,463.6141682942708,479.2366689046224,-1725936.0400513522,3.6610148291517293
2024-04-08,473.3500061035156,473.95001220703125,467.29998779296875,469.8999938964844,456.4669494628906,1551758,6.152519893119803,0.0030904946642618114,467.62000427246096,506.72900024414065,42.85809246630326,0.8698380480734613,31.18409357955478,513.0203632705052,437.414643443362,0.1608974692683196,477.2468206832259,477.9257960726309,0.01870176359545317,0.020602693502085434,-0.16027037967959623,820385577,81.1781182064443,51.032048264792344,491.08750254313156,460.9875025431314,476.03750254313144,-1157942.221977959,1.4151999362501488
2024-04-09,472.0,472.0,464.5,469.8500061035156,456.4183654785156,1399936,6.152413507819423,-0.00010638530037976324,467.77000427246094,505.61100036621093,42.83302403002208,1.322410749529718,31.455344036495642,505.5661223990598,440.1838837044558,0.1391555556991931,476.54236215182493,475.1362670782004,0.0030952751663335665,0.019511575792621257,-0.10079362115673682,818985641,81.0344751987807,68.54953167980788,487.7083353678386,458.9533365885417,473.3308359781901,-1002519.0061150363,1.5962541029205877
2024-04-10,472.0,491.1000061035156,472.0,488.75,474.778076171875,4950136,6.1918511112995755,0.03943760348015246,469.5000030517578,505.0340008544922,53.82925133140158,2.8494037228712124,29.648666801650247,500.5710836737678,442.9889230400994,0.11781516242182798,477.7049943278416,473.7328914868071,-0.00010637964166426706,0.02182803844035001,-0.020937969235415854,823935777,95.0106033991783,85.74106560146775,486.34167022705077,457.72166900634767,472.0316696166992,12506060.87858248,3.907929637547954
2024-04-12,488.70001220703125,488.95001220703125,480.25,482.29998779296875,468.512451171875,1955613,6.178566301764888,-0.013284809534687803,470.9600006103516,504.13500061035154,50.27510708844907,3.3455024780025244,27.97103794072238,494.94101456040545,446.1389903224071,0.10118603664354026,478.1426127530918,472.40335296917715,0.04022559040324958,0.021947543254818513,-0.049366088685139226,821980164,77.02346187097365,84.35618015631087,485.0466695149739,456.7266682942708,470.88666890462235,8917519.649895126,1.8038590974971787
2024-04-15,472.0,480.6000061035156,462.6499938964844,473.29998779296875,459.76971435546875,1607704,6.159729411120883,-0.018836890644005067,471.64499816894534,502.96100036621095,45.73722528259205,2.999091051807415,27.658487976347633,491.97033316832255,447.22966988343524,0.09452918748955856,477.6814103759372,470.67687735531274,-0.013196955922314624,0.021360452212839803,0.005907183702913997,820372460,53.524778588303725,75.1862812861519,483.34833730061854,455.7883336385091,469.56833546956375,5576540.27133868,3.792523276988327
2024-04-16,464.3500061035156,480.8999938964844,457.5,477.54998779296875,463.89825439453125,2466801,6.16866884091896,0.008939429798076937,472.8699981689453,501.70200012207033,48.118679836809285,2.98151853589367,27.670095539233618,485.37004486078337,451.3299581909744,0.07128067749960088,477.66889393946406,469.3047633821473,-0.018660585170620636,0.02083640927547345,0.0047415630627468,822839261,64.6213790273423,65.05653982887323,482.0966710408528,454.5766667683919,468.33666890462234,6277592.268290297,4.900009317271499
2024-04-18,480.1000061035156,485.3999938964844,470.25,473.20001220703125,459.6726379394531,1826053,6.159518157901001,-0.009150683017958627,473.17999877929685,500.4870001220703,45.89833804355473,2.6153512239712766,27.22922062430701,485.39640158400243,451.32860146775533,0.07199450388294155,477.2432861554228,468.70594678682136,0.008979505830579049,0.016176297553673634,0.03807438708871485,821013208,53.26374585164321,57.1366344890964,480.91917063395186,455.1491663614908,468.0341684977214,4246038.234444837,3.201604713791946
2024-04-19,465.0,477.25,460.1499938964844,473.3999938964844,459.86688232421875,1677526,6.159940684186948,0.0004225262859467449,473.6549987792969,499.1609997558594,46.02165244865639,2.3342932721829497,27.418698970581055,485.61459763822114,452.6404041928335,0.06965397944765905,476.8772583212382,469.41724190893126,-0.009108942931903785,0.014374492547646901,0.18209669886967225,822690734,53.78589100528679,57.223671961424095,481.1658381144206,455.5558314005533,468.36083475748694,3687386.2700357954,3.6121686362452263
2024-04-22,476.0,494.1499938964844,475.45001220703125,480.04998779296875,466.3268127441406,3589441,6.173890239714966,0.013949555528018465,475.6749969482422,497.85199951171876,50.09509968431646,2.527618124845188,26.097364528289834,486.1680683352304,454.59693105441806,0.06576635367904227,477.17942303283155,471.7549079059331,0.0004226155627520267,0.014475359057621802,0.092885461637858,826280175,65.90083670551907,57.65015785414969,482.8675033569336,457.02249908447266,469.94500122070315,6570582.623143649,3.8954238443846956
2024-04-23,482.8999938964844,490.45001220703125,480.5,486.3999938964844,472.4952697753906,1449810,6.187031318103611,0.013141078388644978,477.4699951171875,496.51999938964843,53.68898634062092,2.983237047672058,24.87041111759084,486.98223013131957,457.2177698686805,0.0611933812420515,478.0575726388937,473.120262986546,0.014047304567432084,0.014485993008318028,0.09917717782835696,827729985,81.25756020301752,66.9814293046078,484.27333679199216,459.0033325195312,471.6383346557617,6947114.01254284,2.0456439827071238
2024-04-24,489.3500061035156,490.3999938964844,484.75,486.54998779296875,472.6409912109375,928098,6.187339646179042,0.0003083280754312412,479.13499450683594,495.2069989013672,53.77366904830785,3.1769028200161378,23.731097236227495,488.6113821633449,458.143616615952,0.06262001091726921,478.8663740821389,473.93336558620115,0.013227801822701446,0.013998135206614078,0.07050407388540354,828658083,81.62030234169792,76.25956641674485,485.5041697184244,460.58416544596355,473.04416758219406,5974556.158656628,1.1612360575967162
2024-04-25,485.95001220703125,501.0,483.5,499.29998779296875,485.0264587402344,1971088,6.213207093058273,0.02586744687923037,482.0799926757812,494.4169989013672,60.402010415023305,3.9930913021761505,22.272108389194063,493.68218680160163,456.16781014664053,0.07513394266397654,480.81243253078935,475.3089401355473,0.0003083756134181215,0.014677090031145201,0.08574601718538305,830629171,96.47300461309166,86.45028905260237,487.12000274658203,461.86499786376953,474.4925003051758,8711244.135991395,3.5049069553064465
2024-04-26,500.45001220703125,501.29998779296875,489.79998779296875,492.3999938964844,478.32373046875,1266683,6.199291381914857,-0.013915711143416054,482.4449920654297,494.0669989013672,55.743640463109074,3.893561242355517,20.94087943805642,496.12449705531145,455.8204980618761,0.08185215169175719,481.91600980371265,476.11584737437784,0.026204912793925006,0.015138552535589676,0.05396613435287837,829362488,81.64949712065078,86.58093469181345,488.44916890462247,462.9591634114583,475.7041661580403,6218194.263881122,2.3354996227757074
2024-04-29,495.70001220703125,505.5,488.1000061035156,494.6499938964844,480.5093994140625,1830142,6.203850429430172,0.004559047515315662,483.67999267578125,493.7069982910156,56.91064114255101,3.800351091800701,20.041253178335666,498.6489215971541,455.99107168897876,0.08623845230876993,483.12877019350043,477.2143164744901,-0.013819335199634297,0.014950615197091606,0.0644549857519052,831192630,77.39582061767578,85.17277411713941,490.10833384195956,463.8933314005534,477.00083262125656,5918140.726183819,3.517637543957128
2024-04-30,497.45001220703125,517.0,495.1000061035156,510.1000061035156,495.51776123046875,5403633,6.234606796894212,0.03075636746403987,487.35999450683596,493.69299865722655,63.94184806123237,4.549720540598418,20.030746764251756,504.545345851134,454.4596468246473,0.09818799926915261,485.69745932778756,481.17587082653256,0.004569455783691501,0.01615791701920663,0.10489515606577435,836596263,88.40337160254727,82.48289644695795,492.84583435058596,465.23583068847654,479.04083251953125,16999291.452774256,4.293274580365358
2024-05-02,513.8499755859375,518.7999877929688,510.20001220703125,513.3499755859375,498.6748352050781,1486206,6.240957826186655,0.006351029292442689,490.9399932861328,493.6009979248047,65.22723593913744,4.998971415424527,20.13998434427852,510.06248885049956,453.7475026045786,0.10970096215869704,488.3310323047542,482.96375748172665,0.031234231067764906,0.01607498724673584,0.12209875778263357,838082469,91.10927684775758,85.63615635599355,495.1433329264322,467.6483317057292,481.39583231608077,15260838.980176833,1.6752656072733791
2024-05-03,505.0,510.8999938964844,495.1000061035156,502.54998779296875,488.18359375,2947783,6.219695113180566,-0.02126271300608895,493.87499084472654,493.2409979248047,57.847452181446734,4.328534192040882,18.86810474163527,512.5048305992225,454.5501590248009,0.11532120780449939,489.685218541727,484.9766811444729,0.006371239842256182,0.01703441529440603,0.10771786645184322,835134686,73.49102245357395,84.3345569679596,497.1274988810222,468.9924982706706,483.0599985758464,8532716.209248602,3.143963421898985
2024-05-06,506.0,506.0,479.5,482.70001220703125,468.9010314941406,2692166,6.179395367955511,-0.040299745225055084,494.80499267578125,492.3219976806641,47.2632199022606,2.4040289042354326,18.44748131657318,512.4005636659655,456.0594277891126,0.11672080889173053,489.0199607955655,485.678273797065,-0.021038255199372746,0.01953539359476526,0.07225416584006851,832442520,41.10932663174486,68.56987531102546,499.1549987792969,468.9549987792969,484.05499877929685,-320447.445399913,5.489952212521197
2024-05-07,484.0,486.0,473.20001220703125,478.3500061035156,464.6753845214844,1431009,6.170342694883694,-0.009052673071816564,494.63499450683594,491.252998046875,45.30683879453641,0.7780763697226241,18.436702370747373,511.1972013706047,459.11279008447343,0.108883475742781,488.0037746344179,486.39854895769423,-0.03949850973653779,0.01911523775901942,0.10571363008426174,831011511,34.01306730098104,49.53780546209995,499.7383321126302,469.83833211263027,484.78833211263026,-1163940.3652264671,2.6758623663942873
2024-05-08,473.04998779296875,484.3500061035156,472.79998779296875,479.20001220703125,465.5010681152344,1248973,6.172118072275011,0.0017753773913167237,493.9149963378906,490.472998046875,45.77913392340916,-0.2454347268952819,18.4509758632593,510.7588460924712,460.6261453626069,0.104617486337219,487.16532106990485,487.62191480023125,-0.009011820993387265,0.018714222832510785,0.060046855348075794,832260484,32.48085301452824,35.86774898241805,500.2108317057291,470.87083231608074,485.540832010905,-846001.0740332261,2.4102708715201078
2024-05-09,481.75,485.3500061035156,476.0,478.54998779296875,464.8696594238281,1492554,6.170760673133543,-0.0013573991414679298,493.1149963378906,489.71899780273435,45.45586594761047,-0.9328621064122777,18.370358642744055,510.37156544320834,461.8784254015182,0.10133348924599563,486.3448131387681,487.97321602866896,0.0017769543068255622,0.01871823421926591,0.05233209736692282,830767930,31.372541877770452,32.62215406442658,500.82499745686846,471.2149998982748,486.01999867757166,-863743.2833579996,1.953820152966056
2024-05-10,479.8999938964844,482.95001220703125,466.8999938964844,480.75,467.0068054199219,1246498,6.175347384468889,0.004586711335345939,491.25999755859374,488.87699829101564,46.82449833479794,-1.1895937835276793,18.873821312342994,509.8973737639197,463.44261647045533,0.09662976036082029,485.81197379221874,488.27275455364975,-0.0013564782919530671,0.018732106752313484,0.05959029754789697,832014428,26.685949387854944,30.179781426717884,501.6566650390625,471.19166564941406,486.4241653442383,-348592.69772970845,3.3385373500877535
2024-05-13,484.95001220703125,485.6499938964844,472.79998779296875,477.8500061035156,464.189697265625,999769,6.169296888485058,-0.006050495983831006,489.80499877929685,487.95899841308596,45.213971037929284,-1.4856745897162305,19.06951156850261,509.64129141699203,462.6086994277345,0.09842542929479205,485.0536911551994,488.5737427681357,0.004597246396719212,0.016383214174400983,-0.03430695209770123,831014659,21.098291897435054,26.385594387686822,501.08499806722,471.2449986775717,486.16499837239587,-712982.8834675055,2.6891296305083556
2024-05-14,477.1000061035156,481.5,469.1000061035156,474.1499938964844,460.595458984375,1964775,6.161523714457195,-0.007773174027863483,487.7549987792969,486.9169982910156,43.17362320864886,-1.838566769257174,19.49118740561217,509.7613296343403,461.67366182073783,0.10141868276413159,484.01524379722656,488.12941855059785,-0.006032228593831235,0.016214014438652447,-0.01735926811445974,829049884,13.969173126417465,20.58447147056916,500.82416381835935,470.6141662597656,485.7191650390625,-1649655.5406964081,2.6152049047988646
2024-05-15,460.0,481.8999938964844,459.0,474.1000061035156,460.5469055175781,11896368,6.1614182827819715,-0.00010543167522314434,484.1549987792969,486.0379986572266,43.145295562041206,-1.9714415292641239,20.48238744553011,509.72109113589465,461.7939021502382,0.10109088455736485,483.0709354454446,484.71259473350887,-0.00774304103750445,0.015655047642755188,0.056330099138082346,817153516,25.25085148142969,20.10610550176074,501.0458297729492,470.34083404541013,485.6933319091797,-1498943.7749775017,4.830203248612564
2024-05-16,484.8999938964844,508.29998779296875,479.04998779296875,488.1499938964844,474.1952209472656,15576619,6.190622723168319,0.02920444038634784,481.63500061035154,485.65099853515625,52.56591018875284,-1.0551273028607946,19.120985363119065,509.9687643982625,462.6062294982218,0.09702455288790657,483.55465529792457,486.97428730011217,-0.00010542611749919661,0.016896726629763343,-0.07689896357666057,832730135,48.74581914197617,29.32194791660778,502.3308298746745,471.0408335367839,486.6858317057292,29979663.450837154,5.992010727383655
2024-05-17,490.1000061035156,501.1000061035156,486.0,489.29998779296875,475.3123474121094,3731519,6.192975773347129,0.0023530501788098235,480.31000061035155,485.06699829101564,53.24873682414715,-0.35007907701160385,17.85682628659452,510.02214694050645,464.1628445145717,0.09372430731663661,484.1018298212621,487.5723579591465,0.029635071951256364,0.016720923978204627,-0.08984173869749738,836461654,50.66888625106276,41.555185624822876,503.1208302815755,471.8358327229818,487.4783315022787,26309886.397091202,3.0860426078540386
2024-05-21,492.6000061035156,493.0,478.3500061035156,482.6000061035156,468.80389404296875,3001710,6.179188165838084,-0.013787607509045507,480.3,484.12299865722656,48.8377264072669,-0.31457728233320137,17.20753737318004,509.72144024209905,465.38355243368215,0.09187295326910255,483.9587989910005,487.8785894275695,0.002355820774071926,0.017076570311743193,-0.1210304399250115,833459944,39.464901205699746,46.29320219957956,503.7174967447916,472.67750040690106,488.1974985758464,19678273.7636427,3.035638978699477
2024-05-22,502.0,510.0,480.3999938964844,490.75,476.72088623046875,9506341,6.195934833156571,0.016746667318487063,481.5399993896484,483.23599914550783,53.84619167849661,0.2478124527190423,16.527790788482626,510.02159027931344,466.1534036171709,0.0893900899890831,484.60558003947665,488.88081906250176,-0.013692993780102025,0.01720125748960569,-0.1254521102671982,842966285,53.09365632300873,47.74248125992375,504.7874979654948,472.6574991861979,488.7224985758464,27935180.52996505,6.031585553441799
2024-05-23,493.70001220703125,493.70001220703125,481.20001220703125,483.45001220703125,469.6296081542969,2904558,6.180947922179389,-0.014986910977182077,481.9649993896484,482.06499938964845,49.200270326013325,0.12441738991194307,15.896597531263604,509.95701732534786,465.9229784021912,0.09108292028401,484.4955259601961,488.8327024916316,0.01688767880938702,0.017318203020277926,-0.1519184169793807,840061727,47.10985565007447,46.55613772626099,504.93166453043614,472.54666697184246,488.73916575113935,20915406.462260086,2.585582725075418
2024-05-24,483.45001220703125,487.6000061035156,480.3999938964844,481.6499938964844,467.88104248046875,1703680,6.177217696531535,-0.0037302256478533025,482.275,480.99199951171875,48.09825991330091,-0.0716340942030661,15.247484147831418,509.8768702935423,465.51312604434827,0.09210784763080189,484.22452290650926,488.72390937236173,-0.014875166159895592,0.017335899484886463,-0.1607681479305715,838358047,44.411752738204655,48.20508823709596,504.80833231608074,472.2683329264323,488.53833262125653,17489397.65403543,1.494863967252259
2024-05-27,481.70001220703125,483.0,473.95001220703125,476.95001220703125,463.3154296875,5617854,6.16741168918516,-0.009806007346375267,481.89500122070314,480.19699951171873,45.24838857922876,-0.4878534922559338,14.178558518682536,508.55921962930825,464.59577914998863,0.09217620160210052,483.53171236370184,487.8000360094275,-0.0037232769988555514,0.016267286326319033,-0.19790984346022172,832740193,35.19610236672794,42.2392369183357,503.5541656494141,471.8591674804687,487.70666656494143,11218939.284313086,1.8974709217620047
2024-05-28,476.95001220703125,479.70001220703125,471.1499938964844,473.95001220703125,460.40118408203125,2887519,6.161101856654998,-0.006309832530162041,481.5050018310547,479.4629998779297,43.477582328491565,-0.9106501880427207,13.400415563349592,508.1250337832165,463.1849668271351,0.09482026753583171,482.619169491638,487.2264563404258,-0.009758085225810786,0.016069208403853882,-0.1976782240948064,829852674,29.31374942555147,36.307201510161356,502.42833404541017,471.02833404541013,486.7283340454102,8378725.529411218,1.8039915793507877
2024-05-29,470.25,472.0,466.3999938964844,471.04998779296875,457.58404541015625,2459093,6.1549642195801635,-0.006137637074834501,481.19500122070315,478.74199951171875,41.775597510047554,-1.306949940876573,13.037998786616829,507.4055930533475,461.54440694665254,0.0973594890036414,481.5173426631933,486.4905129495135,-0.006289967340849523,0.016024427756104135,-0.1702294183176351,827393581,23.627427045036764,29.37909294577206,500.52500101725263,470.3049997965495,485.4150004069011,6162989.062859588,1.1888347837038655
2024-05-30,471.04998779296875,477.6000061035156,463.0,465.75,452.43560791015625,4052768,6.143649009481698,-0.011315210098465478,480.36000061035156,478.2149993896484,38.787211128805936,-1.8160484881065333,12.221115104831386,503.3510959933074,461.163903396341,0.09057905012767876,480.0156909809844,484.14738621752275,-0.006118840256081115,0.014034836446213186,-0.23053048278526123,823340813,13.235294117647058,22.058823529411768,498.2291681925455,468.73916575113935,483.48416697184246,2214044.7784890225,3.1347302423007246
2024-05-31,470.0,476.0,461.95001220703125,463.5,450.2498779296875,3935307,6.13880638500591,-0.004842624475788426,477.89500122070314,477.4339996337891,37.55887017978059,-2.170377109824018,11.549593306863358,497.00187858222193,462.5281232488328,0.07437703416049436,478.4427680304144,482.7767253437429,-0.011251433882423001,0.013802119272819631,-0.2564226135356659,819405506,8.823529411764707,15.228750191482847,496.15333607991545,466.11833241780596,481.13583424886065,632832.5601334481,3.0312810772316614
2024-06-03,477.0,479.75,469.1000061035156,476.6499938964844,463.02398681640625,2122390,6.166782456134561,0.027976071128651192,476.6300018310547,477.5079992675781,47.93636607101575,-1.4213860870359447,10.857019939763347,492.19994598399063,464.7400564574156,0.05761017492541616,478.27202763670675,481.840702201291,-0.004830917874396157,0.015138265270592269,-0.245945806809029,821527896,34.6078311695772,18.888884899662994,494.511669921875,464.9916656494141,479.75166778564454,4529487.272394309,2.2343426062850784
2024-06-04,476.6000061035156,476.6499938964844,429.0,451.3999938964844,438.49578857421875,3876955,6.112353850862133,-0.05442860527242743,473.51000061035154,477.3739990234375,35.675683800241146,-2.4674773076658223,12.448774563149879,494.8408006067596,458.969200003592,0.0794674370584811,475.71278632811413,480.1912874687328,0.028371076367819548,0.017049344578159903,-0.22021001646778185,817650941,27.654313452449845,23.695224677930593,493.7166692097982,462.0816655476888,477.89916737874347,-10102312.873662021,10.556046641731132
2024-06-05,454.0,473.3999938964844,447.3999938964844,470.1499938964844,456.70977783203125,2206982,6.153051779741026,0.040697928878892675,471.45,477.67799865722657,46.598352446426325,-1.770252383698009,13.926832427723086,494.6534397275249,458.33655966212353,0.07724530583190327,475.1829965727208,479.7659204294719,-0.05297388088393351,0.0196863951592006,-0.19466651621453746,819857923,50.802461600597994,37.688202074208355,493.60000254313155,460.64499766031895,477.1225001017252,-2747566.3917103047,5.530150023935674
2024-06-06,474.0,474.0,466.25,471.0,457.5354919433594,2364537,6.154858094016418,0.001806314275391685,470.2049987792969,478.0569989013672,47.03741681625346,-1.1552013861228385,15.242948860256472,494.3505986697647,457.81939949918063,0.07756093242162218,474.78461594674735,479.5160103752036,0.041537439640062956,0.019686599916703226,-0.18729448041222793,822222460,51.851851851851855,43.4362089682999,492.9916681925456,460.4166651407878,476.7041666666667,-2067932.4954676148,1.645435244161359
2024-06-07,474.0,486.54998779296875,470.1000061035156,485.04998779296875,471.183837890625,3264588,6.18425195324075,0.029393859224332353,470.5449981689453,478.5379986572266,53.79920516253482,0.2211275282354923,15.35157607279959,495.0665957422853,457.75340242666,0.0769264905776093,475.76227040829224,479.5483277647475,0.0018079466437317393,0.0208318271507162,-0.14416790600449841,825487048,69.19751579378858,57.283943082079496,493.3766667683919,460.0916661580403,476.7341664632161,4779975.225180939,3.391399258518151
2024-06-10,486.04998779296875,488.3999938964844,481.75,487.1499938964844,473.2237854003906,2132005,6.188572071342323,0.004320118101572845,471.56499633789065,478.91399841308595,54.729534396524485,1.239337348011924,15.299360894447387,495.88623472889316,457.57376282970057,0.07864615083487755,476.8468155024058,479.74089361035016,0.029830122702693807,0.02082939906637239,-0.13774854824111585,827619053,71.79011592158565,64.27982785574204,493.351665242513,461.00666707356766,477.17916615804035,4736724.980544494,1.3650813876223609
2024-06-11,487.1499938964844,488.0,480.3999938964844,481.3500061035156,467.58966064453125,2186575,6.17659466890397,-0.011977402438352769,472.30499572753905,479.11199829101565,51.63683276786509,1.4727249608038577,15.337591675160564,496.1626436511526,457.64735390744113,0.08001514335792628,477.2756907977496,479.83983763406263,0.004329463264334699,0.02097272527583949,-0.15219478960456678,825432478,80.91189524972997,73.96650898836809,493.3133321126302,461.4933339436849,477.40333302815753,2248320.224979475,1.5788939456004125
2024-06-12,481.3500061035156,484.95001220703125,475.29998779296875,477.8999938964844,464.2382507324219,2130425,6.16940149281258,-0.007193176091390363,472.9899963378906,479.31599792480466,49.832938806225684,1.348579968309183,15.701850278285306,496.31218279559357,457.8728147630002,0.08043391614045418,477.3351482357243,479.9392048112164,-0.011905958874344535,0.020961101321337113,-0.15896490032470542,823302053,82.32323050689497,78.34174722607021,493.3991668701172,461.8541656494141,477.6266662597656,877132.7276731858,2.0192560237095853
2024-06-13,478.25,481.79998779296875,475.95001220703125,476.70001220703125,463.0726013183594,1644139,6.166887387818146,-0.002514104994434163,474.0849975585937,479.5209979248047,49.189272934451544,1.1473663556377134,16.04009040975828,496.39457409026863,458.05042407867666,0.08043664575141458,477.27465909013455,481.17419306306476,-0.0071673671201518685,0.020972279186218783,-0.2449174483796038,821657914,80.30305910495119,81.17939495385872,492.870832824707,463.0308334350586,477.9508331298828,469979.9530176205,1.2271817571082524
2024-06-14,476.70001220703125,479.1499938964844,472.1000061035156,476.45001220703125,462.8297424316406,1748591,6.1663628114149995,-0.0005245764031460709,475.3799987792969,479.74399841308593,49.04713575061703,0.9664061070503172,16.61382932732952,495.14255020080714,458.13244979919284,0.0776788738658534,477.1961212917438,478.41328552230465,-0.0025109472793026777,0.019818349427565492,-0.19912140263101985,819909323,79.88218364082965,80.83615775089194,490.96416625976565,463.3441680908203,477.15416717529297,340390.2811579604,1.4796909670148832
2024-06-18,477.25,488.6499938964844,477.0,484.79998779296875,470.9410095214844,3169655,6.183736409575585,0.017373598160585146,476.1949981689453,480.037998046875,53.844379417564326,1.35425422573312,16.187077264315963,494.3983807097971,458.42661929020295,0.07419917971399721,477.92029905376523,477.8549774357672,-0.0005244388370005959,0.02024034485189971,-0.15043183353564096,823078978,93.54567225908377,84.57697166828821,490.3591654459636,463.0841684977213,476.7216669718424,4072697.650398927,2.4030516068122187
2024-06-19,486.0,489.0,479.6499938964844,484.6499938964844,470.7952880859375,3228626,6.1834269683449605,-0.0003094412306241523,479.51999816894534,480.357998046875,53.74648761430069,1.532753955894195,15.757004236315662,494.66339037040075,458.3666084088961,0.07489277296732452,478.56122237211946,477.86831769283026,0.01752539693987698,0.019992814835311797,-0.126380144975968,819850352,92.74998982747395,88.72594857579581,490.08333231608077,463.33833414713547,476.7108332316081,3421701.672623257,1.9292285610783846
2024-06-20,485.0,495.8999938964844,483.3999938964844,494.04998779296875,479.92657470703125,4238014,6.2026367019328825,0.019209733587921995,481.9099975585938,481.04199768066405,58.801539403281424,2.176645375194961,14.702553938968375,495.3942530038575,457.9657445547362,0.07575854543853502,480.03634288839083,476.2352404885679,-0.0003093933586244546,0.02010917064172411,-0.03694368995047498,824088366,97.23466924918084,94.5101104452462,489.0983317057292,464.0633341471354,476.5808329264322,8623930.82413641,2.5301083511488955
2024-06-21,496.95001220703125,507.0,490.45001220703125,502.04998779296875,487.6978759765625,5309186,6.2186996920110715,0.01606299007818901,485.01499633789064,481.7139971923828,62.5525653003295,2.9841760820004954,14.490613697513002,499.2045425274494,456.0154525897381,0.08602547751783085,482.13288049835063,477.83755026645866,0.019395427658856157,0.020056590115024583,0.030758969249944382,829397552,93.65383050380609,94.54616319348698,489.9866638183594,464.5466674804687,477.26666564941405,13459581.84925978,3.2964820626175375
2024-06-24,501.0,501.0,488.3999938964844,499.1499938964844,484.8807678222656,3168748,6.212906639554616,-0.005793052456455783,486.4249969482422,482.2989971923828,60.40553778953389,3.1495269429342505,14.09862033681742,501.99652338694347,454.97347173024406,0.09420625509704249,483.75355796483956,478.6306458716749,0.016192693447352857,0.020093082388888465,0.08429135755412401,826228804,89.93588961087741,93.6081297879548,490.9049967447917,464.92500101725255,477.9149988810221,10224020.176580232,2.5242925488502888
2024-06-25,500.79998779296875,521.0,496.3500061035156,519.25,504.40618896484375,8427606,6.252385462756222,0.03947882320160634,489.63499755859374,483.2869970703125,68.48072341574739,4.364331811026573,15.063356072407126,510.0412062628738,451.15878763361053,0.11339897665722344,487.13417149199773,483.0709701283116,-0.005776305083150857,0.021611569237160483,0.22196672019240132,834656410,97.62228280587546,93.73733430685299,493.3966634114583,465.8566670735677,479.626665242513,32962721.87107233,4.747230408567043
2024-06-26,525.0,527.8499755859375,515.0,517.75,502.94903564453125,6268773,6.249492500275694,-0.0028929624805282828,493.2749969482422,483.8669970703125,67.37637663199882,4.784822917963424,16.321750767502643,516.1783251750569,449.4016675007244,0.1289747130358909,490.04996468323606,486.8429744230223,0.04026846909605308,0.02153560992407658,0.17280365253336905,828387637,83.60392923882392,90.3873672185256,495.8749938964844,467.9050018310547,481.8899978637695,26910453.103776284,2.4818880899927573
2024-06-27,518.0,522.0,510.25,517.5499877929688,502.7547912597656,3845267,6.249106115243571,-0.00038638503212240494,497.2399963378906,484.5719970703125,67.22071192257437,4.757467313807046,17.01872445940887,521.2708235805798,448.9591690952015,0.13971916953131971,492.6690145032106,489.0975967332636,-0.00288878189696673,0.021422591297202007,0.15936460290404258,824542370,82.1645138771824,87.79690864062728,498.5216603597005,469.93666890462237,484.2291646321614,22956231.183337614,2.27031210069321
2024-06-28,518.0,547.5999755859375,516.5499877929688,541.9000244140625,526.4087524414062,11400917,6.295081527624776,0.04597541238120417,503.75999755859374,485.9439978027344,74.84143498826208,6.006727625818557,18.84902159942685,531.5741428669467,446.2708522502408,0.15741518134999405,497.35768211376785,497.0492653155113,-0.00038631039503866926,0.023011493449742737,0.27114487184488856,835943287,92.45039274724199,86.07294528774946,502.67249247233076,472.4425028483073,487.55749766031903,59335733.366296574,5.729836942993685
2024-07-01,543.7000122070312,549.5,534.5499877929688,545.9000244140625,530.2943115234375,3427707,6.302435853510302,0.007354325885526869,510.7049987792969,487.3109985351563,75.8352906027605,6.678275429006056,20.6206675583967,540.7005751584891,445.38442240010465,0.17460367923722162,501.98076233284354,500.6764681259733,0.04704866620697179,0.02281846552870494,0.3365527641180057,839370994,95.34886838524542,89.98792500322328,506.5258270263672,476.2058349609375,491.36583099365237,52817889.74253993,2.7385989262553574
2024-07-02,547.4500122070312,550.1500244140625,533.8499755859375,535.5,520.1915893554688,2740659,6.283200889887803,-0.0192349636224991,515.775,488.55699829101565,68.2825242845574,6.0183235206888455,22.194633693062542,546.4175684290504,445.5524297398948,0.18835693499375467,505.1730706820965,502.779326385809,0.007381435356687893,0.023102912081030838,0.29382426364461567,836630335,81.22995390497833,89.6764050124886,510.0416631062825,479.15666554768876,494.59916432698566,41200631.13494564,3.043893338585434
2024-07-03,538.0,539.6500244140625,528.5999755859375,534.7999877929688,519.5115966796875,2004346,6.281892822402374,-0.0013080674854295538,520.7899993896484,489.7849981689453,67.79311050666792,5.163724299559583,23.115877861997237,548.9160959064311,451.3939016521626,0.18235264861677825,507.99468183551295,506.2341382820103,-0.019051152132160576,0.01860069961836149,0.30753417212952094,834625989,80.33307748882423,85.63729992634933,512.3116658528645,485.08666280110685,498.69916432698574,35114388.59179422,2.0662021466617317
2024-07-04,533.4000244140625,534.5,522.9000244140625,528.5,513.3917236328125,2987714,6.270042805310292,-0.011850017092081444,524.2350006103516,490.7539984130859,63.389558513372464,3.8627768855113516,23.408012981552826,551.282717048674,454.8622811202713,0.18244169522876585,509.9475692797498,508.3600325754537,-0.001307212338060193,0.017426551766749662,0.2811314750636231,831638275,72.2613461435448,77.9414591791158,514.8408320109049,489.0558314005534,501.9483317057292,27409109.974554785,2.194886582012772
2024-07-05,525.0,532.5,521.0,524.3499755859375,515.20947265625,2008857,6.26215935371979,-0.00788345159050241,526.4649993896485,491.512998046875,60.59723334403636,2.4786664747549594,23.492777857163418,552.4366795334017,459.0433161941374,0.1781126493519933,511.3192270231963,510.02006476291064,-0.011780082155513405,0.017681132366898895,0.26424069668220174,829629418,64.72995185608558,72.44145849615154,517.8049982706706,491.64499766031895,504.7249979654947,22302550.607566908,2.1931916726322465
2024-07-08,527.0999755859375,533.5,520.0,522.3499755859375,513.2443237304688,2084124,6.258337814544619,-0.003821539175170585,528.7849975585938,492.2289978027344,59.2428297856439,1.2465486166404833,23.57148809880183,553.824367183152,461.385627323684,0.17696706074462132,512.3697745053621,511.7457615909274,-0.007852458683183516,0.016826904606593314,0.21412949200646614,827545294,60.56732369613163,65.85287389858735,519.893332417806,494.02832997639973,506.96083119710283,18521007.949343067,2.584474132473462
2024-07-09,524.5499877929688,541.7999877929688,522.5499877929688,536.9000244140625,527.540771484375,4915377,6.285811902900794,0.027474088356174597,530.55,492.98099853515623,65.31633502945458,1.2276307158685427,24.15192180266526,556.9906628386577,463.194334719936,0.1746998022976156,514.7059887823812,513.8715306926662,-0.003814246387186526,0.017664116956751418,0.22045326355070913,832460671,80.14982180942867,68.4823657872153,522.922499593099,495.7974965413411,509.35999806722003,26092146.15067157,3.585397490158096
2024-07-10,542.3499755859375,542.4500122070312,518.4500122070312,527.8499755859375,518.6484375,3199536,6.268812106183808,-0.016999796716985927,531.5599975585938,493.6899981689453,59.3883412656521,0.4612136353725411,24.24201221611509,557.9768512872962,466.8581432195398,0.172622359159173,515.9577970493865,515.3754352201141,0.027854981350011077,0.017946186984444428,0.22973341268347502,829261135,63.886578449905485,68.20124131848861,526.0591659545898,497.2941635131836,511.6766647338867,18228131.4109551,4.546746445021411
2024-07-11,530.0,532.4000244140625,525.5,526.4000244140625,517.2238159179688,1190567,6.266061426390404,-0.0027506797934035987,532.4450012207031,494.3249987792969,58.47269821602499,-0.24957532166608232,24.32566760003279,557.8883210614024,471.7966764971913,0.16354794941364217,516.9522948936414,516.5678757013936,-0.01685611550865851,0.01781816675766019,0.23386755835521347,828070568,61.538480546597974,68.52496026864405,528.3575002034506,499.86749776204425,514.1124989827474,15377503.492697844,1.3107948506922922
2024-07-12,527.0499877929688,527.6500244140625,518.0,518.7999877929688,509.7562561035156,1113874,6.25151842891293,-0.01454299747747445,530.1349975585938,494.4989984130859,53.791216170674915,-1.280152169972677,23.579838422235756,556.2842643801667,477.6107307370208,0.15164521105297568,517.1282656459582,517.4653808243537,-0.002746900140073838,0.018276228794850066,0.23932508365319627,826956694,41.7285762987409,55.717878431748126,530.7141693115234,501.8441619873047,516.279165649414,11971362.537843272,1.8600664304397436
2024-07-15,525.0,547.9000244140625,522.5,539.75,530.341064453125,9379442,6.291106069394917,0.0395876404819866,529.5199951171875,495.02699890136716,62.664848399285184,-0.6322261880344833,24.18469268891517,555.9355886488052,484.28940524767927,0.1327395709145454,519.2827165368193,520.4763220324788,-0.014437758868938833,0.019912198962102824,0.2526986057412367,836336136,73.93479185341782,59.067282899585564,534.672504679362,503.9674936930338,519.3199991861978,38332514.23174304,4.705886876157943
2024-07-16,542.7000122070312,553.9000244140625,540.0,550.4500122070312,540.8545532226562,5548382,6.31073614769287,0.01963007829795327,531.0149963378906,495.98499938964846,66.23159392147177,0.38109741651494033,25.05241288754709,557.6714178737284,489.1185784641623,0.12453962737634114,522.2510304101728,523.6052550538923,0.04038167444096308,0.01998603417322745,0.26562943343388834,841884518,92.09619638627332,69.25318817947735,538.0166737874349,507.086659749349,522.551666768392,41337548.645675816,2.525211028396621
2024-07-18,550.4500122070312,555.1500244140625,544.9000244140625,549.9500122070312,540.3632202148438,5415470,6.3098273871997455,-0.0009087604931243831,532.5299987792969,497.32999938964844,65.91470508971322,0.8546978623182024,25.921594810456863,557.8534392083644,495.466558960581,0.11344100166016108,524.8890286765403,526.643460593749,0.01982401520524557,0.01999731013137654,0.25565361360490557,836469048,86.52847856577006,84.18648893515375,541.3400080362956,510.31999460856116,525.8300013224283,35045365.26772213,1.8638057591571322
2024-07-19,538.0,538.0,501.54998779296875,525.5999755859375,516.4376831054688,13115529,6.264540420720509,-0.045286966479236135,532.2399963378906,498.2749987792969,52.692477138965444,-0.5588182780019242,24.768864809521762,555.6349226622182,500.8400742860241,0.10425199946995604,524.9567379060068,527.5244814281256,-0.0009083476953615222,0.02272338276413928,0.24477522627023596,823353519,44.869349554705565,74.49800816891631,544.0675084431966,510.65249379475915,527.360001118978,-15584488.549812041,6.934934151470777
2024-07-22,524.0,528.75,519.6500244140625,525.4000244140625,516.2412109375,1510500,6.264159923719011,-0.0003804970014984477,532.3450012207031,499.1989990234375,52.599170994405405,-1.5385679889212973,23.69847266579631,554.0954786058013,504.7145220045503,0.09398735117365424,524.9989556686787,529.0454935597563,-0.04427681803910399,0.022531523965984058,0.23618796225858726,821843019,44.49630657846941,58.63137823298169,544.9333419799805,512.2633285522461,528.5983352661133,-13401279.649141349,1.732008976605205
2024-07-23,525.4000244140625,526.2000122070312,500.5,518.5999755859375,509.55975341796875,2977480,6.251132826027697,-0.013027097691313827,531.9700012207031,499.9999987792969,49.39568103469036,-2.612777312261663,23.666601521133654,551.498894469404,509.25610430989275,0.08145544185917766,524.389528994132,529.71466899553,-0.00038042462169463054,0.02272645511678209,0.22575006028590552,818865539,33.11979414464823,40.82848342594107,546.5341756184896,512.5541615804037,529.5441685994467,-14379241.039944818,4.955652413595706
2024-07-24,518.5499877929688,541.0,516.3499755859375,539.25,529.8497924804688,2424545,6.290179285269266,0.03904645924156913,532.2049987792968,501.16999877929686,57.80076840731925,-1.9321256689591966,22.663983065649067,552.1883940123678,510.566604766929,0.07718458830864863,525.8048119470718,531.4692844398971,-0.012942612318506352,0.02268695359036364,0.18240209472327182,821290084,70.90573227635902,49.50727766649222,547.5341766357421,513.5541595458984,530.5441680908203,-5172647.5423822515,4.571168180632823
2024-07-25,535.0,541.5,531.25,537.0,527.6389770507812,1848936,6.285998094508865,-0.004181190760401243,533.1200012207031,502.3529986572266,56.69579424354767,-1.6442644071814314,21.701617894105603,552.304178929455,512.375819849842,0.07435448618177481,526.871020333065,532.4327307829753,0.039818791720402924,0.022703721205784563,0.23793909058497925,819441148,66.78862524095753,56.93805055398826,548.223344930013,514.5033253987631,531.3633351643881,-5027998.750613359,1.9087523277467413
2024-07-26,544.2999877929688,558.5,532.5,550.4000244140625,540.805419921875,5476585,6.310645330976078,0.024647236467212785,535.5200012207031,503.8779992675781,61.42542674381356,-0.6151911019603684,20.492480804509732,554.2127070478333,513.752295393573,0.07351091907623564,529.1118778645886,534.1006477876032,-0.004172461752433909,0.023259682797506648,0.24670904036007313,824917733,86.03452485183189,74.5762941230495,550.4625122070313,515.3174926757813,532.8900024414063,6174054.3145726165,4.723836999767348
2024-07-29,557.0,564.5999755859375,546.0,551.75,542.1318359375,2850913,6.313095045136846,0.002449714160768224,538.8150024414062,505.4309991455078,61.87716566371243,0.05691000916676359,19.690030984575973,555.8967267158508,513.0532732841492,0.07765011949560782,531.2678894965326,534.6624410923678,0.02495349052898055,0.020862785458401496,0.1654449455866489,827768646,79.95322858007987,77.59212622428977,550.7783447265625,516.8783264160156,533.828335571289,5841855.5478667915,3.371087555222021
2024-07-30,551.0,568.0499877929688,543.6500244140625,559.6500244140625,549.8941650390625,3711263,6.3273116319590805,0.01421658682223459,540.8050048828125,506.8609997558594,64.49736408130448,0.8879143185766729,19.12562910840729,558.7771116793382,511.5478883206618,0.08439063932521763,533.9709499648687,535.3639645276425,0.002452717162166884,0.021029577566190893,0.15671527023063503,831479909,87.56481880551783,84.5175240791432,551.9408426920572,517.0958292643229,534.5183359781902,9195743.084886797,4.359861040737434
2024-07-31,561.3499755859375,562.3499755859375,555.0,555.7000122070312,546.0130004882812,1230173,6.32022860225282,-0.007083029706260291,541.3300048828125,508.18900024414063,62.195587023495,1.0166880654843062,18.60154165196494,561.4292735656418,510.9157276550614,0.09090074644763743,536.0403844641223,535.5667506507032,0.014318123088468582,0.02058029722747107,0.17573904844975996,830249736,81.71727932240573,83.07844223600114,552.3858388264974,518.4358327229818,535.4108357747396,7187894.306080076,1.3226516869679674
2024-08-01,556.4500122070312,560.0,545.5499877929688,551.5999755859375,541.9844360351562,1683013,6.312823101658699,-0.0074055005941211505,541.4950012207031,509.5689996337891,59.80961007479017,0.6866753223036213,17.46514720020687,563.1335034790841,510.891496520916,0.09470995154173813,537.5222502852475,535.9784335962524,-0.007058004171744292,0.020677018811568696,0.16955053224031172,828566723,75.64764592193823,81.6432480166206,553.4575032552083,519.167500813802,536.3125020345052,5175278.70038623,2.6196542506517906
2024-08-02,544.9500122070312,551.9000244140625,535.5,536.6500244140625,527.295166015625,2286266,6.285346158420987,-0.027476943237711993,542.6000061035156,510.4870001220703,51.9793805313958,-0.6075773625870795,16.65066796634543,563.2497580959605,511.5902443454459,0.09626294866364471,537.4391811546585,536.4411281542891,-0.007378147437517524,0.021473274232982353,0.14597823015888228,826280457,53.51595995081044,70.2936283983848,554.333339436849,519.5633321126302,536.9483357747396,-446841.83765722625,3.0559999381289042
2024-08-05,527.9000244140625,536.5499877929688,519.0,523.7000122070312,514.5708618164062,1741274,6.2609190245946476,-0.024427133826339542,542.4300048828125,511.2920001220703,46.32211004897176,-2.3093338738927525,16.77325470783408,563.2845032911548,511.4905028123607,0.09890013227328066,536.1306888739321,536.4902421143313,-0.027102885847655078,0.022124484872311313,0.14691341985524495,824539183,34.34495395933459,54.50285327736109,554.6591725667317,519.2841664632163,536.971669514974,-3604367.2259613555,3.3511528325171813
2024-08-06,523.9500122070312,532.5,512.7999877929688,515.3499755859375,506.3663635253906,1205402,6.244846234109049,-0.016072790485598176,542.1050048828125,511.9659997558594,43.06729493290728,-3.8784738660506815,17.180595970612398,563.9088576566829,510.16614844683266,0.10428390754990607,534.1515733226945,536.5416037855274,-0.024131205847182535,0.02240394833343041,0.1550741097235297,823333781,21.9836835965842,36.61486583557642,554.7158396402995,518.7208323160808,536.7183359781901,-4527336.314129683,3.822647354282481
2024-08-07,520.25,526.9500122070312,515.25,520.2000122070312,511.1318664550781,1817252,6.254213376480585,0.00936714237153602,540.2000061035156,512.8309997558594,45.46425374583163,-4.4309978189322,17.558841428906554,564.058870362235,508.3461345205776,0.1070986823035379,532.8228532164409,536.3281314033854,-0.015944312443118225,0.02154109491762831,0.12334784879578994,825151033,29.16360587274868,28.49741447622249,553.690840657552,518.4508321126302,536.0708363850912,-2621468.4478603206,2.249137241922023
2024-08-08,509.0,516.2000122070312,505.0,511.5,502.58349609375,6058675,6.2373475853916815,-0.016865791088903848,537.6500061035156,513.5819995117188,42.044699242741544,-5.171995635406292,18.397463638465123,565.0732808287495,505.6967264954693,0.11608319517747837,530.7921052910656,534.5029671445735,0.009411151355114278,0.021536125597462433,0.14145451110559737,819092358,16.284236843555707,22.47717543762953,552.1166748046875,518.1566650390625,535.136669921875,-9777051.02079957,2.18964070518695
2024-08-09,510.0,510.0,489.70001220703125,491.8500061035156,483.27606201171875,4084029,6.19817380436807,-0.03917378102361191,531.7950042724609,513.9979998779297,35.54231770189358,-6.679295114281241,19.802144236429804,568.7626305135972,498.552374979567,0.14274729015506732,527.0833339398704,532.5846680936327,-0.016724359867121286,0.023079363337440737,0.10504362577156987,815008329,2.7440900656391047,16.063977593981168,551.2408391316732,515.9408330281576,533.5908360799154,-19844778.72112323,4.12727204250484
2024-08-12,491.8500061035156,497.3999938964844,487.20001220703125,493.5,484.89727783203125,1950474,6.2015228588735365,0.003349054505466853,525.970004272461,514.5529998779297,36.43133233457125,-7.213343575101882,21.200926473345195,571.1783894105511,493.6066173033161,0.15718697488801409,523.8849211836923,531.7273267643035,-0.03841641035480814,0.022963406446557765,0.12208140940136694,816958803,7.792195046827605,8.940173985340811,549.8291702270508,514.4741683959961,532.1516693115234,-16550057.447355418,2.066865590568009
2024-08-13,495.75,495.75,482.79998779296875,485.3999938964844,476.9384765625,1443176,6.184973280718303,-0.01654957815523339,518.5450012207032,514.9909997558593,33.95544253581946,-7.715163003127288,22.668156668064366,573.328621035119,486.0213850683966,0.1798665782128983,520.219690013482,530.1197125981296,0.0033546688543439895,0.02082678844590065,0.07447719781891197,815515627,3.049860531983138,4.5287152148166205,546.7700022379556,512.6600016276042,529.71500193278,-15855725.584654255,2.667905308996141
2024-08-14,483.0,489.29998779296875,477.1499938964844,486.3999938964844,477.9210510253906,1512958,6.187031318103611,0.002058037385308076,511.61499938964846,515.1859997558594,34.54684911507998,-7.572150146788432,24.2429320354555,572.8712025165096,480.0738017559513,0.1907841322471468,516.998766573768,527.4900532432475,-0.016413386227995153,0.020073725360534304,0.048012018947232726,817028585,10.176018285032855,7.006024621281203,543.4908330281576,509.55583546956376,526.5233342488607,-13374485.07256079,2.497942855457793
2024-08-16,490.0,491.54998779296875,480.04998779296875,485.1499938964844,476.6928405761719,1682594,6.184458108890631,-0.0025732092129802098,504.9700012207031,515.8609997558593,34.13536940931253,-7.158797159050938,25.483851148562078,571.6279577726186,474.8370446687877,0.19950719225296543,513.9655501283123,524.3154818506291,0.00206015659780423,0.02005508665940556,0.04913858110122102,815345991,8.800880678947335,7.3422531653211145,540.3324981689453,506.2725006103516,523.3024993896485,-11764307.562194964,2.3704009367572483
2024-08-19,486.6000061035156,488.79998779296875,482.20001220703125,483.0,474.580322265625,1262033,6.180016653652572,-0.0044414552380587224,499.60499877929686,516.1179998779297,33.39851940687265,-6.638788022084546,26.63613318216104,572.5474485448857,469.65755633792685,0.2130225511531239,511.0164501160921,523.9882890342299,-0.0025699013480374733,0.0179244557752656,-0.044499085176421184,814083958,6.43565071101933,8.470849891666512,536.9874969482422,505.9125030517578,521.45,-10471315.517190237,1.3664545726578674
2024-08-20,485.0,499.8500061035156,483.6499938964844,499.04998779296875,490.35052490234375,3164460,6.212706266672058,0.032689613019485364,497.13999633789064,516.6789996337891,43.247313725712715,-4.9025771615524185,26.606378916006037,572.065094113839,467.504907106864,0.2095184642111481,509.8767870376994,522.0990253721096,-0.0044316065619556255,0.01976875211630456,0.005631038544302856,817248418,25.704223712521486,13.646918367496056,535.821664428711,504.0366668701172,519.929165649414,-1719764.1045433627,3.2461702441222857
2024-08-21,500.95001220703125,508.5,500.04998779296875,506.25,497.4250183105469,2794620,6.2270306184207485,0.014324351748690844,496.22999877929686,517.1029998779297,47.031398849108214,-3.0487004663908035,25.82182177121365,571.7796805466944,466.5553231154149,0.20785058258030517,509.5313787483947,521.5588529339105,0.03322978839123958,0.019945939193329338,0.007441164434007214,820043038,35.1237223412598,22.421198921600208,534.4508310953776,504.3908335367838,519.4208323160807,1400387.6409647847,1.6691382137345678
2024-08-22,500.5,510.8500061035156,500.5,507.6000061035156,498.75152587890625,1146477,6.229693747864495,0.0026631294437464703,494.9699981689453,517.5120001220703,47.73507365157588,-1.5846415031896788,24.89530244615022,569.5861960937749,465.5838081786862,0.20489043866141987,509.3474384965014,520.6748033947471,0.014427436896397916,0.017525996903888178,-0.026150095672565505,821189515,40.735785652783996,33.85457723552177,532.4416641235351,503.8116683959961,518.1266662597657,1421439.5419041417,2.0390082701072574
2024-08-23,507.6000061035156,511.75,501.6000061035156,508.6000061035156,499.73406982421875,1160888,6.23166186498864,0.001968117124144797,494.67999877929685,518.0570001220703,48.28314182218737,-0.46038598577328393,23.956038437002118,567.5149408913061,464.8150639915064,0.2019266135810803,509.2762544590742,519.7440367260564,0.002666678722993865,0.017555829803102503,-0.022071045323945368,822350403,52.94615393705055,42.93522064369812,530.9733306884766,502.35333557128905,516.6633331298829,1384217.893060693,1.995673176303215
2024-08-26,510.0,511.29998779296875,501.04998779296875,502.45001220703125,493.6912841796875,1014998,6.219496156789984,-0.0121657081986557,495.73999938964846,518.5480004882812,45.14756167374166,-0.06329461105117229,23.12422719638551,562.9308722162727,464.6041314458367,0.19569457335373924,508.62613614935583,515.9762476896487,0.001970055137856086,0.016416804555753138,-0.08829014916300501,821335405,45.70915179888284,46.463697129572466,528.075830078125,501.0308349609375,514.5533325195313,294725.12191718724,2.0400039309336417
2024-08-27,503.8999938964844,512.0,503.0,504.3999938964844,495.6072692871094,2140553,6.223369591990218,0.0038734352002336436,496.8299987792969,519.1020001220703,46.33752510213743,0.37427396061161033,22.282042985306564,557.4828916740042,465.3171113777536,0.1827235951853826,508.2236464109871,512.9804475491007,-0.012092005156666641,0.016451337122001777,-0.09871178817032832,823475958,54.71885538288822,51.124720372940544,525.2133316040039,499.12833404541016,512.1708328247071,848912.8409724397,1.7842981976417365
2024-08-28,504.6000061035156,506.3999938964844,496.0,497.5,488.82757568359375,1022790,6.209595556598647,-0.013774035391570294,498.0399993896484,519.5229998779297,42.79936215725911,0.2486369747669821,22.042520318437514,549.0114832959059,467.57351731444567,0.1636944039828347,507.2023467527979,508.5967272131422,0.0038809466455931307,0.015963430989938028,-0.15190487541673214,822453168,52.11266725070745,50.846891477492846,521.6558324178061,496.9708318074544,509.3133321126302,-280538.2445072307,2.090451034469221
2024-08-29,497.5,500.5,485.0,492.3500061035156,483.767333984375,2589238,6.199189858090512,-0.01040569850813533,498.63500061035154,519.6740002441406,40.324469596055074,-0.11230602729399308,22.553269805096306,540.0426392443036,470.2073607556964,0.14184071823475197,505.7878381195329,506.1599854444963,-0.013679607414706751,0.015994626826730234,-0.1263150268290974,819863930,43.615522367147854,50.149015000247836,518.8100006103516,493.30999755859375,506.0599990844727,-2145398.4805126847,3.148166915375473
2024-08-30,495.75,498.70001220703125,491.6000061035156,492.8999938964844,484.3077087402344,2065720,6.200306301328464,0.001116443237951792,499.4100006103516,519.8390002441406,40.718715940465295,-0.23779756970844446,23.027537185565183,530.1666007016958,474.21340112935894,0.11351836126029195,504.5604243840045,503.7376334719235,-0.010351746525596783,0.01606627541321667,-0.14973985869257328,821929650,45.193679315915986,46.9739563112571,515.5433344523112,490.778332010905,503.1608332316081,-1676610.0141978145,1.4404557093597208
2024-09-02,494.04998779296875,500.25,492.79998779296875,499.3500061035156,490.64532470703125,1146829,6.213307264912064,0.013000963583600367,501.0450012207031,519.9450006103516,45.28409792281725,0.16793353868456773,23.280867100669116,523.4094469749291,477.2405530250708,0.0924579821478713,504.06419407157694,501.46510784036815,0.0011170666926998418,0.01573016563781502,-0.08475297432283481,823076479,63.70160206311051,50.83693458205812,512.9016662597656,489.0316650390625,500.96666564941404,-380371.29082992114,1.491941947726112
2024-09-03,500.0,503.95001220703125,497.70001220703125,502.8999938964844,494.1334228515625,1304842,6.22039133104128,0.007084066129215749,501.4300018310547,519.9620007324219,47.67267394138255,0.6999000803461541,23.068298360459256,519.7938548326306,478.77614333631476,0.08156236228700135,503.95331786442523,500.39578699627947,0.013085843552243626,0.01511017654255643,-0.044375313211366646,824381321,73.88807888157693,60.927786753534484,511.09166717529297,488.3516647338867,499.72166595458987,335706.48953905754,1.2427918225997203
2024-09-04,500.1000061035156,509.70001220703125,500.1000061035156,508.70001220703125,499.83233642578125,2143460,6.231858475825242,0.011467144783962269,501.6750030517578,520.1530010986328,51.40519715014042,1.4250984581387574,22.213119577216,518.6065779579736,479.29842387308116,0.07727177735725077,504.40538399229246,500.1181783754246,0.007109217481881425,0.015016377184641369,0.019034166170001622,826524781,89.67140365523078,75.7536948666394,509.8841679890951,488.1541661580403,499.0191670735677,2063763.7407370214,1.8871645121189038
2024-09-05,512.9000244140625,515.5,509.1000061035156,512.0,503.0747985839844,1525806,6.238324625039508,0.006466149214265471,502.11500244140626,520.0080010986328,53.44014482687362,2.0706005152395583,20.809827689998546,516.6909559321377,480.39404467821385,0.07089240479282011,505.1286807549313,499.65354768200143,0.01153314452364218,0.014928351155194891,0.02248140335492449,828050587,89.48948563657125,84.34965605779298,509.1891667683919,487.9891667683919,498.5891667683919,2488246.231265801,1.2499988079071045
2024-09-06,512.0499877929688,513.9000244140625,499.75,507.75,498.89886474609375,2354990,6.229989200460494,-0.008335424579013484,502.0300018310547,519.8080010986328,50.50672699173612,2.145770277817425,20.325234566913988,516.0355564927388,480.67444411761284,0.06964276194017917,505.3783302068426,498.30663951843326,0.006487099889483927,0.014566538562886814,0.006951203979314504,825695597,75.66719461587623,84.94269463589275,509.14833424886075,487.65333302815753,498.4008336385091,702967.1267992582,2.7868093380723784
2024-09-09,507.0,513.0,499.1000061035156,512.3499755859375,503.4186706542969,2001905,6.239007937594584,0.00901873713408996,503.01999816894534,519.7040008544922,53.48297754783385,2.4194204064245852,19.928851939797614,517.7948964527259,480.9651011058679,0.07188405797177681,506.042296433423,498.9923258220206,-0.00830078125,0.011585775400453743,0.1494364733232074,827697502,89.67205110143442,84.94291045129397,509.37666727701827,488.5216654459635,498.9491663614908,1918073.8408802513,2.712988105559673
2024-09-10,514.8499755859375,520.9000244140625,512.6500244140625,518.6500244140625,509.60888671875,1291556,6.2512293289501635,0.012221391355579314,504.44500122070315,519.2390008544921,57.272655372386744,2.9061093454588844,18.720266202326094,520.6408777024424,480.63412229755767,0.0771363222243781,507.2430324315792,500.0290729730651,0.009059528480428458,0.011806867652420783,0.1559536799097032,828989058,93.73259479144352,86.35728016958473,510.51416931152346,489.8541656494141,500.1841674804688,2806472.70136276,1.5906680057174045
2024-09-11,523.0,526.2999877929688,515.0999755859375,523.6500244140625,514.521728515625,2109435,6.260823568842017,0.009594239891853817,507.06000366210935,518.7940008544922,60.054117644549954,3.4112241551181666,17.684519726040538,523.6446313802096,481.45537167154816,0.08056766493206804,508.80560309657756,501.8086786502986,0.012296377726807028,0.011014690211033405,0.20875302182427544,831098493,93.58362188340065,92.32942259209288,512.1116694132487,491.62666575113934,501.86916758219405,3912287.315453794,2.138835421532442
2024-09-12,525.0499877929688,528.5,515.7000122070312,518.0499877929688,509.0193176269531,1652747,6.250071739134338,-0.010751829707679406,509.6300018310547,518.4450006103516,55.68203917925755,3.2171645471226187,16.927102697784175,524.8894651876427,483.37553725376364,0.08013498487035872,509.68602068671004,503.43394376273244,0.009640412155863087,0.01148343949563028,0.15630774354805949,829445746,75.97698343211206,87.76440003565209,513.9675028483073,493.4174997965495,503.6925013224284,2031182.881045705,2.4708016783284013
2024-09-13,520.7999877929688,531.3499755859375,517.0,526.7000122070312,517.5185546875,1926342,6.266631149665784,0.01655941053144616,513.0100036621094,518.2830010986328,60.46933659667551,3.4971219204742945,16.48929048402262,527.2665665870031,485.1534376854578,0.07995657475890057,511.3064008315026,505.4331527700184,-0.010694235386238926,0.01177665508327137,0.179480021692512,831372088,89.96771126602914,86.50943886051395,516.0816685994466,495.2466679890951,505.6641682942709,4121428.9451583168,2.7245064084594937
2024-09-16,529.7000122070312,534.0999755859375,519.0999755859375,526.3499755859375,517.1746215820312,2222664,6.265966344313629,-0.0006648053521551844,515.7100006103516,518.2400006103516,60.18601020688413,3.4771746086489275,16.33704012562441,528.3266755579712,488.4283262730835,0.07580194003138781,512.7391222366869,507.41979953719687,0.01669727751739547,0.011661190764606647,0.1987725746124381,829149424,84.21587809868556,83.38685759894226,518.5941685994466,496.91916554768875,507.75666707356766,3421508.5535090263,2.849814894225437
2024-09-17,527.9000244140625,527.9000244140625,515.0499877929688,518.25,509.2158203125,1558438,6.2504577513158885,-0.015508592997740323,517.2450012207031,518.1180010986328,53.89325096593732,2.767790337561989,15.70940396850511,529.246693163198,489.42830988855985,0.07683238451449707,513.2639677379548,509.18572318718276,-0.0006645844180389604,0.01031889145939719,0.104529587114949,827590986,67.71897460886514,80.63418799119329,519.7375035603842,498.39749806722,509.06750081380204,1129391.652693842,2.4795053779245055
2024-09-18,518.25,521.0,507.6499938964844,510.8999938964844,501.99395751953125,1013982,6.236173864390157,-0.014283886925731792,517.4649993896485,517.8890014648438,48.897290119615015,1.7050203789726521,14.853517437491556,529.4381020500803,489.701900391326,0.07777686853291567,513.0388273721004,509.66297922051405,-0.015388954045111425,0.010478491261608902,0.05540299398267953,826577004,45.411768591860486,65.78220709980373,520.3950032552083,498.5649983723959,509.4800008138021,-96631.99609884678,2.6130370450191327
2024-09-19,512.7000122070312,519.8499755859375,505.6499938964844,518.4500122070312,509.4123840332031,1819180,6.25084361454953,0.01466975015937333,518.1100006103516,517.5200012207031,53.65037785290536,1.4234659376464864,14.262418886200008,530.3253426698878,489.8996603818699,0.07797411772820027,513.5541783087605,510.0419085200991,-0.014182356205529434,0.010949108875361347,0.08466176447724387,828396184,62.10661500105666,58.41245273392743,521.0041681925456,498.78916575113936,509.8966669718425,1879292.9047982262,2.7389297627757956
2024-09-20,518.4500122070312,521.5999755859375,512.7999877929688,515.5999755859375,506.61199951171875,1691024,6.245331223714251,-0.005512390835279213,518.8949981689453,517.2750012207031,51.69570760206556,0.979370220819967,13.506863802382867,530.8004914744996,490.12450852550035,0.07889058354351998,513.7490161446821,510.4571611286695,0.014777879038449626,0.011045312277101958,0.05286256258316309,826705160,49.175773042890654,52.23138554526927,521.4041666666666,499.3241648356119,510.36416575113924,922325.3002344172,1.7067471314303844
2024-09-23,516.9500122070312,522.9500122070312,515.7999877929688,520.0499877929688,510.98443603515625,848202,6.253924937326339,0.008593713612087939,519.6649993896484,517.1480004882812,54.4841327183117,0.9203168918934188,12.641916941881249,531.7405452083087,490.94445235028496,0.07844648363738572,514.3491086826141,510.84524606392574,-0.005497225487489543,0.010745972146069763,0.0791970699529338,827553362,59.8571427325812,57.04651025884284,521.9825012207032,500.2124969482422,511.09749908447264,1329780.1507764035,1.3748725280056955
2024-09-24,520.0,530.5,517.6500244140625,528.6500244140625,519.4345703125,1633423,6.270326633360437,0.016401696034098023,520.6649993896484,517.3450012207031,59.36600653003485,1.3684436198094643,12.488418779133783,534.0135667118376,491.0964338985139,0.08118250417351548,515.7111006570377,511.8320039564856,0.008630745573589671,0.011237724792442096,0.15813782341746976,829186785,84.42869736040157,64.48720437862448,523.1316675821939,500.97666575113925,512.0541666666666,3146596.9317707485,2.430715027428585
2024-09-25,535.0,549.2999877929688,535.0,544.5499877929688,535.057373046875,7034413,6.299959743104964,0.02963310974452682,522.754995727539,517.4410009765625,66.51648734988265,2.5737147499787247,13.875389985028388,539.3561867096098,490.4588126800386,0.08979409627341943,518.4576613366502,517.6173346305719,0.01653694226124558,0.012161678243470725,0.2116830819897898,836221198,90.53784515423845,78.27456174907375,525.4758336385091,502.9308324178061,514.2033330281577,18675212.95467522,2.6260193028239365
2024-09-26,545.0,584.9000244140625,537.4000244140625,564.25,554.4140014648438,3348655,6.335497415697645,0.0355376725926817,527.3749969482421,517.7170007324219,72.88348473981614,4.427011240975904,16.758129866305232,549.0182423655721,487.9867564137247,0.10816390952919334,522.8188364474454,522.875380485054,0.030076539571769034,0.013525137175633284,0.22175750024816743,839569853,75.9323776140452,83.6329733762284,530.5541676839192,504.80916646321623,517.6816670735677,25431403.157883935,8.418254319893665
2024-09-27,550.0,555.9000244140625,545.0,547.5499877929688,538.0050659179688,3442227,6.305453759427857,-0.030043656269788777,529.459994506836,517.6690002441406,62.10272656819184,4.256270034195361,19.434959756062305,551.8780735067047,490.5919246622405,0.11192795217016202,525.1741841946381,526.4506681782121,0.036176682854909936,0.015775717367812286,0.2020846567873881,836127626,52.870634399554845,73.11361905594617,533.4983352661133,507.37333221435546,520.4358337402343,13586169.43256158,1.9906902852829305
2024-09-30,547.5,551.0,538.5,547.8499755859375,538.2998657226562,1379284,6.306001482287995,0.0005477228601380446,531.609994506836,518.1140002441406,62.210859671000826,3.901051131307196,21.205324432227034,554.6657446214831,492.65425049570445,0.11319064869804185,527.3337833747619,527.8667739425512,-0.029596831558761583,0.01570271582230564,0.19658614412001477,837506910,53.24916774649433,60.684059920031466,536.1666676839193,509.53666585286464,522.851666768392,11704397.851200944,2.28164653774621
2024-10-01,548.9500122070312,552.1500244140625,546.2000122070312,550.75,541.1493530273438,1285872,6.311280985682452,0.005279503394457485,534.859994506836,518.6209997558594,63.30101286734926,3.605863322655555,22.897920392152148,557.6600636689958,494.4449320585433,0.11478008463087151,529.5638992438321,529.3438823505875,0.0005478728876935346,0.01569367864561116,0.19228348947421153,838792782,56.908503137436874,54.342768427828695,538.5608352661133,511.9608322143555,525.2608337402344,10565063.90008072,1.0803472005503858
2024-10-03,531.2000122070312,550.0,523.6500244140625,525.7999877929688,516.6342163085938,2536501,6.2649208890796695,-0.04636009660278262,536.3499938964844,518.765,49.95010697389208,1.5782333072819057,22.34671380559263,557.5000631430353,496.3149301430977,0.11636579387679437,529.205431486607,530.7341894630619,0.005293464530980119,0.01915075867410889,0.10101429930023544,836256281,25.425850015306917,45.19450696641271,540.7475001017252,512.4725001017252,526.6100001017253,14950.355333909392,5.011406656082442
2024-10-04,525.0,526.7000122070312,508.6499938964844,511.54998779296875,502.63262939453125,2664861,6.237445308462117,-0.027475580617552176,535.6599914550782,518.2109997558593,44.214334056540295,-0.7497135354544646,20.780903242615647,557.522016519843,496.2479755455868,0.11978114052668999,527.5239606586415,530.461179712407,-0.045301883262880205,0.020166668744348287,0.060376360310319656,833591420,7.44478438424793,29.926379178997248,541.5016677856445,512.0616653442382,526.7816665649414,-5412081.016856649,3.5284955021545152
2024-10-07,511.6000061035156,515.0,498.79998779296875,502.25,493.4947509765625,1811289,6.219098003695044,-0.018347304767073247,534.3249938964843,517.5159997558594,40.912440205554574,-2.826251363511611,19.862049261572377,558.0181401294406,495.2018519359893,0.12506976245585122,525.11691678639,530.6796400289867,-0.027101560157530624,0.020502753550734644,0.02999004018815392,831780131,4.006981114553937,12.292538504702932,541.5149998982747,511.8699986775717,526.6924992879233,-7045350.241525495,3.2254877465467895
2024-10-08,493.3500061035156,511.0,491.3999938964844,508.95001220703125,500.0779724121094,1904743,6.232349803883085,0.013251800188040619,533.2149963378906,516.6869995117188,44.14847338975066,-3.6088311278749945,19.423042038936778,558.1899787646628,494.69001696287637,0.12476659844534167,523.5772115883558,530.5376977062778,-0.01818001762270116,0.020628036358847714,0.02291529194935443,833684874,18.770066933023568,10.073944143941816,541.581667582194,511.3666651407878,526.4741663614909,-4215757.1568422355,3.851067026901399
2024-10-09,515.0,519.3499755859375,505.75,507.1499938964844,498.3093566894531,1901453,6.228806805787073,-0.0035429980960115515,531.0649932861328,515.7949993896484,43.45983536310321,-4.073585755527553,18.437987417333037,558.5609118860166,493.1690807897647,0.12893982427928252,522.0127146653205,530.065904152139,0.013339994439086622,0.020428912339342922,-0.025298435122416914,831783421,16.844914288064302,13.207320778547272,541.5166646321615,510.7666646321615,526.1416646321616,-4102456.165385386,2.68164758939412
2024-10-10,508.0,509.6499938964844,503.04998779296875,506.29998779296875,497.4741516113281,971249,6.22712935486559,-0.0016774509214831923,527.2399932861329,514.7279986572265,43.117807267977604,-4.244858453644321,17.68612146727554,558.7849085477263,491.21008046594545,0.13346796308715875,520.5162644870012,529.9400381952764,-0.00353672908414171,0.020277138868536805,-0.05237556647414256,830812172,15.93581714787051,17.183599456319463,540.5191640218098,510.2291646321614,525.3741643269857,-3634329.2243351093,1.3035761925031757
2024-10-11,507.0,510.95001220703125,501.25,505.04998779296875,496.2459411621094,914550,6.224657410105247,-0.002471944760342737,521.3199920654297,513.7149981689453,42.5870162435554,-4.239055751120345,17.100092201942413,559.1300531028144,489.5649359108574,0.13773907310829056,519.0432857542362,529.7745773493247,-0.0016760447870362016,0.020163666457001322,-0.03306622602438519,829897622,14.598919188500327,15.79321687481172,539.614165242513,509.6341634114583,524.6241643269857,-3278451.8351443796,1.9206043840174294
2024-10-14,505.0,506.6499938964844,500.29998779296875,503.54998779296875,494.7720947265625,565136,6.221682987852208,-0.0029744222530387887,516.9199920654297,512.7539984130859,41.92012441531452,-4.128862555674947,16.61796885994809,559.1047191708684,487.27526740139723,0.14264611957254855,517.5677335674488,529.6344110284895,-0.0024688920208134624,0.019726095160359346,-0.05056634394172487,829332486,12.994641637256109,14.509792657875655,538.1383331298828,508.9583282470703,523.5483306884765,-2931202.1444094684,1.2610478120250472
2024-10-15,507.29998779296875,518.7000122070312,505.8500061035156,515.0,506.0224914550781,2520223,6.244166900663736,0.02248391281152795,513.6349945068359,512.3209979248047,48.544019088545845,-3.1231658926267563,15.60514961544298,558.6779714319308,486.56701758174097,0.1400212696120191,517.3231875134061,528.7889987141781,-0.0029700030417877388,0.020492437125594055,-0.022214577759494897,831852709,25.240640000731116,17.611400275495857,537.3641682942709,508.39916280110674,522.8816655476887,1609910.1782834432,2.495146816216626
2024-10-16,515.75,522.9000244140625,508.45001220703125,518.7999877929688,509.7562561035156,1468467,6.25151842891293,0.007351528249193606,510.4399932861328,512.2229974365234,50.5592897257012,-2.089993645215075,14.95518591366683,558.692926092733,486.6070617002357,0.1389473132009089,517.4638351590787,528.6748013981663,0.022738581043792783,0.020275796310613776,0.012515005096175832,833321176,29.304796741572336,22.51335945985319,537.2600006103515,508.13499755859374,522.6974990844726,2177088.2491540145,2.7852761270298334
2024-10-17,521.9000244140625,521.9000244140625,502.6000061035156,504.25,495.45989990234375,1451399,6.223072176834322,-0.028446252078608403,508.2849945068359,512.0009979248047,43.52944466746214,-2.260049884986382,13.903929070491202,558.9064295809969,485.72855882232335,0.14512220279360155,516.2053746677379,528.3834534421876,0.0073786170737257795,0.021018490512984468,-0.004197514636890094,831869777,19.922480656832597,24.822639133045357,537.3775019327799,507.65749766031894,522.5174997965494,-1150758.3196861371,3.827470165700917
2024-10-18,495.0,510.8999938964844,494.95001220703125,505.75,496.9337463378906,1892408,6.226042476047855,0.0029702992135334227,507.7049957275391,511.71199768066407,44.38791887189683,-2.145927964922858,13.441810572883496,558.952349755793,484.4126374268242,0.1473845028748765,515.209624699382,527.8645650868468,-0.028045466721897894,0.020732356287901075,-0.023337494597194672,833762185,23.62139735775676,24.282891585387233,536.9258356730143,507.0308314005533,521.9783335367838,-580848.274016689,3.1537284605937965
2024-10-21,506.6499938964844,514.4000244140625,502.8999938964844,510.29998779296875,501.4044189453125,1264960,6.234998764148641,0.008956288100786303,508.50999450683594,511.68799743652346,47.01896974977028,-1.6601370398195254,12.733829147358739,558.9311472150367,483.9038411882836,0.14702588246424197,514.7420402321045,527.7501171266733,0.0029747149231531544,0.020821256226714796,0.00036419113227329733,835027145,31.111085435612463,24.884987816733943,536.6875055948893,506.52249704996746,521.6050013224284,324351.8449276593,2.2535823618799977
2024-10-22,512.5,513.0,493.45001220703125,497.1000061035156,488.4345397949219,1449912,6.208791225378872,-0.026207538769769556,507.3249938964844,511.7929974365234,40.96402114727878,-2.0958349428859555,12.734944193353934,559.2559050916601,481.28408514271484,0.15685338763143866,513.0618465055722,526.9874298940243,0.008996515655894655,0.02146078263346213,-0.025428581220838194,833577233,9.726982275329977,21.48648835623307,536.3866709391276,504.981666056315,520.6841684977214,-2456100.1116789146,3.932807795801491
2024-10-23,497.0,505.45001220703125,490.0,493.79998779296875,485.1920471191406,1457774,6.202130552190481,-0.006660673188390476,505.9899932861328,511.7989971923828,39.59135347675561,-2.4496948207075873,12.961665708107802,558.9483196675704,478.10666690469503,0.1637133551262241,511.2273837710386,525.9623809406628,-0.02586710171509632,0.021026543006934916,-0.0716720673806292,832119459,10.354186727602018,17.064084812848158,535.0575052897136,503.3924967447917,519.2250010172527,-2792468.7946732356,3.1287996332452
2024-10-24,498.0,498.0,483.20001220703125,487.5,479.00189208984375,1335924,6.189290290437902,-0.012840261752579352,504.10999450683596,511.84099731445315,37.03960858609308,-2.919577984124506,13.600935032881354,556.3984910220889,474.9514967708797,0.16707075743837788,508.9676329357016,521.2355187369582,-0.006638540072477217,0.01959200164086585,-0.16527782675099154,830783535,10.831200178339445,10.304123060423818,532.4133392333985,500.6983306884766,516.5558349609375,-3595873.951481914,3.0358949318910255
2024-10-25,488.04998779296875,491.04998779296875,474.25,480.04998779296875,471.6817321777344,1156896,6.173890239714966,-0.01540005072293571,501.60999450683596,511.7139971923828,34.23000034392318,-3.5042878059795086,14.707023587742997,548.4707869672083,474.4591996050574,0.15417475105544604,506.21357149353656,515.7595174617082,-0.012758177295885464,0.017070188071374583,-0.1999569830358936,829626639,11.921859984292707,11.035748963411395,526.8583374023438,498.213330078125,512.5358337402344,-4313447.575879587,3.4996330007645127
2024-10-28,481.1000061035156,490.6000061035156,479.75,486.3999938964844,477.9210510253906,611546,6.187031318103611,0.013141078388644978,499.8949951171875,511.73899719238284,38.51130835582107,-3.2416453877582114,15.734105817257378,543.0089534102223,473.8060337723949,0.14227574117230582,504.3265641033411,511.35481606895536,-0.015282076322115423,0.016891335013754116,-0.15400000329510075,830238185,24.97428119064287,15.909113784425012,523.6608362833659,495.02083079020184,509.3408335367838,-3142480.6603852795,2.23067562493118
2024-10-29,487.29998779296875,500.3999938964844,478.1000061035156,499.04998779296875,490.35052490234375,1355140,6.212706266672058,0.025674948568446432,498.29999389648435,512.0599969482422,46.04611652945863,-2.0522282823739477,15.724409693370946,535.629209244588,476.30577915873226,0.11887272124424152,503.8240330261628,508.96247327088633,0.013227801822701446,0.018293403214842793,-0.13751175711051505,831593325,50.976311094717985,29.29081742321786,521.4875025431314,491.8674982706705,506.677500406901,-244624.46191854915,4.468487794497235
2024-10-30,498.25,505.3500061035156,495.3500061035156,497.6000061035156,488.9258117675781,1207029,6.209796553690877,-0.00290971298118059,496.17999572753905,512.0309973144531,45.35998599775217,-1.2394280261700157,15.271344657253229,524.861712003935,481.7582770097368,0.08662265768789293,503.23126855733926,506.86384851538963,0.026007389093792854,0.018153874294404997,-0.18203834168493285,830386296,47.99587746304646,41.31548991613578,519.1766682942708,489.151665242513,504.1641667683919,-459702.38859288726,2.0096462776006683
2024-10-31,497.3999938964844,508.0,494.6499938964844,504.95001220703125,496.147705078125,1063823,6.2244594386472984,0.01466288495642143,496.2499969482422,512.0049975585938,49.47025905084348,-0.14087267751711874,14.615679481670062,521.2281730430985,483.30681841197963,0.07509922510026798,503.3949584287385,504.4032079770307,-0.0029054838691924267,0.015954385867792943,-0.09807791124442523,831450119,63.103796096261114,54.025328218008525,516.9958363850913,488.2708302815755,502.6333333333333,722984.4587861397,2.643827266220973
2024-11-01,499.25,505.5,499.25,503.20001220703125,494.4281921386719,198515,6.220987729645037,-0.0034717090022615693,495.9949981689453,511.91699768066405,48.53411640141967,0.4987802875086267,14.006847532914266,520.3365068662843,483.3634870302,0.07347579280437785,503.37639212190925,503.26086940335216,0.014770912406272263,0.014824758258501766,-0.03698618681753349,831251604,59.50667559924826,56.868783052851946,515.756669108073,488.21166483561194,501.98416697184246,570072.2146738342,1.2420508442731448
2024-11-04,502.95001220703125,504.0,480.1000061035156,485.20001220703125,476.7419738769531,1707365,6.1845612022286565,-0.036426527416380416,493.48500061035156,511.44899780273437,40.12369258646871,-0.22090339471492104,14.791802515514973,520.8533890268886,481.14160609029886,0.0818462117425608,501.6453083204923,502.2447692938569,-0.003465689588462606,0.01635787149742072,-0.034816729419600775,829544239,22.50772191568747,48.372731203732286,515.3625020345052,487.047499593099,501.20500081380203,-3901733.815993856,4.925802410385436
2024-11-05,485.20001220703125,490.3500061035156,474.75,482.45001220703125,474.0399169921875,1014214,6.178877313768561,-0.0056838884600951545,492.02000122070314,511.0489978027344,39.01142958423199,-0.781143088124006,15.826634344810937,520.7292606224477,478.61573449473985,0.08729096292288176,499.81718488111505,501.3454788777109,-0.0357710643150666,0.015992418274643407,-0.0955942206934878,828530025,17.208831071682006,33.074409528872586,514.0991689046224,486.1841664632161,500.14166768391925,-3742784.485137591,3.233496882330117
2024-11-06,482.95001220703125,491.79998779296875,479.25,490.3999938964844,481.851318359375,902846,6.195221372176007,0.016344058407446127,491.6800018310547,510.76899780273436,43.85674756013302,-0.5274494703874169,16.636157389139274,519.9677900920813,477.7022050251062,0.0861859412581817,498.9203095492455,500.0929552560438,-0.005667765727150442,0.016544012686976355,-0.009262678278662333,829432871,40.224119741326625,26.64689090956537,512.8666697184244,485.05666605631507,498.96166788736974,-2182728.2489185077,2.559132942325822
2024-11-07,492.79998779296875,498.3999938964844,492.0,497.5,488.82757568359375,1144341,6.209595556598647,0.014374184422639935,492.6800018310547,510.76899780273436,47.842138109580794,0.1700614474546409,16.712209618519577,519.2524129240941,477.53758341379665,0.08384890353828627,498.7850419731269,499.65609316324344,0.01647835317297419,0.016927281450175913,0.02472164790371278,830577212,57.907810367001204,38.44692039333662,512.3383361816407,484.5483337402344,498.4433349609375,-710220.2012868391,1.2864309339667086
2024-11-08,497.5,499.70001220703125,486.54998779296875,491.04998779296875,482.4899597167969,701717,6.196545930744744,-0.013049625853903457,493.7800018310547,510.7429974365234,44.73535654524453,0.24406565823309112,17.147570258465766,518.5517430821328,476.8382532557578,0.0849475427417418,498.04837014644517,499.22120646745026,0.014477989787688106,0.017145023876943652,0.023978066759623277,829875495,43.35480720766129,47.162245771996375,511.8450032552083,483.7099995930989,497.7775014241536,-1255343.4890860547,2.6779400755441363
2024-11-11,491.54998779296875,493.45001220703125,481.04998779296875,483.25,474.8259582519531,1150891,6.18053411808844,-0.016011812656303803,493.4650024414062,510.54999755859376,41.24707622341116,-0.1633200417687295,17.90015111648303,518.2614335566818,475.0985640019119,0.08931788836993262,496.63900156106945,498.5135675271339,-0.01296484865734926,0.017453067962723934,-0.006749982032612767,828724604,26.666666666666668,42.64309474710972,511.2683380126953,482.52833251953126,496.8983352661133,-2358428.0979362754,2.5659647002715986
2024-11-12,483.29998779296875,487.3500061035156,470.3500061035156,471.3500061035156,463.1334228515625,1268350,6.155600930791168,-0.024933187297271786,490.69500427246095,509.98999755859376,36.56284853078255,-1.1123563519613198,19.202727842630292,517.0341874885978,471.9608106803475,0.09562612967984457,494.23052580320723,495.7794232532745,-0.01588430503384375,0.017143103294956028,-0.09902486428650378,827456254,2.656042927256295,24.22583893386142,509.63417104085295,480.4791661580404,495.05666859944665,-4177703.692317659,3.6066616696439677
2024-11-13,468.8500061035156,472.3500061035156,454.8999938964844,456.6000061035156,448.6405334472656,1567349,6.123807747463009,-0.03179318332815928,486.5950042724609,509.0639978027344,31.749842861434473,-2.5304841657768256,21.113848918702846,516.652807248597,466.122192751403,0.1106671349578086,490.646666784189,492.2311153271496,-0.024624922703537222,0.017922325333918913,-0.17798399051821498,825888905,3.201529212100592,10.84141293534119,507.01250406901045,477.55749918619796,492.2850016276042,-6883517.129129423,3.8217284217633507
2024-11-14,449.95001220703125,478.54998779296875,448.1499938964844,475.29998779296875,467.0145568847656,4069068,6.163946157937171,0.040138410474162,483.6300018310547,508.3959973144531,42.147435724006236,-2.027821671462549,23.148939955012157,515.4081667137891,464.4718320655077,0.10716670725114398,489.1850783088347,487.4613004080828,-0.03129309389838153,0.020016977512436245,0.0055816586346051035,829957973,45.36339369711371,17.073655278823537,505.4550018310547,474.88999938964844,490.17250061035156,4970056.331194729,6.395959326160558
2024-11-18,471.29998779296875,477.8999938964844,465.6000061035156,472.04998779296875,463.8211975097656,1013363,6.15708488631891,-0.006861271618261,480.51499938964844,507.5969970703125,40.9789671845491,-1.743770158952783,25.038667345870802,513.7753811774686,462.7346163811252,0.10812576234771311,487.55316492637127,485.63354304677915,0.040954843275262,0.019989209741045073,-0.01844291169442875,828944610,39.933151978543364,29.499358295919226,503.67166849772127,473.4716654459636,488.5716669718425,3789558.3195954817,2.6056536619090576
2024-11-19,471.79998779296875,491.3500061035156,471.0,486.25,477.773681640625,1562532,6.1867228949326565,0.029638008613746436,480.6199981689453,507.1669970703125,47.78967575308083,-0.4940368067351386,25.351819716943208,510.4856723399538,463.6193264393431,0.0963832306439294,487.42905398100254,484.31759059576535,-0.00683778683666969,0.021189234206704075,-0.002179464876570637,830507142,63.65915157572157,49.65189908379289,502.79750061035156,471.7125,487.25500030517577,6417903.341635692,4.185091229514781
2024-11-21,479.0,486.25,477.1499938964844,481.29998779296875,472.9099426269531,878039,6.176490750946439,-0.010232143986217856,480.50499572753904,506.54599731445313,45.805389567738175,0.07447031649477331,25.642604061510443,509.35026554748146,463.1747314007608,0.0959391965881019,486.845333391666,483.2583573417178,0.030081585794382137,0.02054760021190877,0.030543520288840973,829629103,55.38845533139741,52.99358629522079,501.29416758219395,471.2541651407878,486.2741663614908,4880159.468794948,1.8907139693155348
2024-11-22,481.29998779296875,496.1000061035156,479.8999938964844,495.0,486.37115478515625,1105580,6.20455776256869,0.02806701162225167,480.9649963378906,506.0729968261719,51.77372606903186,1.3762272094600396,24.962277065481498,509.49439209469887,463.15060607424647,0.09362381014232808,487.62196830674543,482.8042256762689,-0.01017997369055268,0.02155248063643452,0.09877907480278589,830734683,81.69137073665222,66.91299254792374,501.02750091552736,470.9124984741211,485.9699996948242,6346773.758374186,3.2727297387941916
2024-11-25,495.1000061035156,508.1499938964844,495.1000061035156,503.79998779296875,495.0177307128906,1334995,6.222179339688594,0.017621577119903975,481.5949951171875,505.67599609375,55.18755417273299,2.753485794358653,23.341215778359178,511.5320665229052,462.742930425337,0.09684227328250267,489.16273206733814,483.48623040928055,0.028464601193641137,0.021656995297721568,0.13894656206148026,832069678,92.74998982747395,76.60993863184119,501.579167175293,471.63916473388673,486.60916595458986,7118368.893417062,2.590311256285997
2024-11-26,505.3500061035156,521.3499755859375,504.3500061035156,519.9500122070312,510.8861999511719,1562417,6.253732676583559,0.03155333689496498,484.48499755859376,505.71399658203126,60.68756653081146,4.568655621252264,22.413126883223846,517.140721358609,461.1242780310395,0.10773428601298904,492.09485398540414,485.51408401230185,0.017777753117108608,0.02226235015815964,0.20215985221752097,833632095,98.08748124440042,90.84294726950885,503.2608332316081,473.3008326212565,488.28083292643225,9706183.722206952,3.2695392024825853
2024-11-27,519.9500122070312,522.4000244140625,509.0,513.1500244140625,504.20477294921875,1041251,6.240568247668576,-0.013164428914983262,487.475,505.44299682617185,57.48820443770525,5.088116475181632,21.618295515389157,520.3226362900068,460.61736615139944,0.11635051602459048,494.100108311943,486.69416549222484,0.03205642081257687,0.022479129903275913,0.1781257452480874,832590844,87.5420926624264,92.7931879114336,504.8516682942708,474.63666585286467,489.7441670735678,7308086.89197503,2.6113268589167937
2024-11-28,513.1500244140625,515.0,506.1000061035156,510.3999938964844,501.502685546875,821040,6.235194720072282,-0.005373527596294281,491.3799987792969,505.12399719238283,56.19788364450806,5.015083015789534,20.640465052201677,521.9342534893265,460.1407495624313,0.12106877873401317,495.6524783676136,487.1545790909035,-0.013078156809930297,0.02186950233739751,0.1337403460393631,831769804,83.83834937988718,89.82264109557134,505.08083546956385,476.20583241780605,490.643333943685,5941519.4708139775,1.7437292325456821
2024-11-29,509.79998779296875,511.8500061035156,504.3999938964844,509.6499938964844,500.7657470703125,832397,6.233724203638525,-0.001470516433756508,496.68499755859375,504.9519970703125,55.82984467616139,4.690721020509152,19.588418966500875,523.4806815146534,459.7993203164014,0.12495116641007235,496.9855750846489,487.27719407393556,-0.005359116022099486,0.021857144003896045,0.1760315845244554,830937407,82.82824878494878,84.73623027575412,505.41333567301433,476.7933314005533,491.1033335367839,5003545.582126267,1.4617899139118662
2024-12-02,509.8999938964844,516.2000122070312,506.3500061035156,513.75,504.7942810058594,706642,6.241736765810445,0.00801256217191959,500.5299987792969,505.0089971923828,57.46960794275205,4.524659716738956,18.940642780271425,524.8731958638747,459.28680474647683,0.12766207516768438,498.582186981349,487.3305241081684,-0.001469435754249071,0.02169208332389943,0.16953334509191276,831644049,88.35014025749838,85.00557947411146,505.7166692097982,477.4466649373373,491.58166707356776,4702644.2865368705,1.9172761272049879
2024-12-03,515.4000244140625,524.75,513.8499755859375,521.4500122070312,512.3600463867188,725837,6.256613415977005,0.014876650166559813,505.4700012207031,505.0689971923828,60.43991302533064,4.6859547920769415,18.93944855003611,527.9188748212146,458.06612578913695,0.13395866793909283,500.7600750980807,488.15423854023487,0.008044748656169665,0.021879891098392088,0.17528934796545395,832369886,95.69192228456325,88.9567704423368,506.81750335693357,478.0824966430664,492.45,4829259.925648024,2.09032968815712
2024-12-04,523.9500122070312,536.9000244140625,518.75,534.4500122070312,525.1334228515625,1521606,6.281238203560316,0.024624787583311658,510.2900024414063,505.4459979248047,64.89728612989546,5.371527749883364,19.666138405950445,534.534361818654,456.3756387916975,0.1462414093774592,503.96864053702836,490.6004480077172,0.014987858310523183,0.020531884276912587,0.26042943957764275,833891492,97.23942381456872,93.76049545221012,508.5433385213217,480.3833287556966,494.4633336385091,6965205.364841163,3.396019084948899
2024-12-05,537.4500122070312,543.9000244140625,534.9000244140625,540.4500122070312,531.0288696289062,1629867,6.2924021484490025,0.011163944888686217,516.2050048828125,505.85399841308595,66.75890045765121,5.890802615152797,20.707175239181048,541.5364867597218,455.1735138506298,0.1597982624820606,507.4430568865525,494.0579852618569,0.02493048172532908,0.02041515425964792,0.2695509780838182,835521359,96.39685524027287,96.44273377980163,511.0750055948894,483.5749964396159,497.32500101725265,7367204.884149569,1.6652788966081755
2024-12-06,540.4500122070312,544.6500244140625,536.2999877929688,541.7999877929688,532.3552856445312,1032518,6.294896907120482,0.0024947586714798575,520.8850036621094,506.11699768066404,67.18063439266882,5.968443785703644,21.71273097018633,547.8617461683164,453.9882538316837,0.17326226366122277,510.7151455443064,496.18574957552477,0.011226494270666798,0.02027235330693042,0.2536299840756967,836553877,96.39464141564468,96.6769734901621,513.5533416748048,486.47332763671875,500.0133346557617,6513871.913848348,1.5411658931754064
2024-12-09,538.0,557.0,537.2000122070312,549.0999755859375,539.528076171875,1732714,6.3082805298228655,0.013383622702383136,525.4150024414063,506.20799743652344,69.43859996443845,6.13132002187481,23.24268679286424,554.8689170060576,452.14108055253615,0.18708403026953677,514.3708436435094,499.5989983955932,0.0024978731713309887,0.02024936560539503,0.22995400718264747,838286591,90.81392509992733,94.53514058528162,516.8133412679038,488.39332784016926,502.60333455403645,7390288.933113735,3.605898501787482
2024-12-10,546.25,547.0,538.0999755859375,541.2000122070312,531.7657470703125,1667380,6.2937889188521225,-0.014491610970742919,527.5400024414063,505.74699768066404,64.28419022556486,5.355081811958709,24.663360056779446,559.5499559896856,452.4750440103144,0.19784720909875123,516.926002554321,502.3867607490088,0.013473584269917405,0.02031867361256926,0.21135168320975764,836619211,80.21291598589733,89.14049416715643,519.084174601237,491.08916117350265,505.0866678873698,4452784.665708816,1.6444981916700094
2024-12-11,538.0999755859375,545.2999877929688,538.0999755859375,541.3499755859375,531.9131469726562,869855,6.294065974658426,0.0002770558063032169,530.3599975585937,505.62299743652346,64.33830611156982,4.532438755457857,25.98255665898642,563.494272933913,454.3407246246808,0.20163212936527494,519.2520952239988,504.35576916671636,-0.014387112966953386,0.019755051978946465,0.23797607728967754,837489066,79.7016560633594,83.57616571639468,521.6075063069661,494.13249409993495,507.8700002034505,3835307.7698873417,1.3300106274574446
2024-12-12,541.0,544.25,536.6500244140625,541.0,531.5692749023438,1103461,6.293419278846481,-0.0006466958119446531,533.4199981689453,505.4859979248047,64.0942327175045,3.681599066974375,27.019174940392706,565.8200989640343,458.97989798420775,0.19748650828064054,521.3233242502847,507.1771989561446,0.00027709418980736977,0.018493826634506147,0.28719875262036304,836385605,74.15185528651769,78.02214244525813,524.351671854655,497.81666208903,511.08416697184236,3232237.458469982,1.404801402206562
2024-12-13,540.9000244140625,550.0,537.9000244140625,547.7999877929688,538.2506713867188,2150181,6.30591023454524,0.01249095569875891,537.2349975585937,505.42699768066404,66.73479316087555,3.305591548478949,28.291767542339386,565.9338353579105,467.9861597592769,0.17880189445285494,523.8449112543499,512.7969033268064,-0.0006464867492765869,0.016157440454932705,0.377213246371445,838535786,82.52609064852035,78.79320066613248,528.2816701253256,502.2816640218099,515.2816670735676,4859232.75764189,2.2088309338390255
2024-12-16,548.0,550.4500122070312,539.25,540.0999755859375,530.6849365234375,1016683,6.291754262395989,-0.014155972149251461,539.8699951171875,505.71299743652344,61.242510842566524,2.314020333399222,29.49753615709663,566.2046362632162,474.19535763326815,0.17035601331055442,525.393012619263,521.6816040327803,0.012569293517502356,0.015129238622311903,0.2575010704741529,837519103,67.87067974706385,74.84954189403396,531.1183380126953,507.038330078125,519.0783340454102,3046703.5764528844,2.0736924112763955
2024-12-17,540.0,540.4500122070312,530.3499755859375,532.8499755859375,523.5613403320312,1754369,6.278239912849075,-0.013514349546913884,541.0099914550781,506.1389971923828,56.52540628086253,1.012050127663434,29.423133285742505,563.8328549329786,482.64713774280256,0.15236130413800225,526.1031995684701,524.5987799510924,-0.014056247496561314,0.015502304940534237,0.21254532383609082,835764734,54.087411384447755,68.16139392667732,534.1433400472006,510.2833272298177,522.2133336385091,794435.1726739013,1.8954747271945454
2024-12-18,530.0499877929688,535.2999877929688,529.2000122070312,530.75,521.4979248046875,1174356,6.2742911005833655,-0.003948812265709201,540.639990234375,506.7089971923828,55.19918466893908,-0.08986486264775095,29.209346301074635,562.4190994132776,488.5108932625036,0.1392523902982083,526.5457519905207,527.583463309709,-0.013423440710462309,0.014581926767990522,0.1608691769206503,834590378,50.09506282501072,57.35105131884078,535.8750050862631,513.439995320638,524.6575002034505,328641.72954917,1.1493124043217144
2024-12-19,520.0999755859375,530.9000244140625,520.0499877929688,530.0,520.760986328125,704464,6.272877006546167,-0.0014140940371980548,539.5949890136719,507.1299969482422,54.70551637979436,-0.9222678067187697,27.935759107362856,558.8175078102944,496.9824860861901,0.11666985230963077,526.8747279914235,529.216198209986,-0.0039410259588138485,0.01424567371061363,0.1891572115528858,833885914,46.69298469180255,50.291819633753676,538.2333404541016,515.6233276367187,526.9283340454101,206214.62532786003,2.047176720961085
2024-12-20,527.0,536.0,526.1500244140625,531.9500122070312,522.6770629882812,2669277,6.276549522910079,0.0036725163639115266,538.6099914550781,507.6259973144531,55.81205635919293,-1.367699377494688,27.175303600268446,556.7482014154288,502.74679370175875,0.1015159441196761,527.35808839291,531.0866740641724,-0.0014130946773434072,0.013124200392957404,0.1593320263868722,836555191,41.94675870263236,46.24493540648188,539.9675059000651,517.9924967447917,528.9800013224284,920344.355130702,1.8516731572334202
2024-12-23,533.9000244140625,536.9000244140625,527.0,532.0999755859375,522.8244018554688,637912,6.276831395719852,0.00028187280977309825,536.9099914550782,508.1419970703125,55.90128008414329,-1.658992176819833,26.54311059150791,555.4005103495102,506.9244835469741,0.09110323064599905,527.8096966970078,532.6227470510863,0.0036792683151531946,0.012712198811366732,0.1469237322784683,837193103,34.901896956699346,41.18054678371143,541.2925079345703,519.6324951171875,530.4625015258789,802532.7956784366,1.8605572013343543
2024-12-24,532.0999755859375,540.0,531.0,534.7999877929688,525.477294921875,1418312,6.281892822402374,0.005061426682521741,536.2699890136719,508.7369970703125,57.56273712960415,-1.6718843929022658,26.21490421919712,555.6279462397692,508.18204521530873,0.08871709444172186,528.4754387061469,533.8502482992523,0.00028191253964648944,0.01072112823194284,0.08724366754059161,838611415,39.9187960138027,38.922483891044806,541.8950093587239,521.0349934895834,531.4650014241537,1234950.9267785037,1.6828721401325222
2024-12-26,537.7999877929688,544.25,534.0999755859375,542.25,532.7974853515625,1433508,6.295727149706984,0.013834327304610206,536.3599914550781,509.5109973144531,61.835410289627774,-1.2026602198005172,26.252882479914565,555.8403042934084,510.87968472026347,0.08291492775130462,529.7873016865138,534.9785191833571,0.0050742573405646585,0.010491612533093936,0.13531156629770366,840044923,60.0812039861973,44.96729898556645,543.0000081380208,522.4649922688802,532.7325002034505,2584193.9513639966,1.8718348389234671
2024-12-27,540.0,546.0,534.7999877929688,540.7000122070312,531.2745361328125,2240285,6.292864618964306,-0.002862530742677727,536.3299926757812,510.0249975585937,60.47127510449046,-1.0274702090597625,26.42700391245473,554.9131156776772,514.8368751670495,0.07411917811328388,530.8266074503726,536.1800581449538,0.01393046442984458,0.010403616396045317,0.1336706365024026,837804638,55.88638049254281,51.96212683084761,544.6150090535482,523.849991353353,534.2325002034505,1718964.1864875695,2.071391151132955
2024-12-30,538.0,540.5499877929688,530.3499755859375,536.6500244140625,527.295166015625,1319122,6.285346158420987,-0.007518460543319172,535.2149963378906,510.38199829101563,56.93681217018818,-1.202961211851214,25.965923577866732,552.5836720802648,519.8663218162195,0.06096589728057408,531.3812185897717,536.9977888076965,-0.0028584376080567075,0.01062269435015471,0.13020090548483243,836485516,54.60533976878938,56.85764141584317,546.1133422851562,525.0733245849609,535.5933334350586,710193.8744984134,1.9006823335502614
2024-12-31,533.9500122070312,540.25,528.0,529.4000244140625,520.1715087890625,452808,6.271744335909476,-0.013601822511510875,534.1450012207031,510.8849987792969,51.170920119296184,-1.7905282630578174,25.219852608048942,550.1774629330287,523.8375334048619,0.04975430357661895,531.1925334301803,537.5694309116258,-0.007490267618891822,0.011126714460328375,0.10556752708806612,836032708,30.756674710986722,47.08279832410631,547.2558420817057,525.975824991862,536.6158335367838,139757.89242721157,2.3139402030738934
2025-01-01,529.4000244140625,530.5,521.5999755859375,527.5499877929688,518.3536987304688,452770,6.268243624449003,-0.0035007114604734824,533.6150024414062,511.32099853515626,49.78543251075513,-2.2568813387978555,23.717322472285808,549.252249938862,525.3727439576223,0.04526491618574517,530.8456243218744,537.8567088751314,-0.013509735712610604,0.010712605057195733,0.10167980813678798,835579938,24.671032818416542,36.67768243273088,547.4825083414714,526.4024912516276,536.9424997965494,129.46766152176133,1.6870485489529037
2025-01-02,529.9000244140625,530.7000122070312,517.0,526.5499877929688,517.3711547851562,945975,6.266346270643563,-0.00189735380543965,533.1950012207031,511.64599853515625,49.01293955482805,-2.563421603769191,22.249699009814673,549.702688510768,524.1323029443101,0.04856212355760555,530.4365160810263,537.8379803374842,-0.003494591114047152,0.009063065911866841,0.07594988824095288,834633963,28.550027826182156,27.992578451861814,546.9958404541015,526.3608245849609,536.6783325195313,-135028.31343298135,2.601844558852764
2025-01-03,526.6500244140625,529.2000122070312,510.54998779296875,511.95001220703125,503.0256652832031,1530218,6.238226987865012,-0.028119282778551025,531.3900024414063,511.94299865722655,39.40055039346864,-3.6158010613257314,21.553188043215222,552.1513662366143,518.8336252184639,0.06508006684972359,528.6758966644554,536.5209520871535,-0.0018955549675653272,0.010444368304308053,0.012344804457177129,833103745,3.508830970963192,18.909963871853968,546.3525075276693,524.7524892171224,535.5524983723958,-3307330.760251428,3.642938562236127
2025-01-06,511.5,513.5,497.1000061035156,500.75,492.0209045410156,1029267,6.216106974545927,-0.02212001331908464,528.2700012207031,512.0819989013672,33.90691402113747,-4.855271743421012,22.018055221787783,555.6687673858962,511.211225289885,0.08878191132503484,526.0162874583168,535.0673337309063,-0.027727615467494804,0.011206064622393779,-0.02182469526324018,832074478,7.464201128963307,13.17435330870289,544.8983388264974,522.4933247884115,533.6958318074545,-4481683.932257572,3.2750861500717674
2025-01-07,501.3500061035156,505.6499938964844,496.54998779296875,498.1000061035156,489.4170837402344,2127349,6.2108008723328325,-0.00530610221309491,524.870004272461,512.2939990234376,32.743604796055834,-5.590324138613253,22.489653003536723,556.7520218637563,505.0279738637826,0.10384269698086368,523.3575939959547,531.4568140840363,-0.021877159761648723,0.010436502681714834,-0.08715146887815041,829947129,3.1345155266240345,4.702515875516849,541.9800064086915,520.6449905395508,531.3124984741211,-4646795.0656053675,1.826943584020847
2025-01-08,498.0,498.0,479.3999938964844,482.8999938964844,474.4820556640625,1082081,6.179809580240201,-0.030991292092631184,519.6800048828125,512.3509991455078,27.017755419222382,-6.75885563253796,23.982766743571098,560.7500511973229,495.19994269916134,0.1357426161248059,519.5044892245766,528.9252595545015,-0.005292049718391145,0.011755312028259747,-0.09557786431618759,828865048,5.255254773640696,5.284657143076017,539.6983388264974,517.3933247884114,528.5458318074544,-6332630.686089827,3.85173044907985
2025-01-09,485.04998779296875,486.1000061035156,474.04998779296875,475.6000061035156,467.309326171875,1426100,6.164577177649923,-0.015232402590278582,513.015005493164,512.1349993896484,24.776855324553722,-7.618261174473936,25.632082070083147,563.9790181526231,485.39597879561904,0.16522926482027891,515.3231098797137,525.8203493321992,-0.030515984783731076,0.01185268458492266,-0.13013100821218437,827438948,2.1542988847407045,3.5146897283351497,536.7908401489258,514.0008255004883,525.395832824707,-6915185.2440131,2.533645533201309
2025-01-10,475.54998779296875,476.95001220703125,458.5,462.0,453.9464111328125,3414061,6.135564891081739,-0.02901228656818411,505.14500427246094,511.39399963378906,21.24200947096172,-8.62354999221473,27.802793217888308,567.7921313005326,473.6828656477098,0.20369970920524413,510.2447184625981,518.1872001544095,-0.015116976362053114,0.01275371586077664,-0.19837957418882235,824024887,4.0,3.8031845527938053,533.5925084431966,509.7174901326498,521.6549992879233,-12560337.414550465,3.9935091357210495
2025-01-13,452.0,460.45001220703125,440.95001220703125,443.1499938964844,435.42498779296875,1225767,6.093908299411383,-0.04165659167035596,495.7950012207031,510.30499938964846,17.51265713866397,-9.982964640260011,30.353955603559395,571.7376473554891,459.27235020310474,0.2537860740186656,503.8547446943968,513.0557036537153,-0.02859547083469871,0.013810688714810103,-0.2875219761706142,822799120,2.094223650733613,2.7495075118247776,529.110009765625,504.4949890136719,516.8024993896485,-14066819.98839869,4.400315980723
2025-01-14,446.8999938964844,456.70001220703125,446.1499938964844,452.79998779296875,444.9067687988281,923545,6.115450499929982,0.02154220051859923,488.13499755859374,509.2619989013672,24.792151424460826,-9.651519121441313,32.722892104539696,572.3878482575257,449.8921505217712,0.2705293750841762,498.9923868942608,509.936762841269,-0.04080087901193863,0.015535065758307978,-0.2490290468898816,823722665,11.280320764331062,5.7915148050215635,524.5083435058593,499.9583221435547,512.2333328247071,-10784102.33103764,2.3299511031282543
2025-01-15,454.29998779296875,459.3500061035156,452.20001220703125,454.75,446.8227844238281,1855864,6.119747817398232,0.004297317468250128,480.85499877929686,508.2929986572266,26.209284362761124,-8.747047207701781,34.584042592046444,572.2888607726921,442.181140448011,0.28610823600809493,494.77882623766453,504.7936416728143,0.021775908900810048,0.01575331114389939,-0.23552225077567648,825578529,13.136591524565999,8.837045313210231,520.4050089518229,496.1499918619792,508.2775004069011,-8726522.361662287,1.5722911262197639
2025-01-16,457.0,465.3500061035156,453.75,455.6000061035156,447.657958984375,1544374,6.121615244969681,0.0018674275714491984,473.76000061035154,507.70099853515626,26.856268949581562,-7.58109089305859,35.563546862325154,571.2873305752468,435.667671255808,0.2976726459670525,491.0475100344122,501.1513010971104,0.004306564177565475,0.01588077431098036,-0.24913558261558882,827122903,14.708832818783145,13.041915035893405,517.004177347819,492.1991572062175,504.60166727701824,-7292343.834837555,2.546094369647576
2025-01-17,457.5,458.70001220703125,449.0,452.79998779296875,444.9067687988281,674210,6.115450499929982,-0.006164745039699326,467.8449981689453,507.107998046875,26.04613105980711,-6.5280197697293065,36.66986637602212,569.6997951830749,429.5352054272767,0.30955078077405973,487.4048888685604,499.37947879517884,0.0018691723001993399,0.015820706761516524,-0.2752278759577643,826448693,11.933511624033226,13.259645322460793,513.2725092569987,488.5824915568034,500.92750040690106,-6520266.193454162,2.1422289020613516
2025-01-20,452.79998779296875,454.8999938964844,447.25,451.29998779296875,443.4328918457031,2372010,6.112132279784359,-0.0033182201456227745,462.8999969482422,506.3259979248047,25.600599499818117,-5.503063816731338,37.76954729482127,567.0295365164534,424.1404616524919,0.3166166158407055,483.9663268613612,492.2711459840958,-0.006145781986470533,0.01563167299811809,-0.2900480845967252,824076683,11.532006223885794,12.724783555567393,509.1516759236653,484.68165639241545,496.91666615804036,-6097087.451532139,1.6951017290950525
2025-01-21,453.6000061035156,458.20001220703125,446.3500061035156,447.6000061035156,439.79742431640625,1474758,6.103899990073864,-0.008232289710495166,457.84999694824216,505.327998046875,24.4878953403409,-4.677314888800067,38.35243489045301,563.6563538305552,419.063647390148,0.32304000104720176,480.50286774156643,489.27808564979176,-0.003312720937364122,0.015507732028187053,-0.3225342854815439,822601925,7.409463951514624,10.29166059981122,505.18500874837235,480.51999104817713,492.8524998982747,-6005586.043652479,2.647454410618372
2025-01-22,449.95001220703125,453.45001220703125,432.6499938964844,439.0,431.3473205566406,1380036,6.0844994130751715,-0.019400576998692465,453.4599975585937,504.2869982910156,22.08511979413956,-4.321759752186594,39.48389955210949,559.4115672927419,413.7284351486644,0.3318522372302449,476.55021367094105,484.7498151787506,-0.008198497207029587,0.015339377839859608,-0.3339213506359363,821221889,6.576908233296489,8.506126136232307,501.0966766357422,475.2516571044922,488.1741668701172,-6843119.183569452,4.738045173245302
2025-01-23,438.45001220703125,442.20001220703125,431.79998779296875,438.8999938964844,431.2490539550781,965428,6.084271582787796,-0.0002278302873754967,449.7899963378906,503.39999816894533,22.058015343599664,-3.727251455464497,40.56761708437597,552.3497699049466,410.4552319261082,0.3232958303761211,472.9644784543261,480.35483270524736,-0.01921359693084257,0.014494469858611159,-0.357557964946292,820256461,8.690336649551424,7.5589029447875165,495.9808436075847,470.11082407633455,483.0458338419597,-5879323.399131657,2.3695658598061797
2025-01-24,439.04998779296875,440.79998779296875,422.45001220703125,423.3999938964844,416.0192565917969,1226597,6.048317344285281,-0.03595423850251489,445.92999572753905,502.44099792480466,18.307723479535113,-3.988433527838321,41.92026630554601,545.2909316655902,405.7840683344099,0.32949188791270473,468.24405135357927,473.1389238760397,-0.00022780433602642702,0.015392918520184826,-0.41525068429503836,819029864,1.1418051664950664,5.469683349780998,490.7575083414714,464.17249247233065,477.4650004069011,-7755456.270684278,4.333957451691372
2025-01-27,421.0,421.0,407.04998779296875,419.54998779296875,412.2363586425781,3135587,6.039182679220544,-0.009134665064737035,443.5699951171875,501.69999755859374,17.511322153937755,-4.0196883095167415,43.637461177279114,537.5676159778895,401.7973803600011,0.32360919930448345,463.60652149066397,464.16777319203914,-0.03531556212246312,0.015372148736170326,-0.3151222545636941,815894277,13.743813438469926,7.858651751505477,484.94584147135413,457.9858256022136,471.4658335367838,-8372109.530315703,3.3249940681478525
2025-01-28,424.8999938964844,430.0,418.1000061035156,423.75,416.3631591796875,3136478,6.04914365869466,0.009960979474115561,440.6649963378906,500.6689978027344,21.52201401824118,-3.3822956474921533,44.15097779654146,529.2497635845853,399.55023031189904,0.30607559474380225,459.8106623010769,459.24628206436,-0.009093070758184552,0.016140649452635127,-0.28264206852280915,819030755,21.12588025144471,12.003832952136571,479.49834086100253,452.5733256022136,466.0358332316081,-5294201.613544181,2.8082581466629795
2025-01-29,424.0,429.29998779296875,422.04998779296875,423.95001220703125,416.5596923828125,1827081,6.0496155525435755,0.00047189384891588304,437.5849975585937,499.7069982910156,21.71721493605493,-2.6067826175148845,44.62781465728507,519.4513742759976,398.988622061893,0.2841437639946994,456.3953622921201,456.4573903840162,0.01001075516442107,0.01626091204181733,-0.3016711369208249,820857836,24.177422763049208,19.682372150987952,474.3433400472005,447.58332722981766,460.9633336385092,-4485681.596861461,1.7101072747368016
2025-01-30,425.1000061035156,434.8999938964844,420.0,432.79998779296875,425.2554016113281,2822251,6.070275699327485,0.020660146783909816,435.30499572753905,498.637998046875,30.01238773555299,-1.2273902514136132,44.405405407056115,507.1905073588907,401.8744889789999,0.24333646337871215,454.14818376839145,452.43623803616316,0.00047200520833334814,0.017650860380064488,-0.23855835931785396,823680087,44.16808218281751,29.82379506577048,469.627505493164,442.74749450683595,456.1875,-276748.1619687248,3.442697392961072
2025-01-31,433.0,439.1000061035156,430.75,437.29998779296875,429.67694091796875,1118848,6.080619430504328,0.010343731176842397,433.75499572753904,497.757998046875,33.85069367530721,0.18338414741457143,43.718733606392284,496.8127926632071,404.7872012332773,0.2104404161874744,452.5435936754941,449.04571409210894,0.020875045007937576,0.017649491460963777,-0.18566085985571001,824798935,51.886776156513776,40.077427034126835,465.03667093912753,439.1866617838542,452.1116663614909,482046.7183125215,1.9094457664308864
2025-02-01,440.1499938964844,441.25,421.3500061035156,426.3500061035156,418.9178466796875,1195015,6.055260619503798,-0.025358811000529613,431.25999755859374,496.3849981689453,29.59712456199324,0.5534733641909391,43.5595887618378,488.09686729583456,406.06312721100136,0.1924093794076687,450.0489662876866,446.7690573531421,0.01039741249288717,0.01779676141237693,-0.18544938111935896,823603920,33.104652227965715,43.053170189099006,461.5050043741861,435.3049952189127,448.4049997965494,-1456158.8655352425,4.667525181564735
2025-02-03,424.0,428.3999938964844,411.3500061035156,414.6499938964844,407.4217834472656,1118063,6.0274347761775315,-0.027825843326266586,427.9649963378906,494.6019982910156,25.858236752717062,0.20275390881569422,43.851881428903134,478.9973476490812,406.8176456370516,0.17407380459301036,446.6776355837626,442.4802017558678,-0.025039977121236956,0.018310471858046302,-0.16981756215979982,822485857,13.036026958057972,32.67581844751249,457.8041702270507,430.80916290283204,444.3066665649414,-3116900.5630630623,4.111898720351895
2025-02-04,416.04998779296875,423.3500061035156,415.5,421.95001220703125,414.5945739746094,1065386,6.044886852534018,0.017452076356486046,426.25999755859374,492.6419982910156,31.65914060451034,0.6307062784326369,44.12329604832094,472.0048510568031,407.71514406038443,0.15236332536204475,444.32262383359773,440.3685663650109,-0.027442270527822,0.018490397809280197,-0.12977831477316107,823551243,28.84804912116507,24.996242769062928,453.94167073567706,428.0216634114583,440.9816670735678,-1560580.8672254402,1.860411393865298
