Date,Open,High,Low,Close,Volume
2016-07-05,1000.0,1000.01,999.99,1000.0,958648
2016-07-07,1000.0,1000.01,999.99,1000.0,628517
2016-07-08,999.99,1000.01,999.99,1000.0,632219
2016-07-11,1000.0,1000.01,999.99,1000.0,620407
2016-07-12,1000.0,1000.01,999.99,1000.0,298921
2016-07-13,1000.0,1000.01,999.99,1000.0,368022
2016-07-14,1000.0,1000.01,999.99,1000.0,563260
2016-07-15,1000.0,1000.01,999.99,1000.0,1004336
2016-07-18,1000.0,1000.01,999.99,1000.0,377235
2016-07-19,999.99,1000.01,999.99,999.99,343576
2016-07-20,1000.0,1000.01,999.99,1000.0,293731
2016-07-21,999.99,1000.01,999.99,1000.0,365795
2016-07-22,1000.0,1000.01,999.99,1000.0,420615
2016-07-25,1000.0,1000.01,999.99,1000.0,641375
2016-07-26,1000.0,1000.01,999.99,1000.0,771459
2016-07-27,1000.0,1000.01,999.99,1000.0,916382
2016-07-28,1000.0,1000.01,999.99,1000.0,1457334
2016-07-29,1000.0,1000.01,999.99,1000.0,1674990
2016-08-01,999.99,1003.0,999.99,1000.0,1146105
2016-08-02,1000.0,1000.01,952.0,1000.0,1049262
2016-08-03,1000.0,1000.01,999.99,1000.0,618849
2016-08-04,1000.0,1000.01,999.99,999.99,498614
2016-08-05,1000.0,1000.01,999.99,1000.0,512285
2016-08-08,1000.0,1000.01,999.99,1000.0,521488
2016-08-09,999.99,1000.01,999.99,1000.0,395402
2016-08-10,1000.0,1000.01,999.99,1000.0,393394
2016-08-11,999.99,1000.01,999.99,1000.0,615903
2016-08-12,1000.0,1000.01,999.99,1000.0,494960
2016-08-16,1000.0,1000.01,999.99,1000.0,344111
2016-08-17,1000.0,1000.01,999.99,1000.0,463717
2016-08-18,1000.0,1000.01,999.99,1000.0,478862
2016-08-19,1000.0,1000.01,999.99,1000.0,1034745
2016-08-22,1000.0,1000.01,999.99,999.99,907911
2016-08-23,1000.0,1000.01,999.99,999.99,311154
2016-08-24,1000.0,1000.01,999.99,999.99,217231
2016-08-25,1000.0,1000.01,999.99,1000.0,436978
2016-08-26,990.0,1000.01,990.0,999.99,593622
2016-08-29,1000.0,1000.01,999.99,1000.0,897335
2016-08-30,1000.0,1000.01,999.99,1000.0,583322
2016-08-31,1000.0,1000.01,999.99,1000.0,606266
2016-09-01,1000.0,1003.95,999.99,1000.0,402186
2016-09-02,1000.0,1000.01,999.99,1000.0,389622
2016-09-06,1000.0,1000.01,999.99,1000.0,575171
2016-09-07,1000.0,1000.01,999.99,1000.0,584616
2016-09-08,999.99,1000.01,999.99,999.99,1570551
2016-09-09,1000.0,1000.01,999.99,1000.0,1390051
2016-09-12,1000.0,1000.01,999.99,1000.0,1029351
2016-09-14,1000.0,1000.01,980.0,1000.0,682227
2016-09-15,999.99,1000.01,999.99,999.99,2310914
2016-09-16,1000.0,1000.01,999.99,1000.0,1519401
2016-09-19,1000.0,1000.01,999.99,1000.0,770983
2016-09-20,999.99,1000.01,999.0,1000.0,2187657
2016-09-21,999.99,1000.01,999.99,999.99,1256236
2016-09-22,990.0,1000.01,990.0,1000.0,507455
2016-09-23,999.99,1000.01,999.99,1000.0,668023
2016-09-26,1000.0,1000.01,999.99,999.99,925584
2016-09-27,1000.0,1000.01,999.99,999.99,720210
2016-09-28,1000.0,1000.01,999.99,999.99,1027083
2016-09-29,1000.0,1000.01,999.99,1000.0,777361
2016-09-30,1000.0,1000.01,999.99,1000.0,1560639
2016-10-03,1000.0,1000.0,999.99,999.99,357222
2016-10-04,1000.0,1000.01,999.99,999.99,368790
2016-10-05,1000.0,1000.01,999.99,999.99,584520
2016-10-06,1000.0,1000.01,999.98,1000.0,2866072
2016-10-07,1000.0,1000.01,999.99,1000.0,291495
2016-10-10,1000.0,1000.01,999.99,999.99,362639
2016-10-13,1000.0,1000.01,999.99,1000.0,723730
2016-10-14,1000.0,1000.01,995.2,999.99,489976
2016-10-17,1000.0,1000.01,999.99,1000.0,501711
2016-10-18,1000.0,1000.01,999.99,999.99,881238
2016-10-19,1000.0,1000.01,960.0,999.99,568561
2016-10-20,999.99,1000.01,999.99,1000.0,351472
2016-10-21,1000.0,1000.01,998.0,1000.0,500395
2016-10-24,1000.0,1000.01,999.09,1000.0,3898473
2016-10-25,1000.0,1000.01,999.99,999.99,473732
2016-10-26,1000.0,1000.01,999.99,1000.0,301211
2016-10-27,999.99,1000.01,999.99,999.99,321081
2016-10-28,1000.0,1000.01,999.99,1000.0,573827
2016-11-01,1000.0,1000.01,999.99,1000.0,475944
2016-11-02,999.99,1000.01,999.99,1000.0,502412
2016-11-03,999.99,1000.01,999.99,1000.0,714827
2016-11-04,1000.0,1000.01,999.99,1000.0,498633
2016-11-07,999.99,1000.01,997.6,1000.0,6665390
2016-11-08,1000.0,1000.01,999.99,1000.0,385075
2016-11-09,1000.0,1000.01,999.99,999.99,860146
2016-11-10,1000.0,1000.01,999.99,1000.0,407434
2016-11-11,1000.0,1000.01,999.99,1000.0,570878
2016-11-15,999.99,1000.01,999.99,999.99,486100
2016-11-16,1000.0,1000.01,999.99,999.99,455562
2016-11-17,1000.0,1000.01,999.99,1000.0,430285
2016-11-18,1000.0,1000.01,999.99,1000.0,398420
2016-11-21,999.99,1000.01,999.99,1000.0,389818
2016-11-22,1000.0,1000.01,999.99,1000.0,292908
2016-11-23,999.99,1000.01,999.99,999.99,590177
2016-11-24,1000.0,1000.01,999.99,1000.0,792278
2016-11-25,999.99,1000.01,999.99,1000.0,581488
2016-11-28,999.99,1000.01,999.99,1000.0,1509480
2016-11-29,1000.0,1000.01,999.99,999.99,454395
2016-11-30,999.99,1000.01,999.99,999.99,474565
2016-12-01,1000.0,1000.01,999.99,1000.0,425937
2016-12-02,999.99,1000.01,999.99,1000.0,482836
2016-12-05,1000.0,1000.01,999.99,999.99,326639
2016-12-06,999.99,1000.01,999.99,1000.0,308406
2016-12-07,1000.0,1000.01,999.99,1000.0,505251
2016-12-08,999.99,1000.01,999.99,1000.0,459811
2016-12-09,1000.0,1000.01,999.99,1000.0,1047570
2016-12-12,999.99,1000.01,999.99,1000.0,555812
2016-12-13,999.0,1000.01,999.0,1000.0,953966
2016-12-14,1000.0,1000.01,999.99,1000.0,564539
2016-12-15,999.99,1000.01,999.99,999.99,678856
2016-12-16,999.99,1000.01,999.99,1000.0,572714
2016-12-19,999.99,1000.01,999.0,1000.0,487307
2016-12-20,1000.0,1000.01,999.0,1000.0,611495
2016-12-21,999.99,1000.01,999.99,1000.0,831354
2016-12-22,1000.0,1000.01,999.99,1000.0,762180
2016-12-23,1000.0,1000.01,999.99,999.99,1079686
2016-12-26,999.99,1000.01,999.99,1000.0,703839
2016-12-27,999.99,1000.01,999.99,1000.0,650566
2016-12-28,999.99,1002.99,999.98,1000.03,2400784
2016-12-29,1000.0,1000.01,999.99,1000.0,737856
2016-12-30,1000.0,1000.01,999.99,1000.0,1039353
2017-01-02,1000.0,1000.01,999.99,999.99,1035707
2017-01-03,999.99,1000.01,999.99,1000.0,426574
2017-01-04,999.99,1000.01,999.99,999.99,326151
2017-01-05,999.99,1000.01,999.99,1000.0,837599
2017-01-06,1000.0,1000.01,999.99,999.99,492115
2017-01-09,1000.0,1000.01,999.5,999.99,369960
2017-01-10,999.99,1000.01,999.99,999.99,337813
2017-01-11,999.99,1000.01,999.99,999.99,403607
2017-01-12,999.99,1000.01,999.99,1000.0,654295
2017-01-13,1000.0,1000.01,999.99,1000.0,501291
2017-01-16,999.99,1000.01,999.99,999.99,589301
2017-01-17,999.99,1000.01,999.99,1000.0,341887
2017-01-18,1000.0,1000.01,999.99,1000.0,438273
2017-01-19,999.99,1000.01,999.99,1000.0,274055
2017-01-20,999.99,1000.01,999.99,1000.0,732400
2017-01-23,999.99,1000.01,999.99,1000.0,689408
2017-01-24,1000.0,1000.01,999.99,1000.0,423525
2017-01-25,999.99,1000.01,999.99,1000.0,1900418
2017-01-27,999.99,1000.01,998.0,999.99,3006036
2017-01-30,999.99,1000.01,999.99,1000.0,547267
2017-01-31,1000.0,1000.01,999.99,1000.0,1037810
2017-02-01,970.0,1000.01,970.0,999.99,285921
2017-02-02,999.99,1000.01,999.99,1000.0,414427
2017-02-03,999.99,1000.01,999.99,1000.0,465186
2017-02-06,1000.0,1000.01,999.99,1000.0,387830
2017-02-07,1000.0,1000.01,999.99,1000.0,469657
2017-02-08,999.99,1000.01,999.99,1000.0,327914
2017-02-09,1000.0,1000.01,1000.0,1000.0,415786
2017-02-10,1000.0,1000.01,999.99,1000.0,356143
2017-02-13,999.99,1000.01,999.99,1000.0,603255
2017-02-14,999.99,1000.0,999.99,999.99,456758
2017-02-15,1000.0,1000.01,999.99,1000.0,382112
2017-02-16,1000.0,1000.01,999.99,999.99,424213
2017-02-17,1000.0,1000.01,999.99,1000.0,668008
2017-02-20,1000.0,1000.01,999.99,999.99,404294
2017-02-21,1000.0,1000.01,999.99,999.99,643872
2017-02-22,1000.0,1000.01,999.99,999.99,776703
2017-02-23,1000.0,1000.01,999.9,1000.0,2874653
2017-02-27,1000.0,1000.01,999.99,1000.0,462303
2017-02-28,1000.0,1000.01,999.99,1000.0,692208
2017-03-01,1000.0,1000.01,999.99,1000.0,701731
2017-03-02,999.99,1000.01,999.99,1000.0,729410
2017-03-03,1000.0,1000.01,999.99,1000.0,1188061
2017-03-06,1000.0,1000.01,999.99,1000.0,506449
2017-03-07,1000.0,1000.01,999.99,999.99,408924
2017-03-08,999.99,1000.01,999.99,1000.0,922543
2017-03-09,1000.0,1000.01,999.99,999.99,562724
2017-03-10,1000.0,1000.01,999.99,1000.0,381498
2017-03-14,1000.0,1000.01,999.99,1000.0,504652
2017-03-15,999.99,1000.01,999.99,1000.0,662733
2017-03-16,999.99,1000.01,999.99,1000.0,958229
2017-03-17,1000.0,1000.01,999.99,1000.0,1081187
2017-03-20,1001.0,1001.0,999.99,999.99,728341
2017-03-21,999.0,1000.01,995.55,1000.0,474659
2017-03-22,999.99,1000.01,999.99,999.99,735916
2017-03-23,1000.01,1000.01,999.99,1000.0,1190511
2017-03-24,1000.0,1000.01,999.99,999.99,1351005
2017-03-27,1000.0,1000.0,999.99,999.99,1012779
2017-03-28,999.99,1000.01,999.99,999.99,1151575
2017-03-29,999.99,1000.01,999.99,999.99,825803
2017-03-30,999.99,1000.01,999.99,1000.0,1094521
2017-03-31,1000.0,1000.01,999.99,1000.0,1182088
2017-04-03,1000.0,1000.01,999.99,1000.0,606012
2017-04-05,999.99,1000.01,999.99,1000.0,552198
2017-04-06,999.99,1000.01,999.99,999.99,538413
2017-04-07,1000.0,1000.01,999.99,1000.0,447416
2017-04-10,999.99,1000.01,999.0,1000.0,401340
2017-04-11,999.99,1000.01,999.99,1000.0,520138
2017-04-12,999.99,1000.01,999.99,999.99,468376
2017-04-13,1000.0,1000.01,999.99,999.99,412511
2017-04-17,999.99,1000.01,999.99,1000.0,489100
2017-04-18,1000.0,1000.01,999.99,1000.0,393036
2017-04-19,1000.0,1000.01,999.99,999.99,549340
2017-04-20,1000.0,1000.01,999.99,999.99,333735
2017-04-21,1000.0,1000.01,999.99,1000.0,1351746
2017-04-24,999.99,1000.01,999.99,1000.0,448342
2017-04-25,1000.0,1000.01,978.0,1000.0,1308738
2017-04-26,1000.0,1000.01,999.99,999.99,373648
2017-04-27,999.99,1000.01,999.99,1000.0,560303
2017-04-28,999.99,1000.01,999.99,999.99,647233
2017-05-02,999.99,1000.01,999.99,999.99,374043
2017-05-03,1000.0,1000.01,999.99,1000.0,461963
2017-05-04,1000.0,1000.01,999.99,1000.0,714987
2017-05-05,1000.0,1000.01,999.99,1000.0,406246
2017-05-08,990.0,1000.01,980.0,999.99,408283
2017-05-09,990.0,1000.01,980.56,1000.0,264082
2017-05-10,1000.0,1000.01,999.99,1000.0,381364
2017-05-11,1000.0,1000.01,999.99,1000.0,458244
2017-05-12,1000.0,1000.01,999.99,1000.0,678846
2017-05-15,1000.0,1000.01,999.99,1000.0,584542
2017-05-16,1000.0,1000.01,999.99,1000.0,601982
2017-05-17,999.98,1000.01,999.98,1000.0,396461
2017-05-18,1000.0,1000.01,999.99,1000.0,760307
2017-05-19,999.99,1000.01,999.99,999.99,335284
2017-05-22,980.56,1000.01,980.56,1000.0,339240
2017-05-23,999.99,1000.01,999.99,1000.0,938900
2017-05-24,1000.0,1000.01,999.99,999.99,715271
2017-05-25,1000.0,1000.01,999.99,999.99,667041
2017-05-26,1000.0,1000.01,999.99,999.99,1462907
2017-05-29,999.99,1000.01,999.99,1000.0,662424
2017-05-30,1000.0,1000.01,999.99,999.99,616486
2017-05-31,1000.0,1000.01,999.99,999.99,699575
2017-06-01,999.99,1000.01,999.99,1000.0,722680
2017-06-02,1000.0,1000.01,999.99,1000.0,784233
2017-06-05,1000.0,1000.01,999.99,1000.0,376329
2017-06-06,1000.0,1000.01,999.99,1000.0,446324
2017-06-07,1000.0,1000.01,999.99,1000.0,864198
2017-06-08,999.99,1000.01,999.99,1000.0,569754
2017-06-09,1000.0,1000.01,999.99,1000.0,685923
2017-06-12,1000.0,1000.01,999.99,1000.0,667839
2017-06-13,999.99,1000.01,999.99,1000.0,582851
2017-06-14,999.99,1000.01,999.99,999.99,732204
2017-06-15,999.99,1000.01,999.99,1000.0,737803
2017-06-16,1000.0,1019.44,999.99,1000.0,664773
2017-06-19,999.99,1000.01,999.99,999.99,899187
2017-06-20,1000.0,1000.01,999.99,1000.0,745164
2017-06-21,999.99,1000.01,999.97,1000.0,690493
2017-06-22,999.99,1000.01,999.99,1000.0,896518
2017-06-23,1000.0,1000.01,999.99,1000.0,899813
2017-06-27,1000.0,1000.01,999.0,1000.0,1096729
2017-06-28,1000.0,1000.01,999.99,1000.0,1485166
2017-06-29,1000.0,1000.01,999.99,999.99,1363303
2017-06-30,1000.0,1000.01,999.99,1000.0,1657221
2017-07-03,990.0,1000.01,990.0,1000.0,1154903
2017-07-04,999.99,1000.01,999.99,999.99,1134295
2017-07-05,999.99,1000.01,999.99,1000.0,797331
2017-07-06,1000.0,1000.01,999.99,1000.0,2017394
2017-07-07,1000.0,1000.01,999.99,1000.0,930596
2017-07-10,999.99,1000.01,999.99,1000.0,786787
2017-07-11,999.0,1000.01,999.0,1000.0,599354
2017-07-12,1000.0,1000.01,999.99,999.99,723675
2017-07-13,1000.0,1000.01,999.99,1000.0,1159021
2017-07-14,1000.0,1000.01,999.99,1000.0,856443
2017-07-17,1000.0,1000.01,999.99,1000.0,565808
2017-07-18,999.99,1000.01,999.99,1000.0,820432
2017-07-19,1000.0,1000.01,999.99,1000.0,666909
2017-07-20,1000.0,1000.01,998.55,1000.0,1426134
2017-07-21,1000.0,1000.01,999.99,1000.0,848882
2017-07-24,999.99,1000.01,999.99,1000.0,685588
2017-07-25,1000.0,1000.01,999.99,1000.0,648677
2017-07-26,1000.0,1000.01,999.99,1000.0,715278
2017-07-27,999.99,1000.01,998.15,1000.0,955399
2017-07-28,999.99,1000.01,999.99,1000.0,1476449
2017-07-31,1000.0,1000.01,999.99,1000.0,1747818
2017-08-01,1000.0,1000.01,999.99,1000.0,1199786
2017-08-02,999.99,1000.01,999.99,1000.0,818885
2017-08-03,1000.0,1000.01,999.99,1000.0,1931708
2017-08-04,1000.0,1000.01,999.99,1000.0,1246824
2017-08-07,1000.0,1000.01,999.99,1000.0,1253279
2017-08-08,999.99,1000.01,999.99,1000.0,624403
2017-08-09,1000.0,1000.01,999.99,1000.0,953151
2017-08-10,1000.0,1000.01,999.99,1000.0,2069926
2017-08-11,999.99,1000.01,999.99,1000.0,1299862
2017-08-14,999.99,1000.01,999.99,1000.0,834615
2017-08-16,999.99,1000.01,999.99,1000.0,703604
2017-08-17,999.99,1000.01,999.99,1000.0,1083078
2017-08-18,985.56,1000.01,985.56,1000.0,1671983
2017-08-21,999.99,1000.01,999.99,1000.0,815670
2017-08-22,999.0,1000.01,998.55,1000.0,598933
2017-08-23,1000.0,1000.01,999.99,999.99,546915
2017-08-24,1000.0,1000.01,999.99,1000.0,1166122
2017-08-28,985.56,1000.01,985.56,999.99,1018869
2017-08-29,999.99,1000.01,999.99,999.99,920975
2017-08-30,991.75,1000.01,991.75,1000.0,619894
2017-08-31,1000.0,1000.01,999.99,1000.0,1089246
2017-09-01,1000.0,1000.01,999.99,999.99,648234
2017-09-04,999.99,1000.01,999.99,1000.0,573983
2017-09-05,1000.0,1000.01,999.99,999.99,585783
2017-09-06,1000.0,1000.01,999.0,1000.0,569484
2017-09-07,999.99,1000.01,999.99,1000.0,720306
2017-09-08,1000.0,1000.01,999.99,1000.0,970134
2017-09-11,999.99,1000.01,999.99,1000.0,627199
2017-09-12,999.99,1000.0,999.99,999.99,648384
2017-09-13,999.99,1000.01,999.99,1000.0,758810
2017-09-14,999.99,1000.01,999.99,1000.0,987060
2017-09-15,1000.0,1000.01,999.99,1000.0,956640
2017-09-18,999.99,1000.01,997.25,999.99,802874
2017-09-19,999.99,1000.01,999.99,1000.0,743216
2017-09-20,999.99,1000.01,999.99,999.99,950685
2017-09-21,1000.0,1000.01,999.99,1000.0,1102806
2017-09-22,1000.0,1000.01,999.99,1000.0,1360576
2017-09-25,1000.0,1000.01,999.99,1000.0,1048283
2017-09-26,1000.0,1000.01,998.55,1000.0,1037467
2017-09-27,1000.0,1000.01,999.99,1000.0,878518
2017-09-28,999.99,1000.01,999.99,999.99,1556684
2017-09-29,1000.0,1000.01,999.99,1000.0,1667964
2017-10-03,1000.0,1000.01,999.99,1000.0,887464
2017-10-04,1000.0,1000.01,999.99,1000.0,1271768
2017-10-05,1000.0,1000.01,999.99,1000.0,898778
2017-10-06,999.99,1000.01,999.99,999.99,2710803
2017-10-09,999.99,1000.01,999.99,1000.0,1031964
2017-10-10,999.99,1000.01,999.99,1000.0,720717
2017-10-11,1000.0,1000.01,999.99,1000.0,1076894
2017-10-12,1000.0,1000.01,999.99,999.99,1081327
2017-10-13,999.99,1000.01,999.99,999.99,545595
2017-10-16,1000.0,1000.01,999.99,1000.0,1116243
2017-10-17,999.99,1000.01,999.99,1000.0,892940
2017-10-18,1000.0,1000.01,997.55,1000.0,1016581
2017-10-23,1000.0,1000.01,999.99,1000.0,974117
2017-10-24,1000.0,1000.01,999.99,999.99,875311
2017-10-25,999.99,1000.01,999.99,1000.0,646382
2017-10-26,999.99,1000.01,999.99,999.99,1047922
2017-10-27,1000.0,1000.01,999.99,999.99,1461736
2017-10-30,999.99,1000.01,999.99,1000.0,611307
2017-10-31,999.99,1000.01,999.99,1000.0,760196
2017-11-01,999.01,1000.01,999.01,1000.0,832457
2017-11-02,999.0,1000.01,999.0,1000.0,1036980
2017-11-03,1000.0,1000.01,999.99,1000.0,731683
2017-11-06,999.6,1000.01,999.15,1000.0,673621
2017-11-07,999.99,1000.01,999.99,1000.0,932565
2017-11-08,1000.0,1000.01,999.99,999.99,595145
2017-11-09,999.99,1000.01,999.99,1000.0,777802
2017-11-10,999.99,1000.01,999.99,1000.0,850362
2017-11-13,999.99,1000.01,999.99,1000.0,900784
2017-11-14,1000.0,1000.01,999.99,1000.0,1153848
2017-11-15,999.99,1000.01,999.99,1000.0,996791
2017-11-16,999.99,1000.01,999.99,1000.0,1252598
2017-11-17,999.99,1000.01,998.55,1000.0,1523543
2017-11-20,999.95,1000.01,999.95,1000.0,1230579
2017-11-21,999.99,1000.01,999.99,1000.0,722754
2017-11-22,999.99,1000.01,999.99,1000.0,813829
2017-11-23,1000.0,1000.01,999.99,1000.0,1059011
2017-11-24,1000.0,1000.01,999.99,1000.0,757386
2017-11-27,999.99,1000.01,999.99,1000.0,945248
2017-11-28,999.99,1000.01,999.9,999.99,980617
2017-11-29,1000.0,1000.01,999.99,1000.0,637589
2017-11-30,1000.0,1000.01,999.99,1000.0,829725
2017-12-01,1000.0,1000.01,999.99,1000.0,845819
2017-12-04,999.99,1000.01,999.99,999.99,1028044
2017-12-05,999.95,1000.01,999.95,1000.0,714818
2017-12-06,999.6,1000.01,985.56,1000.0,621710
2017-12-07,1000.0,1000.01,999.99,1000.0,965866
2017-12-08,1000.0,1000.01,999.99,1000.0,2293584
2017-12-11,1000.0,1000.01,999.99,1000.0,920952
2017-12-12,1000.0,1000.01,999.01,1000.0,948719
2017-12-13,1000.0,1000.01,999.99,1000.0,691928
2017-12-14,999.99,1000.01,999.99,1000.0,1061319
2017-12-15,1000.0,1000.01,999.99,1000.0,1122150
2017-12-18,1000.0,1000.01,999.99,1000.0,1069233
2017-12-19,1000.0,1000.01,999.01,1000.0,826593
2017-12-20,999.99,1000.01,999.99,1000.0,971910
2017-12-21,999.99,1000.01,999.99,1000.0,1232589
2017-12-22,1000.0,1000.01,999.99,1000.0,783729
2017-12-26,999.99,1000.01,999.99,999.99,876649
2017-12-27,999.99,1000.01,999.99,1000.0,1061504
2017-12-28,1000.0,1000.01,999.99,1000.0,1537487
2017-12-29,999.99,1000.01,999.6,1000.0,1613060
2018-01-01,985.56,1000.01,985.56,1000.0,698545
2018-01-02,1000.0,1000.01,999.99,1000.0,775930
2018-01-03,1000.0,1000.01,999.99,1000.0,644460
2018-01-04,999.99,1000.01,999.99,1000.0,811290
2018-01-05,1000.0,1000.01,999.99,1000.0,1007728
2018-01-08,999.99,1000.01,999.99,999.99,796668
2018-01-09,999.99,1000.01,999.99,1000.0,615012
2018-01-10,999.99,1000.01,999.99,1000.0,900412
2018-01-11,1000.0,1000.01,999.99,1000.0,961547
2018-01-12,999.99,1000.01,999.99,1000.0,1012720
2018-01-15,999.99,1000.01,999.99,1000.0,1078555
2018-01-16,987.0,1000.01,987.0,1000.0,1214627
2018-01-17,999.75,1000.01,999.51,999.99,703929
2018-01-18,999.99,1000.01,999.99,1000.0,888249
2018-01-19,1000.0,1000.01,999.99,1000.0,860188
2018-01-22,1000.0,1000.01,999.99,1000.0,957215
2018-01-23,999.99,1000.01,999.99,1000.0,985972
2018-01-24,999.99,1000.01,999.99,999.99,1093584
2018-01-25,999.99,1000.01,999.99,1000.0,1461140
2018-01-29,1014.44,1014.44,999.99,999.99,912511
2018-01-30,999.99,1000.01,999.99,1000.0,1321456
2018-01-31,1000.0,1000.01,999.99,1000.0,1406383
2018-02-01,999.75,1000.01,999.75,1000.0,1175061
2018-02-02,999.99,1000.01,999.99,1000.0,1726558
2018-02-05,999.99,1000.01,999.99,1000.0,1414672
2018-02-06,999.99,1000.01,999.99,1000.0,1395844
2018-02-07,1000.0,1000.01,999.99,1000.0,1226104
2018-02-08,999.99,1000.01,999.6,1000.0,1118393
2018-02-09,999.99,1000.01,999.99,1000.0,1355360
2018-02-12,999.99,1000.01,999.99,1000.0,1086265
2018-02-14,999.99,1000.01,999.99,1000.0,1254213
2018-02-15,1000.0,1014.44,999.99,1000.0,908397
2018-02-16,999.99,1000.01,999.99,1000.0,1885097
2018-02-19,999.99,1000.01,999.99,1000.0,894193
2018-02-20,1000.0,1000.01,999.99,999.99,2002272
2018-02-21,999.99,1000.01,999.99,1000.0,1409976
2018-02-22,1000.0,1000.01,999.99,1000.0,1201772
2018-02-23,1000.0,1000.01,999.99,999.99,946320
2018-02-26,999.99,1000.01,999.99,999.99,1356682
2018-02-27,999.95,1000.01,999.95,1000.0,878998
2018-02-28,999.99,1000.01,999.99,1000.0,866540
2018-03-01,1000.0,1000.01,999.99,1000.0,1082208
2018-03-05,999.99,1000.01,999.99,1000.0,1345979
2018-03-06,1000.0,1000.01,999.99,1000.0,945662
2018-03-07,999.99,1000.01,999.99,999.99,1020832
2018-03-08,1000.0,1014.44,999.99,1000.03,2432679
2018-03-09,999.99,1000.01,999.75,1000.0,1447195
2018-03-12,1000.0,1000.01,999.99,999.99,1004403
2018-03-13,999.99,1000.01,998.55,999.98,1461463
2018-03-14,999.99,1000.01,999.99,999.99,1131282
2018-03-15,1000.0,1000.01,999.99,1000.0,1394223
2018-03-16,1000.0,1000.01,999.99,999.99,915237
2018-03-19,1000.0,1000.01,999.99,1000.0,970557
2018-03-20,1000.0,1000.01,999.99,1000.0,1065675
2018-03-21,999.99,1000.01,999.99,1000.0,2002649
2018-03-22,999.99,1000.01,999.99,1000.0,2561460
2018-03-23,999.9,1000.01,999.9,1000.0,4158591
2018-03-26,999.99,1000.01,999.0,999.99,4004859
2018-03-27,1000.0,1000.5,998.55,1000.0,2931893
2018-03-28,1000.0,1000.45,999.05,1000.0,3925640
2018-04-02,1000.0,1000.01,999.75,1000.0,1033704
2018-04-03,985.56,1000.01,985.56,999.99,1109344
2018-04-04,999.99,1000.01,999.99,1000.0,870240
2018-04-05,1000.0,1000.01,999.99,999.99,806029
2018-04-06,1000.0,1000.01,999.99,1000.0,1057451
2018-04-09,1000.0,1000.01,999.99,1000.0,1062706
2018-04-10,1000.0,1000.01,999.99,1000.0,726938
2018-04-11,1000.0,1000.01,999.2,1000.0,773324
2018-04-12,1000.0,1000.01,999.99,1000.0,815034
2018-04-13,1000.0,1000.01,999.99,1000.0,664908
2018-04-16,999.99,1000.01,999.99,999.99,1010468
2018-04-17,999.99,1000.01,999.99,999.99,1211461
2018-04-18,1000.0,1000.01,999.99,1000.0,831457
2018-04-19,999.99,1000.01,998.55,999.99,855557
2018-04-20,999.99,1000.01,999.99,1000.0,614405
2018-04-23,1000.0,1000.01,997.55,1000.0,824255
2018-04-24,999.99,1000.01,998.55,999.99,1173995
2018-04-25,999.99,1000.01,999.99,1000.0,1318606
2018-04-26,1000.0,1000.01,999.99,1000.0,1061095
2018-04-27,999.99,1000.01,999.99,1000.0,1703966
2018-04-30,999.99,1000.01,999.99,999.99,998857
2018-05-02,1000.0,1000.01,999.99,1000.0,1071390
2018-05-03,1000.0,1000.01,999.99,1000.0,893892
2018-05-04,1000.0,1000.01,999.99,1000.0,1008692
2018-05-07,988.1,1000.01,988.1,999.99,1211587
2018-05-08,999.99,1000.01,999.99,1000.0,1247378
2018-05-09,1000.0,1000.01,999.99,1000.0,1365345
2018-05-10,1000.0,1000.01,999.99,1000.0,1371458
2018-05-11,999.9,1000.01,999.9,1000.0,1357532
2018-05-14,999.99,1000.01,999.99,1000.0,960417
2018-05-15,988.1,1000.01,988.1,999.99,1254531
2018-05-16,1000.0,1000.01,999.99,1000.0,1562358
2018-05-17,1000.0,1000.01,999.1,1000.0,1028900
2018-05-18,1000.0,1000.01,999.99,1000.0,1712819
2018-05-21,999.1,1000.01,999.1,1000.0,1265289
2018-05-22,999.95,1000.01,998.65,999.99,940909
2018-05-23,999.99,1000.01,999.99,1000.0,1416579
2018-05-24,999.99,1000.01,999.99,1000.0,870799
2018-05-25,1000.0,1000.01,999.99,1000.0,987674
2018-05-28,1000.0,1000.01,999.99,1000.0,1338639
2018-05-29,1000.01,1000.01,999.99,1000.0,793507
2018-05-30,1000.0,1000.01,999.99,1000.0,1067307
2018-05-31,1000.0,1000.01,999.99,1000.0,1240601
2018-06-01,1000.0,1000.01,999.99,1000.0,1355657
2018-06-04,1000.0,1000.01,999.99,1000.0,1675925
2018-06-05,1000.0,1000.01,999.99,1000.0,919990
2018-06-06,1000.0,1000.01,999.99,999.99,1109918
2018-06-07,999.99,1000.01,999.99,1000.0,1004633
2018-06-08,1014.44,1014.44,999.99,1000.0,1182749
2018-06-11,1000.0,1000.01,999.0,1000.0,1369001
2018-06-12,1014.44,1014.44,999.99,1000.0,1462739
2018-06-13,1000.0,1000.01,999.99,1000.0,1118116
2018-06-14,1000.0,1000.01,999.99,999.99,1164457
2018-06-15,999.99,1000.01,999.99,1000.0,1239372
2018-06-18,999.99,1000.01,999.99,1000.0,1199441
2018-06-19,999.99,1000.01,999.99,1000.0,951412
2018-06-20,999.99,1000.01,999.99,1000.0,1606187
2018-06-21,1000.0,1000.01,999.99,999.99,790580
2018-06-22,1000.0,1000.01,999.99,999.99,1754539
2018-06-25,990.0,1000.01,990.0,1000.0,1620673
2018-06-26,1000.0,1000.01,999.99,1000.0,1216600
2018-06-27,999.99,1000.01,999.99,1000.0,1430044
2018-06-28,999.0,1000.01,999.0,1000.0,774068
2018-06-29,1000.0,1000.01,999.99,1000.0,1308339
2018-07-02,999.99,1000.01,999.99,1000.0,927232
2018-07-03,999.0,1000.01,999.0,999.99,675257
2018-07-04,990.0,1000.01,990.0,999.99,937104
2018-07-05,1000.0,1000.01,999.99,1000.0,709223
2018-07-06,999.99,1000.01,999.99,999.99,760417
2018-07-09,1000.0,1000.01,999.99,999.99,583393
2018-07-10,1000.0,1000.01,999.99,1000.0,780386
2018-07-11,999.99,1000.01,999.99,1000.0,949885
2018-07-12,990.3,1000.01,990.3,1000.0,568922
2018-07-13,999.99,1000.01,999.99,1000.0,825106
2018-07-16,999.99,1000.01,999.99,1000.0,742546
2018-07-17,999.99,1000.01,999.99,1000.0,710483
2018-07-18,990.5,1000.01,990.5,1000.0,666780
2018-07-19,999.99,1000.01,999.99,999.99,583871
2018-07-20,1000.0,1000.01,999.99,999.99,695033
2018-07-23,1000.0,1000.01,999.99,999.99,734977
2018-07-24,991.65,1000.01,991.65,999.99,807159
2018-07-25,999.99,1000.01,999.99,1000.0,639310
2018-07-26,999.99,1000.01,999.99,1000.0,628736
2018-07-27,1000.0,1000.01,999.99,1000.0,939838
2018-07-30,999.99,1000.01,999.99,1000.0,860859
2018-07-31,1000.0,1000.01,999.99,1000.0,728774
2018-08-01,999.99,1000.01,999.99,1000.0,812260
2018-08-02,1014.44,1014.44,999.99,999.99,1182331
2018-08-03,999.99,1010.2,999.99,1000.0,927414
2018-08-06,1000.0,1000.01,995.65,1000.0,762386
2018-08-07,1000.0,1000.01,999.99,1000.0,754639
2018-08-08,999.99,1000.01,999.99,1000.0,915388
2018-08-09,999.99,1000.01,999.99,1000.0,973946
2018-08-10,1000.0,1000.01,999.99,1000.0,1184600
2018-08-13,999.99,1000.01,999.99,1000.0,1275232
2018-08-14,999.99,1000.01,999.99,1000.0,923724
2018-08-16,1000.0,1000.01,999.99,1000.0,1210318
2018-08-17,1000.0,1000.01,999.99,999.99,1580705
2018-08-20,1000.0,1000.01,999.99,1000.0,1096388
2018-08-21,999.99,1000.01,999.99,1000.0,794291
2018-08-23,1000.0,1000.01,999.99,1000.0,1027713
2018-08-24,1000.0,1000.01,999.99,1000.0,947139
2018-08-27,999.9,1000.01,999.9,1000.0,682804
2018-08-28,999.0,1000.01,999.0,1000.0,730997
2018-08-29,999.99,1000.01,999.99,1000.0,750695
2018-08-30,999.99,1000.01,999.99,1000.0,1046055
2018-08-31,1000.0,1000.01,999.99,999.99,1639291
2018-09-03,1000.0,1000.01,999.99,1000.0,1565490
2018-09-04,999.99,1000.01,999.99,1000.0,1407957
2018-09-05,999.99,1000.01,999.99,1000.0,1476109
2018-09-06,1000.0,1000.01,999.99,1000.0,1141691
2018-09-07,1000.0,1000.01,999.99,1000.0,1424783
2018-09-10,999.99,1000.01,999.99,1000.0,817262
2018-09-11,991.65,1000.01,991.65,1000.0,1632473
2018-09-12,999.99,1000.01,999.0,1000.0,1077796
2018-09-14,1000.0,1000.01,999.99,1000.0,1254268
2018-09-17,1000.0,1000.01,999.99,1000.0,1927167
2018-09-18,1000.0,1000.01,999.99,999.99,1175654
2018-09-19,999.99,1000.01,999.99,1000.0,1464464
2018-09-21,999.99,1000.01,999.99,1000.0,1102522
2018-09-24,999.99,1000.01,999.99,1000.0,1073526
2018-09-25,1000.0,1000.01,999.99,1000.0,1405335
2018-09-26,999.99,1000.01,999.99,1000.0,1475465
2018-09-27,1000.0,1000.01,999.99,1000.0,1025460
2018-09-28,1000.0,1000.01,999.0,1000.0,1456195
2018-10-01,999.99,1000.01,999.99,999.99,1272893
2018-10-03,995.0,1000.01,991.56,999.99,1020656
2018-10-04,1000.0,1000.01,999.0,1000.0,1283950
2018-10-05,1000.0,1000.01,999.99,1000.0,828694
2018-10-08,1000.0,1000.01,999.99,1000.0,1668279
2018-10-09,1000.0,1000.01,999.99,1000.0,862322
2018-10-10,1000.0,1000.01,999.99,1000.0,1748313
2018-10-11,1000.0,1000.01,991.56,1000.0,748839
2018-10-12,999.99,1000.01,999.99,1000.0,725391
2018-10-15,999.99,1000.01,999.99,1000.0,596367
2018-10-16,999.99,1000.01,999.99,1000.0,949256
2018-10-17,999.99,1000.01,999.99,1000.0,1265920
2018-10-19,1000.0,1005.0,999.99,999.99,984520
2018-10-22,1000.0,1000.01,997.75,1000.0,519425
2018-10-23,999.99,1000.01,999.99,999.99,1293120
2018-10-24,999.99,1000.01,999.99,999.99,746025
2018-10-25,1000.0,1000.01,999.99,1000.0,702187
2018-10-26,999.95,1000.01,999.95,1000.0,1037109
2018-10-29,1000.0,1000.01,999.99,999.99,660530
2018-10-30,1000.0,1000.01,999.99,1000.0,841476
2018-10-31,1000.0,1000.01,999.99,1000.0,988720
2018-11-01,992.0,1000.01,992.0,999.99,762104
2018-11-02,1000.0,1000.01,999.99,1000.0,799841
2018-11-05,1000.0,1000.01,995.7,999.99,792712
2018-11-06,999.99,1000.01,999.99,1000.0,538616
2018-11-09,1000.0,1000.01,996.45,999.99,592126
2018-11-12,999.01,1000.01,999.01,1000.0,848313
2018-11-13,1000.0,1000.01,999.99,999.99,763683
2018-11-14,1000.0,1000.01,999.99,1000.0,553487
2018-11-15,1000.0,1000.01,999.99,1000.0,783892
2018-11-16,999.98,1000.01,999.94,1000.0,1538101
2018-11-19,1000.0,1000.01,999.99,1000.0,781311
2018-11-20,999.99,1000.01,999.99,1000.0,796953
2018-11-21,999.99,1000.01,999.99,999.99,671033
2018-11-22,999.99,1000.01,999.99,1000.0,648770
2018-11-26,1000.0,1000.01,999.01,999.99,857798
2018-11-27,1000.0,1000.01,999.99,999.99,1235620
2018-11-28,999.99,1000.01,999.99,1000.0,979641
2018-11-29,999.99,1000.01,999.99,1000.0,942270
2018-11-30,1000.0,1000.01,999.99,1000.0,1344465
2018-12-03,1000.0,1000.01,999.99,999.99,1037757
2018-12-04,999.99,1000.01,999.99,999.99,691175
2018-12-05,999.99,1000.01,999.01,999.99,461066
2018-12-06,999.99,1000.01,999.99,1000.0,831642
2018-12-07,999.99,1000.01,999.99,999.99,938188
2018-12-10,1000.0,1000.01,999.99,1000.0,713171
2018-12-11,999.99,1000.01,999.99,999.99,730062
2018-12-12,999.01,1000.01,999.01,999.99,640862
2018-12-13,1000.0,1000.01,999.99,1000.0,452993
2018-12-14,1000.0,1000.01,999.99,1000.0,557063
2018-12-17,999.99,1000.01,999.99,1000.0,817541
2018-12-18,1000.0,1000.01,999.99,1000.0,904496
2018-12-19,999.99,1000.01,999.99,1000.0,794301
2018-12-20,999.0,1000.01,999.0,1000.0,518532
2018-12-21,1000.0,1000.01,999.0,1000.0,794811
2018-12-24,999.01,1000.01,999.01,1000.0,1647140
2018-12-26,1000.0,1000.01,999.01,1000.0,1438932
2018-12-27,1000.0,1000.01,999.99,1000.0,1368905
2018-12-28,999.99,1000.01,999.99,999.99,1285124
2018-12-31,1000.0,1000.01,999.99,999.99,874162
2019-01-01,1000.0,1000.01,999.99,1000.0,567153
2019-01-02,999.99,1000.01,999.99,1000.0,654603
2019-01-03,1000.0,1000.01,999.99,1000.0,510775
2019-01-04,1000.0,1000.01,999.99,1000.0,538722
2019-01-07,1000.0,1000.01,999.01,999.99,706623
2019-01-08,1000.0,1000.01,999.99,1000.0,598999
2019-01-09,1000.0,1000.01,999.11,1000.0,622891
2019-01-10,1000.0,1000.01,999.9,1000.0,461258
2019-01-11,1000.0,1000.01,999.96,1000.0,722398
2019-01-14,999.01,1000.01,999.01,999.99,528634
2019-01-15,999.99,1000.01,999.99,1000.0,522931
2019-01-16,999.99,1000.01,999.99,1000.0,619773
2019-01-17,1000.0,1000.01,999.99,1000.0,759644
2019-01-18,1000.0,1000.01,999.99,1000.0,585069
2019-01-21,999.25,1000.01,999.16,1000.0,522625
2019-01-22,1000.0,1000.01,999.99,999.99,638806
2019-01-23,1000.0,1000.01,999.51,999.99,552449
2019-01-24,999.99,1000.01,999.51,1000.0,544761
2019-01-25,1000.0,1000.01,999.26,1000.0,733797
2019-01-28,1000.0,1000.01,999.51,999.99,680932
2019-01-29,999.36,1000.01,999.36,999.99,648566
2019-01-30,1000.0,1000.01,999.99,1000.0,668146
2019-01-31,1000.0,1000.01,999.99,1000.0,619741
2019-02-01,1000.0,1000.01,999.99,1000.0,554740
2019-02-04,999.95,1000.01,999.95,999.99,525133
2019-02-05,1000.0,1000.01,999.99,1000.0,715713
2019-02-06,1000.0,1000.01,999.99,1000.0,583792
2019-02-07,999.99,1000.01,999.33,1000.0,440779
2019-02-08,1000.0,1000.01,999.99,1000.0,715009
2019-02-11,999.99,1000.01,999.35,999.99,684643
2019-02-12,999.55,1000.01,999.55,1000.0,705371
2019-02-13,999.98,1000.01,999.35,999.99,587693
2019-02-14,999.99,1000.01,999.99,999.99,510661
2019-02-15,999.99,1000.01,999.55,1000.0,1030515
2019-02-18,991.56,1000.01,991.56,999.99,582712
2019-02-19,1000.0,1000.01,999.56,1000.0,415064
2019-02-20,999.99,1000.01,999.58,1000.0,521660
2019-02-21,999.99,1000.01,999.57,1000.0,447433
2019-02-22,999.99,1000.01,999.99,1000.0,848977
2019-02-25,1000.0,1000.01,999.56,999.99,777675
2019-02-26,999.99,1000.01,999.99,1000.0,679874
2019-02-27,1000.35,1000.35,999.61,1000.0,800588
2019-02-28,1000.0,1000.01,999.99,1000.0,638783
2019-03-01,1000.0,1000.01,999.99,1000.0,741094
2019-03-05,999.95,1000.01,999.9,999.99,838079
2019-03-06,999.99,1000.01,999.99,1000.0,788384
2019-03-07,1000.0,1000.01,999.99,1000.0,538500
2019-03-08,999.99,1000.01,999.99,999.99,619125
2019-03-11,999.55,1000.01,999.25,999.99,619649
2019-03-12,1000.0,1000.01,999.99,999.99,710993
2019-03-13,999.99,1000.01,999.99,1000.0,1004316
2019-03-14,1000.0,1000.01,999.15,1000.0,731495
2019-03-15,1000.0,1000.01,999.99,1000.0,821293
2019-03-18,999.99,1000.01,999.99,999.99,800300
2019-03-19,1000.0,1000.01,999.99,999.99,900776
2019-03-20,1000.0,1000.01,999.99,1000.0,927063
2019-03-22,1000.0,1000.01,999.99,1000.0,939655
2019-03-25,1000.0,1000.01,999.55,1000.0,1500734
2019-03-26,999.99,1000.01,999.99,999.99,2155639
2019-03-27,1000.0,1000.01,999.99,999.99,2659492
2019-03-28,1000.0,1000.01,999.56,1000.0,1185082
2019-03-29,1000.0,1000.01,999.99,1000.0,2753542
2019-04-01,999.99,1000.01,999.99,1000.0,661348
2019-04-02,999.99,1000.01,999.99,999.99,899575
2019-04-03,1000.0,1000.01,999.99,999.99,1297422
2019-04-04,999.99,1000.01,999.3,999.99,910317
2019-04-05,1000.0,1000.01,999.99,999.99,1030895
2019-04-08,999.99,1000.01,999.99,999.99,903124
2019-04-09,999.55,1000.01,999.25,1000.0,674654
2019-04-10,1000.0,1000.01,999.29,1000.0,531644
2019-04-11,999.99,1000.01,999.3,1000.0,639209
2019-04-12,1000.01,1000.01,999.99,1000.0,749578
2019-04-15,999.31,1000.01,999.31,999.99,726606
2019-04-16,992.01,1000.01,992.01,1000.0,767115
2019-04-18,999.99,1000.1,997.9,1000.0,1013655
2019-04-22,1000.0,1000.01,999.0,1000.0,744731
2019-04-23,995.01,1000.01,995.01,1000.0,865561
2019-04-24,1000.0,1000.01,999.99,1000.0,1165004
2019-04-25,999.99,1000.01,999.99,999.99,629669
2019-04-26,1000.0,1000.01,999.99,1000.0,847654
2019-04-30,1000.0,1000.01,999.32,1000.0,996451
2019-05-02,999.99,1000.01,999.99,1000.0,911784
2019-05-03,1000.0,1000.01,999.32,1000.0,807701
2019-05-06,999.99,1000.01,999.99,999.99,718912
2019-05-07,1000.0,1000.01,999.99,1000.0,753354
2019-05-08,1000.0,1000.01,999.32,1000.0,728582
2019-05-09,999.9,1000.01,999.9,1000.0,752572
2019-05-10,1000.0,1000.01,999.99,1000.0,590172
2019-05-13,991.56,1000.01,991.56,1000.0,922720
2019-05-14,1000.0,1000.01,999.4,1000.0,1048339
2019-05-15,995.0,1000.01,994.55,1000.0,777481
2019-05-16,999.51,1000.01,999.51,1000.0,927510
2019-05-17,999.55,1000.01,999.55,1000.0,766997
2019-05-20,999.99,1000.01,999.99,999.99,827785
2019-05-21,1000.0,1000.01,999.99,1000.0,972590
2019-05-22,999.99,1000.01,999.99,1000.0,1033528
2019-05-23,999.55,1000.01,999.36,1000.0,874865
2019-05-24,1000.0,1000.01,999.99,1000.0,944280
2019-05-27,999.37,1000.01,999.37,1000.0,1360325
2019-05-28,1000.0,1000.01,999.99,999.99,747562
2019-05-29,1000.0,1000.01,999.99,1000.0,768287
2019-05-30,999.0,1000.01,999.0,1000.0,773180
2019-05-31,1000.0,1000.01,999.56,1000.0,781989
2019-06-03,1000.0,1000.01,999.63,999.99,837180
2019-06-04,1000.0,1000.01,999.65,1000.0,672526
2019-06-06,1000.0,1000.01,999.99,999.99,707751
2019-06-07,999.99,1000.01,999.99,1000.0,773909
2019-06-10,1000.0,1000.01,999.99,1000.0,980975
2019-06-11,999.99,1000.01,999.99,1000.0,699665
2019-06-12,1000.0,1000.01,999.96,1000.0,677161
2019-06-13,1000.0,1000.01,999.02,1000.0,756666
2019-06-14,999.98,1000.01,999.98,1000.0,1128172
2019-06-17,1000.0,1000.01,999.36,999.99,946276
2019-06-18,999.99,1000.01,999.99,1000.0,852970
2019-06-19,999.99,1000.01,999.99,999.99,694172
2019-06-20,1000.0,1000.01,999.2,999.99,1292371
2019-06-21,999.56,1000.01,999.56,1000.0,1380828
2019-06-24,1000.0,1000.01,999.99,999.99,1070041
2019-06-25,1000.0,1000.01,999.96,1000.0,779806
2019-06-26,1000.0,1000.01,999.99,1000.0,1693961
2019-06-27,1000.0,1000.0,999.56,999.99,1256064
2019-06-28,999.99,1000.01,999.99,999.99,1491436
2019-07-01,1000.0,1000.45,999.99,1000.0,623155
2019-07-02,1000.0,1000.01,999.56,1000.0,552392
2019-07-03,1000.0,1000.01,999.8,1000.0,736270
2019-07-04,1000.0,1000.01,999.99,1000.0,797114
2019-07-05,1000.0,1000.01,999.99,1000.0,735896
2019-07-08,1000.0,1000.01,999.99,1000.0,1308106
2019-07-09,999.99,1000.01,999.6,1000.0,812158
2019-07-10,1000.01,1000.01,999.9,1000.0,963166
2019-07-11,1000.0,1000.01,999.7,999.99,880696
2019-07-12,999.9,1000.01,999.9,999.99,808244
2019-07-15,1000.0,1000.01,999.94,1000.0,1273915
2019-07-16,999.99,1000.01,999.15,999.99,628804
2019-07-17,999.99,1000.01,999.8,1000.0,1600081
2019-07-18,1000.0,1000.01,999.99,1000.0,585705
2019-07-19,1000.0,1000.01,999.99,1000.0,911104
2019-07-22,1000.0,1000.01,999.23,999.99,1471195
2019-07-23,999.99,1000.01,999.95,1000.0,527044
2019-07-24,999.32,1000.01,999.32,1000.0,584897
2019-07-25,999.32,1000.01,999.32,1000.0,806891
2019-07-26,1000.0,1000.01,999.63,1000.0,892332
2019-07-29,1000.0,1000.01,999.32,1000.0,1153806
2019-07-30,1000.0,1000.01,999.99,1000.0,1044645
2019-07-31,999.32,1000.01,999.32,1000.0,633943
2019-08-01,1000.0,1000.01,999.33,1000.0,708512
2019-08-02,999.99,1000.01,999.35,1000.0,816213
2019-08-05,1000.0,1000.01,999.6,999.99,866180
2019-08-06,1000.0,1000.01,999.94,1000.0,832207
2019-08-07,999.99,1002.55,999.5,1000.01,1800794
2019-08-08,1000.0,1001.0,999.42,1000.0,3371009
2019-08-09,1000.0,1010.0,999.0,1000.03,2158054
2019-08-13,999.99,1000.01,997.75,1000.0,1192739
2019-08-14,999.99,1000.01,999.94,1000.0,1142444
2019-08-16,999.55,1000.01,999.55,1000.0,871466
2019-08-19,1000.0,1000.01,999.9,1000.0,1077111
2019-08-20,999.94,1000.01,999.6,1000.0,823790
2019-08-21,996.3,1000.01,996.3,999.99,895708
2019-08-22,999.55,1000.01,999.55,1000.0,971246
2019-08-23,999.99,1000.01,999.96,999.99,1021776
2019-08-26,1000.0,1000.01,999.7,999.99,868504
2019-08-27,1000.0,1000.01,999.99,999.99,903515
2019-08-28,999.99,1000.01,999.99,1000.0,534660
2019-08-29,999.99,1000.01,999.8,999.99,1230839
2019-08-30,1000.0,1000.01,999.94,1000.0,824302
2019-09-03,1000.0,1000.01,999.33,1000.0,707214
2019-09-04,999.94,1000.01,999.94,999.99,831742
2019-09-05,995.55,1000.01,995.55,999.99,792226
2019-09-06,1000.0,1000.01,999.6,999.99,1762277
2019-09-09,999.94,1000.01,999.32,1000.0,702700
2019-09-11,999.99,1000.01,999.51,999.99,1045378
2019-09-12,999.99,1000.01,999.36,1000.0,931015
2019-09-13,1000.0,1000.01,999.99,1000.0,963747
2019-09-16,999.99,1000.01,999.36,1000.0,648124
2019-09-17,1000.0,1000.01,999.95,1000.0,801268
2019-09-18,1000.0,1000.01,999.99,999.99,529793
2019-09-19,999.99,1000.01,999.99,1000.0,1778258
2019-09-20,1000.0,1000.01,999.62,999.99,1935837
2019-09-23,999.5,1000.01,999.5,999.99,3502902
2019-09-24,995.55,1000.01,995.55,999.98,1680952
2019-09-25,999.0,1000.01,998.25,1000.0,1016938
2019-09-26,1000.0,1000.01,999.5,1000.0,1398485
2019-09-27,1000.0,1000.01,999.13,1000.0,1430421
2019-09-30,1000.0,1000.01,999.99,1000.0,1427652
2019-10-01,1000.0,1000.01,999.52,1000.0,846312
2019-10-03,999.5,1000.01,999.5,999.99,791499
2019-10-04,999.99,1000.01,999.52,1000.0,585612
2019-10-07,1000.0,1000.01,999.9,1000.0,1142667
2019-10-09,999.0,1001.0,999.0,999.99,689871
2019-10-10,999.95,1000.01,999.6,1000.0,776117
2019-10-11,1000.0,1000.03,999.6,999.99,711820
2019-10-14,999.02,1000.01,999.02,1000.0,579155
2019-10-15,1000.0,1000.01,999.6,999.99,758225
2019-10-16,1000.0,1000.01,999.62,999.99,613315
2019-10-17,1008.0,1008.0,999.99,999.99,639802
2019-10-18,1000.0,1000.01,999.9,999.99,1063305
2019-10-22,1000.0,1000.01,999.25,999.99,827280
2019-10-23,999.66,1000.01,999.32,1000.0,703430
2019-10-24,999.98,1000.01,999.98,1000.0,1214497
2019-10-25,1000.01,1000.01,999.1,1000.0,576020
2019-10-27,1000.0,1010.0,999.3,1000.04,62880
2019-10-29,1000.0,1000.01,999.99,1000.0,678738
2019-10-30,999.9,1000.01,999.35,1000.0,740005
2019-10-31,995.55,1000.01,995.55,1000.0,879895
2019-11-01,999.61,1000.01,999.32,1000.0,1084066
2019-11-04,1000.0,1000.01,999.62,999.99,775798
2019-11-05,1000.0,1000.01,999.99,999.99,648312
2019-11-06,1000.0,1000.01,999.99,1000.0,614458
2019-11-07,1000.0,1000.01,999.65,1000.0,573393
2019-11-08,1000.01,1000.01,999.99,1000.0,794005
2019-11-11,1000.0,1000.01,999.73,1000.0,575796
2019-11-13,995.55,1000.01,995.55,1000.0,1046781
2019-11-14,1000.0,1000.01,999.85,999.99,634742
2019-11-15,1008.0,1008.0,999.99,999.99,1824373
2019-11-18,1000.0,1002.25,999.7,999.99,707312
2019-11-19,999.86,1000.01,999.86,999.99,666752
2019-11-20,997.55,1000.01,997.55,999.99,779995
2019-11-21,1000.0,1000.01,999.7,999.99,1175366
2019-11-22,1000.0,1000.01,999.99,1000.0,773919
2019-11-25,1000.0,1000.01,999.93,1000.0,810139
2019-11-26,1000.01,1000.01,999.98,999.99,764332
2019-11-27,999.99,1000.01,999.96,999.99,547284
2019-11-28,1000.0,1000.01,999.99,1000.0,741651
2019-11-29,995.55,1000.01,995.55,1000.0,1017272
2019-12-02,1000.0,1000.01,999.62,999.99,740908
2019-12-03,995.55,1000.01,995.55,999.99,792020
2019-12-04,999.99,1000.01,999.98,999.99,483700
2019-12-05,1000.01,1000.01,999.9,1000.0,518660
2019-12-06,1000.0,1000.01,999.9,1000.0,747568
2019-12-09,1000.0,1000.0,999.62,999.99,782531
2019-12-10,1000.0,1000.01,999.65,999.99,490952
2019-12-11,999.7,1000.01,999.65,1000.0,452838
2019-12-12,1000.0,1000.01,999.66,999.99,548062
2019-12-13,999.99,1000.01,999.99,999.99,605654
2019-12-16,1009.9,1009.9,999.6,1000.0,555633
2019-12-17,1000.0,1000.01,999.99,1000.0,501950
2019-12-18,1000.01,1000.01,999.99,1000.0,669597
2019-12-19,1000.01,1000.01,999.99,1000.0,664875
2019-12-20,1000.0,1000.01,999.81,999.99,782987
2019-12-23,999.25,1000.01,999.25,1000.0,632959
2019-12-24,999.84,1000.01,999.6,1000.0,765367
2019-12-26,1000.0,1001.0,999.94,1000.0,939416
2019-12-27,1000.0,1000.01,999.99,1000.0,1000565
2019-12-30,1000.0,1000.01,999.99,999.99,925638
2019-12-31,1000.0,1000.01,999.99,999.99,1722013
2020-01-01,1001.0,1001.0,999.99,999.99,787734
2020-01-02,999.99,1000.01,999.25,1000.0,2423949
2020-01-03,1000.0,1000.01,999.27,1000.0,1540718
2020-01-06,997.55,1001.0,997.55,1000.0,1434297
2020-01-07,1000.0,1000.01,999.6,1000.0,549536
2020-01-08,1000.0,1000.01,999.95,999.99,502703
2020-01-09,1000.0,1000.01,999.99,999.99,679842
2020-01-10,1000.0,1000.01,999.6,1000.0,1036523
2020-01-13,1000.0,1000.01,999.99,999.99,665760
2020-01-14,1000.0,1000.01,999.9,1000.0,782711
2020-01-15,1000.0,1000.5,999.99,999.99,849767
2020-01-16,1000.0,1000.01,999.32,1000.0,621367
2020-01-17,1000.0,1000.01,999.4,1000.0,566482
2020-01-20,999.99,1000.01,999.25,999.99,370190
2020-01-21,1000.0,1000.01,999.99,1000.0,718691
2020-01-22,1000.0,1000.01,999.25,1000.0,475254
2020-01-23,1000.0,1000.01,999.25,999.99,1262573
2020-01-24,1000.0,1000.01,999.94,1000.0,626841
2020-01-27,1001.0,1001.0,999.94,1000.0,691397
2020-01-28,999.99,1000.01,999.32,999.99,549527
2020-01-29,999.25,1000.01,999.25,1000.0,524223
2020-01-30,999.25,1000.01,999.25,1000.0,717986
2020-01-31,1000.0,1000.01,999.58,1000.0,737664
2020-02-01,1000.0,1000.01,999.6,1000.0,858623
2020-02-03,1000.0,1000.01,999.25,1000.0,824284
2020-02-04,1001.0,1001.0,999.95,1000.0,542984
2020-02-05,1000.0,1000.01,999.65,1000.0,699658
2020-02-06,1000.0,1000.01,999.99,1000.0,601968
2020-02-07,1000.0,1000.01,999.94,1000.0,896273
2020-02-10,1000.0,1000.01,999.65,999.99,568009
2020-02-11,1000.0,1000.01,999.66,999.99,627063
2020-02-12,1000.0,1000.01,999.99,999.99,597210
2020-02-13,997.55,1000.01,997.55,1000.0,808810
2020-02-14,1000.0,1000.01,999.5,1000.0,602222
2020-02-17,999.99,1000.01,999.99,999.99,767136
2020-02-18,999.99,1000.01,999.3,999.99,932630
2020-02-19,1000.0,1000.01,999.94,999.99,697385
2020-02-20,1000.01,1000.01,999.9,1000.0,604649
2020-02-24,1000.0,1001.0,999.99,1000.0,770992
2020-02-25,1000.0,1000.0,999.66,999.99,664660
2020-02-26,999.99,1000.01,999.94,1000.0,674249
2020-02-27,1000.0,1000.01,999.99,1000.0,913406
2020-02-28,1000.0,1000.01,997.55,999.84,1630627
2020-03-02,1000.0,1000.01,999.25,1000.0,696204
2020-03-03,1000.0,1000.01,999.45,1000.0,1094211
2020-03-04,1000.0,1000.01,999.4,1000.0,855226
2020-03-05,1000.0,1000.01,999.52,1000.0,837112
2020-03-06,1000.0,1001.0,999.55,1000.0,1051536
2020-03-09,999.99,1000.01,999.75,999.99,939915
2020-03-11,999.99,1000.01,999.66,1000.0,822065
2020-03-12,1000.0,1000.01,999.5,1000.0,1927368
2020-03-13,1003.55,1003.55,999.0,1000.0,1633893
2020-03-16,1000.01,1000.01,999.25,1000.0,914161
2020-03-17,999.0,1000.01,999.0,1000.0,883608
2020-03-18,1000.0,1000.01,999.1,999.99,961163
2020-03-19,1000.0,1000.01,999.51,1000.0,1394222
2020-03-20,1000.0,1000.01,999.5,1000.0,1425322
2020-03-23,999.99,1000.01,999.0,1000.0,1837112
2020-03-24,999.0,1005.0,998.0,999.99,805015
2020-03-25,1009.9,1009.9,999.65,999.99,1474398
2020-03-26,1000.0,1000.01,999.66,999.99,1472948
2020-03-27,1000.0,1000.05,999.99,1000.0,1525792
2020-03-30,1000.0,1000.01,999.5,1000.0,1595242
2020-03-31,1000.0,1000.01,999.99,1000.0,1435432
2020-04-01,1000.0,1000.01,999.66,1000.0,1113895
2020-04-03,999.99,1000.01,999.94,1000.0,1396490
2020-04-07,1000.0,1000.01,999.9,999.99,1308148
2020-04-08,999.99,1000.01,999.5,1000.0,1294003
2020-04-09,1000.0,1000.01,999.99,1000.0,1238499
2020-04-13,1000.0,1000.01,999.5,1000.0,1421365
2020-04-15,1000.0,1009.9,999.99,1000.0,1150817
2020-04-16,1000.0,1001.0,999.94,999.99,850260
2020-04-17,1000.01,1008.0,999.66,1000.03,2189395
2020-04-20,1000.0,1000.01,999.66,1000.0,1680533
2020-04-21,1000.0,1000.01,999.5,1000.0,1216699
2020-04-22,1001.0,1001.0,999.99,999.99,1082465
2020-04-23,999.5,1000.01,999.5,1000.0,902075
2020-04-24,1000.0,1000.01,999.53,1000.0,1974942
2020-04-27,999.99,1000.01,999.55,999.99,1494839
2020-04-28,1001.76,1001.76,999.99,999.99,1004767
2020-04-29,1000.98,1000.98,999.99,1000.0,1322751
2020-04-30,999.95,1000.01,999.56,1000.0,1954529
2020-05-04,1000.0,1000.01,999.5,1000.0,3582598
2020-05-05,1000.0,1001.0,999.99,1000.0,1293420
2020-05-06,1000.97,1000.97,999.94,1000.0,827100
2020-05-07,1003.55,1003.55,999.9,1000.0,987008
2020-05-08,1000.0,1000.01,999.5,1000.0,1162166
2020-05-11,1000.0,1000.01,999.5,999.99,819327
2020-05-12,1000.0,1000.01,999.99,1000.0,773193
2020-05-13,1000.0,1000.01,999.25,999.99,754971
2020-05-14,1003.55,1003.55,999.99,1000.0,1035529
2020-05-15,1000.84,1000.84,999.55,1000.0,791338
2020-05-18,1000.0,1000.01,999.55,1000.0,887744
2020-05-19,1000.0,1000.01,999.55,1000.0,678533
2020-05-20,1000.0,1000.01,999.99,999.99,818331
2020-05-21,1000.0,1000.98,999.7,1000.0,823358
2020-05-22,1000.0,1000.01,999.55,999.99,764852
2020-05-26,1000.0,1000.01,999.5,1000.0,894948
2020-05-27,1000.0,1000.01,999.56,999.99,1197933
2020-05-28,1001.0,1001.0,999.6,1000.0,1055815
2020-05-29,1000.0,1000.01,999.99,1000.0,2016622
2020-06-01,1000.0,1000.01,999.6,1000.0,1331662
2020-06-02,1000.0,1000.01,999.7,999.99,1078485
2020-06-03,1000.0,1000.01,999.99,1000.0,1271242
2020-06-04,1000.95,1000.95,999.99,999.99,801860
2020-06-05,1000.0,1000.01,999.99,999.99,821422
2020-06-08,1000.0,1000.01,997.3,1000.0,1080347
2020-06-09,1000.0,1000.01,999.61,1000.0,1379453
2020-06-10,1000.96,1000.96,999.55,1000.0,1040255
2020-06-11,1000.0,1000.01,999.6,1000.0,697973
2020-06-12,999.99,1000.01,999.36,1000.0,902486
2020-06-15,1000.0,1001.0,999.1,1000.0,580442
2020-06-16,1000.01,1000.84,999.99,1000.0,506268
2020-06-17,1000.0,1000.01,999.13,999.99,461885
2020-06-18,1000.0,1000.01,999.55,999.99,700496
2020-06-19,1001.86,1001.86,999.99,1000.0,1149876
2020-06-22,1000.0,1000.01,999.36,1000.0,717270
2020-06-23,1000.01,1000.01,999.5,999.99,829445
2020-06-24,999.99,1000.9,999.99,1000.0,1007679
2020-06-25,1003.7,1003.7,999.99,1000.0,709621
2020-06-26,999.0,1000.01,999.0,1000.0,928416
2020-06-29,1000.0,1000.01,999.36,999.99,869066
2020-06-30,999.99,1000.01,999.99,1000.0,989741
2020-07-01,1000.01,1000.01,999.1,1000.0,679436
2020-07-02,1000.01,1000.01,999.9,1000.0,569388
2020-07-03,1000.0,1003.7,999.95,1000.0,1077648
2020-07-06,999.9,1000.01,999.9,999.99,830058
2020-07-07,1000.0,1000.01,999.5,1000.0,794231
2020-07-08,1000.0,1000.01,999.9,1000.0,817232
2020-07-09,1000.0,1000.01,999.99,1000.0,832891
2020-07-10,1000.0,1000.01,999.99,1000.0,1006079
2020-07-13,1000.0,1000.01,999.85,1000.0,806085
2020-07-14,999.98,1000.01,997.3,1000.0,842043
2020-07-15,1000.0,1000.01,999.99,1000.0,595080
2020-07-16,1000.0,1000.01,999.99,1000.0,976590
2020-07-17,1000.0,1000.01,999.99,1000.0,671034
2020-07-20,1000.0,1000.01,999.52,999.99,869267
2020-07-21,1000.01,1003.7,999.52,1000.0,615403
2020-07-22,1000.01,1000.01,999.99,999.99,874613
2020-07-23,1000.0,1000.01,999.99,999.99,753622
2020-07-24,999.99,1000.01,999.99,1000.0,954276
2020-07-27,1000.0,1000.01,999.03,999.99,976277
2020-07-28,999.99,1000.01,999.99,999.99,855646
2020-07-29,997.3,1000.01,997.3,1000.0,739554
2020-07-30,999.99,1000.01,998.27,1000.0,957867
2020-07-31,999.9,1000.01,997.3,1000.0,832304
2020-08-03,1000.0,1000.01,999.3,999.99,606313
2020-08-04,1003.55,1003.55,999.94,1000.0,802796
2020-08-05,1000.01,1000.01,999.99,1000.0,541258
2020-08-06,997.3,1000.01,997.3,999.99,563923
2020-08-07,1000.0,1000.01,998.28,999.99,882986
2020-08-10,1003.55,1003.55,999.52,1000.0,920808
2020-08-11,1000.01,1000.01,999.99,1000.0,865964
2020-08-12,1003.4,1003.4,999.51,1000.0,1265652
2020-08-13,1000.0,1000.01,999.99,999.99,1112881
2020-08-14,999.0,1000.5,999.0,1000.0,1075049
2020-08-17,1000.0,1000.01,997.3,999.99,757463
2020-08-18,1000.0,1000.01,999.3,999.99,620854
2020-08-19,999.99,1000.5,999.99,999.99,729934
2020-08-20,1000.0,1000.01,999.52,1000.0,737955
2020-08-21,1002.99,1002.99,999.55,1000.0,765053
2020-08-24,1003.4,1003.4,999.75,999.99,966578
2020-08-25,1000.01,1002.99,999.8,1000.0,824532
2020-08-26,1000.01,1000.01,997.3,1000.0,890163
2020-08-27,1002.99,1002.99,999.99,1000.0,821179
2020-08-28,999.5,1000.01,999.5,1000.0,1140699
2020-08-31,1002.99,1002.99,999.99,999.99,1178353
2020-09-01,1003.4,1003.4,997.3,999.99,839424
2020-09-02,1002.99,1002.99,999.5,999.99,441493
2020-09-03,1002.99,1002.99,999.99,999.99,596300
2020-09-04,1002.99,1002.99,997.3,999.99,809315
2020-09-07,1002.99,1002.99,999.95,1000.0,1158059
2020-09-08,1002.89,1002.89,999.95,1000.0,913170
2020-09-09,1000.0,1000.01,999.32,1000.0,728261
2020-09-10,1002.7,1002.7,999.99,999.99,572448
2020-09-11,1000.0,1000.01,999.99,1000.0,1405166
2020-09-14,1000.01,1000.01,997.75,999.99,1034646
2020-09-15,1002.75,1002.75,999.3,1000.0,809817
2020-09-16,1000.0,1000.01,998.05,999.99,1190944
2020-09-17,1002.65,1002.65,998.55,999.99,587446
2020-09-18,1002.6,1002.6,999.0,1000.0,1274383
2020-09-21,1002.6,1002.6,999.01,1000.0,1374886
2020-09-22,999.0,1000.05,999.0,999.99,1369926
2020-09-23,999.99,1000.01,999.0,999.99,915592
2020-09-24,997.3,1002.6,997.3,999.99,1102676
2020-09-25,998.8,1000.8,998.3,1000.0,1121898
2020-09-28,1000.0,1000.01,998.3,999.99,948749
2020-09-29,1000.0,1000.01,999.85,999.99,972222
2020-09-30,1002.6,1002.6,999.99,1000.0,884170
2020-10-01,1002.6,1002.6,999.99,1000.0,731663
2020-10-05,1002.65,1002.65,998.55,1000.0,737673
2020-10-06,995.0,1000.01,995.0,1000.0,771375
2020-10-07,1002.44,1002.44,999.02,999.99,846641
2020-10-08,1002.44,1002.44,999.2,999.99,518829
2020-10-09,1002.6,1002.6,999.21,1000.0,478150
2020-10-12,1002.44,1002.44,998.3,999.99,587103
2020-10-13,1002.44,1002.44,999.99,999.99,398268
2020-10-14,1002.44,1002.44,999.01,1000.0,1051365
2020-10-15,1001.98,1001.98,999.99,1000.0,1379281
2020-10-16,1002.44,1002.44,999.99,1000.0,784256
2020-10-19,1002.65,1002.65,999.1,1000.0,747541
2020-10-20,1002.44,1002.44,999.95,999.99,527682
2020-10-21,1001.96,1001.96,999.99,999.99,613986
2020-10-22,1000.01,1000.01,999.99,999.99,924330
2020-10-23,1002.44,1002.44,999.1,999.99,630855
2020-10-26,1001.98,1001.98,999.1,1000.0,629652
2020-10-27,999.1,1000.01,999.1,1000.0,974283
2020-10-28,1002.44,1002.44,998.3,1000.0,944161
2020-10-29,1001.94,1002.0,999.1,1000.0,793614
2020-10-30,1002.4,1002.4,999.35,1000.0,823808
2020-11-02,1002.0,1002.0,999.99,1000.0,700639
2020-11-03,1001.87,1001.87,999.12,999.99,773836
2020-11-04,1002.6,1002.6,999.99,999.99,1050250
2020-11-05,1002.44,1002.44,999.1,999.99,1422392
2020-11-06,1002.4,1002.4,999.95,999.99,944874
2020-11-09,1002.4,1002.4,999.1,1000.0,1182870
2020-11-10,1001.68,1001.68,999.99,999.99,1191650
2020-11-11,999.99,1000.01,998.11,999.99,757945
2020-11-12,1001.8,1001.8,999.99,999.99,725756
2020-11-13,1002.34,1002.34,999.13,1000.0,1032655
2020-11-14,1004.9,1004.9,998.3,1000.0,269144
2020-11-17,1003.06,1003.06,991.11,1000.0,904615
2020-11-18,1000.99,1000.99,999.03,999.99,932625
2020-11-19,1001.96,1001.96,998.4,1000.0,1236438
2020-11-20,1002.4,1002.4,999.99,1000.0,964687
2020-11-23,1002.4,1002.4,999.11,1000.0,1201348
2020-11-24,1003.06,1003.06,999.15,999.99,885736
2020-11-25,1002.4,1002.4,998.3,999.99,823753
2020-11-26,1000.93,1000.93,999.99,1000.0,849552
2020-11-27,1002.4,1002.4,998.3,1000.0,1021787
2020-12-01,1007.98,1007.98,999.9,999.99,1091705
2020-12-02,1002.4,1002.4,999.5,999.99,893453
2020-12-03,1002.4,1002.4,999.99,999.99,854244
2020-12-04,1002.39,1002.39,999.99,1000.0,852751
2020-12-07,1002.65,1002.65,999.5,1000.0,844269
2020-12-08,1000.0,1000.01,999.15,1000.0,870252
2020-12-09,1000.92,1000.92,999.99,999.99,908552
2020-12-10,1002.4,1002.4,999.99,1000.0,993894
2020-12-11,1000.93,1002.4,999.13,1000.0,709212
2020-12-14,1000.0,1000.01,999.13,1000.0,949240
2020-12-15,1002.39,1002.39,999.99,1000.0,1023800
2020-12-16,1002.39,1002.39,999.13,1000.0,645323
2020-12-17,1002.39,1002.39,999.99,1000.0,1070935
2020-12-18,1002.3,1002.3,999.6,1000.0,1123979
2020-12-21,1000.93,1000.93,999.13,1000.0,1913521
2020-12-22,999.1,1001.5,998.3,999.99,1304080
2020-12-23,1002.3,1002.3,999.99,999.99,1491707
2020-12-24,1000.93,1000.93,999.13,1000.0,921299
2020-12-28,1000.0,1002.4,998.3,999.99,846461
2020-12-29,1002.4,1002.4,999.13,1000.0,861163
2020-12-30,1002.3,1002.3,999.13,1000.0,767825
2020-12-31,1002.39,1002.39,998.11,1000.0,940952
2021-01-01,1002.3,1002.3,999.99,1000.0,681733
2021-01-04,1001.95,1001.95,999.11,999.99,1110712
2021-01-05,1000.93,1000.93,999.99,999.99,825406
2021-01-06,1002.3,1002.3,999.15,999.99,845047
2021-01-07,1001.9,1001.9,999.97,999.99,958999
2021-01-08,1001.9,1001.9,999.32,1000.0,1381270
2021-01-11,1001.9,1001.9,999.2,1000.0,1195502
2021-01-12,1000.93,1000.93,999.99,999.99,892780
2021-01-13,1000.93,1000.93,999.99,1000.0,831852
2021-01-14,1001.9,1001.9,999.99,1000.0,841896
2021-01-15,1001.9,1001.9,999.5,1000.0,1320914
2021-01-18,1001.9,1001.9,998.3,1000.0,850440
2021-01-19,1001.9,1001.9,999.25,1000.0,1118059
2021-01-20,1001.9,1001.9,999.25,999.99,1079262
2021-01-21,1001.9,1001.9,999.99,999.99,1023027
2021-01-22,1000.0,1000.01,999.3,1000.0,1330288
2021-01-25,1001.9,1001.9,999.99,999.99,1193242
2021-01-27,1001.7,1001.7,998.3,1000.0,1331601
2021-01-28,1001.9,1001.9,999.99,1000.0,1142357
2021-01-29,1001.95,1001.95,999.32,999.99,1148630
2021-02-01,1002.65,1002.65,999.99,999.99,1702938
2021-02-02,1001.9,1001.9,999.2,999.99,1012344
2021-02-03,1001.9,1001.9,999.5,999.99,999302
2021-02-04,1000.0,1000.01,998.3,1000.0,983508
2021-02-05,998.3,1001.9,998.3,1000.0,1173768
2021-02-08,1000.0,1000.93,999.13,999.99,1128474
2021-02-09,1002.65,1002.65,999.25,999.99,735411
2021-02-10,1000.0,1001.9,999.13,1000.0,691775
2021-02-11,999.13,1000.83,999.13,1000.0,1308295
2021-02-12,999.21,1000.93,990.0,1000.0,996946
2021-02-15,998.11,1002.39,998.11,1000.0,908606
2021-02-16,1000.0,1000.93,999.0,999.99,1277134
2021-02-17,1002.3,1002.3,999.13,1000.0,849760
2021-02-18,1002.3,1002.3,998.3,999.99,796250
2021-02-19,1002.3,1002.3,999.3,1000.0,1528972
2021-02-22,1000.93,1000.93,999.25,1000.0,1245185
2021-02-23,1000.0,1000.01,998.3,999.99,938854
2021-02-24,1002.3,1002.3,998.87,999.99,338508
2021-02-25,999.99,1000.01,999.99,999.99,1246232
2021-02-26,1000.0,1000.01,999.35,1000.0,949318
2021-03-01,1002.3,1002.3,999.3,999.99,1243740
2021-03-02,1000.0,1000.01,999.32,999.99,813365
2021-03-03,1000.0,1000.01,999.8,999.99,758879
2021-03-04,1000.0,1000.01,999.8,1000.0,760999
2021-03-05,1002.39,1002.39,999.99,1000.0,1392685
2021-03-08,1002.3,1002.3,999.99,1000.0,998827
2021-03-09,1002.3,1002.3,999.25,999.99,818117
2021-03-10,1002.3,1002.3,999.99,1000.0,639039
2021-03-12,1002.39,1002.39,998.11,1000.0,832305
2021-03-15,1002.3,1002.3,999.98,1000.0,837995
2021-03-16,1000.0,1000.88,999.28,1000.0,785428
2021-03-17,1002.3,1002.3,999.99,1000.0,1051983
2021-03-18,1000.83,1000.83,999.28,1000.0,1150828
2021-03-19,1000.0,1000.87,999.56,1000.0,1416752
2021-03-22,1002.3,1002.3,999.33,1000.0,1743112
2021-03-23,1000.0,1003.06,999.91,999.99,1250800
2021-03-24,1002.3,1002.3,999.9,1000.0,1140348
2021-03-25,1000.0,1000.01,999.3,1000.0,1407671
2021-03-26,1002.3,1002.3,999.99,1000.0,1154297
2021-03-30,1002.3,1002.3,999.3,999.99,1448303
2021-03-31,1001.8,1001.8,999.35,1000.0,934609
2021-04-01,1002.3,1002.3,998.3,999.99,958069
2021-04-05,1002.3,1002.3,999.36,1000.0,1230583
2021-04-06,1000.0,1000.01,999.36,1000.0,954223
2021-04-07,1000.87,1000.93,999.36,1000.0,739918
2021-04-08,1002.3,1002.3,999.99,1000.0,614120
2021-04-09,1002.3,1002.3,999.35,999.99,709711
2021-04-12,1000.87,1000.87,999.98,1000.0,1837272
2021-04-13,1002.3,1002.3,999.36,1000.0,1111201
2021-04-15,1002.3,1002.3,998.3,1000.0,751818
2021-04-16,1002.3,1002.3,999.37,999.99,1082073
2021-04-19,1002.3,1002.3,999.4,1000.0,1047359
2021-04-20,1002.3,1002.3,999.99,1000.0,1660926
2021-04-22,1002.3,1002.3,999.99,1000.0,854171
2021-04-23,1000.0,1000.01,999.99,1000.0,793467
2021-04-26,1002.3,1002.3,999.27,999.99,1145172
2021-04-27,1002.3,1002.3,999.4,999.99,1504739
2021-04-28,1002.29,1002.29,999.4,999.99,1080944
2021-04-29,1002.3,1002.3,998.3,1000.0,698319
2021-04-30,1003.06,1003.06,999.5,1000.0,805642
2021-05-03,1000.0,1000.01,999.0,1000.0,784104
2021-05-04,1000.0,1000.87,999.99,1000.0,1059367
2021-05-05,1000.0,1000.01,999.99,1000.0,797992
2021-05-06,999.99,1000.87,999.0,999.99,807385
2021-05-07,1000.0,1000.01,999.99,1000.0,1047955
2021-05-10,1000.0,1000.01,999.41,1000.0,977191
2021-05-11,1000.87,1000.87,999.4,999.99,800780
2021-05-12,1002.0,1002.0,999.41,1000.0,640642
2021-05-14,1000.87,1000.87,995.33,1000.0,1476182
2021-05-17,1000.87,1000.87,999.33,1000.0,953965
2021-05-18,1000.87,1000.87,999.99,999.99,1022840
2021-05-19,1000.87,1000.87,999.99,999.99,1357122
2021-05-20,1000.87,1000.87,999.33,1000.0,559814
2021-05-21,997.1,1000.01,997.1,1000.0,1008416
2021-05-24,1001.0,1001.0,999.41,999.99,975102
2021-05-25,1002.3,1002.3,997.1,1000.0,1023266
2021-05-26,999.0,1000.01,999.0,999.99,888050
2021-05-27,1000.87,1000.87,999.51,999.99,868760
2021-05-28,1000.75,1000.75,999.89,1000.01,1367967
2021-05-31,1002.2,1002.2,999.33,999.99,1125493
2021-06-01,1003.4,1003.4,999.56,1000.0,984908
2021-06-02,1003.4,1003.4,996.4,1000.0,1048631
2021-06-03,1003.4,1003.4,996.4,1000.0,844599
2021-06-04,1002.3,1002.3,998.3,1000.0,1340408
2021-06-07,1000.0,1000.01,999.4,1000.0,1526249
2021-06-08,1000.0,1000.01,999.41,1000.0,1094228
2021-06-09,1002.95,1002.95,999.27,999.99,1137811
2021-06-10,1000.0,1000.01,999.37,999.99,1296045
2021-06-11,1002.4,1002.4,999.99,999.99,1263742
2021-06-14,1000.87,1000.87,999.51,999.99,925400
2021-06-15,1002.4,1002.4,999.41,1000.0,1021269
2021-06-16,1003.4,1003.4,998.45,1000.0,1188095
2021-06-17,1000.87,1000.87,999.27,1000.0,1762153
2021-06-18,999.55,1000.01,999.55,1000.0,1323053
2021-06-21,1000.0,1000.01,999.55,999.99,1179858
2021-06-22,1000.0,1000.9,999.99,1000.0,660873
2021-06-23,1002.7,1002.7,999.4,1000.0,614333
2021-06-24,1002.4,1002.4,999.55,1000.0,830334
2021-06-25,1000.0,1000.01,998.15,999.99,1110460
2021-06-28,1002.4,1002.4,999.33,999.99,776070
2021-06-29,999.0,1000.87,999.0,999.99,995551
2021-06-30,1000.01,1000.48,998.15,999.99,1008135
2021-07-01,1000.0,1000.01,999.51,1000.0,766351
2021-07-02,1002.38,1002.38,998.45,1000.0,864242
2021-07-05,1003.4,1003.4,996.4,999.99,1057295
2021-07-06,1002.36,1002.36,998.2,1000.0,753068
2021-07-07,1000.0,1000.01,998.2,1000.0,777359
2021-07-08,1003.4,1003.4,999.99,1000.0,1227877
2021-07-09,1002.9,1002.9,998.2,1000.0,1014950
2021-07-12,999.0,1002.0,999.0,1000.0,588810
2021-07-13,1002.38,1002.38,999.99,1000.0,851413
2021-07-14,1000.0,1000.48,999.51,999.99,775991
2021-07-15,998.21,1000.01,998.21,999.99,768549
2021-07-16,1003.4,1003.4,996.4,1000.0,1198550
2021-07-19,1000.87,1000.87,999.99,1000.0,1461052
2021-07-20,1003.4,1003.4,999.51,1000.0,916354
2021-07-22,1003.4,1003.4,999.0,999.99,898610
2021-07-23,996.4,1002.76,996.4,1000.0,1090783
2021-07-26,998.16,1002.38,998.16,999.99,750708
2021-07-27,1003.4,1003.4,996.4,1000.0,1007732
2021-07-28,998.4,1002.4,998.4,999.99,906508
2021-07-29,1002.36,1002.36,999.51,999.99,1308801
2021-07-30,1003.4,1003.4,999.33,1000.0,1148818
2021-08-02,1002.0,1002.0,997.61,999.99,1278617
2021-08-03,997.62,1002.88,997.62,1000.0,756946
2021-08-04,1002.65,1002.65,999.32,1000.0,1389930
2021-08-05,1002.59,1002.59,999.99,999.99,754023
2021-08-06,1001.99,1001.99,999.99,999.99,908732
2021-08-09,1001.99,1001.99,999.33,1000.0,1109552
2021-08-10,998.4,1001.0,998.4,1000.0,1622515
2021-08-11,1002.64,1002.64,997.21,999.99,1300997
2021-08-12,1003.4,1003.4,998.45,1000.0,927066
2021-08-13,1002.0,1002.0,999.51,1000.0,1372108
2021-08-16,1002.88,1002.88,999.33,1000.0,954137
2021-08-17,1003.0,1003.0,998.65,1000.0,1207333
2021-08-18,1002.88,1002.88,999.33,999.99,750684
2021-08-20,1002.87,1002.87,999.51,1000.0,1454223
2021-08-23,1002.5,1002.5,999.33,999.99,1451098
2021-08-24,1003.4,1003.4,999.99,999.99,1158557
2021-08-25,1000.9,1000.9,997.11,999.99,1097537
2021-08-26,999.99,1000.9,999.99,999.99,961245
2021-08-27,1003.18,1003.18,997.16,1000.0,1124297
2021-08-30,1002.4,1002.4,999.27,999.99,1287086
2021-08-31,1003.4,1003.4,997.21,1000.0,1623661
2021-09-01,1003.4,1003.4,997.18,999.99,705311
2021-09-02,1000.9,1000.9,999.55,999.99,872244
2021-09-03,1000.0,1000.9,999.99,999.99,1216219
2021-09-06,1002.0,1002.0,999.51,1000.0,922503
2021-09-07,1003.14,1003.14,999.95,1000.0,1077284
2021-09-08,1000.8,1000.8,999.99,1000.0,823310
2021-09-09,1000.0,1000.01,999.33,1000.0,890664
2021-09-13,998.4,1000.01,998.4,1000.0,1034909
2021-09-14,1003.4,1003.4,998.0,999.99,1302110
2021-09-15,1000.0,1000.01,999.75,999.99,1355774
2021-09-16,999.33,1000.01,999.33,1000.0,1871016
2021-09-17,997.6,1002.79,997.6,1000.0,1371213
2021-09-20,1003.18,1003.18,997.16,1000.0,1872005
2021-09-21,1002.0,1002.0,999.51,999.99,1614201
2021-09-22,1002.4,1002.4,998.4,999.99,1762954
2021-09-23,1003.18,1003.18,999.32,999.99,972989
2021-09-24,1002.79,1002.79,999.3,1000.01,1608563
2021-09-27,1002.79,1002.79,997.16,999.99,1397031
2021-09-28,1002.3,1002.3,999.99,1000.0,1471211
2021-09-29,1000.0,1000.01,998.9,999.97,2005690
2021-09-30,1002.4,1002.4,999.97,1000.0,2141990
2021-10-01,1003.4,1003.4,999.6,1000.0,2093733
2021-10-04,1002.3,1002.3,998.3,1000.0,2669138
2021-10-05,1002.3,1002.3,998.3,999.99,1319108
2021-10-06,1000.87,1000.87,999.99,1000.0,2209864
2021-10-07,1002.3,1002.3,998.3,999.99,1373313
2021-10-08,1001.77,1001.77,999.99,1000.0,1904549
2021-10-11,1002.3,1002.3,998.98,1000.0,2016917
2021-10-12,1001.74,1001.74,999.2,1000.0,1276298
2021-10-13,1002.9,1002.9,999.32,999.99,882934
2021-10-14,1002.21,1002.21,999.99,1000.0,952586
2021-10-18,1000.0,1001.0,998.3,999.99,1545685
2021-10-19,1000.0,1000.49,999.27,999.99,1076422
2021-10-20,1001.81,1002.0,999.25,999.99,1471874
2021-10-21,1008.9,1008.9,997.16,999.99,1732817
2021-10-22,1002.2,1002.2,999.51,1000.0,2452233
2021-10-25,1001.0,1002.9,999.51,1000.0,2122049
2021-10-26,1002.2,1002.2,999.99,999.99,1936460
2021-10-27,1000.0,1001.87,999.51,1000.0,1552538
2021-10-28,1003.18,1003.18,997.16,1000.0,2880267
2021-10-29,1002.2,1002.2,998.3,1000.0,1814214
2021-11-01,1000.87,1000.87,999.35,999.99,2155331
2021-11-02,1002.2,1002.2,998.3,999.99,1142857
2021-11-03,999.99,1001.8,998.3,1000.01,2615558
2021-11-04,1006.7,1006.7,997.35,999.99,281370
2021-11-08,1002.2,1002.2,997.35,999.99,2508149
2021-11-09,1002.2,1002.2,999.0,999.99,1880545
2021-11-10,1001.0,1001.0,998.3,1000.0,1747438
2021-11-11,1002.9,1002.9,991.11,1000.0,2081516
2021-11-12,1002.3,1002.3,999.51,999.99,1366402
2021-11-15,1001.0,1001.0,997.16,999.99,1873466
2021-11-16,999.99,1002.9,998.23,1000.0,723018
2021-11-17,1001.0,1001.0,998.3,1000.01,1637747
2021-11-18,1002.3,1002.3,998.3,1000.0,2605158
2021-11-22,1003.18,1003.18,990.0,1000.0,1850018
2021-11-23,1002.3,1002.3,998.3,999.99,1056073
2021-11-24,1002.0,1002.0,999.33,1000.0,847287
2021-11-25,1002.9,1002.9,997.16,1000.0,879873
2021-11-26,1002.3,1002.3,999.32,1000.0,1987422
2021-11-29,1000.5,1000.5,999.36,999.99,2260984
2021-11-30,1002.3,1002.3,998.3,999.99,1545983
2021-12-01,1008.9,1008.9,999.36,999.99,1586803
2021-12-02,1002.3,1002.3,999.65,999.99,1153655
2021-12-03,1002.3,1002.3,999.32,999.99,1424218
2021-12-06,1002.3,1002.3,998.3,1000.0,1353959
2021-12-07,1002.3,1002.3,999.99,999.99,1347532
2021-12-08,1003.18,1003.18,997.16,999.99,1536966
2021-12-09,1002.3,1002.3,999.51,999.99,1354536
2021-12-10,1002.3,1002.3,998.3,1000.0,884005
2021-12-13,1002.3,1002.3,998.17,999.99,1425407
2021-12-14,997.3,1001.94,997.3,1000.0,730126
2021-12-15,1002.3,1002.3,998.0,1000.0,749571
2021-12-16,1002.3,1002.3,999.35,999.99,889908
2021-12-17,1003.3,1003.3,999.99,1000.0,3271514
2021-12-20,1002.3,1002.3,999.51,1000.0,3257967
2021-12-21,1002.3,1002.3,999.35,999.99,1099537
2021-12-22,1002.0,1002.0,997.3,999.99,1174718
2021-12-23,1001.94,1001.94,999.35,999.99,1267998
2021-12-24,1002.3,1002.3,999.32,1000.0,1881127
2021-12-27,1002.3,1002.3,998.3,999.99,1569714
2021-12-28,1002.3,1002.3,999.9,999.99,1296245
2021-12-29,1002.1,1002.1,999.9,1000.0,1296979
2021-12-30,1002.3,1002.3,999.9,1000.0,1334500
2021-12-31,1002.3,1002.3,999.32,1000.0,1059583
2022-01-03,1002.3,1002.3,998.85,999.99,1860419
2022-01-04,1000.03,1002.0,998.3,999.99,1001049
2022-01-05,1001.5,1001.5,998.3,999.99,1186851
2022-01-06,1001.0,1001.95,999.3,999.99,1273972
2022-01-07,1002.3,1002.3,999.51,1000.0,872677
2022-01-10,1000.0,1000.49,999.35,999.99,1440092
2022-01-11,1001.0,1001.0,999.2,1000.0,929876
2022-01-12,1002.3,1002.3,999.35,1000.0,902131
2022-01-13,1002.3,1002.3,999.99,999.99,1145235
2022-01-14,1002.95,1002.95,999.99,999.99,1113020
2022-01-17,1000.0,1000.81,998.3,999.99,1249156
2022-01-18,1002.0,1002.0,999.35,1000.0,2998642
2022-01-19,1002.3,1002.3,999.99,999.99,1241049
2022-01-20,1002.3,1002.3,999.35,999.99,1622856
2022-01-21,1002.0,1002.0,999.35,1000.0,2484043
2022-01-24,1002.0,1002.0,999.3,1000.0,2655207
2022-01-25,1002.3,1002.3,998.3,999.99,1439289
2022-01-27,1000.0,1000.01,999.35,1000.0,1872884
2022-01-28,1000.0,1002.29,999.35,1000.0,1519949
2022-01-31,1002.3,1002.3,999.35,1000.0,1489946
2022-02-01,1002.3,1002.3,999.99,999.99,1411650
2022-02-02,1000.0,1000.01,999.33,999.99,1311540
2022-02-03,1000.0,1000.01,999.99,1000.0,1235666
2022-02-04,1008.9,1008.9,999.51,1000.0,1328849
2022-02-07,1002.25,1002.25,998.25,1000.0,2523369
2022-02-08,1003.6,1003.6,999.35,999.99,1501786
2022-02-09,1003.16,1003.16,998.35,999.99,1226829
2022-02-10,1008.9,1008.9,999.98,999.99,1218797
2022-02-11,1002.25,1002.25,999.35,1000.0,3332052
2022-02-14,1003.2,1003.2,998.35,1000.0,1660753
2022-02-15,1002.25,1002.25,999.99,999.99,1412722
2022-02-16,997.6,1002.25,997.6,1000.0,1767263
2022-02-17,1003.2,1003.2,999.3,1000.0,1463173
2022-02-18,1002.0,1002.0,999.3,1000.0,1294404
2022-02-21,1003.18,1003.18,999.55,1000.0,1447827
2022-02-22,1000.0,1000.01,999.51,1000.0,1539315
2022-02-23,1002.0,1002.0,999.35,1000.0,1005592
2022-02-24,999.01,1002.25,999.01,999.99,1741657
2022-02-25,1000.0,1000.01,999.35,1000.0,2333713
2022-02-28,1000.0,1000.01,999.51,1000.0,1304931
2022-03-02,1003.2,1003.2,997.3,999.99,1714288
2022-03-03,1002.25,1003.16,999.35,999.99,1492538
2022-03-04,1002.25,1002.25,999.55,1000.0,1774930
2022-03-07,1002.6,1002.6,998.25,999.99,2617522
2022-03-08,1001.0,1001.0,999.25,999.99,1620185
2022-03-09,999.99,1001.0,999.99,999.99,1636364
2022-03-10,1008.9,1008.9,997.35,999.99,3208129
2022-03-11,1003.16,1003.16,997.16,1000.0,1730645
2022-03-14,1001.0,1001.0,997.35,1000.0,1492733
2022-03-15,1002.6,1002.6,997.3,1000.0,2036631
2022-03-16,1001.9,1001.9,999.35,999.99,1324712
2022-03-17,999.0,1002.0,997.16,1000.0,1278373
2022-03-21,1002.6,1002.6,999.35,999.99,1668452
2022-03-22,1003.16,1003.16,999.35,999.99,1108879
2022-03-23,1002.6,1002.6,997.3,1000.0,836133
2022-03-24,997.16,1003.16,997.16,1000.0,868882
2022-03-25,1003.16,1003.16,997.16,1000.0,1422500
2022-03-28,1001.96,1001.96,999.35,1000.0,1840400
2022-03-29,1001.95,1001.95,999.99,1000.0,1156134
2022-03-30,1001.93,1001.93,999.99,1000.0,1077984
2022-03-31,1003.16,1003.16,999.51,1000.0,1914464
2022-04-01,1008.9,1008.9,999.35,1000.0,2297802
2022-04-04,1001.0,1001.0,998.0,999.99,2057104
2022-04-05,1003.16,1003.16,999.99,999.99,1930667
2022-04-06,1000.01,1000.01,999.63,1000.0,1364133
2022-04-07,1003.16,1003.16,999.99,999.99,1271909
2022-04-08,999.35,1003.16,999.35,1000.0,1474252
2022-04-11,1003.16,1003.16,999.35,1000.0,1502555
2022-04-12,999.51,1000.01,999.51,1000.0,2125216
2022-04-13,1002.6,1002.6,999.53,1000.0,1479341
2022-04-18,1000.0,1000.49,999.99,999.99,2025920
2022-04-19,999.99,1000.01,999.61,1000.0,1598652
2022-04-20,1000.0,1000.01,999.99,1000.0,1425306
2022-04-21,1003.16,1003.16,999.35,999.99,1273297
2022-04-22,1002.0,1002.0,999.99,1000.0,2255047
2022-04-25,1002.0,1002.0,999.71,1000.0,1796923
2022-04-26,1002.0,1002.0,999.35,999.99,1351596
2022-04-27,1002.0,1002.0,999.99,999.99,1778764
2022-04-28,999.35,1000.01,999.35,1000.0,1035871
2022-04-29,1001.16,1001.16,999.98,1000.0,1116066
2022-05-02,1000.0,1000.01,999.35,999.99,1438624
2022-05-04,1002.0,1002.0,999.35,1000.0,1523834
2022-05-05,1003.16,1003.16,999.56,999.99,1533487
2022-05-06,1003.16,1003.16,999.35,1000.0,1768045
2022-05-09,1001.0,1001.0,999.99,1000.0,1784433
2022-05-10,1003.16,1003.16,999.35,1000.0,1148092
2022-05-11,999.35,1002.0,999.35,999.99,1348716
2022-05-12,1000.01,1003.16,999.99,1000.0,2744203
2022-05-13,1000.0,1003.16,998.16,1000.0,2187475
2022-05-16,1002.0,1002.0,999.35,1000.0,2146030
2022-05-17,1003.16,1003.16,999.62,999.99,2288696
2022-05-18,1002.0,1002.6,999.44,1000.0,2061633
2022-05-19,1002.0,1002.0,999.53,1000.0,1835346
2022-05-20,999.53,1000.01,999.53,999.99,1704904
2022-05-23,1003.16,1003.16,999.45,999.99,2089509
2022-05-24,1000.0,1000.01,999.45,1000.0,1066750
2022-05-25,1002.6,1002.6,997.3,1000.0,1007444
2022-05-26,1000.4,1000.4,999.51,999.99,1576834
2022-05-27,1000.0,1000.01,999.99,1000.0,1384365
2022-05-30,1002.6,1002.6,999.53,999.99,1879897
2022-05-31,1003.16,1003.16,999.99,999.99,1276511
2022-06-01,1000.0,1001.9,999.35,1000.0,1460366
2022-06-02,1002.45,1002.45,999.99,999.99,1386092
2022-06-03,1000.0,1000.01,999.99,999.99,2105092
2022-06-06,1001.96,1001.96,999.7,999.99,1624739
2022-06-07,999.35,1003.16,999.35,1000.0,1013717
2022-06-08,1003.16,1003.16,999.97,1000.0,1116955
2022-06-09,1000.9,1000.9,998.16,1000.0,1291518
2022-06-10,1000.48,1000.48,999.75,999.99,1875462
2022-06-13,1003.16,1003.16,999.61,1000.0,3200179
2022-06-14,1000.01,1000.01,999.48,999.99,1445490
2022-06-15,999.0,1000.01,999.0,999.99,1116342
2022-06-16,1002.0,1002.0,998.0,1000.0,2524819
2022-06-17,1000.0,1000.01,999.99,999.99,1826677
2022-06-20,1000.01,1002.0,999.55,999.99,1978457
2022-06-21,1000.0,1000.01,999.97,999.99,1443590
2022-06-22,999.8,1000.01,999.8,1000.0,1619815
2022-06-23,1000.01,1003.16,998.16,1000.0,1141571
2022-06-24,1000.01,1000.01,999.99,999.99,1588404
2022-06-27,1000.0,1000.01,998.16,999.99,1890454
2022-06-28,1002.6,1002.6,999.95,1000.0,1446603
2022-06-29,997.3,1002.6,997.3,1000.0,1652942
2022-06-30,1002.0,1002.0,999.99,1000.0,2326914
2022-07-01,1002.0,1002.0,999.99,1000.0,1539227
2022-07-04,1002.0,1002.0,999.99,999.99,1719420
2022-07-05,1000.01,1003.16,999.35,1000.0,1636926
2022-07-06,1002.0,1002.0,999.35,999.99,1449138
2022-07-07,1000.01,1002.0,999.99,999.99,1907948
2022-07-08,1003.16,1003.16,998.16,1000.0,1196940
2022-07-11,1002.0,1002.0,999.45,999.99,1632485
2022-07-12,1000.01,1000.01,999.35,999.99,696293
2022-07-13,1003.16,1003.16,999.35,999.99,1287118
2022-07-14,1000.01,1001.98,999.99,1000.0,1739324
2022-07-15,1000.0,1000.01,999.35,999.99,1546650
2022-07-18,1002.6,1002.6,999.51,999.99,1804488
2022-07-19,1000.0,1002.0,999.63,999.99,1334552
2022-07-20,1000.01,1000.01,999.99,1000.0,1858774
2022-07-21,999.35,1003.16,999.35,1000.0,1421681
2022-07-22,1001.65,1001.65,999.75,1000.0,1891489
2022-07-25,1000.0,1000.01,999.35,999.99,1774655
2022-07-26,1001.0,1001.0,999.51,999.99,1935943
2022-07-27,1001.0,1001.0,999.99,999.99,1548474
2022-07-28,1000.0,1000.01,999.35,999.99,1460183
2022-07-29,1000.0,1000.01,990.0,1000.0,2171783
2022-08-01,998.5,1000.01,998.5,999.99,2562473
2022-08-02,1000.01,1000.01,999.99,999.99,1450925
2022-08-03,1003.16,1003.16,999.99,1000.0,1363833
2022-08-04,1000.0,1000.01,999.99,1000.0,1849360
2022-08-05,1002.0,1002.0,999.99,999.99,3639189
2022-08-08,999.99,1000.01,999.99,1000.0,1810793
2022-08-10,1000.01,1000.01,999.99,1000.0,1275897
2022-08-11,1000.01,1000.01,999.99,1000.0,1430162
2022-08-12,1000.0,1000.01,999.99,1000.0,1534453
2022-08-16,1003.16,1003.16,999.99,1000.0,1514691
2022-08-17,1003.16,1003.16,999.99,1000.0,1773924
2022-08-18,1000.0,1000.01,999.99,1000.0,1199111
2022-08-19,1000.01,1000.25,999.99,1000.01,2835992
2022-08-22,999.99,1000.01,999.99,1000.0,2384694
2022-08-23,1000.0,1000.01,999.99,999.99,1976430
2022-08-24,1000.0,1000.01,999.99,999.99,1597693
2022-08-25,1000.01,1000.01,999.99,1000.0,1904775
2022-08-26,1002.81,1002.81,999.99,1000.0,1649740
2022-08-29,1000.01,1000.01,999.99,1000.0,1853197
2022-08-30,1000.01,1000.01,999.51,999.99,1496447
2022-09-01,1000.0,1000.95,998.0,1000.0,1427869
2022-09-02,1000.01,1000.01,999.99,1000.0,1904110
2022-09-05,1000.01,1000.01,999.35,999.99,1926565
2022-09-06,1000.01,1000.01,999.99,999.99,1150289
2022-09-07,1002.0,1002.0,999.35,1000.0,1549779
2022-09-08,1000.01,1000.01,999.99,999.99,1241037
2022-09-09,1000.01,1000.01,999.99,1000.0,1708526
2022-09-12,1000.0,1000.01,999.99,999.99,1551357
2022-09-13,1000.95,1000.95,999.51,1000.0,1266460
2022-09-14,1000.0,1000.01,998.0,1000.0,1268936
2022-09-15,1000.0,1000.01,999.99,1000.0,1217529
2022-09-16,999.99,1002.0,999.99,1000.0,2186344
2022-09-19,1000.01,1000.01,999.99,1000.0,2870996
2022-09-20,1000.0,1000.49,999.99,999.99,1492246
2022-09-21,999.99,1000.01,999.99,1000.0,1452541
2022-09-22,1000.0,1000.01,999.99,999.99,1801688
2022-09-23,1000.39,1000.39,999.61,1000.0,2598224
2022-09-26,1000.0,1000.01,999.99,1000.0,6613247
2022-09-27,1000.01,1000.01,999.99,999.99,2373016
2022-09-28,1000.01,1000.01,999.99,1000.0,1727707
2022-09-29,1000.0,1000.01,999.99,1000.0,1820716
2022-09-30,999.8,1000.04,999.8,1000.0,1680787
2022-10-03,1000.0,1000.01,999.99,1000.0,4329474
2022-10-04,1000.01,1000.01,999.99,1000.0,2977519
2022-10-06,1000.01,1000.25,999.99,1000.01,5515621
2022-10-07,1000.0,1000.01,999.99,1000.0,8990366
2022-10-10,1000.0,1000.01,991.75,999.99,5594630
2022-10-11,1000.01,1000.01,999.99,1000.0,3250291
2022-10-12,1000.0,1000.01,999.99,999.99,3402008
2022-10-13,1000.01,1000.01,999.99,999.99,1374142
2022-10-14,1000.01,1000.01,999.99,999.99,2097727
2022-10-17,1000.95,1000.95,999.99,999.99,2212246
2022-10-18,1000.01,1000.01,999.75,999.99,2751575
2022-10-19,1000.01,1000.01,999.99,999.99,2513298
2022-10-20,1000.0,1000.25,998.0,1000.0,1896818
2022-10-21,1000.01,1002.0,999.99,999.99,2015980
2022-10-24,1000.0,1002.0,998.0,999.99,602402
2022-10-25,1002.0,1002.0,999.99,999.99,3200734
2022-10-27,999.99,1000.01,999.75,999.99,2072983
2022-10-28,1000.01,1000.01,999.99,1000.0,1700134
2022-10-31,1002.0,1002.0,999.99,999.99,2440634
2022-11-01,1000.01,1000.01,999.99,999.99,2016229
2022-11-02,1000.01,1000.01,999.99,1000.0,1607899
2022-11-03,1000.0,1000.01,999.0,1000.0,1228155
2022-11-04,1000.01,1000.01,999.99,1000.0,1522296
2022-11-07,1000.0,1000.01,999.75,1000.0,2407186
2022-11-09,1000.0,1000.01,999.99,1000.0,1333779
2022-11-10,1000.01,1000.01,980.0,1000.0,1358988
2022-11-11,1000.01,1000.01,999.99,1000.0,1494483
2022-11-14,1000.01,1000.01,999.99,1000.0,1306716
2022-11-15,1000.0,1000.01,999.99,1000.0,1120138
2022-11-16,1000.49,1000.49,999.99,1000.0,1050053
2022-11-17,1000.01,1000.01,999.99,999.99,1071658
2022-11-18,1000.01,1000.01,999.99,1000.0,1255455
2022-11-21,1002.0,1002.0,999.99,1000.0,1392000
2022-11-22,1002.0,1002.0,999.99,1000.0,1347225
2022-11-23,1000.01,1000.01,999.99,1000.0,1310984
2022-11-24,999.99,1000.01,999.99,1000.0,1604404
2022-11-25,1000.0,1002.0,999.99,1000.0,1383810
2022-11-28,1000.01,1000.01,999.99,1000.0,1640437
2022-11-29,999.99,1002.0,999.99,1000.0,1233940
2022-11-30,1000.01,1000.01,999.99,1000.0,989203
2022-12-01,1000.01,1000.01,999.99,1000.0,1713573
2022-12-02,1000.01,1000.01,999.99,1000.0,1760264
2022-12-05,999.99,1000.01,999.99,999.99,1703395
2022-12-06,1000.49,1000.49,999.99,1000.0,1271341
2022-12-07,1000.01,1000.01,999.99,999.99,1184393
2022-12-08,1000.0,1000.01,999.99,999.99,995951
2022-12-09,1000.0,1000.01,999.99,1000.0,1027341
2022-12-12,999.99,1000.49,999.99,999.99,1493611
2022-12-13,1000.01,1000.01,999.0,1000.0,1219229
2022-12-14,1000.01,1000.01,999.99,1000.0,1102419
2022-12-15,1000.01,1000.01,999.99,999.99,1349327
2022-12-16,1000.01,1000.01,999.99,1000.0,1787497
2022-12-19,1000.0,1000.01,999.51,1000.0,1287784
2022-12-20,999.0,1000.01,999.0,999.99,1434169
2022-12-21,1000.01,1000.01,999.99,1000.0,1337917
2022-12-22,1001.0,1001.0,999.99,1000.0,1365746
2022-12-23,1000.0,1000.01,999.99,999.99,2314700
2022-12-26,1002.0,1002.0,997.55,1000.0,2304213
2022-12-27,1000.0,1000.01,999.99,1000.0,2002488
2022-12-28,1000.01,1000.01,999.99,1000.0,1446344
2022-12-29,1000.01,1000.01,999.99,1000.0,1461344
2022-12-30,1000.0,1002.0,999.99,1000.0,2144299
2023-01-02,1002.0,1002.0,999.75,1000.0,2886670
2023-01-03,1002.0,1002.0,999.99,1000.0,2085661
2023-01-04,1000.0,1000.01,999.99,1000.0,2221834
2023-01-05,1000.01,1000.01,999.99,1000.0,5764559
2023-01-06,1000.01,1000.51,999.99,1000.0,8737340
2023-01-09,999.99,1000.01,988.0,999.99,7268401
2023-01-10,999.99,1000.01,999.99,999.99,2992916
2023-01-11,1000.0,1000.01,999.99,999.99,1660947
2023-01-12,970.0,1002.0,970.0,1000.0,1262355
2023-01-13,1000.0,1000.01,999.99,1000.0,1388443
2023-01-16,999.9,1000.01,999.9,1000.0,1588045
2023-01-17,1000.01,1000.01,999.99,1000.0,1916215
2023-01-18,1000.01,1000.01,999.99,999.99,1632294
2023-01-19,999.99,1000.01,999.99,1000.0,1834789
2023-01-20,1000.01,1000.65,999.99,999.99,1285990
2023-01-23,999.01,1000.01,999.01,999.99,1496771
2023-01-24,1000.01,1000.01,999.99,999.99,1269796
2023-01-25,999.0,1000.95,999.0,999.99,1434712
2023-01-27,1000.0,1000.01,999.99,1000.0,1999816
2023-01-30,999.99,1000.01,999.99,1000.0,2008231
2023-01-31,1030.0,1030.0,999.99,999.99,1734954
2023-02-01,1000.01,1000.01,998.0,1000.0,1721339
2023-02-02,1000.0,1000.01,999.99,1000.0,2349614
2023-02-03,1030.0,1030.0,998.0,1000.0,2076861
2023-02-06,1001.0,1001.0,999.99,1000.0,2021535
2023-02-07,1000.65,1000.65,999.99,1000.0,1362284
2023-02-08,1000.01,1000.01,999.99,1000.0,1287110
2023-02-09,1000.0,1000.01,999.99,1000.0,1236079
2023-02-10,970.0,1000.01,970.0,1000.0,1541412
2023-02-13,997.5,1000.01,997.5,1000.0,2124739
2023-02-14,1000.0,1000.65,997.5,999.99,1297219
2023-02-15,1000.0,1000.01,999.75,999.99,1455396
2023-02-16,999.99,1000.01,999.98,999.99,1626335
2023-02-17,1002.0,1002.5,998.5,1000.0,2703542
2023-02-20,1000.0,1000.01,998.0,999.99,2049926
2023-02-21,1030.0,1030.0,999.01,1000.0,986732
2023-02-22,1000.0,1000.01,999.99,1000.0,1443757
2023-02-23,1025.0,1025.0,998.02,999.99,1312351
2023-02-24,1000.01,1000.01,998.05,1000.0,1555431
2023-02-27,1030.0,1030.0,998.05,1000.0,1469188
2023-02-28,1000.01,1000.01,999.99,999.99,1271315
2023-03-01,1030.0,1030.0,999.0,1000.0,1540664
2023-03-02,1000.0,1000.01,999.99,1000.0,1776966
2023-03-03,1000.01,1000.01,999.99,1000.0,1499664
2023-03-06,1001.65,1001.65,998.1,1000.0,1528920
2023-03-08,1001.9,1001.9,970.0,999.99,1082712
2023-03-09,1000.0,1000.01,999.01,1000.0,1220617
2023-03-10,1001.65,1001.65,999.99,1000.0,1752886
2023-03-13,1000.0,1000.01,999.99,1000.0,1950906
2023-03-14,999.99,1000.01,999.15,999.99,2178324
2023-03-15,999.35,1001.55,999.01,999.99,1371594
2023-03-16,1000.0,1000.01,999.99,1000.0,1693495
2023-03-17,1000.01,1000.01,999.99,999.99,1904721
2023-03-20,1000.01,1000.01,999.01,1000.0,1894766
2023-03-21,1000.01,1000.01,998.15,999.99,1340650
2023-03-22,999.99,1000.95,999.99,1000.0,1044640
2023-03-23,998.1,1000.01,970.0,1000.0,1300093
2023-03-24,1002.0,1002.0,999.99,1000.0,1747392
2023-03-27,1000.5,1001.65,999.01,999.99,2007061
2023-03-28,999.99,1002.0,998.11,1000.0,1907774
2023-03-29,1000.01,1000.01,999.98,999.99,2046982
2023-03-31,1000.0,1000.25,999.11,1000.01,2936338
2023-04-03,1000.01,1000.01,998.16,1000.0,3143128
2023-04-05,1000.01,1000.97,998.25,1000.0,5345822
2023-04-06,1000.0,1001.7,999.99,1000.0,8153487
2023-04-10,1000.0,1000.01,998.15,999.99,5303605
2023-04-11,999.99,1000.01,999.18,999.99,2517878
2023-04-12,1000.0,1000.01,999.12,1000.0,1823923
2023-04-13,1000.0,1000.01,999.99,1000.0,2950499
2023-04-17,1000.9,1030.0,999.99,999.99,3577178
2023-04-18,999.55,1000.01,998.68,1000.0,2029145
2023-04-19,1000.01,1000.95,999.99,1000.0,2195313
2023-04-20,1000.0,1000.01,999.25,999.99,2006972
2023-04-21,999.15,1000.01,998.0,1000.0,1115376
2023-04-24,1000.0,1000.01,999.4,1000.0,1464630
2023-04-25,1000.0,1000.65,999.0,999.99,1333950
2023-04-26,999.95,1000.01,999.4,1000.0,904169
2023-04-27,999.98,1000.01,999.98,999.99,1436888
2023-04-28,1000.0,1000.01,999.99,1000.0,1914075
2023-05-02,1030.0,1030.0,999.98,999.99,2282169
2023-05-03,999.99,1000.01,999.25,1000.0,1503926
2023-05-04,1000.0,1000.65,999.25,1000.0,1638078
2023-05-05,1000.0,1000.65,999.99,1000.0,2117481
2023-05-08,1000.01,1000.01,999.98,1000.0,1761802
2023-05-09,1000.79,1000.79,999.99,1000.0,1656405
2023-05-10,1000.01,1000.01,999.4,999.99,1307432
2023-05-11,1001.68,1001.68,999.98,1000.0,1691000
2023-05-12,1000.0,1000.65,999.4,1000.0,2336984
2023-05-15,1000.0,1000.65,999.45,999.99,1759131
2023-05-16,999.45,1001.7,999.45,1000.0,3230861
2023-05-17,1030.0,1030.0,999.4,1000.0,2751408
2023-05-18,999.4,1000.65,999.4,999.99,2467769
2023-05-19,1000.0,1000.4,999.99,1000.0,3018997
2023-05-22,1000.0,1000.6,999.99,999.99,1810795
2023-05-23,1030.0,1030.0,999.99,999.99,1605467
2023-05-24,999.99,1000.01,999.99,1000.0,1183731
2023-05-25,1000.0,1000.8,999.99,1000.0,1412309
2023-05-26,1000.0,1000.01,981.0,1000.0,1718450
2023-05-29,1000.0,1000.65,999.99,999.99,1383559
2023-05-30,1000.01,1000.01,999.99,1000.0,1400346
2023-05-31,1000.69,1000.69,999.71,1000.0,1789706
2023-06-01,1000.01,1000.3,999.99,1000.0,2134915
2023-06-02,1000.0,1000.49,999.51,1000.0,2050292
2023-06-05,1000.0,1000.06,999.99,999.99,2190780
2023-06-06,1030.0,1030.0,999.99,1000.0,1823874
2023-06-07,1000.01,1000.01,998.39,999.99,1721282
2023-06-08,1000.01,1000.65,999.99,1000.0,1729545
2023-06-09,1030.0,1030.0,999.6,999.99,2062688
2023-06-12,1000.0,1000.65,999.99,1000.0,1638759
2023-06-13,1000.01,1002.0,999.99,1000.0,1317394
2023-06-14,1005.9,1005.9,999.99,1000.0,1736557
2023-06-15,1002.0,1002.0,999.99,1000.0,1696211
2023-06-16,1000.0,1000.5,999.99,1000.0,1797834
2023-06-19,1009.9,1009.9,999.99,1000.0,2060746
2023-06-20,1000.0,1000.6,999.99,999.99,1952286
2023-06-21,1030.0,1030.0,999.98,1000.0,1784596
2023-06-22,1000.12,1000.12,999.99,1000.0,1530701
2023-06-23,999.0,1000.01,999.0,1000.0,1759755
2023-06-26,1000.0,1000.01,999.45,999.99,1738773
2023-06-27,1030.0,1030.0,999.99,1000.0,2099600
2023-06-28,1030.0,1030.0,999.45,1000.0,2202973
2023-06-30,998.4,1000.01,998.4,1000.0,2520524
2023-07-03,1004.9,1004.9,999.0,1000.0,2577246
2023-07-04,1000.0,1000.25,999.99,1000.01,3667172
2023-07-05,1000.0,1001.01,999.99,1000.0,2912571
2023-07-06,1000.0,1000.6,999.45,1000.03,6409153
2023-07-07,970.05,1000.01,970.05,1000.0,11163536
2023-07-10,999.99,1000.0,970.0,999.99,8036256
2023-07-11,999.99,1000.0,999.99,999.99,3048375
2023-07-12,1000.0,1000.01,999.49,999.99,2960982
2023-07-13,1000.0,1000.01,970.0,1000.0,3249346
2023-07-14,1000.0,1000.01,999.99,999.99,2436136
2023-07-17,1000.0,1000.01,999.99,999.99,2694605
2023-07-18,1000.0,1000.01,999.99,1000.0,2432910
2023-07-19,1030.0,1030.0,999.45,1000.0,3484903
2023-07-20,1030.0,1030.0,999.99,1000.0,1662106
2023-07-21,999.99,1000.01,999.99,1000.0,1969305
2023-07-24,999.99,1000.01,999.99,1000.0,2380185
2023-07-25,999.0,1000.01,999.0,999.99,2022684
2023-07-26,999.99,1000.01,999.99,1000.0,1784306
2023-07-27,970.0,1000.01,970.0,999.99,1932322
2023-07-28,1000.0,1000.01,999.99,1000.0,1871436
2023-07-31,1030.0,1030.0,999.2,999.99,1794741
2023-08-01,1000.0,1000.01,999.99,1000.0,1488843
2023-08-02,1030.0,1030.0,999.99,1000.0,2092921
2023-08-03,1030.0,1030.0,999.8,1000.0,2486533
2023-08-04,1000.0,1000.25,999.99,1000.01,2435549
2023-08-07,1030.0,1030.0,999.99,999.99,2416085
2023-08-08,1000.01,1000.01,999.99,1000.0,1969279
2023-08-09,999.99,1000.01,980.0,999.99,1553165
2023-08-10,999.99,1000.01,999.99,1000.0,1962882
2023-08-11,970.0,1000.01,970.0,1000.0,1750426
2023-08-14,1030.0,1030.0,999.99,1000.0,2708604
2023-08-16,1001.65,1001.65,999.99,999.99,2079371
2023-08-17,999.99,1000.01,999.99,1000.0,1404351
2023-08-18,1000.01,1000.25,999.99,1000.01,3206291
2023-08-21,1000.0,1000.01,999.99,999.99,1816763
2023-08-22,990.2,1000.01,990.2,1000.0,2237851
2023-08-23,1000.0,1000.01,999.99,1000.0,2999346
2023-08-24,1001.9,1001.9,999.99,1000.0,4078264
2023-08-25,1000.01,1000.01,999.99,1000.0,2192571
2023-08-28,1000.0,1000.01,999.99,1000.0,1825549
2023-08-29,1000.0,1000.01,999.0,1000.0,1897692
2023-08-30,1030.0,1030.0,970.0,999.99,1481758
2023-08-31,1001.99,1001.99,999.99,1000.0,2106122
2023-09-01,1001.99,1001.99,999.99,1000.01,4129505
2023-09-04,1001.99,1001.99,999.99,1000.0,2115027
2023-09-05,1001.75,1001.75,999.99,1000.0,1611227
2023-09-06,1000.0,1000.01,999.99,1000.0,2070170
2023-09-07,1001.99,1001.99,999.99,1000.0,1685288
2023-09-08,1001.99,1001.99,999.99,1000.0,2121638
2023-09-11,999.99,1000.01,999.99,1000.0,1960502
2023-09-12,990.2,1001.3,990.2,1000.0,4214377
2023-09-13,1000.01,1000.01,999.99,999.99,2901708
2023-09-14,1001.3,1001.3,999.99,999.99,1981165
2023-09-15,1000.0,1000.01,999.99,999.99,2526540
2023-09-18,1001.99,1001.99,999.99,1000.0,3538840
2023-09-20,1000.0,1000.01,999.99,999.99,4302553
2023-09-21,970.0,1001.99,970.0,1000.0,2281585
2023-09-22,1000.0,1000.01,999.99,1000.0,1829589
2023-09-25,999.99,1000.01,999.75,999.99,2281387
2023-09-26,1000.0,1000.65,999.99,1000.0,1848142
2023-09-27,1001.99,1001.99,999.99,999.99,2369184
2023-09-28,1001.0,1001.0,997.0,999.99,2064261
2023-09-29,1001.0,1001.0,999.55,1000.02,3017548
2023-10-03,1001.0,1001.0,970.0,1000.0,2715228
2023-10-04,1001.99,1001.99,999.99,1000.0,5119014
2023-10-05,1000.0,1000.01,999.99,1000.0,6154027
2023-10-06,1000.0,1000.01,999.99,1000.0,9879034
2023-10-09,999.99,1000.0,999.99,999.99,7877594
2023-10-10,999.99,1000.0,999.99,999.99,4395558
2023-10-11,1000.0,1000.01,999.99,1000.0,2316399
2023-10-12,1000.0,1000.01,999.99,1000.0,2582862
2023-10-13,1000.0,1001.99,999.99,1000.0,3763704
2023-10-16,1000.01,1000.01,997.0,1000.0,2154316
2023-10-17,1001.99,1001.99,999.99,1000.0,2211714
2023-10-18,1000.0,1000.01,999.99,1000.0,2776313
2023-10-19,1001.99,1001.99,999.99,999.99,3538334
2023-10-20,1000.0,1000.01,999.99,1000.0,1679118
2023-10-23,1001.99,1001.99,999.99,999.99,2541293
2023-10-25,1000.0,1000.01,970.0,999.99,3018272
2023-10-26,1001.99,1001.99,999.99,999.99,2960793
2023-10-27,1000.01,1000.01,999.99,1000.0,2513174
2023-10-30,1000.0,1000.01,999.99,999.99,2583800
2023-10-31,1000.01,1000.01,999.99,1000.0,1747582
2023-11-01,1001.99,1001.99,999.99,1000.0,1512334
2023-11-02,1030.0,1030.0,985.2,999.99,2224527
2023-11-03,1000.01,1000.01,999.99,1000.0,2197156
2023-11-06,1000.0,1001.99,997.0,999.99,3028710
2023-11-07,1000.0,1000.01,990.2,1000.0,1364622
2023-11-08,1000.0,1000.01,999.0,999.99,1516490
2023-11-09,1001.99,1001.99,999.99,1000.0,1535278
2023-11-10,1030.0,1030.0,999.99,1000.0,2985803
2023-11-12,1000.0,1004.65,999.99,999.99,967895
2023-11-13,1001.0,1001.0,999.99,1000.0,2722338
2023-11-15,970.0,1000.01,970.0,999.99,3135419
2023-11-16,1030.0,1030.0,999.99,999.99,2737257
2023-11-17,1030.0,1030.0,999.99,999.99,2551156
2023-11-20,1001.99,1001.99,999.99,1000.0,2340163
2023-11-21,1000.0,1000.01,999.99,999.99,1840629
2023-11-22,999.99,1000.01,999.99,999.99,1547943
2023-11-23,999.99,1000.01,999.99,1000.0,2024775
2023-11-24,1000.01,1000.01,999.99,1000.0,1402047
2023-11-28,999.99,1000.01,999.99,999.99,1693940
2023-11-29,1001.99,1001.99,999.5,1000.0,1710116
2023-11-30,1004.65,1004.65,995.35,1000.0,2067164
2023-12-01,1001.99,1001.99,999.99,1000.0,2882025
2023-12-04,1001.99,1001.99,999.99,999.99,3052681
2023-12-05,999.99,1000.01,999.99,999.99,2196146
2023-12-06,1000.0,1003.65,999.99,1000.0,3376749
2023-12-07,1000.0,1000.01,999.99,1000.0,2448107
2023-12-08,1000.0,1000.01,996.35,1000.0,3060307
2023-12-11,1000.0,1000.01,997.0,999.99,2242118
2023-12-12,1000.0,1000.01,999.0,999.99,1839224
2023-12-13,1000.0,1000.01,999.99,999.99,1653660
2023-12-14,1000.0,1000.01,996.35,1000.0,2223370
2023-12-15,1001.97,1001.97,999.99,1000.0,2440224
2023-12-18,1001.97,1004.65,999.99,1000.0,2688435
2023-12-19,1000.0,1000.9,999.99,1000.0,1971779
2023-12-20,1000.0,1000.01,996.35,1000.0,3144203
2023-12-21,1000.0,1000.02,999.99,1000.0,2686798
2023-12-22,1004.65,1004.65,999.99,1000.0,2347923
2023-12-26,999.99,1000.01,999.99,999.99,2083374
2023-12-27,999.99,1000.01,999.99,1000.0,2047169
2023-12-28,1000.0,1000.01,999.99,1000.0,2110142
2023-12-29,1000.0,1003.65,999.99,1000.0,3450372
2024-01-01,1004.9,1004.9,999.99,1000.0,2224313
2024-01-02,1000.0,1003.0,999.99,1000.0,3933071
2024-01-03,1000.01,1000.01,999.99,1000.0,3816754
2024-01-04,1000.01,1000.01,999.99,1000.0,8034703
2024-01-05,1000.0,1003.0,999.99,1000.0,14496427
2024-01-08,1000.0,1000.0,999.99,999.99,12601054
2024-01-09,1000.0,1000.01,995.3,999.99,3557518
2024-01-10,999.99,1000.01,996.35,999.99,3562454
2024-01-11,1000.0,1000.01,999.99,1000.0,2693688
2024-01-12,1000.0,1000.01,997.0,1000.0,2772152
2024-01-15,1000.0,1004.0,999.99,1000.0,2453708
2024-01-16,1001.99,1001.99,999.99,1000.0,3632743
2024-01-17,995.3,1001.0,995.3,1000.0,3326218
2024-01-18,1001.99,1001.99,999.99,999.99,5646475
2024-01-19,1000.0,1000.01,997.0,1000.0,2523534
2024-01-20,999.0,1000.01,999.0,1000.0,1174558
2024-01-23,1000.0,1000.01,999.99,999.99,2598714
2024-01-24,1000.0,1000.01,995.3,1000.0,2614826
2024-01-25,999.0,1000.01,999.0,1000.0,3275555
2024-01-29,1002.99,1002.99,999.99,999.99,2316450
2024-01-30,1000.0,1000.25,999.2,1000.0,4127453
2024-01-31,1000.0,1000.01,999.99,999.99,2325899
2024-02-01,1001.0,1001.0,999.99,1000.0,3860279
2024-02-02,999.99,1000.01,999.99,1000.0,3790036
2024-02-05,1000.0,1002.99,999.99,1000.0,3015376
2024-02-06,1000.0,1000.01,999.0,999.99,3040371
2024-02-07,999.99,1000.01,999.99,999.99,2550689
2024-02-08,1000.0,1000.01,999.42,1000.0,1963522
2024-02-09,1000.0,1000.01,999.99,1000.0,2854848
2024-02-12,1000.0,1000.01,999.45,1000.0,2392154
2024-02-13,1000.0,1001.0,999.99,1000.0,2236398
2024-02-14,1000.0,1000.01,999.99,1000.0,2365594
2024-02-15,997.0,1000.01,997.0,1000.0,2152377
2024-02-16,1000.0,1000.01,999.99,1000.0,2564103
2024-02-19,1002.99,1002.99,999.2,1000.0,2653666
2024-02-20,1002.99,1002.99,999.99,1000.0,4138125
2024-02-21,1000.0,1000.01,999.99,1000.0,3368248
2024-02-22,1002.99,1002.99,999.99,999.99,2205996
2024-02-23,1000.0,1000.01,999.99,1000.0,2950570
2024-02-26,1002.65,1002.65,999.99,1000.0,2115550
2024-02-27,1000.01,1000.01,999.99,1000.0,2868371
2024-02-28,996.35,1002.65,996.35,1000.0,3009257
2024-02-29,1002.49,1002.49,999.99,1000.0,2556271
2024-03-01,1000.0,1000.01,999.99,999.99,4992893
2024-03-02,1000.01,1000.01,999.99,1000.0,1102331
2024-03-04,1000.5,1000.5,999.99,999.99,4418886
2024-03-05,1000.01,1000.01,999.99,1000.0,2298404
2024-03-06,1002.49,1002.49,997.35,1000.0,2657695
2024-03-07,1000.0,1000.1,999.99,1000.0,2314947
2024-03-11,999.99,1000.01,999.99,1000.0,3301282
2024-03-12,1001.0,1002.49,999.99,999.99,3503873
2024-03-13,1000.0,1000.01,999.99,999.99,4830847
2024-03-14,999.99,1000.01,999.99,1000.0,3295995
2024-03-15,1000.0,1000.01,999.99,1000.0,4028389
2024-03-18,1000.01,1000.01,999.99,999.99,3313703
2024-03-19,1000.01,1000.01,999.99,1000.0,3278408
2024-03-20,1002.49,1002.49,999.99,999.99,2928289
2024-03-21,1004.7,1004.7,999.99,1000.0,3827906
2024-03-22,1000.0,1001.0,999.99,1000.0,3372838
2024-03-26,1000.0,1001.0,996.0,999.99,4794036
2024-03-27,1000.0,1001.0,999.45,999.99,3454603
2024-03-28,1000.0,1002.99,999.99,1000.0,3596176
2024-04-01,1000.0,1000.01,996.35,1000.0,4782731
2024-04-02,1000.0,1000.01,999.0,1000.0,4221933
2024-04-03,999.99,1000.01,999.99,1000.0,3605310
2024-04-04,1002.99,1004.7,999.99,1000.0,6995119
2024-04-05,1000.0,1003.65,999.99,1000.0,17173728
2024-04-08,1000.0,1000.0,997.65,999.99,13189387
2024-04-09,1000.0,1000.0,999.99,999.99,4200130
2024-04-10,1000.0,1000.01,999.99,1000.0,3122332
2024-04-12,1000.0,1000.01,999.0,1000.0,3579609
2024-04-15,1000.0,1000.01,999.45,999.99,4355742
2024-04-16,1000.0,1004.0,999.99,1000.0,3605775
2024-04-18,1000.0,1000.01,999.99,1000.0,3904846
2024-04-19,999.45,1000.01,999.45,1000.0,4344737
2024-04-22,999.99,1000.01,999.45,999.99,2286908
2024-04-23,999.99,1030.0,996.0,999.99,2648333
2024-04-24,999.99,1000.5,996.0,999.99,4287567
2024-04-25,1000.0,1004.7,995.3,999.99,3963306
2024-04-26,1003.65,1003.65,999.99,999.99,3822558
2024-04-29,996.35,1003.65,996.35,1000.0,3147643
2024-04-30,1000.01,1000.01,999.99,1000.0,2241973
2024-05-02,999.15,1000.01,999.15,999.99,3230909
2024-05-03,999.99,1000.1,999.45,1000.0,3028922
2024-05-06,1000.0,1000.01,999.9,1000.0,2860437
2024-05-07,1002.99,1003.65,999.99,1000.0,3900448
2024-05-08,1000.0,1000.01,999.99,1000.0,2746699
2024-05-09,1000.0,1000.01,998.23,1000.0,2699151
2024-05-10,999.0,1000.01,999.0,1000.0,2819019
2024-05-13,1002.15,1002.15,996.5,999.99,2267028
2024-05-14,1000.65,1000.65,999.45,999.99,2432484
2024-05-15,1000.5,1002.15,999.99,999.99,2085866
2024-05-16,1000.0,1000.01,999.99,1000.0,2253891
2024-05-17,1003.65,1003.65,999.99,1000.0,4142165
2024-05-18,1001.65,1001.65,999.99,999.99,681360
2024-05-21,1000.0,1000.01,999.99,1000.0,4552135
2024-05-22,1002.99,1002.99,998.0,1000.0,3431757
2024-05-23,1001.0,1002.99,996.35,1000.0,2411298
2024-05-24,1000.0,1000.01,999.99,999.99,3584570
2024-05-27,1000.0,1000.01,995.3,1000.0,2255934
2024-05-28,1002.99,1002.99,999.45,1000.0,2357254
2024-05-29,1000.0,1002.3,999.99,1000.0,2464421
2024-05-30,1000.0,1002.99,999.99,1000.0,5101972
2024-05-31,1000.0,1000.01,999.9,1000.0,3812382
2024-06-03,999.99,1000.01,998.15,1000.0,3192735
2024-06-04,1000.0,1000.01,999.99,1000.0,8247682
2024-06-05,1000.0,1000.01,999.99,1000.0,6927110
2024-06-06,1004.7,1004.7,999.99,1000.0,5970939
2024-06-07,1004.7,1004.7,999.99,1000.0,5747554
2024-06-10,1000.0,1003.64,999.9,1000.0,4775361
2024-06-11,1000.0,1000.01,999.45,999.99,3751454
2024-06-12,1003.45,1003.45,999.99,999.99,3177484
2024-06-13,1000.0,1000.01,999.99,1000.0,2615514
2024-06-14,1002.0,1002.0,999.99,1000.0,5852060
2024-06-18,1000.0,1001.0,999.99,999.99,4669329
2024-06-19,1000.0,1000.65,999.99,1000.0,3764065
2024-06-20,1000.0,1000.65,999.99,1000.0,3872961
2024-06-21,1000.0,1002.99,999.99,1000.0,4031550
2024-06-24,1000.0,1000.65,999.99,1000.0,5386573
2024-06-25,1000.0,1000.65,999.99,1000.0,2552277
2024-06-26,1000.0,1000.01,999.99,999.99,3919890
2024-06-27,999.99,1000.01,995.3,1000.0,3751597
2024-06-28,1000.0,1000.01,998.25,999.99,6510383
2024-07-01,999.99,1000.01,998.25,999.99,4448101
2024-07-02,999.47,1000.65,999.47,1000.0,3666522
2024-07-03,1000.0,1001.65,999.99,1000.0,4453767
2024-07-04,1000.0,1001.65,999.99,1000.0,7984988
2024-07-05,1000.01,1000.01,999.99,1000.0,17344364
2024-07-08,1000.0,1000.0,997.15,999.99,16861105
2024-07-09,999.46,1000.0,999.45,999.99,3629049
2024-07-10,1000.0,1001.0,999.99,1000.0,3267087
2024-07-11,1002.25,1002.25,999.99,999.99,3339635
2024-07-12,999.98,1000.01,999.45,1000.0,4889523
2024-07-15,1000.0,1000.01,999.99,999.99,3601129
2024-07-16,1000.0,1000.01,998.5,1000.0,2800804
2024-07-18,999.99,1000.01,999.99,1000.0,2608786
2024-07-19,1000.0,1000.01,999.99,1000.0,6146616
2024-07-22,1000.0,1000.01,999.99,999.99,6193156
2024-07-23,1000.0,1000.01,999.99,999.99,2937668
2024-07-24,1000.0,1002.25,999.99,1000.0,2865245
2024-07-25,1000.0,1000.01,999.45,999.99,4976639
2024-07-26,999.99,1000.01,998.65,999.99,4399027
2024-07-29,1000.0,1000.65,999.99,999.99,6280886
2024-07-30,999.99,1000.01,999.99,999.99,2737228
2024-07-31,1000.0,1000.01,999.99,999.99,3254243
2024-08-01,999.99,1000.65,970.0,1000.0,3470617
2024-08-02,1000.0,1000.01,999.99,1000.0,3363646
2024-08-05,1000.0,1000.01,995.0,999.99,5057154
2024-08-06,999.99,1000.01,999.99,1000.0,3795438
2024-08-07,1000.0,1000.01,999.45,1000.0,2553313
2024-08-08,1000.0,1000.01,999.99,1000.0,3358466
2024-08-09,1000.0,1000.01,999.99,999.99,2849038
2024-08-12,1000.0,1000.01,997.65,999.99,3167644
2024-08-13,1000.0,1001.0,999.98,1000.0,4702074
2024-08-14,1000.0,1000.65,999.99,1000.0,3351819
2024-08-16,999.99,1000.01,999.45,1000.0,2573434
2024-08-19,999.99,1000.01,997.65,999.99,2683911
2024-08-20,1000.0,1000.01,998.65,999.99,2986145
2024-08-21,1000.0,1000.01,997.65,999.99,3030379
2024-08-22,999.9,1000.01,999.26,1000.0,2478853
2024-08-23,1000.0,1000.01,999.99,1000.0,3567572
2024-08-26,999.99,1000.01,999.45,1000.0,2406589
2024-08-27,1000.0,1001.65,999.99,1000.0,1888320
2024-08-28,1000.0,1000.01,999.99,1000.0,2902776
2024-08-29,995.0,1000.01,995.0,1000.0,3806822
2024-08-30,999.9,1000.01,999.45,1000.0,5654992
2024-09-02,1000.0,1000.01,999.99,1000.0,4190155
2024-09-03,1000.0,1000.01,999.99,1000.0,4648695
2024-09-04,1000.01,1030.0,999.99,1000.0,3407358
2024-09-05,999.99,1000.01,999.97,999.99,2685496
2024-09-06,1000.0,1000.01,999.99,1000.0,5341288
2024-09-09,1000.0,1000.01,995.0,999.99,3034901
2024-09-10,999.99,1000.01,999.45,1000.0,2698651
2024-09-11,999.98,1000.01,999.98,1000.0,2998829
2024-09-12,1000.0,1000.01,999.99,999.99,2825699
2024-09-13,1001.65,1001.65,999.99,1000.0,2727263
2024-09-16,999.99,1001.65,999.99,999.99,2957531
2024-09-17,1000.0,1000.01,995.0,1000.0,2975225
2024-09-18,1000.0,1000.01,999.99,1000.0,3843192
2024-09-19,1000.0,1000.01,999.99,1000.0,3829030
2024-09-20,999.99,1000.01,999.99,1000.0,4138316
2024-09-23,999.98,1000.01,997.0,1000.0,2939614
2024-09-24,1000.0,1004.7,999.99,999.99,3257370
2024-09-25,1000.0,1000.01,999.99,1000.0,3109280
2024-09-26,1000.0,1001.65,999.99,999.99,3600482
2024-09-27,999.99,1000.01,995.35,999.99,5206603
2024-09-30,999.99,1000.01,999.99,999.99,5481566
2024-10-01,1000.0,1000.01,999.99,1000.0,5250163
2024-10-03,999.99,1000.01,999.99,1000.0,9514460
2024-10-04,1000.0,1001.65,999.99,1000.0,17293198
2024-10-07,1000.0,1000.0,999.99,999.99,14619169
2024-10-08,999.9,1000.01,998.5,999.99,6228857
2024-10-09,999.0,1000.01,995.3,999.99,4632763
2024-10-10,999.99,1001.5,999.5,999.99,3081356
2024-10-11,999.99,1000.01,999.99,999.99,2239016
2024-10-14,998.5,1000.01,998.5,1000.0,2196873
2024-10-15,1000.0,1000.01,999.99,999.99,3368879
2024-10-16,1000.0,1000.01,999.45,999.99,2814624
2024-10-17,1000.0,1001.5,999.99,999.99,1688577
2024-10-18,999.99,1000.01,999.99,1000.0,2121043
2024-10-21,1000.0,1000.01,999.99,1000.0,4415085
2024-10-22,1000.0,1000.01,999.99,999.99,3858801
2024-10-23,1000.0,1000.01,999.99,999.99,3495594
2024-10-24,999.98,1000.01,999.98,1000.0,3186630
2024-10-25,999.99,1000.01,999.99,1000.0,4020262
2024-10-28,1000.0,1000.01,999.45,999.99,2795042
2024-10-29,1000.0,1000.01,999.99,1000.0,2701613
2024-10-30,999.97,1000.01,999.96,999.99,3297047
2024-10-31,1000.0,1000.01,998.5,1000.0,4782773
2024-11-01,1002.99,1002.99,999.99,1000.0,743711
2024-11-04,999.45,1001.5,999.45,1000.0,3014622
2024-11-05,1000.0,1000.01,999.99,999.99,3141101
2024-11-06,999.98,1000.01,995.3,999.99,4659642
2024-11-07,1000.0,1003.65,996.35,1000.0,2129573
2024-11-08,1000.0,1000.01,999.99,1000.0,4063235
2024-11-11,999.99,1000.01,997.0,999.99,3491693
2024-11-12,995.0,1000.01,995.0,1000.0,3652828
2024-11-13,1000.0,1000.01,999.23,999.99,3461236
2024-11-14,995.3,1000.01,995.3,1000.0,3138633
2024-11-18,1004.7,1004.7,999.22,1000.0,3294205
2024-11-19,1000.0,1000.01,997.1,1000.0,3533521
2024-11-21,1000.0,1000.01,999.7,1000.0,2902147
2024-11-22,1000.0,1001.65,999.99,999.99,2918661
2024-11-25,999.98,1000.01,999.45,999.99,5226359
2024-11-26,1000.0,1000.01,995.3,1000.0,2906275
2024-11-27,1000.0,1000.01,999.99,1000.0,2371431
2024-11-28,1004.7,1004.7,999.99,1000.0,2739316
2024-11-29,997.1,1001.65,997.1,999.99,5253200
2024-12-02,1001.65,1001.65,999.99,999.99,5823840
2024-12-03,1000.0,1000.01,999.99,1000.0,2523617
2024-12-04,999.99,1000.01,999.99,1000.0,3574135
2024-12-05,999.98,1000.01,999.45,1000.0,2376561
2024-12-06,999.99,1000.01,999.45,999.99,3643021
2024-12-09,1000.0,1000.01,999.99,1000.0,3483276
2024-12-10,1000.0,1000.01,999.9,999.99,2899100
2024-12-11,1000.0,1000.01,999.99,999.99,2356268
2024-12-12,999.99,1000.01,999.45,1000.0,2778608
2024-12-13,1000.01,1000.01,999.99,1000.0,3225545
2024-12-16,1000.0,1001.55,999.99,999.99,3384205
2024-12-17,1000.0,1000.01,999.99,1000.0,2973094
2024-12-18,1000.0,1000.01,999.99,1000.0,4241403
2024-12-19,1000.0,1000.01,999.99,1000.0,1970269
2024-12-20,1000.0,1001.55,997.0,1000.0,4379493
2024-12-23,995.3,1001.65,995.3,1000.0,2361473
2024-12-24,997.0,1000.01,997.0,999.99,2380725
2024-12-26,1000.01,1000.01,997.0,1000.0,3777482
2024-12-27,999.98,1000.01,997.0,999.99,4282507
2024-12-30,1000.0,1000.01,999.46,999.99,5304108
2024-12-31,1000.0,1000.01,999.99,1000.0,2321563
2025-01-01,1000.0,1000.01,999.9,1000.0,2464836
2025-01-02,999.99,1000.01,999.75,1000.0,5336591
2025-01-03,1000.0,1000.01,999.99,1000.0,12445125
2025-01-06,1000.0,1000.0,998.5,999.99,10246935
2025-01-07,1000.0,1000.01,999.0,1000.0,3205589
2025-01-08,1000.1,1000.1,999.98,1000.0,6634462
2025-01-09,999.66,1000.01,999.66,999.99,5940965
2025-01-10,1000.0,1000.01,998.51,1000.0,2643186
2025-01-13,1000.0,1000.01,999.99,1000.0,3825869
2025-01-14,999.99,1000.01,998.5,999.99,2972436
2025-01-15,1000.0,1000.01,999.99,1000.0,2863068
2025-01-16,1000.0,1000.01,998.5,999.99,2285497
2025-01-17,1000.0,1000.01,999.99,1000.0,3153956
2025-01-20,1000.0,1000.01,999.51,1000.0,2610327
2025-01-21,1000.0,1000.01,999.45,1000.0,2950936
2025-01-22,995.56,1000.01,995.56,999.99,3587688
2025-01-23,1000.0,1000.36,999.99,999.99,4247302
2025-01-24,999.99,1000.01,999.09,1000.0,3022484
2025-01-27,1000.0,1000.01,999.26,999.99,5262695
2025-01-28,1000.0,1000.01,999.33,1000.0,4232513
2025-01-29,1000.0,1000.01,999.9,1000.0,2600576
2025-01-30,999.99,1000.01,999.47,1000.0,5468713
2025-01-31,1000.0,1000.01,999.99,1000.0,2913028
2025-02-01,1000.0,1000.01,999.46,999.99,1612872
2025-02-03,999.56,1000.01,999.56,999.99,4219952
2025-02-04,999.57,1000.01,999.57,999.99,2607020
2025-02-05,1000.66,1000.66,999.99,1000.0,2292602
2025-02-06,1000.0,1001.55,999.59,1000.0,2013772
2025-02-07,1000.0,1000.01,999.99,1000.0,3101652
2025-02-10,999.66,1000.01,999.66,1000.0,1887664
2025-02-11,1000.0,1000.01,999.71,999.99,2273814
2025-02-12,999.54,1000.01,999.54,999.99,3908790
2025-02-13,1000.66,1000.66,999.99,1000.0,2680283
2025-02-14,1000.0,1000.01,997.5,1000.0,3962813
2025-02-17,1000.0,1000.01,998.66,1000.0,4985112
2025-02-18,1030.0,1030.0,999.99,1000.0,4114985
2025-02-19,1000.0,1000.01,999.45,1000.0,2120901
2025-02-20,999.99,1000.01,999.0,999.99,2588303
2025-02-21,999.99,1000.01,999.98,1000.0,3543621
2025-02-24,1000.99,1000.99,999.99,999.99,3250239
2025-02-25,1001.55,1001.55,999.99,999.99,2225875
2025-02-27,999.99,1001.55,999.99,1000.0,5124893
2025-02-28,1000.0,1000.01,997.5,1000.0,4073941
2025-03-03,1000.01,1000.01,999.45,999.99,5321286
2025-03-04,1000.99,1000.99,999.99,999.99,2479769
2025-03-05,1000.0,1000.01,999.33,999.99,3791825
2025-03-06,1000.96,1000.96,999.98,1000.0,3279734
2025-03-07,1000.0,1000.88,999.99,1000.0,3803904
2025-03-10,1000.0,1000.96,999.99,1000.0,4529787
2025-03-11,999.99,1000.01,995.3,999.99,3868661
2025-03-12,999.99,1000.01,999.99,1000.0,2381581
2025-03-13,1003.0,1003.0,999.99,1000.0,2795144
2025-03-17,1000.0,1000.01,999.99,999.99,3978630
2025-03-18,999.99,1000.01,999.45,999.99,4558599
2025-03-19,1000.0,1000.01,999.5,1000.0,3132736
2025-03-20,1000.0,1000.01,999.53,1000.0,3179569
2025-03-21,1001.55,1001.55,999.56,1000.0,4114816
2025-03-24,1000.01,1000.01,999.99,1000.0,4150893
2025-03-25,999.99,1000.93,999.99,1000.0,4379826
2025-03-26,1000.86,1000.86,999.99,999.99,2579221
2025-03-27,999.99,1000.01,999.99,999.99,4514266
2025-03-28,1000.0,1000.01,999.99,1000.0,3896815
2025-04-01,1000.0,1000.01,999.99,999.99,3607622
2025-04-02,1000.01,1000.01,999.99,999.99,4648565
2025-04-03,1000.01,1000.01,999.99,1000.0,6694564
2025-04-04,999.99,1000.01,999.99,1000.0,18066564
2025-04-07,999.98,1000.0,998.65,999.99,15263249
2025-04-08,997.5,1000.01,997.5,999.99,4505557
2025-04-09,999.99,1000.01,999.99,1000.0,4325056
2025-04-11,1000.0,1000.01,999.45,1000.0,3243046
2025-04-15,1000.0,1000.5,999.99,1000.0,6409280
2025-04-16,1000.0,1000.01,999.99,1000.0,4167075
2025-04-17,1000.0,1000.46,999.99,1000.0,4090040
2025-04-21,1000.0,1000.01,999.56,1000.0,4034697
2025-04-22,1000.45,1000.45,999.99,1000.0,3254614
2025-04-23,1000.0,1000.01,999.99,999.99,3114054
2025-04-24,1000.0,1000.01,999.99,1000.0,5673334
2025-04-25,1000.0,1000.01,999.99,1000.0,3866076
2025-04-28,1001.55,1001.55,999.66,999.99,3628016
2025-04-29,1000.01,1000.66,999.99,999.99,2678698
2025-04-30,999.99,1000.01,999.99,1000.0,3737677
2025-05-02,1000.01,1000.01,999.45,1000.0,3348534
2025-05-05,1000.0,1000.01,999.45,999.99,4058729
2025-05-06,999.99,1000.01,999.99,1000.0,3888844
2025-05-07,1000.66,1000.66,999.99,999.99,3746057
2025-05-08,1000.44,1000.44,999.99,1000.0,4214413
2025-05-09,999.99,1000.01,999.11,1000.0,2914237
2025-05-12,1000.88,1000.88,999.99,999.99,6504982
2025-05-13,999.6,1000.01,999.6,999.99,2490154
2025-05-14,1000.66,1001.55,999.99,999.99,2660864
2025-05-15,1000.0,1000.01,999.99,1000.0,2588090
2025-05-16,1000.0,1000.01,999.99,1000.0,3098335
2025-05-19,999.99,1000.96,999.99,1000.0,4518552
2025-05-20,1000.0,1000.66,999.99,999.99,3620619
2025-05-21,1000.01,1000.01,999.99,1000.0,2793052
2025-05-22,1000.0,1000.01,999.99,1000.0,2666477
2025-05-23,1000.01,1000.01,999.99,999.99,3092411
2025-05-26,1000.0,1000.01,999.99,1000.0,3655300
2025-05-27,1000.88,1000.88,999.99,999.99,3945218
2025-05-28,999.99,1000.01,999.99,999.99,1770583
2025-05-29,1000.0,1000.2,999.99,1000.0,5230750
2025-05-30,1001.55,1001.55,999.99,1000.0,3045107
2025-06-02,1000.0,1000.01,999.99,999.99,4186099
2025-06-03,997.5,1001.55,997.5,999.99,3486196
2025-06-04,1000.1,1000.1,999.99,999.99,1604054
2025-06-05,999.99,1000.01,999.99,1000.0,2138788
2025-06-06,1000.0,1000.01,999.99,1000.0,3412668
2025-06-09,1000.0,1000.1,999.99,1000.0,2257366
2025-06-10,1000.0,1000.01,999.11,1000.0,2517360
2025-06-11,999.99,1000.01,999.99,1000.0,2186349
2025-06-12,999.99,1000.01,999.22,1000.0,3613767
2025-06-13,999.22,1000.01,999.22,1000.0,8161078
2025-06-16,999.99,1000.01,999.99,999.99,1802281
2025-06-17,999.99,1000.01,999.22,1000.0,2016257
2025-06-18,999.99,1000.01,999.99,999.99,1744417
2025-06-19,999.33,1000.01,999.33,1000.0,2821123
2025-06-20,1000.0,1000.01,970.0,999.99,4146243
2025-06-23,995.3,1000.5,995.3,999.99,3603645
2025-06-24,999.99,1000.01,999.99,999.99,2091285
2025-06-25,1000.0,1000.01,999.99,1000.0,2058465
2025-06-26,999.99,1000.01,999.99,999.99,6810573
2025-06-27,1000.0,1000.01,997.35,1000.0,4233463
2025-06-30,1000.0,1001.55,999.99,999.99,3654645
2025-07-01,1000.0,1000.01,999.99,1000.0,2538487
2025-07-02,1000.5,1000.5,997.5,999.99,4654085
2025-07-03,1000.0,1000.01,999.99,1000.0,5320239
2025-07-04,1000.0,1000.5,999.99,1000.0,13514627
2025-07-07,1000.0,1000.0,999.22,999.99,9610167
2025-07-08,1000.0,1000.0,999.45,999.99,3436931
2025-07-09,1000.0,1000.0,999.66,999.99,2593059
2025-07-10,999.72,1000.01,999.72,1000.0,2332340
2025-07-11,1000.01,1000.01,999.99,1000.0,3607325
2025-07-14,999.36,1000.01,999.36,999.99,3408645
2025-07-15,1000.0,1000.01,999.99,999.99,2498951
2025-07-16,1000.0,1000.01,999.99,1000.0,2068046
2025-07-17,999.99,1000.01,999.51,999.99,2413011
2025-07-18,999.99,1001.55,999.99,1000.0,1629206
2025-07-21,999.99,1000.01,999.99,999.99,1794214
2025-07-22,1000.0,1000.01,999.99,1000.0,2940228
2025-07-23,1001.55,1001.55,999.99,999.99,1729881
2025-07-24,999.99,1000.01,999.45,1000.0,1773644
2025-07-25,1000.0,1000.01,999.45,1000.0,4470074
2025-07-28,1000.0,1000.01,999.52,999.99,1984476
2025-07-29,1000.0,1000.01,999.99,999.99,5296033
2025-07-30,1000.0,1000.01,999.99,1000.0,3305094
2025-07-31,1000.0,1000.01,999.99,1000.0,6094319
2025-08-01,999.99,1000.01,999.99,999.99,3336184
2025-08-04,1000.96,1000.96,999.99,999.99,4250654
2025-08-05,1001.55,1001.55,999.45,1000.0,3118805
2025-08-06,999.99,1000.1,999.99,999.99,3103421
2025-08-07,999.99,1000.01,999.99,999.99,3634966
2025-08-08,1000.0,1000.88,999.99,1000.0,2064005
2025-08-11,1000.0,1000.01,999.99,999.99,3263191
2025-08-12,1000.0,1000.01,999.99,1000.0,1885517
2025-08-13,999.45,1000.01,999.45,999.99,1558738
2025-08-14,999.99,1000.01,999.99,1000.0,3184379
2025-08-18,1000.0,1000.01,998.0,999.99,2549396
2025-08-19,1000.93,1000.93,999.99,999.99,1862542
2025-08-20,1000.0,1000.01,999.99,1000.0,2600595
2025-08-21,1000.0,1001.55,999.45,1000.0,4060410
2025-08-22,1000.0,1000.01,999.75,1000.0,2485974
2025-08-25,999.11,1000.96,999.11,999.99,1833682
2025-08-26,1000.0,1000.88,999.99,999.99,2704602
2025-08-28,999.45,1000.01,999.45,999.99,5506871
2025-08-29,999.99,1000.01,999.45,1000.0,3507471
2025-09-01,1000.0,1000.01,999.99,999.99,3661711
2025-09-02,1000.0,1000.01,999.99,999.99,2693635
2025-09-03,999.99,1000.01,999.51,999.99,3057207
2025-09-04,999.99,1000.01,999.99,1000.0,2045966
2025-09-05,1000.0,1000.01,999.99,999.99,1699291
2025-09-08,999.56,1000.3,999.56,999.99,3076631
2025-09-09,999.99,1000.01,999.99,999.99,2002121
2025-09-10,1000.0,1000.01,999.99,999.99,2978663
2025-09-11,999.99,1000.01,999.66,999.99,1789593
2025-09-12,999.99,1000.77,999.52,1000.0,2900482
2025-09-15,999.56,1000.01,999.56,999.99,3595653
2025-09-16,1000.0,1000.01,999.99,999.99,1788073
2025-09-17,1000.01,1000.01,999.99,1000.0,1754139
2025-09-18,1000.0,1000.01,999.99,1000.0,1938983
2025-09-19,1000.0,1000.01,999.99,1000.0,975685
2025-09-22,999.99,1000.01,999.51,999.99,2264642
2025-09-23,999.99,1000.01,999.56,1000.0,1942511
2025-09-24,1000.25,1000.25,999.99,1000.0,1654535
2025-09-25,1000.0,1000.01,999.99,1000.0,1673135
2025-09-26,1000.0,1000.01,999.99,1000.0,4151519
2025-09-29,1000.0,1000.77,999.56,999.99,3804834
2025-09-30,1000.0,1000.01,999.99,1000.0,6345930
2025-10-01,1000.0,1000.99,999.99,1000.0,8177933
2025-10-03,1000.0,1000.01,999.99,1000.0,13839374
2025-10-06,999.99,1000.01,998.61,999.99,10941036
2025-10-07,999.99,1000.01,999.99,1000.0,3938239
2025-10-08,1000.0,1000.01,999.99,1000.0,2506646
2025-10-09,999.99,1000.01,999.99,999.99,2340913
2025-10-10,1000.0,1000.01,999.99,1000.0,2494471
2025-10-13,1000.0,1000.97,999.99,999.99,2818015
2025-10-14,999.99,1000.01,999.56,999.99,2550786
2025-10-15,999.99,1000.01,999.99,999.99,2228759
2025-10-16,1000.0,1000.01,999.99,1000.0,2441386
2025-10-17,999.99,1000.01,999.99,1000.0,4699425
2025-10-20,1000.0,1000.01,999.56,1000.0,2604692
2025-10-21,999.99,1000.01,999.56,1000.0,705053
2025-10-23,999.99,1000.01,999.99,999.99,3419475
2025-10-24,1000.77,1000.77,999.63,1000.0,3906006
2025-10-27,999.99,1000.85,999.99,1000.0,2226874
2025-10-28,999.98,1000.01,999.98,999.99,4140634
2025-10-29,1029.99,1029.99,999.99,999.99,5983125
2025-10-30,999.99,1000.01,999.99,999.99,2987518
2025-10-31,1000.0,1000.01,999.99,1000.0,1880440
2025-11-03,1000.0,1000.01,999.63,999.99,1999307
2025-11-04,1000.01,1000.01,999.99,1000.0,1989262
2025-11-06,999.99,1000.5,999.99,1000.0,2712119
2025-11-07,1000.0,1000.01,999.99,1000.0,2335610
2025-11-10,999.99,1000.01,999.99,1000.0,1780130
2025-11-11,999.99,1000.01,999.99,999.99,1774276
2025-11-12,1000.0,1000.01,999.99,999.99,2080643
2025-11-13,999.99,1000.01,999.99,999.99,1618273
2025-11-14,999.0,1000.01,999.0,1000.0,2589261
2025-11-17,1000.01,1000.01,999.99,999.99,2223597
2025-11-18,999.99,1000.01,999.99,1000.0,2433150
2025-11-19,999.99,1000.01,999.99,1000.0,2664301
2025-11-20,1000.0,1000.01,999.99,1000.0,2464407
2025-11-21,1000.0,1000.01,999.99,1000.0,3600701
2025-11-24,999.11,1000.01,999.11,999.99,3025072
2025-11-25,1000.0,1000.01,999.99,1000.0,5954978
2025-11-26,1000.0,1000.01,999.99,999.99,1977815
2025-11-27,1000.0,1000.01,999.99,999.99,3168144
2025-11-28,999.99,1000.01,999.99,999.99,1918006
2025-12-01,999.9,1000.01,999.9,1000.0,2220101
2025-12-02,1000.0,1000.01,999.99,999.99,1977553
2025-12-03,1000.0,1000.01,999.99,999.99,2487047
2025-12-04,1000.0,1000.01,999.99,999.99,2916573
2025-12-05,1000.0,1000.01,999.99,1000.0,2835394
2025-12-08,1000.0,1000.01,999.0,1000.0,2432399
2025-12-09,1000.0,1000.01,999.99,999.99,4335018
2025-12-10,1000.5,1000.5,999.99,999.99,3421543
2025-12-11,1000.0,1000.01,999.99,999.99,3018481
2025-12-12,999.99,1000.01,999.99,1000.0,2266391
2025-12-15,1000.0,1000.01,999.99,999.99,1969593
2025-12-16,1000.0,1000.01,999.99,1000.0,2052773
2025-12-17,999.99,1000.01,999.99,1000.0,3031875
2025-12-18,1000.99,1000.99,999.09,1000.0,2343912
2025-12-19,1000.0,1000.01,999.99,1000.0,2772261
2025-12-22,1000.0,1000.5,999.99,1000.0,2161879
2025-12-23,1000.0,1000.01,999.99,1000.0,2351254
2025-12-24,1000.0,1000.01,999.99,1000.0,2653141
2025-12-26,999.99,1000.01,999.99,999.99,3502041
2025-12-29,1000.0,1000.01,997.15,1000.0,3645339
2025-12-30,1000.0,1000.01,999.9,1000.0,3575253
2025-12-31,999.99,1000.01,999.99,999.99,4074677
2026-01-01,999.99,1000.5,999.99,1000.0,4785423
2026-01-02,1025.0,1025.0,999.99,1000.0,12254248
2026-01-05,1000.0,1000.01,999.09,999.99,11095430
2026-01-06,999.99,1000.01,999.9,999.99,3167175
2026-01-07,1000.0,1000.01,999.99,1000.0,2871904
2026-01-08,999.09,1000.01,999.09,1000.0,2768683
2026-01-09,999.99,1000.01,999.99,1000.0,2384434
2026-01-12,999.99,1000.01,999.09,999.99,4216883
2026-01-13,999.09,1000.01,999.09,1000.0,3393622
2026-01-14,1000.0,1000.01,999.99,1000.0,1891317
2026-01-16,995.0,1002.0,995.0,1000.0,1919904
2026-01-19,1000.0,1000.01,999.4,1000.0,3196301
2026-01-20,970.0,1000.01,970.0,1000.0,2930886
2026-01-21,999.99,1000.01,999.99,999.99,5225931
2026-01-22,999.99,1000.01,999.99,999.99,3704766
2026-01-23,1000.99,1000.99,999.99,1000.0,5134105
2026-01-27,999.99,1000.01,999.99,1000.0,5632428
2026-01-28,999.99,1000.01,999.99,999.99,5932859
2026-01-29,999.99,1000.01,998.0,999.99,3547635
2026-01-30,1000.85,1000.85,999.99,1000.0,4198968
2026-02-01,999.95,1000.01,999.09,1000.0,2788955
2026-02-02,1000.0,1000.01,998.09,999.99,4127700
2026-02-03,999.99,1000.01,998.09,999.99,3564022
2026-02-04,1000.0,1000.01,999.99,999.99,3148815
2026-02-05,999.99,1000.01,999.99,1000.0,2194126
2026-02-06,1001.88,1001.88,999.99,1000.0,4456795
2026-02-09,1000.0,1000.01,999.99,999.99,2536418
2026-02-10,999.99,1000.01,999.99,1000.0,3055840
2026-02-11,1000.0,1000.01,999.99,999.99,2412576
2026-02-12,1000.0,1000.01,999.99,1000.0,2669409
2026-02-13,1000.0,1000.01,999.99,1000.0,4447046
2026-02-16,999.99,1000.01,999.99,999.99,4751501
2026-02-17,1000.0,1000.01,999.99,999.99,2290610
2026-02-18,999.99,1000.01,999.99,1000.0,2739077
2026-02-19,1000.1,1000.1,999.99,1000.0,3740200
2026-02-20,1000.0,1000.01,999.95,1000.0,3238589
2026-02-23,1000.0,1000.01,999.99,1000.0,4198430
2026-02-24,1000.0,1000.01,999.95,1000.0,4230898
2026-02-25,1000.0,1000.01,999.99,999.99,4951315
2026-02-26,1000.0,1000.01,999.99,999.99,3646806
2026-02-27,999.99,1000.01,999.99,999.99,2711448
2026-03-02,999.99,1000.01,999.98,999.99,4088184
2026-03-04,999.99,1000.01,999.99,999.99,3731779
2026-03-05,1000.0,1000.01,999.99,1000.0,2405298
2026-03-06,1000.0,1000.01,999.99,1000.0,3795516
2026-03-09,999.99,1000.01,997.0,999.99,5450727
2026-03-10,999.99,1000.01,999.99,999.99,3273313
2026-03-11,999.99,1000.01,999.99,1000.0,3390055
2026-03-12,1000.0,1000.01,998.09,999.99,3197887
2026-03-13,1000.0,1000.01,999.99,1000.0,5804837
2026-03-16,999.99,1000.01,999.99,999.99,4422305
2026-03-17,1000.0,1000.01,999.99,1000.0,3701133
2026-03-18,999.0,1000.01,999.0,1000.0,3971089
2026-03-19,1000.0,1000.01,999.99,1000.0,3911615
2026-03-20,999.99,1000.01,999.0,999.99,2486750
2026-03-23,1000.0,1000.01,999.99,1000.0,3765898
2026-03-24,1000.0,1000.01,999.99,999.99,5766034
2026-03-25,1000.0,1000.01,999.99,999.99,4676396
2026-03-27,1000.01,1000.01,999.99,1000.0,4565204
2026-03-30,1000.0,1000.01,999.99,1000.0,6407847
2026-04-01,1000.0,1000.01,999.99,1000.0,3062381
2026-04-02,1000.0,1000.01,999.99,1000.0,4870565
2026-04-06,998.09,1000.01,998.09,999.99,5886068
2026-04-07,1000.03,1001.88,999.99,1000.0,2581350
2026-04-08,1000.0,1000.01,999.0,999.99,4897526
2026-04-09,1000.02,1000.02,999.99,999.99,3148131
2026-04-10,1000.0,1000.01,999.0,1000.0,3261766
2026-04-13,1000.0,1000.01,999.99,1000.0,3932865
2026-04-15,1000.02,1000.02,999.99,1000.0,5121937
2026-04-16,1000.0,1000.01,999.99,1000.0,7375739
2026-04-17,1000.0,1000.01,999.99,1000.0,17957001
2026-04-20,999.0,1000.01,999.0,999.99,11672917
2026-04-21,999.99,1000.01,970.3,999.99,5653284
2026-04-22,999.99,1000.01,998.09,999.99,5077832
2026-04-23,999.99,1000.01,999.99,1000.0,2988556
2026-04-24,999.99,1000.01,999.99,999.99,3379934
2026-04-27,999.99,1000.01,997.15,999.99,2769743
2026-04-28,999.99,1000.01,999.99,1000.0,5078706
2026-04-29,1000.0,1000.01,999.0,999.99,2768222
2026-04-30,999.99,1000.01,999.99,999.99,2874888
2026-05-04,1000.01,1002.98,969.99,999.99,2801024
2026-05-05,1000.0,1000.01,999.99,1000.0,1897500
2026-05-06,1000.0,1000.01,999.99,999.99,2776175
2026-05-07,999.99,1000.01,999.99,1000.0,2318196
2026-05-08,999.99,1000.01,999.99,1000.0,2516506
2026-05-11,1000.0,1000.01,999.99,1000.0,2710219
2026-05-12,999.0,1000.01,999.0,1000.0,3850117
2026-05-13,999.99,1000.01,970.3,1000.0,4089279
2026-05-14,999.99,1003.0,999.99,1000.0,2472326
2026-05-15,1000.0,1000.01,999.99,1000.0,6542842
2026-05-18,999.94,1000.01,995.0,1000.0,2313957
2026-05-19,995.0,1000.01,995.0,999.99,2903192
2026-05-20,1000.0,1000.01,999.99,999.99,2812289
2026-05-21,999.99,1000.01,999.99,1000.0,1745942
2026-05-22,999.99,1000.01,999.99,1000.0,1725090
2026-05-25,1000.0,1000.01,999.99,999.99,3414550
2026-05-26,1000.0,1000.01,999.99,1000.0,3960094
2026-05-27,1000.0,1000.01,999.99,999.99,3955477
2026-05-29,999.99,1000.01,999.99,999.99,6224058
2026-06-01,999.99,1000.01,999.99,999.99,2245422
2026-06-02,974.99,1000.01,974.99,1000.0,2706538
2026-06-03,1000.0,1000.01,997.0,1000.0,2660112
2026-06-04,1000.0,1000.01,975.01,999.99,2273252
2026-06-05,999.99,1000.01,999.99,1000.0,2379849
2026-06-08,1000.0,1000.01,997.26,999.99,3082839
2026-06-09,999.0,1000.01,998.06,1000.0,2213442
2026-06-10,1000.0,1000.01,999.99,999.99,2392444
2026-06-11,997.0,1000.01,997.0,1000.0,2570991
2026-06-12,1000.0,1000.01,999.99,999.99,2538926
2026-06-15,999.99,1000.01,998.09,999.99,2680064
2026-06-16,1000.0,1000.01,999.99,1000.0,2031814
2026-06-17,999.99,1000.01,998.09,999.99,3391689
2026-06-18,999.99,1000.01,999.05,999.99,2720266
2026-06-19,999.99,1000.01,999.09,1000.0,3972075
2026-06-22,1000.0,1000.01,999.99,1000.0,3217873
2026-06-23,1000.0,1000.01,999.1,1000.0,3401970
2026-06-24,999.11,1003.0,999.11,999.99,4855377
2026-06-25,999.99,1000.01,999.99,999.99,2561339
2026-06-29,1000.0,1000.01,999.99,1000.0,2860331
2026-06-30,1000.0,1000.01,999.99,1000.0,6804281
2026-07-01,999.99,1000.01,999.99,1000.0,3263342
2026-07-02,1000.97,1000.97,999.11,1000.0,4816380
2026-07-03,1000.0,1000.01,999.18,999.18,0
