Date,Open,High,Low,Close,Adj Close,Volume,Log_Close,Log_Return,SMA10,SMA50,RSI,MACD,ADX,BB_Upper,BB_Lower,Bollinger_Width,EMA20,VWAP,Lagged_Return,Volatility,Chaikin_MF,OBV,Stoch_RSI,Stoch_RSI_signal,KC_High,KC_Low,KC_Mid,Force_Index,Intraday_Pct_Range
2023-11-24,645.0,645.5,633.4500122070312,636.4500122070312,627.2412109375,158814,6.455905879496318,-0.01062757166553574,648.9399963378906,649.5530004882812,45.84976102302971,0.210371627136968,13.220505596190154,677.1894128937691,605.850589547637,0.11208865107685201,646.2047711505821,642.5466983271785,0.0033536491903582988,0.01938114113849946,-0.09643261482821983,7421937,48.45148021755897,53.70495455759818,663.610009765625,619.8099914550781,641.7100006103516,-404946.2518096911,1.893312524448346
2023-11-28,637.9500122070312,639.4500122070312,626.4500122070312,632.6500244140625,623.4962158203125,601553,6.449917385225429,-0.005988494270889433,649.1799987792969,649.4230004882812,44.52233163093951,-0.4773453897997544,12.81575695491985,677.0427327052341,605.2972697361722,0.11340466324254071,644.9138428899612,641.6618272846692,-0.010571298551059094,0.019145549970728856,-0.07154827760581568,6820384,43.220941310495355,49.827942246395445,662.3550109863281,619.739990234375,641.0475006103516,-673653.081097411,2.054848573196552
2023-11-29,637.0,642.9500122070312,631.0499877929688,637.75,628.5223999023438,235359,6.457946357021921,0.008028971796492534,647.0950012207031,649.2380004882813,46.75056136816525,-0.5350712271539826,12.208685020198791,676.2342430735763,604.8907569264237,0.111867481218585,644.2315721385363,641.4324694415304,-0.0059705989788443325,0.018867292816964358,-0.08214028350485357,7055743,49.651810821746864,47.10807744993372,661.4325113932291,619.8474894205729,640.640000406901,-405941.90466482885,1.865938755635045
2023-11-30,637.75,666.0,637.2000122070312,663.25,653.6534423828125,480347,6.497151993017849,0.03920563599592786,647.6200012207031,649.3770007324218,56.219104698110726,1.1081967211675496,12.339097334930443,676.2607563111554,604.8792461302509,0.10762383743822777,646.0428509824852,641.6038687951213,0.00806129042776993,0.020469339037491655,-0.03228429322503898,7536090,85.1671070035669,59.34661971193637,661.2866780598958,619.2916585286458,640.2891682942708,1401885.2960015752,4.3422522115294
2023-12-01,673.0,678.0,662.0,668.0,658.3346557617188,236316,6.504288173536645,0.007136180518796387,649.0600036621094,649.5100012207031,57.72699373533312,2.4047294706931703,13.01144756588584,677.8380402034098,604.2019622379963,0.11023364964882261,648.1340080317723,640.9135043104756,0.03998431987455908,0.020467523047721887,-0.005118392555304802,7772406,84.18972332015811,73.00288038182396,660.9050109863281,620.2049926757812,640.5550018310547,1361973.253715636,2.3952095808383236
2023-12-04,690.0,721.9500122070312,684.0,696.1500244140625,686.0774536132812,777369,6.545565189425412,0.041277015888766755,652.0750061035156,650.2730017089843,65.34470050614902,4.9038229523328605,15.097323439880032,687.0745564018124,599.4154460395938,0.1259198553300343,652.7069619729428,646.3599779927534,0.0071617037316245025,0.022213733898859327,-0.031071081033276642,8549775,73.36088999748549,80.90590677373683,664.1700134277344,621.6099914550781,642.8900024414063,4293542.264432738,5.451412896088472
2023-12-05,700.0,707.9500122070312,693.0499877929688,701.2000122070312,691.0543212890625,208390,6.5527931704558515,0.007227981030439423,657.2550048828125,651.4580017089844,66.51060935535232,6.54028441781461,17.034208180017494,696.8984395912305,596.536564070879,0.1431287418328216,657.3253477095227,648.2738727042849,0.0421407551108719,0.02071941117058728,0.00565843908427611,8758165,78.27225130890052,78.60762154218136,666.722514851888,625.3724904378256,646.0475026448569,3830517.2203961695,2.12493213843003
2023-12-06,701.4500122070312,705.0,691.9500122070312,702.9000244140625,692.7297973632812,131793,6.5552146689151956,0.002421498459344029,662.2700073242188,652.8640026855469,66.91414664946646,7.321584586490626,18.756221094790167,704.7148860708721,597.4851200326434,0.15255336792400237,661.6657931099551,653.10551730644,0.0072541659353086985,0.019371172979209053,0.06568581523639817,8889958,80.05236880317409,77.22850336985336,669.645014444987,630.5099924723307,650.0775034586588,3315307.5758826127,1.8565923089627463
2023-12-07,704.0,713.9000244140625,695.2999877929688,708.2999877929688,698.0515747070312,216572,6.56286771552531,0.007653046610114345,668.9900085449219,654.5600024414063,68.22393176161391,7.74536404342833,20.614194376843066,711.6485700989791,600.3764360045365,0.15709746719206036,666.1071449845278,657.0196792748716,0.002424432654643649,0.019033072571333312,0.07482748329713891,9106530,85.70678071825917,81.34380027677793,674.5808481852213,635.200824991862,654.8908365885416,3008760.903456023,2.626011145228258
2023-12-08,711.2000122070312,713.4500122070312,671.0499877929688,684.0999755859375,674.2017211914062,107222,6.528104070079095,-0.034763645446214575,673.0750061035156,655.6410021972656,57.28006778880863,6.016186682845243,20.756554944062266,711.7852883533859,608.0597128673172,0.1516234164417662,667.8207478989478,658.9652456515379,0.0076824060198428246,0.02100871163037403,0.08709827320151974,8999308,60.366453799901834,75.37520110711169,680.052513631185,637.8224904378255,658.9375020345053,2208255.9588391194,6.197928070052409
2023-12-11,687.9000244140625,689.5,673.5999755859375,679.0999755859375,669.2740478515625,292763,6.52076835616913,-0.007335713909965236,677.3400024414062,656.5800012207031,55.306073590655956,4.239811851240368,20.88874689933724,711.2418050304904,615.0381937488065,0.14166339970587974,668.8949600596135,660.917627762477,-0.03416633153197901,0.02112364940730091,0.06262382969929517,8706545,55.130851705660994,67.06802874127399,683.398344930013,641.3333241780599,662.3658345540364,1683674.3932906738,2.3413377979205086
2023-12-12,683.9500122070312,689.4000244140625,681.9500122070312,684.9500122070312,675.0394897460938,101350,6.529345860719183,0.008577504550053128,682.5700012207031,657.6930017089844,57.166034820877215,3.2097356638186447,21.011496572092568,712.3792762808271,619.3707237191729,0.13578881802186407,670.4240126450818,662.2997440660582,-0.0073088732326257455,0.020615918907974075,0.044236725832093274,8807895,61.2565445026178,58.917950002726876,685.7166788736979,644.9016581217448,665.3091684977214,1527849.6530416994,1.0876723956870926
2023-12-13,687.75,688.6500244140625,665.25,682.3499755859375,672.47705078125,316821,6.525542686904738,-0.00380317381444506,687.0299987792969,658.7760009765625,56.0495997733758,2.1548437339831565,20.106560970144642,713.9741920977053,620.1508079022947,0.13750038477665955,671.5598186394491,663.6702338855843,0.008614396747763431,0.018315496422272655,0.031697005618526564,8491074,58.53399306691754,58.307129758398766,686.4241780598959,647.149159749349,666.7866689046225,1191907.387988379,3.4293288270390536
2023-12-14,684.9500122070312,685.9000244140625,671.5,677.75,667.9436645507812,200754,6.518778488378775,-0.0067641985259632165,688.4799987792969,659.7000012207031,54.03883122088377,1.0071541983876955,19.26626362547871,714.9885234159523,621.1114765840476,0.1385127950304753,672.1493597214063,664.4445342459911,-0.0037959509084698473,0.018409274900360914,0.0102217307549917,8290320,53.717264704679316,57.83593409140488,687.1333455403645,648.9083272298177,668.0208363850911,889711.5470215683,2.1246808430929547
2023-12-15,677.7000122070312,679.7999877929688,665.2999877929688,672.25,662.523193359375,212253,6.510630295148974,-0.008148193229801315,688.9049987792969,660.1470007324219,51.652804403358346,-0.1982682604156718,18.11680785621099,715.4745877005554,622.490414740851,0.13831784746702036,672.1589445098438,666.012288953257,-0.0067413728299579034,0.018446005274029197,-0.0345127166596442,8078067,47.9581024010144,53.40312005753708,687.964180501302,650.2741597493489,669.1191701253255,595839.6831613443,2.1569356638155446
2023-12-18,674.9000244140625,674.9000244140625,666.0499877929688,668.4000244140625,658.7289428710938,81982,6.5048868332473635,-0.005743461901610125,686.1299987792969,660.4650012207031,49.9889202009232,-1.2709337630377924,17.04945607046239,715.5755623494641,622.6294425333484,0.13905762480723244,671.8009521197694,666.161138034373,-0.008115086683880501,0.018041882374204107,-0.056990207289122415,7996085,41.0891381623387,47.58816842267746,687.6558471679688,651.1108276367188,669.3833374023437,465629.91435453395,1.3240628811843522
2023-12-19,670.6500244140625,672.0,665.0,668.4500122070312,658.7782592773438,92721,6.504961617690828,7.478444346453728e-05,682.8549987792969,660.897001953125,50.01143616373329,-1.9523756123662928,15.989933651825686,715.6462718011533,624.4637318609562,0.13640891356877738,671.4818149852229,667.0894849386117,-0.005726999755950146,0.01703791550248749,-0.03782646759059152,8088806,36.87315634218289,41.97346563517866,687.5800140380859,652.8099945068359,670.1950042724609,399773.4863255799,1.0471987242378824
2023-12-20,670.0,679.9000244140625,630.2000122070312,641.5,632.2181396484375,271556,6.463809184055691,-0.04115243363513699,676.7149963378906,661.0010021972656,39.647593519585655,-4.07151081143222,16.506538332541677,716.1881470319313,622.7968566301781,0.14558268184217174,668.6264040342493,668.1439880369753,7.478723989051694e-05,0.01940562449256052,0.0015395994318300578,7817250,12.316062989611716,30.092785831377757,689.232514444987,650.7424936930339,669.9875040690105,-702828.085277014,7.747468777401598
2023-12-21,635.0,647.9500122070312,626.9500122070312,631.1500244140625,622.0178833007812,257410,6.44754359088074,-0.016265593174950688,669.0,660.8960021972656,36.51776385452859,-5.912020427358073,17.120158404131256,717.0813357089669,620.908672835955,0.1523768662803985,665.0572250228029,667.6443187903321,-0.04031716914485495,0.01932951953261111,-0.002119994954238503,7559840,4.4210654810855265,17.870094937626707,688.7783498128255,650.2483266194661,669.5133382161458,-983022.2467483223,3.3272596352183714
2023-12-22,636.0,643.6500244140625,628.8499755859375,631.1500244140625,622.0178833007812,233145,6.44754359088074,0.0,663.7050048828125,660.7670031738281,36.51776385452859,-6.807424417384437,17.689948470607295,718.0359381365176,618.7440728498104,0.15731895974952434,661.8279678219704,667.8771496571286,-0.016134022737236964,0.019307907249445384,-0.07209979969640147,7792985,4.830375638166517,7.1891680362879145,688.511685180664,649.9466583251954,669.2291717529297,-842590.4972128477,2.34493357452768
2023-12-26,635.6500244140625,653.4000244140625,631.1500244140625,640.5999755859375,631.3311157226562,353496,6.462405199063814,0.014861608183073471,659.8550048828125,660.5960021972656,41.414988180860945,-6.444926649865703,17.519323741215832,717.7398573327794,619.4551499914394,0.15342602417591714,659.8062542756816,667.0310260609067,0.0,0.01946978208441288,-0.06460356959784086,8146481,15.698633079435542,8.316691399562524,689.1841857910156,649.5991577148437,669.3916717529297,-245003.2919748517,3.4733064077388693
2023-12-27,644.9500122070312,652.9500122070312,642.0499877929688,649.1500244140625,639.7574462890625,131035,6.475663852415539,0.013258653351725158,656.2750061035156,660.3930029296876,45.51072923545398,-5.35574353602943,17.360886492495187,716.6395033683181,622.2055039559008,0.14547330487687427,658.7913752412417,670.6908312012525,0.014972590994744905,0.019610295713384487,-0.05710408543521354,8277516,25.531925348293438,15.353644688631826,689.8391866048178,650.4641560872396,670.1516713460287,-49952.01480796441,1.6791225455011125
2023-12-28,650.9500122070312,660.0,650.0,657.5999755859375,648.0851440429688,166371,6.488596806615962,0.012932954200422841,653.8000061035157,660.367001953125,49.28435000315621,-3.862366079674309,16.70626297931439,715.7231670734634,625.1068378093491,0.13779855934966073,658.6779086074032,671.8006174081466,0.01334693904773343,0.01972890380660448,-0.04623977338173468,8443887,35.43348367503613,25.554680700921697,690.6750183105469,651.489990234375,671.0825042724609,158016.3910811756,1.5206813216636388
2023-12-29,690.0,728.75,681.25,709.2000122070312,698.9385375976562,6204398,6.5641375914124485,0.07554078479648663,656.9450073242188,660.5560021972656,65.15433480755851,0.5686080065481239,17.963882582260474,720.9027893199901,624.5222167835256,0.13590041014879303,663.4895375216535,692.8042294452472,0.01301694655176533,0.024865339978538507,0.04563230391874586,14648285,80.79568748797134,47.253698837100295,694.1558522542318,653.1008229573569,673.6283376057943,45870751.76547541,6.697687419967739
2024-01-01,704.2999877929688,717.5,694.5999755859375,716.1500244140625,705.7880249023438,620474,6.573889676316584,0.009752084904135927,661.335009765625,661.1740026855468,66.66728771243514,3.7577755460585243,19.131672213567555,726.8117981813689,623.428210363553,0.14436023779012216,668.5048219875971,694.2484191138402,0.07846721188685701,0.024891973807615025,0.09927365647865191,15268759,87.62281228209757,67.95066114836834,696.5050201416016,654.7599884033203,675.6325042724609,39933830.35242828,3.19765742280031
2024-01-02,717.9500122070312,721.2000122070312,696.2000122070312,700.75,690.61083984375,219390,6.552151190044897,-0.021738486271686952,664.5700073242188,661.1530029296875,60.40843462866471,4.566529513623049,20.32835354071654,727.4533325666226,623.2466735368929,0.14870732647838705,671.5757913221116,694.0155839823528,0.009799791437401062,0.02377203606060861,0.11803262997078523,15049369,72.49508511047785,80.30452829351557,696.1250193277995,655.6749888102213,675.9000040690104,33746338.67976693,3.567606136282554
2024-01-03,700.7000122070312,716.7999877929688,696.5499877929688,711.5499877929688,701.2545776367188,329281,6.567445671974119,0.015294481929221782,668.8800048828125,661.3350024414062,63.02975914448958,5.502505677755616,21.439557630212033,729.1791226184172,622.5558810436922,0.14984645267922883,675.3828576526694,694.329001769466,-0.021503908244173364,0.02396159499817078,0.12986220618820282,15378650,83.10411171953083,81.07400303736874,696.7708506266275,655.7858225504557,676.2783365885416,29433466.122722592,2.8458998450424966
2024-01-04,709.0,753.8499755859375,706.0499877929688,738.7999877929688,728.1102905273438,916722,6.6050272318023024,0.03758155982818323,678.6100036621094,662.0560021972656,68.66679570689159,7.506416858184918,23.467508548098028,736.6132331565826,618.7117668434174,0.15958509510182112,681.422584332698,697.3855906765768,0.015412041088788797,0.02537473703118291,0.14294270631985925,16295372,88.14027412440498,81.24649031813789,700.155849202474,655.695821126302,677.925835164388,28797353.033762224,6.469949726956894
2024-01-05,738.7999877929688,756.0,737.8499755859375,752.6500244140625,741.7598876953125,550525,6.623600344743983,0.018573112941680847,690.7600036621094,663.0750024414062,71.08036862005716,9.202377681609583,25.39866383009753,746.155293713571,613.6047099485382,0.1761118441047329,688.2061500547327,699.6578442031093,0.038296676927115136,0.025606480484838406,0.16124545971781826,16845897,97.40412560804596,89.54950381732725,702.2833485921224,657.8683217366536,680.075835164388,25772701.373343,2.411482604839119
2024-01-08,759.0,761.4000244140625,733.7000122070312,737.75,727.075439453125,171330,6.603605013823048,-0.019995330920934862,701.4200012207032,664.5040026855469,65.25664081105523,8.760680308382296,27.315634941850824,753.483986149849,611.6410199536667,0.19226427136046392,692.924611954282,700.402592104845,0.01874666601236452,0.02468347656322333,0.15353912833095898,16674567,82.40980121471073,89.31806698238722,704.2858489990235,661.3408233642579,682.8133361816407,21726198.151028097,3.754661092108607
2024-01-09,739.0,742.9000244140625,727.0,734.0999755859375,723.478271484375,152017,6.598645225859601,-0.004959787963447759,710.7700012207031,666.2010021972657,63.875994164195596,7.700276052412077,28.609807140253697,759.665923689848,610.9590824136677,0.20257028500441887,696.8460751572968,701.3494218071406,-0.01979675005745485,0.024631800088357466,0.1617907529415939,16522550,79.69501944998908,86.50298209091527,706.9825164794922,664.0374908447266,685.5100036621094,18543189.02068801,2.1659208476844802
2024-01-10,732.0499877929688,743.0,728.0,739.7000122070312,728.9972534179688,112826,6.6062447150965005,0.007599489236899792,719.825,668.202001953125,65.09613816894844,6.880433250721147,29.81433498272858,766.0886440322699,610.0113620712457,0.2110007832706923,700.9274024953668,701.834489771783,-0.004947508524652644,0.024623450542512113,0.16878130507328115,16635376,83.86016345345008,81.98832803938329,709.9333485921223,666.2333241780599,688.0833363850911,15984423.407991368,2.0278490945599335
2024-01-11,742.0,748.5499877929688,735.7999877929688,743.5499877929688,732.7915649414062,113571,6.6114359967174625,0.005191281620962052,728.4200012207032,670.0750012207031,65.94769472429653,6.126980516564178,31.093019650927175,772.7318553304989,609.48815199372,0.21954637350116116,704.9866963332337,702.883295466339,0.007628438642330648,0.024553036918844837,0.16110669755879728,16748947,86.53336096145877,83.36284795496597,712.5950134277343,669.9599914550781,691.2775024414062,13763398.003602674,1.714746850826398
2024-01-12,750.0,750.0,730.5,734.9000244140625,724.2667236328125,87857,6.599734468755757,-0.011701527961705871,730.9900024414062,671.5110021972656,62.271725296292836,4.642955497336835,31.852176243642827,777.4976231683283,610.4373865972966,0.227323759723956,707.8355847218841,703.5965829232775,0.005204779670680892,0.024695752886610918,0.16079358824692697,16661090,79.65451055662189,83.34934499051023,715.854178873698,672.709159342448,694.281669108073,11688632.59843364,2.653422146168439
2024-01-15,734.9000244140625,741.25,724.5,730.9000244140625,720.3246459960938,161752,6.594276684889085,-0.005457783866671839,732.4650024414062,672.9490026855469,60.589816978115515,3.0649845320350124,32.07986851517701,781.2881249548847,612.5118872521465,0.23091562739793353,710.032198025901,704.5976922616238,-0.011633331344112263,0.024631970427392486,0.1589017522713339,16499338,74.4449177700466,80.21092976270909,718.9550130208333,675.5849934895834,697.2700032552084,9926398.227228835,2.291695093789045
2024-01-16,730.9500122070312,753.1500244140625,727.9500122070312,747.9500122070312,737.1279296875,256186,6.617336147141121,0.02305946225203659,737.1850036621094,674.8750024414062,64.93701185565772,2.8472252378500897,32.71578162324987,786.9986029726327,614.7564080136955,0.23028570378746238,713.6434184241039,705.7112238496818,-0.005442917222909571,0.02485449555754556,0.17304129570465962,16755524,87.9263830705827,80.67527046575039,723.4341786702474,678.4291615804037,700.9316701253256,9132336.790871786,3.3692107488135092
2024-01-17,742.9500122070312,753.7999877929688,731.5499877929688,736.5,725.8435668945312,314114,6.601909235902685,-0.015426911238436425,739.6800048828125,676.9700024414062,60.139387721923505,1.668142748418692,33.32883499608517,790.3847049954973,618.1753047701277,0.23382131734605507,715.8202357170463,706.9514825617234,0.02332738708913995,0.025279497672039117,0.15485940200285037,16441410,68.93322915857561,77.10150999973496,727.8033447265625,681.2733276367187,704.5383361816406,7313915.944404473,3.0210454854039375
2024-01-19,722.9500122070312,746.9500122070312,707.4500122070312,726.7999877929688,716.283935546875,184466,6.588651319726431,-0.01325791617625427,738.4800048828125,679.2010021972657,56.34173579134198,0.05620983349595221,32.120881173245984,790.1196487752605,626.9703597696613,0.22447618567114347,716.8659263909436,708.6011573309416,-0.015308525997940525,0.0233657042433921,0.16853982818388447,16256944,48.20357585348649,68.35439602754828,731.1200103759766,685.609994506836,708.3650024414062,6013453.316377802,5.434782699976007
2024-01-23,727.0,734.6500244140625,715.0,722.0999755859375,711.6519165039062,103448,6.582163599647327,-0.006487720079103809,735.425,681.442001953125,54.544446115295294,-1.4235649499176155,30.99920976632388,786.6482939726797,639.5367096894298,0.20372744669306808,717.3644072666573,710.3969058414236,-0.013170417117489785,0.022969153078939406,0.1818676274214497,16153496,39.723862775769796,52.28688926261063,735.480844116211,690.105825805664,712.7933349609375,5084930.43363912,2.72123321955769
2024-01-24,722.0,744.0,710.75,737.2999877929688,726.6319580078125,161171,6.6029948484392085,0.020831248791881585,735.3799987792969,684.0700012207031,59.089624727988216,-1.4697156769730313,30.39595356612774,782.2127178907222,654.5872821092778,0.1730983831472423,719.2630339834488,712.2494355962209,-0.0064667202613796215,0.023113455701428736,0.20573826820795657,16314667,62.83728140061722,50.2549066766245,741.2100077311198,693.9899943033854,717.6000010172527,4708483.395607737,4.509697619761318
2024-01-25,737.7000122070312,760.0,737.7000122070312,744.7999877929688,734.0234375,402293,6.61311570957318,0.010120861133971815,736.45,686.6710009765625,61.153655499573176,-1.1029263331432233,30.49502072933152,777.3901981786895,669.8298030420136,0.14441514084258328,721.6951248224508,715.6928128713166,0.02104973372239405,0.02306265373759737,0.19667603453929994,16716960,70.00898710378175,57.52337709338959,746.5016733805339,699.2766611735026,722.8891672770183,4466871.124806632,2.994090783896126
2024-01-29,752.0,765.0,743.4500122070312,758.7999877929688,747.8209228515625,301439,6.631738221973575,0.018622512400394697,738.3599975585937,689.2420007324218,64.73074978271069,-0.0792132493280917,30.774895308152118,772.8062029731956,685.3787945853982,0.11521798865875989,725.2289212958335,717.5088617413204,0.010172250270138239,0.023163498708764024,0.20142924071829305,17018399,89.22673584339361,74.02433478259752,752.4191711425781,704.1291625976562,728.2741668701171,4431624.678405685,2.840008979922184
2024-01-30,758.7999877929688,771.0,754.0,765.7999877929688,754.7196044921875,261671,6.64092102310296,0.009182801129385076,740.5849975585937,691.3860009765625,66.39690039439549,0.8560390728174525,31.25713988693799,766.7680736656908,702.2369251136059,0.08426632225218927,729.0928323907988,719.4285452358066,0.01879699278927971,0.023136486543573788,0.20107493561090797,17280070,91.81744578146625,83.68438957621386,758.1558380126953,709.1658294677734,733.6608337402344,4060206.4386334447,2.2199007927636436
2024-01-31,769.4000244140625,798.4000244140625,769.2999877929688,795.2999877929688,783.7928466796875,384124,6.678719386614125,0.03779836351116472,746.6249938964844,694.1320007324218,72.329484896743,3.1207647808518217,32.549458447473675,778.5335472187677,699.081449119123,0.09990204868496429,735.398275762434,737.869971648202,0.009225092399329116,0.017841781027517507,0.26574568370038953,17664194,96.59149400218102,92.54522520901362,761.2991729736328,714.1491607666015,737.7241668701172,5098985.233114381,3.659001265905844
2024-02-01,799.7000122070312,828.7000122070312,790.0499877929688,802.7999877929688,791.1842651367188,495821,6.688105601716614,0.009386215102488826,753.814990234375,697.1160009765625,73.60534908342831,4.688956528894703,34.41489616266331,790.2506356228624,696.0293570529187,0.11736581963456892,741.8174864320088,747.0286895367274,0.03852180787442783,0.01783771749532884,0.14551902820053614,18160015,78.63915512242268,89.01603163535664,766.9750061035156,718.2499938964844,742.6125,4901795.556955184,4.814402715714766
2024-02-02,804.9000244140625,839.5499877929688,799.0499877929688,833.6500244140625,821.587890625,290676,6.725813679292214,0.03770807757560046,762.3849914550781,700.4690014648437,78.08211983283638,7.217824788981154,36.34263052372582,807.4202198407256,692.1497752764619,0.13827198607147217,750.5634424302996,752.4862909708899,0.009430403766022,0.01802885208356516,0.2037919591936353,18450691,95.53371349787416,90.25478754082594,773.6516723632814,723.3766601562501,748.5141662597657,5482591.226657735,4.858153759242764
2024-02-05,836.9000244140625,860.0,833.5499877929688,855.5499877929688,843.1710205078125,173379,6.751744522709928,0.025930843417714122,774.289990234375,704.5920007324219,80.59788651487835,9.628635374446098,38.45937087669763,828.113910702341,685.8560844148465,0.16627646346471447,760.5621610362681,758.0988641013904,0.03842804819405354,0.018395846422668314,0.20169531988504294,18624070,97.08291539618442,90.41859467216041,781.0316731770833,730.136659749349,755.5841664632161,5241791.5872311145,3.0915799876595624
2024-02-06,862.9500122070312,890.5,839.0499877929688,881.5,868.7455444335938,184493,6.7816250018379245,0.029880479127996296,789.7599914550781,709.1670007324219,83.07665956224352,12.075590068917101,40.81350742194774,852.947626757878,675.2923695800127,0.20153744433110066,772.0800504613854,767.1073945816809,0.026269972695435184,0.0178147382982725,0.18692684633503792,18808563,95.08331024300362,95.89997971235407,788.0866750081381,736.8266591389975,762.4566670735678,5176906.446499786,5.836643472153289
2024-02-07,885.0,900.0,841.0999755859375,849.0,836.7158203125,257064,6.744059186311348,-0.037565815526576785,802.4499938964843,713.3250012207031,70.865592287983,10.659259840625776,43.10342171387341,864.9173141253949,672.9576797710894,0.22610086496384632,779.4057599412536,774.7238976845139,0.030331380488910487,0.02037320641074026,0.08176607189812574,18551499,73.51337147066683,88.55986570328496,795.8508412679037,740.515825398763,768.1833333333333,3243836.954142675,6.937576491644581
2024-02-08,867.9500122070312,888.0,846.2000122070312,849.7999877929688,837.5042724609375,344064,6.745001013316118,0.0009418270047705235,813.6999938964843,717.4560009765624,70.97866989103058,8.996576654735719,45.229770699232965,875.5340050693941,673.5459876063873,0.2376888919327872,786.1099721176074,782.1071492874746,-0.03686897334089623,0.019486881965888388,0.044297218776186684,18895563,73.92884165694848,80.84184112353964,802.4083394368489,745.6633260091146,774.0358327229817,2819752.6749794357,4.918803058767778
2024-02-09,856.0,884.9500122070312,845.5,877.7000122070312,865.0006103515625,516327,6.777304863506049,0.03230385018993065,826.9899963378906,722.2810009765625,74.6709542120267,8.975600816245716,47.15075279936637,890.3243204292669,673.1156759086236,0.2474748108689877,794.8328330785049,792.3435807203319,0.0009422706630963784,0.020062326601351717,0.10826466013007217,19411890,88.41859817880338,78.62027043547289,810.3216725667318,751.2216603597005,780.7716664632161,4474864.565073752,4.494703390493495
2024-02-12,879.0,883.0,846.0499877929688,866.1500244140625,853.6177368164062,179109,6.764058131911825,-0.01324673159422396,837.725,726.9510009765625,70.6629234231835,7.446650099595203,48.93452189234739,900.7702805371871,675.3147170214068,0.26029620407653703,801.6249465390342,796.070768759984,0.03283128361359733,0.020675166560836435,0.09770899430880228,19232781,82.11361924124834,81.4870196923334,817.8275065104167,756.5324930826823,787.1799997965495,3540068.660975953,4.266006022689589
2024-02-13,869.9000244140625,930.0,848.9000244140625,900.0499877929688,887.0271606445312,193967,6.802450303774099,0.03839217186227373,851.15,732.1970007324219,74.91830590844211,7.93621734921652,51.09308412586987,916.5979799856201,675.1370175729736,0.26827505770511473,810.9987599917898,800.8042147501411,-0.013159379779345781,0.021785553596223563,0.1012024996409234,19426748,86.33978918721493,85.62400220242222,828.7625061035156,760.6324951171875,794.6975006103515,3973698.0232245754,9.010607931322173
2024-02-14,900.0,1041.0,900.0,991.9500122070312,977.5974731445312,3972711,6.8996727150948765,0.0972224113207778,870.8150024414062,738.7710009765625,82.3798951400626,13.348628782584044,53.679342522976626,953.1546406838181,664.2853556540724,0.29121355055687564,828.2322125837176,878.2842645163981,0.03913867392873316,0.029403689246956608,0.19572479168727958,23399459,83.82789654892764,84.09376832579697,846.7966725667318,766.5166615804036,806.6566670735676,55562060.861337446,14.21442595542523
2024-02-15,990.0,993.1500244140625,961.0499877929688,964.5999755859375,950.6431884765625,284549,6.871713482324833,-0.027959232770043307,886.9950012207031,744.7030004882813,75.20903193553876,13.922171497537363,56.08086817743289,975.2072343918555,665.6027570632225,0.32096670657758064,841.219618583929,883.7435700369691,0.10210546709679136,0.030624558526960496,0.17331895722092108,23114910,74.32363382679061,81.49710652097774,859.6000071207682,777.7849924723307,818.6924997965496,46512848.51393273,3.327808151933124
2024-02-16,967.0,989.9500122070312,950.0,959.6500244140625,945.764892578125,196009,6.866568660092477,-0.005144822232356461,899.5950012207031,749.9730004882813,73.9543273638465,12.830528665078191,57.73329198953478,993.2966653912297,668.6833272845515,0.33826221002274104,852.4987048534656,889.4256041655813,-0.02757199081054651,0.030848328800012093,0.14708840969752698,22918901,71.65506077145035,76.6021970490562,871.5133402506511,788.2233256022134,829.8683329264322,39729550.872049764,4.1629772511519185
2024-02-19,955.0,968.0,936.0,949.25,935.5152587890625,120453,6.855672199111912,-0.010896460980564626,908.9650024414062,754.9340002441406,71.26427054524042,10.37535120050915,58.55560450388031,1005.646528787895,677.6084638878863,0.34557604940743614,861.7131139150404,895.4396403948214,-0.005131610301843725,0.03064809400705966,0.1673091568574486,22798448,66.2311388009479,70.73661113306296,882.5241739908854,798.2591593424479,840.3916666666667,33874941.58450736,3.3710824335001317
2024-02-20,944.25,946.9500122070312,920.2000122070312,923.4500122070312,910.0885620117188,119072,6.8281166695408615,-0.027555529571050563,913.1600036621094,759.345,64.9523363281121,6.187803894447086,58.553628318487384,1010.2600106622438,692.6599844549437,0.3439276864031231,867.5928185142776,899.3759751104467,-0.010837309591496647,0.031432583751021016,0.15887002648415302,22679376,53.15800674439052,63.68140210559625,892.0433410644531,809.0533264160156,850.5483337402344,28596799.051508542,2.896745860240763
2024-02-21,925.9000244140625,942.0,907.9000244140625,912.5,899.2970581054688,149915,6.816188085456647,-0.011928584084214933,919.5100036621094,763.4290002441406,62.42519061736841,2.067546375600287,57.98093295881831,1010.155384789881,711.8046127687128,0.3269597501601844,871.8696929414893,901.7526961604976,-0.02717933926043592,0.03162632411025163,0.14906182910590476,22529461,46.88985595502041,55.42633383345295,902.6100056966145,818.1749959309897,860.3925008138021,24277031.889862027,3.736983625856164
2024-02-22,914.4000244140625,959.0,892.5499877929688,938.9500122070312,925.3643798828125,387033,6.844762242654941,0.02857415719829426,928.4250061035157,768.5260009765625,65.87867394504477,0.5875253277183319,57.695759331704515,1012.4951130820377,729.6298869179623,0.30125695988777074,878.2582947763029,905.9384849363425,-0.011857720572076125,0.031792146220481404,0.1516218654807079,22916494,50.80743225451114,50.28509831797402,914.2441731770834,826.4891621907551,870.3666676839191,22271316.987670872,7.077055364304051
2024-02-23,945.3499755859375,1025.0,930.2999877929688,986.2999877929688,972.0291748046875,1229095,6.893960555583357,0.049198312928416144,939.2850036621094,774.6700012207032,71.01459677865967,2.1723862465559876,58.17340711984745,1020.5691297800988,745.7058702199013,0.27868119533820096,888.5479798255092,921.4173503377659,0.028986314747431408,0.03288404257874368,0.176051512488525,24145589,72.914083238106,56.87045714921252,929.5158406575522,834.5208272298175,882.0183339436848,27403645.738403298,9.60154246974496
2024-02-26,991.0,1004.0,981.0999755859375,993.7000122070312,979.3221435546875,233588,6.901435362521741,0.007474806938383871,952.0400024414063,780.8450012207031,71.73074839562547,3.040710916175769,58.616937208837314,1027.880708284017,761.8842941573894,0.2676828125782581,898.5624590999398,928.0996999840111,0.05042864366617339,0.0329058942954955,0.16676833997046375,24379177,76.33817808096211,66.68656452452642,941.442508951823,846.3124918619791,893.8775004069009,23735775.90475026,2.304520894912842
2024-02-27,987.4500122070312,1000.5,973.0,984.9000244140625,970.6494750976562,428601,6.892540137964024,-0.008895224557717185,960.5250061035156,786.8960021972656,69.53068233025787,2.3736282042588144,58.66300410026319,1030.3230309792705,781.3519751242451,0.2527881507599144,906.7850843679515,934.7977023443914,0.007502813044357293,0.03329230799099579,0.14831737215468735,23950576,71.30436031409846,73.51887387772219,953.094176228841,856.9141591389974,905.0041676839194,19806138.83720677,2.792161571562588
2024-02-28,987.9500122070312,1010.9000244140625,972.0999755859375,981.0999755859375,966.9044189453125,324591,6.888674366284968,-0.003865771679055996,959.4400024414062,792.9630017089844,68.55288713014494,1.0928259145932344,58.82594802181371,1032.7736235301488,797.4813813526638,0.2398249393870004,913.8626930553788,942.1183949244916,-0.008855779093152827,0.03294082100797197,0.10194472661166097,23625985,69.36060132273018,72.33437990593025,963.597509765625,866.4474914550781,915.0225006103516,16800481.624867246,3.9547497496320534
2024-02-29,982.2999877929688,984.7999877929688,952.2000122070312,966.2000122070312,952.2200927734375,268337,6.873370864754369,-0.015303501530598673,959.6000061035156,798.842001953125,64.71028491268619,-1.2163635307532275,58.07569174102726,1030.869806178951,815.725201145268,0.2226708779916504,918.8471996412505,949.6061477829636,-0.003858309202891652,0.033460500295020415,0.11757669158487515,23357648,61.63119614810112,67.43205259497658,971.3225077311197,874.7774943033855,923.0500010172527,13829239.753713988,3.374040071834752
2024-03-01,967.0,979.2999877929688,956.0499877929688,971.0499877929688,956.9998779296875,114297,6.8783779477005,0.005007082946130836,960.7400024414062,804.8950012207031,65.39032764213754,-2.7859072918214025,57.37902519458271,1031.319558708003,829.0154449541064,0.20833542690598167,923.818893750938,953.6034249352297,-0.01518699801211143,0.032784387675912345,0.10186209837915453,23471945,63.586662625191984,64.85948669867442,977.6958404541016,882.8758270263672,930.2858337402344,11932825.168832833,2.3943154618479827
2024-03-04,983.0,1038.199951171875,962.0,998.9500122070312,984.4962158203125,494185,6.90670473956582,0.028326791865319834,965.7100036621093,811.5050012207031,69.08143815869867,-2.3322274764555573,57.515051682740754,1036.6287665490931,838.0462395544224,0.19879125538617515,930.9742383658039,957.6847755638221,0.0050196393341570555,0.03286052490490993,0.08559461931084271,23966130,71.6739748499818,65.6306112077583,987.6841705322265,887.8891632080079,937.7866668701172,12197817.796865784,7.628004428722369
2024-03-05,1030.0,1043.699951171875,995.0999755859375,1003.3499755859375,988.83251953125,410993,6.911099655899978,0.004394916334158339,973.7,818.7420007324218,69.63150067879388,-2.1286163419831183,57.702099771430866,1043.221007427744,843.6389962343654,0.1989156486268179,937.8671657201023,961.526570211573,0.028731810684097248,0.032453515185802015,0.04541519665830319,24377123,73.30467392520153,69.52177046679178,994.7266672770184,895.2166636149088,944.9716654459635,10713608.704311647,4.843771043852971
2024-03-06,1003.3499755859375,1014.75,981.0499877929688,985.75,971.4871826171875,171620,6.893402772757737,-0.01769688314224105,981.025,825.8340002441406,64.67498172771971,-3.4915502058290855,57.25433613613368,1041.6241139225708,858.9108897395386,0.18535452618111312,942.4274356515211,964.5625890785184,0.00440458814268907,0.03134803977479219,0.05214565901217416,24205503,61.660625066375495,68.87975794718628,999.9908335367838,903.0008310953775,951.4958323160806,8751592.059401613,3.4187179515121735
2024-03-07,991.0,1072.0,985.75,1051.1500244140625,1035.9410400390625,675564,6.957640105137185,0.06423733237944784,992.2450012207031,834.2340002441406,72.50657872373688,-0.46009283426375447,57.50640615423306,1049.5388410095586,871.13116631466,0.16972617661722217,952.7819679146203,972.5836549888498,-0.017541212950804574,0.03388751519881931,0.111024018016623,24881067,88.3811790651299,74.4488260189023,1010.9616678873697,909.5266642252606,960.2441660563152,13813064.921381626,8.205298767707104
2024-03-11,1076.0,1163.0,1062.199951171875,1107.449951171875,1091.42626953125,3667314,7.0098153100826925,0.05217520494550776,1004.3599975585937,843.5709997558594,77.19397915542531,4.5870714971907205,58.43478959529545,1073.7652661534282,869.8797350672749,0.18410360745459148,967.5122520343589,1013.7313836463545,0.06634544703430123,0.034885720390406404,0.03385485766420932,28548381,79.46014186695578,76.50064866615372,1026.104167683919,918.5341603597005,972.3191640218099,41335414.160884306,9.101995870915971
2024-03-12,1095.0,1097.0,1048.3499755859375,1063.5,1048.1121826171875,426837,6.969320634640292,-0.040494675442400485,1011.3399963378906,851.8579992675782,67.51676904097252,4.224893334782379,58.82139412786719,1078.9035563233895,884.4764424559073,0.18281816066523945,976.6539423168008,1017.3713050738919,0.05356031532149319,0.03637514584026949,0.02050564056024304,28121544,63.20946736588346,77.01692943265637,1036.9166676839193,928.1766591389975,982.5466634114584,32750431.37956518,4.5745203962447105
2024-03-13,1065.0,1094.300048828125,965.0,994.2000122070312,979.81494140625,449095,6.901938405938817,-0.06738222870147492,1012.2699951171875,858.59,55.666682389501496,-1.1361794300246117,56.81714485581613,1076.1756447556559,896.6193564650473,0.18060378805670135,978.3249965920608,1019.0942523677852,-0.0396857222535143,0.03946308981644529,-0.0008901424410091804,27672449,37.585512969490544,60.08504073410993,1045.5691721598307,932.0091562906903,988.7891642252605,23625758.608501114,13.005436254329847
2024-03-14,1020.0,1066.300048828125,995.25,1024.199951171875,1009.3807983398438,981281,6.931667051354045,0.02972864541522746,1016.5799926757812,864.8899987792969,59.01985037376282,-3.009747268153916,54.956056246054445,1079.2752897414807,896.744705375707,0.17821772414353743,982.6940398853764,1034.7204446356386,-0.06516218880391988,0.032957103607125476,-0.1260200882220742,28653730,40.352367190838066,47.049115842070684,1044.618341064453,938.0533203125,991.3358306884766,24456131.67976679,6.9371267540904045
2024-03-15,1033.550048828125,1055.5,1018.4500122070312,1030.449951171875,1015.5403442382812,528242,6.937750831632272,0.006083780278227202,1023.0049865722656,871.1759973144531,59.703659690727825,-4.1080048581561,53.227902536990015,1083.6963027924817,898.9086898832994,0.17932711113143662,987.2422219126619,1036.2696087469506,0.03017495332578668,0.03221242995216265,-0.12019566956316682,29181972,37.120466554151186,38.35278223815993,1047.9591715494794,940.8991556803385,994.4291636149088,21434043.22551439,3.5955155076511773
2024-03-18,1042.25,1057.449951171875,1021.0,1030.699951171875,1015.7867431640625,190177,6.937993414668995,0.00024258303672297643,1028.9699829101562,877.7749963378906,59.732603767199414,-5.0362835361054294,51.65219726337921,1087.5706366844756,902.1393486670868,0.17990811759189376,991.3810532706822,1037.4736727439874,0.006102324055814234,0.03215638644728099,-0.1191704749373806,29372149,37.239062386445795,38.23729871047835,1051.2766662597655,944.5666564941406,997.9216613769531,18378829.086155195,3.536426981531579
2024-03-19,1027.3499755859375,1049.0,1001.0,1006.8499755859375,992.2818603515625,230457,6.91458190007645,-0.02341151459254487,1029.7599792480469,883.68099609375,55.62756947259724,-7.335886253855918,49.61895544618163,1088.155265308254,907.3147176019023,0.1796102220701861,992.8542839673731,1038.008246477727,0.00024261246236711997,0.03257147376274671,-0.13140633339039337,29141692,25.925031567164588,33.42818683592052,1055.4699991861978,947.1599894205731,1001.3149943033856,14968082.956188967,4.767343811282942
2024-03-20,1010.0,1092.0,986.2000122070312,1081.75,1066.09814453125,526051,6.986335379104994,0.07175347902854412,1037.5999816894532,890.5399963378907,63.99585592834791,-4.055745067750529,48.408477808852936,1096.3874680309193,914.9125136585337,0.1677605309659215,1001.3205426371471,1039.7655842591003,-0.023139591263995674,0.03534443764065562,-0.08364595749840832,29667743,61.456354504252914,41.54014948595443,1065.5783315022786,949.3633229573568,1007.4708272298178,18458532.9257394,9.780447219132771
2024-03-21,1087.1500244140625,1128.949951171875,1054.050048828125,1084.300048828125,1068.611328125,694860,6.988689941510068,0.0023545624050740344,1047.4549865722656,897.1729968261719,64.24310481345773,-2.0582414772199584,47.777666161472666,1100.4949604684653,927.9850261038005,0.15909796790206523,1009.2233527505737,1043.95753518656,0.07439045163652547,0.03505461303271837,-0.08191972920220522,30362603,61.97151653552736,49.784300868981624,1076.0333282470704,955.7383270263672,1015.8858276367188,16074732.06902105,6.9076730582737955
2024-03-22,1080.0,1112.050048828125,1060.0,1064.9000244140625,1049.4920654296875,417003,6.970636199947493,-0.018053741562575,1048.8299865722656,903.7159973144531,60.82114498988384,-2.365493967987149,47.19191248890527,1102.1515662643915,938.9234215285774,0.15328025259988773,1014.5258929090012,1048.6635061044435,0.002357336564016599,0.0352316477173586,-0.12119917054379398,29945600,51.19404199704602,58.20730434560877,1082.7541646321615,963.899159749349,1023.3266621907553,12622646.290484143,4.8877873635850815
2024-03-26,1072.800048828125,1092.4000244140625,1059.050048828125,1063.3499755859375,1047.96435546875,282104,6.969179558009563,-0.0014566419379304918,1044.419989013672,910.3009973144531,60.5436565996276,-2.9566810563497583,46.6176051237971,1106.4486927343282,942.3312938379371,0.15433996582917828,1019.1758055449,1056.497409942125,-0.01789174909198743,0.03373602697158235,-0.16884636109455892,29663496,49.67170484138258,54.27908779131866,1084.2399973551433,971.5199961344402,1027.8799967447917,10756943.252613641,3.136312253880541
2024-03-27,1073.6500244140625,1082.800048828125,1050.6500244140625,1065.75,1050.3297119140625,346915,6.97143405564532,0.0022544976357572466,1044.6449890136719,916.8219970703125,60.841556671883446,-3.436018525268153,45.80391408987361,1110.6694132223686,945.3155721291938,0.15515256025632163,1023.6114431120524,1058.069679301237,-0.0014555815499937008,0.03373022968714073,-0.17102795353917943,30010411,50.88383838383838,50.58319507408899,1088.3758321126302,974.7308308919271,1031.5533315022788,9339180.56932662,3.0166572286242084
2024-03-28,1094.0,1099.0,1058.9000244140625,1069.8499755859375,1054.3702392578125,265117,6.97527370789288,0.0038396522475601103,1052.2099853515624,923.3479968261719,61.3780182496801,-3.7038048637703156,45.304431453569045,1114.351657249258,950.1283232194919,0.1535012738022675,1028.01511287147,1061.1715896373184,0.002257040926473941,0.03359393399313172,-0.17893222186744306,30275528,52.95453312421086,51.1700254498106,1093.4949971516928,978.5899983723957,1036.0424977620441,8160293.806196674,3.7481868019836586
2024-04-01,1079.0,1121.0,1058.050048828125,1117.449951171875,1101.2816162109375,560229,7.018804539061404,0.043530831168523854,1061.5349853515625,930.9989953613281,67.0260188223555,-1.040447153238361,45.16792784708134,1125.576272930725,952.5387050966185,0.15485039634449957,1036.5327165191275,1065.00377982344,0.0038470331559348203,0.03466997780168642,-0.11797746512909184,30835757,76.9949248342803,60.27776544744319,1100.2424926757812,982.9225036621094,1041.5824981689452,10804092.79424489,5.6333575482158365
2024-04-02,1127.5999755859375,1128.449951171875,1094.8499755859375,1105.4000244140625,1089.4058837890625,266703,7.007962561485342,-0.010841977576061979,1069.0299926757812,938.4889953613281,64.45628688562492,-0.4838687756511888,45.148661811538396,1130.3404257199977,961.6945535280494,0.15256546812665595,1043.0915077472166,1068.2507382908866,0.044492196730544276,0.03453475518201773,-0.12323844319982477,30569054,85.63590498839234,71.86178764896117,1107.3841583251954,989.9641693115234,1048.6741638183594,8801543.59276864,3.039621389889853
2024-04-03,1113.0,1125.0,1102.550048828125,1111.699951171875,1095.61474609375,268696,7.013645610317535,0.0056830488321928385,1077.1299926757813,945.763994140625,65.20733518597115,-0.10480800953135372,45.130771921391386,1134.6057681809953,971.4942074049422,0.1467226481427047,1049.6256452162318,1070.2259670397984,-0.010783415172353483,0.03453271388098628,-0.12862310913843278,30837750,89.47849640899486,84.0364420772225,1114.5583231608075,997.2183390299479,1055.8883310953775,7786003.810961289,2.0194253987516917
2024-04-04,1130.0,1156.0,1112.0999755859375,1125.5999755859375,1109.3135986328125,619079,7.026071484110358,0.012425873792823339,1089.0049926757813,953.5459936523438,66.8706801897698,0.6283765209425525,45.561679749167645,1142.7988024505567,975.9661694732714,0.1482166281057705,1056.8612957276323,1076.2879950056924,0.005699227988665845,0.03419278008226104,-0.14593305286560468,31456829,82.09656855150767,85.73698998296497,1119.5191599527993,1005.4091684977215,1062.4641642252604,7903033.725714448,3.9001443999863357
2024-04-05,1125.5999755859375,1175.800048828125,1104.25,1157.25,1140.5057373046875,695606,7.05380177991138,0.02773029580102193,1096.5549926757812,962.1549938964844,70.34690491845821,2.676415557343539,46.21484137367889,1156.5711254949524,977.5838488702819,0.1546660415853709,1066.4221247059531,1082.3150264998412,0.01250339572238901,0.03452453145276535,-0.09309801582085539,32152435,90.21622086223731,87.26376194091328,1127.2524993896484,1010.8475006103515,1069.05,9919164.17669358,6.182765074800173
2024-04-08,1164.050048828125,1186.0,1143.0,1161.550048828125,1144.7435302734375,315205,7.057510641104014,0.0037088611926341386,1104.2799926757812,970.9439953613281,70.79527077215587,3.689706694779524,46.94650578657046,1166.2125817606993,985.5223974873475,0.1555595339655387,1075.4819270033029,1085.601805335777,0.028118359186696695,0.03402952898538193,-0.08553194179104154,32467640,87.76278645361587,86.69185862245361,1136.2008331298828,1018.865835571289,1077.5333343505858,8695768.85014723,3.701949825010315
2024-04-09,1171.0,1174.0,1140.949951171875,1149.25,1132.62158203125,174786,7.046864834686337,-0.010645806417676873,1112.714990234375,979.1829956054687,67.64452554452458,2.9335304602586163,47.5331096826918,1175.7504204171296,985.7945563895111,0.16528680794223932,1082.507457764893,1089.4142248005674,0.0037157475291640374,0.03142936031785428,-0.1257454588883571,32292854,81.60660548283913,86.5285375995641,1139.4625010172526,1027.4474985758463,1083.4549997965494,7146390.966630104,2.8757928064498586
2024-04-10,1151.949951171875,1206.0,1147.0999755859375,1197.1500244140625,1179.828369140625,390933,7.087699031383614,0.040834196697276504,1126.0949951171874,988.2299963378906,72.73371474121382,4.943068291667565,48.47013560730467,1192.5270371929075,977.9879469379517,0.179208191020136,1093.4257974457662,1084.5488456230946,-0.010589340373696632,0.030562294195428538,-0.09837367942946096,32683787,95.97362325867218,88.44767173170906,1140.9941680908203,1033.1691680908202,1087.0816680908204,8800578.006291904,4.920020315990951
2024-04-12,1190.0,1220.9000244140625,1155.199951171875,1169.199951171875,1152.28271484375,283527,7.064074991475095,-0.023624039908519023,1136.439990234375,996.4379956054687,66.1913608445815,3.7289165398095605,49.50287202477374,1203.2794405808886,977.8055386671581,0.19284460428495634,1100.6423835149194,1088.5480462147243,0.04167937734527949,0.02952418494362403,-0.1002350677416026,32400260,69.63284978432452,82.40435950861195,1147.4541697184245,1037.9241648356121,1092.6891672770182,6411266.803087675,5.619233320728171
2024-04-15,1116.6500244140625,1164.0,1111.1500244140625,1157.4000244140625,1140.653564453125,231219,7.0539314102336235,-0.010143581241471189,1145.1949951171875,1004.2699963378906,63.59076215851045,1.5800321153978842,48.651321978810486,1205.8514009702214,991.5535794985286,0.18515449883473242,1106.0478731243616,1093.9448203648365,-0.023347176771656097,0.024812560357726988,-0.05211258922322956,32169041,62.70190895741557,76.10279400013742,1149.9491658528646,1048.0641682942708,1099.0066670735675,5105604.793358772,4.566267018414223
2024-04-16,1155.949951171875,1177.300048828125,1134.8499755859375,1159.9000244140625,1143.1173095703125,204849,7.05608909453625,0.002157684302626528,1149.4400024414062,1011.5619970703125,63.914246444069256,-0.13308986134981637,48.07527279131517,1210.0611327625102,1000.9138550304588,0.1803149179496782,1111.1766494376664,1104.239663889277,-0.01009230863034638,0.02427465524183641,-0.028343439119574196,32373890,64.17033773861968,65.5016988267866,1154.957501220703,1055.9325012207032,1105.445001220703,4449393.037164662,3.6598044959634914
2024-04-18,1105.0,1197.5,1105.0,1177.800048828125,1160.758544921875,390824,7.071403611967529,0.015314517431279207,1156.6800048828125,1019.0619982910156,66.2278981854812,-0.5001827736465003,46.493540938167165,1215.9967458529609,1009.713251705633,0.1751430511083555,1117.5217350939006,1112.19585298873,0.0021600137785253715,0.02435585694371817,0.026933062995685146,32764714,74.68430215216593,67.18551628273373,1163.9950032552083,1059.4250020345053,1111.7100026448568,4813159.6235127915,7.853625077706074
2024-04-19,1183.949951171875,1221.0,1158.5999755859375,1206.4000244140625,1188.944580078125,307831,7.095396017490812,0.02399240552328319,1166.1500122070313,1026.5169982910156,69.58348434154394,0.6796187762628776,45.45442023104554,1225.224551611448,1018.0554532713645,0.1717250448836021,1125.9863340767731,1117.550527718544,0.01543238558263238,0.024597867601823017,0.06033401761140673,33072545,91.04020867699563,76.63161618926041,1173.240008544922,1066.075,1119.657504272461,5383273.832238782,5.172415712140724
2024-04-22,1219.949951171875,1223.0,1187.5,1200.6500244140625,1183.2777099609375,184916,7.090618376128361,-0.004777641362450957,1173.6550170898438,1033.4189990234374,68.11807308265537,0.5734524772292815,44.525434434394136,1226.0260496726085,1036.6339600930166,0.1577412949056644,1133.0971617279436,1122.7557963638146,0.02428253897118915,0.023692981635319837,0.0777190833436166,32887629,86.45045031710909,84.05832038209023,1181.8533426920574,1075.9383341471353,1128.8958384195962,4462339.427633243,2.956731710168798
2024-04-23,1200.699951171875,1209.5,1161.550048828125,1179.5999755859375,1162.5323486328125,101919,7.072930656244222,-0.01768771988413942,1175.8900146484375,1039.3809985351563,62.895962481564844,-1.3108885300578237,42.77757139600613,1230.2754534250462,1042.1695538991726,0.15946583877507847,1137.5260011429905,1128.8572885327146,-0.00476624658789504,0.018764213321848168,0.018260660216709104,32785710,66.1334247788875,81.20802792433075,1185.4725077311198,1085.3425028483075,1135.4075052897135,3518376.6627551126,4.0649332116217645
2024-04-24,1185.6500244140625,1190.0,1162.3499755859375,1174.949951171875,1157.94970703125,498506,7.068980830923737,-0.003949825320485267,1177.2300048828124,1045.8999975585937,61.769428991810955,-3.1613757013980077,41.15455571750299,1233.0835322133717,1048.426465345222,0.1571616447866362,1141.090186860027,1136.3522312037207,-0.017532210386117963,0.018854799393193955,0.031925634543431794,32287204,60.107871891487605,70.89724899582806,1187.4433451334637,1092.0383280436197,1139.7408365885417,2684599.2722820053,2.3532938051093018
2024-04-25,1175.0,1197.949951171875,1165.6500244140625,1183.5,1166.3759765625,92488,7.0762314289540384,0.007250598030301703,1180.6550048828126,1052.5739978027343,63.07889455152047,-4.044035097675348,39.831205370997914,1233.8545458118613,1059.5154493053262,0.1473080663342079,1145.1292166828816,1140.6998333602028,-0.003942035020603196,0.018129432686737872,0.0872504548995494,32379692,66.73684210526316,64.3260462585461,1191.6250040690104,1098.194999186198,1144.910001627604,2414053.2213868084,2.7291868827893957
2024-04-26,1186.0,1196.0,1171.300048828125,1186.949951171875,1169.7760009765625,182165,7.079142229585837,0.0029108006317981605,1179.6349975585938,1058.7589965820312,63.62035997645949,-4.590067474056781,38.6023800492432,1232.746588231703,1072.9834044440784,0.13459976440446425,1149.1121437770717,1145.0119351148571,0.007276947260261846,0.018068077923102367,0.12905137800113964,32561857,69.64206414473684,65.4955927138292,1196.8500020345052,1104.2849995930987,1150.5675008138019,2158968.5262207803,2.080959786677505
2024-04-29,1192.0,1208.949951171875,1168.050048828125,1170.449951171875,1153.5147705078125,181490,7.065143527513484,-0.01399870207235221,1179.7599975585938,1064.8449951171874,59.152258339310386,-6.159182221287914,37.778018413679135,1227.4937222561002,1088.7062655368686,0.1185761566141937,1151.1443159099101,1150.4932494253203,0.0029150411253697772,0.0185824803554562,0.11010044670813068,32380367,55.466060315148304,63.948322188382775,1203.0916605631512,1109.651670328776,1156.3716654459636,1422746.5939035262,3.494374304753509
2024-04-30,1200.0,1298.800048828125,1200.0,1225.6500244140625,1207.916015625,2147459,7.111226614418103,0.04608308690461893,1186.5849975585938,1071.3569958496093,67.40075581226614,-3.6975203982505462,38.57447660327169,1228.561689802504,1103.2183028732773,0.10226686609756211,1158.2400976722104,1177.0624791301448,-0.01390117585304218,0.020844760362924812,-0.02811775390665546,34527826,62.254898873148946,62.45434111101137,1214.304998779297,1114.9950012207032,1164.65,18153767.66400227,8.061032665124584
2024-05-02,1232.0,1260.0,1193.050048828125,1219.550048828125,1201.904296875,313408,7.106237257263306,-0.004989357154797425,1192.55,1075.9089965820312,65.81902930005492,-2.7420888017553295,39.05485484494181,1233.6854272347455,1108.304575206661,0.10280910746431764,1164.0791406394403,1184.5258566956177,0.04716141274295427,0.019019916204734533,-0.10062314375050829,34214418,59.10733744433457,58.94276554421061,1220.7733337402344,1121.0633361816406,1170.9183349609375,15287260.69079659,5.4897255947968455
2024-05-03,1225.0,1251.25,1204.199951171875,1241.6500244140625,1223.6846923828125,222685,7.124196438899268,0.017959181635961663,1198.9349975585938,1081.4499975585939,68.6861832559877,-0.9749136551840607,39.50092035506406,1240.1158887207837,1115.4991137206227,0.10036384854819931,1171.4668438560711,1188.4509181076905,-0.004976930987174444,0.018891160545639815,-0.07159978091180477,34437103,70.51083074558613,63.95768902102322,1227.5858378092448,1126.5308329264321,1177.0583353678385,13806413.886876293,3.789316466234358
2024-05-06,1251.0,1253.949951171875,1224.050048828125,1249.699951171875,1231.617919921875,125872,7.13065876241986,0.006462323520592506,1203.264990234375,1087.25099609375,69.68371654829582,0.31398911387697126,39.95755001734246,1246.7684260459494,1122.6465763954568,0.09932132071710524,1178.9176159813858,1191.9817004540355,0.018121417490961855,0.01889132593298548,-0.05469979828279,34562975,74.6645586762492,68.09424228872331,1234.4325012207032,1132.632501220703,1183.5325012207031,11978820.528873876,2.392566496918889
2024-05-07,1254.699951171875,1255.75,1200.0,1206.949951171875,1189.486572265625,142102,7.095851754762981,-0.034807007656879385,1203.8949829101562,1092.4049951171876,58.94468918751479,-2.007094683071003,39.39847913120981,1245.21599222657,1132.3340077734301,0.09352664900772263,1181.5873621900037,1197.7856254899777,0.006483249385519363,0.02083689846382476,-0.04001356025973944,34420873,52.6057407045811,65.92704337547214,1239.5083333333334,1136.5233357747395,1188.0158345540362,9399723.239034751,4.619081341846043
2024-05-08,1207.050048828125,1248.699951171875,1194.0,1243.550048828125,1225.55712890625,140685,7.125725510787457,0.029873756024476172,1210.289990234375,1098.8069958496094,64.05248291695779,-1.400660643584672,38.64604602259389,1252.35554630179,1133.8244585810228,0.09531670062854838,1187.4885704412534,1203.8977485512776,-0.034208211306971936,0.020978327598003374,-0.07663882002441476,34561558,71.49123525299035,66.25384487794021,1242.8149943033854,1141.5150065104167,1192.165000406901,8792489.167568292,4.398693178728285
2024-05-09,1243.550048828125,1246.0,1176.0999755859375,1187.800048828125,1170.6136474609375,175421,7.079858176689795,-0.04586733409766186,1211.575,1104.312996826172,53.195976307266456,-4.881480510924895,37.27013127551445,1251.9538451809774,1136.8511597018353,0.09690409222722426,1187.5182350495268,1205.8418872101915,0.030324453487664105,0.023630743249979387,-0.08960038834171503,34386137,20.82743080436632,48.30813558731259,1246.1491617838542,1142.1591715494792,1194.1541666666667,6139316.322201394,5.884830909295328
2024-05-10,1195.0,1198.0,1150.699951171875,1164.3499755859375,1147.5030517578125,145923,7.059918249411269,-0.019939927278525893,1209.6599975585937,1108.82099609375,49.402908026526816,-8.669209865898011,35.13063799654323,1250.680092453787,1139.6349099876193,0.09537096645730275,1185.3117341482325,1206.437667850584,-0.04483132790074407,0.023961128198219363,-0.08608738338820253,34240214,9.21675584964508,33.84514063566725,1247.6758280436197,1142.2608378092448,1194.9683329264321,4773427.556498377,4.062356664225645
2024-05-13,1166.0,1199.0,1147.199951171875,1156.0,1139.27392578125,435127,7.052721049232323,-0.007197200178945984,1206.5650024414062,1112.2149963378906,48.0880621798631,-11.46733327145487,33.0306955892875,1251.1662797394322,1135.0337202605676,0.10046069159071327,1182.5201404198294,1205.2105364986337,-0.01974244172268147,0.021997456706153374,-0.17165870375802458,33805087,5.80477780962841,11.94965482121327,1246.5199951171876,1141.8150024414062,1194.167498779297,3572466.501744005,4.480973082017734
2024-05-14,1160.0,1195.0,1154.1500244140625,1157.1500244140625,1140.4072265625,200601,7.0537153855241135,0.0009943362917903542,1205.235009765625,1115.4839965820313,48.29218195201649,-12.86610440877556,31.080749068264318,1251.780541013091,1133.214466311128,0.10246387434680329,1180.1039388954707,1205.1072453156612,-0.007171362357555333,0.021391136800706017,-0.17518811596531372,34005688,6.56336862311862,7.194967427464037,1244.6274922688804,1142.407509358724,1193.5175008138021,3095070.7225641976,3.5302229377407137
2024-05-15,1164.949951171875,1205.0,1161.4000244140625,1177.0999755859375,1160.0684814453125,387788,7.070809044677578,0.01709365915346428,1200.3800048828125,1119.3279956054687,51.830595365948255,-12.085370899826405,29.584390993298715,1251.0294194792339,1135.9355829621725,0.09777745213168483,1179.8178471517056,1205.8369399489325,0.0009948308080125479,0.021604696502158495,-0.21386146951742216,34393476,19.722958544433244,10.697034992393425,1246.0141581217447,1144.7191752115884,1195.3666666666668,3758110.857203464,3.7040163529214487
2024-05-16,1188.8499755859375,1207.5,1188.800048828125,1199.25,1181.8980712890625,290313,7.0894516403821735,0.0186425957045957,1198.35,1123.69099609375,55.4738115027946,-9.811544903812923,28.274585444066165,1250.9230552070821,1139.976944792918,0.09251291258216734,1181.6685283753527,1207.007889348765,0.017240591756437995,0.021967125524572185,-0.21153452541067225,34683789,34.33378317878619,20.20670344877935,1246.8849853515626,1147.9650146484375,1197.425,4139872.1687057875,1.5593038292161767
2024-05-17,1205.0,1210.550048828125,1195.0,1201.800048828125,1184.4112548828125,177473,7.091575752528987,0.00212411214681385,1194.3650024414062,1128.4029968261718,55.88746306027475,-7.949537336216718,27.1600551407254,1251.5795942344198,1141.7204057655804,0.09141220170190797,1183.5858160375215,1209.7230054111349,0.018817453804666595,0.02173595370507773,-0.2567363648091446,34861262,36.01587235125307,30.024204691490837,1245.154988606771,1153.9300130208333,1199.542500813802,3613113.9754155083,1.2938965049375601
2024-05-21,1310.0,1342.5999755859375,1230.0,1240.0999755859375,1222.1568603515625,971161,7.122947280821554,0.031371528292567064,1193.4050048828126,1133.7839965820312,61.65005675141091,-4.14366679996418,28.794586531664834,1256.3390572108015,1140.3309379063862,0.09354739262018154,1188.9681169468945,1218.6927651078151,0.0021263696711486535,0.022220149818971736,-0.3677893912052961,35832423,47.543507065896094,39.29772086531179,1251.4433186848958,1155.198347981771,1203.3208333333334,8410582.717505286,9.07991112028971
2024-05-22,1240.0999755859375,1245.0,1213.0,1226.0999755859375,1208.3594970703125,162136,7.111593659326374,-0.011353621495180377,1195.3200073242188,1138.3269958496094,58.6347875226022,-2.6471455249584253,29.712097849162863,1258.8620381252456,1140.3529521091293,0.09665532042726148,1192.5044844363272,1219.296560403084,0.031868801133065894,0.02236611049980539,-0.36635790468823465,35670287,40.37871778709166,41.31269906808027,1252.484151204427,1156.589180501302,1204.5366658528646,6884798.900718817,2.6099013650748675
2024-05-23,1236.0,1244.0,1221.800048828125,1227.800048828125,1210.0350341796875,103888,7.112979268762189,0.001385609435814672,1193.7450073242187,1142.8159973144532,58.897683050561916,-1.6685543692959932,30.56407264398246,1261.7399589251954,1142.2950386333982,0.09728369078157434,1195.8659667593556,1219.9841880276936,-0.011289412366438545,0.02192400137426956,-0.36943301656551303,35774175,41.248765397006466,43.05699674999807,1253.5791524251301,1160.2591817220052,1206.9191670735677,5926487.230471039,1.8081080215841143
2024-05-24,1230.0,1251.5,1213.550048828125,1227.5999755859375,1209.8377685546875,248980,7.1128163028579445,-0.00016296590424413893,1197.725,1147.6529968261718,58.85028040976078,-1.1833510805118905,31.046014206891982,1264.008354023565,1145.2916459764351,0.0967063460476741,1198.8882533142682,1223.5997549226872,0.0013865698360975287,0.02188423191489371,-0.3858828078267095,35525195,41.14637378124928,40.92461898844914,1256.8499837239583,1162.5000203450522,1209.6750020345053,5072729.878140913,3.091393933415595
2024-05-27,1228.0,1235.949951171875,1201.0,1210.800048828125,1193.281005859375,131674,7.099036617474723,-0.013779685383221718,1202.3700073242187,1150.8459973144531,54.857774454253644,-2.089495680936757,31.025914992220738,1264.6158675019526,1147.41413738086,0.09679693210660714,1200.0227100298737,1224.0066327679015,-0.00016295262602283866,0.02213993620338427,-0.3934986069979258,35393521,32.548664129886795,38.314601102714185,1258.6599853515625,1164.04501953125,1211.3525024414062,4032037.95899104,2.886517159104955
2024-05-28,1211.449951171875,1245.0,1200.0,1205.1500244140625,1187.712646484375,238345,7.09435933976351,-0.004677277711213179,1207.285009765625,1152.7999987792969,53.542183928620105,-3.1038854834510445,31.183819579618554,1264.8750135288794,1148.974998678152,0.09617061154446518,1200.5110256855107,1224.7864145906146,-0.013685180100947658,0.022177026127091645,-0.4237985295070612,35155176,29.657147390825486,34.45072843398719,1261.2733215332032,1164.628350830078,1212.9508361816406,3263653.240710931,3.7339749482126727
2024-05-29,1204.5999755859375,1230.5,1202.0999755859375,1213.300048828125,1195.7447509765625,176718,7.101099239301893,0.006739899538382943,1212.9000122070313,1155.7959997558594,55.21077297656263,-3.245184032281074,31.330445267916527,1264.5822329923249,1153.5527889803316,0.09151029386278516,1201.7290278895694,1225.6514158678042,-0.004666356281973094,0.02192646865506214,-0.4063815376107376,35331894,33.828090786816155,32.011300769176145,1262.2891621907552,1166.894179280599,1214.591670735677,3003167.9226671266,2.340725564256993
2024-05-30,1210.0,1219.050048828125,1190.0,1195.0999755859375,1177.80810546875,193866,7.085985122444367,-0.01511411685752595,1214.7000122070312,1159.8139990234374,50.8210869603175,-4.5060440374218516,30.96735803164079,1262.8262976524857,1152.253719437358,0.09252161365070374,1201.0976895749377,1217.8861848165614,0.006762663775429223,0.019458903919602793,-0.38376368670113836,35138028,24.51382724116755,29.33302180626973,1256.7966613769531,1168.3766784667969,1212.586669921875,2070090.3052618345,2.430763067657352
2024-05-31,1192.199951171875,1230.0,1163.0999755859375,1195.0999755859375,1177.80810546875,475807,7.085985122444367,0.0,1214.285009765625,1163.2319995117186,50.8210869603175,-5.2307707674594255,29.624018362502834,1261.5687344886135,1151.0662752770115,0.09246294156890468,1200.5264787188426,1215.484447423233,-0.01500047186165221,0.019438263722320312,-0.3629730890430143,35613835,24.51382724116755,27.61858175638375,1255.3874959309896,1166.9725056966145,1211.180000813802,1774363.1187958582,5.597860077041885
2024-06-03,1211.0,1263.8499755859375,1200.0,1222.9000244140625,1205.2059326171875,564976,7.108980386159395,0.022995263715028358,1216.3950073242188,1167.0810009765626,56.892677408675276,-3.795412019664351,29.200737011980284,1258.8075385285701,1151.9524712370549,0.08737841618959293,1202.6572925945777,1216.1821276537344,0.0,0.019733786496007967,-0.3934502992708127,36178811,36.48183487046746,28.503163117600852,1256.0549926757812,1165.960009765625,1211.007501220703,3764648.442784843,5.221193418205257
2024-06-04,1222.699951171875,1223.0,978.3499755859375,1070.550048828125,1055.060302734375,439869,6.975927859695502,-0.1330525264638931,1199.4400146484375,1167.8780029296875,32.91206757678529,-12.569500602625519,29.67083147047152,1272.425972571602,1120.4190469596479,0.14198955553581835,1190.0756503311059,1206.0929367548447,0.02326169307676129,0.033925532653289334,-0.40635309860547053,35738942,25.312305625857928,28.769322579164314,1259.1958333333332,1147.625838216146,1203.4108357747396,-6346591.536328811,22.852740484376984
2024-06-05,1068.800048828125,1109.5999755859375,1043.75,1104.550048828125,1088.568359375,186373,7.007193335394544,0.031265475699042256,1187.2850219726563,1169.8320043945312,39.08316487658032,-15.361652231834123,30.107347753356244,1276.962384889581,1105.6426444072938,0.15510364665145712,1181.9303549498698,1201.9041419205223,-0.12458089176908316,0.034358149035411935,-0.35804734844320313,35925315,34.64655408158888,32.14689819263808,1252.9541666666667,1140.3741739908855,1196.6641703287762,-4534695.316853267,5.961701387438368
2024-06-06,1123.0999755859375,1192.050048828125,1117.0,1183.300048828125,1166.1788330078125,220495,7.0760624656548785,0.06886913026033437,1182.8350219726562,1171.8630053710938,50.451669462324325,-11.367219696972832,28.846400884845632,1270.5588402812318,1106.0211890156434,0.13904981363648,1182.0608019858942,1199.861137607932,0.03175937457311595,0.037572785950302064,-0.3439655792749038,36145810,56.26632072537749,38.74172681094143,1250.7400065104166,1136.1250040690106,1193.4325052897136,-1406312.9501599437,6.342436045908256
2024-06-07,1183.300048828125,1286.050048828125,1181.050048828125,1264.550048828125,1246.2532958984375,829452,7.142471645262006,0.06640917960712756,1186.530029296875,1175.4680053710938,58.96140370722877,-3.1430300874348243,27.29556997062718,1280.8536359167285,1103.4013933801464,0.14032836636322102,1189.9169207327734,1205.3179495925197,0.07129599974537149,0.039261351742601314,-0.21762668593540066,36975262,78.5724291673816,56.49510132478266,1254.5241739908856,1136.3991739908854,1195.4616739908854,8422156.757005762,8.303348696819462
2024-06-10,1269.6500244140625,1309.1500244140625,1250.25,1278.0999755859375,1259.607177734375,313883,7.153129860035828,0.010658214773822117,1193.2600219726562,1179.7320043945313,60.18936406810716,2.987866790075417,26.147829708671534,1293.0351198939775,1102.5949094028974,0.14900259301215762,1198.3153069092652,1209.494200852142,0.06866390319214943,0.038885180323086646,-0.20559512207911007,37289145,90.61365047008871,75.15080012094927,1260.5116739908854,1141.2266764322917,1200.8691752115888,7826576.0289367195,4.608405096562194
2024-06-11,1280.800048828125,1288.800048828125,1230.0,1234.949951171875,1217.0814208984375,280347,7.118785722874,-0.03434413716182849,1196.2400146484374,1183.16400390625,54.58771909984764,3.8600682166617286,24.7647432957907,1296.2645709527615,1107.260453461301,0.15304597349237486,1201.8043206485613,1214.0470948876903,0.010715215874903095,0.039782423451094805,-0.2022109527180056,37008798,77.56950958591305,82.25186307446113,1265.0541748046876,1145.0691772460937,1205.0616760253906,4980353.75417302,4.761330511599127
2024-06-12,1230.0,1274.0,1222.050048828125,1256.6500244140625,1238.467529296875,222017,7.136204748514421,0.017419025640421637,1200.5750122070312,1186.9820043945313,56.766822404027536,5.5202828269351,23.353783660250382,1301.7959657659928,1111.6790586480695,0.15128866703087762,1207.0277210071804,1216.656892117469,-0.03376107130764994,0.03988714691162795,-0.16454395549565204,37230815,84.12938565578096,84.10418190392757,1269.715840657552,1148.6208455403646,1209.1683430989583,4957129.669435552,4.134003116428353
2024-06-13,1256.6500244140625,1268.3499755859375,1219.4000244140625,1226.800048828125,1209.0494384765625,142466,7.112164472041306,-0.024040276473114908,1203.74501953125,1190.121005859375,52.999411301844944,4.284992114047643,21.999156713381915,1303.6483226168707,1114.7967091214105,0.1539383811370539,1208.9107998472705,1219.2987822946127,0.017571621604256737,0.040271934952870694,-0.16944916678035996,37088349,75.10581516609014,78.93490346926139,1272.8341735839845,1151.2041809082032,1212.0191772460937,3641453.0563981635,3.9900512898278255
2024-06-14,1239.0,1248.75,1216.5999755859375,1220.199951171875,1202.5447998046875,299822,7.106770018701258,-0.0053944533400480665,1206.2550170898437,1192.176005859375,52.174891579351275,2.7735972699797244,20.69134595642694,1304.694875503523,1115.8451513519456,0.15476949000875384,1209.9859571162804,1220.6776817146954,-0.023753610795380853,0.04013073403891343,-0.21102131180856826,36788527,73.11062269872771,77.4486078401996,1275.0066752115886,1152.0316752115884,1213.5191752115884,2838551.9798423992,2.634816071184542
2024-06-18,1232.0,1254.949951171875,1157.0,1165.0,1148.1436767578125,4369315,7.060476365999801,-0.04629365270145769,1200.4650146484375,1193.3680053710937,45.76259421400106,-1.9394751817661202,19.935634683964736,1304.856350257193,1112.0036717154633,0.16553877986414575,1205.7015802480632,1209.2618621454635,-0.005379929404595751,0.041476559993609115,-0.47103613666470817,32419212,56.42382009170771,68.21341931884186,1278.6200012207032,1147.405010986328,1213.0125061035155,-32022094.682212375,8.407721130633048
2024-06-19,1173.0,1190.0,1143.0,1148.75,1132.128662109375,1515465,7.046429673669897,-0.014046692329904076,1208.285009765625,1194.1090063476563,44.04641734735173,-5.922114739442492,19.443045066632525,1302.4846909271446,1105.2403334869177,0.1717034667597187,1200.2776202244381,1197.2402337945125,-0.045238447287972106,0.04084280844245909,-0.4792526585031356,30903747,51.511487080401814,60.348643290279085,1269.824169921875,1145.1691772460938,1207.4966735839844,-30965553.47761061,4.091403699673559
2024-06-20,1158.699951171875,1166.199951171875,1145.050048828125,1155.5999755859375,1138.879638671875,618417,7.0523749474653386,0.005945273795441963,1213.3900024414063,1194.7090063476562,44.98304780693053,-7.750472389787797,18.9856404219669,1300.555201105832,1100.1198233082305,0.17344702494993783,1196.022606449343,1194.5844326843019,-0.013948497854077258,0.040840762238256216,-0.4579431063679209,31522164,53.58221700024429,53.839174724117946,1265.6608317057294,1142.0908487955728,1203.875840250651,-25936739.930533566,1.8302096565055839
2024-06-21,1165.0,1178.050048828125,1145.0,1156.8499755859375,1140.111572265625,527597,7.0534560520497775,0.0010811045844389966,1210.7449951171875,1194.701005859375,45.16343938524475,-8.472434811740296,18.310723004299778,1297.8871945790906,1095.692822510753,0.17478011525731962,1192.2918797004472,1192.7447894664222,0.005962982011697537,0.040839433576637205,-0.45023164363765106,32049761,53.96008877034474,53.01793095033028,1262.641668701172,1137.9866760253906,1200.3141723632812,-22137277.619028773,2.85690016213082
2024-06-24,1156.8499755859375,1180.0,1150.25,1173.3499755859375,1156.3726806640625,544855,7.06761816356146,0.01416211151168234,1201.6249877929688,1194.9370043945312,47.605540864247175,-7.470553909875614,17.641287301951778,1294.6322031853877,1093.522813904456,0.17139761662372172,1190.4878888323985,1190.8694914956197,0.0010816891886538116,0.04100353232168732,-0.4096265399003412,32594616,58.94799613567073,55.49676730208659,1259.0808369954427,1135.2458394368489,1197.1633382161458,-17690508.31631038,2.535475401117531
2024-06-25,1209.0,1213.0,1160.0999755859375,1184.300048828125,1167.164306640625,1365039,7.076907202956972,0.00928903939551251,1192.2449951171875,1195.6380053710936,49.22171910656884,-5.77787811798731,16.44707435263133,1293.089018287066,1092.415998802778,0.16944440700045205,1189.8985707367535,1190.1140008815266,0.014262869298711678,0.040964572182647895,-0.37658179957722937,33959655,52.95781307421681,55.28863266007742,1258.4725077311198,1132.8425028483075,1195.6575052897138,-13027967.552774271,4.466775498861756
2024-06-26,1196.8499755859375,1200.0,1167.300048828125,1189.4000244140625,1172.1905517578125,477864,7.081204277798862,0.004297074841889348,1187.6900024414062,1195.4830053710937,49.99537848611764,-4.101128946529613,15.338162328262344,1292.1470563991147,1091.782960690729,0.16845812308360403,1189.8510901345924,1189.495487930129,0.00933231641882415,0.04096317278516291,-0.34446726431880414,34437519,37.678904613640995,49.861571274509515,1256.3000061035157,1131.9000061035156,1194.1000061035156,-10818672.940463884,2.749281192253554
2024-06-27,1189.0,1194.0,1158.050048828125,1182.699951171875,1165.58740234375,483482,7.07555519797177,-0.005649079827091619,1180.2949951171875,1195.7530053710936,48.940419381544814,-3.2659644811752853,14.382761900434748,1290.200781969814,1090.669225354405,0.16870851851959895,1189.1700292810003,1188.7850320249354,0.004306320506348049,0.04095187971485809,-0.3215453894578145,33954037,23.89403872306317,38.17691880364032,1254.8250020345054,1129.6700093587237,1192.2475056966146,-9735914.636294657,3.039651023596821
2024-06-28,1174.050048828125,1188.0,1163.0,1175.699951171875,1166.5797119140625,362402,7.069618952342585,-0.005936245629184711,1175.1849853515625,1196.11900390625,47.80544437820778,-3.013766538029913,13.495604360309121,1289.4075803230949,1089.5224245597178,0.1700137484603467,1187.8871646991788,1188.277112028333,-0.0056331537789300334,0.04083227129255113,-0.30849860684631647,33591635,19.68097885461843,27.084640730440867,1253.3316650390625,1128.5816772460937,1190.9566711425782,-8707471.688252565,2.12639287558712
2024-07-01,1179.9000244140625,1181.0,1145.0,1169.449951171875,1160.378173828125,590427,7.064288790043834,-0.005330162298751162,1170.1099853515625,1196.3100024414061,46.76268357726754,-3.0854491185581425,13.096191981552263,1288.4606618894622,1087.9043405519442,0.1714962843314037,1186.1312396013404,1187.067657037407,-0.005918660935991471,0.040849569819914104,-0.28985967194195206,33001208,18.141249872320188,20.572089150000597,1250.240830485026,1128.5808451334638,1189.4108378092449,-7990714.125645056,3.078370302544829
2024-07-02,1173.8499755859375,1223.300048828125,1162.0,1212.1500244140625,1202.7469482421875,1384320,7.100150941488689,0.03586215144485472,1174.8249877929688,1196.997001953125,54.12503245520786,-0.225464336712057,12.621088800550524,1287.2862629167394,1088.0037395246668,0.16440417388796666,1188.609219107314,1186.611754463505,-0.005315982188967783,0.041355591589535584,-0.2056404707638345,34385528,52.78627817867366,30.202835635204092,1248.625002034505,1127.220009358724,1187.9225056966147,1595182.948107808,5.057133819533324
2024-07-03,1220.0,1252.800048828125,1201.4000244140625,1245.3499755859375,1235.689453125,1061244,7.127171874284535,0.027020932795846164,1184.4849853515625,1197.7760009765625,58.88588462735896,3.716345906190174,12.786708709775834,1283.2559255297342,1109.5140695874534,0.1395124738815169,1194.0131006767067,1192.4135979800328,0.03651295482923311,0.029424170443774694,-0.14298185674290972,35446772,81.65137257307909,50.85963354135765,1246.0900024414063,1144.010009765625,1195.0500061035157,6400620.952870308,4.1273557973033865
2024-07-04,1245.4000244140625,1256.449951171875,1216.800048828125,1228.25,1218.7220458984375,353152,7.113345671048758,-0.013826203235777434,1191.7499877929688,1198.3280004882813,55.68067703655918,4.911093063232206,13.01312858329555,1279.4457745397106,1125.6942156946645,0.12517936808063995,1197.2737577551154,1194.5728614230459,0.027389308669051537,0.02924819850400728,-0.16071951038361282,35093620,75.14326724640675,69.8603059993865,1252.1733317057292,1152.7133463541666,1202.4433390299478,4623547.877013836,3.2281622099531853
2024-07-05,1224.9000244140625,1237.0,1212.6500244140625,1228.0,1218.4739990234375,173093,7.113142108707088,-0.0002035623416700716,1198.864990234375,1199.2960009765625,55.63300028660117,5.38553638009061,13.10388665253431,1281.9086597036471,1127.7013256479154,0.12557600493137763,1200.2000665403425,1195.3353695238002,-0.013731060281180762,0.024850138374931937,-0.16898608956137598,34920527,74.92290575888063,77.23918185945548,1252.72666015625,1158.3366821289062,1205.531671142578,3956859.1445832886,1.982897034685464
2024-07-08,1237.949951171875,1284.699951171875,1229.949951171875,1272.6500244140625,1262.7777099609375,1494325,7.148856638853766,0.035714530146678136,1208.7949951171875,1201.2500024414062,61.90661789255539,8.236776038545607,14.115827811996573,1283.638396338025,1126.7815865721313,0.1232521170445988,1207.100062528316,1198.9541617857774,-0.00020354162426217126,0.021059850483730658,-0.14129316715584417,36414852,91.49616731822545,80.52078010783761,1251.1416564941405,1161.776678466797,1206.4591674804688,12923257.514291953,4.302046827462036
2024-07-09,1284.949951171875,1311.949951171875,1262.25,1303.5999755859375,1293.487548828125,793543,7.172884928235221,0.02402828938145518,1220.7249877929687,1203.652001953125,65.54367324781487,11.535198956202027,15.49844585018952,1290.2587345409534,1122.711248369203,0.128526763815289,1216.2905304385656,1201.83440595859,0.03635995473457854,0.02161840320025336,-0.10543411671863759,37208395,94.99851570645792,87.13919626118799,1251.353318277995,1162.9083475748698,1207.1308329264323,14585666.02693356,3.8125155034262748
2024-07-10,1316.0,1384.949951171875,1290.8499755859375,1345.5,1335.0625,1700753,7.204520970166961,0.031636041931739634,1236.3349853515624,1206.8230029296874,69.75392779617795,15.613515938814603,17.720476577424975,1314.9630190601392,1109.0619687328294,0.15302939452048295,1228.5961942063213,1213.8405646674732,0.02431929484001283,0.021021656133818893,-0.06984730409886926,38909148,83.55909181093469,90.01792494520602,1257.577480061849,1165.6025166829427,1211.5899983723957,22682226.91198449,6.99368083135916
2024-07-11,1389.9000244140625,1410.0,1356.050048828125,1393.449951171875,1382.6405029296875,1604466,7.2395379303616005,0.03501696019463996,1257.4099853515625,1211.2830029296874,73.71256866804474,20.317369127792382,20.04312115427266,1347.6821327326493,1090.0228477361006,0.18490745561393163,1244.2965520125645,1227.3738305738361,0.03214178060660777,0.02197896250166404,-0.037478434446371715,40513614,93.75469855542453,90.77076869093905,1264.457478841146,1172.2825154622394,1218.3699971516926,30432489.689834364,3.8716820167458277
2024-07-12,1402.949951171875,1402.949951171875,1346.0,1357.699951171875,1347.1678466796875,414763,7.213547334642381,-0.02599059571921991,1275.6099853515625,1213.9240014648437,66.70294519540738,19.77886979588955,21.89358496360927,1367.7660903392318,1083.028880363893,0.20972027709772906,1255.0968757420226,1230.2124084511547,0.03563727326040511,0.022115488205451946,-0.04417079886346385,40098851,80.26413251768868,85.85930762801597,1271.3924763997397,1178.4175130208332,1224.9049947102862,23966737.26985803,4.194590352803625
2024-07-15,1372.0,1375.449951171875,1326.0,1330.6500244140625,1320.3277587890625,308066,7.193422841982176,-0.02012449266020422,1291.7299926757812,1216.1460009765624,61.90604241688719,16.49293279419095,23.010971798391303,1380.4427097716016,1081.3972682557423,0.22473635894422406,1262.2924137107882,1231.9784567142124,-0.025655747427408282,0.02271655094442487,-0.04501908139526711,39790785,70.05661298643868,81.35848135318396,1278.0333068847656,1183.328350830078,1230.6808288574218,19352465.84036799,3.7162251730051823
2024-07-16,1326.0,1341.25,1294.9000244140625,1327.199951171875,1316.9044189453125,443439,7.1908267020859045,-0.002596139896271943,1303.2349853515625,1217.8569995117186,61.30052449537556,13.125706122950078,23.183745736509344,1390.9471778758725,1087.1127952686588,0.22892886813244506,1268.4740839451774,1245.1020961036975,-0.019923346638161754,0.019578237831597404,0.1802703397203368,39347346,68.75469855542453,73.02514801985063,1281.8933085123697,1192.348350016276,1237.120829264323,16369271.144823654,3.4923129363448178
2024-07-18,1334.949951171875,1360.0,1304.0,1316.699951171875,1306.4859619140625,496841,7.182883848278585,-0.00794285380731985,1310.3699829101563,1219.1969995117188,59.3963812593035,9.404218252786993,23.632149609650234,1397.0041889938611,1097.8507792678574,0.2271993778535151,1273.0670236810533,1256.203872268234,-0.0025927728395049865,0.019287190626414284,0.24980529992656497,38850505,64.79243440448113,67.86791531544812,1290.659141031901,1200.2141825358071,1245.436661783854,13285542.338420276,4.253057042354979
2024-07-19,1344.9000244140625,1427.8499755859375,1304.5999755859375,1336.300048828125,1325.9339599609375,1748709,7.197659916326807,0.014776068048222513,1321.1749877929688,1221.7840014648436,61.7828065046137,7.5552566673696475,24.92534426741844,1404.5836333429427,1108.3413422429946,0.22168845339767757,1279.089216552203,1270.728056966219,-0.007911392696126063,0.019364471276281485,0.18059710577359853,40599214,67.63304413650297,67.06005903213622,1305.795812988281,1205.1408447265626,1255.468328857422,16284017.314697847,9.223227979979848
2024-07-22,1341.4000244140625,1363.5999755859375,1307.0,1316.0,1305.7913818359375,297332,7.182352111885263,-0.015307804441544448,1329.9749877929687,1223.2330004882813,57.981802423701595,4.413329809108895,26.126167878203198,1407.2870566347578,1121.552921392586,0.21712320307155908,1282.604529261517,1275.4319517777567,0.014885773815671355,0.019979017360881923,0.17985615674270905,40301882,57.927407990383145,63.45096217712242,1315.4183085123698,1212.4083475748698,1263.9133280436197,13095464.252860432,4.300909998931421
2024-07-23,1313.0,1346.6500244140625,1250.0,1281.0,1271.0628662109375,302432,7.155396301896734,-0.026955809988528756,1330.8099853515625,1225.0969995117186,52.03747695512339,-0.3224730489550609,25.77350643470123,1406.518779010805,1133.086201457945,0.2134524414932553,1282.4517169508963,1279.4547680556204,-0.015191235565640504,0.021210975196777202,0.15676693595790367,39999450,35.15124431425525,53.57056548038046,1324.9974772135415,1215.2975138346355,1270.1474955240885,9712523.645308943,7.544888713041568
2024-07-24,1293.0,1337.199951171875,1285.0,1329.4000244140625,1319.08740234375,199929,7.192483009972204,0.037086708075469765,1333.389990234375,1228.3980004882812,58.39031160473728,-0.48589819207352747,25.446035094306545,1410.2079426607538,1143.9070353665898,0.2003166108045899,1286.9229843283408,1288.6707926265694,-0.02659574468085102,0.022461481015432546,0.18664640290742193,40199379,54.251871045618685,49.1101744500857,1331.5324727376303,1221.9025166829426,1276.7174947102862,9707387.19327611,3.926579676037113
2024-07-25,1329.0,1344.199951171875,1312.5,1320.300048828125,1310.05810546875,118015,7.185614299467753,-0.0068687105044507035,1330.8699951171875,1231.6840014648437,56.865234863008425,-1.4432867583398092,25.25583834348104,1411.6451109446787,1155.5598695240712,0.19395988180709692,1290.1017523759394,1292.4135046327133,0.037783001103874,0.022644269640029104,0.17542369427556076,40081364,50.02325689566957,46.47545741851451,1338.487471516927,1228.9575154622396,1283.7224934895835,8167198.50584032,2.4009656895802824
2024-07-26,1320.300048828125,1369.699951171875,1320.300048828125,1361.1500244140625,1350.5911865234375,252602,7.216085227593419,0.03047092812566632,1327.6400024414063,1235.7640014648437,61.70109290502052,0.34285040810991774,25.484777010905695,1415.9872470979358,1169.062740695033,0.18140873671085375,1296.8682544748083,1297.3666978519582,-0.006845174829862355,0.02317058632455098,0.17727664745374244,40333966,66.29613797706263,56.857088639450296,1347.7666361490885,1236.8916849772136,1292.3291605631512,8474568.081142988,3.6292768216358287
2024-07-29,1384.0,1395.699951171875,1338.3499755859375,1355.8499755859375,1345.332275390625,175578,7.212183824906067,-0.0039014026873527285,1327.4550048828125,1239.3390014648437,60.749477625934745,0.8089759225181155,26.079107902357755,1415.5095989244344,1187.5553913099404,0.16812642380731127,1302.4855612472968,1301.3713622862233,0.030939918257365306,0.02311412352173505,0.17432241345211918,40158388,59.51644088631913,58.61194525301712,1358.77080078125,1244.6608520507812,1301.7158264160157,7130976.6448162,4.229817208290572
2024-07-30,1301.0,1355.0999755859375,1290.0,1325.949951171875,1315.6641845703125,491933,7.189884425819205,-0.022299399086861627,1326.9849975585937,1241.8730004882811,55.5448605078294,-1.1484481550316659,25.387158416737183,1406.186935068637,1212.528055165738,0.14605293339446435,1304.7202650496376,1307.9879268483614,-0.0038938021034136128,0.02388891908488796,0.16396997023501264,39666455,42.70450469371912,56.172361185700304,1368.1524658203125,1251.13251953125,1309.6424926757813,4011007.308402028,4.909685733492589
2024-07-31,1329.9000244140625,1379.699951171875,1315.0,1370.949951171875,1360.3150634765625,644642,7.2232591735508835,0.03337474773167859,1331.3599975585937,1245.2559985351563,60.96517109146962,0.26026736341630397,25.142140446372157,1406.6990234911593,1227.895959418997,0.13042275096864261,1311.0278542041365,1321.8398636922873,-0.022052605341635223,0.023725417529386186,0.14185421995523656,40311097,68.00672913976967,56.74255823993598,1376.125791422526,1258.7658548990885,1317.4458231608073,7582133.407201739,4.719351798114154
2024-08-01,1370.949951171875,1374.300048828125,1342.0999755859375,1363.199951171875,1352.625244140625,305543,7.217590120256297,-0.005669053294586668,1336.0099975585938,1247.717998046875,59.61699643406944,0.33799180405591045,24.91462375960463,1408.277391867077,1238.102588601673,0.12483480733630696,1315.996625343921,1330.4204039992765,0.033937932544308325,0.023337099207412528,0.09708515378269399,40005554,63.64912381850541,58.1201192173314,1381.499959309896,1266.0600179036458,1323.7799886067708,6160691.741887205,2.362094659298271
2024-08-02,1336.0,1360.0,1325.050048828125,1350.949951171875,1340.47021484375,205621,7.208563291509276,-0.009026828747020765,1337.4749877929687,1250.2149975585937,57.45425006267131,-0.7105474597740198,24.260950035679002,1403.0861962533688,1255.5637793325689,0.10919902457735933,1319.325513518012,1333.4747479034322,-0.005653014534465983,0.023162394084213316,0.11866353387858125,39799933,56.7612960526361,62.8057163369704,1386.839961751302,1271.8700154622397,1329.3549886067708,4920756.171617605,2.5870648384536996
2024-08-05,1271.050048828125,1345.0,1236.199951171875,1255.4000244140625,1245.6614990234375,301421,7.135209545330669,-0.0733537461786069,1331.414990234375,1250.7669970703125,44.03537398473705,-7.72442807384904,23.236084706122202,1397.5742658640172,1263.8157121633265,0.1065465597414819,1313.2373716985883,1333.65062616948,-0.008986209242062615,0.028705330276909632,0.09789892383872502,39498512,10.018299398024327,43.476239756388615,1393.711631266276,1270.2966776529947,1332.0041544596354,103397.5080627189,8.666564179724757
2024-08-06,1253.5999755859375,1280.0,1190.800048828125,1204.75,1195.4044189453125,290273,7.094027355520442,-0.04118218981022714,1323.789990234375,1250.3099975585938,38.85485511693533,-15.226577459422256,22.98436525051719,1410.5184833773499,1244.0814922085876,0.13815064633223675,1302.9052410606275,1340.4041737931464,-0.07072795455888514,0.028925857406032193,0.015151315688684674,39208239,5.884815643131283,24.221470364597238,1393.571630859375,1266.7116821289062,1330.1416564941405,-2011707.069766693,7.404021678512139
2024-08-07,1229.0,1239.9000244140625,1189.0,1233.75,1224.179443359375,272295,7.117813590747692,0.02378623522724954,1314.2249877929687,1250.7689965820311,42.99030986913832,-17.523706252951317,22.777138266237877,1416.0815901684614,1231.5333878588822,0.14958314270279977,1296.3190276262821,1340.91386066617,-0.040345725210338856,0.02891388410282181,-0.01440124740471767,39480534,18.735610037313606,11.546241692823076,1390.0458028157552,1263.0658467610679,1326.5558247884114,-596241.0598000227,4.125635210866261
2024-08-08,1232.75,1259.25,1222.949951171875,1244.75,1235.0941162109375,359283,7.126689985522292,0.008876394774600449,1306.6699829101562,1251.56099609375,44.522997501917736,-17.546787567696974,22.148979788695218,1416.5907865271624,1220.9491915001813,0.15717340431972776,1291.4076916618744,1337.165748918116,0.02407138410458609,0.027904497592537193,-0.038422266620373596,39839817,26.971462588127462,17.19729608952412,1382.2499735514323,1261.050010172526,1321.649991861979,53523.80588569469,2.9162521653444466
2024-08-09,1253.550048828125,1260.8499755859375,1236.0,1240.949951171875,1231.323486328125,89980,7.123632454956926,-0.0030575305653659512,1294.6499755859375,1252.113994140625,44.082089159143976,-17.04784188008411,21.529026105629168,1408.264082061975,1214.0258959653688,0.15652378721090227,1286.6021925675889,1325.8472292965473,0.008915906788247163,0.026345276915587055,-0.13330818321878418,39749837,25.133025371969058,23.613365999136715,1373.766640218099,1255.4766743977866,1314.6216573079428,-2969.3654629313314,2.002496197567899
2024-08-12,1222.0999755859375,1244.25,1212.0,1238.0999755859375,1228.49560546875,96653,7.121333205707671,-0.002299249249254842,1282.8749755859376,1252.973994140625,43.73230276438526,-16.1483684033091,21.37248655213839,1404.7778337333166,1205.5521467354333,0.16091243916194944,1281.9829338074317,1322.2024445913648,-0.00305286107903191,0.025916403568180035,-0.09794259264202593,39653184,23.75422698823471,25.286238316110413,1365.6599772135417,1249.8400065104167,1307.7499918619792,-41896.41186931502,2.604797725219041
2024-08-13,1238.050048828125,1269.9000244140625,1230.050048828125,1252.699951171875,1242.982421875,348846,7.133056461871838,0.01172325616416714,1275.5499755859375,1254.1259936523438,46.09217363065899,-13.894583238170465,20.60999188395038,1402.670519673342,1199.8644534711893,0.16189516572777998,1279.1940783183309,1317.955276576249,-0.002296608000384004,0.025878908939348036,-0.057381515874422306,40002030,30.81759372013942,26.568282026781066,1360.522479248047,1245.6625061035156,1303.0924926757812,691680.6588622946,3.1811269369539508
2024-08-14,1249.0,1249.449951171875,1206.0,1230.449951171875,1220.905029296875,136957,7.115135195433724,-0.017921266438114536,1261.4999755859376,1254.2769921875,43.12386315269765,-13.230099674550498,20.33650985682682,1401.5846137509736,1191.2753593935574,0.17092060847913287,1274.551780494859,1316.0442226643015,0.011792242851008883,0.026097239139930586,-0.0819099912224791,39865073,20.05319833743384,24.875006348602664,1355.753310139974,1241.1833394368489,1298.4683247884113,157541.5290248241,3.5312245841851158
2024-08-16,1222.0,1239.0,1210.75,1221.1500244140625,1211.67724609375,162011,7.107548336680777,-0.007586858752946846,1247.2949829101562,1257.2889916992187,41.90901013885739,-12.73999539736942,20.082562260212086,1401.2765659640845,1182.0284145046653,0.17954235521931042,1269.4658989633547,1313.049369467733,-0.017761635561002076,0.02609417976584489,-0.05230165464816498,39703062,15.553958398049708,22.14158348520766,1349.2024780273437,1237.4075073242188,1293.3049926757812,-80205.89425871661,2.313393066798245
2024-08-19,1226.1500244140625,1265.6500244140625,1208.0,1231.9000244140625,1222.34375,240103,7.116312991786146,0.008764655105369279,1235.389990234375,1259.8359912109374,43.87716512845563,-11.076304242763143,19.17524730201817,1396.9939419041868,1175.8710361231567,0.17949744410972343,1265.8881966253268,1295.2392769234223,-0.007558151186039974,0.025904206391036876,0.08551353243133916,39943165,22.49608568352351,19.367747473002357,1339.8691467285157,1234.6341735839844,1287.25166015625,299981.6977782429,4.679764856850539
2024-08-20,1233.0,1234.0,1200.0,1217.5999755859375,1208.1546630859375,455131,7.10463696705645,-0.011676024729696088,1231.6099853515625,1260.5219897460938,41.8461205303393,-10.337635465840663,18.500543857082306,1395.0895306184677,1167.93544496747,0.1865588782897979,1261.2893184310992,1286.8864556760236,0.008803177156842867,0.02583310323880849,0.12319633249581056,39488034,14.997369118443439,17.682471066672225,1333.1558146158854,1230.180839029948,1281.6683268229167,-672643.6195034145,2.7923785053985735
2024-08-21,1219.6500244140625,1260.949951171875,1214.949951171875,1239.5999755859375,1229.9840087890625,217622,7.1225440062184795,0.017907039162029292,1235.0949829101562,1260.02298828125,45.98838573445498,-7.877329157474286,17.213580454437253,1394.4811072347356,1164.4038659097955,0.185606038928959,1259.2236667315601,1284.6042397923884,-0.011608124478223458,0.02566662370217155,0.14826615284391195,39705656,27.307049245772994,21.600168015913322,1327.920810953776,1230.0108378092448,1278.9658243815106,107403.18328278756,3.7108745487233974
2024-08-22,1239.5999755859375,1259.9000244140625,1224.0,1251.949951171875,1242.2381591796875,279271,7.132457575758682,0.009913569540202616,1236.9149780273438,1259.4999877929688,48.218179147400285,-5.064795107527534,16.01854300912399,1388.8215431138767,1162.318422706436,0.1809202677754209,1258.530931916352,1281.3899241411384,0.01806833150552012,0.024144413901741067,0.1489343159028614,39984927,36.81283694261696,26.372418435611138,1323.509981282552,1227.2300008138022,1275.369991048177,584772.7330795825,2.8675287203341195
2024-08-23,1260.9000244140625,1317.3499755859375,1259.0,1298.25,1288.1790771484375,770184,7.168772482724428,0.03631490696574602,1242.2649780273437,1260.7659887695313,55.616001947350824,-0.0007711620261172669,16.077308127020892,1386.3771526051548,1162.557808332345,0.17240080436958194,1262.313700305271,1281.8142986607347,0.009962871756350244,0.025689273673846366,0.18646340652277552,40755111,70.03205128205128,44.71731249014709,1323.1358154296875,1224.1908325195313,1273.6633239746093,5595456.172159731,4.494509962329097
2024-08-26,1302.0,1327.0,1275.550048828125,1307.0999755859375,1296.96044921875,163398,7.175566203113469,0.006793720389040914,1248.87998046875,1261.7749877929687,56.88397671516167,3.8190041017930607,16.31152632135479,1377.617535400526,1165.9124206541612,0.1619655104434251,1266.5790598558106,1279.512957103056,0.036982348044173996,0.024680796593066833,0.16789567208936346,40918509,85.5796924535779,64.14152689274873,1320.8799845377603,1221.7299967447916,1271.3049906412762,5002686.477678487,3.936190967244979
2024-08-28,1330.050048828125,1354.0,1320.0,1337.5999755859375,1327.2237548828125,129786,7.198632224078297,0.023066020964828127,1258.82998046875,1263.990986328125,61.01729296262333,8.031619162674875,17.010112847002937,1374.071784822464,1167.6331712322235,0.1543350907283097,1273.342956592013,1278.3010391078783,0.006816850056566626,0.025298338501771142,0.18143270785107737,41048295,90.06059126420455,81.89077833327792,1318.4074869791666,1221.5924967447918,1269.9999918619792,4853513.123724418,2.5418660751026296
2024-08-29,1335.050048828125,1339.9000244140625,1315.0,1329.5999755859375,1319.285888671875,108280,7.192633405739223,-0.005998818339073786,1266.5199829101562,1266.1789868164062,59.408560600201085,9.79434061359539,17.51124090882759,1374.65543790839,1167.414520587704,0.15586711877710263,1278.700767924768,1275.2663115545708,0.023334098821574667,0.024824092839508472,0.18805269408791933,40940015,84.15582830255681,86.59870400677977,1316.6216573079428,1223.826662190755,1270.224159749349,4036405.53462093,1.8727455528937853
2024-08-30,1324.949951171875,1370.949951171875,1307.0,1347.550048828125,1337.0966796875,325720,7.2060434440808825,0.013410038341659103,1278.2299926757812,1269.8299877929687,61.83966685729883,11.562861207665703,18.512453686882232,1369.394048983011,1170.3359192787075,0.1477185429048897,1285.2578422965162,1269.588301053623,-0.005980861353182654,0.023770699618521747,0.12663571724149497,41265735,86.31184028814172,86.84275328496769,1315.9149922688803,1223.1949971516929,1269.5549947102863,4295018.723452985,4.745645716646148
2024-09-02,1360.0,1416.75,1357.550048828125,1385.0999755859375,1374.3553466796875,620085,7.233527600554844,0.027484156473961185,1294.6249877929688,1274.5569873046875,66.37638175770792,14.466770583348612,20.105316134244,1374.9541009363943,1166.9658697667305,0.1501611687500599,1294.7666168955086,1277.6434330507516,0.013500356176132655,0.02456304306655208,0.09475545655448894,41885820,85.39791261173588,85.28852706747814,1318.5949869791666,1223.1750040690106,1270.8849955240887,7007751.239190868,4.274056184776966
2024-09-03,1392.1500244140625,1399.5,1375.699951171875,1395.0999755859375,1384.2777099609375,260823,7.240721358774197,0.007193758219353086,1310.9449829101563,1279.3469873046874,67.48501643368756,16.138947262736536,21.584402692508498,1385.4071958484615,1160.92777729607,0.1609056142790848,1304.3221748660258,1280.3819642708727,0.027865329967126096,0.024480323674225153,0.10541984790154836,42146643,90.0115227616782,87.2404252205186,1320.2758239746095,1225.9708312988282,1273.1233276367188,6379248.205020744,1.7059744279709455
2024-09-04,1395.0,1425.1500244140625,1373.0,1400.050048828125,1389.189453125,590672,7.24426326412731,0.0035419053531136058,1329.189990234375,1284.2109887695312,68.04665465300056,16.592381032521164,23.300035449869807,1405.080445048261,1155.7195305376763,0.17810857170377997,1313.4391152433686,1292.3395306762734,0.007219695456113007,0.017529648860943884,0.1369593961686454,42737315,88.85188857906702,88.08710798416037,1323.4699910481772,1234.8300008138021,1279.1499959309895,5885622.698890549,3.724868582927682
2024-09-05,1414.0,1414.949951171875,1381.0,1398.699951171875,1387.849853515625,225775,7.2432984778756095,-0.0009647862517008221,1345.0999877929687,1288.71798828125,67.70315975190414,15.818281029007245,24.893123010276735,1419.8027000588668,1160.3922706442581,0.18546538819656525,1321.5591948556073,1299.7543531653264,0.00354818531203005,0.013939585753498223,0.17419882425484884,42511540,88.25224500373828,89.03855211482784,1329.3591552734374,1246.2441650390624,1287.80166015625,5001273.985000493,2.427250472371194
2024-09-06,1408.0,1449.0,1390.0999755859375,1397.9000244140625,1387.0560302734375,484844,7.242726406941896,-0.0005720709337131424,1359.6949951171875,1292.9899877929688,67.48579176287647,14.314423798258922,26.80295745726557,1433.3725995729105,1163.2373735716205,0.19324359488048415,1328.8297500516505,1312.294189653227,-0.0009643209950815912,0.013487217502428364,0.07528571486521526,42026696,79.47792145143072,85.52735167807869,1339.3316548665366,1255.4166646321614,1297.374159749349,4231400.603005445,4.213464724614393
2024-09-09,1398.9000244140625,1404.449951171875,1362.449951171875,1367.0999755859375,1356.4949951171875,104839,7.220446969079661,-0.022279437862235518,1366.5799926757813,1296.5439868164062,59.557027147538534,10.48484038415058,27.619573743908518,1440.3139409393232,1168.5310297638018,0.1988025133707105,1332.4745334358684,1317.8062147202415,-0.0005719073323354751,0.014880869838299931,0.05210177344604037,41921857,67.10842393009538,78.27953012842147,1346.4008178710938,1261.9158325195312,1304.1583251953125,3165622.4712772677,3.0721966754478838
2024-09-10,1372.1500244140625,1404.550048828125,1372.1500244140625,1386.0999755859375,1375.3475341796875,161652,7.234249309605814,0.013802340526153145,1374.4799926757812,1300.6119873046875,62.48511233181839,8.552515647885919,28.379379220404665,1448.7357867743924,1174.6241863701387,0.19775745273235448,1337.5817184025416,1320.823464707674,-0.022033084119184476,0.0148925870350196,0.05685246383446716,42083509,73.12539573095614,73.2372470374941,1353.8616556803386,1268.6216654459636,1311.241660563151,3152160.403951944,2.3374954898448963
2024-09-11,1386.199951171875,1392.949951171875,1342.5999755859375,1355.75,1345.2330322265625,100647,7.21211008572117,-0.022139223884644288,1376.2949951171875,1304.21298828125,55.564741571193416,4.741758486064285,28.110612393544848,1451.5457206990063,1183.5792548869313,0.19765182800079295,1339.312030935633,1323.0251116661152,0.013898032579407138,0.016043445731938277,0.03849031349183402,41982862,58.55555555555556,66.26312507220236,1361.3824869791665,1274.3324991861978,1317.8574930826824,2265475.4901305446,3.713809742647059
2024-09-12,1355.0,1380.3499755859375,1340.0,1373.6500244140625,1362.994140625,480705,7.225226727392801,0.013116641671631513,1380.7,1308.2969897460937,58.48510381181514,3.0217973110405723,27.77860337855313,1456.2484101701723,1190.9715727399841,0.19311821258354606,1342.5823160288166,1330.5325693589978,-0.02189594987411192,0.0160794660636981,0.08306678748725611,42463567,60.34211811266447,64.0076897997254,1367.0966532389323,1279.9966654459636,1323.546659342448,3171069.1681064544,2.9374276466925404
2024-09-13,1386.550048828125,1397.0,1377.0,1380.800048828125,1370.0887451171875,89543,7.230418355691362,0.00519162829856068,1384.025,1311.669990234375,59.62651937748724,2.009542588630108,27.798537356461537,1458.7412907017488,1203.5137019740323,0.18484036768707118,1346.222100104941,1333.6855990469664,0.013203042164161793,0.015182901600269865,0.07155192602657519,42553110,60.68032841110787,59.85933402644264,1373.7391581217448,1288.9841654459638,1331.3616617838543,2809521.377821018,1.4484356382355184
2024-09-16,1391.0,1404.9000244140625,1365.550048828125,1394.3499755859375,1383.5335693359375,72589,7.240183618337048,0.009765262645686335,1384.95,1314.649990234375,61.77158336342412,1.8977752875765006,27.427655325487013,1459.6445161829752,1219.9304716099937,0.17191813301552805,1350.8057072936074,1337.3906124710456,0.00520512815272034,0.0148666848263554,0.08562763434943665,42625699,61.514067314040496,60.84550461260429,1382.5258239746095,1296.6608337402345,1339.593328857422,2548671.9857641375,2.8221017875660483
2024-09-17,1396.0999755859375,1408.0,1371.3499755859375,1398.949951171875,1388.097900390625,112454,7.243477199309235,0.0032935809721870157,1385.3349975585938,1318.0639892578124,62.49999791622435,1.780784694665126,27.15103990349575,1459.7587479187127,1236.5212325500374,0.15957505497725152,1355.390873377252,1342.7377482974643,0.009813098405748288,0.014877780266497215,0.10454848311216622,42738153,64.75348674075704,62.315960821968474,1389.3549886067708,1305.589998372396,1347.4724934895833,2258473.938446549,2.619823845975436
2024-09-18,1408.5999755859375,1408.5999755859375,1371.0,1378.300048828125,1367.608154296875,49533,7.228606170126733,-0.014871029182502049,1383.1599975585937,1321.069990234375,57.22830231956847,0.051206094118853684,26.90810031493647,1450.9077161923592,1261.4422716006097,0.1374631342085775,1357.5726996106685,1353.8209019904457,0.0032990107695196613,0.015094685406743413,0.10380855680609637,42688620,50.21130199163732,58.82628534881163,1397.973321533203,1313.8483337402345,1355.9108276367188,1789713.145412332,2.727996390764566
2024-09-19,1384.0,1395.699951171875,1330.5999755859375,1374.300048828125,1363.63916015625,191325,7.225699825090257,-0.0029063450364761323,1380.7200073242188,1323.1029907226562,56.238763675200396,-1.5360028990341235,25.30360297147613,1441.272004428677,1284.5479906885103,0.11403915314840193,1359.1657804885215,1359.0053637529365,-0.014761001511492178,0.014963827330566195,0.11370244326450621,42497295,36.908838033142494,50.62454225517896,1405.3466552734376,1319.311669921875,1362.3291625976562,1424711.2674962846,4.736955051515038
2024-09-20,1386.0,1386.5,1328.4000244140625,1335.050048828125,1324.693603515625,260926,7.1967240598905216,-0.028975765199735548,1374.435009765625,1323.7319921875,47.55035884312545,-5.196845050535494,23.74608238077858,1428.419357040135,1305.7106478426774,0.09191319029962093,1356.8690441399124,1364.549558929023,-0.002902125704342007,0.01670673668127259,0.0468272126744087,42236369,5.514117545839638,30.87808585687316,1411.6916544596356,1323.4366739908853,1367.5641642252604,-241868.2707174702,4.351894944832687
2024-09-23,1342.0,1355.550048828125,1322.0,1326.449951171875,1316.1602783203125,96083,7.190261442878722,-0.006462617011799843,1370.3700073242187,1323.3509912109375,45.87789710196227,-7.997643073001516,22.095650511885246,1424.5037428155297,1312.4462571844701,0.08447924140074824,1353.971987666766,1376.0762105661497,-0.028559993164133823,0.014821244543795171,-0.019051342122625152,42140286,3.503898560531496,15.308951379837886,1412.6083251953125,1326.8333374023437,1369.7208312988282,-325361.82963004144,2.529311324447985
2024-09-24,1329.050048828125,1341.0,1293.4000244140625,1306.300048828125,1296.1666259765625,245413,7.1749540298714685,-0.015307413007253245,1362.3900146484375,1321.6079931640625,42.138230121049126,-10.831412943160903,21.31498704344128,1424.639806027568,1312.2302012966509,0.08605190272461465,1349.4318030154668,1375.347057467259,-0.006441779215542454,0.015192990386754618,-0.050426619945702404,41894873,8.290505422950948,5.769507176440704,1412.9333272298177,1327.5433369954428,1370.2383321126301,-985316.9945238525,3.6438776549567757
2024-09-25,1311.0,1337.0,1287.25,1331.1500244140625,1320.8238525390625,254218,7.1937985276059715,0.01884449773450303,1359.9300170898437,1321.0769946289063,47.79042689770243,-10.640823966887641,20.75790800189089,1425.0900274119479,1311.1349847950835,0.08560646097499372,1347.6906812439045,1373.3808014054719,-0.01519085007764387,0.014872912372279477,-0.009872156102671018,42149091,27.14066424362442,12.9783560757023,1412.784161376953,1325.8191711425782,1369.3016662597656,57915.58948039194,3.737369874736595
2024-09-26,1322.0,1348.4000244140625,1315.0,1321.050048828125,1310.80224609375,154543,7.18618219088118,-0.0076163367247916725,1354.67001953125,1320.8849951171876,45.830849128113854,-10.77078809039995,19.833990987758778,1425.9262228158639,1309.443796715386,0.08817412043079433,1345.1534781566872,1372.951848804795,0.01902317588384861,0.01491043052011033,-0.03379432981033405,41994548,27.853362693252887,21.09484411994276,1413.2083292643229,1325.393339029948,1369.3008341471354,-173340.99858502674,2.5282936436580083
2024-09-27,1333.1500244140625,1438.050048828125,1310.4000244140625,1407.550048828125,1396.6312255859375,398516,7.249605918051722,0.06342372717054179,1357.34501953125,1322.4919970703124,60.69524230124002,-4.9055221810998795,20.154394984026663,1430.6249783597389,1310.745041171511,0.08516921816601512,1351.0960086968244,1375.9931396472957,-0.0075874059277302175,0.020795589027489545,-0.008934353872012683,42393064,79.77454235789904,44.92285643159212,1418.5683349609376,1324.3833374023438,1371.4758361816407,4775941.144069977,9.068951013169249
2024-09-30,1407.0,1407.449951171875,1355.9000244140625,1367.25,1356.643798828125,392677,7.220556702226882,-0.029049215824839436,1354.6350219726562,1323.502998046875,53.35003565410337,-3.670931375838448,20.451912980561126,1429.3778718501928,1310.2071501224634,0.08716088625176772,1352.6344840590316,1374.6920056736972,0.06547821566391998,0.020988133237379202,-0.04676349477143113,42000387,53.050380700592704,53.55942858391489,1417.7058329264323,1324.2858378092446,1370.9958353678385,1832963.5129626035,3.7703365703282135
2024-10-01,1393.0,1426.949951171875,1342.0,1349.199951171875,1338.7337646484375,788761,7.207267066997066,-0.013289635229815744,1349.6600219726563,1323.76099609375,50.407626200295574,-3.9751674896783697,21.10626504198986,1426.5404116075495,1308.4546079237005,0.08752283424060547,1352.3073856888263,1373.630903809772,-0.028631343419495026,0.021092235101429546,-0.19798049722578512,41211626,41.08085617563872,57.968593078043504,1419.894160970052,1320.3591756184894,1370.126668294271,-462770.49799215444,6.29632035622963
2024-10-03,1336.0,1342.300048828125,1310.0999755859375,1313.800048828125,1303.6085205078125,195787,7.180679017623941,-0.026588049373125422,1343.2100219726562,1323.7169970703126,45.14842957459252,-6.326128852709008,20.698256878184548,1424.6376218765745,1301.7323976546754,0.0935494136505226,1348.6400202735215,1368.4225956559878,-0.013201717921466405,0.021760706453348294,-0.24962980826374886,41015839,17.606127474391954,37.24578811687447,1415.0299967447916,1317.4900065104166,1366.2600016276042,-1386780.5240183868,2.4509112532694086
2024-10-04,1314.9000244140625,1360.0,1269.550048828125,1347.9000244140625,1337.4439697265625,195436,7.20630312285689,0.025624105232949113,1340.57001953125,1325.0549975585936,50.50538240875463,-5.386958298460414,19.24320583728354,1420.1855975069523,1301.1044293485163,0.08834569775321506,1348.5695444773824,1365.3062506302836,-0.026237699099383116,0.022702347045692187,-0.22355980300424672,41211275,46.49850183141692,35.061828493815874,1414.234999593099,1311.045009358724,1362.6400044759114,-236617.18792814878,6.710434715749335
2024-10-07,1357.75,1359.699951171875,1279.25,1305.699951171875,1295.5712890625,238849,7.174494537017864,-0.031808585839026016,1337.635009765625,1324.58099609375,44.688759897446104,-7.291842569020912,17.892087013589748,1417.5677443219367,1294.5022752093134,0.09425248810201085,1344.486726067334,1357.705792469873,0.02595522478200074,0.023649166342012737,-0.17565023251542297,40972426,21.453947978486646,28.519525761431847,1410.4399943033854,1305.0950113932292,1357.7675028483075,-1642735.488770305,6.161442458481414
2024-10-08,1286.0999755859375,1337.949951171875,1278.5,1323.550048828125,1313.2828369140625,234388,7.188072836462651,0.013578299444787056,1337.34501953125,1324.64599609375,47.445858131987016,-7.030586921346376,16.61746194636483,1416.73739339321,1290.9776334622588,0.09501700373348113,1342.4927568064572,1355.0482039000913,-0.031308014302123044,0.0234953174361426,-0.127873550587102,41206814,32.047477744807125,33.33330918490357,1408.079160563151,1300.9891825358072,1354.5341715494792,-810366.3204526722,4.4917040518801805
2024-10-09,1340.0,1364.300048828125,1320.0,1323.75,1313.4813232421875,178568,7.188223896915616,0.00015106045296509052,1339.0900146484375,1323.8979956054689,47.477441087029185,-6.535699175718554,16.116224893733637,1413.0969012743149,1288.38312802256,0.09421248215430021,1340.7077323486994,1353.2176062247956,0.013670903211897567,0.023225025234007816,-0.15402491028807758,41385382,32.1661431287092,28.555856284001,1406.0949951171874,1297.8150146484375,1351.9550048828125,-689499.0059795226,3.3465570408404157
2024-10-10,1330.0,1345.0,1313.0999755859375,1323.050048828125,1312.7867431640625,671292,7.187694993201487,-0.0005289037141293917,1338.2800170898438,1323.2419970703124,47.370121550936254,-5.962851675473262,15.44533265974965,1412.5559059125194,1285.6541282671683,0.09591608250780291,1339.026048203883,1349.703986373762,0.00015107186316987153,0.02275046059923061,-0.17600933694161758,40714090,31.75074183976261,31.988120904426324,1403.3366658528646,1296.901680501302,1350.1191731770832,-658123.665421064,2.411097330922405
2024-10-11,1312.199951171875,1330.0999755859375,1308.5,1320.050048828125,1309.81005859375,73956,7.185424930640514,-0.002270062560972619,1338.1800170898437,1323.1239990234376,46.880989138341526,-5.50436332166188,14.681382021118003,1410.030304865896,1282.8197317551978,0.09636799242849112,1337.2188101680965,1347.7789653068335,-0.0005287638692161867,0.022504610403680278,-0.255178575321557,40640134,29.97032640949555,31.29573712598913,1400.1433329264323,1295.5833475748698,1347.8633402506512,-595801.4275037692,1.636299745234121
2024-10-14,1320.050048828125,1328.0,1295.050048828125,1300.0,1289.91552734375,80601,7.170119543449628,-0.015305387190886144,1327.4250122070312,1321.705,43.63785993697036,-6.217136509212806,13.705158534876416,1406.9998277878624,1277.770203950419,0.0994074029518795,1333.6741615806588,1346.4366043049672,-0.0022674879175260676,0.022634486962432383,-0.2558232436438358,40559533,18.071187639094955,26.597418629451045,1396.928330485026,1291.073350016276,1344.0008402506512,-741551.792945474,2.534611628605769
2024-10-15,1313.699951171875,1327.0,1296.5999755859375,1300.949951171875,1290.8580322265625,149822,7.170850008265905,0.0007304648162769212,1320.7950073242187,1320.46,43.836101749536226,-6.272327939616968,12.798665297652088,1400.094015789093,1275.3360135077821,0.09589761863546774,1330.5575701131556,1344.670066454492,-0.015188855033128834,0.022459157610602486,-0.2801733504555968,40709355,18.6349568805638,22.22549030971811,1392.4766642252605,1287.5166788736979,1339.996671549479,-615283.8818857411,2.3367558749418946
2024-10-16,1302.0,1306.449951171875,1282.6500244140625,1288.9000244140625,1278.901611328125,144297,7.161544439352515,-0.009305568913389628,1314.7650146484375,1319.2190014648438,41.826424422901376,-6.7277925733872594,12.395877442237943,1391.3451411478807,1273.079895473213,0.09175672545155818,1326.5901848084802,1342.084959311359,0.0007307316706730571,0.022442747247109682,-0.30349793243717244,40565058,11.48366503616469,16.063269851941158,1386.829160563151,1283.1541849772134,1334.9916727701823,-775781.653240931,1.846530088214717
2024-10-17,1288.0,1303.0,1266.6500244140625,1299.25,1289.1712646484375,1238095,7.1695424538885515,0.007998014536036102,1313.310009765625,1320.0960009765624,44.193012058000036,-5.965421050236044,12.494171629886962,1385.0638133677053,1271.4562183705762,0.08744090436569492,1323.986357683863,1331.231380664398,-0.009262406095605802,0.02243835175640791,-0.0813493796925542,41803153,19.01981968636338,16.379480534363964,1381.9499938964843,1278.4000183105468,1330.1750061035157,1165651.871946529,2.7977660639551662
2024-10-18,1297.050048828125,1337.9000244140625,1279.0,1294.6500244140625,1284.6070556640625,315378,7.1659956861914305,-0.003546767697121034,1307.985009765625,1321.8940014648438,43.3489463363936,-5.4201727490593825,11.782767427629818,1378.731343940008,1269.8236853568671,0.08412131196029647,1321.1924211819771,1328.7814179566055,0.008030084094879708,0.022439088278838958,-0.11356925894684941,41487775,17.467256889208386,15.990247203912162,1378.4891642252605,1275.5591837565103,1327.0241739908854,791882.8759053397,4.549493940705689
2024-10-21,1300.0,1303.5,1270.0999755859375,1277.1500244140625,1267.2427978515625,76839,7.152386331053819,-0.013609355137611523,1305.1300170898437,1322.762001953125,40.20302003423432,-5.850491645181243,11.037469146216669,1379.2848964950285,1263.4801303604404,0.09067436395165684,1316.9979072040805,1327.310839851725,-0.0035404853461131758,0.021770409014288603,-0.0913780474617308,41410936,6.550221333453145,14.34576596967498,1373.9341654459636,1273.4741800944012,1323.7041727701821,486659.25077600556,2.6151997631903843
2024-10-22,1273.3499755859375,1282.9000244140625,1231.1500244140625,1250.3499755859375,1240.650634765625,92521,7.13117877157788,-0.021207559475938886,1297.810009765625,1322.8740014648438,35.90554164666503,-7.449892068798448,11.41263988547881,1383.1424626269186,1252.0125666699564,0.104874553938798,1310.6504851452098,1326.0991410491283,-0.013517166546936243,0.02216607053134352,-0.08379606093844412,41318415,14.419787946991331,12.812422056550963,1370.850830078125,1268.570849609375,1319.71083984375,62912.59814701154,4.138841205299258
2024-10-23,1235.0,1247.300048828125,1210.1500244140625,1230.050048828125,1220.5081787109375,79873,7.11481013764281,-0.01636863393506971,1288.4400146484375,1322.6560034179688,33.02580968924629,-9.266404515847057,12.244323781795597,1389.5766033795835,1237.9534259172915,0.12326586028490807,1302.9742531150114,1325.3154105626315,-0.020984260514280928,0.022198207022711434,-0.06629297139559678,41238542,12.909517523402416,11.293175601282305,1366.1083333333333,1264.8733479817706,1315.490840657552,-177705.7801492412,3.0202042957077655
2024-10-24,1234.4000244140625,1241.949951171875,1210.0999755859375,1216.0999755859375,1206.666259765625,63402,7.103404275911251,-0.011405861731559774,1277.7450073242187,1322.2160034179688,31.175394272058185,-10.69742116166044,13.017741650289574,1394.396979020762,1221.6280453933005,0.14206803477996832,1294.7005123979568,1324.4888620702138,-0.016235395812520093,0.021660918088979016,-0.10907808532228648,41175140,3.891048735480408,10.406784735291394,1360.425830078125,1260.9808471679687,1310.7033386230466,-278671.0320852313,2.6190260854656824
2024-10-25,1216.0999755859375,1222.449951171875,1171.050048828125,1183.6500244140625,1174.4681396484375,114915,7.0763581842612355,-0.027046091650015036,1264.1050048828124,1320.8350048828124,27.33824543111183,-12.968037654029612,14.55144414552178,1402.7923936295688,1199.4926283430873,0.1717566519606335,1284.1242754471098,1321.737851030902,-0.011341061492154525,0.022227353891266597,-0.10284857381837202,41060225,6.5200391130336355,7.773535123972162,1354.537489827474,1253.292519124349,1303.9150044759115,-771573.1902039147,4.342491554392886
2024-10-28,1166.0,1199.0,1156.5,1178.1500244140625,1169.0107421875,90473,7.071700711292754,-0.00465747296848118,1251.9200073242187,1319.7890063476561,26.737553656313366,-13.89642989115459,16.2386062681457,1392.470235704032,1186.874783827218,0.17450702170045293,1274.0314896344387,1314.6552664176825,-0.026683621267437396,0.01476067941338386,-0.14680338545218483,40969752,10.418681100488868,6.943256316334312,1339.9074869791666,1247.1775187174478,1293.5425028483073,-732434.3773176412,3.6073504323981846
2024-10-29,1204.9000244140625,1264.8499755859375,1191.199951171875,1241.5999755859375,1231.968505859375,1134608,7.1241561297655664,0.0524554184728121,1245.985009765625,1320.1980053710938,42.448177038330286,-9.502976534320766,15.68296346897539,1381.716167231376,1185.0638498584676,0.1583862123387236,1270.942774010772,1295.5599487621776,-0.004646643760027547,0.01963343810446457,-0.025505247999367358,42104360,45.14587564240716,20.6948652853099,1333.7966573079427,1238.856679280599,1286.3266682942708,9656602.276473273,5.931864196381405
2024-10-31,1261.0,1283.0,1250.0,1274.1500244140625,1264.26611328125,173632,7.150034587765881,0.02587845800031463,1244.510009765625,1321.0430053710938,48.54425995715192,-3.954505919273945,14.70218538629553,1373.246242134348,1186.0287822797145,0.14693517738676679,1271.248226430133,1283.749679330839,0.05385557854011935,0.020678102594891067,0.10437134278962698,42277992,64.85667507161705,40.140410604837705,1326.0158284505208,1236.2708455403647,1281.1433369954427,9084477.676709235,2.5899618857815083
2024-11-01,1310.0,1320.0,1272.449951171875,1293.6500244140625,1283.61474609375,62221,7.165222978212532,0.015188390446651212,1243.9500122070312,1322.5640063476562,51.835691032607656,1.2032366287512772,14.360186257804939,1371.1739918914059,1186.0860300812506,0.1430742150636822,1273.381731000031,1282.4964079916329,0.02621621252268791,0.02026707764597006,0.13357978426446748,42340213,75.60639799088712,61.86964956830379,1325.4483256022136,1234.1683451334634,1279.8083353678385,7960025.080036487,3.675650131855562
2024-11-04,1289.050048828125,1289.050048828125,1259.699951171875,1264.0999755859375,1254.2939453125,80980,7.142115666188117,-0.023107312024415627,1240.8950073242188,1323.0540063476562,46.93603481833673,2.7126990608751136,13.71754898101605,1361.4843728289752,1187.3956442608687,0.13771753178573762,1272.4977542939268,1280.7207920232454,0.015304320234163393,0.019837256439097055,0.09872278778089395,42259233,59.31640634200275,66.59315980150232,1319.6499979654948,1234.4800028483073,1277.065000406901,6481026.789445338,2.3218177535875357
2024-11-06,1228.75,1281.8499755859375,1222.0,1276.3499755859375,1266.448974609375,188540,7.151759701835645,0.009644035647528248,1240.8150024414062,1323.5420068359374,49.084599581422765,4.517760354115289,13.23130421161399,1358.8410135091833,1187.1040060220669,0.13455322660093808,1272.8646325122136,1278.4223764524768,-0.022842382615428924,0.01885411114713531,0.1446094512018392,42447773,66.0694374066724,66.99741391318743,1315.8791666666666,1232.769169108073,1274.3241678873699,5885110.819524576,4.689150838778526
2024-11-07,1282.0,1298.0,1260.449951171875,1270.5999755859375,1260.7435302734375,181461,7.147244489617839,-0.0045152122178055976,1242.8400024414063,1322.9890063476562,48.100109702223044,5.2544581526738945,12.390342856094877,1352.9982854914588,1187.6517267155723,0.13013266327164605,1272.6489509001874,1276.7737561771883,0.009690689214926884,0.018546832505950975,0.1067495586612959,42266312,62.89964731509277,62.761830354589314,1312.9350036621095,1232.0149963378906,1272.475,4895323.4524496365,2.955300609919246
2024-11-08,1256.0,1270.4000244140625,1241.050048828125,1246.9000244140625,1237.2274169921875,148180,7.1284157695823485,-0.018828720035490853,1244.525,1321.7850073242187,44.16789689293919,4.1254075720426755,12.045080089431037,1345.9476688488996,1187.0173457995377,0.12746035763696914,1270.1966721872232,1274.0352265382517,-0.004505033971862082,0.018911561318884006,0.11885363712946037,42118132,49.83462637673962,59.601237032834945,1308.0258341471354,1228.6008341471356,1268.3133341471353,3694297.4214356258,2.3538355129738253
2024-11-11,1225.0,1266.0,1221.9000244140625,1250.0,1240.3033447265625,55447,7.1308988302963465,0.0024830607139980643,1247.9150024414062,1320.0330078125,44.80351733503194,3.5870348278195365,12.132096577729472,1338.167286881734,1187.492722883891,0.12053965119827444,1268.273179597964,1265.863005140609,-0.018652566997686137,0.018942763269384707,0.19386167727276452,42173579,57.186544342507645,56.640272678113355,1304.5816650390625,1223.936669921875,1264.2591674804687,3191095.553561033,3.527998046875
2024-11-12,1262.5,1270.75,1235.050048828125,1241.6500244140625,1232.0181884765625,64067,7.124196438899268,-0.006702391397078955,1253.7150024414063,1318.2740087890625,43.37123934981872,2.70822518442624,12.081655688686661,1329.9672485384367,1187.852758785782,0.11445615669336359,1265.737641009021,1264.7514648390218,0.0024861460624272524,0.018963541502358974,0.1842488455589578,42109512,52.07952563551223,53.033565451586504,1301.7666646321616,1219.7116719563803,1260.7391682942707,2658802.205071706,2.875202389555937
2024-11-13,1257.9000244140625,1270.199951171875,1180.0,1186.699951171875,1177.494384765625,201072,7.078931583524952,-0.04526485537431579,1254.5699951171875,1315.0570068359375,35.360067539115164,-1.3179770174476637,13.100099647007516,1328.2512930573791,1178.2387093840273,0.12641155291631495,1258.210241976912,1261.7429998849632,-0.0066799804687499575,0.020964148407212408,0.15482040144475673,41908440,18.47091814793578,42.57899604198523,1299.8599955240886,1212.0800028483072,1255.9699991861978,700556.0147824446,7.600906284929216
2024-11-14,1208.050048828125,1210.0999755859375,1183.9000244140625,1199.0,1189.698974609375,89785,7.089243155027514,0.010311571502562344,1250.3099975585938,1311.3350073242189,38.11555814641828,-2.8110941092419957,14.045797608305453,1323.3496144780106,1172.945392846208,0.12544138584804215,1252.571171312444,1258.977232819625,-0.04425568570992344,0.02119623603362213,0.1830959120674305,41998225,25.99388379204893,32.18144252516566,1294.1241597493488,1206.7641743977865,1250.4441670735678,758242.2818182673,2.1851502228419517
2024-11-18,1199.8499755859375,1217.800048828125,1186.5,1196.8499755859375,1187.565673828125,89433,7.087448364023801,-0.0017947910037134918,1242.5799926757813,1307.3700073242187,37.812133771447314,-3.554013727051597,14.68400636655213,1319.4710115471512,1167.6189908942551,0.12687640368506037,1247.2643907670624,1256.7526820079668,0.010364918963701397,0.021161811880603596,0.19372557176158892,41908792,24.67888415042049,23.04789536346841,1289.884999593099,1201.7750020345052,1245.830000813802,622452.9367838218,2.615202361749771
2024-11-19,1190.0,1215.0,1188.1500244140625,1194.8499755859375,1185.5811767578125,78994,7.085775913041643,-0.001672450982157514,1232.6999877929688,1303.266005859375,37.51297552183405,-3.7701045041168975,15.276628784924045,1312.5503131999392,1164.099686800061,0.12424206338296169,1242.2725417021934,1243.373746781198,-0.001793181329493354,0.020994463384463764,-0.042142985019948134,41829798,23.45564256020642,24.709470167558624,1284.8949991861978,1197.735001627604,1241.3150004069012,510961.374386133,2.2471419956108423
2024-11-21,1194.8499755859375,1196.949951171875,1137.75,1144.949951171875,1136.0682373046875,127033,7.0431162042660755,-0.04265970877556757,1220.7849853515625,1298.191005859375,30.936459864136992,-6.692936158704068,16.75081316246933,1310.8060783603569,1150.8739143154244,0.13968485162276248,1233.0037235564487,1234.0801348212344,-0.0016710532153546565,0.022629177482265096,-0.028454965524459398,41702765,3.950590492112483,17.361705734246474,1277.7116597493489,1190.521669514974,1234.1166646321615,-467597.36501068616,5.170527420109751
2024-11-22,1145.0,1150.0,1118.0,1122.0999755859375,1113.3955078125,172367,7.022957186913345,-0.020159017352730402,1205.3599853515625,1292.6750048828126,28.47471314338476,-9.417555414240859,18.422641365331952,1313.0326092733158,1133.142378519653,0.16031568903628912,1222.4414618449714,1227.4708352566056,-0.04176258562468671,0.02278878636800802,-0.05310656072669066,41530398,2.0296908841274752,9.811974645482136,1269.9641581217447,1182.914170328776,1226.4391642252606,-963452.2759836295,2.8517958021779886
2024-11-25,1138.5,1142.300048828125,1114.5,1119.6500244140625,1110.964599609375,690804,7.020771437255925,-0.002185749657420466,1190.264990234375,1287.726005859375,28.215464596456272,-10.551763520776618,20.02836930172136,1316.1040530550006,1117.0009396207809,0.17782620380722516,1212.6518011372657,1208.6963326748735,-0.01995718289917403,0.0225333748298733,-0.15065974010566313,40839594,2.5060946053832116,2.828791993874399,1262.30082804362,1177.6458353678386,1219.9733317057292,-1067592.8178911023,2.4829230761347394
2024-11-26,1121.25,1146.449951171875,1118.0,1134.25,1125.4512939453125,169604,7.033726918544073,0.012955481288148718,1178.9999877929688,1282.6890063476562,32.178291331561724,-9.517539569956,21.361622333846544,1317.2946659924357,1106.230321800533,0.18608273677928394,1205.1849629337166,1205.0528002079755,-0.0021833626460919797,0.022733173078753062,-0.14262216618384685,41009198,10.762942779291553,5.099576089600756,1257.0524881998697,1173.2675028483075,1215.1599955240886,-561334.6640098959,2.5082610687128057
2024-11-27,1139.949951171875,1162.75,1124.5999755859375,1152.6500244140625,1143.7086181640625,402107,7.049818939426417,0.016092020882343405,1169.264990234375,1278.6270068359374,36.90562023042194,-6.914197507086328,21.9835575815791,1317.1803939079941,1099.9995987677871,0.18841867916552432,1200.1816354556543,1199.3533159275335,0.013039767130428093,0.02308477064938699,-0.07843417896673799,41411305,20.790204040361036,11.353080475011943,1253.5649922688804,1169.1500020345052,1211.3574971516928,575824.3761437219,3.309766503796819
2024-11-28,1152.6500244140625,1170.050048828125,1137.050048828125,1143.25,1134.3814697265625,260628,7.041630362538164,-0.008188576888252364,1159.4249877929688,1274.0190063476562,35.54263249279687,-5.2222094187189185,22.29052153895287,1318.3958213340386,1094.7441689003365,0.19562794877209894,1194.759574936068,1196.656541542572,0.016222194766640996,0.022422179374664713,-0.09921035820109003,41150677,15.66757493188011,15.740240583844242,1250.5316650390625,1167.9566650390625,1209.2441650390624,143576.67055343575,2.8865077629564837
2024-11-29,1150.0,1150.949951171875,1131.0,1140.050048828125,1131.206298828125,124275,7.038827442905667,-0.002802919632497236,1154.7599975585938,1269.2040063476563,35.06783604522988,-3.7825604957545096,22.708949711512954,1319.6169038105008,1089.7130888652805,0.20166115968464896,1189.5491438781687,1195.4864869269632,-0.008155141816650668,0.022412320271555715,-0.1014066780440465,41026402,16.35203125,17.60327007408039,1247.5433288574218,1167.2233337402345,1207.3833312988281,66255.155919407,1.7499188910506045
2024-12-02,1154.9000244140625,1154.9000244140625,1120.050048828125,1132.800048828125,1124.0125732421875,665164,7.032447766043378,-0.006379676862288797,1148.1400024414063,1263.9730078125,33.96091513165159,-2.8263850825471195,23.338973778123766,1316.9349927307444,1081.5150072692554,0.2078213058915645,1184.144468159117,1175.198266922426,-0.0027989951208178265,0.018257786625100674,-0.2614546099848282,40361238,11.71203125,14.57721247729338,1240.7716634114583,1164.3316731770833,1202.551668294271,-632129.7234976512,3.0764454523099283
2024-12-03,1142.0,1158.050048828125,1132.9000244140625,1149.6500244140625,1140.7318115234375,784281,7.047212848444093,0.014765082400714391,1143.4200073242187,1258.9870092773438,38.79630215482885,-0.6789197507026543,23.789014133398776,1307.3215800837772,1078.6784199162228,0.19888066395169793,1180.8592830405403,1166.8911280703032,-0.006359369930690639,0.01741291761785902,-0.18822149898630058,41145519,22.496015625,16.853359375000007,1234.269999186198,1158.6150065104166,1196.4425028483072,1346048.1945041057,2.1876243969881712
2024-12-04,1150.050048828125,1179.9000244140625,1141.0,1166.25,1157.2030029296875,728022,7.061548752161554,0.014335903717460852,1140.560009765625,1254.7460083007813,43.20804198305429,2.088242321297656,23.309402987757114,1291.6259178796793,1081.6340796789143,0.18005731035435366,1179.467922750965,1164.7645484945633,0.014874624699538819,0.01736086630917167,-0.1223714849661812,41873541,33.23700464290698,22.481683839302338,1227.1883321126302,1152.3983418782552,1189.7933369954428,2880205.227578575,3.335479049437299
2024-12-05,1180.949951171875,1268.800048828125,1175.800048828125,1249.1500244140625,1239.4599609375,2817718,7.130218618536023,0.06866986637446892,1150.9800170898438,1252.2430078125,59.07392423970806,9.325113796723763,22.917597230130138,1288.855018316886,1082.9099841245202,0.16486813446524817,1186.1043133855458,1186.9985167873574,0.014439155598155118,0.023797821888087888,0.1287301924527,44691259,87.2650562567542,47.66602550822041,1228.385829671224,1147.230849202474,1187.8083394368489,35838588.90820211,7.445062497086642
2024-12-06,1247.75,1284.9000244140625,1230.0,1271.25,1261.3885498046875,600353,7.14775594736277,0.01753732882674708,1165.89501953125,1250.9670068359376,62.11266247645073,15.082772875621181,22.876276310876676,1287.7241643142397,1083.5308405685728,0.16062405014408412,1194.2134263964463,1190.700076472249,0.0710825504086281,0.02404113478835956,0.13996179283455384,45291612,91.98942343993232,70.83049477986452,1228.2375,1147.5775146484375,1187.9075073242188,32614188.58459386,4.318585991273353
2024-12-09,1260.0,1299.0,1250.0,1282.9000244140625,1272.9481201171875,532721,7.156878438285665,0.009122490922895743,1182.22001953125,1250.0960083007812,63.645076598761776,18.91019611737189,23.111196307357748,1290.5043863222365,1081.9806234433884,0.16254092985467594,1202.6597690647907,1194.1755700761694,0.017692010690472548,0.02409841822946955,0.16459758018424991,45824333,91.27372596968158,90.17606855545604,1228.857499186198,1147.0525187174478,1187.955008951823,28841620.594778135,3.8194714371745153
2024-12-10,1282.9000244140625,1308.050048828125,1274.050048828125,1284.4000244140625,1274.4365234375,366627,7.158046981223505,0.0011685429378394119,1197.2350219726563,1249.6580078125,63.84782878730833,20.63629407254318,23.50301873643564,1297.8790200612086,1078.3559897044163,0.17091484442857882,1210.4445552885309,1197.0600662499699,0.00916422766101288,0.023661896053049233,0.15459125418097716,46190960,87.78092562763234,90.34802501241542,1230.8925008138021,1148.6225179036458,1189.757509358724,24799952.009809833,2.647150370112352
2024-12-11,1294.800048828125,1325.699951171875,1278.5,1311.699951171875,1301.524658203125,326697,7.179079247596029,0.021032266372523978,1213.1400146484375,1249.2690063476562,67.4101981193183,22.554293904336497,24.196800173936886,1310.7774034042893,1071.6276014785233,0.1823205083693944,1220.08792632504,1200.5739273901652,0.0011692259501554503,0.024061614207840015,0.16274335399997306,46517657,93.37121058867729,90.80862072866375,1234.0141642252604,1151.4341837565103,1192.7241739908854,22531216.60440801,3.5983801882211313
2024-12-12,1305.050048828125,1308.699951171875,1280.0,1282.6500244140625,1272.7000732421875,196236,7.156683548304153,-0.02239569929187546,1227.0800170898438,1248.501005859375,60.570542080400166,20.844507588204824,24.841025794473758,1317.5299593699856,1068.975045512827,0.19378233276898973,1226.0462213811375,1202.115196101953,0.021255003300289177,0.024620485281331022,0.14776783474062374,46321421,79.6165072392567,86.92288115185545,1235.7291625976563,1153.8491821289062,1194.7891723632813,18498094.028457426,2.2375512123804504
2024-12-13,1290.0,1317.0,1262.0,1303.9000244140625,1293.7852783203125,585046,7.173115071153303,0.016431522849149616,1243.4650146484375,1246.4280053710938,63.48886016050033,20.113039987109566,24.762902614713802,1332.3323070606752,1065.892705146356,0.20434051455290825,1233.4608692890351,1207.4052693743909,-0.02214677734176873,0.022261209052045983,0.1906734804157921,46906467,89.50412523699983,87.49728102164461,1238.0691670735675,1159.7091817220053,1198.8891743977865,17631541.667249225,4.218114807131437
2024-12-16,1303.9000244140625,1339.0,1300.0,1323.25,1312.985107421875,387992,7.187846110738097,0.014731039584794381,1262.510009765625,1245.5480053710937,65.95952376212043,19.866011537876414,25.1563249517833,1349.113585930707,1061.5364262763242,0.21732640064566994,1242.0122150710317,1211.8433038578153,0.0165672627727953,0.022340827239460338,0.1910738346221092,47294459,92.80657523981985,87.30906923869213,1244.8633361816405,1165.2233459472657,1205.0433410644532,16185269.390147774,2.94728887209522
2024-12-17,1334.0,1352.8499755859375,1312.75,1339.4000244140625,1329.0098876953125,403155,7.199977049703561,0.012130938965463578,1281.485009765625,1245.3520068359376,67.91124817873344,19.686077736492585,25.794692915420374,1367.5421839042172,1057.3628331856264,0.23158081608538317,1251.2872445322728,1216.7067388495495,0.014840076097577315,0.022330270261648827,0.20096397998442714,47697614,94.22252774767094,92.1777427414969,1252.0341654459635,1171.5141825358073,1211.7741739908856,14803225.633362573,2.993875978423977
2024-12-18,1330.0,1334.0,1303.0,1314.3499755859375,1304.1541748046875,166653,7.181097507254084,-0.01887954244947654,1296.2950073242187,1245.3630053710938,61.975655709019115,16.883469011057848,26.005267123861046,1379.4388554357924,1057.4161616540514,0.24500528760475934,1257.2932189183362,1218.4298926381045,0.012204817240931476,0.022949384444601543,0.19880687365195446,47530961,83.46219410968608,90.16376569905897,1258.1308329264325,1177.1958475748697,1217.663340250651,12092098.287545988,2.358580330644446
2024-12-19,1286.0,1302.949951171875,1267.0,1299.449951171875,1289.3697509765625,205287,7.169696339428264,-0.011401167825820124,1301.325,1244.39400390625,58.6898029357932,13.19320583811049,24.941512966798154,1387.1465714228991,1065.1584456669445,0.24778801635690392,1261.3081457996254,1220.516539770074,-0.018702440175841772,0.020569761253837703,0.22203533132383313,47325674,77.06183796629118,84.91551994121609,1263.4641662597655,1184.854180908203,1224.1591735839843,9927686.916198041,2.766551427352356
2024-12-20,1311.0,1318.0,1272.0,1275.949951171875,1266.052001953125,220619,7.151446239915951,-0.018250099512313156,1301.7949951171875,1243.79900390625,53.84129579892435,8.561127411983172,24.322446669721785,1388.8061678370427,1078.883846811395,0.24289535866277887,1262.7026034541254,1223.3967244795251,-0.011336420809396675,0.020446669153597996,0.21589972382092704,47105055,65.03748966328676,75.18717391308802,1272.094999186198,1192.0850138346354,1232.0900065104165,7768796.42816975,3.6051570798487877
2024-12-23,1270.0999755859375,1294.199951171875,1241.199951171875,1272.050048828125,1262.182373046875,173841,7.148385089689003,-0.003061150226947973,1300.7099975585938,1242.76900390625,53.05792709037564,4.812878538310617,22.805235343610327,1387.9727892528422,1094.9572278370015,0.23034908232249277,1263.5928363468875,1230.8685583694778,-0.018084574922494823,0.02046741901130464,0.2727352842920797,46931214,61.85983664414641,67.98638809124147,1280.5383280436197,1198.00834757487,1239.2733378092448,6562116.520811236,4.166502729104582
2024-12-24,1272.050048828125,1277.050048828125,1251.050048828125,1259.800048828125,1250.02734375,103092,7.1387082959464605,-0.0096767937425426,1298.25,1241.4900048828124,50.5690549100516,1.2712330563330987,21.396396255078262,1385.8552359226371,1109.6297860500192,0.2192613424087138,1263.2316184879578,1232.8476174851153,-0.0030564696837585004,0.020717952207617824,0.26878451161978045,46828122,47.444244422029065,58.11385690982076,1286.902500406901,1204.6175150553386,1245.76000773112,5444260.303552489,2.0638195739224954
2024-12-26,1250.0,1307.0,1250.0,1287.300048828125,1277.3140869140625,186590,7.160302318596237,0.021594022649776612,1295.810009765625,1240.7750048828125,55.60381994322667,0.5785962256269812,20.873534153045615,1386.3774839735124,1122.5725404405503,0.204928869359644,1265.5238499489262,1237.2929239094915,-0.009630124232364312,0.020908267654540152,0.2612954632428907,47014712,46.64229565763469,51.9821255746034,1294.5833333333333,1210.4133504231772,1252.4983418782554,5399540.974473562,4.427872122889231
2024-12-27,1285.0,1325.050048828125,1276.0,1314.75,1304.551025390625,179306,7.181401812469454,0.021099493873216524,1299.0200073242188,1240.66900390625,59.985050720910905,1.7034592531377157,20.808920021890128,1386.9715749824625,1139.1284494315998,0.1885096980801389,1270.2120547156953,1240.8719510890835,0.02182886087802638,0.020916051509555594,0.2908172331428732,47194018,65.87553313500328,53.32069107155569,1303.1433349609374,1217.3683471679688,1260.255841064453,5331312.398809371,3.730751004230842
2024-12-30,1311.8499755859375,1326.699951171875,1268.8499755859375,1275.699951171875,1265.803955078125,254699,7.151250288268689,-0.030151524200764612,1296.2,1240.1830029296875,52.10711799990828,-0.33922836978142,20.505349839029606,1380.189884755757,1159.4751298926806,0.17301462985894522,1270.7347115210457,1243.4085496066382,0.021323662029581802,0.02240603125956268,0.268479565517914,46939319,30.900127591601915,47.80598546141331,1312.5258341471356,1222.9608439127603,1267.743339029948,3148838.0009116596,4.53476348672709
2024-12-31,1270.0,1304.25,1264.699951171875,1297.199951171875,1287.13720703125,175774,7.167963336791993,0.016713048523303797,1293.5949951171874,1240.1080029296875,55.567111966124074,-0.3952584838319453,20.078124153156768,1369.1716219219795,1186.933382960833,0.14048585092569174,1273.2552105354102,1251.8668942988038,-0.02970150129539839,0.022340259895079373,0.31350042047518356,47115093,50.15672884433934,48.97746319031486,1320.4008341471354,1230.3658365885417,1275.3833353678385,3238881.286495708,3.0488783778010444
2025-01-01,1324.0,1340.0,1290.5,1313.6500244140625,1303.4595947265625,830975,7.180564819896073,0.01260148310408038,1291.0199951171876,1240.6030029296876,58.0634919619151,0.4754733777919036,20.532363613845032,1356.8905331070569,1215.6144717757556,0.10754467225341519,1277.1023356667106,1266.1207349995404,0.016853492845437357,0.022305088669441274,0.2786810319133575,47946068,64.89033354215935,48.64906332603355,1330.010831705729,1237.5408365885419,1283.7758341471354,4728983.904485858,3.7681269044301864
2025-01-02,1312.0,1312.0,1268.5,1276.0999755859375,1266.200927734375,201062,7.151563811608152,-0.029001008287921515,1287.1949951171875,1240.1400024414063,51.017349823193925,-1.5658088479992287,20.190499852167857,1336.5730710746402,1246.9169313667662,0.07025792761002697,1277.006872801875,1275.0305725430771,0.01268121635937991,0.023580198868940094,0.2561279387449126,47745006,31.258411807088496,48.76849139786241,1336.398329671224,1243.4683369954425,1289.9333333333332,2974859.358490669,3.4088238251102876
2025-01-03,1290.0,1312.5,1275.800048828125,1281.8499755859375,1271.90625,371263,7.1560596069088875,0.00449579530073585,1285.4349975585938,1239.8840014648438,51.97835842017754,-2.558400946862964,19.88548421391213,1334.06880406274,1252.6911934958537,0.06348450451831407,1277.4681206860716,1294.9652652742602,-0.028584515000388944,0.017689891791587708,0.06298336880424224,48116269,36.40843307235548,44.18572614053445,1336.5233256022134,1249.2233378092446,1292.8733317057292,2854845.485849145,2.8630457441089656
2025-01-06,1294.75,1294.8499755859375,1226.0,1237.75,1228.1484375,231712,7.1210504942415325,-0.03500911266735507,1281.6150024414062,1239.0960009765624,44.73000833561818,-6.017138942662102,18.829539915765928,1338.2383025416184,1245.1716950169753,0.07519014948466421,1273.6854425254933,1296.6057722008663,0.004505916550433087,0.01896098577809995,-0.0077162963368876125,47884557,9.262910730353028,25.643251869932342,1336.7616556803387,1248.0666727701823,1292.4141642252603,987225.6245894458,5.562510651257322
2025-01-07,1237.949951171875,1284.0,1226.1500244140625,1259.300048828125,1249.53125,272493,7.1383113287858215,0.01726083454428906,1280.3400024414063,1239.2750024414063,48.50872914345376,-6.636951183971009,17.849020210344456,1339.0460203119537,1242.0039796880465,0.07706030085062913,1272.3154050305059,1296.4947124426483,-0.034403382943295924,0.019284277183455368,-0.032523637497065334,48157050,29.21056914747807,24.9606376500622,1336.1633219401042,1246.583341471354,1291.373331705729,1685084.4575512772,4.593819847761567
2025-01-08,1261.199951171875,1262.949951171875,1234.1500244140625,1245.4000244140625,1235.7391357421875,208005,7.127212062041742,-0.011099266744079905,1278.9,1239.582001953125,46.309466140632104,-7.692102081832356,16.938537626738803,1340.9088230139323,1236.2411769860678,0.08404339487395522,1269.7520354479875,1295.1951269238084,0.01741066356544141,0.01941307610722858,-0.016194654752069347,47949045,17.01756527549342,18.497015051108182,1333.8366495768228,1244.7766764322917,1289.3066630045573,1031318.8810086562,2.31250411058586
2025-01-09,1243.550048828125,1260.0,1232.0999755859375,1247.0,1237.32666015625,143760,7.1284959456800365,0.0012838836382949026,1274.8699951171875,1240.2000024414062,46.609522992592375,-7.95809641631906,16.155709281571827,1339.522210278452,1231.1577946043608,0.08690009276190144,1267.5851749291317,1293.317784666299,-0.011037897145320996,0.018688685294632773,-0.039125895379747505,48092805,18.42105263157895,21.549729018183488,1329.9249877929688,1242.7950073242187,1286.3599975585937,916846.5394694733,2.2373716450731758
2025-01-10,1247.0,1251.5999755859375,1200.0,1203.6500244140625,1194.31298828125,601672,7.093113906216945,-0.03538203946309171,1263.7599975585938,1240.6000024414063,40.07466814118066,-10.565981603853704,16.333969300371702,1346.2475768006188,1216.5324280821937,0.1077681602520388,1261.4961129753156,1285.7787076822851,0.0012847081697227036,0.01958328870335717,-0.0968408556539768,47491133,2.6071602957589284,12.681926067610442,1327.4683227539062,1238.0483398437498,1282.7583312988281,-2940198.181989335,4.28695837987096
2025-01-13,1182.050048828125,1191.0999755859375,1141.25,1171.3499755859375,1162.263427734375,394128,7.0659121879341225,-0.027201718282822362,1253.325,1240.4640014648437,36.022108438402746,-13.775746436863999,17.71912631462074,1354.457111370819,1195.0678886291812,0.13607310032333195,1252.9107665572797,1276.772412869316,-0.034763412659131965,0.019706413270284294,-0.13938416631335288,47097005,15.144641804245284,12.057618243861063,1320.8908203125,1231.98583984375,1276.438330078125,-4338791.819495323,4.255771257518603
2025-01-14,1165.0,1179.9000244140625,1150.050048828125,1165.949951171875,1156.9052734375,229142,7.061291442465934,-0.004620745468188581,1240.2,1238.9510009765625,35.37798397203275,-15.446402167460121,19.0053435421377,1356.3492982848902,1177.4456968322975,0.1534402066510488,1244.628784139622,1269.100125372576,-0.02683508343203722,0.01913922809774649,-0.15411204084811808,46867863,12.42764838836478,10.05981682945634,1312.660819498698,1224.6708414713542,1268.665830485026,-3895731.9016084354,2.5601421018059853
2025-01-15,1170.0,1186.800048828125,1154.949951171875,1177.800048828125,1168.6634521484375,260002,7.071403611967529,0.010112169501595325,1226.6150024414062,1237.0240014648436,37.998077021882835,-14.928727630013647,19.93021775051378,1349.7945669121686,1167.840430646425,0.15448643973718842,1238.264142681384,1259.579662627161,-0.004610086248015954,0.019041483183728666,-0.16182159200423563,47127865,18.3899616745283,15.320750622379464,1304.1574930826823,1216.9925028483071,1260.5749979654947,-2899048.902690043,2.704202439789323
2025-01-16,1180.949951171875,1213.4000244140625,1169.050048828125,1203.449951171875,1194.1143798828125,293359,7.092947670294318,0.021544058326789184,1219.35,1235.22,43.35196783959213,-12.151890543893824,19.81391681206264,1343.5508484598965,1162.9941466572911,0.1500325806044414,1234.9485053947642,1254.4420694770527,0.01016347026245823,0.01978344165935693,-0.12084999209166088,47421224,31.295572916666668,20.704394326519928,1298.7341593424478,1210.234171549479,1254.4841654459635,-1409951.9592114436,3.6852363941476036
2025-01-17,1201.0,1206.3499755859375,1173.6500244140625,1178.5999755859375,1169.457275390625,85261,7.072082551689353,-0.020865118604965538,1209.025,1233.51,39.76906776865102,-11.299708144002746,19.705923083500867,1340.465502417007,1153.9944951415869,0.1582139921415802,1229.5819787463045,1252.0279110777371,0.02177780716622557,0.020067531993775943,-0.16502180818865247,47335963,18.79244054638365,22.825991712526218,1293.3916605631512,1205.2166727701822,1249.3041666666666,-1511206.503385897,2.7744741090477554
2025-01-20,1172.0,1197.9000244140625,1152.6500244140625,1190.199951171875,1180.9671630859375,199240,7.081876598185608,0.009794046496255149,1204.2699951171876,1231.7869995117187,42.171672371905736,-9.346629773636183,20.1105916264172,1338.3618188696848,1147.5231786889087,0.16034166359431937,1225.8313094535015,1247.8798116592232,-0.02064894810269391,0.02005705069824291,-0.10744764458674849,47535203,24.62890625,24.905639904350114,1287.9341613769532,1199.8341735839845,1243.8841674804687,-965151.4120818852,3.801882192605259
2025-01-21,1195.0,1195.0,1118.050048828125,1125.699951171875,1116.967529296875,163552,7.026160299984969,-0.055716298200638725,1190.9099853515625,1228.8889990234375,34.04060872981357,-11.641134530951128,21.19585519219708,1342.7248362661094,1128.5251515268592,0.19028133075449125,1216.294989617156,1244.1065417123505,0.009842165133399527,0.023061380794168248,-0.13728478871693356,47371651,3.934124075448198,15.78515695727729,1282.986659749349,1192.4916768391927,1237.739168294271,-2334287.496070187,6.835742605457932
2025-01-22,1121.5999755859375,1134.949951171875,1105.0,1111.300048828125,1102.6793212890625,282244,7.013285824129443,-0.01287447585552659,1177.4999877929688,1226.1769995117188,32.532513817101346,-13.253856682655517,22.44061535804563,1347.4656866696325,1108.9343011233361,0.21464174846192952,1206.2954714467721,1237.3200777482202,-0.054192574900119195,0.02309955973720653,-0.1561920475833472,47089407,3.036168109939759,10.533066145129329,1275.9066548665364,1185.0166768391925,1230.4616658528644,-2581430.144790071,2.695037330688275
2025-01-23,1111.300048828125,1135.0,1099.050048828125,1106.0999755859375,1097.5196533203125,283643,7.008595571836007,-0.004690252293436004,1163.4099853515625,1223.2989990234375,31.981497138343656,-13.737389324255041,23.704158863016932,1346.3370436708901,1091.94293679786,0.22999196500141783,1196.7530432695496,1229.6566533771843,-0.012791954311412557,0.022160467778834604,-0.1941429521564047,46805764,3.600576810497303,3.5236229986284293,1266.4516520182292,1177.666678873698,1222.0591654459636,-2423363.606196317,3.250153870840756
2025-01-24,1124.949951171875,1135.449951171875,1052.0,1055.0999755859375,1046.915283203125,331702,6.961390805008948,-0.04720476682705854,1148.55498046875,1219.567998046875,27.12842164153976,-16.379354316529536,25.617274605090895,1344.209941142725,1068.1050368846188,0.26168601141780384,1183.2622749187294,1218.8344688020939,-0.004679270236396582,0.022696275470944407,-0.2597591835153824,46474062,1.3361963732489224,2.6576470978953375,1256.9508117675782,1164.725848388672,1210.838330078125,-4493854.8053111285,7.909198474346665
2025-01-27,1055.1500244140625,1058.0,1005.9000244140625,1020.8499755859375,1012.930908203125,359319,6.928390868666782,-0.0329999363421658,1133.50498046875,1216.2509985351562,24.4455875288526,-19.1294089892528,27.939674097144103,1349.330154783022,1037.499825685728,0.30546146500940324,1167.794436887035,1204.1828953125628,-0.04610794785795347,0.022825957228164558,-0.24819340696737904,46114743,5.815971768768701,3.584248317504985,1243.55498046875,1151.9050170898438,1197.729998779297,-5609972.083123825,5.103587875978903
2025-01-28,1037.6500244140625,1039.050048828125,976.1500244140625,1015.9500122070312,1008.0689697265625,335325,6.923579426344408,-0.004811442322374404,1118.5049865722656,1212.5899987792968,24.07871138224027,-19.88639920675319,30.38594565947608,1345.6745402806414,1013.0304462916241,0.3274217136593043,1153.333063107987,1191.0459235641586,-0.032461378819556574,0.021940123872021922,-0.2456398857410899,45779418,14.021487129182097,7.057885090399917,1230.805815633138,1136.820854695638,1183.813335164388,-5043273.2455392415,6.1912518980554605
2025-01-29,1001.2000122070312,1055.9000244140625,1001.2000122070312,1047.949951171875,1039.8206787109375,245644,6.954591107225222,0.031011680880814296,1105.5199768066407,1209.6119982910157,31.32715907859952,-16.954301868651093,32.011056336549316,1329.784374118692,1002.3506051293548,0.31245172407631006,1143.2965762569288,1165.357396479189,-0.004799885875584997,0.023404780739238525,-0.23031386889059452,46025062,26.066414770576905,15.301291222842579,1217.0808156331382,1122.5758534749348,1169.8283345540365,-3199863.780879339,5.219716089099742
2025-01-30,1048.550048828125,1065.800048828125,1018.2999877929688,1027.75,1019.7774047851562,95705,6.935127225777988,-0.01946388144723432,1087.9499816894531,1206.2699987792969,29.41784181206515,-15.156294064327078,33.14706376931574,1319.7564541707864,987.5435275186667,0.32324293520031105,1132.2921404229355,1158.5968649080503,0.03149755261612497,0.023126999126762908,-0.22123370115015456,45929357,21.749199403977872,20.612367101245635,1204.8683197021485,1109.9633514404295,1157.415835571289,-3018917.0017400477,4.621752472406349
2025-01-31,1021.25,1064.449951171875,1021.25,1058.6500244140625,1050.437744140625,108247,6.964749813563451,0.029622587785462784,1075.9549865722656,1204.5440002441405,35.857949281957545,-10.867740825969662,34.20192781402743,1302.5247597698449,982.4552268024207,0.30233743502209337,1125.2786055649476,1146.7387460152886,-0.019275683108039954,0.024655902679591505,-0.16857100579398762,46037604,34.77344573234984,27.529686635634885,1193.0966522216797,1097.541683959961,1145.3191680908203,-2109809.581098752,4.080664069864367
2025-02-01,1060.75,1084.199951171875,1012.5,1028.300048828125,1020.3231811523438,194338,6.9356622797194625,-0.02908753384398821,1059.7649963378906,1202.6680017089843,32.701823133788665,-9.127037135867681,34.40878810476145,1293.1553515227445,970.8796399323335,0.3134062980524838,1116.042552542393,1137.8902014011705,0.03006570120560692,0.024379512020216806,-0.1611723291609953,45843266,21.981042956401474,26.16789603090974,1182.6791514078775,1086.839185587565,1134.7591684977212,-2651001.577430348,6.97266826483048
2025-02-03,1016.5,1025.0,979.0499877929688,999.5999755859375,991.8457641601562,362459,6.907355174536965,-0.02830710518249724,1047.1549987792969,1200.2670007324218,30.011718848025893,-8.948431469427753,35.129651071818884,1278.9001797111382,959.1648044197213,0.3198633284319529,1104.9527833084449,1122.0782712251096,-0.028668563629170585,0.023902791259167215,-0.17345037346521558,45480807,9.884067933350895,22.212852207367416,1169.3208180745444,1074.6708485921224,1121.9958333333334,-3758372.758838875,4.596840068958249
2025-02-04,1015.0,1031.6500244140625,999.9500122070312,1019.4000244140625,1011.4922485351562,378686,6.926969521855384,0.019614347318419156,1037.9649963378906,1197.9700012207031,34.042850385964314,-6.642721614718894,35.54534521877978,1262.1296831955444,953.3353009353149,0.30291777012436355,1096.8049015089798,1109.7583280287565,-0.027910212855571492,0.024889108974682685,-0.14332071548901928,45859493,18.788014410875395,16.884375100209265,1157.9408233642578,1063.0008453369142,1110.4708343505858,-2150319.32321513,3.1096734792852287
