zip_path,read_status,error,raw_rows,nifty_option_rows,trade_date,min_expiry,max_expiry,min_strike,max_strike,traded_rows
C:\Ramgo\Business\Trading\India2026\Gitrade1\ctrade1\data\nse_fno_bhavcopy\2015\01\fo01JAN2015bhav.csv.zip,ok,,28952,2108,2015-01-01,2015-01-29,2019-12-26,2700.0,11000.0,163
C:\Ramgo\Business\Trading\India2026\Gitrade1\ctrade1\data\nse_fno_bhavcopy\2015\01\fo02JAN2015bhav.csv.zip,ok,,28984,2108,2015-01-02,2015-01-29,2019-12-26,2700.0,11000.0,183
C:\Ramgo\Business\Trading\India2026\Gitrade1\ctrade1\data\nse_fno_bhavcopy\2015\01\fo05JAN2015bhav.csv.zip,ok,,29094,2112,2015-01-05,2015-01-29,2019-12-26,2700.0,11000.0,181
C:\Ramgo\Business\Trading\India2026\Gitrade1\ctrade1\data\nse_fno_bhavcopy\2015\01\fo06JAN2015bhav.csv.zip,ok,,29272,2112,2015-01-06,2015-01-29,2019-12-26,2700.0,11000.0,192
C:\Ramgo\Business\Trading\India2026\Gitrade1\ctrade1\data\nse_fno_bhavcopy\2015\01\fo07JAN2015bhav.csv.zip,ok,,29324,2114,2015-01-07,2015-01-29,2019-12-26,2700.0,11000.0,200
C:\Ramgo\Business\Trading\India2026\Gitrade1\ctrade1\data\nse_fno_bhavcopy\2015\01\fo08JAN2015bhav.csv.zip,ok,,29396,2114,2015-01-08,2015-01-29,2019-12-26,2700.0,11000.0,189
C:\Ramgo\Business\Trading\India2026\Gitrade1\ctrade1\data\nse_fno_bhavcopy\2015\01\fo09JAN2015bhav.csv.zip,ok,,29470,2114,2015-01-09,2015-01-29,2019-12-26,2700.0,11000.0,196
C:\Ramgo\Business\Trading\India2026\Gitrade1\ctrade1\data\nse_fno_bhavcopy\2015\01\fo12JAN2015bhav.csv.zip,ok,,29506,2114,2015-01-12,2015-01-29,2019-12-26,2700.0,11000.0,195
C:\Ramgo\Business\Trading\India2026\Gitrade1\ctrade1\data\nse_fno_bhavcopy\2015\01\fo13JAN2015bhav.csv.zip,ok,,29594,2114,2015-01-13,2015-01-29,2019-12-26,2700.0,11000.0,194
C:\Ramgo\Business\Trading\India2026\Gitrade1\ctrade1\data\nse_fno_bhavcopy\2015\01\fo14JAN2015bhav.csv.zip,ok,,29642,2114,2015-01-14,2015-01-29,2019-12-26,2700.0,11000.0,207
C:\Ramgo\Business\Trading\India2026\Gitrade1\ctrade1\data\nse_fno_bhavcopy\2015\01\fo15JAN2015bhav.csv.zip,ok,,29790,2114,2015-01-15,2015-01-29,2019-12-26,2700.0,11000.0,209
C:\Ramgo\Business\Trading\India2026\Gitrade1\ctrade1\data\nse_fno_bhavcopy\2015\01\fo16JAN2015bhav.csv.zip,ok,,29986,2118,2015-01-16,2015-01-29,2019-12-26,2700.0,11000.0,207
C:\Ramgo\Business\Trading\India2026\Gitrade1\ctrade1\data\nse_fno_bhavcopy\2015\01\fo19JAN2015bhav.csv.zip,ok,,30064,2118,2015-01-19,2015-01-29,2019-12-26,2700.0,11000.0,216
C:\Ramgo\Business\Trading\India2026\Gitrade1\ctrade1\data\nse_fno_bhavcopy\2015\01\fo20JAN2015bhav.csv.zip,ok,,30210,2122,2015-01-20,2015-01-29,2019-12-26,2700.0,11000.0,224
C:\Ramgo\Business\Trading\India2026\Gitrade1\ctrade1\data\nse_fno_bhavcopy\2015\01\fo21JAN2015bhav.csv.zip,ok,,30374,2154,2015-01-21,2015-01-29,2019-12-26,2700.0,11100.0,232
C:\Ramgo\Business\Trading\India2026\Gitrade1\ctrade1\data\nse_fno_bhavcopy\2015\01\fo22JAN2015bhav.csv.zip,ok,,30492,2160,2015-01-22,2015-01-29,2019-12-26,2700.0,11100.0,231
C:\Ramgo\Business\Trading\India2026\Gitrade1\ctrade1\data\nse_fno_bhavcopy\2015\01\fo23JAN2015bhav.csv.zip,ok,,30726,2182,2015-01-23,2015-01-29,2019-12-26,2700.0,11200.0,237
C:\Ramgo\Business\Trading\India2026\Gitrade1\ctrade1\data\nse_fno_bhavcopy\2015\01\fo27JAN2015bhav.csv.zip,ok,,30980,2192,2015-01-27,2015-01-29,2019-12-26,2700.0,11200.0,253
C:\Ramgo\Business\Trading\India2026\Gitrade1\ctrade1\data\nse_fno_bhavcopy\2015\01\fo28JAN2015bhav.csv.zip,ok,,31470,2218,2015-01-28,2015-01-29,2019-12-26,2700.0,11300.0,277
C:\Ramgo\Business\Trading\India2026\Gitrade1\ctrade1\data\nse_fno_bhavcopy\2015\01\fo29JAN2015bhav.csv.zip,ok,,31618,2218,2015-01-29,2015-01-29,2019-12-26,2700.0,11300.0,275
C:\Ramgo\Business\Trading\India2026\Gitrade1\ctrade1\data\nse_fno_bhavcopy\2015\01\fo30JAN2015bhav.csv.zip,ok,,29316,2210,2015-01-30,2015-02-26,2019-12-26,2700.0,11400.0,209
C:\Ramgo\Business\Trading\India2026\Gitrade1\ctrade1\data\nse_fno_bhavcopy\2015\02\fo02FEB2015bhav.csv.zip,ok,,29366,2216,2015-02-02,2015-02-26,2019-12-26,2700.0,11400.0,194
C:\Ramgo\Business\Trading\India2026\Gitrade1\ctrade1\data\nse_fno_bhavcopy\2015\02\fo03FEB2015bhav.csv.zip,ok,,29624,2216,2015-02-03,2015-02-26,2019-12-26,2700.0,11400.0,188
C:\Ramgo\Business\Trading\India2026\Gitrade1\ctrade1\data\nse_fno_bhavcopy\2015\02\fo04FEB2015bhav.csv.zip,ok,,29764,2218,2015-02-04,2015-02-26,2019-12-26,2700.0,11400.0,184
C:\Ramgo\Business\Trading\India2026\Gitrade1\ctrade1\data\nse_fno_bhavcopy\2015\02\fo05FEB2015bhav.csv.zip,ok,,29820,2220,2015-02-05,2015-02-26,2019-12-26,2700.0,11400.0,195
C:\Ramgo\Business\Trading\India2026\Gitrade1\ctrade1\data\nse_fno_bhavcopy\2015\02\fo06FEB2015bhav.csv.zip,ok,,29884,2220,2015-02-06,2015-02-26,2019-12-26,2700.0,11400.0,193
C:\Ramgo\Business\Trading\India2026\Gitrade1\ctrade1\data\nse_fno_bhavcopy\2015\02\fo09FEB2015bhav.csv.zip,ok,,29980,2222,2015-02-09,2015-02-26,2019-12-26,2700.0,11400.0,202
C:\Ramgo\Business\Trading\India2026\Gitrade1\ctrade1\data\nse_fno_bhavcopy\2015\02\fo10FEB2015bhav.csv.zip,ok,,30198,2226,2015-02-10,2015-02-26,2019-12-26,2700.0,11400.0,208
C:\Ramgo\Business\Trading\India2026\Gitrade1\ctrade1\data\nse_fno_bhavcopy\2015\02\fo11FEB2015bhav.csv.zip,ok,,30254,2226,2015-02-11,2015-02-26,2019-12-26,2700.0,11400.0,197
C:\Ramgo\Business\Trading\India2026\Gitrade1\ctrade1\data\nse_fno_bhavcopy\2015\02\fo12FEB2015bhav.csv.zip,ok,,30336,2226,2015-02-12,2015-02-26,2019-12-26,2700.0,11400.0,199
C:\Ramgo\Business\Trading\India2026\Gitrade1\ctrade1\data\nse_fno_bhavcopy\2015\02\fo13FEB2015bhav.csv.zip,ok,,30480,2226,2015-02-13,2015-02-26,2019-12-26,2700.0,11400.0,204
C:\Ramgo\Business\Trading\India2026\Gitrade1\ctrade1\data\nse_fno_bhavcopy\2015\02\fo16FEB2015bhav.csv.zip,ok,,30550,2226,2015-02-16,2015-02-26,2019-12-26,2700.0,11400.0,205
C:\Ramgo\Business\Trading\India2026\Gitrade1\ctrade1\data\nse_fno_bhavcopy\2015\02\fo18FEB2015bhav.csv.zip,ok,,30680,2226,2015-02-18,2015-02-26,2019-12-26,2700.0,11400.0,220
C:\Ramgo\Business\Trading\India2026\Gitrade1\ctrade1\data\nse_fno_bhavcopy\2015\02\fo19FEB2015bhav.csv.zip,ok,,31064,2226,2015-02-19,2015-02-26,2019-12-26,2700.0,11400.0,224
C:\Ramgo\Business\Trading\India2026\Gitrade1\ctrade1\data\nse_fno_bhavcopy\2015\02\fo20FEB2015bhav.csv.zip,ok,,31100,2226,2015-02-20,2015-02-26,2019-12-26,2700.0,11400.0,225
C:\Ramgo\Business\Trading\India2026\Gitrade1\ctrade1\data\nse_fno_bhavcopy\2015\02\fo23FEB2015bhav.csv.zip,ok,,31046,2226,2015-02-23,2015-02-26,2019-12-26,2700.0,11400.0,240
C:\Ramgo\Business\Trading\India2026\Gitrade1\ctrade1\data\nse_fno_bhavcopy\2015\02\fo24FEB2015bhav.csv.zip,ok,,31086,2226,2015-02-24,2015-02-26,2019-12-26,2700.0,11400.0,239
C:\Ramgo\Business\Trading\India2026\Gitrade1\ctrade1\data\nse_fno_bhavcopy\2015\02\fo25FEB2015bhav.csv.zip,ok,,31116,2226,2015-02-25,2015-02-26,2019-12-26,2700.0,11400.0,248
C:\Ramgo\Business\Trading\India2026\Gitrade1\ctrade1\data\nse_fno_bhavcopy\2015\02\fo26FEB2015bhav.csv.zip,ok,,31182,2226,2015-02-26,2015-02-26,2019-12-26,2700.0,11400.0,267
C:\Ramgo\Business\Trading\India2026\Gitrade1\ctrade1\data\nse_fno_bhavcopy\2015\02\fo27FEB2015bhav.csv.zip,ok,,28266,2190,2015-02-27,2015-03-26,2019-12-26,2700.0,11400.0,219
C:\Ramgo\Business\Trading\India2026\Gitrade1\ctrade1\data\nse_fno_bhavcopy\2015\03\fo02MAR2015bhav.csv.zip,ok,,28412,2198,2015-03-02,2015-03-26,2019-12-26,2700.0,11400.0,209
C:\Ramgo\Business\Trading\India2026\Gitrade1\ctrade1\data\nse_fno_bhavcopy\2015\03\fo03MAR2015bhav.csv.zip,ok,,28770,2200,2015-03-03,2015-03-26,2019-12-26,2700.0,11400.0,205
C:\Ramgo\Business\Trading\India2026\Gitrade1\ctrade1\data\nse_fno_bhavcopy\2015\03\fo04MAR2015bhav.csv.zip,ok,,28846,2204,2015-03-04,2015-03-26,2019-12-26,2700.0,11400.0,215
C:\Ramgo\Business\Trading\India2026\Gitrade1\ctrade1\data\nse_fno_bhavcopy\2015\03\fo05MAR2015bhav.csv.zip,ok,,28870,2204,2015-03-05,2015-03-26,2019-12-26,2700.0,11400.0,217
C:\Ramgo\Business\Trading\India2026\Gitrade1\ctrade1\data\nse_fno_bhavcopy\2015\03\fo09MAR2015bhav.csv.zip,ok,,28960,2204,2015-03-09,2015-03-26,2019-12-26,2700.0,11400.0,221
C:\Ramgo\Business\Trading\India2026\Gitrade1\ctrade1\data\nse_fno_bhavcopy\2015\03\fo10MAR2015bhav.csv.zip,ok,,29012,2204,2015-03-10,2015-03-26,2019-12-26,2700.0,11400.0,226
C:\Ramgo\Business\Trading\India2026\Gitrade1\ctrade1\data\nse_fno_bhavcopy\2015\03\fo11MAR2015bhav.csv.zip,ok,,29060,2204,2015-03-11,2015-03-26,2019-12-26,2700.0,11400.0,214
C:\Ramgo\Business\Trading\India2026\Gitrade1\ctrade1\data\nse_fno_bhavcopy\2015\03\fo12MAR2015bhav.csv.zip,ok,,29174,2204,2015-03-12,2015-03-26,2019-12-26,2700.0,11400.0,224
C:\Ramgo\Business\Trading\India2026\Gitrade1\ctrade1\data\nse_fno_bhavcopy\2015\03\fo13MAR2015bhav.csv.zip,ok,,29256,2204,2015-03-13,2015-03-26,2019-12-26,2700.0,11400.0,233
C:\Ramgo\Business\Trading\India2026\Gitrade1\ctrade1\data\nse_fno_bhavcopy\2015\03\fo16MAR2015bhav.csv.zip,ok,,29284,2206,2015-03-16,2015-03-26,2019-12-26,2700.0,11400.0,217
C:\Ramgo\Business\Trading\India2026\Gitrade1\ctrade1\data\nse_fno_bhavcopy\2015\03\fo17MAR2015bhav.csv.zip,ok,,29320,2206,2015-03-17,2015-03-26,2019-12-26,2700.0,11400.0,224
C:\Ramgo\Business\Trading\India2026\Gitrade1\ctrade1\data\nse_fno_bhavcopy\2015\03\fo18MAR2015bhav.csv.zip,ok,,29362,2206,2015-03-18,2015-03-26,2019-12-26,2700.0,11400.0,218
C:\Ramgo\Business\Trading\India2026\Gitrade1\ctrade1\data\nse_fno_bhavcopy\2015\03\fo19MAR2015bhav.csv.zip,ok,,29362,2206,2015-03-19,2015-03-26,2019-12-26,2700.0,11400.0,235
C:\Ramgo\Business\Trading\India2026\Gitrade1\ctrade1\data\nse_fno_bhavcopy\2015\03\fo20MAR2015bhav.csv.zip,ok,,29649,2206,2015-03-20,2015-03-26,2019-12-26,2700.0,11400.0,231
C:\Ramgo\Business\Trading\India2026\Gitrade1\ctrade1\data\nse_fno_bhavcopy\2015\03\fo23MAR2015bhav.csv.zip,ok,,29516,2210,2015-03-23,2015-03-26,2019-12-26,2700.0,11400.0,235
C:\Ramgo\Business\Trading\India2026\Gitrade1\ctrade1\data\nse_fno_bhavcopy\2015\03\fo24MAR2015bhav.csv.zip,ok,,29596,2210,2015-03-24,2015-03-26,2019-12-26,2700.0,11400.0,243
C:\Ramgo\Business\Trading\India2026\Gitrade1\ctrade1\data\nse_fno_bhavcopy\2015\03\fo25MAR2015bhav.csv.zip,ok,,29706,2210,2015-03-25,2015-03-26,2019-12-26,2700.0,11400.0,264
C:\Ramgo\Business\Trading\India2026\Gitrade1\ctrade1\data\nse_fno_bhavcopy\2015\03\fo26MAR2015bhav.csv.zip,ok,,29772,2210,2015-03-26,2015-03-26,2019-12-26,2700.0,11400.0,274
C:\Ramgo\Business\Trading\India2026\Gitrade1\ctrade1\data\nse_fno_bhavcopy\2015\03\fo27MAR2015bhav.csv.zip,ok,,28045,2170,2015-03-27,2015-04-30,2019-12-26,2700.0,11400.0,186
C:\Ramgo\Business\Trading\India2026\Gitrade1\ctrade1\data\nse_fno_bhavcopy\2015\03\fo30MAR2015bhav.csv.zip,ok,,28187,2170,2015-03-30,2015-04-30,2019-12-26,2700.0,11400.0,184
C:\Ramgo\Business\Trading\India2026\Gitrade1\ctrade1\data\nse_fno_bhavcopy\2015\03\fo31MAR2015bhav.csv.zip,ok,,28339,2176,2015-03-31,2015-04-30,2019-12-26,2700.0,11400.0,214
C:\Ramgo\Business\Trading\India2026\Gitrade1\ctrade1\data\nse_fno_bhavcopy\2015\04\fo01APR2015bhav.csv.zip,ok,,28381,2176,2015-04-01,2015-04-30,2019-12-26,2700.0,11400.0,193
C:\Ramgo\Business\Trading\India2026\Gitrade1\ctrade1\data\nse_fno_bhavcopy\2015\04\fo06APR2015bhav.csv.zip,ok,,28879,2180,2015-04-06,2015-04-30,2019-12-26,2700.0,11400.0,181
C:\Ramgo\Business\Trading\India2026\Gitrade1\ctrade1\data\nse_fno_bhavcopy\2015\04\fo07APR2015bhav.csv.zip,ok,,29065,2184,2015-04-07,2015-04-30,2019-12-26,2700.0,11400.0,193
C:\Ramgo\Business\Trading\India2026\Gitrade1\ctrade1\data\nse_fno_bhavcopy\2015\04\fo08APR2015bhav.csv.zip,ok,,29235,2184,2015-04-08,2015-04-30,2019-12-26,2700.0,11400.0,191
C:\Ramgo\Business\Trading\India2026\Gitrade1\ctrade1\data\nse_fno_bhavcopy\2015\04\fo09APR2015bhav.csv.zip,ok,,29345,2184,2015-04-09,2015-04-30,2019-12-26,2700.0,11400.0,192
C:\Ramgo\Business\Trading\India2026\Gitrade1\ctrade1\data\nse_fno_bhavcopy\2015\04\fo10APR2015bhav.csv.zip,ok,,29381,2188,2015-04-10,2015-04-30,2019-12-26,2700.0,11400.0,182
C:\Ramgo\Business\Trading\India2026\Gitrade1\ctrade1\data\nse_fno_bhavcopy\2015\04\fo13APR2015bhav.csv.zip,ok,,29449,2188,2015-04-13,2015-04-30,2019-12-26,2700.0,11400.0,189
C:\Ramgo\Business\Trading\India2026\Gitrade1\ctrade1\data\nse_fno_bhavcopy\2015\04\fo15APR2015bhav.csv.zip,ok,,29559,2190,2015-04-15,2015-04-30,2019-12-26,2700.0,11400.0,199
C:\Ramgo\Business\Trading\India2026\Gitrade1\ctrade1\data\nse_fno_bhavcopy\2015\04\fo16APR2015bhav.csv.zip,ok,,29595,2190,2015-04-16,2015-04-30,2019-12-26,2700.0,11400.0,205
C:\Ramgo\Business\Trading\India2026\Gitrade1\ctrade1\data\nse_fno_bhavcopy\2015\04\fo17APR2015bhav.csv.zip,ok,,29660,2190,2015-04-17,2015-04-30,2019-12-26,2700.0,11400.0,212
C:\Ramgo\Business\Trading\India2026\Gitrade1\ctrade1\data\nse_fno_bhavcopy\2015\04\fo20APR2015bhav.csv.zip,ok,,29571,2190,2015-04-20,2015-04-30,2019-12-26,2700.0,11400.0,219
C:\Ramgo\Business\Trading\India2026\Gitrade1\ctrade1\data\nse_fno_bhavcopy\2015\04\fo21APR2015bhav.csv.zip,ok,,29721,2190,2015-04-21,2015-04-30,2019-12-26,2700.0,11400.0,222
C:\Ramgo\Business\Trading\India2026\Gitrade1\ctrade1\data\nse_fno_bhavcopy\2015\04\fo22APR2015bhav.csv.zip,ok,,29853,2190,2015-04-22,2015-04-30,2019-12-26,2700.0,11400.0,226
C:\Ramgo\Business\Trading\India2026\Gitrade1\ctrade1\data\nse_fno_bhavcopy\2015\04\fo23APR2015bhav.csv.zip,ok,,29935,2190,2015-04-23,2015-04-30,2019-12-26,2700.0,11400.0,219
C:\Ramgo\Business\Trading\India2026\Gitrade1\ctrade1\data\nse_fno_bhavcopy\2015\04\fo24APR2015bhav.csv.zip,ok,,29957,2190,2015-04-24,2015-04-30,2019-12-26,2700.0,11400.0,227
C:\Ramgo\Business\Trading\India2026\Gitrade1\ctrade1\data\nse_fno_bhavcopy\2015\04\fo27APR2015bhav.csv.zip,ok,,30147,2194,2015-04-27,2015-04-30,2019-12-26,2700.0,11400.0,241
C:\Ramgo\Business\Trading\India2026\Gitrade1\ctrade1\data\nse_fno_bhavcopy\2015\04\fo28APR2015bhav.csv.zip,ok,,30347,2206,2015-04-28,2015-04-30,2019-12-26,2700.0,11400.0,244
C:\Ramgo\Business\Trading\India2026\Gitrade1\ctrade1\data\nse_fno_bhavcopy\2015\04\fo29APR2015bhav.csv.zip,ok,,30389,2206,2015-04-29,2015-04-30,2019-12-26,2700.0,11400.0,232
C:\Ramgo\Business\Trading\India2026\Gitrade1\ctrade1\data\nse_fno_bhavcopy\2015\04\fo30APR2015bhav.csv.zip,ok,,30415,2206,2015-04-30,2015-04-30,2019-12-26,2700.0,11400.0,262
C:\Ramgo\Business\Trading\India2026\Gitrade1\ctrade1\data\nse_fno_bhavcopy\2015\05\fo04MAY2015bhav.csv.zip,ok,,27871,2174,2015-05-04,2015-05-28,2019-12-26,2700.0,11400.0,185
C:\Ramgo\Business\Trading\India2026\Gitrade1\ctrade1\data\nse_fno_bhavcopy\2015\05\fo05MAY2015bhav.csv.zip,ok,,27945,2180,2015-05-05,2015-05-28,2019-12-26,2700.0,11400.0,191
C:\Ramgo\Business\Trading\India2026\Gitrade1\ctrade1\data\nse_fno_bhavcopy\2015\05\fo06MAY2015bhav.csv.zip,ok,,27955,2180,2015-05-06,2015-05-28,2019-12-26,2700.0,11400.0,213
C:\Ramgo\Business\Trading\India2026\Gitrade1\ctrade1\data\nse_fno_bhavcopy\2015\05\fo07MAY2015bhav.csv.zip,ok,,28101,2192,2015-05-07,2015-05-28,2019-12-26,2700.0,11400.0,215
C:\Ramgo\Business\Trading\India2026\Gitrade1\ctrade1\data\nse_fno_bhavcopy\2015\05\fo08MAY2015bhav.csv.zip,ok,,28427,2198,2015-05-08,2015-05-28,2019-12-26,2700.0,11400.0,214
C:\Ramgo\Business\Trading\India2026\Gitrade1\ctrade1\data\nse_fno_bhavcopy\2015\05\fo11MAY2015bhav.csv.zip,ok,,28467,2198,2015-05-11,2015-05-28,2019-12-26,2700.0,11400.0,200
C:\Ramgo\Business\Trading\India2026\Gitrade1\ctrade1\data\nse_fno_bhavcopy\2015\05\fo12MAY2015bhav.csv.zip,ok,,28539,2198,2015-05-12,2015-05-28,2019-12-26,2700.0,11400.0,197
C:\Ramgo\Business\Trading\India2026\Gitrade1\ctrade1\data\nse_fno_bhavcopy\2015\05\fo13MAY2015bhav.csv.zip,ok,,28679,2198,2015-05-13,2015-05-28,2019-12-26,2700.0,11400.0,206
C:\Ramgo\Business\Trading\India2026\Gitrade1\ctrade1\data\nse_fno_bhavcopy\2015\05\fo14MAY2015bhav.csv.zip,ok,,28733,2198,2015-05-14,2015-05-28,2019-12-26,2700.0,11400.0,205
C:\Ramgo\Business\Trading\India2026\Gitrade1\ctrade1\data\nse_fno_bhavcopy\2015\05\fo15MAY2015bhav.csv.zip,ok,,28804,2198,2015-05-15,2015-05-28,2019-12-26,2700.0,11400.0,201
C:\Ramgo\Business\Trading\India2026\Gitrade1\ctrade1\data\nse_fno_bhavcopy\2015\05\fo18MAY2015bhav.csv.zip,ok,,28793,2198,2015-05-18,2015-05-28,2019-12-26,2700.0,11400.0,210
C:\Ramgo\Business\Trading\India2026\Gitrade1\ctrade1\data\nse_fno_bhavcopy\2015\05\fo19MAY2015bhav.csv.zip,ok,,28839,2198,2015-05-19,2015-05-28,2019-12-26,2700.0,11400.0,212
C:\Ramgo\Business\Trading\India2026\Gitrade1\ctrade1\data\nse_fno_bhavcopy\2015\05\fo20MAY2015bhav.csv.zip,ok,,28861,2198,2015-05-20,2015-05-28,2019-12-26,2700.0,11400.0,212
C:\Ramgo\Business\Trading\India2026\Gitrade1\ctrade1\data\nse_fno_bhavcopy\2015\05\fo21MAY2015bhav.csv.zip,ok,,28889,2200,2015-05-21,2015-05-28,2019-12-26,2700.0,11400.0,214
C:\Ramgo\Business\Trading\India2026\Gitrade1\ctrade1\data\nse_fno_bhavcopy\2015\05\fo22MAY2015bhav.csv.zip,ok,,28907,2200,2015-05-22,2015-05-28,2019-12-26,2700.0,11400.0,222
C:\Ramgo\Business\Trading\India2026\Gitrade1\ctrade1\data\nse_fno_bhavcopy\2015\05\fo25MAY2015bhav.csv.zip,ok,,28929,2202,2015-05-25,2015-05-28,2019-12-26,2700.0,11400.0,230
C:\Ramgo\Business\Trading\India2026\Gitrade1\ctrade1\data\nse_fno_bhavcopy\2015\05\fo26MAY2015bhav.csv.zip,ok,,28995,2202,2015-05-26,2015-05-28,2019-12-26,2700.0,11400.0,225
C:\Ramgo\Business\Trading\India2026\Gitrade1\ctrade1\data\nse_fno_bhavcopy\2015\05\fo27MAY2015bhav.csv.zip,ok,,29065,2202,2015-05-27,2015-05-28,2019-12-26,2700.0,11400.0,231
C:\Ramgo\Business\Trading\India2026\Gitrade1\ctrade1\data\nse_fno_bhavcopy\2015\05\fo28MAY2015bhav.csv.zip,ok,,29021,2202,2015-05-28,2015-05-28,2019-12-26,2700.0,11400.0,262
C:\Ramgo\Business\Trading\India2026\Gitrade1\ctrade1\data\nse_fno_bhavcopy\2015\05\fo29MAY2015bhav.csv.zip,ok,,28018,2164,2015-05-29,2015-06-25,2019-12-26,2700.0,11400.0,192
C:\Ramgo\Business\Trading\India2026\Gitrade1\ctrade1\data\nse_fno_bhavcopy\2015\06\fo01JUN2015bhav.csv.zip,ok,,28264,2170,2015-06-01,2015-06-25,2019-12-26,2700.0,11400.0,173
C:\Ramgo\Business\Trading\India2026\Gitrade1\ctrade1\data\nse_fno_bhavcopy\2015\06\fo02JUN2015bhav.csv.zip,ok,,28390,2170,2015-06-02,2015-06-25,2019-12-26,2700.0,11400.0,198
C:\Ramgo\Business\Trading\India2026\Gitrade1\ctrade1\data\nse_fno_bhavcopy\2015\06\fo03JUN2015bhav.csv.zip,ok,,28613,2172,2015-06-03,2015-06-25,2019-12-26,2700.0,11400.0,192
C:\Ramgo\Business\Trading\India2026\Gitrade1\ctrade1\data\nse_fno_bhavcopy\2015\06\fo04JUN2015bhav.csv.zip,ok,,28839,2176,2015-06-04,2015-06-25,2019-12-26,2700.0,11400.0,186
C:\Ramgo\Business\Trading\India2026\Gitrade1\ctrade1\data\nse_fno_bhavcopy\2015\06\fo05JUN2015bhav.csv.zip,ok,,28891,2176,2015-06-05,2015-06-25,2019-12-26,2700.0,11400.0,193
C:\Ramgo\Business\Trading\India2026\Gitrade1\ctrade1\data\nse_fno_bhavcopy\2015\06\fo08JUN2015bhav.csv.zip,ok,,28983,2178,2015-06-08,2015-06-25,2019-12-26,2700.0,11400.0,196
C:\Ramgo\Business\Trading\India2026\Gitrade1\ctrade1\data\nse_fno_bhavcopy\2015\06\fo09JUN2015bhav.csv.zip,ok,,29221,2184,2015-06-09,2015-06-25,2019-12-26,2700.0,11400.0,191
C:\Ramgo\Business\Trading\India2026\Gitrade1\ctrade1\data\nse_fno_bhavcopy\2015\06\fo10JUN2015bhav.csv.zip,ok,,29529,2188,2015-06-10,2015-06-25,2019-12-26,2700.0,11400.0,197
C:\Ramgo\Business\Trading\India2026\Gitrade1\ctrade1\data\nse_fno_bhavcopy\2015\06\fo11JUN2015bhav.csv.zip,ok,,29529,2188,2015-06-11,2015-06-25,2019-12-26,2700.0,11400.0,212
C:\Ramgo\Business\Trading\India2026\Gitrade1\ctrade1\data\nse_fno_bhavcopy\2015\06\fo12JUN2015bhav.csv.zip,ok,,29871,2194,2015-06-12,2015-06-25,2019-12-26,2700.0,11400.0,205
C:\Ramgo\Business\Trading\India2026\Gitrade1\ctrade1\data\nse_fno_bhavcopy\2015\06\fo15JUN2015bhav.csv.zip,ok,,29975,2194,2015-06-15,2015-06-25,2019-12-26,2700.0,11400.0,215
C:\Ramgo\Business\Trading\India2026\Gitrade1\ctrade1\data\nse_fno_bhavcopy\2015\06\fo16JUN2015bhav.csv.zip,ok,,30107,2194,2015-06-16,2015-06-25,2019-12-26,2700.0,11400.0,219
C:\Ramgo\Business\Trading\India2026\Gitrade1\ctrade1\data\nse_fno_bhavcopy\2015\06\fo17JUN2015bhav.csv.zip,ok,,30157,2194,2015-06-17,2015-06-25,2019-12-26,2700.0,11400.0,216
C:\Ramgo\Business\Trading\India2026\Gitrade1\ctrade1\data\nse_fno_bhavcopy\2015\06\fo18JUN2015bhav.csv.zip,ok,,30251,2194,2015-06-18,2015-06-25,2019-12-26,2700.0,11400.0,218
C:\Ramgo\Business\Trading\India2026\Gitrade1\ctrade1\data\nse_fno_bhavcopy\2015\06\fo19JUN2015bhav.csv.zip,ok,,30340,2194,2015-06-19,2015-06-25,2019-12-26,2700.0,11400.0,224
C:\Ramgo\Business\Trading\India2026\Gitrade1\ctrade1\data\nse_fno_bhavcopy\2015\06\fo22JUN2015bhav.csv.zip,ok,,30205,2194,2015-06-22,2015-06-25,2019-12-26,2700.0,11400.0,236
C:\Ramgo\Business\Trading\India2026\Gitrade1\ctrade1\data\nse_fno_bhavcopy\2015\06\fo23JUN2015bhav.csv.zip,ok,,30269,2194,2015-06-23,2015-06-25,2019-12-26,2700.0,11400.0,243
C:\Ramgo\Business\Trading\India2026\Gitrade1\ctrade1\data\nse_fno_bhavcopy\2015\06\fo24JUN2015bhav.csv.zip,ok,,30315,2194,2015-06-24,2015-06-25,2019-12-26,2700.0,11400.0,264
C:\Ramgo\Business\Trading\India2026\Gitrade1\ctrade1\data\nse_fno_bhavcopy\2015\06\fo25JUN2015bhav.csv.zip,ok,,30321,2194,2015-06-25,2015-06-25,2019-12-26,2700.0,11400.0,304
C:\Ramgo\Business\Trading\India2026\Gitrade1\ctrade1\data\nse_fno_bhavcopy\2015\06\fo26JUN2015bhav.csv.zip,ok,,30045,2096,2015-06-26,2015-07-30,2020-06-25,2700.0,11400.0,187
C:\Ramgo\Business\Trading\India2026\Gitrade1\ctrade1\data\nse_fno_bhavcopy\2015\06\fo29JUN2015bhav.csv.zip,ok,,30137,2096,2015-06-29,2015-07-30,2020-06-25,2700.0,11400.0,201
C:\Ramgo\Business\Trading\India2026\Gitrade1\ctrade1\data\nse_fno_bhavcopy\2015\06\fo30JUN2015bhav.csv.zip,ok,,30207,2100,2015-06-30,2015-07-30,2020-06-25,2700.0,11400.0,203
C:\Ramgo\Business\Trading\India2026\Gitrade1\ctrade1\data\nse_fno_bhavcopy\2015\07\fo01JUL2015bhav.csv.zip,ok,,31063,2100,2015-07-01,2015-07-30,2020-06-25,2700.0,11400.0,192
C:\Ramgo\Business\Trading\India2026\Gitrade1\ctrade1\data\nse_fno_bhavcopy\2015\07\fo02JUL2015bhav.csv.zip,ok,,31261,2104,2015-07-02,2015-07-30,2020-06-25,2700.0,11400.0,180
C:\Ramgo\Business\Trading\India2026\Gitrade1\ctrade1\data\nse_fno_bhavcopy\2015\07\fo03JUL2015bhav.csv.zip,ok,,31351,2104,2015-07-03,2015-07-30,2020-06-25,2700.0,11400.0,194
C:\Ramgo\Business\Trading\India2026\Gitrade1\ctrade1\data\nse_fno_bhavcopy\2015\07\fo06JUL2015bhav.csv.zip,ok,,31381,2108,2015-07-06,2015-07-30,2020-06-25,2700.0,11400.0,192
C:\Ramgo\Business\Trading\India2026\Gitrade1\ctrade1\data\nse_fno_bhavcopy\2015\07\fo07JUL2015bhav.csv.zip,ok,,31473,2108,2015-07-07,2015-07-30,2020-06-25,2700.0,11400.0,188
C:\Ramgo\Business\Trading\India2026\Gitrade1\ctrade1\data\nse_fno_bhavcopy\2015\07\fo08JUL2015bhav.csv.zip,ok,,31501,2108,2015-07-08,2015-07-30,2020-06-25,2700.0,11400.0,205
C:\Ramgo\Business\Trading\India2026\Gitrade1\ctrade1\data\nse_fno_bhavcopy\2015\07\fo09JUL2015bhav.csv.zip,ok,,31563,2108,2015-07-09,2015-07-30,2020-06-25,2700.0,11400.0,189
C:\Ramgo\Business\Trading\India2026\Gitrade1\ctrade1\data\nse_fno_bhavcopy\2015\07\fo10JUL2015bhav.csv.zip,ok,,31625,2108,2015-07-10,2015-07-30,2020-06-25,2700.0,11400.0,185
C:\Ramgo\Business\Trading\India2026\Gitrade1\ctrade1\data\nse_fno_bhavcopy\2015\07\fo13JUL2015bhav.csv.zip,ok,,31653,2108,2015-07-13,2015-07-30,2020-06-25,2700.0,11400.0,196
C:\Ramgo\Business\Trading\India2026\Gitrade1\ctrade1\data\nse_fno_bhavcopy\2015\07\fo14JUL2015bhav.csv.zip,ok,,31703,2108,2015-07-14,2015-07-30,2020-06-25,2700.0,11400.0,178
C:\Ramgo\Business\Trading\India2026\Gitrade1\ctrade1\data\nse_fno_bhavcopy\2015\07\fo15JUL2015bhav.csv.zip,ok,,31747,2108,2015-07-15,2015-07-30,2020-06-25,2700.0,11400.0,186
C:\Ramgo\Business\Trading\India2026\Gitrade1\ctrade1\data\nse_fno_bhavcopy\2015\07\fo16JUL2015bhav.csv.zip,ok,,31795,2108,2015-07-16,2015-07-30,2020-06-25,2700.0,11400.0,205
C:\Ramgo\Business\Trading\India2026\Gitrade1\ctrade1\data\nse_fno_bhavcopy\2015\07\fo17JUL2015bhav.csv.zip,ok,,31942,2120,2015-07-17,2015-07-30,2020-06-25,2700.0,11400.0,203
C:\Ramgo\Business\Trading\India2026\Gitrade1\ctrade1\data\nse_fno_bhavcopy\2015\07\fo20JUL2015bhav.csv.zip,ok,,31893,2120,2015-07-20,2015-07-30,2020-06-25,2700.0,11400.0,192
C:\Ramgo\Business\Trading\India2026\Gitrade1\ctrade1\data\nse_fno_bhavcopy\2015\07\fo21JUL2015bhav.csv.zip,ok,,32081,2120,2015-07-21,2015-07-30,2020-06-25,2700.0,11400.0,209
C:\Ramgo\Business\Trading\India2026\Gitrade1\ctrade1\data\nse_fno_bhavcopy\2015\07\fo22JUL2015bhav.csv.zip,ok,,32175,2120,2015-07-22,2015-07-30,2020-06-25,2700.0,11400.0,219
C:\Ramgo\Business\Trading\India2026\Gitrade1\ctrade1\data\nse_fno_bhavcopy\2015\07\fo23JUL2015bhav.csv.zip,ok,,32285,2126,2015-07-23,2015-07-30,2020-06-25,2700.0,11400.0,212
C:\Ramgo\Business\Trading\India2026\Gitrade1\ctrade1\data\nse_fno_bhavcopy\2015\07\fo24JUL2015bhav.csv.zip,ok,,32513,2126,2015-07-24,2015-07-30,2020-06-25,2700.0,11400.0,214
C:\Ramgo\Business\Trading\India2026\Gitrade1\ctrade1\data\nse_fno_bhavcopy\2015\07\fo27JUL2015bhav.csv.zip,ok,,32607,2126,2015-07-27,2015-07-30,2020-06-25,2700.0,11400.0,232
C:\Ramgo\Business\Trading\India2026\Gitrade1\ctrade1\data\nse_fno_bhavcopy\2015\07\fo28JUL2015bhav.csv.zip,ok,,32753,2126,2015-07-28,2015-07-30,2020-06-25,2700.0,11400.0,239
C:\Ramgo\Business\Trading\India2026\Gitrade1\ctrade1\data\nse_fno_bhavcopy\2015\07\fo29JUL2015bhav.csv.zip,ok,,32911,2126,2015-07-29,2015-07-30,2020-06-25,2700.0,11400.0,238
C:\Ramgo\Business\Trading\India2026\Gitrade1\ctrade1\data\nse_fno_bhavcopy\2015\07\fo30JUL2015bhav.csv.zip,ok,,33107,2126,2015-07-30,2015-07-30,2020-06-25,2700.0,11400.0,274
C:\Ramgo\Business\Trading\India2026\Gitrade1\ctrade1\data\nse_fno_bhavcopy\2015\07\fo31JUL2015bhav.csv.zip,ok,,30800,2098,2015-07-31,2015-08-27,2020-06-25,2700.0,11400.0,191
C:\Ramgo\Business\Trading\India2026\Gitrade1\ctrade1\data\nse_fno_bhavcopy\2015\08\fo03AUG2015bhav.csv.zip,ok,,31126,2104,2015-08-03,2015-08-27,2020-06-25,2700.0,11400.0,179
C:\Ramgo\Business\Trading\India2026\Gitrade1\ctrade1\data\nse_fno_bhavcopy\2015\08\fo04AUG2015bhav.csv.zip,ok,,31512,2104,2015-08-04,2015-08-27,2020-06-25,2700.0,11400.0,186
C:\Ramgo\Business\Trading\India2026\Gitrade1\ctrade1\data\nse_fno_bhavcopy\2015\08\fo05AUG2015bhav.csv.zip,ok,,32152,2104,2015-08-05,2015-08-27,2020-06-25,2700.0,11400.0,184
C:\Ramgo\Business\Trading\India2026\Gitrade1\ctrade1\data\nse_fno_bhavcopy\2015\08\fo06AUG2015bhav.csv.zip,ok,,32276,2104,2015-08-06,2015-08-27,2020-06-25,2700.0,11400.0,182
C:\Ramgo\Business\Trading\India2026\Gitrade1\ctrade1\data\nse_fno_bhavcopy\2015\08\fo07AUG2015bhav.csv.zip,ok,,32360,2106,2015-08-07,2015-08-27,2020-06-25,2700.0,11400.0,179
C:\Ramgo\Business\Trading\India2026\Gitrade1\ctrade1\data\nse_fno_bhavcopy\2015\08\fo10AUG2015bhav.csv.zip,ok,,32402,2106,2015-08-10,2015-08-27,2020-06-25,2700.0,11400.0,178
C:\Ramgo\Business\Trading\India2026\Gitrade1\ctrade1\data\nse_fno_bhavcopy\2015\08\fo11AUG2015bhav.csv.zip,ok,,32434,2106,2015-08-11,2015-08-27,2020-06-25,2700.0,11400.0,182
C:\Ramgo\Business\Trading\India2026\Gitrade1\ctrade1\data\nse_fno_bhavcopy\2015\08\fo12AUG2015bhav.csv.zip,ok,,32496,2106,2015-08-12,2015-08-27,2020-06-25,2700.0,11400.0,197
C:\Ramgo\Business\Trading\India2026\Gitrade1\ctrade1\data\nse_fno_bhavcopy\2015\08\fo13AUG2015bhav.csv.zip,ok,,32622,2108,2015-08-13,2015-08-27,2020-06-25,2700.0,11400.0,193
C:\Ramgo\Business\Trading\India2026\Gitrade1\ctrade1\data\nse_fno_bhavcopy\2015\08\fo14AUG2015bhav.csv.zip,ok,,32720,2108,2015-08-14,2015-08-27,2020-06-25,2700.0,11400.0,195
C:\Ramgo\Business\Trading\India2026\Gitrade1\ctrade1\data\nse_fno_bhavcopy\2015\08\fo17AUG2015bhav.csv.zip,ok,,32768,2108,2015-08-17,2015-08-27,2020-06-25,2700.0,11400.0,191
C:\Ramgo\Business\Trading\India2026\Gitrade1\ctrade1\data\nse_fno_bhavcopy\2015\08\fo18AUG2015bhav.csv.zip,ok,,32872,2108,2015-08-18,2015-08-27,2020-06-25,2700.0,11400.0,198
C:\Ramgo\Business\Trading\India2026\Gitrade1\ctrade1\data\nse_fno_bhavcopy\2015\08\fo19AUG2015bhav.csv.zip,ok,,32998,2108,2015-08-19,2015-08-27,2020-06-25,2700.0,11400.0,205
C:\Ramgo\Business\Trading\India2026\Gitrade1\ctrade1\data\nse_fno_bhavcopy\2015\08\fo20AUG2015bhav.csv.zip,ok,,33118,2108,2015-08-20,2015-08-27,2020-06-25,2700.0,11400.0,217
C:\Ramgo\Business\Trading\India2026\Gitrade1\ctrade1\data\nse_fno_bhavcopy\2015\08\fo21AUG2015bhav.csv.zip,ok,,33251,2108,2015-08-21,2015-08-27,2020-06-25,2700.0,11400.0,237
C:\Ramgo\Business\Trading\India2026\Gitrade1\ctrade1\data\nse_fno_bhavcopy\2015\08\fo24AUG2015bhav.csv.zip,ok,,33262,2110,2015-08-24,2015-08-27,2020-06-25,2700.0,11400.0,252
C:\Ramgo\Business\Trading\India2026\Gitrade1\ctrade1\data\nse_fno_bhavcopy\2015\08\fo25AUG2015bhav.csv.zip,ok,,34240,2164,2015-08-25,2015-08-27,2020-06-25,2700.0,11400.0,294
C:\Ramgo\Business\Trading\India2026\Gitrade1\ctrade1\data\nse_fno_bhavcopy\2015\08\fo26AUG2015bhav.csv.zip,ok,,34492,2164,2015-08-26,2015-08-27,2020-06-25,2700.0,11400.0,287
C:\Ramgo\Business\Trading\India2026\Gitrade1\ctrade1\data\nse_fno_bhavcopy\2015\08\fo27AUG2015bhav.csv.zip,ok,,34626,2164,2015-08-27,2015-08-27,2020-06-25,2700.0,11400.0,300
C:\Ramgo\Business\Trading\India2026\Gitrade1\ctrade1\data\nse_fno_bhavcopy\2015\08\fo28AUG2015bhav.csv.zip,ok,,31574,2130,2015-08-28,2015-09-24,2020-06-25,2700.0,11400.0,210
C:\Ramgo\Business\Trading\India2026\Gitrade1\ctrade1\data\nse_fno_bhavcopy\2015\08\fo31AUG2015bhav.csv.zip,ok,,31584,2132,2015-08-31,2015-09-24,2020-06-25,2700.0,11400.0,231
C:\Ramgo\Business\Trading\India2026\Gitrade1\ctrade1\data\nse_fno_bhavcopy\2015\09\fo01SEP2015bhav.csv.zip,ok,,31586,2132,2015-09-01,2015-09-24,2020-06-25,2700.0,11400.0,244
C:\Ramgo\Business\Trading\India2026\Gitrade1\ctrade1\data\nse_fno_bhavcopy\2015\09\fo02SEP2015bhav.csv.zip,ok,,31744,2138,2015-09-02,2015-09-24,2020-06-25,2700.0,11400.0,229
C:\Ramgo\Business\Trading\India2026\Gitrade1\ctrade1\data\nse_fno_bhavcopy\2015\09\fo03SEP2015bhav.csv.zip,ok,,31846,2154,2015-09-03,2015-09-24,2020-06-25,2700.0,11400.0,225
C:\Ramgo\Business\Trading\India2026\Gitrade1\ctrade1\data\nse_fno_bhavcopy\2015\09\fo04SEP2015bhav.csv.zip,ok,,31882,2154,2015-09-04,2015-09-24,2020-06-25,2700.0,11400.0,249
C:\Ramgo\Business\Trading\India2026\Gitrade1\ctrade1\data\nse_fno_bhavcopy\2015\09\fo07SEP2015bhav.csv.zip,ok,,32048,2160,2015-09-07,2015-09-24,2020-06-25,2700.0,11400.0,253
C:\Ramgo\Business\Trading\India2026\Gitrade1\ctrade1\data\nse_fno_bhavcopy\2015\09\fo08SEP2015bhav.csv.zip,ok,,32464,2176,2015-09-08,2015-09-24,2020-06-25,2700.0,11400.0,255
C:\Ramgo\Business\Trading\India2026\Gitrade1\ctrade1\data\nse_fno_bhavcopy\2015\09\fo09SEP2015bhav.csv.zip,ok,,32534,2176,2015-09-09,2015-09-24,2020-06-25,2700.0,11400.0,246
C:\Ramgo\Business\Trading\India2026\Gitrade1\ctrade1\data\nse_fno_bhavcopy\2015\09\fo10SEP2015bhav.csv.zip,ok,,32534,2176,2015-09-10,2015-09-24,2020-06-25,2700.0,11400.0,239
C:\Ramgo\Business\Trading\India2026\Gitrade1\ctrade1\data\nse_fno_bhavcopy\2015\09\fo11SEP2015bhav.csv.zip,ok,,32552,2176,2015-09-11,2015-09-24,2020-06-25,2700.0,11400.0,231
C:\Ramgo\Business\Trading\India2026\Gitrade1\ctrade1\data\nse_fno_bhavcopy\2015\09\fo14SEP2015bhav.csv.zip,ok,,32558,2176,2015-09-14,2015-09-24,2020-06-25,2700.0,11400.0,238
C:\Ramgo\Business\Trading\India2026\Gitrade1\ctrade1\data\nse_fno_bhavcopy\2015\09\fo15SEP2015bhav.csv.zip,ok,,32666,2176,2015-09-15,2015-09-24,2020-06-25,2700.0,11400.0,238
C:\Ramgo\Business\Trading\India2026\Gitrade1\ctrade1\data\nse_fno_bhavcopy\2015\09\fo16SEP2015bhav.csv.zip,ok,,32678,2176,2015-09-16,2015-09-24,2020-06-25,2700.0,11400.0,230
C:\Ramgo\Business\Trading\India2026\Gitrade1\ctrade1\data\nse_fno_bhavcopy\2015\09\fo18SEP2015bhav.csv.zip,ok,,32737,2176,2015-09-18,2015-09-24,2020-06-25,2700.0,11400.0,253
C:\Ramgo\Business\Trading\India2026\Gitrade1\ctrade1\data\nse_fno_bhavcopy\2015\09\fo21SEP2015bhav.csv.zip,ok,,32574,2176,2015-09-21,2015-09-24,2020-06-25,2700.0,11400.0,264
C:\Ramgo\Business\Trading\India2026\Gitrade1\ctrade1\data\nse_fno_bhavcopy\2015\09\fo22SEP2015bhav.csv.zip,ok,,32618,2176,2015-09-22,2015-09-24,2020-06-25,2700.0,11400.0,301
C:\Ramgo\Business\Trading\India2026\Gitrade1\ctrade1\data\nse_fno_bhavcopy\2015\09\fo23SEP2015bhav.csv.zip,ok,,32692,2176,2015-09-23,2015-09-24,2020-06-25,2700.0,11400.0,298
C:\Ramgo\Business\Trading\India2026\Gitrade1\ctrade1\data\nse_fno_bhavcopy\2015\09\fo24SEP2015bhav.csv.zip,ok,,32940,2176,2015-09-24,2015-09-24,2020-06-25,2700.0,11400.0,361
C:\Ramgo\Business\Trading\India2026\Gitrade1\ctrade1\data\nse_fno_bhavcopy\2015\09\fo28SEP2015bhav.csv.zip,ok,,30466,2128,2015-09-28,2015-10-29,2020-06-25,2700.0,11400.0,197
C:\Ramgo\Business\Trading\India2026\Gitrade1\ctrade1\data\nse_fno_bhavcopy\2015\09\fo29SEP2015bhav.csv.zip,ok,,30546,2130,2015-09-29,2015-10-29,2020-06-25,2700.0,11400.0,200
C:\Ramgo\Business\Trading\India2026\Gitrade1\ctrade1\data\nse_fno_bhavcopy\2015\09\fo30SEP2015bhav.csv.zip,ok,,30698,2130,2015-09-30,2015-10-29,2020-06-25,2700.0,11400.0,223
C:\Ramgo\Business\Trading\India2026\Gitrade1\ctrade1\data\nse_fno_bhavcopy\2015\10\fo01OCT2015bhav.csv.zip,ok,,30668,2132,2015-10-01,2015-10-29,2020-06-25,2700.0,11400.0,198
C:\Ramgo\Business\Trading\India2026\Gitrade1\ctrade1\data\nse_fno_bhavcopy\2015\10\fo05OCT2015bhav.csv.zip,ok,,30752,2134,2015-10-05,2015-10-29,2020-06-25,2700.0,11400.0,206
C:\Ramgo\Business\Trading\India2026\Gitrade1\ctrade1\data\nse_fno_bhavcopy\2015\10\fo06OCT2015bhav.csv.zip,ok,,30914,2142,2015-10-06,2015-10-29,2020-06-25,2700.0,11400.0,207
C:\Ramgo\Business\Trading\India2026\Gitrade1\ctrade1\data\nse_fno_bhavcopy\2015\10\fo07OCT2015bhav.csv.zip,ok,,30962,2148,2015-10-07,2015-10-29,2020-06-25,2700.0,11400.0,212
C:\Ramgo\Business\Trading\India2026\Gitrade1\ctrade1\data\nse_fno_bhavcopy\2015\10\fo08OCT2015bhav.csv.zip,ok,,31050,2150,2015-10-08,2015-10-29,2020-06-25,2700.0,11400.0,205
C:\Ramgo\Business\Trading\India2026\Gitrade1\ctrade1\data\nse_fno_bhavcopy\2015\10\fo09OCT2015bhav.csv.zip,ok,,31070,2150,2015-10-09,2015-10-29,2020-06-25,2700.0,11400.0,215
C:\Ramgo\Business\Trading\India2026\Gitrade1\ctrade1\data\nse_fno_bhavcopy\2015\10\fo12OCT2015bhav.csv.zip,ok,,31084,2150,2015-10-12,2015-10-29,2020-06-25,2700.0,11400.0,201
C:\Ramgo\Business\Trading\India2026\Gitrade1\ctrade1\data\nse_fno_bhavcopy\2015\10\fo13OCT2015bhav.csv.zip,ok,,31104,2150,2015-10-13,2015-10-29,2020-06-25,2700.0,11400.0,201
C:\Ramgo\Business\Trading\India2026\Gitrade1\ctrade1\data\nse_fno_bhavcopy\2015\10\fo14OCT2015bhav.csv.zip,ok,,31130,2150,2015-10-14,2015-10-29,2020-06-25,2700.0,11400.0,194
C:\Ramgo\Business\Trading\India2026\Gitrade1\ctrade1\data\nse_fno_bhavcopy\2015\10\fo15OCT2015bhav.csv.zip,ok,,31136,2150,2015-10-15,2015-10-29,2020-06-25,2700.0,11400.0,204
C:\Ramgo\Business\Trading\India2026\Gitrade1\ctrade1\data\nse_fno_bhavcopy\2015\10\fo16OCT2015bhav.csv.zip,ok,,31193,2150,2015-10-16,2015-10-29,2020-06-25,2700.0,11400.0,206
C:\Ramgo\Business\Trading\India2026\Gitrade1\ctrade1\data\nse_fno_bhavcopy\2015\10\fo19OCT2015bhav.csv.zip,ok,,31062,2154,2015-10-19,2015-10-29,2020-06-25,2700.0,11400.0,203
C:\Ramgo\Business\Trading\India2026\Gitrade1\ctrade1\data\nse_fno_bhavcopy\2015\10\fo20OCT2015bhav.csv.zip,ok,,31098,2158,2015-10-20,2015-10-29,2020-06-25,2700.0,11400.0,217
C:\Ramgo\Business\Trading\India2026\Gitrade1\ctrade1\data\nse_fno_bhavcopy\2015\10\fo21OCT2015bhav.csv.zip,ok,,31132,2158,2015-10-21,2015-10-29,2020-06-25,2700.0,11400.0,215
C:\Ramgo\Business\Trading\India2026\Gitrade1\ctrade1\data\nse_fno_bhavcopy\2015\10\fo23OCT2015bhav.csv.zip,ok,,31178,2158,2015-10-23,2015-10-29,2020-06-25,2700.0,11400.0,212
C:\Ramgo\Business\Trading\India2026\Gitrade1\ctrade1\data\nse_fno_bhavcopy\2015\10\fo26OCT2015bhav.csv.zip,ok,,31202,2158,2015-10-26,2015-10-29,2020-06-25,2700.0,11400.0,225
C:\Ramgo\Business\Trading\India2026\Gitrade1\ctrade1\data\nse_fno_bhavcopy\2015\10\fo27OCT2015bhav.csv.zip,ok,,31230,2158,2015-10-27,2015-10-29,2020-06-25,2700.0,11400.0,233
C:\Ramgo\Business\Trading\India2026\Gitrade1\ctrade1\data\nse_fno_bhavcopy\2015\10\fo28OCT2015bhav.csv.zip,ok,,31262,2158,2015-10-28,2015-10-29,2020-06-25,2700.0,11400.0,240
C:\Ramgo\Business\Trading\India2026\Gitrade1\ctrade1\data\nse_fno_bhavcopy\2015\10\fo29OCT2015bhav.csv.zip,ok,,31300,2158,2015-10-29,2015-10-29,2020-06-25,2700.0,11400.0,256
C:\Ramgo\Business\Trading\India2026\Gitrade1\ctrade1\data\nse_fno_bhavcopy\2015\10\fo30OCT2015bhav.csv.zip,ok,,28509,2116,2015-10-30,2015-11-26,2020-06-25,2700.0,11400.0,187
C:\Ramgo\Business\Trading\India2026\Gitrade1\ctrade1\data\nse_fno_bhavcopy\2015\11\fo02NOV2015bhav.csv.zip,ok,,28617,2118,2015-11-02,2015-11-26,2020-06-25,2700.0,11400.0,177
C:\Ramgo\Business\Trading\India2026\Gitrade1\ctrade1\data\nse_fno_bhavcopy\2015\11\fo03NOV2015bhav.csv.zip,ok,,28663,2118,2015-11-03,2015-11-26,2020-06-25,2700.0,11400.0,186
C:\Ramgo\Business\Trading\India2026\Gitrade1\ctrade1\data\nse_fno_bhavcopy\2015\11\fo04NOV2015bhav.csv.zip,ok,,28709,2118,2015-11-04,2015-11-26,2020-06-25,2700.0,11400.0,181
C:\Ramgo\Business\Trading\India2026\Gitrade1\ctrade1\data\nse_fno_bhavcopy\2015\11\fo05NOV2015bhav.csv.zip,ok,,28779,2118,2015-11-05,2015-11-26,2020-06-25,2700.0,11400.0,184
C:\Ramgo\Business\Trading\India2026\Gitrade1\ctrade1\data\nse_fno_bhavcopy\2015\11\fo06NOV2015bhav.csv.zip,ok,,28877,2122,2015-11-06,2015-11-26,2020-06-25,2700.0,11400.0,188
C:\Ramgo\Business\Trading\India2026\Gitrade1\ctrade1\data\nse_fno_bhavcopy\2015\11\fo09NOV2015bhav.csv.zip,ok,,29052,2122,2015-11-09,2015-11-26,2020-06-25,2700.0,11400.0,201
C:\Ramgo\Business\Trading\India2026\Gitrade1\ctrade1\data\nse_fno_bhavcopy\2015\11\fo10NOV2015bhav.csv.zip,ok,,29249,2124,2015-11-10,2015-11-26,2020-06-25,2700.0,11400.0,190
C:\Ramgo\Business\Trading\India2026\Gitrade1\ctrade1\data\nse_fno_bhavcopy\2015\11\fo11NOV2015bhav.csv.zip,ok,,29421,2128,2015-11-11,2015-11-26,2020-06-25,2700.0,11400.0,149
C:\Ramgo\Business\Trading\India2026\Gitrade1\ctrade1\data\nse_fno_bhavcopy\2015\11\fo13NOV2015bhav.csv.zip,ok,,29467,2128,2015-11-13,2015-11-26,2020-06-25,2700.0,11400.0,185
C:\Ramgo\Business\Trading\India2026\Gitrade1\ctrade1\data\nse_fno_bhavcopy\2015\11\fo16NOV2015bhav.csv.zip,ok,,29597,2132,2015-11-16,2015-11-26,2020-06-25,2700.0,11400.0,206
C:\Ramgo\Business\Trading\India2026\Gitrade1\ctrade1\data\nse_fno_bhavcopy\2015\11\fo17NOV2015bhav.csv.zip,ok,,29683,2132,2015-11-17,2015-11-26,2020-06-25,2700.0,11400.0,205
C:\Ramgo\Business\Trading\India2026\Gitrade1\ctrade1\data\nse_fno_bhavcopy\2015\11\fo18NOV2015bhav.csv.zip,ok,,29693,2132,2015-11-18,2015-11-26,2020-06-25,2700.0,11400.0,216
C:\Ramgo\Business\Trading\India2026\Gitrade1\ctrade1\data\nse_fno_bhavcopy\2015\11\fo19NOV2015bhav.csv.zip,ok,,29731,2134,2015-11-19,2015-11-26,2020-06-25,2700.0,11400.0,212
C:\Ramgo\Business\Trading\India2026\Gitrade1\ctrade1\data\nse_fno_bhavcopy\2015\11\fo20NOV2015bhav.csv.zip,ok,,29823,2134,2015-11-20,2015-11-26,2020-06-25,2700.0,11400.0,219
C:\Ramgo\Business\Trading\India2026\Gitrade1\ctrade1\data\nse_fno_bhavcopy\2015\11\fo23NOV2015bhav.csv.zip,ok,,29713,2134,2015-11-23,2015-11-26,2020-06-25,2700.0,11400.0,230
C:\Ramgo\Business\Trading\India2026\Gitrade1\ctrade1\data\nse_fno_bhavcopy\2015\11\fo24NOV2015bhav.csv.zip,ok,,29755,2134,2015-11-24,2015-11-26,2020-06-25,2700.0,11400.0,250
C:\Ramgo\Business\Trading\India2026\Gitrade1\ctrade1\data\nse_fno_bhavcopy\2015\11\fo26NOV2015bhav.csv.zip,ok,,29811,2134,2015-11-26,2015-11-26,2020-06-25,2700.0,11400.0,279
C:\Ramgo\Business\Trading\India2026\Gitrade1\ctrade1\data\nse_fno_bhavcopy\2015\11\fo27NOV2015bhav.csv.zip,ok,,27609,2104,2015-11-27,2015-12-31,2020-06-25,2700.0,11400.0,178
C:\Ramgo\Business\Trading\India2026\Gitrade1\ctrade1\data\nse_fno_bhavcopy\2015\11\fo30NOV2015bhav.csv.zip,ok,,27655,2106,2015-11-30,2015-12-31,2020-06-25,2700.0,11400.0,187
C:\Ramgo\Business\Trading\India2026\Gitrade1\ctrade1\data\nse_fno_bhavcopy\2015\12\fo01DEC2015bhav.csv.zip,ok,,27681,2106,2015-12-01,2015-12-31,2020-06-25,2700.0,11400.0,186
C:\Ramgo\Business\Trading\India2026\Gitrade1\ctrade1\data\nse_fno_bhavcopy\2015\12\fo02DEC2015bhav.csv.zip,ok,,27725,2106,2015-12-02,2015-12-31,2020-06-25,2700.0,11400.0,191
C:\Ramgo\Business\Trading\India2026\Gitrade1\ctrade1\data\nse_fno_bhavcopy\2015\12\fo03DEC2015bhav.csv.zip,ok,,27729,2106,2015-12-03,2015-12-31,2020-06-25,2700.0,11400.0,209
C:\Ramgo\Business\Trading\India2026\Gitrade1\ctrade1\data\nse_fno_bhavcopy\2015\12\fo04DEC2015bhav.csv.zip,ok,,27737,2108,2015-12-04,2015-12-31,2020-06-25,2700.0,11400.0,204
C:\Ramgo\Business\Trading\India2026\Gitrade1\ctrade1\data\nse_fno_bhavcopy\2015\12\fo07DEC2015bhav.csv.zip,ok,,27781,2110,2015-12-07,2015-12-31,2020-06-25,2700.0,11400.0,205
C:\Ramgo\Business\Trading\India2026\Gitrade1\ctrade1\data\nse_fno_bhavcopy\2015\12\fo08DEC2015bhav.csv.zip,ok,,27785,2112,2015-12-08,2015-12-31,2020-06-25,2700.0,11400.0,203
C:\Ramgo\Business\Trading\India2026\Gitrade1\ctrade1\data\nse_fno_bhavcopy\2015\12\fo09DEC2015bhav.csv.zip,ok,,27849,2116,2015-12-09,2015-12-31,2020-06-25,2700.0,11400.0,200
C:\Ramgo\Business\Trading\India2026\Gitrade1\ctrade1\data\nse_fno_bhavcopy\2015\12\fo10DEC2015bhav.csv.zip,ok,,27963,2128,2015-12-10,2015-12-31,2020-06-25,2700.0,11400.0,205
C:\Ramgo\Business\Trading\India2026\Gitrade1\ctrade1\data\nse_fno_bhavcopy\2015\12\fo11DEC2015bhav.csv.zip,ok,,27987,2128,2015-12-11,2015-12-31,2020-06-25,2700.0,11400.0,204
C:\Ramgo\Business\Trading\India2026\Gitrade1\ctrade1\data\nse_fno_bhavcopy\2015\12\fo14DEC2015bhav.csv.zip,ok,,28053,2128,2015-12-14,2015-12-31,2020-06-25,2700.0,11400.0,208
C:\Ramgo\Business\Trading\India2026\Gitrade1\ctrade1\data\nse_fno_bhavcopy\2015\12\fo15DEC2015bhav.csv.zip,ok,,28091,2128,2015-12-15,2015-12-31,2020-06-25,2700.0,11400.0,212
C:\Ramgo\Business\Trading\India2026\Gitrade1\ctrade1\data\nse_fno_bhavcopy\2015\12\fo16DEC2015bhav.csv.zip,ok,,28101,2128,2015-12-16,2015-12-31,2020-06-25,2700.0,11400.0,216
C:\Ramgo\Business\Trading\India2026\Gitrade1\ctrade1\data\nse_fno_bhavcopy\2015\12\fo17DEC2015bhav.csv.zip,ok,,28109,2128,2015-12-17,2015-12-31,2020-06-25,2700.0,11400.0,229
C:\Ramgo\Business\Trading\India2026\Gitrade1\ctrade1\data\nse_fno_bhavcopy\2015\12\fo18DEC2015bhav.csv.zip,ok,,28145,2128,2015-12-18,2015-12-31,2020-06-25,2700.0,11400.0,220
C:\Ramgo\Business\Trading\India2026\Gitrade1\ctrade1\data\nse_fno_bhavcopy\2015\12\fo21DEC2015bhav.csv.zip,ok,,28009,2128,2015-12-21,2015-12-31,2020-06-25,2700.0,11400.0,217
C:\Ramgo\Business\Trading\India2026\Gitrade1\ctrade1\data\nse_fno_bhavcopy\2015\12\fo22DEC2015bhav.csv.zip,ok,,28069,2128,2015-12-22,2015-12-31,2020-06-25,2700.0,11400.0,236
C:\Ramgo\Business\Trading\India2026\Gitrade1\ctrade1\data\nse_fno_bhavcopy\2015\12\fo23DEC2015bhav.csv.zip,ok,,28109,2128,2015-12-23,2015-12-31,2020-06-25,2700.0,11400.0,232
C:\Ramgo\Business\Trading\India2026\Gitrade1\ctrade1\data\nse_fno_bhavcopy\2015\12\fo24DEC2015bhav.csv.zip,ok,,28127,2128,2015-12-24,2015-12-31,2020-06-25,2700.0,11400.0,234
C:\Ramgo\Business\Trading\India2026\Gitrade1\ctrade1\data\nse_fno_bhavcopy\2015\12\fo28DEC2015bhav.csv.zip,ok,,28189,2128,2015-12-28,2015-12-31,2020-06-25,2700.0,11400.0,260
C:\Ramgo\Business\Trading\India2026\Gitrade1\ctrade1\data\nse_fno_bhavcopy\2015\12\fo29DEC2015bhav.csv.zip,ok,,28201,2128,2015-12-29,2015-12-31,2020-06-25,2700.0,11400.0,261
C:\Ramgo\Business\Trading\India2026\Gitrade1\ctrade1\data\nse_fno_bhavcopy\2015\12\fo30DEC2015bhav.csv.zip,ok,,28237,2128,2015-12-30,2015-12-31,2020-06-25,2700.0,11400.0,280
C:\Ramgo\Business\Trading\India2026\Gitrade1\ctrade1\data\nse_fno_bhavcopy\2015\12\fo31DEC2015bhav.csv.zip,ok,,28265,2128,2015-12-31,2015-12-31,2020-06-25,2700.0,11400.0,286
C:\Ramgo\Business\Trading\India2026\Gitrade1\ctrade1\data\nse_fno_bhavcopy\2016\01\fo01JAN2016bhav.csv.zip,ok,,30951,2038,2016-01-01,2016-01-28,2020-12-31,2700.0,11400.0,184
C:\Ramgo\Business\Trading\India2026\Gitrade1\ctrade1\data\nse_fno_bhavcopy\2016\01\fo04JAN2016bhav.csv.zip,ok,,31259,2040,2016-01-04,2016-01-28,2020-12-31,2700.0,11400.0,201
C:\Ramgo\Business\Trading\India2026\Gitrade1\ctrade1\data\nse_fno_bhavcopy\2016\01\fo05JAN2016bhav.csv.zip,ok,,31373,2044,2016-01-05,2016-01-28,2020-12-31,2700.0,11400.0,185
C:\Ramgo\Business\Trading\India2026\Gitrade1\ctrade1\data\nse_fno_bhavcopy\2016\01\fo06JAN2016bhav.csv.zip,ok,,31499,2044,2016-01-06,2016-01-28,2020-12-31,2700.0,11400.0,198
C:\Ramgo\Business\Trading\India2026\Gitrade1\ctrade1\data\nse_fno_bhavcopy\2016\01\fo07JAN2016bhav.csv.zip,ok,,31559,2048,2016-01-07,2016-01-28,2020-12-31,2700.0,11400.0,214
C:\Ramgo\Business\Trading\India2026\Gitrade1\ctrade1\data\nse_fno_bhavcopy\2016\01\fo08JAN2016bhav.csv.zip,ok,,31851,2058,2016-01-08,2016-01-28,2020-12-31,2700.0,11400.0,202
C:\Ramgo\Business\Trading\India2026\Gitrade1\ctrade1\data\nse_fno_bhavcopy\2016\01\fo11JAN2016bhav.csv.zip,ok,,31955,2058,2016-01-11,2016-01-28,2020-12-31,2700.0,11400.0,208
C:\Ramgo\Business\Trading\India2026\Gitrade1\ctrade1\data\nse_fno_bhavcopy\2016\01\fo12JAN2016bhav.csv.zip,ok,,32103,2058,2016-01-12,2016-01-28,2020-12-31,2700.0,11400.0,207
C:\Ramgo\Business\Trading\India2026\Gitrade1\ctrade1\data\nse_fno_bhavcopy\2016\01\fo13JAN2016bhav.csv.zip,ok,,32241,2070,2016-01-13,2016-01-28,2020-12-31,2700.0,11400.0,218
C:\Ramgo\Business\Trading\India2026\Gitrade1\ctrade1\data\nse_fno_bhavcopy\2016\01\fo14JAN2016bhav.csv.zip,ok,,32361,2070,2016-01-14,2016-01-28,2020-12-31,2700.0,11400.0,211
C:\Ramgo\Business\Trading\India2026\Gitrade1\ctrade1\data\nse_fno_bhavcopy\2016\01\fo15JAN2016bhav.csv.zip,ok,,32573,2070,2016-01-15,2016-01-28,2020-12-31,2700.0,11400.0,212
C:\Ramgo\Business\Trading\India2026\Gitrade1\ctrade1\data\nse_fno_bhavcopy\2016\01\fo18JAN2016bhav.csv.zip,ok,,32949,2086,2016-01-18,2016-01-28,2020-12-31,2700.0,11400.0,221
C:\Ramgo\Business\Trading\India2026\Gitrade1\ctrade1\data\nse_fno_bhavcopy\2016\01\fo19JAN2016bhav.csv.zip,ok,,33563,2096,2016-01-19,2016-01-28,2020-12-31,2700.0,11400.0,220
C:\Ramgo\Business\Trading\India2026\Gitrade1\ctrade1\data\nse_fno_bhavcopy\2016\01\fo20JAN2016bhav.csv.zip,ok,,33489,2096,2016-01-20,2016-01-28,2020-12-31,2700.0,11400.0,236
C:\Ramgo\Business\Trading\India2026\Gitrade1\ctrade1\data\nse_fno_bhavcopy\2016\01\fo21JAN2016bhav.csv.zip,ok,,33831,2110,2016-01-21,2016-01-28,2020-12-31,2700.0,11400.0,235
C:\Ramgo\Business\Trading\India2026\Gitrade1\ctrade1\data\nse_fno_bhavcopy\2016\01\fo22JAN2016bhav.csv.zip,ok,,34115,2110,2016-01-22,2016-01-28,2020-12-31,2700.0,11400.0,234
C:\Ramgo\Business\Trading\India2026\Gitrade1\ctrade1\data\nse_fno_bhavcopy\2016\01\fo25JAN2016bhav.csv.zip,ok,,34163,2110,2016-01-25,2016-01-28,2020-12-31,2700.0,11400.0,248
C:\Ramgo\Business\Trading\India2026\Gitrade1\ctrade1\data\nse_fno_bhavcopy\2016\01\fo27JAN2016bhav.csv.zip,ok,,34189,2110,2016-01-27,2016-01-28,2020-12-31,2700.0,11400.0,264
C:\Ramgo\Business\Trading\India2026\Gitrade1\ctrade1\data\nse_fno_bhavcopy\2016\01\fo28JAN2016bhav.csv.zip,ok,,34219,2110,2016-01-28,2016-01-28,2020-12-31,2700.0,11400.0,288
C:\Ramgo\Business\Trading\India2026\Gitrade1\ctrade1\data\nse_fno_bhavcopy\2016\01\fo29JAN2016bhav.csv.zip,ok,,32573,2078,2016-01-29,2016-02-25,2020-12-31,2700.0,11400.0,217
C:\Ramgo\Business\Trading\India2026\Gitrade1\ctrade1\data\nse_fno_bhavcopy\2016\02\fo01FEB2016bhav.csv.zip,ok,,32631,2084,2016-02-01,2016-02-25,2020-12-31,2700.0,11400.0,203
C:\Ramgo\Business\Trading\India2026\Gitrade1\ctrade1\data\nse_fno_bhavcopy\2016\02\fo02FEB2016bhav.csv.zip,ok,,32791,2084,2016-02-02,2016-02-25,2020-12-31,2700.0,11400.0,211
C:\Ramgo\Business\Trading\India2026\Gitrade1\ctrade1\data\nse_fno_bhavcopy\2016\02\fo03FEB2016bhav.csv.zip,ok,,33135,2084,2016-02-03,2016-02-25,2020-12-31,2700.0,11400.0,219
C:\Ramgo\Business\Trading\India2026\Gitrade1\ctrade1\data\nse_fno_bhavcopy\2016\02\fo04FEB2016bhav.csv.zip,ok,,33243,2086,2016-02-04,2016-02-25,2020-12-31,2700.0,11400.0,227
C:\Ramgo\Business\Trading\India2026\Gitrade1\ctrade1\data\nse_fno_bhavcopy\2016\02\fo05FEB2016bhav.csv.zip,ok,,33557,2086,2016-02-05,2016-02-25,2020-12-31,2700.0,11400.0,213
C:\Ramgo\Business\Trading\India2026\Gitrade1\ctrade1\data\nse_fno_bhavcopy\2016\02\fo08FEB2016bhav.csv.zip,ok,,33753,2086,2016-02-08,2016-02-25,2020-12-31,2700.0,11400.0,217
C:\Ramgo\Business\Trading\India2026\Gitrade1\ctrade1\data\nse_fno_bhavcopy\2016\02\fo09FEB2016bhav.csv.zip,ok,,33753,2086,2016-02-09,2016-02-25,2020-12-31,2700.0,11400.0,231
C:\Ramgo\Business\Trading\India2026\Gitrade1\ctrade1\data\nse_fno_bhavcopy\2016\02\fo10FEB2016bhav.csv.zip,ok,,33877,2088,2016-02-10,2016-02-25,2020-12-31,2700.0,11400.0,238
C:\Ramgo\Business\Trading\India2026\Gitrade1\ctrade1\data\nse_fno_bhavcopy\2016\02\fo11FEB2016bhav.csv.zip,ok,,34161,2108,2016-02-11,2016-02-25,2020-12-31,2700.0,11400.0,250
C:\Ramgo\Business\Trading\India2026\Gitrade1\ctrade1\data\nse_fno_bhavcopy\2016\02\fo12FEB2016bhav.csv.zip,ok,,35081,2148,2016-02-12,2016-02-25,2020-12-31,2700.0,11400.0,264
C:\Ramgo\Business\Trading\India2026\Gitrade1\ctrade1\data\nse_fno_bhavcopy\2016\02\fo15FEB2016bhav.csv.zip,ok,,35489,2148,2016-02-15,2016-02-25,2020-12-31,2700.0,11400.0,250
C:\Ramgo\Business\Trading\India2026\Gitrade1\ctrade1\data\nse_fno_bhavcopy\2016\02\fo16FEB2016bhav.csv.zip,ok,,35507,2148,2016-02-16,2016-02-25,2020-12-31,2700.0,11400.0,241
C:\Ramgo\Business\Trading\India2026\Gitrade1\ctrade1\data\nse_fno_bhavcopy\2016\02\fo17FEB2016bhav.csv.zip,ok,,35571,2148,2016-02-17,2016-02-25,2020-12-31,2700.0,11400.0,253
C:\Ramgo\Business\Trading\India2026\Gitrade1\ctrade1\data\nse_fno_bhavcopy\2016\02\fo18FEB2016bhav.csv.zip,ok,,35595,2148,2016-02-18,2016-02-25,2020-12-31,2700.0,11400.0,261
C:\Ramgo\Business\Trading\India2026\Gitrade1\ctrade1\data\nse_fno_bhavcopy\2016\02\fo19FEB2016bhav.csv.zip,ok,,35615,2148,2016-02-19,2016-02-25,2020-12-31,2700.0,11400.0,261
C:\Ramgo\Business\Trading\India2026\Gitrade1\ctrade1\data\nse_fno_bhavcopy\2016\02\fo22FEB2016bhav.csv.zip,ok,,35495,2148,2016-02-22,2016-02-25,2020-12-31,2700.0,11400.0,255
C:\Ramgo\Business\Trading\India2026\Gitrade1\ctrade1\data\nse_fno_bhavcopy\2016\02\fo23FEB2016bhav.csv.zip,ok,,35529,2148,2016-02-23,2016-02-25,2020-12-31,2700.0,11400.0,273
C:\Ramgo\Business\Trading\India2026\Gitrade1\ctrade1\data\nse_fno_bhavcopy\2016\02\fo24FEB2016bhav.csv.zip,ok,,35603,2148,2016-02-24,2016-02-25,2020-12-31,2700.0,11400.0,285
C:\Ramgo\Business\Trading\India2026\Gitrade1\ctrade1\data\nse_fno_bhavcopy\2016\02\fo25FEB2016bhav.csv.zip,ok,,35831,2148,2016-02-25,2016-02-25,2020-12-31,2700.0,11400.0,313
C:\Ramgo\Business\Trading\India2026\Gitrade1\ctrade1\data\nse_fno_bhavcopy\2016\02\fo26FEB2016bhav.csv.zip,ok,,34010,2114,2016-02-26,2016-03-31,2020-12-31,2700.0,11400.0,205
C:\Ramgo\Business\Trading\India2026\Gitrade1\ctrade1\data\nse_fno_bhavcopy\2016\02\fo29FEB2016bhav.csv.zip,ok,,34130,2118,2016-02-29,2016-03-31,2020-12-31,2700.0,11400.0,223
C:\Ramgo\Business\Trading\India2026\Gitrade1\ctrade1\data\nse_fno_bhavcopy\2016\03\fo01MAR2016bhav.csv.zip,ok,,34256,2118,2016-03-01,2016-03-31,2020-12-31,2700.0,11400.0,220
C:\Ramgo\Business\Trading\India2026\Gitrade1\ctrade1\data\nse_fno_bhavcopy\2016\03\fo02MAR2016bhav.csv.zip,ok,,34388,2124,2016-03-02,2016-03-31,2020-12-31,2700.0,11400.0,221
C:\Ramgo\Business\Trading\India2026\Gitrade1\ctrade1\data\nse_fno_bhavcopy\2016\03\fo03MAR2016bhav.csv.zip,ok,,34486,2130,2016-03-03,2016-03-31,2020-12-31,2700.0,11400.0,251
C:\Ramgo\Business\Trading\India2026\Gitrade1\ctrade1\data\nse_fno_bhavcopy\2016\03\fo04MAR2016bhav.csv.zip,ok,,34606,2136,2016-03-04,2016-03-31,2020-12-31,2700.0,11400.0,224
C:\Ramgo\Business\Trading\India2026\Gitrade1\ctrade1\data\nse_fno_bhavcopy\2016\03\fo08MAR2016bhav.csv.zip,ok,,34648,2136,2016-03-08,2016-03-31,2020-12-31,2700.0,11400.0,227
C:\Ramgo\Business\Trading\India2026\Gitrade1\ctrade1\data\nse_fno_bhavcopy\2016\03\fo09MAR2016bhav.csv.zip,ok,,34750,2136,2016-03-09,2016-03-31,2020-12-31,2700.0,11400.0,221
C:\Ramgo\Business\Trading\India2026\Gitrade1\ctrade1\data\nse_fno_bhavcopy\2016\03\fo10MAR2016bhav.csv.zip,ok,,34926,2138,2016-03-10,2016-03-31,2020-12-31,2700.0,11400.0,227
C:\Ramgo\Business\Trading\India2026\Gitrade1\ctrade1\data\nse_fno_bhavcopy\2016\03\fo11MAR2016bhav.csv.zip,ok,,34952,2138,2016-03-11,2016-03-31,2020-12-31,2700.0,11400.0,244
C:\Ramgo\Business\Trading\India2026\Gitrade1\ctrade1\data\nse_fno_bhavcopy\2016\03\fo14MAR2016bhav.csv.zip,ok,,34976,2138,2016-03-14,2016-03-31,2020-12-31,2700.0,11400.0,235
C:\Ramgo\Business\Trading\India2026\Gitrade1\ctrade1\data\nse_fno_bhavcopy\2016\03\fo15MAR2016bhav.csv.zip,ok,,34904,2138,2016-03-15,2016-03-31,2020-12-31,2700.0,11400.0,223
C:\Ramgo\Business\Trading\India2026\Gitrade1\ctrade1\data\nse_fno_bhavcopy\2016\03\fo16MAR2016bhav.csv.zip,ok,,34952,2138,2016-03-16,2016-03-31,2020-12-31,2700.0,11400.0,251
C:\Ramgo\Business\Trading\India2026\Gitrade1\ctrade1\data\nse_fno_bhavcopy\2016\03\fo17MAR2016bhav.csv.zip,ok,,34964,2138,2016-03-17,2016-03-31,2020-12-31,2700.0,11400.0,237
C:\Ramgo\Business\Trading\India2026\Gitrade1\ctrade1\data\nse_fno_bhavcopy\2016\03\fo18MAR2016bhav.csv.zip,ok,,34994,2138,2016-03-18,2016-03-31,2020-12-31,2700.0,11400.0,243
C:\Ramgo\Business\Trading\India2026\Gitrade1\ctrade1\data\nse_fno_bhavcopy\2016\03\fo21MAR2016bhav.csv.zip,ok,,34948,2142,2016-03-21,2016-03-31,2020-12-31,2700.0,11400.0,251
C:\Ramgo\Business\Trading\India2026\Gitrade1\ctrade1\data\nse_fno_bhavcopy\2016\03\fo22MAR2016bhav.csv.zip,ok,,35060,2150,2016-03-22,2016-03-31,2020-12-31,2700.0,11400.0,263
C:\Ramgo\Business\Trading\India2026\Gitrade1\ctrade1\data\nse_fno_bhavcopy\2016\03\fo23MAR2016bhav.csv.zip,ok,,35200,2150,2016-03-23,2016-03-31,2020-12-31,2700.0,11400.0,248
C:\Ramgo\Business\Trading\India2026\Gitrade1\ctrade1\data\nse_fno_bhavcopy\2016\03\fo28MAR2016bhav.csv.zip,ok,,35282,2150,2016-03-28,2016-03-31,2020-12-31,2700.0,11400.0,267
C:\Ramgo\Business\Trading\India2026\Gitrade1\ctrade1\data\nse_fno_bhavcopy\2016\03\fo29MAR2016bhav.csv.zip,ok,,35366,2150,2016-03-29,2016-03-31,2020-12-31,2700.0,11400.0,275
C:\Ramgo\Business\Trading\India2026\Gitrade1\ctrade1\data\nse_fno_bhavcopy\2016\03\fo30MAR2016bhav.csv.zip,ok,,35472,2150,2016-03-30,2016-03-31,2020-12-31,2700.0,11400.0,289
C:\Ramgo\Business\Trading\India2026\Gitrade1\ctrade1\data\nse_fno_bhavcopy\2016\03\fo31MAR2016bhav.csv.zip,ok,,35640,2154,2016-03-31,2016-03-31,2020-12-31,2700.0,11400.0,299
C:\Ramgo\Business\Trading\India2026\Gitrade1\ctrade1\data\nse_fno_bhavcopy\2016\04\fo01APR2016bhav.csv.zip,ok,,30022,2110,2016-04-01,2016-04-28,2020-12-31,2700.0,11400.0,178
C:\Ramgo\Business\Trading\India2026\Gitrade1\ctrade1\data\nse_fno_bhavcopy\2016\04\fo04APR2016bhav.csv.zip,ok,,32888,2110,2016-04-04,2016-04-28,2020-12-31,2700.0,11400.0,189
C:\Ramgo\Business\Trading\India2026\Gitrade1\ctrade1\data\nse_fno_bhavcopy\2016\04\fo05APR2016bhav.csv.zip,ok,,32956,2112,2016-04-05,2016-04-28,2020-12-31,2700.0,11400.0,208
C:\Ramgo\Business\Trading\India2026\Gitrade1\ctrade1\data\nse_fno_bhavcopy\2016\04\fo06APR2016bhav.csv.zip,ok,,33026,2116,2016-04-06,2016-04-28,2020-12-31,2700.0,11400.0,203
C:\Ramgo\Business\Trading\India2026\Gitrade1\ctrade1\data\nse_fno_bhavcopy\2016\04\fo07APR2016bhav.csv.zip,ok,,33184,2116,2016-04-07,2016-04-28,2020-12-31,2700.0,11400.0,205
C:\Ramgo\Business\Trading\India2026\Gitrade1\ctrade1\data\nse_fno_bhavcopy\2016\04\fo08APR2016bhav.csv.zip,ok,,33224,2120,2016-04-08,2016-04-28,2020-12-31,2700.0,11400.0,196
C:\Ramgo\Business\Trading\India2026\Gitrade1\ctrade1\data\nse_fno_bhavcopy\2016\04\fo11APR2016bhav.csv.zip,ok,,33336,2120,2016-04-11,2016-04-28,2020-12-31,2700.0,11400.0,221
C:\Ramgo\Business\Trading\India2026\Gitrade1\ctrade1\data\nse_fno_bhavcopy\2016\04\fo12APR2016bhav.csv.zip,ok,,33424,2120,2016-04-12,2016-04-28,2020-12-31,2700.0,11400.0,201
C:\Ramgo\Business\Trading\India2026\Gitrade1\ctrade1\data\nse_fno_bhavcopy\2016\04\fo13APR2016bhav.csv.zip,ok,,33563,2120,2016-04-13,2016-04-28,2020-12-31,2700.0,11400.0,211
C:\Ramgo\Business\Trading\India2026\Gitrade1\ctrade1\data\nse_fno_bhavcopy\2016\04\fo18APR2016bhav.csv.zip,ok,,33544,2132,2016-04-18,2016-04-28,2020-12-31,2700.0,11400.0,208
C:\Ramgo\Business\Trading\India2026\Gitrade1\ctrade1\data\nse_fno_bhavcopy\2016\04\fo20APR2016bhav.csv.zip,ok,,33764,2136,2016-04-20,2016-04-28,2020-12-31,2700.0,11400.0,217
C:\Ramgo\Business\Trading\India2026\Gitrade1\ctrade1\data\nse_fno_bhavcopy\2016\04\fo21APR2016bhav.csv.zip,ok,,33986,2136,2016-04-21,2016-04-28,2020-12-31,2700.0,11400.0,214
C:\Ramgo\Business\Trading\India2026\Gitrade1\ctrade1\data\nse_fno_bhavcopy\2016\04\fo22APR2016bhav.csv.zip,ok,,34026,2136,2016-04-22,2016-04-28,2020-12-31,2700.0,11400.0,222
C:\Ramgo\Business\Trading\India2026\Gitrade1\ctrade1\data\nse_fno_bhavcopy\2016\04\fo25APR2016bhav.csv.zip,ok,,34048,2136,2016-04-25,2016-04-28,2020-12-31,2700.0,11400.0,238
C:\Ramgo\Business\Trading\India2026\Gitrade1\ctrade1\data\nse_fno_bhavcopy\2016\04\fo26APR2016bhav.csv.zip,ok,,34070,2136,2016-04-26,2016-04-28,2020-12-31,2700.0,11400.0,245
C:\Ramgo\Business\Trading\India2026\Gitrade1\ctrade1\data\nse_fno_bhavcopy\2016\04\fo27APR2016bhav.csv.zip,ok,,34146,2144,2016-04-27,2016-04-28,2020-12-31,2700.0,11400.0,235
C:\Ramgo\Business\Trading\India2026\Gitrade1\ctrade1\data\nse_fno_bhavcopy\2016\04\fo28APR2016bhav.csv.zip,ok,,34250,2148,2016-04-28,2016-04-28,2020-12-31,2700.0,11400.0,261
C:\Ramgo\Business\Trading\India2026\Gitrade1\ctrade1\data\nse_fno_bhavcopy\2016\04\fo29APR2016bhav.csv.zip,ok,,31282,2106,2016-04-29,2016-05-26,2020-12-31,2700.0,11400.0,206
C:\Ramgo\Business\Trading\India2026\Gitrade1\ctrade1\data\nse_fno_bhavcopy\2016\05\fo02MAY2016bhav.csv.zip,ok,,31382,2106,2016-05-02,2016-05-26,2020-12-31,2700.0,11400.0,199
C:\Ramgo\Business\Trading\India2026\Gitrade1\ctrade1\data\nse_fno_bhavcopy\2016\05\fo03MAY2016bhav.csv.zip,ok,,31482,2108,2016-05-03,2016-05-26,2020-12-31,2700.0,11400.0,217
C:\Ramgo\Business\Trading\India2026\Gitrade1\ctrade1\data\nse_fno_bhavcopy\2016\05\fo04MAY2016bhav.csv.zip,ok,,31534,2110,2016-05-04,2016-05-26,2020-12-31,2700.0,11400.0,191
C:\Ramgo\Business\Trading\India2026\Gitrade1\ctrade1\data\nse_fno_bhavcopy\2016\05\fo05MAY2016bhav.csv.zip,ok,,31564,2112,2016-05-05,2016-05-26,2020-12-31,2700.0,11400.0,190
C:\Ramgo\Business\Trading\India2026\Gitrade1\ctrade1\data\nse_fno_bhavcopy\2016\05\fo06MAY2016bhav.csv.zip,ok,,31584,2112,2016-05-06,2016-05-26,2020-12-31,2700.0,11400.0,198
C:\Ramgo\Business\Trading\India2026\Gitrade1\ctrade1\data\nse_fno_bhavcopy\2016\05\fo09MAY2016bhav.csv.zip,ok,,31612,2112,2016-05-09,2016-05-26,2020-12-31,2700.0,11400.0,200
C:\Ramgo\Business\Trading\India2026\Gitrade1\ctrade1\data\nse_fno_bhavcopy\2016\05\fo10MAY2016bhav.csv.zip,ok,,31646,2112,2016-05-10,2016-05-26,2020-12-31,2700.0,11400.0,189
C:\Ramgo\Business\Trading\India2026\Gitrade1\ctrade1\data\nse_fno_bhavcopy\2016\05\fo11MAY2016bhav.csv.zip,ok,,31694,2114,2016-05-11,2016-05-26,2020-12-31,2700.0,11400.0,192
C:\Ramgo\Business\Trading\India2026\Gitrade1\ctrade1\data\nse_fno_bhavcopy\2016\05\fo12MAY2016bhav.csv.zip,ok,,31804,2114,2016-05-12,2016-05-26,2020-12-31,2700.0,11400.0,201
C:\Ramgo\Business\Trading\India2026\Gitrade1\ctrade1\data\nse_fno_bhavcopy\2016\05\fo13MAY2016bhav.csv.zip,ok,,31894,2114,2016-05-13,2016-05-26,2020-12-31,2700.0,11400.0,213
C:\Ramgo\Business\Trading\India2026\Gitrade1\ctrade1\data\nse_fno_bhavcopy\2016\05\fo16MAY2016bhav.csv.zip,ok,,31942,2114,2016-05-16,2016-05-26,2020-12-31,2700.0,11400.0,202
C:\Ramgo\Business\Trading\India2026\Gitrade1\ctrade1\data\nse_fno_bhavcopy\2016\05\fo17MAY2016bhav.csv.zip,ok,,32046,2114,2016-05-17,2016-05-26,2020-12-31,2700.0,11400.0,220
C:\Ramgo\Business\Trading\India2026\Gitrade1\ctrade1\data\nse_fno_bhavcopy\2016\05\fo18MAY2016bhav.csv.zip,ok,,32158,2114,2016-05-18,2016-05-26,2020-12-31,2700.0,11400.0,237
C:\Ramgo\Business\Trading\India2026\Gitrade1\ctrade1\data\nse_fno_bhavcopy\2016\05\fo19MAY2016bhav.csv.zip,ok,,32202,2114,2016-05-19,2016-05-26,2020-12-31,2700.0,11400.0,212
C:\Ramgo\Business\Trading\India2026\Gitrade1\ctrade1\data\nse_fno_bhavcopy\2016\05\fo20MAY2016bhav.csv.zip,ok,,32303,2114,2016-05-20,2016-05-26,2020-12-31,2700.0,11400.0,219
C:\Ramgo\Business\Trading\India2026\Gitrade1\ctrade1\data\nse_fno_bhavcopy\2016\05\fo23MAY2016bhav.csv.zip,ok,,32250,2114,2016-05-23,2016-05-26,2020-12-31,2700.0,11400.0,232
C:\Ramgo\Business\Trading\India2026\Gitrade1\ctrade1\data\nse_fno_bhavcopy\2016\05\fo24MAY2016bhav.csv.zip,ok,,32284,2114,2016-05-24,2016-05-26,2020-12-31,2700.0,11400.0,237
C:\Ramgo\Business\Trading\India2026\Gitrade1\ctrade1\data\nse_fno_bhavcopy\2016\05\fo25MAY2016bhav.csv.zip,ok,,32394,2114,2016-05-25,2016-05-26,2020-12-31,2700.0,11400.0,251
C:\Ramgo\Business\Trading\India2026\Gitrade1\ctrade1\data\nse_fno_bhavcopy\2016\05\fo26MAY2016bhav.csv.zip,ok,,32564,2116,2016-05-26,2016-05-26,2020-12-31,2700.0,11400.0,273
C:\Ramgo\Business\Trading\India2026\Gitrade1\ctrade1\data\nse_fno_bhavcopy\2016\05\fo27MAY2016bhav.csv.zip,ok,,30399,2084,2016-05-27,2016-06-30,2020-12-31,2700.0,11400.0,194
C:\Ramgo\Business\Trading\India2026\Gitrade1\ctrade1\data\nse_fno_bhavcopy\2016\05\fo30MAY2016bhav.csv.zip,ok,,30619,2098,2016-05-30,2016-06-30,2020-12-31,2700.0,11400.0,181
C:\Ramgo\Business\Trading\India2026\Gitrade1\ctrade1\data\nse_fno_bhavcopy\2016\05\fo31MAY2016bhav.csv.zip,ok,,30823,2102,2016-05-31,2016-06-30,2020-12-31,2700.0,11400.0,202
C:\Ramgo\Business\Trading\India2026\Gitrade1\ctrade1\data\nse_fno_bhavcopy\2016\06\fo01JUN2016bhav.csv.zip,ok,,30947,2102,2016-06-01,2016-06-30,2020-12-31,2700.0,11400.0,185
C:\Ramgo\Business\Trading\India2026\Gitrade1\ctrade1\data\nse_fno_bhavcopy\2016\06\fo02JUN2016bhav.csv.zip,ok,,31035,2102,2016-06-02,2016-06-30,2020-12-31,2700.0,11400.0,196
C:\Ramgo\Business\Trading\India2026\Gitrade1\ctrade1\data\nse_fno_bhavcopy\2016\06\fo03JUN2016bhav.csv.zip,ok,,31121,2102,2016-06-03,2016-06-30,2020-12-31,2700.0,11400.0,190
C:\Ramgo\Business\Trading\India2026\Gitrade1\ctrade1\data\nse_fno_bhavcopy\2016\06\fo06JUN2016bhav.csv.zip,ok,,31213,2102,2016-06-06,2016-06-30,2020-12-31,2700.0,11400.0,195
C:\Ramgo\Business\Trading\India2026\Gitrade1\ctrade1\data\nse_fno_bhavcopy\2016\06\fo07JUN2016bhav.csv.zip,ok,,31271,2102,2016-06-07,2016-06-30,2020-12-31,2700.0,11400.0,202
C:\Ramgo\Business\Trading\India2026\Gitrade1\ctrade1\data\nse_fno_bhavcopy\2016\06\fo08JUN2016bhav.csv.zip,ok,,31359,2112,2016-06-08,2016-06-30,2020-12-31,2700.0,11400.0,193
C:\Ramgo\Business\Trading\India2026\Gitrade1\ctrade1\data\nse_fno_bhavcopy\2016\06\fo09JUN2016bhav.csv.zip,ok,,31419,2112,2016-06-09,2016-06-30,2020-12-31,2700.0,11400.0,203
C:\Ramgo\Business\Trading\India2026\Gitrade1\ctrade1\data\nse_fno_bhavcopy\2016\06\fo10JUN2016bhav.csv.zip,ok,,31437,2112,2016-06-10,2016-06-30,2020-12-31,2700.0,11400.0,216
C:\Ramgo\Business\Trading\India2026\Gitrade1\ctrade1\data\nse_fno_bhavcopy\2016\06\fo13JUN2016bhav.csv.zip,ok,,31479,2112,2016-06-13,2016-06-30,2020-12-31,2700.0,11400.0,203
C:\Ramgo\Business\Trading\India2026\Gitrade1\ctrade1\data\nse_fno_bhavcopy\2016\06\fo14JUN2016bhav.csv.zip,ok,,31501,2112,2016-06-14,2016-06-30,2020-12-31,2700.0,11400.0,195
C:\Ramgo\Business\Trading\India2026\Gitrade1\ctrade1\data\nse_fno_bhavcopy\2016\06\fo15JUN2016bhav.csv.zip,ok,,31523,2112,2016-06-15,2016-06-30,2020-12-31,2700.0,11400.0,216
C:\Ramgo\Business\Trading\India2026\Gitrade1\ctrade1\data\nse_fno_bhavcopy\2016\06\fo16JUN2016bhav.csv.zip,ok,,31599,2112,2016-06-16,2016-06-30,2020-12-31,2700.0,11400.0,225
C:\Ramgo\Business\Trading\India2026\Gitrade1\ctrade1\data\nse_fno_bhavcopy\2016\06\fo17JUN2016bhav.csv.zip,ok,,31650,2112,2016-06-17,2016-06-30,2020-12-31,2700.0,11400.0,207
C:\Ramgo\Business\Trading\India2026\Gitrade1\ctrade1\data\nse_fno_bhavcopy\2016\06\fo20JUN2016bhav.csv.zip,ok,,31499,2112,2016-06-20,2016-06-30,2020-12-31,2700.0,11400.0,211
C:\Ramgo\Business\Trading\India2026\Gitrade1\ctrade1\data\nse_fno_bhavcopy\2016\06\fo21JUN2016bhav.csv.zip,ok,,31541,2112,2016-06-21,2016-06-30,2020-12-31,2700.0,11400.0,203
C:\Ramgo\Business\Trading\India2026\Gitrade1\ctrade1\data\nse_fno_bhavcopy\2016\06\fo22JUN2016bhav.csv.zip,ok,,31581,2112,2016-06-22,2016-06-30,2020-12-31,2700.0,11400.0,239
C:\Ramgo\Business\Trading\India2026\Gitrade1\ctrade1\data\nse_fno_bhavcopy\2016\06\fo23JUN2016bhav.csv.zip,ok,,31595,2112,2016-06-23,2016-06-30,2020-12-31,2700.0,11400.0,259
C:\Ramgo\Business\Trading\India2026\Gitrade1\ctrade1\data\nse_fno_bhavcopy\2016\06\fo24JUN2016bhav.csv.zip,ok,,31665,2112,2016-06-24,2016-06-30,2020-12-31,2700.0,11400.0,240
C:\Ramgo\Business\Trading\India2026\Gitrade1\ctrade1\data\nse_fno_bhavcopy\2016\06\fo27JUN2016bhav.csv.zip,ok,,31721,2112,2016-06-27,2016-06-30,2020-12-31,2700.0,11400.0,250
C:\Ramgo\Business\Trading\India2026\Gitrade1\ctrade1\data\nse_fno_bhavcopy\2016\06\fo28JUN2016bhav.csv.zip,ok,,31837,2112,2016-06-28,2016-06-30,2020-12-31,2700.0,11400.0,258
C:\Ramgo\Business\Trading\India2026\Gitrade1\ctrade1\data\nse_fno_bhavcopy\2016\06\fo29JUN2016bhav.csv.zip,ok,,31943,2112,2016-06-29,2016-06-30,2020-12-31,2700.0,11400.0,263
C:\Ramgo\Business\Trading\India2026\Gitrade1\ctrade1\data\nse_fno_bhavcopy\2016\06\fo30JUN2016bhav.csv.zip,ok,,32063,2112,2016-06-30,2016-06-30,2020-12-31,2700.0,11400.0,285
C:\Ramgo\Business\Trading\India2026\Gitrade1\ctrade1\data\nse_fno_bhavcopy\2016\07\fo01JUL2016bhav.csv.zip,ok,,33230,2022,2016-07-01,2016-07-28,2021-06-24,2800.0,11400.0,183
C:\Ramgo\Business\Trading\India2026\Gitrade1\ctrade1\data\nse_fno_bhavcopy\2016\07\fo04JUL2016bhav.csv.zip,ok,,33612,2028,2016-07-04,2016-07-28,2021-06-24,2800.0,11400.0,191
C:\Ramgo\Business\Trading\India2026\Gitrade1\ctrade1\data\nse_fno_bhavcopy\2016\07\fo05JUL2016bhav.csv.zip,ok,,34038,2034,2016-07-05,2016-07-28,2021-06-24,2800.0,11400.0,180
C:\Ramgo\Business\Trading\India2026\Gitrade1\ctrade1\data\nse_fno_bhavcopy\2016\07\fo07JUL2016bhav.csv.zip,ok,,34110,2034,2016-07-07,2016-07-28,2021-06-24,2800.0,11400.0,179
C:\Ramgo\Business\Trading\India2026\Gitrade1\ctrade1\data\nse_fno_bhavcopy\2016\07\fo08JUL2016bhav.csv.zip,ok,,34216,2034,2016-07-08,2016-07-28,2021-06-24,2800.0,11400.0,185
C:\Ramgo\Business\Trading\India2026\Gitrade1\ctrade1\data\nse_fno_bhavcopy\2016\07\fo11JUL2016bhav.csv.zip,ok,,34310,2034,2016-07-11,2016-07-28,2021-06-24,2800.0,11400.0,192
C:\Ramgo\Business\Trading\India2026\Gitrade1\ctrade1\data\nse_fno_bhavcopy\2016\07\fo12JUL2016bhav.csv.zip,ok,,34722,2050,2016-07-12,2016-07-28,2021-06-24,2800.0,11400.0,191
C:\Ramgo\Business\Trading\India2026\Gitrade1\ctrade1\data\nse_fno_bhavcopy\2016\07\fo13JUL2016bhav.csv.zip,ok,,34980,2054,2016-07-13,2016-07-28,2021-06-24,2800.0,11400.0,187
C:\Ramgo\Business\Trading\India2026\Gitrade1\ctrade1\data\nse_fno_bhavcopy\2016\07\fo14JUL2016bhav.csv.zip,ok,,35074,2054,2016-07-14,2016-07-28,2021-06-24,2800.0,11400.0,205
C:\Ramgo\Business\Trading\India2026\Gitrade1\ctrade1\data\nse_fno_bhavcopy\2016\07\fo15JUL2016bhav.csv.zip,ok,,35303,2066,2016-07-15,2016-07-28,2021-06-24,2800.0,11400.0,213
C:\Ramgo\Business\Trading\India2026\Gitrade1\ctrade1\data\nse_fno_bhavcopy\2016\07\fo18JUL2016bhav.csv.zip,ok,,35438,2066,2016-07-18,2016-07-28,2021-06-24,2800.0,11400.0,216
C:\Ramgo\Business\Trading\India2026\Gitrade1\ctrade1\data\nse_fno_bhavcopy\2016\07\fo19JUL2016bhav.csv.zip,ok,,35548,2066,2016-07-19,2016-07-28,2021-06-24,2800.0,11400.0,208
C:\Ramgo\Business\Trading\India2026\Gitrade1\ctrade1\data\nse_fno_bhavcopy\2016\07\fo20JUL2016bhav.csv.zip,ok,,35662,2066,2016-07-20,2016-07-28,2021-06-24,2800.0,11400.0,219
C:\Ramgo\Business\Trading\India2026\Gitrade1\ctrade1\data\nse_fno_bhavcopy\2016\07\fo21JUL2016bhav.csv.zip,ok,,35818,2066,2016-07-21,2016-07-28,2021-06-24,2800.0,11400.0,217
C:\Ramgo\Business\Trading\India2026\Gitrade1\ctrade1\data\nse_fno_bhavcopy\2016\07\fo22JUL2016bhav.csv.zip,ok,,35888,2066,2016-07-22,2016-07-28,2021-06-24,2800.0,11400.0,228
C:\Ramgo\Business\Trading\India2026\Gitrade1\ctrade1\data\nse_fno_bhavcopy\2016\07\fo25JUL2016bhav.csv.zip,ok,,36052,2066,2016-07-25,2016-07-28,2021-06-24,2800.0,11400.0,255
C:\Ramgo\Business\Trading\India2026\Gitrade1\ctrade1\data\nse_fno_bhavcopy\2016\07\fo26JUL2016bhav.csv.zip,ok,,37110,2076,2016-07-26,2016-07-28,2021-06-24,2800.0,11400.0,256
C:\Ramgo\Business\Trading\India2026\Gitrade1\ctrade1\data\nse_fno_bhavcopy\2016\07\fo27JUL2016bhav.csv.zip,ok,,37184,2076,2016-07-27,2016-07-28,2021-06-24,2800.0,11400.0,240
C:\Ramgo\Business\Trading\India2026\Gitrade1\ctrade1\data\nse_fno_bhavcopy\2016\07\fo28JUL2016bhav.csv.zip,ok,,37308,2076,2016-07-28,2016-07-28,2021-06-24,2800.0,11400.0,271
C:\Ramgo\Business\Trading\India2026\Gitrade1\ctrade1\data\nse_fno_bhavcopy\2016\07\fo29JUL2016bhav.csv.zip,ok,,35225,2046,2016-07-29,2016-08-25,2021-06-24,2800.0,11400.0,187
C:\Ramgo\Business\Trading\India2026\Gitrade1\ctrade1\data\nse_fno_bhavcopy\2016\08\fo01AUG2016bhav.csv.zip,ok,,35637,2046,2016-08-01,2016-08-25,2021-06-24,2800.0,11400.0,196
C:\Ramgo\Business\Trading\India2026\Gitrade1\ctrade1\data\nse_fno_bhavcopy\2016\08\fo02AUG2016bhav.csv.zip,ok,,35807,2046,2016-08-02,2016-08-25,2021-06-24,2800.0,11400.0,194
C:\Ramgo\Business\Trading\India2026\Gitrade1\ctrade1\data\nse_fno_bhavcopy\2016\08\fo03AUG2016bhav.csv.zip,ok,,35889,2048,2016-08-03,2016-08-25,2021-06-24,2800.0,11400.0,190
C:\Ramgo\Business\Trading\India2026\Gitrade1\ctrade1\data\nse_fno_bhavcopy\2016\08\fo04AUG2016bhav.csv.zip,ok,,35945,2050,2016-08-04,2016-08-25,2021-06-24,2800.0,11400.0,197
C:\Ramgo\Business\Trading\India2026\Gitrade1\ctrade1\data\nse_fno_bhavcopy\2016\08\fo05AUG2016bhav.csv.zip,ok,,35987,2050,2016-08-05,2016-08-25,2021-06-24,2800.0,11400.0,200
C:\Ramgo\Business\Trading\India2026\Gitrade1\ctrade1\data\nse_fno_bhavcopy\2016\08\fo08AUG2016bhav.csv.zip,ok,,36379,2054,2016-08-08,2016-08-25,2021-06-24,2800.0,11400.0,204
C:\Ramgo\Business\Trading\India2026\Gitrade1\ctrade1\data\nse_fno_bhavcopy\2016\08\fo09AUG2016bhav.csv.zip,ok,,36649,2054,2016-08-09,2016-08-25,2021-06-24,2800.0,11400.0,199
C:\Ramgo\Business\Trading\India2026\Gitrade1\ctrade1\data\nse_fno_bhavcopy\2016\08\fo10AUG2016bhav.csv.zip,ok,,36715,2054,2016-08-10,2016-08-25,2021-06-24,2800.0,11400.0,226
C:\Ramgo\Business\Trading\India2026\Gitrade1\ctrade1\data\nse_fno_bhavcopy\2016\08\fo11AUG2016bhav.csv.zip,ok,,36769,2054,2016-08-11,2016-08-25,2021-06-24,2800.0,11400.0,196
C:\Ramgo\Business\Trading\India2026\Gitrade1\ctrade1\data\nse_fno_bhavcopy\2016\08\fo12AUG2016bhav.csv.zip,ok,,36759,2054,2016-08-12,2016-08-25,2021-06-24,2800.0,11400.0,203
C:\Ramgo\Business\Trading\India2026\Gitrade1\ctrade1\data\nse_fno_bhavcopy\2016\08\fo16AUG2016bhav.csv.zip,ok,,36841,2054,2016-08-16,2016-08-25,2021-06-24,2800.0,11400.0,213
C:\Ramgo\Business\Trading\India2026\Gitrade1\ctrade1\data\nse_fno_bhavcopy\2016\08\fo17AUG2016bhav.csv.zip,ok,,36957,2054,2016-08-17,2016-08-25,2021-06-24,2800.0,11400.0,209
C:\Ramgo\Business\Trading\India2026\Gitrade1\ctrade1\data\nse_fno_bhavcopy\2016\08\fo18AUG2016bhav.csv.zip,ok,,37045,2054,2016-08-18,2016-08-25,2021-06-24,2800.0,11400.0,209
C:\Ramgo\Business\Trading\India2026\Gitrade1\ctrade1\data\nse_fno_bhavcopy\2016\08\fo19AUG2016bhav.csv.zip,ok,,37242,2054,2016-08-19,2016-08-25,2021-06-24,2800.0,11400.0,211
C:\Ramgo\Business\Trading\India2026\Gitrade1\ctrade1\data\nse_fno_bhavcopy\2016\08\fo22AUG2016bhav.csv.zip,ok,,37271,2054,2016-08-22,2016-08-25,2021-06-24,2800.0,11400.0,226
C:\Ramgo\Business\Trading\India2026\Gitrade1\ctrade1\data\nse_fno_bhavcopy\2016\08\fo23AUG2016bhav.csv.zip,ok,,37327,2054,2016-08-23,2016-08-25,2021-06-24,2800.0,11400.0,239
C:\Ramgo\Business\Trading\India2026\Gitrade1\ctrade1\data\nse_fno_bhavcopy\2016\08\fo24AUG2016bhav.csv.zip,ok,,37411,2054,2016-08-24,2016-08-25,2021-06-24,2800.0,11400.0,250
C:\Ramgo\Business\Trading\India2026\Gitrade1\ctrade1\data\nse_fno_bhavcopy\2016\08\fo25AUG2016bhav.csv.zip,ok,,37507,2054,2016-08-25,2016-08-25,2021-06-24,2800.0,11400.0,271
C:\Ramgo\Business\Trading\India2026\Gitrade1\ctrade1\data\nse_fno_bhavcopy\2016\08\fo26AUG2016bhav.csv.zip,ok,,34733,2028,2016-08-26,2016-09-29,2021-06-24,2800.0,11400.0,196
C:\Ramgo\Business\Trading\India2026\Gitrade1\ctrade1\data\nse_fno_bhavcopy\2016\08\fo29AUG2016bhav.csv.zip,ok,,34847,2030,2016-08-29,2016-09-29,2021-06-24,2800.0,11400.0,195
C:\Ramgo\Business\Trading\India2026\Gitrade1\ctrade1\data\nse_fno_bhavcopy\2016\08\fo30AUG2016bhav.csv.zip,ok,,34961,2030,2016-08-30,2016-09-29,2021-06-24,2800.0,11400.0,200
C:\Ramgo\Business\Trading\India2026\Gitrade1\ctrade1\data\nse_fno_bhavcopy\2016\08\fo31AUG2016bhav.csv.zip,ok,,35189,2040,2016-08-31,2016-09-29,2021-06-24,2800.0,11400.0,211
C:\Ramgo\Business\Trading\India2026\Gitrade1\ctrade1\data\nse_fno_bhavcopy\2016\09\fo01SEP2016bhav.csv.zip,ok,,35389,2052,2016-09-01,2016-09-29,2021-06-24,2800.0,11400.0,194
C:\Ramgo\Business\Trading\India2026\Gitrade1\ctrade1\data\nse_fno_bhavcopy\2016\09\fo02SEP2016bhav.csv.zip,ok,,35435,2052,2016-09-02,2016-09-29,2021-06-24,2800.0,11400.0,192
C:\Ramgo\Business\Trading\India2026\Gitrade1\ctrade1\data\nse_fno_bhavcopy\2016\09\fo06SEP2016bhav.csv.zip,ok,,35745,2052,2016-09-06,2016-09-29,2021-06-24,2800.0,11400.0,223
C:\Ramgo\Business\Trading\India2026\Gitrade1\ctrade1\data\nse_fno_bhavcopy\2016\09\fo07SEP2016bhav.csv.zip,ok,,36263,2076,2016-09-07,2016-09-29,2021-06-24,2800.0,11400.0,210
C:\Ramgo\Business\Trading\India2026\Gitrade1\ctrade1\data\nse_fno_bhavcopy\2016\09\fo08SEP2016bhav.csv.zip,ok,,36525,2076,2016-09-08,2016-09-29,2021-06-24,2800.0,11400.0,208
C:\Ramgo\Business\Trading\India2026\Gitrade1\ctrade1\data\nse_fno_bhavcopy\2016\09\fo09SEP2016bhav.csv.zip,ok,,36789,2084,2016-09-09,2016-09-29,2021-06-24,2800.0,11400.0,224
C:\Ramgo\Business\Trading\India2026\Gitrade1\ctrade1\data\nse_fno_bhavcopy\2016\09\fo12SEP2016bhav.csv.zip,ok,,36835,2084,2016-09-12,2016-09-29,2021-06-24,2800.0,11400.0,216
C:\Ramgo\Business\Trading\India2026\Gitrade1\ctrade1\data\nse_fno_bhavcopy\2016\09\fo14SEP2016bhav.csv.zip,ok,,36875,2084,2016-09-14,2016-09-29,2021-06-24,2800.0,11400.0,209
C:\Ramgo\Business\Trading\India2026\Gitrade1\ctrade1\data\nse_fno_bhavcopy\2016\09\fo15SEP2016bhav.csv.zip,ok,,37109,2084,2016-09-15,2016-09-29,2021-06-24,2800.0,11400.0,204
C:\Ramgo\Business\Trading\India2026\Gitrade1\ctrade1\data\nse_fno_bhavcopy\2016\09\fo16SEP2016bhav.csv.zip,ok,,37180,2084,2016-09-16,2016-09-29,2021-06-24,2800.0,11400.0,231
C:\Ramgo\Business\Trading\India2026\Gitrade1\ctrade1\data\nse_fno_bhavcopy\2016\09\fo19SEP2016bhav.csv.zip,ok,,36991,2084,2016-09-19,2016-09-29,2021-06-24,2800.0,11400.0,206
C:\Ramgo\Business\Trading\India2026\Gitrade1\ctrade1\data\nse_fno_bhavcopy\2016\09\fo20SEP2016bhav.csv.zip,ok,,37291,2084,2016-09-20,2016-09-29,2021-06-24,2800.0,11400.0,216
C:\Ramgo\Business\Trading\India2026\Gitrade1\ctrade1\data\nse_fno_bhavcopy\2016\09\fo21SEP2016bhav.csv.zip,ok,,37377,2084,2016-09-21,2016-09-29,2021-06-24,2800.0,11400.0,222
C:\Ramgo\Business\Trading\India2026\Gitrade1\ctrade1\data\nse_fno_bhavcopy\2016\09\fo22SEP2016bhav.csv.zip,ok,,37503,2084,2016-09-22,2016-09-29,2021-06-24,2800.0,11400.0,232
C:\Ramgo\Business\Trading\India2026\Gitrade1\ctrade1\data\nse_fno_bhavcopy\2016\09\fo23SEP2016bhav.csv.zip,ok,,37701,2084,2016-09-23,2016-09-29,2021-06-24,2800.0,11400.0,239
C:\Ramgo\Business\Trading\India2026\Gitrade1\ctrade1\data\nse_fno_bhavcopy\2016\09\fo26SEP2016bhav.csv.zip,ok,,37915,2084,2016-09-26,2016-09-29,2021-06-24,2800.0,11400.0,254
C:\Ramgo\Business\Trading\India2026\Gitrade1\ctrade1\data\nse_fno_bhavcopy\2016\09\fo27SEP2016bhav.csv.zip,ok,,37975,2084,2016-09-27,2016-09-29,2021-06-24,2800.0,11400.0,261
C:\Ramgo\Business\Trading\India2026\Gitrade1\ctrade1\data\nse_fno_bhavcopy\2016\09\fo28SEP2016bhav.csv.zip,ok,,38259,2084,2016-09-28,2016-09-29,2021-06-24,2800.0,11400.0,264
C:\Ramgo\Business\Trading\India2026\Gitrade1\ctrade1\data\nse_fno_bhavcopy\2016\09\fo29SEP2016bhav.csv.zip,ok,,38761,2084,2016-09-29,2016-09-29,2021-06-24,2800.0,11400.0,294
C:\Ramgo\Business\Trading\India2026\Gitrade1\ctrade1\data\nse_fno_bhavcopy\2016\09\fo30SEP2016bhav.csv.zip,ok,,36264,2044,2016-09-30,2016-10-27,2021-06-24,2800.0,11400.0,189
C:\Ramgo\Business\Trading\India2026\Gitrade1\ctrade1\data\nse_fno_bhavcopy\2016\10\fo03OCT2016bhav.csv.zip,ok,,36576,2044,2016-10-03,2016-10-27,2021-06-24,2800.0,11400.0,185
C:\Ramgo\Business\Trading\India2026\Gitrade1\ctrade1\data\nse_fno_bhavcopy\2016\10\fo04OCT2016bhav.csv.zip,ok,,37162,2050,2016-10-04,2016-10-27,2021-06-24,2800.0,11400.0,182
C:\Ramgo\Business\Trading\India2026\Gitrade1\ctrade1\data\nse_fno_bhavcopy\2016\10\fo05OCT2016bhav.csv.zip,ok,,37390,2052,2016-10-05,2016-10-27,2021-06-24,2800.0,11400.0,183
C:\Ramgo\Business\Trading\India2026\Gitrade1\ctrade1\data\nse_fno_bhavcopy\2016\10\fo06OCT2016bhav.csv.zip,ok,,37870,2052,2016-10-06,2016-10-27,2021-06-24,2800.0,11400.0,178
C:\Ramgo\Business\Trading\India2026\Gitrade1\ctrade1\data\nse_fno_bhavcopy\2016\10\fo07OCT2016bhav.csv.zip,ok,,37982,2052,2016-10-07,2016-10-27,2021-06-24,2800.0,11400.0,184
C:\Ramgo\Business\Trading\India2026\Gitrade1\ctrade1\data\nse_fno_bhavcopy\2016\10\fo10OCT2016bhav.csv.zip,ok,,38052,2052,2016-10-10,2016-10-27,2021-06-24,2800.0,11400.0,175
C:\Ramgo\Business\Trading\India2026\Gitrade1\ctrade1\data\nse_fno_bhavcopy\2016\10\fo13OCT2016bhav.csv.zip,ok,,38090,2052,2016-10-13,2016-10-27,2021-06-24,2800.0,11400.0,205
C:\Ramgo\Business\Trading\India2026\Gitrade1\ctrade1\data\nse_fno_bhavcopy\2016\10\fo14OCT2016bhav.csv.zip,ok,,38116,2054,2016-10-14,2016-10-27,2021-06-24,2800.0,11400.0,195
C:\Ramgo\Business\Trading\India2026\Gitrade1\ctrade1\data\nse_fno_bhavcopy\2016\10\fo17OCT2016bhav.csv.zip,ok,,38160,2054,2016-10-17,2016-10-27,2021-06-24,2800.0,11400.0,206
C:\Ramgo\Business\Trading\India2026\Gitrade1\ctrade1\data\nse_fno_bhavcopy\2016\10\fo18OCT2016bhav.csv.zip,ok,,38264,2060,2016-10-18,2016-10-27,2021-06-24,2800.0,11400.0,219
C:\Ramgo\Business\Trading\India2026\Gitrade1\ctrade1\data\nse_fno_bhavcopy\2016\10\fo19OCT2016bhav.csv.zip,ok,,38370,2060,2016-10-19,2016-10-27,2021-06-24,2800.0,11400.0,208
C:\Ramgo\Business\Trading\India2026\Gitrade1\ctrade1\data\nse_fno_bhavcopy\2016\10\fo20OCT2016bhav.csv.zip,ok,,38430,2060,2016-10-20,2016-10-27,2021-06-24,2800.0,11400.0,206
C:\Ramgo\Business\Trading\India2026\Gitrade1\ctrade1\data\nse_fno_bhavcopy\2016\10\fo21OCT2016bhav.csv.zip,ok,,38515,2060,2016-10-21,2016-10-27,2021-06-24,2800.0,11400.0,210
C:\Ramgo\Business\Trading\India2026\Gitrade1\ctrade1\data\nse_fno_bhavcopy\2016\10\fo24OCT2016bhav.csv.zip,ok,,38506,2060,2016-10-24,2016-10-27,2021-06-24,2800.0,11400.0,220
C:\Ramgo\Business\Trading\India2026\Gitrade1\ctrade1\data\nse_fno_bhavcopy\2016\10\fo25OCT2016bhav.csv.zip,ok,,38698,2060,2016-10-25,2016-10-27,2021-06-24,2800.0,11400.0,228
C:\Ramgo\Business\Trading\India2026\Gitrade1\ctrade1\data\nse_fno_bhavcopy\2016\10\fo26OCT2016bhav.csv.zip,ok,,38804,2060,2016-10-26,2016-10-27,2021-06-24,2800.0,11400.0,235
C:\Ramgo\Business\Trading\India2026\Gitrade1\ctrade1\data\nse_fno_bhavcopy\2016\10\fo27OCT2016bhav.csv.zip,ok,,38856,2060,2016-10-27,2016-10-27,2021-06-24,2800.0,11400.0,253
C:\Ramgo\Business\Trading\India2026\Gitrade1\ctrade1\data\nse_fno_bhavcopy\2016\10\fo28OCT2016bhav.csv.zip,ok,,35598,2042,2016-10-28,2016-11-24,2021-06-24,2800.0,11400.0,196
C:\Ramgo\Business\Trading\India2026\Gitrade1\ctrade1\data\nse_fno_bhavcopy\2016\11\fo01NOV2016bhav.csv.zip,ok,,35760,2044,2016-11-01,2016-11-24,2021-06-24,2800.0,11400.0,176
C:\Ramgo\Business\Trading\India2026\Gitrade1\ctrade1\data\nse_fno_bhavcopy\2016\11\fo02NOV2016bhav.csv.zip,ok,,35956,2044,2016-11-02,2016-11-24,2021-06-24,2800.0,11400.0,190
C:\Ramgo\Business\Trading\India2026\Gitrade1\ctrade1\data\nse_fno_bhavcopy\2016\11\fo03NOV2016bhav.csv.zip,ok,,36050,2048,2016-11-03,2016-11-24,2021-06-24,2800.0,11400.0,189
C:\Ramgo\Business\Trading\India2026\Gitrade1\ctrade1\data\nse_fno_bhavcopy\2016\11\fo04NOV2016bhav.csv.zip,ok,,36136,2048,2016-11-04,2016-11-24,2021-06-24,2800.0,11400.0,204
C:\Ramgo\Business\Trading\India2026\Gitrade1\ctrade1\data\nse_fno_bhavcopy\2016\11\fo07NOV2016bhav.csv.zip,ok,,36222,2056,2016-11-07,2016-11-24,2021-06-24,2800.0,11400.0,195
C:\Ramgo\Business\Trading\India2026\Gitrade1\ctrade1\data\nse_fno_bhavcopy\2016\11\fo08NOV2016bhav.csv.zip,ok,,36314,2056,2016-11-08,2016-11-24,2021-06-24,2800.0,11400.0,198
C:\Ramgo\Business\Trading\India2026\Gitrade1\ctrade1\data\nse_fno_bhavcopy\2016\11\fo09NOV2016bhav.csv.zip,ok,,36744,2056,2016-11-09,2016-11-24,2021-06-24,2800.0,11400.0,201
C:\Ramgo\Business\Trading\India2026\Gitrade1\ctrade1\data\nse_fno_bhavcopy\2016\11\fo10NOV2016bhav.csv.zip,ok,,36810,2056,2016-11-10,2016-11-24,2021-06-24,2800.0,11400.0,195
C:\Ramgo\Business\Trading\India2026\Gitrade1\ctrade1\data\nse_fno_bhavcopy\2016\11\fo11NOV2016bhav.csv.zip,ok,,37098,2056,2016-11-11,2016-11-24,2021-06-24,2800.0,11400.0,200
C:\Ramgo\Business\Trading\India2026\Gitrade1\ctrade1\data\nse_fno_bhavcopy\2016\11\fo15NOV2016bhav.csv.zip,ok,,37598,2072,2016-11-15,2016-11-24,2021-06-24,2800.0,11400.0,226
C:\Ramgo\Business\Trading\India2026\Gitrade1\ctrade1\data\nse_fno_bhavcopy\2016\11\fo16NOV2016bhav.csv.zip,ok,,38326,2100,2016-11-16,2016-11-24,2021-06-24,2800.0,11400.0,212
C:\Ramgo\Business\Trading\India2026\Gitrade1\ctrade1\data\nse_fno_bhavcopy\2016\11\fo17NOV2016bhav.csv.zip,ok,,38482,2100,2016-11-17,2016-11-24,2021-06-24,2800.0,11400.0,216
C:\Ramgo\Business\Trading\India2026\Gitrade1\ctrade1\data\nse_fno_bhavcopy\2016\11\fo18NOV2016bhav.csv.zip,ok,,38592,2100,2016-11-18,2016-11-24,2021-06-24,2800.0,11400.0,226
C:\Ramgo\Business\Trading\India2026\Gitrade1\ctrade1\data\nse_fno_bhavcopy\2016\11\fo21NOV2016bhav.csv.zip,ok,,38608,2106,2016-11-21,2016-11-24,2021-06-24,2800.0,11400.0,249
C:\Ramgo\Business\Trading\India2026\Gitrade1\ctrade1\data\nse_fno_bhavcopy\2016\11\fo22NOV2016bhav.csv.zip,ok,,39126,2124,2016-11-22,2016-11-24,2021-06-24,2800.0,11400.0,260
C:\Ramgo\Business\Trading\India2026\Gitrade1\ctrade1\data\nse_fno_bhavcopy\2016\11\fo23NOV2016bhav.csv.zip,ok,,39192,2124,2016-11-23,2016-11-24,2021-06-24,2800.0,11400.0,268
C:\Ramgo\Business\Trading\India2026\Gitrade1\ctrade1\data\nse_fno_bhavcopy\2016\11\fo24NOV2016bhav.csv.zip,ok,,39234,2124,2016-11-24,2016-11-24,2021-06-24,2800.0,11400.0,284
C:\Ramgo\Business\Trading\India2026\Gitrade1\ctrade1\data\nse_fno_bhavcopy\2016\11\fo25NOV2016bhav.csv.zip,ok,,35760,2084,2016-11-25,2016-12-29,2021-06-24,2800.0,11400.0,225
C:\Ramgo\Business\Trading\India2026\Gitrade1\ctrade1\data\nse_fno_bhavcopy\2016\11\fo28NOV2016bhav.csv.zip,ok,,35804,2090,2016-11-28,2016-12-29,2021-06-24,2800.0,11400.0,206
C:\Ramgo\Business\Trading\India2026\Gitrade1\ctrade1\data\nse_fno_bhavcopy\2016\11\fo29NOV2016bhav.csv.zip,ok,,35856,2092,2016-11-29,2016-12-29,2021-06-24,2800.0,11400.0,206
C:\Ramgo\Business\Trading\India2026\Gitrade1\ctrade1\data\nse_fno_bhavcopy\2016\11\fo30NOV2016bhav.csv.zip,ok,,35994,2092,2016-11-30,2016-12-29,2021-06-24,2800.0,11400.0,221
C:\Ramgo\Business\Trading\India2026\Gitrade1\ctrade1\data\nse_fno_bhavcopy\2016\12\fo01DEC2016bhav.csv.zip,ok,,36092,2094,2016-12-01,2016-12-29,2021-06-24,2800.0,11400.0,198
C:\Ramgo\Business\Trading\India2026\Gitrade1\ctrade1\data\nse_fno_bhavcopy\2016\12\fo02DEC2016bhav.csv.zip,ok,,36088,2094,2016-12-02,2016-12-29,2021-06-24,2800.0,11400.0,212
C:\Ramgo\Business\Trading\India2026\Gitrade1\ctrade1\data\nse_fno_bhavcopy\2016\12\fo05DEC2016bhav.csv.zip,ok,,36120,2094,2016-12-05,2016-12-29,2021-06-24,2800.0,11400.0,207
C:\Ramgo\Business\Trading\India2026\Gitrade1\ctrade1\data\nse_fno_bhavcopy\2016\12\fo06DEC2016bhav.csv.zip,ok,,36174,2094,2016-12-06,2016-12-29,2021-06-24,2800.0,11400.0,211
C:\Ramgo\Business\Trading\India2026\Gitrade1\ctrade1\data\nse_fno_bhavcopy\2016\12\fo07DEC2016bhav.csv.zip,ok,,36192,2094,2016-12-07,2016-12-29,2021-06-24,2800.0,11400.0,213
C:\Ramgo\Business\Trading\India2026\Gitrade1\ctrade1\data\nse_fno_bhavcopy\2016\12\fo08DEC2016bhav.csv.zip,ok,,36236,2094,2016-12-08,2016-12-29,2021-06-24,2800.0,11400.0,220
C:\Ramgo\Business\Trading\India2026\Gitrade1\ctrade1\data\nse_fno_bhavcopy\2016\12\fo09DEC2016bhav.csv.zip,ok,,36358,2096,2016-12-09,2016-12-29,2021-06-24,2800.0,11400.0,216
C:\Ramgo\Business\Trading\India2026\Gitrade1\ctrade1\data\nse_fno_bhavcopy\2016\12\fo12DEC2016bhav.csv.zip,ok,,36476,2096,2016-12-12,2016-12-29,2021-06-24,2800.0,11400.0,207
C:\Ramgo\Business\Trading\India2026\Gitrade1\ctrade1\data\nse_fno_bhavcopy\2016\12\fo13DEC2016bhav.csv.zip,ok,,36522,2096,2016-12-13,2016-12-29,2021-06-24,2800.0,11400.0,215
C:\Ramgo\Business\Trading\India2026\Gitrade1\ctrade1\data\nse_fno_bhavcopy\2016\12\fo14DEC2016bhav.csv.zip,ok,,36546,2096,2016-12-14,2016-12-29,2021-06-24,2800.0,11400.0,210
C:\Ramgo\Business\Trading\India2026\Gitrade1\ctrade1\data\nse_fno_bhavcopy\2016\12\fo15DEC2016bhav.csv.zip,ok,,36578,2096,2016-12-15,2016-12-29,2021-06-24,2800.0,11400.0,237
C:\Ramgo\Business\Trading\India2026\Gitrade1\ctrade1\data\nse_fno_bhavcopy\2016\12\fo16DEC2016bhav.csv.zip,ok,,36626,2096,2016-12-16,2016-12-29,2021-06-24,2800.0,11400.0,211
C:\Ramgo\Business\Trading\India2026\Gitrade1\ctrade1\data\nse_fno_bhavcopy\2016\12\fo19DEC2016bhav.csv.zip,ok,,36438,2096,2016-12-19,2016-12-29,2021-06-24,2800.0,11400.0,231
C:\Ramgo\Business\Trading\India2026\Gitrade1\ctrade1\data\nse_fno_bhavcopy\2016\12\fo20DEC2016bhav.csv.zip,ok,,36498,2096,2016-12-20,2016-12-29,2021-06-24,2800.0,11400.0,238
C:\Ramgo\Business\Trading\India2026\Gitrade1\ctrade1\data\nse_fno_bhavcopy\2016\12\fo21DEC2016bhav.csv.zip,ok,,36604,2096,2016-12-21,2016-12-29,2021-06-24,2800.0,11400.0,224
C:\Ramgo\Business\Trading\India2026\Gitrade1\ctrade1\data\nse_fno_bhavcopy\2016\12\fo22DEC2016bhav.csv.zip,ok,,36648,2096,2016-12-22,2016-12-29,2021-06-24,2800.0,11400.0,248
C:\Ramgo\Business\Trading\India2026\Gitrade1\ctrade1\data\nse_fno_bhavcopy\2016\12\fo23DEC2016bhav.csv.zip,ok,,36706,2096,2016-12-23,2016-12-29,2021-06-24,2800.0,11400.0,256
C:\Ramgo\Business\Trading\India2026\Gitrade1\ctrade1\data\nse_fno_bhavcopy\2016\12\fo26DEC2016bhav.csv.zip,ok,,36810,2096,2016-12-26,2016-12-29,2021-06-24,2800.0,11400.0,274
C:\Ramgo\Business\Trading\India2026\Gitrade1\ctrade1\data\nse_fno_bhavcopy\2016\12\fo27DEC2016bhav.csv.zip,ok,,37028,2100,2016-12-27,2016-12-29,2021-06-24,2800.0,11400.0,281
C:\Ramgo\Business\Trading\India2026\Gitrade1\ctrade1\data\nse_fno_bhavcopy\2016\12\fo28DEC2016bhav.csv.zip,ok,,37028,2100,2016-12-28,2016-12-29,2021-06-24,2800.0,11400.0,289
C:\Ramgo\Business\Trading\India2026\Gitrade1\ctrade1\data\nse_fno_bhavcopy\2016\12\fo29DEC2016bhav.csv.zip,ok,,37034,2100,2016-12-29,2016-12-29,2021-06-24,2800.0,11400.0,305
C:\Ramgo\Business\Trading\India2026\Gitrade1\ctrade1\data\nse_fno_bhavcopy\2016\12\fo30DEC2016bhav.csv.zip,ok,,34560,2006,2016-12-30,2017-01-25,2021-12-30,3200.0,11400.0,190
C:\Ramgo\Business\Trading\India2026\Gitrade1\ctrade1\data\nse_fno_bhavcopy\2017\01\fo02JAN2017bhav.csv.zip,ok,,34646,2010,2017-01-02,2017-01-25,2021-12-30,3200.0,11400.0,193
C:\Ramgo\Business\Trading\India2026\Gitrade1\ctrade1\data\nse_fno_bhavcopy\2017\01\fo03JAN2017bhav.csv.zip,ok,,34708,2010,2017-01-03,2017-01-25,2021-12-30,3200.0,11400.0,197
C:\Ramgo\Business\Trading\India2026\Gitrade1\ctrade1\data\nse_fno_bhavcopy\2017\01\fo04JAN2017bhav.csv.zip,ok,,34824,2010,2017-01-04,2017-01-25,2021-12-30,3200.0,11400.0,185
C:\Ramgo\Business\Trading\India2026\Gitrade1\ctrade1\data\nse_fno_bhavcopy\2017\01\fo05JAN2017bhav.csv.zip,ok,,34870,2010,2017-01-05,2017-01-25,2021-12-30,3200.0,11400.0,202
C:\Ramgo\Business\Trading\India2026\Gitrade1\ctrade1\data\nse_fno_bhavcopy\2017\01\fo06JAN2017bhav.csv.zip,ok,,34964,2014,2017-01-06,2017-01-25,2021-12-30,3200.0,11400.0,194
C:\Ramgo\Business\Trading\India2026\Gitrade1\ctrade1\data\nse_fno_bhavcopy\2017\01\fo09JAN2017bhav.csv.zip,ok,,35002,2014,2017-01-09,2017-01-25,2021-12-30,3200.0,11400.0,182
C:\Ramgo\Business\Trading\India2026\Gitrade1\ctrade1\data\nse_fno_bhavcopy\2017\01\fo10JAN2017bhav.csv.zip,ok,,35088,2014,2017-01-10,2017-01-25,2021-12-30,3200.0,11400.0,189
C:\Ramgo\Business\Trading\India2026\Gitrade1\ctrade1\data\nse_fno_bhavcopy\2017\01\fo11JAN2017bhav.csv.zip,ok,,35418,2016,2017-01-11,2017-01-25,2021-12-30,3200.0,11400.0,206
C:\Ramgo\Business\Trading\India2026\Gitrade1\ctrade1\data\nse_fno_bhavcopy\2017\01\fo12JAN2017bhav.csv.zip,ok,,35790,2024,2017-01-12,2017-01-25,2021-12-30,3200.0,11400.0,208
C:\Ramgo\Business\Trading\India2026\Gitrade1\ctrade1\data\nse_fno_bhavcopy\2017\01\fo13JAN2017bhav.csv.zip,ok,,35912,2024,2017-01-13,2017-01-25,2021-12-30,3200.0,11400.0,193
C:\Ramgo\Business\Trading\India2026\Gitrade1\ctrade1\data\nse_fno_bhavcopy\2017\01\fo16JAN2017bhav.csv.zip,ok,,35974,2024,2017-01-16,2017-01-25,2021-12-30,3200.0,11400.0,195
C:\Ramgo\Business\Trading\India2026\Gitrade1\ctrade1\data\nse_fno_bhavcopy\2017\01\fo17JAN2017bhav.csv.zip,ok,,36058,2024,2017-01-17,2017-01-25,2021-12-30,3200.0,11400.0,200
C:\Ramgo\Business\Trading\India2026\Gitrade1\ctrade1\data\nse_fno_bhavcopy\2017\01\fo18JAN2017bhav.csv.zip,ok,,36078,2024,2017-01-18,2017-01-25,2021-12-30,3200.0,11400.0,206
C:\Ramgo\Business\Trading\India2026\Gitrade1\ctrade1\data\nse_fno_bhavcopy\2017\01\fo19JAN2017bhav.csv.zip,ok,,36128,2024,2017-01-19,2017-01-25,2021-12-30,3200.0,11400.0,209
C:\Ramgo\Business\Trading\India2026\Gitrade1\ctrade1\data\nse_fno_bhavcopy\2017\01\fo20JAN2017bhav.csv.zip,ok,,36156,2028,2017-01-20,2017-01-25,2021-12-30,3200.0,11400.0,237
C:\Ramgo\Business\Trading\India2026\Gitrade1\ctrade1\data\nse_fno_bhavcopy\2017\01\fo23JAN2017bhav.csv.zip,ok,,36074,2028,2017-01-23,2017-01-25,2021-12-30,3200.0,11400.0,237
C:\Ramgo\Business\Trading\India2026\Gitrade1\ctrade1\data\nse_fno_bhavcopy\2017\01\fo24JAN2017bhav.csv.zip,ok,,36154,2028,2017-01-24,2017-01-25,2021-12-30,3200.0,11400.0,245
C:\Ramgo\Business\Trading\India2026\Gitrade1\ctrade1\data\nse_fno_bhavcopy\2017\01\fo25JAN2017bhav.csv.zip,ok,,36300,2032,2017-01-25,2017-01-25,2021-12-30,3200.0,11400.0,275
C:\Ramgo\Business\Trading\India2026\Gitrade1\ctrade1\data\nse_fno_bhavcopy\2017\01\fo27JAN2017bhav.csv.zip,ok,,33245,2010,2017-01-27,2017-02-23,2021-12-30,3200.0,11400.0,202
C:\Ramgo\Business\Trading\India2026\Gitrade1\ctrade1\data\nse_fno_bhavcopy\2017\01\fo30JAN2017bhav.csv.zip,ok,,33421,2016,2017-01-30,2017-02-23,2021-12-30,3200.0,11400.0,194
C:\Ramgo\Business\Trading\India2026\Gitrade1\ctrade1\data\nse_fno_bhavcopy\2017\01\fo31JAN2017bhav.csv.zip,ok,,33595,2016,2017-01-31,2017-02-23,2021-12-30,3200.0,11400.0,206
C:\Ramgo\Business\Trading\India2026\Gitrade1\ctrade1\data\nse_fno_bhavcopy\2017\02\fo01FEB2017bhav.csv.zip,ok,,33629,2018,2017-02-01,2017-02-23,2021-12-30,3200.0,11400.0,205
C:\Ramgo\Business\Trading\India2026\Gitrade1\ctrade1\data\nse_fno_bhavcopy\2017\02\fo02FEB2017bhav.csv.zip,ok,,33965,2024,2017-02-02,2017-02-23,2021-12-30,3200.0,11400.0,211
C:\Ramgo\Business\Trading\India2026\Gitrade1\ctrade1\data\nse_fno_bhavcopy\2017\02\fo03FEB2017bhav.csv.zip,ok,,34125,2030,2017-02-03,2017-02-23,2021-12-30,3200.0,11400.0,205
C:\Ramgo\Business\Trading\India2026\Gitrade1\ctrade1\data\nse_fno_bhavcopy\2017\02\fo06FEB2017bhav.csv.zip,ok,,34279,2030,2017-02-06,2017-02-23,2021-12-30,3200.0,11400.0,213
C:\Ramgo\Business\Trading\India2026\Gitrade1\ctrade1\data\nse_fno_bhavcopy\2017\02\fo07FEB2017bhav.csv.zip,ok,,34501,2036,2017-02-07,2017-02-23,2021-12-30,3200.0,11400.0,197
C:\Ramgo\Business\Trading\India2026\Gitrade1\ctrade1\data\nse_fno_bhavcopy\2017\02\fo08FEB2017bhav.csv.zip,ok,,34549,2036,2017-02-08,2017-02-23,2021-12-30,3200.0,11400.0,206
C:\Ramgo\Business\Trading\India2026\Gitrade1\ctrade1\data\nse_fno_bhavcopy\2017\02\fo09FEB2017bhav.csv.zip,ok,,34611,2036,2017-02-09,2017-02-23,2021-12-30,3200.0,11400.0,209
C:\Ramgo\Business\Trading\India2026\Gitrade1\ctrade1\data\nse_fno_bhavcopy\2017\02\fo10FEB2017bhav.csv.zip,ok,,34635,2036,2017-02-10,2017-02-23,2021-12-30,3200.0,11400.0,205
C:\Ramgo\Business\Trading\India2026\Gitrade1\ctrade1\data\nse_fno_bhavcopy\2017\02\fo13FEB2017bhav.csv.zip,ok,,34803,2036,2017-02-13,2017-02-23,2021-12-30,3200.0,11400.0,213
C:\Ramgo\Business\Trading\India2026\Gitrade1\ctrade1\data\nse_fno_bhavcopy\2017\02\fo14FEB2017bhav.csv.zip,ok,,34907,2036,2017-02-14,2017-02-23,2021-12-30,3200.0,11400.0,208
C:\Ramgo\Business\Trading\India2026\Gitrade1\ctrade1\data\nse_fno_bhavcopy\2017\02\fo15FEB2017bhav.csv.zip,ok,,34999,2036,2017-02-15,2017-02-23,2021-12-30,3200.0,11400.0,219
C:\Ramgo\Business\Trading\India2026\Gitrade1\ctrade1\data\nse_fno_bhavcopy\2017\02\fo16FEB2017bhav.csv.zip,ok,,35041,2036,2017-02-16,2017-02-23,2021-12-30,3200.0,11400.0,218
C:\Ramgo\Business\Trading\India2026\Gitrade1\ctrade1\data\nse_fno_bhavcopy\2017\02\fo17FEB2017bhav.csv.zip,ok,,35111,2036,2017-02-17,2017-02-23,2021-12-30,3200.0,11400.0,234
C:\Ramgo\Business\Trading\India2026\Gitrade1\ctrade1\data\nse_fno_bhavcopy\2017\02\fo20FEB2017bhav.csv.zip,ok,,35263,2036,2017-02-20,2017-02-23,2021-12-30,3200.0,11400.0,242
C:\Ramgo\Business\Trading\India2026\Gitrade1\ctrade1\data\nse_fno_bhavcopy\2017\02\fo21FEB2017bhav.csv.zip,ok,,35425,2050,2017-02-21,2017-02-23,2021-12-30,3200.0,11400.0,252
C:\Ramgo\Business\Trading\India2026\Gitrade1\ctrade1\data\nse_fno_bhavcopy\2017\02\fo22FEB2017bhav.csv.zip,ok,,35575,2050,2017-02-22,2017-02-23,2021-12-30,3200.0,11400.0,259
C:\Ramgo\Business\Trading\India2026\Gitrade1\ctrade1\data\nse_fno_bhavcopy\2017\02\fo23FEB2017bhav.csv.zip,ok,,35667,2056,2017-02-23,2017-02-23,2021-12-30,3200.0,11400.0,272
C:\Ramgo\Business\Trading\India2026\Gitrade1\ctrade1\data\nse_fno_bhavcopy\2017\02\fo27FEB2017bhav.csv.zip,ok,,32604,2014,2017-02-27,2017-03-30,2021-12-30,3200.0,11400.0,189
C:\Ramgo\Business\Trading\India2026\Gitrade1\ctrade1\data\nse_fno_bhavcopy\2017\02\fo28FEB2017bhav.csv.zip,ok,,32688,2016,2017-02-28,2017-03-30,2021-12-30,3200.0,11400.0,197
C:\Ramgo\Business\Trading\India2026\Gitrade1\ctrade1\data\nse_fno_bhavcopy\2017\03\fo01MAR2017bhav.csv.zip,ok,,32766,2016,2017-03-01,2017-03-30,2021-12-30,3200.0,11400.0,204
C:\Ramgo\Business\Trading\India2026\Gitrade1\ctrade1\data\nse_fno_bhavcopy\2017\03\fo02MAR2017bhav.csv.zip,ok,,32860,2016,2017-03-02,2017-03-30,2021-12-30,3200.0,11400.0,210
C:\Ramgo\Business\Trading\India2026\Gitrade1\ctrade1\data\nse_fno_bhavcopy\2017\03\fo03MAR2017bhav.csv.zip,ok,,32848,2016,2017-03-03,2017-03-30,2021-12-30,3200.0,11400.0,205
C:\Ramgo\Business\Trading\India2026\Gitrade1\ctrade1\data\nse_fno_bhavcopy\2017\03\fo06MAR2017bhav.csv.zip,ok,,32924,2016,2017-03-06,2017-03-30,2021-12-30,3200.0,11400.0,212
C:\Ramgo\Business\Trading\India2026\Gitrade1\ctrade1\data\nse_fno_bhavcopy\2017\03\fo07MAR2017bhav.csv.zip,ok,,32952,2020,2017-03-07,2017-03-30,2021-12-30,3200.0,11400.0,193
C:\Ramgo\Business\Trading\India2026\Gitrade1\ctrade1\data\nse_fno_bhavcopy\2017\03\fo08MAR2017bhav.csv.zip,ok,,32996,2020,2017-03-08,2017-03-30,2021-12-30,3200.0,11400.0,210
C:\Ramgo\Business\Trading\India2026\Gitrade1\ctrade1\data\nse_fno_bhavcopy\2017\03\fo09MAR2017bhav.csv.zip,ok,,33014,2020,2017-03-09,2017-03-30,2021-12-30,3200.0,11400.0,206
C:\Ramgo\Business\Trading\India2026\Gitrade1\ctrade1\data\nse_fno_bhavcopy\2017\03\fo10MAR2017bhav.csv.zip,ok,,33082,2020,2017-03-10,2017-03-30,2021-12-30,3200.0,11400.0,202
C:\Ramgo\Business\Trading\India2026\Gitrade1\ctrade1\data\nse_fno_bhavcopy\2017\03\fo14MAR2017bhav.csv.zip,ok,,33120,2020,2017-03-14,2017-03-30,2021-12-30,3200.0,11400.0,217
C:\Ramgo\Business\Trading\India2026\Gitrade1\ctrade1\data\nse_fno_bhavcopy\2017\03\fo15MAR2017bhav.csv.zip,ok,,33338,2056,2017-03-15,2017-03-30,2021-12-30,3200.0,11500.0,221
C:\Ramgo\Business\Trading\India2026\Gitrade1\ctrade1\data\nse_fno_bhavcopy\2017\03\fo16MAR2017bhav.csv.zip,ok,,33782,2056,2017-03-16,2017-03-30,2021-12-30,3200.0,11500.0,237
C:\Ramgo\Business\Trading\India2026\Gitrade1\ctrade1\data\nse_fno_bhavcopy\2017\03\fo17MAR2017bhav.csv.zip,ok,,33912,2084,2017-03-17,2017-03-30,2021-12-30,3200.0,11600.0,225
C:\Ramgo\Business\Trading\India2026\Gitrade1\ctrade1\data\nse_fno_bhavcopy\2017\03\fo20MAR2017bhav.csv.zip,ok,,33758,2084,2017-03-20,2017-03-30,2021-12-30,3200.0,11600.0,236
C:\Ramgo\Business\Trading\India2026\Gitrade1\ctrade1\data\nse_fno_bhavcopy\2017\03\fo21MAR2017bhav.csv.zip,ok,,33830,2084,2017-03-21,2017-03-30,2021-12-30,3200.0,11600.0,238
C:\Ramgo\Business\Trading\India2026\Gitrade1\ctrade1\data\nse_fno_bhavcopy\2017\03\fo22MAR2017bhav.csv.zip,ok,,34064,2084,2017-03-22,2017-03-30,2021-12-30,3200.0,11600.0,256
C:\Ramgo\Business\Trading\India2026\Gitrade1\ctrade1\data\nse_fno_bhavcopy\2017\03\fo23MAR2017bhav.csv.zip,ok,,34094,2084,2017-03-23,2017-03-30,2021-12-30,3200.0,11600.0,257
C:\Ramgo\Business\Trading\India2026\Gitrade1\ctrade1\data\nse_fno_bhavcopy\2017\03\fo24MAR2017bhav.csv.zip,ok,,34274,2084,2017-03-24,2017-03-30,2021-12-30,3200.0,11600.0,258
C:\Ramgo\Business\Trading\India2026\Gitrade1\ctrade1\data\nse_fno_bhavcopy\2017\03\fo27MAR2017bhav.csv.zip,ok,,34340,2084,2017-03-27,2017-03-30,2021-12-30,3200.0,11600.0,283
C:\Ramgo\Business\Trading\India2026\Gitrade1\ctrade1\data\nse_fno_bhavcopy\2017\03\fo28MAR2017bhav.csv.zip,ok,,34430,2084,2017-03-28,2017-03-30,2021-12-30,3200.0,11600.0,287
C:\Ramgo\Business\Trading\India2026\Gitrade1\ctrade1\data\nse_fno_bhavcopy\2017\03\fo29MAR2017bhav.csv.zip,ok,,34500,2084,2017-03-29,2017-03-30,2021-12-30,3200.0,11600.0,290
C:\Ramgo\Business\Trading\India2026\Gitrade1\ctrade1\data\nse_fno_bhavcopy\2017\03\fo30MAR2017bhav.csv.zip,ok,,34612,2084,2017-03-30,2017-03-30,2021-12-30,3200.0,11600.0,303
C:\Ramgo\Business\Trading\India2026\Gitrade1\ctrade1\data\nse_fno_bhavcopy\2017\03\fo31MAR2017bhav.csv.zip,ok,,36895,2034,2017-03-31,2017-04-27,2021-12-30,3200.0,11600.0,206
C:\Ramgo\Business\Trading\India2026\Gitrade1\ctrade1\data\nse_fno_bhavcopy\2017\04\fo03APR2017bhav.csv.zip,ok,,37277,2034,2017-04-03,2017-04-27,2021-12-30,3200.0,11600.0,208
C:\Ramgo\Business\Trading\India2026\Gitrade1\ctrade1\data\nse_fno_bhavcopy\2017\04\fo05APR2017bhav.csv.zip,ok,,37457,2044,2017-04-05,2017-04-27,2021-12-30,3200.0,11600.0,209
C:\Ramgo\Business\Trading\India2026\Gitrade1\ctrade1\data\nse_fno_bhavcopy\2017\04\fo06APR2017bhav.csv.zip,ok,,37915,2066,2017-04-06,2017-04-27,2021-12-30,3200.0,11700.0,201
C:\Ramgo\Business\Trading\India2026\Gitrade1\ctrade1\data\nse_fno_bhavcopy\2017\04\fo07APR2017bhav.csv.zip,ok,,38071,2066,2017-04-07,2017-04-27,2021-12-30,3200.0,11700.0,207
C:\Ramgo\Business\Trading\India2026\Gitrade1\ctrade1\data\nse_fno_bhavcopy\2017\04\fo10APR2017bhav.csv.zip,ok,,38201,2066,2017-04-10,2017-04-27,2021-12-30,3200.0,11700.0,207
C:\Ramgo\Business\Trading\India2026\Gitrade1\ctrade1\data\nse_fno_bhavcopy\2017\04\fo11APR2017bhav.csv.zip,ok,,38331,2066,2017-04-11,2017-04-27,2021-12-30,3200.0,11700.0,198
C:\Ramgo\Business\Trading\India2026\Gitrade1\ctrade1\data\nse_fno_bhavcopy\2017\04\fo12APR2017bhav.csv.zip,ok,,38747,2066,2017-04-12,2017-04-27,2021-12-30,3200.0,11700.0,203
C:\Ramgo\Business\Trading\India2026\Gitrade1\ctrade1\data\nse_fno_bhavcopy\2017\04\fo13APR2017bhav.csv.zip,ok,,38901,2066,2017-04-13,2017-04-27,2021-12-30,3200.0,11700.0,195
C:\Ramgo\Business\Trading\India2026\Gitrade1\ctrade1\data\nse_fno_bhavcopy\2017\04\fo17APR2017bhav.csv.zip,ok,,39807,2066,2017-04-17,2017-04-27,2021-12-30,3200.0,11700.0,201
C:\Ramgo\Business\Trading\India2026\Gitrade1\ctrade1\data\nse_fno_bhavcopy\2017\04\fo18APR2017bhav.csv.zip,ok,,40067,2068,2017-04-18,2017-04-27,2021-12-30,3200.0,11700.0,203
C:\Ramgo\Business\Trading\India2026\Gitrade1\ctrade1\data\nse_fno_bhavcopy\2017\04\fo19APR2017bhav.csv.zip,ok,,40141,2068,2017-04-19,2017-04-27,2021-12-30,3200.0,11700.0,208
C:\Ramgo\Business\Trading\India2026\Gitrade1\ctrade1\data\nse_fno_bhavcopy\2017\04\fo20APR2017bhav.csv.zip,ok,,40295,2068,2017-04-20,2017-04-27,2021-12-30,3200.0,11700.0,205
C:\Ramgo\Business\Trading\India2026\Gitrade1\ctrade1\data\nse_fno_bhavcopy\2017\04\fo21APR2017bhav.csv.zip,ok,,40486,2068,2017-04-21,2017-04-27,2021-12-30,3200.0,11700.0,224
C:\Ramgo\Business\Trading\India2026\Gitrade1\ctrade1\data\nse_fno_bhavcopy\2017\04\fo24APR2017bhav.csv.zip,ok,,40477,2068,2017-04-24,2017-04-27,2021-12-30,3200.0,11700.0,252
C:\Ramgo\Business\Trading\India2026\Gitrade1\ctrade1\data\nse_fno_bhavcopy\2017\04\fo25APR2017bhav.csv.zip,ok,,40867,2068,2017-04-25,2017-04-27,2021-12-30,3200.0,11700.0,248
C:\Ramgo\Business\Trading\India2026\Gitrade1\ctrade1\data\nse_fno_bhavcopy\2017\04\fo26APR2017bhav.csv.zip,ok,,41242,2072,2017-04-26,2017-04-27,2021-12-30,3200.0,11700.0,239
C:\Ramgo\Business\Trading\India2026\Gitrade1\ctrade1\data\nse_fno_bhavcopy\2017\04\fo27APR2017bhav.csv.zip,ok,,41776,2100,2017-04-27,2017-04-27,2021-12-30,3200.0,11800.0,265
C:\Ramgo\Business\Trading\India2026\Gitrade1\ctrade1\data\nse_fno_bhavcopy\2017\04\fo28APR2017bhav.csv.zip,ok,,40488,2068,2017-04-28,2017-05-25,2021-12-30,3200.0,11800.0,177
C:\Ramgo\Business\Trading\India2026\Gitrade1\ctrade1\data\nse_fno_bhavcopy\2017\05\fo02MAY2017bhav.csv.zip,ok,,40830,2070,2017-05-02,2017-05-25,2021-12-30,3200.0,11800.0,163
C:\Ramgo\Business\Trading\India2026\Gitrade1\ctrade1\data\nse_fno_bhavcopy\2017\05\fo03MAY2017bhav.csv.zip,ok,,41160,2070,2017-05-03,2017-05-25,2021-12-30,3200.0,11800.0,173
C:\Ramgo\Business\Trading\India2026\Gitrade1\ctrade1\data\nse_fno_bhavcopy\2017\05\fo04MAY2017bhav.csv.zip,ok,,41376,2070,2017-05-04,2017-05-25,2021-12-30,3200.0,11800.0,170
C:\Ramgo\Business\Trading\India2026\Gitrade1\ctrade1\data\nse_fno_bhavcopy\2017\05\fo05MAY2017bhav.csv.zip,ok,,41624,2070,2017-05-05,2017-05-25,2021-12-30,3200.0,11800.0,197
C:\Ramgo\Business\Trading\India2026\Gitrade1\ctrade1\data\nse_fno_bhavcopy\2017\05\fo08MAY2017bhav.csv.zip,ok,,41744,2070,2017-05-08,2017-05-25,2021-12-30,3200.0,11800.0,182
C:\Ramgo\Business\Trading\India2026\Gitrade1\ctrade1\data\nse_fno_bhavcopy\2017\05\fo09MAY2017bhav.csv.zip,ok,,41996,2070,2017-05-09,2017-05-25,2021-12-30,3200.0,11800.0,173
C:\Ramgo\Business\Trading\India2026\Gitrade1\ctrade1\data\nse_fno_bhavcopy\2017\05\fo10MAY2017bhav.csv.zip,ok,,42178,2070,2017-05-10,2017-05-25,2021-12-30,3200.0,11800.0,195
C:\Ramgo\Business\Trading\India2026\Gitrade1\ctrade1\data\nse_fno_bhavcopy\2017\05\fo11MAY2017bhav.csv.zip,ok,,42600,2074,2017-05-11,2017-05-25,2021-12-30,3200.0,11800.0,191
C:\Ramgo\Business\Trading\India2026\Gitrade1\ctrade1\data\nse_fno_bhavcopy\2017\05\fo12MAY2017bhav.csv.zip,ok,,42740,2074,2017-05-12,2017-05-25,2021-12-30,3200.0,11800.0,191
C:\Ramgo\Business\Trading\India2026\Gitrade1\ctrade1\data\nse_fno_bhavcopy\2017\05\fo15MAY2017bhav.csv.zip,ok,,42834,2074,2017-05-15,2017-05-25,2021-12-30,3200.0,11800.0,198
C:\Ramgo\Business\Trading\India2026\Gitrade1\ctrade1\data\nse_fno_bhavcopy\2017\05\fo16MAY2017bhav.csv.zip,ok,,43160,2080,2017-05-16,2017-05-25,2021-12-30,3200.0,11800.0,217
C:\Ramgo\Business\Trading\India2026\Gitrade1\ctrade1\data\nse_fno_bhavcopy\2017\05\fo17MAY2017bhav.csv.zip,ok,,43406,2106,2017-05-17,2017-05-25,2021-12-30,3200.0,11900.0,205
C:\Ramgo\Business\Trading\India2026\Gitrade1\ctrade1\data\nse_fno_bhavcopy\2017\05\fo18MAY2017bhav.csv.zip,ok,,43502,2112,2017-05-18,2017-05-25,2021-12-30,3200.0,11900.0,225
C:\Ramgo\Business\Trading\India2026\Gitrade1\ctrade1\data\nse_fno_bhavcopy\2017\05\fo19MAY2017bhav.csv.zip,ok,,43541,2112,2017-05-19,2017-05-25,2021-12-30,3200.0,11900.0,221
C:\Ramgo\Business\Trading\India2026\Gitrade1\ctrade1\data\nse_fno_bhavcopy\2017\05\fo22MAY2017bhav.csv.zip,ok,,43530,2112,2017-05-22,2017-05-25,2021-12-30,3200.0,11900.0,234
C:\Ramgo\Business\Trading\India2026\Gitrade1\ctrade1\data\nse_fno_bhavcopy\2017\05\fo23MAY2017bhav.csv.zip,ok,,43744,2112,2017-05-23,2017-05-25,2021-12-30,3200.0,11900.0,239
C:\Ramgo\Business\Trading\India2026\Gitrade1\ctrade1\data\nse_fno_bhavcopy\2017\05\fo24MAY2017bhav.csv.zip,ok,,43908,2112,2017-05-24,2017-05-25,2021-12-30,3200.0,11900.0,241
C:\Ramgo\Business\Trading\India2026\Gitrade1\ctrade1\data\nse_fno_bhavcopy\2017\05\fo25MAY2017bhav.csv.zip,ok,,44178,2112,2017-05-25,2017-05-25,2021-12-30,3200.0,11900.0,281
C:\Ramgo\Business\Trading\India2026\Gitrade1\ctrade1\data\nse_fno_bhavcopy\2017\05\fo26MAY2017bhav.csv.zip,ok,,41591,2086,2017-05-26,2017-06-29,2021-12-30,3200.0,11900.0,201
C:\Ramgo\Business\Trading\India2026\Gitrade1\ctrade1\data\nse_fno_bhavcopy\2017\05\fo29MAY2017bhav.csv.zip,ok,,41823,2114,2017-05-29,2017-06-29,2021-12-30,3200.0,12000.0,223
C:\Ramgo\Business\Trading\India2026\Gitrade1\ctrade1\data\nse_fno_bhavcopy\2017\05\fo30MAY2017bhav.csv.zip,ok,,42007,2114,2017-05-30,2017-06-29,2021-12-30,3200.0,12000.0,203
C:\Ramgo\Business\Trading\India2026\Gitrade1\ctrade1\data\nse_fno_bhavcopy\2017\05\fo31MAY2017bhav.csv.zip,ok,,42073,2114,2017-05-31,2017-06-29,2021-12-30,3200.0,12000.0,209
C:\Ramgo\Business\Trading\India2026\Gitrade1\ctrade1\data\nse_fno_bhavcopy\2017\06\fo01JUN2017bhav.csv.zip,ok,,42159,2114,2017-06-01,2017-06-29,2021-12-30,3200.0,12000.0,191
C:\Ramgo\Business\Trading\India2026\Gitrade1\ctrade1\data\nse_fno_bhavcopy\2017\06\fo02JUN2017bhav.csv.zip,ok,,42359,2114,2017-06-02,2017-06-29,2021-12-30,3200.0,12000.0,211
C:\Ramgo\Business\Trading\India2026\Gitrade1\ctrade1\data\nse_fno_bhavcopy\2017\06\fo05JUN2017bhav.csv.zip,ok,,42523,2142,2017-06-05,2017-06-29,2021-12-30,3200.0,12100.0,197
C:\Ramgo\Business\Trading\India2026\Gitrade1\ctrade1\data\nse_fno_bhavcopy\2017\06\fo06JUN2017bhav.csv.zip,ok,,42729,2146,2017-06-06,2017-06-29,2021-12-30,3200.0,12100.0,212
C:\Ramgo\Business\Trading\India2026\Gitrade1\ctrade1\data\nse_fno_bhavcopy\2017\06\fo07JUN2017bhav.csv.zip,ok,,42873,2146,2017-06-07,2017-06-29,2021-12-30,3200.0,12100.0,209
C:\Ramgo\Business\Trading\India2026\Gitrade1\ctrade1\data\nse_fno_bhavcopy\2017\06\fo08JUN2017bhav.csv.zip,ok,,43001,2146,2017-06-08,2017-06-29,2021-12-30,3200.0,12100.0,198
C:\Ramgo\Business\Trading\India2026\Gitrade1\ctrade1\data\nse_fno_bhavcopy\2017\06\fo09JUN2017bhav.csv.zip,ok,,43289,2146,2017-06-09,2017-06-29,2021-12-30,3200.0,12100.0,207
C:\Ramgo\Business\Trading\India2026\Gitrade1\ctrade1\data\nse_fno_bhavcopy\2017\06\fo12JUN2017bhav.csv.zip,ok,,43715,2146,2017-06-12,2017-06-29,2021-12-30,3200.0,12100.0,205
C:\Ramgo\Business\Trading\India2026\Gitrade1\ctrade1\data\nse_fno_bhavcopy\2017\06\fo13JUN2017bhav.csv.zip,ok,,43827,2146,2017-06-13,2017-06-29,2021-12-30,3200.0,12100.0,204
C:\Ramgo\Business\Trading\India2026\Gitrade1\ctrade1\data\nse_fno_bhavcopy\2017\06\fo14JUN2017bhav.csv.zip,ok,,43893,2146,2017-06-14,2017-06-29,2021-12-30,3200.0,12100.0,197
C:\Ramgo\Business\Trading\India2026\Gitrade1\ctrade1\data\nse_fno_bhavcopy\2017\06\fo15JUN2017bhav.csv.zip,ok,,44007,2146,2017-06-15,2017-06-29,2021-12-30,3200.0,12100.0,212
C:\Ramgo\Business\Trading\India2026\Gitrade1\ctrade1\data\nse_fno_bhavcopy\2017\06\fo16JUN2017bhav.csv.zip,ok,,44170,2146,2017-06-16,2017-06-29,2021-12-30,3200.0,12100.0,209
C:\Ramgo\Business\Trading\India2026\Gitrade1\ctrade1\data\nse_fno_bhavcopy\2017\06\fo19JUN2017bhav.csv.zip,ok,,43975,2146,2017-06-19,2017-06-29,2021-12-30,3200.0,12100.0,232
C:\Ramgo\Business\Trading\India2026\Gitrade1\ctrade1\data\nse_fno_bhavcopy\2017\06\fo20JUN2017bhav.csv.zip,ok,,44115,2146,2017-06-20,2017-06-29,2021-12-30,3200.0,12100.0,218
C:\Ramgo\Business\Trading\India2026\Gitrade1\ctrade1\data\nse_fno_bhavcopy\2017\06\fo21JUN2017bhav.csv.zip,ok,,44345,2146,2017-06-21,2017-06-29,2021-12-30,3200.0,12100.0,230
C:\Ramgo\Business\Trading\India2026\Gitrade1\ctrade1\data\nse_fno_bhavcopy\2017\06\fo22JUN2017bhav.csv.zip,ok,,44417,2146,2017-06-22,2017-06-29,2021-12-30,3200.0,12100.0,248
C:\Ramgo\Business\Trading\India2026\Gitrade1\ctrade1\data\nse_fno_bhavcopy\2017\06\fo23JUN2017bhav.csv.zip,ok,,44467,2146,2017-06-23,2017-06-29,2021-12-30,3200.0,12100.0,245
C:\Ramgo\Business\Trading\India2026\Gitrade1\ctrade1\data\nse_fno_bhavcopy\2017\06\fo27JUN2017bhav.csv.zip,ok,,44619,2146,2017-06-27,2017-06-29,2021-12-30,3200.0,12100.0,275
C:\Ramgo\Business\Trading\India2026\Gitrade1\ctrade1\data\nse_fno_bhavcopy\2017\06\fo28JUN2017bhav.csv.zip,ok,,44759,2146,2017-06-28,2017-06-29,2021-12-30,3200.0,12100.0,272
C:\Ramgo\Business\Trading\India2026\Gitrade1\ctrade1\data\nse_fno_bhavcopy\2017\06\fo29JUN2017bhav.csv.zip,ok,,44811,2146,2017-06-29,2017-06-29,2021-12-30,3200.0,12100.0,293
C:\Ramgo\Business\Trading\India2026\Gitrade1\ctrade1\data\nse_fno_bhavcopy\2017\06\fo30JUN2017bhav.csv.zip,ok,,42932,2062,2017-06-30,2017-07-27,2022-06-30,3500.0,12100.0,182
C:\Ramgo\Business\Trading\India2026\Gitrade1\ctrade1\data\nse_fno_bhavcopy\2017\07\fo03JUL2017bhav.csv.zip,ok,,43000,2062,2017-07-03,2017-07-27,2022-06-30,3500.0,12100.0,183
C:\Ramgo\Business\Trading\India2026\Gitrade1\ctrade1\data\nse_fno_bhavcopy\2017\07\fo04JUL2017bhav.csv.zip,ok,,43320,2066,2017-07-04,2017-07-27,2022-06-30,3500.0,12100.0,188
C:\Ramgo\Business\Trading\India2026\Gitrade1\ctrade1\data\nse_fno_bhavcopy\2017\07\fo05JUL2017bhav.csv.zip,ok,,43278,2066,2017-07-05,2017-07-27,2022-06-30,3500.0,12100.0,181
C:\Ramgo\Business\Trading\India2026\Gitrade1\ctrade1\data\nse_fno_bhavcopy\2017\07\fo06JUL2017bhav.csv.zip,ok,,43484,2068,2017-07-06,2017-07-27,2022-06-30,3500.0,12100.0,184
C:\Ramgo\Business\Trading\India2026\Gitrade1\ctrade1\data\nse_fno_bhavcopy\2017\07\fo07JUL2017bhav.csv.zip,ok,,43486,2070,2017-07-07,2017-07-27,2022-06-30,3500.0,12100.0,183
C:\Ramgo\Business\Trading\India2026\Gitrade1\ctrade1\data\nse_fno_bhavcopy\2017\07\fo10JUL2017bhav.csv.zip,ok,,43554,2070,2017-07-10,2017-07-27,2022-06-30,3500.0,12100.0,179
C:\Ramgo\Business\Trading\India2026\Gitrade1\ctrade1\data\nse_fno_bhavcopy\2017\07\fo11JUL2017bhav.csv.zip,ok,,43702,2098,2017-07-11,2017-07-27,2022-06-30,3500.0,12200.0,196
C:\Ramgo\Business\Trading\India2026\Gitrade1\ctrade1\data\nse_fno_bhavcopy\2017\07\fo12JUL2017bhav.csv.zip,ok,,43820,2102,2017-07-12,2017-07-27,2022-06-30,3500.0,12200.0,207
C:\Ramgo\Business\Trading\India2026\Gitrade1\ctrade1\data\nse_fno_bhavcopy\2017\07\fo13JUL2017bhav.csv.zip,ok,,43972,2102,2017-07-13,2017-07-27,2022-06-30,3500.0,12200.0,213
C:\Ramgo\Business\Trading\India2026\Gitrade1\ctrade1\data\nse_fno_bhavcopy\2017\07\fo14JUL2017bhav.csv.zip,ok,,44254,2134,2017-07-14,2017-07-27,2022-06-30,3500.0,12300.0,230
C:\Ramgo\Business\Trading\India2026\Gitrade1\ctrade1\data\nse_fno_bhavcopy\2017\07\fo17JUL2017bhav.csv.zip,ok,,44392,2134,2017-07-17,2017-07-27,2022-06-30,3500.0,12300.0,216
C:\Ramgo\Business\Trading\India2026\Gitrade1\ctrade1\data\nse_fno_bhavcopy\2017\07\fo18JUL2017bhav.csv.zip,ok,,44590,2134,2017-07-18,2017-07-27,2022-06-30,3500.0,12300.0,236
C:\Ramgo\Business\Trading\India2026\Gitrade1\ctrade1\data\nse_fno_bhavcopy\2017\07\fo19JUL2017bhav.csv.zip,ok,,44474,2134,2017-07-19,2017-07-27,2022-06-30,3500.0,12300.0,223
C:\Ramgo\Business\Trading\India2026\Gitrade1\ctrade1\data\nse_fno_bhavcopy\2017\07\fo20JUL2017bhav.csv.zip,ok,,44692,2134,2017-07-20,2017-07-27,2022-06-30,3500.0,12300.0,218
C:\Ramgo\Business\Trading\India2026\Gitrade1\ctrade1\data\nse_fno_bhavcopy\2017\07\fo21JUL2017bhav.csv.zip,ok,,44793,2134,2017-07-21,2017-07-27,2022-06-30,3500.0,12300.0,226
C:\Ramgo\Business\Trading\India2026\Gitrade1\ctrade1\data\nse_fno_bhavcopy\2017\07\fo24JUL2017bhav.csv.zip,ok,,44820,2134,2017-07-24,2017-07-27,2022-06-30,3500.0,12300.0,259
C:\Ramgo\Business\Trading\India2026\Gitrade1\ctrade1\data\nse_fno_bhavcopy\2017\07\fo25JUL2017bhav.csv.zip,ok,,44954,2162,2017-07-25,2017-07-27,2022-06-30,3500.0,12400.0,256
C:\Ramgo\Business\Trading\India2026\Gitrade1\ctrade1\data\nse_fno_bhavcopy\2017\07\fo26JUL2017bhav.csv.zip,ok,,45064,2162,2017-07-26,2017-07-27,2022-06-30,3500.0,12400.0,275
C:\Ramgo\Business\Trading\India2026\Gitrade1\ctrade1\data\nse_fno_bhavcopy\2017\07\fo27JUL2017bhav.csv.zip,ok,,45226,2166,2017-07-27,2017-07-27,2022-06-30,3500.0,12400.0,308
C:\Ramgo\Business\Trading\India2026\Gitrade1\ctrade1\data\nse_fno_bhavcopy\2017\07\fo28JUL2017bhav.csv.zip,ok,,42147,2138,2017-07-28,2017-08-31,2022-06-30,3500.0,12400.0,202
C:\Ramgo\Business\Trading\India2026\Gitrade1\ctrade1\data\nse_fno_bhavcopy\2017\07\fo31JUL2017bhav.csv.zip,ok,,42285,2138,2017-07-31,2017-08-31,2022-06-30,3500.0,12400.0,213
C:\Ramgo\Business\Trading\India2026\Gitrade1\ctrade1\data\nse_fno_bhavcopy\2017\08\fo01AUG2017bhav.csv.zip,ok,,42559,2170,2017-08-01,2017-08-31,2022-06-30,3500.0,12500.0,208
C:\Ramgo\Business\Trading\India2026\Gitrade1\ctrade1\data\nse_fno_bhavcopy\2017\08\fo02AUG2017bhav.csv.zip,ok,,42877,2170,2017-08-02,2017-08-31,2022-06-30,3500.0,12500.0,204
C:\Ramgo\Business\Trading\India2026\Gitrade1\ctrade1\data\nse_fno_bhavcopy\2017\08\fo03AUG2017bhav.csv.zip,ok,,43051,2170,2017-08-03,2017-08-31,2022-06-30,3500.0,12500.0,215
C:\Ramgo\Business\Trading\India2026\Gitrade1\ctrade1\data\nse_fno_bhavcopy\2017\08\fo04AUG2017bhav.csv.zip,ok,,43095,2170,2017-08-04,2017-08-31,2022-06-30,3500.0,12500.0,203
C:\Ramgo\Business\Trading\India2026\Gitrade1\ctrade1\data\nse_fno_bhavcopy\2017\08\fo07AUG2017bhav.csv.zip,ok,,43489,2170,2017-08-07,2017-08-31,2022-06-30,3500.0,12500.0,216
C:\Ramgo\Business\Trading\India2026\Gitrade1\ctrade1\data\nse_fno_bhavcopy\2017\08\fo08AUG2017bhav.csv.zip,ok,,43779,2170,2017-08-08,2017-08-31,2022-06-30,3500.0,12500.0,217
C:\Ramgo\Business\Trading\India2026\Gitrade1\ctrade1\data\nse_fno_bhavcopy\2017\08\fo09AUG2017bhav.csv.zip,ok,,43975,2170,2017-08-09,2017-08-31,2022-06-30,3500.0,12500.0,219
C:\Ramgo\Business\Trading\India2026\Gitrade1\ctrade1\data\nse_fno_bhavcopy\2017\08\fo10AUG2017bhav.csv.zip,ok,,44129,2174,2017-08-10,2017-08-31,2022-06-30,3500.0,12500.0,218
C:\Ramgo\Business\Trading\India2026\Gitrade1\ctrade1\data\nse_fno_bhavcopy\2017\08\fo11AUG2017bhav.csv.zip,ok,,44499,2178,2017-08-11,2017-08-31,2022-06-30,3500.0,12500.0,233
C:\Ramgo\Business\Trading\India2026\Gitrade1\ctrade1\data\nse_fno_bhavcopy\2017\08\fo14AUG2017bhav.csv.zip,ok,,44745,2182,2017-08-14,2017-08-31,2022-06-30,3500.0,12500.0,230
C:\Ramgo\Business\Trading\India2026\Gitrade1\ctrade1\data\nse_fno_bhavcopy\2017\08\fo16AUG2017bhav.csv.zip,ok,,44909,2182,2017-08-16,2017-08-31,2022-06-30,3500.0,12500.0,220
C:\Ramgo\Business\Trading\India2026\Gitrade1\ctrade1\data\nse_fno_bhavcopy\2017\08\fo17AUG2017bhav.csv.zip,ok,,45035,2182,2017-08-17,2017-08-31,2022-06-30,3500.0,12500.0,233
C:\Ramgo\Business\Trading\India2026\Gitrade1\ctrade1\data\nse_fno_bhavcopy\2017\08\fo18AUG2017bhav.csv.zip,ok,,45084,2182,2017-08-18,2017-08-31,2022-06-30,3500.0,12500.0,229
C:\Ramgo\Business\Trading\India2026\Gitrade1\ctrade1\data\nse_fno_bhavcopy\2017\08\fo21AUG2017bhav.csv.zip,ok,,44967,2182,2017-08-21,2017-08-31,2022-06-30,3500.0,12500.0,228
C:\Ramgo\Business\Trading\India2026\Gitrade1\ctrade1\data\nse_fno_bhavcopy\2017\08\fo22AUG2017bhav.csv.zip,ok,,45089,2182,2017-08-22,2017-08-31,2022-06-30,3500.0,12500.0,236
C:\Ramgo\Business\Trading\India2026\Gitrade1\ctrade1\data\nse_fno_bhavcopy\2017\08\fo23AUG2017bhav.csv.zip,ok,,45239,2182,2017-08-23,2017-08-31,2022-06-30,3500.0,12500.0,248
C:\Ramgo\Business\Trading\India2026\Gitrade1\ctrade1\data\nse_fno_bhavcopy\2017\08\fo24AUG2017bhav.csv.zip,ok,,45247,2182,2017-08-24,2017-08-31,2022-06-30,3500.0,12500.0,237
C:\Ramgo\Business\Trading\India2026\Gitrade1\ctrade1\data\nse_fno_bhavcopy\2017\08\fo28AUG2017bhav.csv.zip,ok,,45251,2182,2017-08-28,2017-08-31,2022-06-30,3500.0,12500.0,253
C:\Ramgo\Business\Trading\India2026\Gitrade1\ctrade1\data\nse_fno_bhavcopy\2017\08\fo29AUG2017bhav.csv.zip,ok,,45349,2182,2017-08-29,2017-08-31,2022-06-30,3500.0,12500.0,260
C:\Ramgo\Business\Trading\India2026\Gitrade1\ctrade1\data\nse_fno_bhavcopy\2017\08\fo30AUG2017bhav.csv.zip,ok,,45359,2182,2017-08-30,2017-08-31,2022-06-30,3500.0,12500.0,269
C:\Ramgo\Business\Trading\India2026\Gitrade1\ctrade1\data\nse_fno_bhavcopy\2017\08\fo31AUG2017bhav.csv.zip,ok,,45473,2182,2017-08-31,2017-08-31,2022-06-30,3500.0,12500.0,295
C:\Ramgo\Business\Trading\India2026\Gitrade1\ctrade1\data\nse_fno_bhavcopy\2017\09\fo01SEP2017bhav.csv.zip,ok,,42074,2158,2017-09-01,2017-09-28,2022-06-30,3500.0,12500.0,206
C:\Ramgo\Business\Trading\India2026\Gitrade1\ctrade1\data\nse_fno_bhavcopy\2017\09\fo04SEP2017bhav.csv.zip,ok,,42278,2160,2017-09-04,2017-09-28,2022-06-30,3500.0,12500.0,209
C:\Ramgo\Business\Trading\India2026\Gitrade1\ctrade1\data\nse_fno_bhavcopy\2017\09\fo05SEP2017bhav.csv.zip,ok,,42252,2160,2017-09-05,2017-09-28,2022-06-30,3500.0,12500.0,203
C:\Ramgo\Business\Trading\India2026\Gitrade1\ctrade1\data\nse_fno_bhavcopy\2017\09\fo06SEP2017bhav.csv.zip,ok,,42380,2160,2017-09-06,2017-09-28,2022-06-30,3500.0,12500.0,201
C:\Ramgo\Business\Trading\India2026\Gitrade1\ctrade1\data\nse_fno_bhavcopy\2017\09\fo07SEP2017bhav.csv.zip,ok,,42778,2160,2017-09-07,2017-09-28,2022-06-30,3500.0,12500.0,198
C:\Ramgo\Business\Trading\India2026\Gitrade1\ctrade1\data\nse_fno_bhavcopy\2017\09\fo08SEP2017bhav.csv.zip,ok,,42804,2160,2017-09-08,2017-09-28,2022-06-30,3500.0,12500.0,201
C:\Ramgo\Business\Trading\India2026\Gitrade1\ctrade1\data\nse_fno_bhavcopy\2017\09\fo11SEP2017bhav.csv.zip,ok,,42902,2160,2017-09-11,2017-09-28,2022-06-30,3500.0,12500.0,204
C:\Ramgo\Business\Trading\India2026\Gitrade1\ctrade1\data\nse_fno_bhavcopy\2017\09\fo12SEP2017bhav.csv.zip,ok,,43182,2162,2017-09-12,2017-09-28,2022-06-30,3500.0,12500.0,226
C:\Ramgo\Business\Trading\India2026\Gitrade1\ctrade1\data\nse_fno_bhavcopy\2017\09\fo13SEP2017bhav.csv.zip,ok,,43436,2166,2017-09-13,2017-09-28,2022-06-30,3500.0,12500.0,232
C:\Ramgo\Business\Trading\India2026\Gitrade1\ctrade1\data\nse_fno_bhavcopy\2017\09\fo14SEP2017bhav.csv.zip,ok,,43480,2166,2017-09-14,2017-09-28,2022-06-30,3500.0,12500.0,222
C:\Ramgo\Business\Trading\India2026\Gitrade1\ctrade1\data\nse_fno_bhavcopy\2017\09\fo15SEP2017bhav.csv.zip,ok,,43557,2166,2017-09-15,2017-09-28,2022-06-30,3500.0,12500.0,218
C:\Ramgo\Business\Trading\India2026\Gitrade1\ctrade1\data\nse_fno_bhavcopy\2017\09\fo18SEP2017bhav.csv.zip,ok,,43292,2166,2017-09-18,2017-09-28,2022-06-30,3500.0,12500.0,250
C:\Ramgo\Business\Trading\India2026\Gitrade1\ctrade1\data\nse_fno_bhavcopy\2017\09\fo19SEP2017bhav.csv.zip,ok,,43516,2194,2017-09-19,2017-09-28,2022-06-30,3500.0,12600.0,250
C:\Ramgo\Business\Trading\India2026\Gitrade1\ctrade1\data\nse_fno_bhavcopy\2017\09\fo20SEP2017bhav.csv.zip,ok,,43588,2194,2017-09-20,2017-09-28,2022-06-30,3500.0,12600.0,233
C:\Ramgo\Business\Trading\India2026\Gitrade1\ctrade1\data\nse_fno_bhavcopy\2017\09\fo21SEP2017bhav.csv.zip,ok,,43654,2194,2017-09-21,2017-09-28,2022-06-30,3500.0,12600.0,248
C:\Ramgo\Business\Trading\India2026\Gitrade1\ctrade1\data\nse_fno_bhavcopy\2017\09\fo22SEP2017bhav.csv.zip,ok,,43808,2194,2017-09-22,2017-09-28,2022-06-30,3500.0,12600.0,259
C:\Ramgo\Business\Trading\India2026\Gitrade1\ctrade1\data\nse_fno_bhavcopy\2017\09\fo25SEP2017bhav.csv.zip,ok,,43908,2194,2017-09-25,2017-09-28,2022-06-30,3500.0,12600.0,278
C:\Ramgo\Business\Trading\India2026\Gitrade1\ctrade1\data\nse_fno_bhavcopy\2017\09\fo26SEP2017bhav.csv.zip,ok,,44052,2196,2017-09-26,2017-09-28,2022-06-30,3500.0,12600.0,285
C:\Ramgo\Business\Trading\India2026\Gitrade1\ctrade1\data\nse_fno_bhavcopy\2017\09\fo27SEP2017bhav.csv.zip,ok,,44092,2196,2017-09-27,2017-09-28,2022-06-30,3500.0,12600.0,301
C:\Ramgo\Business\Trading\India2026\Gitrade1\ctrade1\data\nse_fno_bhavcopy\2017\09\fo28SEP2017bhav.csv.zip,ok,,44338,2200,2017-09-28,2017-09-28,2022-06-30,3500.0,12600.0,322
C:\Ramgo\Business\Trading\India2026\Gitrade1\ctrade1\data\nse_fno_bhavcopy\2017\09\fo29SEP2017bhav.csv.zip,ok,,42635,2152,2017-09-29,2017-10-26,2022-06-30,3500.0,12600.0,188
C:\Ramgo\Business\Trading\India2026\Gitrade1\ctrade1\data\nse_fno_bhavcopy\2017\10\fo03OCT2017bhav.csv.zip,ok,,42793,2152,2017-10-03,2017-10-26,2022-06-30,3500.0,12600.0,189
C:\Ramgo\Business\Trading\India2026\Gitrade1\ctrade1\data\nse_fno_bhavcopy\2017\10\fo04OCT2017bhav.csv.zip,ok,,42917,2156,2017-10-04,2017-10-26,2022-06-30,3500.0,12600.0,198
C:\Ramgo\Business\Trading\India2026\Gitrade1\ctrade1\data\nse_fno_bhavcopy\2017\10\fo05OCT2017bhav.csv.zip,ok,,43005,2156,2017-10-05,2017-10-26,2022-06-30,3500.0,12600.0,191
C:\Ramgo\Business\Trading\India2026\Gitrade1\ctrade1\data\nse_fno_bhavcopy\2017\10\fo06OCT2017bhav.csv.zip,ok,,43031,2156,2017-10-06,2017-10-26,2022-06-30,3500.0,12600.0,204
C:\Ramgo\Business\Trading\India2026\Gitrade1\ctrade1\data\nse_fno_bhavcopy\2017\10\fo09OCT2017bhav.csv.zip,ok,,43269,2160,2017-10-09,2017-10-26,2022-06-30,3500.0,12600.0,200
C:\Ramgo\Business\Trading\India2026\Gitrade1\ctrade1\data\nse_fno_bhavcopy\2017\10\fo10OCT2017bhav.csv.zip,ok,,43377,2160,2017-10-10,2017-10-26,2022-06-30,3500.0,12600.0,194
C:\Ramgo\Business\Trading\India2026\Gitrade1\ctrade1\data\nse_fno_bhavcopy\2017\10\fo11OCT2017bhav.csv.zip,ok,,43457,2160,2017-10-11,2017-10-26,2022-06-30,3500.0,12600.0,212
C:\Ramgo\Business\Trading\India2026\Gitrade1\ctrade1\data\nse_fno_bhavcopy\2017\10\fo12OCT2017bhav.csv.zip,ok,,43503,2160,2017-10-12,2017-10-26,2022-06-30,3500.0,12600.0,228
C:\Ramgo\Business\Trading\India2026\Gitrade1\ctrade1\data\nse_fno_bhavcopy\2017\10\fo13OCT2017bhav.csv.zip,ok,,43649,2164,2017-10-13,2017-10-26,2022-06-30,3500.0,12600.0,231
C:\Ramgo\Business\Trading\India2026\Gitrade1\ctrade1\data\nse_fno_bhavcopy\2017\10\fo16OCT2017bhav.csv.zip,ok,,43779,2168,2017-10-16,2017-10-26,2022-06-30,3500.0,12600.0,232
C:\Ramgo\Business\Trading\India2026\Gitrade1\ctrade1\data\nse_fno_bhavcopy\2017\10\fo17OCT2017bhav.csv.zip,ok,,43915,2178,2017-10-17,2017-10-26,2022-06-30,3500.0,12600.0,228
C:\Ramgo\Business\Trading\India2026\Gitrade1\ctrade1\data\nse_fno_bhavcopy\2017\10\fo18OCT2017bhav.csv.zip,ok,,44066,2178,2017-10-18,2017-10-26,2022-06-30,3500.0,12600.0,232
C:\Ramgo\Business\Trading\India2026\Gitrade1\ctrade1\data\nse_fno_bhavcopy\2017\10\fo19OCT2017bhav.csv.zip,ok,,43443,2178,2017-10-19,2017-10-26,2022-06-30,3500.0,12600.0,179
C:\Ramgo\Business\Trading\India2026\Gitrade1\ctrade1\data\nse_fno_bhavcopy\2017\10\fo23OCT2017bhav.csv.zip,ok,,43481,2178,2017-10-23,2017-10-26,2022-06-30,3500.0,12600.0,238
C:\Ramgo\Business\Trading\India2026\Gitrade1\ctrade1\data\nse_fno_bhavcopy\2017\10\fo24OCT2017bhav.csv.zip,ok,,43653,2178,2017-10-24,2017-10-26,2022-06-30,3500.0,12600.0,251
C:\Ramgo\Business\Trading\India2026\Gitrade1\ctrade1\data\nse_fno_bhavcopy\2017\10\fo25OCT2017bhav.csv.zip,ok,,44381,2178,2017-10-25,2017-10-26,2022-06-30,3500.0,12600.0,278
C:\Ramgo\Business\Trading\India2026\Gitrade1\ctrade1\data\nse_fno_bhavcopy\2017\10\fo26OCT2017bhav.csv.zip,ok,,44695,2204,2017-10-26,2017-10-26,2022-06-30,3500.0,12700.0,291
C:\Ramgo\Business\Trading\India2026\Gitrade1\ctrade1\data\nse_fno_bhavcopy\2017\10\fo27OCT2017bhav.csv.zip,ok,,41320,2184,2017-10-27,2017-11-30,2022-06-30,3500.0,12700.0,203
C:\Ramgo\Business\Trading\India2026\Gitrade1\ctrade1\data\nse_fno_bhavcopy\2017\10\fo30OCT2017bhav.csv.zip,ok,,41550,2186,2017-10-30,2017-11-30,2022-06-30,3500.0,12700.0,194
C:\Ramgo\Business\Trading\India2026\Gitrade1\ctrade1\data\nse_fno_bhavcopy\2017\10\fo31OCT2017bhav.csv.zip,ok,,42018,2208,2017-10-31,2017-11-30,2022-06-30,3500.0,12800.0,192
C:\Ramgo\Business\Trading\India2026\Gitrade1\ctrade1\data\nse_fno_bhavcopy\2017\11\fo01NOV2017bhav.csv.zip,ok,,42148,2208,2017-11-01,2017-11-30,2022-06-30,3500.0,12800.0,231
C:\Ramgo\Business\Trading\India2026\Gitrade1\ctrade1\data\nse_fno_bhavcopy\2017\11\fo02NOV2017bhav.csv.zip,ok,,42438,2218,2017-11-02,2017-11-30,2022-06-30,3500.0,12800.0,232
C:\Ramgo\Business\Trading\India2026\Gitrade1\ctrade1\data\nse_fno_bhavcopy\2017\11\fo03NOV2017bhav.csv.zip,ok,,42592,2218,2017-11-03,2017-11-30,2022-06-30,3500.0,12800.0,226
C:\Ramgo\Business\Trading\India2026\Gitrade1\ctrade1\data\nse_fno_bhavcopy\2017\11\fo06NOV2017bhav.csv.zip,ok,,42976,2240,2017-11-06,2017-11-30,2022-06-30,3500.0,12900.0,222
C:\Ramgo\Business\Trading\India2026\Gitrade1\ctrade1\data\nse_fno_bhavcopy\2017\11\fo07NOV2017bhav.csv.zip,ok,,43198,2240,2017-11-07,2017-11-30,2022-06-30,3500.0,12900.0,236
C:\Ramgo\Business\Trading\India2026\Gitrade1\ctrade1\data\nse_fno_bhavcopy\2017\11\fo08NOV2017bhav.csv.zip,ok,,43336,2240,2017-11-08,2017-11-30,2022-06-30,3500.0,12900.0,235
C:\Ramgo\Business\Trading\India2026\Gitrade1\ctrade1\data\nse_fno_bhavcopy\2017\11\fo09NOV2017bhav.csv.zip,ok,,43470,2240,2017-11-09,2017-11-30,2022-06-30,3500.0,12900.0,224
C:\Ramgo\Business\Trading\India2026\Gitrade1\ctrade1\data\nse_fno_bhavcopy\2017\11\fo10NOV2017bhav.csv.zip,ok,,43810,2240,2017-11-10,2017-11-30,2022-06-30,3500.0,12900.0,235
C:\Ramgo\Business\Trading\India2026\Gitrade1\ctrade1\data\nse_fno_bhavcopy\2017\11\fo13NOV2017bhav.csv.zip,ok,,43856,2240,2017-11-13,2017-11-30,2022-06-30,3500.0,12900.0,241
C:\Ramgo\Business\Trading\India2026\Gitrade1\ctrade1\data\nse_fno_bhavcopy\2017\11\fo14NOV2017bhav.csv.zip,ok,,44098,2244,2017-11-14,2017-11-30,2022-06-30,3500.0,12900.0,228
C:\Ramgo\Business\Trading\India2026\Gitrade1\ctrade1\data\nse_fno_bhavcopy\2017\11\fo15NOV2017bhav.csv.zip,ok,,44214,2244,2017-11-15,2017-11-30,2022-06-30,3500.0,12900.0,241
C:\Ramgo\Business\Trading\India2026\Gitrade1\ctrade1\data\nse_fno_bhavcopy\2017\11\fo16NOV2017bhav.csv.zip,ok,,44458,2248,2017-11-16,2017-11-30,2022-06-30,3500.0,12900.0,251
C:\Ramgo\Business\Trading\India2026\Gitrade1\ctrade1\data\nse_fno_bhavcopy\2017\11\fo17NOV2017bhav.csv.zip,ok,,44744,2248,2017-11-17,2017-11-30,2022-06-30,3500.0,12900.0,249
C:\Ramgo\Business\Trading\India2026\Gitrade1\ctrade1\data\nse_fno_bhavcopy\2017\11\fo20NOV2017bhav.csv.zip,ok,,44824,2248,2017-11-20,2017-11-30,2022-06-30,3500.0,12900.0,229
C:\Ramgo\Business\Trading\India2026\Gitrade1\ctrade1\data\nse_fno_bhavcopy\2017\11\fo21NOV2017bhav.csv.zip,ok,,44972,2248,2017-11-21,2017-11-30,2022-06-30,3500.0,12900.0,243
C:\Ramgo\Business\Trading\India2026\Gitrade1\ctrade1\data\nse_fno_bhavcopy\2017\11\fo22NOV2017bhav.csv.zip,ok,,45058,2248,2017-11-22,2017-11-30,2022-06-30,3500.0,12900.0,229
C:\Ramgo\Business\Trading\India2026\Gitrade1\ctrade1\data\nse_fno_bhavcopy\2017\11\fo23NOV2017bhav.csv.zip,ok,,45076,2248,2017-11-23,2017-11-30,2022-06-30,3500.0,12900.0,241
C:\Ramgo\Business\Trading\India2026\Gitrade1\ctrade1\data\nse_fno_bhavcopy\2017\11\fo24NOV2017bhav.csv.zip,ok,,45034,2248,2017-11-24,2017-11-30,2022-06-30,3500.0,12900.0,241
C:\Ramgo\Business\Trading\India2026\Gitrade1\ctrade1\data\nse_fno_bhavcopy\2017\11\fo27NOV2017bhav.csv.zip,ok,,45100,2248,2017-11-27,2017-11-30,2022-06-30,3500.0,12900.0,257
C:\Ramgo\Business\Trading\India2026\Gitrade1\ctrade1\data\nse_fno_bhavcopy\2017\11\fo28NOV2017bhav.csv.zip,ok,,45274,2248,2017-11-28,2017-11-30,2022-06-30,3500.0,12900.0,266
C:\Ramgo\Business\Trading\India2026\Gitrade1\ctrade1\data\nse_fno_bhavcopy\2017\11\fo29NOV2017bhav.csv.zip,ok,,45366,2248,2017-11-29,2017-11-30,2022-06-30,3500.0,12900.0,260
C:\Ramgo\Business\Trading\India2026\Gitrade1\ctrade1\data\nse_fno_bhavcopy\2017\11\fo30NOV2017bhav.csv.zip,ok,,45410,2248,2017-11-30,2017-11-30,2022-06-30,3500.0,12900.0,284
C:\Ramgo\Business\Trading\India2026\Gitrade1\ctrade1\data\nse_fno_bhavcopy\2017\12\fo01DEC2017bhav.csv.zip,ok,,41739,2220,2017-12-01,2017-12-28,2022-06-30,3500.0,12900.0,213
C:\Ramgo\Business\Trading\India2026\Gitrade1\ctrade1\data\nse_fno_bhavcopy\2017\12\fo04DEC2017bhav.csv.zip,ok,,41955,2226,2017-12-04,2017-12-28,2022-06-30,3500.0,12900.0,211
C:\Ramgo\Business\Trading\India2026\Gitrade1\ctrade1\data\nse_fno_bhavcopy\2017\12\fo05DEC2017bhav.csv.zip,ok,,42035,2226,2017-12-05,2017-12-28,2022-06-30,3500.0,12900.0,228
C:\Ramgo\Business\Trading\India2026\Gitrade1\ctrade1\data\nse_fno_bhavcopy\2017\12\fo06DEC2017bhav.csv.zip,ok,,42113,2226,2017-12-06,2017-12-28,2022-06-30,3500.0,12900.0,208
C:\Ramgo\Business\Trading\India2026\Gitrade1\ctrade1\data\nse_fno_bhavcopy\2017\12\fo07DEC2017bhav.csv.zip,ok,,42331,2230,2017-12-07,2017-12-28,2022-06-30,3500.0,12900.0,234
C:\Ramgo\Business\Trading\India2026\Gitrade1\ctrade1\data\nse_fno_bhavcopy\2017\12\fo08DEC2017bhav.csv.zip,ok,,42345,2230,2017-12-08,2017-12-28,2022-06-30,3500.0,12900.0,218
C:\Ramgo\Business\Trading\India2026\Gitrade1\ctrade1\data\nse_fno_bhavcopy\2017\12\fo11DEC2017bhav.csv.zip,ok,,42435,2230,2017-12-11,2017-12-28,2022-06-30,3500.0,12900.0,224
C:\Ramgo\Business\Trading\India2026\Gitrade1\ctrade1\data\nse_fno_bhavcopy\2017\12\fo12DEC2017bhav.csv.zip,ok,,42531,2232,2017-12-12,2017-12-28,2022-06-30,3500.0,12900.0,232
C:\Ramgo\Business\Trading\India2026\Gitrade1\ctrade1\data\nse_fno_bhavcopy\2017\12\fo13DEC2017bhav.csv.zip,ok,,42569,2232,2017-12-13,2017-12-28,2022-06-30,3500.0,12900.0,242
C:\Ramgo\Business\Trading\India2026\Gitrade1\ctrade1\data\nse_fno_bhavcopy\2017\12\fo14DEC2017bhav.csv.zip,ok,,42597,2232,2017-12-14,2017-12-28,2022-06-30,3500.0,12900.0,234
C:\Ramgo\Business\Trading\India2026\Gitrade1\ctrade1\data\nse_fno_bhavcopy\2017\12\fo15DEC2017bhav.csv.zip,ok,,42567,2232,2017-12-15,2017-12-28,2022-06-30,3500.0,12900.0,256
C:\Ramgo\Business\Trading\India2026\Gitrade1\ctrade1\data\nse_fno_bhavcopy\2017\12\fo18DEC2017bhav.csv.zip,ok,,42609,2234,2017-12-18,2017-12-28,2022-06-30,3500.0,12900.0,264
C:\Ramgo\Business\Trading\India2026\Gitrade1\ctrade1\data\nse_fno_bhavcopy\2017\12\fo19DEC2017bhav.csv.zip,ok,,43003,2236,2017-12-19,2017-12-28,2022-06-30,3500.0,12900.0,258
C:\Ramgo\Business\Trading\India2026\Gitrade1\ctrade1\data\nse_fno_bhavcopy\2017\12\fo20DEC2017bhav.csv.zip,ok,,43139,2238,2017-12-20,2017-12-28,2022-06-30,3500.0,12900.0,274
C:\Ramgo\Business\Trading\India2026\Gitrade1\ctrade1\data\nse_fno_bhavcopy\2017\12\fo21DEC2017bhav.csv.zip,ok,,43213,2238,2017-12-21,2017-12-28,2022-06-30,3500.0,12900.0,265
C:\Ramgo\Business\Trading\India2026\Gitrade1\ctrade1\data\nse_fno_bhavcopy\2017\12\fo22DEC2017bhav.csv.zip,ok,,43401,2238,2017-12-22,2017-12-28,2022-06-30,3500.0,12900.0,283
C:\Ramgo\Business\Trading\India2026\Gitrade1\ctrade1\data\nse_fno_bhavcopy\2017\12\fo26DEC2017bhav.csv.zip,ok,,43769,2242,2017-12-26,2017-12-28,2022-06-30,3500.0,12900.0,321
C:\Ramgo\Business\Trading\India2026\Gitrade1\ctrade1\data\nse_fno_bhavcopy\2017\12\fo27DEC2017bhav.csv.zip,ok,,44017,2248,2017-12-27,2017-12-28,2022-06-30,3500.0,12900.0,322
C:\Ramgo\Business\Trading\India2026\Gitrade1\ctrade1\data\nse_fno_bhavcopy\2017\12\fo28DEC2017bhav.csv.zip,ok,,44059,2248,2017-12-28,2017-12-28,2022-06-30,3500.0,12900.0,349
C:\Ramgo\Business\Trading\India2026\Gitrade1\ctrade1\data\nse_fno_bhavcopy\2017\12\fo29DEC2017bhav.csv.zip,ok,,42109,2144,2017-12-29,2018-01-25,2022-12-29,3500.0,12900.0,197
C:\Ramgo\Business\Trading\India2026\Gitrade1\ctrade1\data\nse_fno_bhavcopy\2018\01\fo01JAN2018bhav.csv.zip,ok,,43095,2146,2018-01-01,2018-01-25,2022-12-29,3500.0,12900.0,203
C:\Ramgo\Business\Trading\India2026\Gitrade1\ctrade1\data\nse_fno_bhavcopy\2018\01\fo02JAN2018bhav.csv.zip,ok,,43129,2150,2018-01-02,2018-01-25,2022-12-29,3500.0,12900.0,204
C:\Ramgo\Business\Trading\India2026\Gitrade1\ctrade1\data\nse_fno_bhavcopy\2018\01\fo03JAN2018bhav.csv.zip,ok,,43239,2150,2018-01-03,2018-01-25,2022-12-29,3500.0,12900.0,200
C:\Ramgo\Business\Trading\India2026\Gitrade1\ctrade1\data\nse_fno_bhavcopy\2018\01\fo04JAN2018bhav.csv.zip,ok,,43349,2150,2018-01-04,2018-01-25,2022-12-29,3500.0,12900.0,202
C:\Ramgo\Business\Trading\India2026\Gitrade1\ctrade1\data\nse_fno_bhavcopy\2018\01\fo05JAN2018bhav.csv.zip,ok,,43483,2150,2018-01-05,2018-01-25,2022-12-29,3500.0,12900.0,208
C:\Ramgo\Business\Trading\India2026\Gitrade1\ctrade1\data\nse_fno_bhavcopy\2018\01\fo08JAN2018bhav.csv.zip,ok,,43739,2172,2018-01-08,2018-01-25,2022-12-29,3500.0,13000.0,205
C:\Ramgo\Business\Trading\India2026\Gitrade1\ctrade1\data\nse_fno_bhavcopy\2018\01\fo09JAN2018bhav.csv.zip,ok,,43977,2176,2018-01-09,2018-01-25,2022-12-29,3500.0,13000.0,221
C:\Ramgo\Business\Trading\India2026\Gitrade1\ctrade1\data\nse_fno_bhavcopy\2018\01\fo10JAN2018bhav.csv.zip,ok,,44083,2182,2018-01-10,2018-01-25,2022-12-29,3500.0,13000.0,208
C:\Ramgo\Business\Trading\India2026\Gitrade1\ctrade1\data\nse_fno_bhavcopy\2018\01\fo11JAN2018bhav.csv.zip,ok,,44247,2182,2018-01-11,2018-01-25,2022-12-29,3500.0,13000.0,218
C:\Ramgo\Business\Trading\India2026\Gitrade1\ctrade1\data\nse_fno_bhavcopy\2018\01\fo12JAN2018bhav.csv.zip,ok,,44317,2204,2018-01-12,2018-01-25,2022-12-29,3500.0,13100.0,228
C:\Ramgo\Business\Trading\India2026\Gitrade1\ctrade1\data\nse_fno_bhavcopy\2018\01\fo15JAN2018bhav.csv.zip,ok,,44389,2208,2018-01-15,2018-01-25,2022-12-29,3500.0,13100.0,232
C:\Ramgo\Business\Trading\India2026\Gitrade1\ctrade1\data\nse_fno_bhavcopy\2018\01\fo16JAN2018bhav.csv.zip,ok,,44543,2214,2018-01-16,2018-01-25,2022-12-29,3500.0,13100.0,225
C:\Ramgo\Business\Trading\India2026\Gitrade1\ctrade1\data\nse_fno_bhavcopy\2018\01\fo17JAN2018bhav.csv.zip,ok,,44695,2214,2018-01-17,2018-01-25,2022-12-29,3500.0,13100.0,251
C:\Ramgo\Business\Trading\India2026\Gitrade1\ctrade1\data\nse_fno_bhavcopy\2018\01\fo18JAN2018bhav.csv.zip,ok,,44851,2240,2018-01-18,2018-01-25,2022-12-29,3500.0,13200.0,255
C:\Ramgo\Business\Trading\India2026\Gitrade1\ctrade1\data\nse_fno_bhavcopy\2018\01\fo19JAN2018bhav.csv.zip,ok,,44999,2240,2018-01-19,2018-01-25,2022-12-29,3500.0,13200.0,261
C:\Ramgo\Business\Trading\India2026\Gitrade1\ctrade1\data\nse_fno_bhavcopy\2018\01\fo22JAN2018bhav.csv.zip,ok,,45175,2272,2018-01-22,2018-01-25,2022-12-29,3500.0,13300.0,274
C:\Ramgo\Business\Trading\India2026\Gitrade1\ctrade1\data\nse_fno_bhavcopy\2018\01\fo23JAN2018bhav.csv.zip,ok,,45447,2300,2018-01-23,2018-01-25,2022-12-29,3500.0,13400.0,307
C:\Ramgo\Business\Trading\India2026\Gitrade1\ctrade1\data\nse_fno_bhavcopy\2018\01\fo24JAN2018bhav.csv.zip,ok,,45799,2336,2018-01-24,2018-01-25,2022-12-29,3500.0,13500.0,316
C:\Ramgo\Business\Trading\India2026\Gitrade1\ctrade1\data\nse_fno_bhavcopy\2018\01\fo25JAN2018bhav.csv.zip,ok,,46017,2336,2018-01-25,2018-01-25,2022-12-29,3500.0,13500.0,318
C:\Ramgo\Business\Trading\India2026\Gitrade1\ctrade1\data\nse_fno_bhavcopy\2018\01\fo29JAN2018bhav.csv.zip,ok,,42087,2294,2018-01-29,2018-02-22,2022-12-29,3500.0,13500.0,217
C:\Ramgo\Business\Trading\India2026\Gitrade1\ctrade1\data\nse_fno_bhavcopy\2018\01\fo30JAN2018bhav.csv.zip,ok,,42263,2302,2018-01-30,2018-02-22,2022-12-29,3500.0,13500.0,209
C:\Ramgo\Business\Trading\India2026\Gitrade1\ctrade1\data\nse_fno_bhavcopy\2018\01\fo31JAN2018bhav.csv.zip,ok,,42351,2302,2018-01-31,2018-02-22,2022-12-29,3500.0,13500.0,217
C:\Ramgo\Business\Trading\India2026\Gitrade1\ctrade1\data\nse_fno_bhavcopy\2018\02\fo01FEB2018bhav.csv.zip,ok,,42635,2302,2018-02-01,2018-02-22,2022-12-29,3500.0,13500.0,226
C:\Ramgo\Business\Trading\India2026\Gitrade1\ctrade1\data\nse_fno_bhavcopy\2018\02\fo02FEB2018bhav.csv.zip,ok,,43239,2304,2018-02-02,2018-02-22,2022-12-29,3500.0,13500.0,222
C:\Ramgo\Business\Trading\India2026\Gitrade1\ctrade1\data\nse_fno_bhavcopy\2018\02\fo05FEB2018bhav.csv.zip,ok,,43473,2314,2018-02-05,2018-02-22,2022-12-29,3500.0,13500.0,255
C:\Ramgo\Business\Trading\India2026\Gitrade1\ctrade1\data\nse_fno_bhavcopy\2018\02\fo06FEB2018bhav.csv.zip,ok,,43749,2318,2018-02-06,2018-02-22,2022-12-29,3500.0,13500.0,276
C:\Ramgo\Business\Trading\India2026\Gitrade1\ctrade1\data\nse_fno_bhavcopy\2018\02\fo07FEB2018bhav.csv.zip,ok,,43979,2324,2018-02-07,2018-02-22,2022-12-29,3500.0,13500.0,257
C:\Ramgo\Business\Trading\India2026\Gitrade1\ctrade1\data\nse_fno_bhavcopy\2018\02\fo08FEB2018bhav.csv.zip,ok,,44045,2324,2018-02-08,2018-02-22,2022-12-29,3500.0,13500.0,268
C:\Ramgo\Business\Trading\India2026\Gitrade1\ctrade1\data\nse_fno_bhavcopy\2018\02\fo09FEB2018bhav.csv.zip,ok,,43991,2324,2018-02-09,2018-02-22,2022-12-29,3500.0,13500.0,273
C:\Ramgo\Business\Trading\India2026\Gitrade1\ctrade1\data\nse_fno_bhavcopy\2018\02\fo12FEB2018bhav.csv.zip,ok,,44041,2326,2018-02-12,2018-02-22,2022-12-29,3500.0,13500.0,259
C:\Ramgo\Business\Trading\India2026\Gitrade1\ctrade1\data\nse_fno_bhavcopy\2018\02\fo14FEB2018bhav.csv.zip,ok,,44049,2326,2018-02-14,2018-02-22,2022-12-29,3500.0,13500.0,266
C:\Ramgo\Business\Trading\India2026\Gitrade1\ctrade1\data\nse_fno_bhavcopy\2018\02\fo15FEB2018bhav.csv.zip,ok,,44171,2326,2018-02-15,2018-02-22,2022-12-29,3500.0,13500.0,264
C:\Ramgo\Business\Trading\India2026\Gitrade1\ctrade1\data\nse_fno_bhavcopy\2018\02\fo16FEB2018bhav.csv.zip,ok,,44133,2326,2018-02-16,2018-02-22,2022-12-29,3500.0,13500.0,280
C:\Ramgo\Business\Trading\India2026\Gitrade1\ctrade1\data\nse_fno_bhavcopy\2018\02\fo19FEB2018bhav.csv.zip,ok,,44179,2326,2018-02-19,2018-02-22,2022-12-29,3500.0,13500.0,301
C:\Ramgo\Business\Trading\India2026\Gitrade1\ctrade1\data\nse_fno_bhavcopy\2018\02\fo20FEB2018bhav.csv.zip,ok,,44285,2328,2018-02-20,2018-02-22,2022-12-29,3500.0,13500.0,303
C:\Ramgo\Business\Trading\India2026\Gitrade1\ctrade1\data\nse_fno_bhavcopy\2018\02\fo21FEB2018bhav.csv.zip,ok,,44343,2332,2018-02-21,2018-02-22,2022-12-29,3500.0,13500.0,298
C:\Ramgo\Business\Trading\India2026\Gitrade1\ctrade1\data\nse_fno_bhavcopy\2018\02\fo22FEB2018bhav.csv.zip,ok,,44379,2332,2018-02-22,2018-02-22,2022-12-29,3500.0,13500.0,322
C:\Ramgo\Business\Trading\India2026\Gitrade1\ctrade1\data\nse_fno_bhavcopy\2018\02\fo23FEB2018bhav.csv.zip,ok,,40748,2288,2018-02-23,2018-03-28,2022-12-29,3500.0,13500.0,222
C:\Ramgo\Business\Trading\India2026\Gitrade1\ctrade1\data\nse_fno_bhavcopy\2018\02\fo26FEB2018bhav.csv.zip,ok,,40904,2292,2018-02-26,2018-03-28,2022-12-29,3500.0,13500.0,239
C:\Ramgo\Business\Trading\India2026\Gitrade1\ctrade1\data\nse_fno_bhavcopy\2018\02\fo27FEB2018bhav.csv.zip,ok,,41006,2296,2018-02-27,2018-03-28,2022-12-29,3500.0,13500.0,225
C:\Ramgo\Business\Trading\India2026\Gitrade1\ctrade1\data\nse_fno_bhavcopy\2018\02\fo28FEB2018bhav.csv.zip,ok,,41036,2296,2018-02-28,2018-03-28,2022-12-29,3500.0,13500.0,230
C:\Ramgo\Business\Trading\India2026\Gitrade1\ctrade1\data\nse_fno_bhavcopy\2018\03\fo01MAR2018bhav.csv.zip,ok,,41144,2296,2018-03-01,2018-03-28,2022-12-29,3500.0,13500.0,222
C:\Ramgo\Business\Trading\India2026\Gitrade1\ctrade1\data\nse_fno_bhavcopy\2018\03\fo05MAR2018bhav.csv.zip,ok,,41258,2296,2018-03-05,2018-03-28,2022-12-29,3500.0,13500.0,241
C:\Ramgo\Business\Trading\India2026\Gitrade1\ctrade1\data\nse_fno_bhavcopy\2018\03\fo06MAR2018bhav.csv.zip,ok,,41334,2298,2018-03-06,2018-03-28,2022-12-29,3500.0,13500.0,241
C:\Ramgo\Business\Trading\India2026\Gitrade1\ctrade1\data\nse_fno_bhavcopy\2018\03\fo07MAR2018bhav.csv.zip,ok,,41582,2312,2018-03-07,2018-03-28,2022-12-29,3500.0,13500.0,262
C:\Ramgo\Business\Trading\India2026\Gitrade1\ctrade1\data\nse_fno_bhavcopy\2018\03\fo08MAR2018bhav.csv.zip,ok,,41960,2322,2018-03-08,2018-03-28,2022-12-29,3500.0,13500.0,256
C:\Ramgo\Business\Trading\India2026\Gitrade1\ctrade1\data\nse_fno_bhavcopy\2018\03\fo09MAR2018bhav.csv.zip,ok,,41974,2322,2018-03-09,2018-03-28,2022-12-29,3500.0,13500.0,251
C:\Ramgo\Business\Trading\India2026\Gitrade1\ctrade1\data\nse_fno_bhavcopy\2018\03\fo12MAR2018bhav.csv.zip,ok,,42122,2322,2018-03-12,2018-03-28,2022-12-29,3500.0,13500.0,265
C:\Ramgo\Business\Trading\India2026\Gitrade1\ctrade1\data\nse_fno_bhavcopy\2018\03\fo13MAR2018bhav.csv.zip,ok,,42184,2322,2018-03-13,2018-03-28,2022-12-29,3500.0,13500.0,260
C:\Ramgo\Business\Trading\India2026\Gitrade1\ctrade1\data\nse_fno_bhavcopy\2018\03\fo14MAR2018bhav.csv.zip,ok,,42232,2322,2018-03-14,2018-03-28,2022-12-29,3500.0,13500.0,280
C:\Ramgo\Business\Trading\India2026\Gitrade1\ctrade1\data\nse_fno_bhavcopy\2018\03\fo15MAR2018bhav.csv.zip,ok,,42272,2322,2018-03-15,2018-03-28,2022-12-29,3500.0,13500.0,260
C:\Ramgo\Business\Trading\India2026\Gitrade1\ctrade1\data\nse_fno_bhavcopy\2018\03\fo16MAR2018bhav.csv.zip,ok,,42198,2322,2018-03-16,2018-03-28,2022-12-29,3500.0,13500.0,282
C:\Ramgo\Business\Trading\India2026\Gitrade1\ctrade1\data\nse_fno_bhavcopy\2018\03\fo19MAR2018bhav.csv.zip,ok,,42268,2322,2018-03-19,2018-03-28,2022-12-29,3500.0,13500.0,283
C:\Ramgo\Business\Trading\India2026\Gitrade1\ctrade1\data\nse_fno_bhavcopy\2018\03\fo20MAR2018bhav.csv.zip,ok,,42464,2328,2018-03-20,2018-03-28,2022-12-29,3500.0,13500.0,277
C:\Ramgo\Business\Trading\India2026\Gitrade1\ctrade1\data\nse_fno_bhavcopy\2018\03\fo21MAR2018bhav.csv.zip,ok,,42536,2328,2018-03-21,2018-03-28,2022-12-29,3500.0,13500.0,289
C:\Ramgo\Business\Trading\India2026\Gitrade1\ctrade1\data\nse_fno_bhavcopy\2018\03\fo22MAR2018bhav.csv.zip,ok,,42572,2328,2018-03-22,2018-03-28,2022-12-29,3500.0,13500.0,296
C:\Ramgo\Business\Trading\India2026\Gitrade1\ctrade1\data\nse_fno_bhavcopy\2018\03\fo23MAR2018bhav.csv.zip,ok,,42566,2328,2018-03-23,2018-03-28,2022-12-29,3500.0,13500.0,313
C:\Ramgo\Business\Trading\India2026\Gitrade1\ctrade1\data\nse_fno_bhavcopy\2018\03\fo26MAR2018bhav.csv.zip,ok,,42860,2340,2018-03-26,2018-03-28,2022-12-29,3500.0,13500.0,333
C:\Ramgo\Business\Trading\India2026\Gitrade1\ctrade1\data\nse_fno_bhavcopy\2018\03\fo27MAR2018bhav.csv.zip,ok,,42910,2340,2018-03-27,2018-03-28,2022-12-29,3500.0,13500.0,332
C:\Ramgo\Business\Trading\India2026\Gitrade1\ctrade1\data\nse_fno_bhavcopy\2018\03\fo28MAR2018bhav.csv.zip,ok,,43084,2340,2018-03-28,2018-03-28,2022-12-29,3500.0,13500.0,367
C:\Ramgo\Business\Trading\India2026\Gitrade1\ctrade1\data\nse_fno_bhavcopy\2018\04\fo02APR2018bhav.csv.zip,ok,,40708,2288,2018-04-02,2018-04-26,2022-12-29,3500.0,13500.0,228
C:\Ramgo\Business\Trading\India2026\Gitrade1\ctrade1\data\nse_fno_bhavcopy\2018\04\fo03APR2018bhav.csv.zip,ok,,40898,2292,2018-04-03,2018-04-26,2022-12-29,3500.0,13500.0,210
C:\Ramgo\Business\Trading\India2026\Gitrade1\ctrade1\data\nse_fno_bhavcopy\2018\04\fo04APR2018bhav.csv.zip,ok,,41086,2294,2018-04-04,2018-04-26,2022-12-29,3500.0,13500.0,234
C:\Ramgo\Business\Trading\India2026\Gitrade1\ctrade1\data\nse_fno_bhavcopy\2018\04\fo05APR2018bhav.csv.zip,ok,,41088,2294,2018-04-05,2018-04-26,2022-12-29,3500.0,13500.0,233
C:\Ramgo\Business\Trading\India2026\Gitrade1\ctrade1\data\nse_fno_bhavcopy\2018\04\fo06APR2018bhav.csv.zip,ok,,41090,2298,2018-04-06,2018-04-26,2022-12-29,3500.0,13500.0,237
C:\Ramgo\Business\Trading\India2026\Gitrade1\ctrade1\data\nse_fno_bhavcopy\2018\04\fo09APR2018bhav.csv.zip,ok,,41214,2298,2018-04-09,2018-04-26,2022-12-29,3500.0,13500.0,228
C:\Ramgo\Business\Trading\India2026\Gitrade1\ctrade1\data\nse_fno_bhavcopy\2018\04\fo10APR2018bhav.csv.zip,ok,,41342,2300,2018-04-10,2018-04-26,2022-12-29,3500.0,13500.0,221
C:\Ramgo\Business\Trading\India2026\Gitrade1\ctrade1\data\nse_fno_bhavcopy\2018\04\fo11APR2018bhav.csv.zip,ok,,41410,2300,2018-04-11,2018-04-26,2022-12-29,3500.0,13500.0,229
C:\Ramgo\Business\Trading\India2026\Gitrade1\ctrade1\data\nse_fno_bhavcopy\2018\04\fo12APR2018bhav.csv.zip,ok,,41482,2300,2018-04-12,2018-04-26,2022-12-29,3500.0,13500.0,230
C:\Ramgo\Business\Trading\India2026\Gitrade1\ctrade1\data\nse_fno_bhavcopy\2018\04\fo13APR2018bhav.csv.zip,ok,,41488,2304,2018-04-13,2018-04-26,2022-12-29,3500.0,13500.0,244
C:\Ramgo\Business\Trading\India2026\Gitrade1\ctrade1\data\nse_fno_bhavcopy\2018\04\fo16APR2018bhav.csv.zip,ok,,41598,2304,2018-04-16,2018-04-26,2022-12-29,3500.0,13500.0,249
C:\Ramgo\Business\Trading\India2026\Gitrade1\ctrade1\data\nse_fno_bhavcopy\2018\04\fo17APR2018bhav.csv.zip,ok,,41694,2306,2018-04-17,2018-04-26,2022-12-29,3500.0,13500.0,247
C:\Ramgo\Business\Trading\India2026\Gitrade1\ctrade1\data\nse_fno_bhavcopy\2018\04\fo18APR2018bhav.csv.zip,ok,,41794,2306,2018-04-18,2018-04-26,2022-12-29,3500.0,13500.0,245
C:\Ramgo\Business\Trading\India2026\Gitrade1\ctrade1\data\nse_fno_bhavcopy\2018\04\fo19APR2018bhav.csv.zip,ok,,41836,2306,2018-04-19,2018-04-26,2022-12-29,3500.0,13500.0,237
C:\Ramgo\Business\Trading\India2026\Gitrade1\ctrade1\data\nse_fno_bhavcopy\2018\04\fo20APR2018bhav.csv.zip,ok,,41911,2308,2018-04-20,2018-04-26,2022-12-29,3500.0,13500.0,259
C:\Ramgo\Business\Trading\India2026\Gitrade1\ctrade1\data\nse_fno_bhavcopy\2018\04\fo23APR2018bhav.csv.zip,ok,,42056,2308,2018-04-23,2018-04-26,2022-12-29,3500.0,13500.0,285
C:\Ramgo\Business\Trading\India2026\Gitrade1\ctrade1\data\nse_fno_bhavcopy\2018\04\fo24APR2018bhav.csv.zip,ok,,42144,2308,2018-04-24,2018-04-26,2022-12-29,3500.0,13500.0,294
C:\Ramgo\Business\Trading\India2026\Gitrade1\ctrade1\data\nse_fno_bhavcopy\2018\04\fo25APR2018bhav.csv.zip,ok,,42188,2308,2018-04-25,2018-04-26,2022-12-29,3500.0,13500.0,286
C:\Ramgo\Business\Trading\India2026\Gitrade1\ctrade1\data\nse_fno_bhavcopy\2018\04\fo26APR2018bhav.csv.zip,ok,,42294,2308,2018-04-26,2018-04-26,2022-12-29,3500.0,13500.0,292
C:\Ramgo\Business\Trading\India2026\Gitrade1\ctrade1\data\nse_fno_bhavcopy\2018\04\fo27APR2018bhav.csv.zip,ok,,38510,2262,2018-04-27,2018-05-31,2022-12-29,3500.0,13500.0,202
C:\Ramgo\Business\Trading\India2026\Gitrade1\ctrade1\data\nse_fno_bhavcopy\2018\04\fo30APR2018bhav.csv.zip,ok,,38638,2274,2018-04-30,2018-05-31,2022-12-29,3500.0,13500.0,207
C:\Ramgo\Business\Trading\India2026\Gitrade1\ctrade1\data\nse_fno_bhavcopy\2018\05\fo02MAY2018bhav.csv.zip,ok,,38770,2280,2018-05-02,2018-05-31,2022-12-29,3500.0,13500.0,202
C:\Ramgo\Business\Trading\India2026\Gitrade1\ctrade1\data\nse_fno_bhavcopy\2018\05\fo03MAY2018bhav.csv.zip,ok,,38840,2280,2018-05-03,2018-05-31,2022-12-29,3500.0,13500.0,202
C:\Ramgo\Business\Trading\India2026\Gitrade1\ctrade1\data\nse_fno_bhavcopy\2018\05\fo04MAY2018bhav.csv.zip,ok,,38898,2280,2018-05-04,2018-05-31,2022-12-29,3500.0,13500.0,208
C:\Ramgo\Business\Trading\India2026\Gitrade1\ctrade1\data\nse_fno_bhavcopy\2018\05\fo07MAY2018bhav.csv.zip,ok,,38946,2280,2018-05-07,2018-05-31,2022-12-29,3500.0,13500.0,216
C:\Ramgo\Business\Trading\India2026\Gitrade1\ctrade1\data\nse_fno_bhavcopy\2018\05\fo08MAY2018bhav.csv.zip,ok,,39060,2280,2018-05-08,2018-05-31,2022-12-29,3500.0,13500.0,227
C:\Ramgo\Business\Trading\India2026\Gitrade1\ctrade1\data\nse_fno_bhavcopy\2018\05\fo09MAY2018bhav.csv.zip,ok,,39128,2280,2018-05-09,2018-05-31,2022-12-29,3500.0,13500.0,219
C:\Ramgo\Business\Trading\India2026\Gitrade1\ctrade1\data\nse_fno_bhavcopy\2018\05\fo10MAY2018bhav.csv.zip,ok,,39160,2280,2018-05-10,2018-05-31,2022-12-29,3500.0,13500.0,215
C:\Ramgo\Business\Trading\India2026\Gitrade1\ctrade1\data\nse_fno_bhavcopy\2018\05\fo11MAY2018bhav.csv.zip,ok,,39204,2280,2018-05-11,2018-05-31,2022-12-29,3500.0,13500.0,224
C:\Ramgo\Business\Trading\India2026\Gitrade1\ctrade1\data\nse_fno_bhavcopy\2018\05\fo14MAY2018bhav.csv.zip,ok,,39318,2286,2018-05-14,2018-05-31,2022-12-29,3500.0,13500.0,245
C:\Ramgo\Business\Trading\India2026\Gitrade1\ctrade1\data\nse_fno_bhavcopy\2018\05\fo15MAY2018bhav.csv.zip,ok,,39426,2286,2018-05-15,2018-05-31,2022-12-29,3500.0,13500.0,251
C:\Ramgo\Business\Trading\India2026\Gitrade1\ctrade1\data\nse_fno_bhavcopy\2018\05\fo16MAY2018bhav.csv.zip,ok,,39558,2286,2018-05-16,2018-05-31,2022-12-29,3500.0,13500.0,243
C:\Ramgo\Business\Trading\India2026\Gitrade1\ctrade1\data\nse_fno_bhavcopy\2018\05\fo17MAY2018bhav.csv.zip,ok,,39636,2286,2018-05-17,2018-05-31,2022-12-29,3500.0,13500.0,231
C:\Ramgo\Business\Trading\India2026\Gitrade1\ctrade1\data\nse_fno_bhavcopy\2018\05\fo18MAY2018bhav.csv.zip,ok,,39641,2286,2018-05-18,2018-05-31,2022-12-29,3500.0,13500.0,226
C:\Ramgo\Business\Trading\India2026\Gitrade1\ctrade1\data\nse_fno_bhavcopy\2018\05\fo21MAY2018bhav.csv.zip,ok,,39852,2286,2018-05-21,2018-05-31,2022-12-29,3500.0,13500.0,236
C:\Ramgo\Business\Trading\India2026\Gitrade1\ctrade1\data\nse_fno_bhavcopy\2018\05\fo22MAY2018bhav.csv.zip,ok,,40098,2290,2018-05-22,2018-05-31,2022-12-29,3500.0,13500.0,229
C:\Ramgo\Business\Trading\India2026\Gitrade1\ctrade1\data\nse_fno_bhavcopy\2018\05\fo23MAY2018bhav.csv.zip,ok,,40194,2290,2018-05-23,2018-05-31,2022-12-29,3500.0,13500.0,245
C:\Ramgo\Business\Trading\India2026\Gitrade1\ctrade1\data\nse_fno_bhavcopy\2018\05\fo24MAY2018bhav.csv.zip,ok,,40314,2292,2018-05-24,2018-05-31,2022-12-29,3500.0,13500.0,248
C:\Ramgo\Business\Trading\India2026\Gitrade1\ctrade1\data\nse_fno_bhavcopy\2018\05\fo25MAY2018bhav.csv.zip,ok,,40390,2292,2018-05-25,2018-05-31,2022-12-29,3500.0,13500.0,261
C:\Ramgo\Business\Trading\India2026\Gitrade1\ctrade1\data\nse_fno_bhavcopy\2018\05\fo28MAY2018bhav.csv.zip,ok,,40434,2292,2018-05-28,2018-05-31,2022-12-29,3500.0,13500.0,258
C:\Ramgo\Business\Trading\India2026\Gitrade1\ctrade1\data\nse_fno_bhavcopy\2018\05\fo29MAY2018bhav.csv.zip,ok,,40512,2292,2018-05-29,2018-05-31,2022-12-29,3500.0,13500.0,288
C:\Ramgo\Business\Trading\India2026\Gitrade1\ctrade1\data\nse_fno_bhavcopy\2018\05\fo30MAY2018bhav.csv.zip,ok,,40534,2292,2018-05-30,2018-05-31,2022-12-29,3500.0,13500.0,286
C:\Ramgo\Business\Trading\India2026\Gitrade1\ctrade1\data\nse_fno_bhavcopy\2018\05\fo31MAY2018bhav.csv.zip,ok,,40566,2292,2018-05-31,2018-05-31,2022-12-29,3500.0,13500.0,313
C:\Ramgo\Business\Trading\India2026\Gitrade1\ctrade1\data\nse_fno_bhavcopy\2018\06\fo01JUN2018bhav.csv.zip,ok,,37250,2260,2018-06-01,2018-06-28,2022-12-29,3500.0,13500.0,209
C:\Ramgo\Business\Trading\India2026\Gitrade1\ctrade1\data\nse_fno_bhavcopy\2018\06\fo04JUN2018bhav.csv.zip,ok,,37350,2262,2018-06-04,2018-06-28,2022-12-29,3500.0,13500.0,201
C:\Ramgo\Business\Trading\India2026\Gitrade1\ctrade1\data\nse_fno_bhavcopy\2018\06\fo05JUN2018bhav.csv.zip,ok,,37416,2264,2018-06-05,2018-06-28,2022-12-29,3500.0,13500.0,211
C:\Ramgo\Business\Trading\India2026\Gitrade1\ctrade1\data\nse_fno_bhavcopy\2018\06\fo06JUN2018bhav.csv.zip,ok,,37524,2266,2018-06-06,2018-06-28,2022-12-29,3500.0,13500.0,217
C:\Ramgo\Business\Trading\India2026\Gitrade1\ctrade1\data\nse_fno_bhavcopy\2018\06\fo07JUN2018bhav.csv.zip,ok,,37536,2266,2018-06-07,2018-06-28,2022-12-29,3500.0,13500.0,230
C:\Ramgo\Business\Trading\India2026\Gitrade1\ctrade1\data\nse_fno_bhavcopy\2018\06\fo08JUN2018bhav.csv.zip,ok,,37496,2266,2018-06-08,2018-06-28,2022-12-29,3500.0,13500.0,230
C:\Ramgo\Business\Trading\India2026\Gitrade1\ctrade1\data\nse_fno_bhavcopy\2018\06\fo11JUN2018bhav.csv.zip,ok,,37516,2266,2018-06-11,2018-06-28,2022-12-29,3500.0,13500.0,224
C:\Ramgo\Business\Trading\India2026\Gitrade1\ctrade1\data\nse_fno_bhavcopy\2018\06\fo12JUN2018bhav.csv.zip,ok,,37536,2268,2018-06-12,2018-06-28,2022-12-29,3500.0,13500.0,224
C:\Ramgo\Business\Trading\India2026\Gitrade1\ctrade1\data\nse_fno_bhavcopy\2018\06\fo13JUN2018bhav.csv.zip,ok,,37586,2274,2018-06-13,2018-06-28,2022-12-29,3500.0,13500.0,217
C:\Ramgo\Business\Trading\India2026\Gitrade1\ctrade1\data\nse_fno_bhavcopy\2018\06\fo14JUN2018bhav.csv.zip,ok,,37630,2276,2018-06-14,2018-06-28,2022-12-29,3500.0,13500.0,223
C:\Ramgo\Business\Trading\India2026\Gitrade1\ctrade1\data\nse_fno_bhavcopy\2018\06\fo15JUN2018bhav.csv.zip,ok,,37641,2276,2018-06-15,2018-06-28,2022-12-29,3500.0,13500.0,240
C:\Ramgo\Business\Trading\India2026\Gitrade1\ctrade1\data\nse_fno_bhavcopy\2018\06\fo18JUN2018bhav.csv.zip,ok,,37666,2276,2018-06-18,2018-06-28,2022-12-29,3500.0,13500.0,225
C:\Ramgo\Business\Trading\India2026\Gitrade1\ctrade1\data\nse_fno_bhavcopy\2018\06\fo19JUN2018bhav.csv.zip,ok,,37710,2276,2018-06-19,2018-06-28,2022-12-29,3500.0,13500.0,243
C:\Ramgo\Business\Trading\India2026\Gitrade1\ctrade1\data\nse_fno_bhavcopy\2018\06\fo20JUN2018bhav.csv.zip,ok,,37768,2276,2018-06-20,2018-06-28,2022-12-29,3500.0,13500.0,241
C:\Ramgo\Business\Trading\India2026\Gitrade1\ctrade1\data\nse_fno_bhavcopy\2018\06\fo21JUN2018bhav.csv.zip,ok,,37822,2276,2018-06-21,2018-06-28,2022-12-29,3500.0,13500.0,239
C:\Ramgo\Business\Trading\India2026\Gitrade1\ctrade1\data\nse_fno_bhavcopy\2018\06\fo22JUN2018bhav.csv.zip,ok,,37832,2276,2018-06-22,2018-06-28,2022-12-29,3500.0,13500.0,252
C:\Ramgo\Business\Trading\India2026\Gitrade1\ctrade1\data\nse_fno_bhavcopy\2018\06\fo25JUN2018bhav.csv.zip,ok,,37876,2276,2018-06-25,2018-06-28,2022-12-29,3500.0,13500.0,269
C:\Ramgo\Business\Trading\India2026\Gitrade1\ctrade1\data\nse_fno_bhavcopy\2018\06\fo26JUN2018bhav.csv.zip,ok,,37992,2276,2018-06-26,2018-06-28,2022-12-29,3500.0,13500.0,294
C:\Ramgo\Business\Trading\India2026\Gitrade1\ctrade1\data\nse_fno_bhavcopy\2018\06\fo27JUN2018bhav.csv.zip,ok,,38064,2276,2018-06-27,2018-06-28,2022-12-29,3500.0,13500.0,303
C:\Ramgo\Business\Trading\India2026\Gitrade1\ctrade1\data\nse_fno_bhavcopy\2018\06\fo28JUN2018bhav.csv.zip,ok,,38284,2276,2018-06-28,2018-06-28,2022-12-29,3500.0,13500.0,320
C:\Ramgo\Business\Trading\India2026\Gitrade1\ctrade1\data\nse_fno_bhavcopy\2018\06\fo29JUN2018bhav.csv.zip,ok,,38524,2156,2018-06-29,2018-07-26,2023-06-29,3600.0,13500.0,209
C:\Ramgo\Business\Trading\India2026\Gitrade1\ctrade1\data\nse_fno_bhavcopy\2018\07\fo02JUL2018bhav.csv.zip,ok,,38676,2160,2018-07-02,2018-07-26,2023-06-29,3600.0,13500.0,223
C:\Ramgo\Business\Trading\India2026\Gitrade1\ctrade1\data\nse_fno_bhavcopy\2018\07\fo03JUL2018bhav.csv.zip,ok,,38782,2160,2018-07-03,2018-07-26,2023-06-29,3600.0,13500.0,207
C:\Ramgo\Business\Trading\India2026\Gitrade1\ctrade1\data\nse_fno_bhavcopy\2018\07\fo04JUL2018bhav.csv.zip,ok,,38856,2160,2018-07-04,2018-07-26,2023-06-29,3600.0,13500.0,206
C:\Ramgo\Business\Trading\India2026\Gitrade1\ctrade1\data\nse_fno_bhavcopy\2018\07\fo05JUL2018bhav.csv.zip,ok,,38992,2164,2018-07-05,2018-07-26,2023-06-29,3600.0,13500.0,208
C:\Ramgo\Business\Trading\India2026\Gitrade1\ctrade1\data\nse_fno_bhavcopy\2018\07\fo06JUL2018bhav.csv.zip,ok,,39006,2164,2018-07-06,2018-07-26,2023-06-29,3600.0,13500.0,205
C:\Ramgo\Business\Trading\India2026\Gitrade1\ctrade1\data\nse_fno_bhavcopy\2018\07\fo09JUL2018bhav.csv.zip,ok,,39070,2164,2018-07-09,2018-07-26,2023-06-29,3600.0,13500.0,211
C:\Ramgo\Business\Trading\India2026\Gitrade1\ctrade1\data\nse_fno_bhavcopy\2018\07\fo10JUL2018bhav.csv.zip,ok,,39216,2168,2018-07-10,2018-07-26,2023-06-29,3600.0,13500.0,228
C:\Ramgo\Business\Trading\India2026\Gitrade1\ctrade1\data\nse_fno_bhavcopy\2018\07\fo11JUL2018bhav.csv.zip,ok,,39294,2178,2018-07-11,2018-07-26,2023-06-29,3600.0,13500.0,233
C:\Ramgo\Business\Trading\India2026\Gitrade1\ctrade1\data\nse_fno_bhavcopy\2018\07\fo12JUL2018bhav.csv.zip,ok,,39384,2178,2018-07-12,2018-07-26,2023-06-29,3600.0,13500.0,237
C:\Ramgo\Business\Trading\India2026\Gitrade1\ctrade1\data\nse_fno_bhavcopy\2018\07\fo13JUL2018bhav.csv.zip,ok,,39442,2186,2018-07-13,2018-07-26,2023-06-29,3600.0,13500.0,233
C:\Ramgo\Business\Trading\India2026\Gitrade1\ctrade1\data\nse_fno_bhavcopy\2018\07\fo16JUL2018bhav.csv.zip,ok,,39530,2186,2018-07-16,2018-07-26,2023-06-29,3600.0,13500.0,235
C:\Ramgo\Business\Trading\India2026\Gitrade1\ctrade1\data\nse_fno_bhavcopy\2018\07\fo17JUL2018bhav.csv.zip,ok,,39832,2186,2018-07-17,2018-07-26,2023-06-29,3600.0,13500.0,240
C:\Ramgo\Business\Trading\India2026\Gitrade1\ctrade1\data\nse_fno_bhavcopy\2018\07\fo18JUL2018bhav.csv.zip,ok,,39876,2186,2018-07-18,2018-07-26,2023-06-29,3600.0,13500.0,252
C:\Ramgo\Business\Trading\India2026\Gitrade1\ctrade1\data\nse_fno_bhavcopy\2018\07\fo19JUL2018bhav.csv.zip,ok,,39996,2186,2018-07-19,2018-07-26,2023-06-29,3600.0,13500.0,243
C:\Ramgo\Business\Trading\India2026\Gitrade1\ctrade1\data\nse_fno_bhavcopy\2018\07\fo20JUL2018bhav.csv.zip,ok,,40087,2186,2018-07-20,2018-07-26,2023-06-29,3600.0,13500.0,246
C:\Ramgo\Business\Trading\India2026\Gitrade1\ctrade1\data\nse_fno_bhavcopy\2018\07\fo23JUL2018bhav.csv.zip,ok,,40174,2186,2018-07-23,2018-07-26,2023-06-29,3600.0,13500.0,269
C:\Ramgo\Business\Trading\India2026\Gitrade1\ctrade1\data\nse_fno_bhavcopy\2018\07\fo24JUL2018bhav.csv.zip,ok,,40330,2200,2018-07-24,2018-07-26,2023-06-29,3600.0,13500.0,270
C:\Ramgo\Business\Trading\India2026\Gitrade1\ctrade1\data\nse_fno_bhavcopy\2018\07\fo25JUL2018bhav.csv.zip,ok,,40428,2206,2018-07-25,2018-07-26,2023-06-29,3600.0,13500.0,291
C:\Ramgo\Business\Trading\India2026\Gitrade1\ctrade1\data\nse_fno_bhavcopy\2018\07\fo26JUL2018bhav.csv.zip,ok,,40496,2206,2018-07-26,2018-07-26,2023-06-29,3600.0,13500.0,302
C:\Ramgo\Business\Trading\India2026\Gitrade1\ctrade1\data\nse_fno_bhavcopy\2018\07\fo27JUL2018bhav.csv.zip,ok,,38142,2200,2018-07-27,2018-08-30,2023-06-29,3600.0,13600.0,216
C:\Ramgo\Business\Trading\India2026\Gitrade1\ctrade1\data\nse_fno_bhavcopy\2018\07\fo30JUL2018bhav.csv.zip,ok,,38330,2236,2018-07-30,2018-08-30,2023-06-29,3600.0,13700.0,226
C:\Ramgo\Business\Trading\India2026\Gitrade1\ctrade1\data\nse_fno_bhavcopy\2018\07\fo31JUL2018bhav.csv.zip,ok,,38438,2236,2018-07-31,2018-08-30,2023-06-29,3600.0,13700.0,223
C:\Ramgo\Business\Trading\India2026\Gitrade1\ctrade1\data\nse_fno_bhavcopy\2018\08\fo01AUG2018bhav.csv.zip,ok,,38556,2264,2018-08-01,2018-08-30,2023-06-29,3600.0,13800.0,220
C:\Ramgo\Business\Trading\India2026\Gitrade1\ctrade1\data\nse_fno_bhavcopy\2018\08\fo02AUG2018bhav.csv.zip,ok,,38670,2264,2018-08-02,2018-08-30,2023-06-29,3600.0,13800.0,222
C:\Ramgo\Business\Trading\India2026\Gitrade1\ctrade1\data\nse_fno_bhavcopy\2018\08\fo03AUG2018bhav.csv.zip,ok,,38636,2264,2018-08-03,2018-08-30,2023-06-29,3600.0,13800.0,239
C:\Ramgo\Business\Trading\India2026\Gitrade1\ctrade1\data\nse_fno_bhavcopy\2018\08\fo06AUG2018bhav.csv.zip,ok,,38702,2264,2018-08-06,2018-08-30,2023-06-29,3600.0,13800.0,227
C:\Ramgo\Business\Trading\India2026\Gitrade1\ctrade1\data\nse_fno_bhavcopy\2018\08\fo07AUG2018bhav.csv.zip,ok,,38794,2268,2018-08-07,2018-08-30,2023-06-29,3600.0,13800.0,227
C:\Ramgo\Business\Trading\India2026\Gitrade1\ctrade1\data\nse_fno_bhavcopy\2018\08\fo08AUG2018bhav.csv.zip,ok,,38846,2268,2018-08-08,2018-08-30,2023-06-29,3600.0,13800.0,255
C:\Ramgo\Business\Trading\India2026\Gitrade1\ctrade1\data\nse_fno_bhavcopy\2018\08\fo09AUG2018bhav.csv.zip,ok,,38948,2296,2018-08-09,2018-08-30,2023-06-29,3600.0,13900.0,248
C:\Ramgo\Business\Trading\India2026\Gitrade1\ctrade1\data\nse_fno_bhavcopy\2018\08\fo10AUG2018bhav.csv.zip,ok,,39038,2296,2018-08-10,2018-08-30,2023-06-29,3600.0,13900.0,237
C:\Ramgo\Business\Trading\India2026\Gitrade1\ctrade1\data\nse_fno_bhavcopy\2018\08\fo13AUG2018bhav.csv.zip,ok,,39094,2296,2018-08-13,2018-08-30,2023-06-29,3600.0,13900.0,242
C:\Ramgo\Business\Trading\India2026\Gitrade1\ctrade1\data\nse_fno_bhavcopy\2018\08\fo14AUG2018bhav.csv.zip,ok,,39142,2296,2018-08-14,2018-08-30,2023-06-29,3600.0,13900.0,230
C:\Ramgo\Business\Trading\India2026\Gitrade1\ctrade1\data\nse_fno_bhavcopy\2018\08\fo16AUG2018bhav.csv.zip,ok,,39322,2296,2018-08-16,2018-08-30,2023-06-29,3600.0,13900.0,227
C:\Ramgo\Business\Trading\India2026\Gitrade1\ctrade1\data\nse_fno_bhavcopy\2018\08\fo17AUG2018bhav.csv.zip,ok,,39347,2296,2018-08-17,2018-08-30,2023-06-29,3600.0,13900.0,256
C:\Ramgo\Business\Trading\India2026\Gitrade1\ctrade1\data\nse_fno_bhavcopy\2018\08\fo20AUG2018bhav.csv.zip,ok,,39426,2296,2018-08-20,2018-08-30,2023-06-29,3600.0,13900.0,267
C:\Ramgo\Business\Trading\India2026\Gitrade1\ctrade1\data\nse_fno_bhavcopy\2018\08\fo21AUG2018bhav.csv.zip,ok,,39588,2328,2018-08-21,2018-08-30,2023-06-29,3600.0,14000.0,248
C:\Ramgo\Business\Trading\India2026\Gitrade1\ctrade1\data\nse_fno_bhavcopy\2018\08\fo23AUG2018bhav.csv.zip,ok,,39684,2328,2018-08-23,2018-08-30,2023-06-29,3600.0,14000.0,270
C:\Ramgo\Business\Trading\India2026\Gitrade1\ctrade1\data\nse_fno_bhavcopy\2018\08\fo24AUG2018bhav.csv.zip,ok,,39834,2332,2018-08-24,2018-08-30,2023-06-29,3600.0,14000.0,265
C:\Ramgo\Business\Trading\India2026\Gitrade1\ctrade1\data\nse_fno_bhavcopy\2018\08\fo27AUG2018bhav.csv.zip,ok,,39884,2332,2018-08-27,2018-08-30,2023-06-29,3600.0,14000.0,291
C:\Ramgo\Business\Trading\India2026\Gitrade1\ctrade1\data\nse_fno_bhavcopy\2018\08\fo28AUG2018bhav.csv.zip,ok,,40104,2364,2018-08-28,2018-08-30,2023-06-29,3600.0,14100.0,303
C:\Ramgo\Business\Trading\India2026\Gitrade1\ctrade1\data\nse_fno_bhavcopy\2018\08\fo29AUG2018bhav.csv.zip,ok,,40206,2370,2018-08-29,2018-08-30,2023-06-29,3600.0,14100.0,310
C:\Ramgo\Business\Trading\India2026\Gitrade1\ctrade1\data\nse_fno_bhavcopy\2018\08\fo30AUG2018bhav.csv.zip,ok,,40246,2370,2018-08-30,2018-08-30,2023-06-29,3600.0,14100.0,318
C:\Ramgo\Business\Trading\India2026\Gitrade1\ctrade1\data\nse_fno_bhavcopy\2018\08\fo31AUG2018bhav.csv.zip,ok,,37632,2324,2018-08-31,2018-09-27,2023-06-29,3600.0,14100.0,228
C:\Ramgo\Business\Trading\India2026\Gitrade1\ctrade1\data\nse_fno_bhavcopy\2018\09\fo03SEP2018bhav.csv.zip,ok,,37736,2324,2018-09-03,2018-09-27,2023-06-29,3600.0,14100.0,226
C:\Ramgo\Business\Trading\India2026\Gitrade1\ctrade1\data\nse_fno_bhavcopy\2018\09\fo04SEP2018bhav.csv.zip,ok,,37774,2328,2018-09-04,2018-09-27,2023-06-29,3600.0,14100.0,222
C:\Ramgo\Business\Trading\India2026\Gitrade1\ctrade1\data\nse_fno_bhavcopy\2018\09\fo05SEP2018bhav.csv.zip,ok,,37960,2332,2018-09-05,2018-09-27,2023-06-29,3600.0,14100.0,224
C:\Ramgo\Business\Trading\India2026\Gitrade1\ctrade1\data\nse_fno_bhavcopy\2018\09\fo06SEP2018bhav.csv.zip,ok,,37960,2332,2018-09-06,2018-09-27,2023-06-29,3600.0,14100.0,225
C:\Ramgo\Business\Trading\India2026\Gitrade1\ctrade1\data\nse_fno_bhavcopy\2018\09\fo07SEP2018bhav.csv.zip,ok,,38002,2332,2018-09-07,2018-09-27,2023-06-29,3600.0,14100.0,210
C:\Ramgo\Business\Trading\India2026\Gitrade1\ctrade1\data\nse_fno_bhavcopy\2018\09\fo10SEP2018bhav.csv.zip,ok,,38074,2332,2018-09-10,2018-09-27,2023-06-29,3600.0,14100.0,224
C:\Ramgo\Business\Trading\India2026\Gitrade1\ctrade1\data\nse_fno_bhavcopy\2018\09\fo11SEP2018bhav.csv.zip,ok,,38144,2334,2018-09-11,2018-09-27,2023-06-29,3600.0,14100.0,236
C:\Ramgo\Business\Trading\India2026\Gitrade1\ctrade1\data\nse_fno_bhavcopy\2018\09\fo12SEP2018bhav.csv.zip,ok,,38310,2340,2018-09-12,2018-09-27,2023-06-29,3600.0,14100.0,237
C:\Ramgo\Business\Trading\India2026\Gitrade1\ctrade1\data\nse_fno_bhavcopy\2018\09\fo14SEP2018bhav.csv.zip,ok,,38376,2340,2018-09-14,2018-09-27,2023-06-29,3600.0,14100.0,247
C:\Ramgo\Business\Trading\India2026\Gitrade1\ctrade1\data\nse_fno_bhavcopy\2018\09\fo17SEP2018bhav.csv.zip,ok,,38406,2340,2018-09-17,2018-09-27,2023-06-29,3600.0,14100.0,253
C:\Ramgo\Business\Trading\India2026\Gitrade1\ctrade1\data\nse_fno_bhavcopy\2018\09\fo18SEP2018bhav.csv.zip,ok,,38444,2340,2018-09-18,2018-09-27,2023-06-29,3600.0,14100.0,252
C:\Ramgo\Business\Trading\India2026\Gitrade1\ctrade1\data\nse_fno_bhavcopy\2018\09\fo19SEP2018bhav.csv.zip,ok,,38564,2340,2018-09-19,2018-09-27,2023-06-29,3600.0,14100.0,267
C:\Ramgo\Business\Trading\India2026\Gitrade1\ctrade1\data\nse_fno_bhavcopy\2018\09\fo21SEP2018bhav.csv.zip,ok,,38681,2342,2018-09-21,2018-09-27,2023-06-29,3600.0,14100.0,294
C:\Ramgo\Business\Trading\India2026\Gitrade1\ctrade1\data\nse_fno_bhavcopy\2018\09\fo24SEP2018bhav.csv.zip,ok,,39140,2346,2018-09-24,2018-09-27,2023-06-29,3600.0,14100.0,324
C:\Ramgo\Business\Trading\India2026\Gitrade1\ctrade1\data\nse_fno_bhavcopy\2018\09\fo25SEP2018bhav.csv.zip,ok,,39746,2362,2018-09-25,2018-09-27,2023-06-29,3600.0,14100.0,324
C:\Ramgo\Business\Trading\India2026\Gitrade1\ctrade1\data\nse_fno_bhavcopy\2018\09\fo26SEP2018bhav.csv.zip,ok,,39924,2362,2018-09-26,2018-09-27,2023-06-29,3600.0,14100.0,340
C:\Ramgo\Business\Trading\India2026\Gitrade1\ctrade1\data\nse_fno_bhavcopy\2018\09\fo27SEP2018bhav.csv.zip,ok,,39958,2362,2018-09-27,2018-09-27,2023-06-29,3600.0,14100.0,450
C:\Ramgo\Business\Trading\India2026\Gitrade1\ctrade1\data\nse_fno_bhavcopy\2018\09\fo28SEP2018bhav.csv.zip,ok,,47534,2312,2018-09-28,2018-10-25,2023-06-29,3600.0,14100.0,251
C:\Ramgo\Business\Trading\India2026\Gitrade1\ctrade1\data\nse_fno_bhavcopy\2018\10\fo01OCT2018bhav.csv.zip,ok,,47802,2316,2018-10-01,2018-10-25,2023-06-29,3600.0,14100.0,235
C:\Ramgo\Business\Trading\India2026\Gitrade1\ctrade1\data\nse_fno_bhavcopy\2018\10\fo03OCT2018bhav.csv.zip,ok,,47850,2316,2018-10-03,2018-10-25,2023-06-29,3600.0,14100.0,225
C:\Ramgo\Business\Trading\India2026\Gitrade1\ctrade1\data\nse_fno_bhavcopy\2018\10\fo04OCT2018bhav.csv.zip,ok,,47984,2326,2018-10-04,2018-10-25,2023-06-29,3600.0,14100.0,247
C:\Ramgo\Business\Trading\India2026\Gitrade1\ctrade1\data\nse_fno_bhavcopy\2018\10\fo05OCT2018bhav.csv.zip,ok,,48250,2356,2018-10-05,2018-10-25,2023-06-29,3600.0,14100.0,278
C:\Ramgo\Business\Trading\India2026\Gitrade1\ctrade1\data\nse_fno_bhavcopy\2018\10\fo08OCT2018bhav.csv.zip,ok,,49182,2398,2018-10-08,2018-10-25,2023-06-29,3600.0,14100.0,326
C:\Ramgo\Business\Trading\India2026\Gitrade1\ctrade1\data\nse_fno_bhavcopy\2018\10\fo09OCT2018bhav.csv.zip,ok,,49518,2398,2018-10-09,2018-10-25,2023-06-29,3600.0,14100.0,286
C:\Ramgo\Business\Trading\India2026\Gitrade1\ctrade1\data\nse_fno_bhavcopy\2018\10\fo10OCT2018bhav.csv.zip,ok,,49786,2398,2018-10-10,2018-10-25,2023-06-29,3600.0,14100.0,270
C:\Ramgo\Business\Trading\India2026\Gitrade1\ctrade1\data\nse_fno_bhavcopy\2018\10\fo11OCT2018bhav.csv.zip,ok,,49808,2398,2018-10-11,2018-10-25,2023-06-29,3600.0,14100.0,297
C:\Ramgo\Business\Trading\India2026\Gitrade1\ctrade1\data\nse_fno_bhavcopy\2018\10\fo12OCT2018bhav.csv.zip,ok,,49804,2408,2018-10-12,2018-10-25,2023-06-29,3600.0,14100.0,277
C:\Ramgo\Business\Trading\India2026\Gitrade1\ctrade1\data\nse_fno_bhavcopy\2018\10\fo15OCT2018bhav.csv.zip,ok,,49868,2408,2018-10-15,2018-10-25,2023-06-29,3600.0,14100.0,272
C:\Ramgo\Business\Trading\India2026\Gitrade1\ctrade1\data\nse_fno_bhavcopy\2018\10\fo16OCT2018bhav.csv.zip,ok,,49880,2408,2018-10-16,2018-10-25,2023-06-29,3600.0,14100.0,289
C:\Ramgo\Business\Trading\India2026\Gitrade1\ctrade1\data\nse_fno_bhavcopy\2018\10\fo17OCT2018bhav.csv.zip,ok,,49899,2408,2018-10-17,2018-10-25,2023-06-29,3600.0,14100.0,288
C:\Ramgo\Business\Trading\India2026\Gitrade1\ctrade1\data\nse_fno_bhavcopy\2018\10\fo19OCT2018bhav.csv.zip,ok,,49837,2408,2018-10-19,2018-10-25,2023-06-29,3600.0,14100.0,298
C:\Ramgo\Business\Trading\India2026\Gitrade1\ctrade1\data\nse_fno_bhavcopy\2018\10\fo22OCT2018bhav.csv.zip,ok,,49767,2408,2018-10-22,2018-10-25,2023-06-29,3600.0,14100.0,321
C:\Ramgo\Business\Trading\India2026\Gitrade1\ctrade1\data\nse_fno_bhavcopy\2018\10\fo23OCT2018bhav.csv.zip,ok,,49999,2408,2018-10-23,2018-10-25,2023-06-29,3600.0,14100.0,341
C:\Ramgo\Business\Trading\India2026\Gitrade1\ctrade1\data\nse_fno_bhavcopy\2018\10\fo24OCT2018bhav.csv.zip,ok,,50234,2422,2018-10-24,2018-10-25,2023-06-29,3600.0,14100.0,363
C:\Ramgo\Business\Trading\India2026\Gitrade1\ctrade1\data\nse_fno_bhavcopy\2018\10\fo25OCT2018bhav.csv.zip,ok,,50256,2422,2018-10-25,2018-10-25,2023-06-29,3600.0,14100.0,370
C:\Ramgo\Business\Trading\India2026\Gitrade1\ctrade1\data\nse_fno_bhavcopy\2018\10\fo26OCT2018bhav.csv.zip,ok,,45354,2360,2018-10-26,2018-11-29,2023-06-29,3600.0,14100.0,241
C:\Ramgo\Business\Trading\India2026\Gitrade1\ctrade1\data\nse_fno_bhavcopy\2018\10\fo29OCT2018bhav.csv.zip,ok,,45576,2372,2018-10-29,2018-11-29,2023-06-29,3600.0,14100.0,255
C:\Ramgo\Business\Trading\India2026\Gitrade1\ctrade1\data\nse_fno_bhavcopy\2018\10\fo30OCT2018bhav.csv.zip,ok,,45522,2378,2018-10-30,2018-11-29,2023-06-29,3600.0,14100.0,231
C:\Ramgo\Business\Trading\India2026\Gitrade1\ctrade1\data\nse_fno_bhavcopy\2018\10\fo31OCT2018bhav.csv.zip,ok,,45717,2378,2018-10-31,2018-11-29,2023-06-29,3600.0,14100.0,254
C:\Ramgo\Business\Trading\India2026\Gitrade1\ctrade1\data\nse_fno_bhavcopy\2018\11\fo01NOV2018bhav.csv.zip,ok,,45793,2384,2018-11-01,2018-11-29,2023-06-29,3600.0,14100.0,239
C:\Ramgo\Business\Trading\India2026\Gitrade1\ctrade1\data\nse_fno_bhavcopy\2018\11\fo02NOV2018bhav.csv.zip,ok,,45775,2384,2018-11-02,2018-11-29,2023-06-29,3600.0,14100.0,252
C:\Ramgo\Business\Trading\India2026\Gitrade1\ctrade1\data\nse_fno_bhavcopy\2018\11\fo05NOV2018bhav.csv.zip,ok,,45823,2390,2018-11-05,2018-11-29,2023-06-29,3600.0,14100.0,240
C:\Ramgo\Business\Trading\India2026\Gitrade1\ctrade1\data\nse_fno_bhavcopy\2018\11\fo06NOV2018bhav.csv.zip,ok,,45847,2390,2018-11-06,2018-11-29,2023-06-29,3600.0,14100.0,241
C:\Ramgo\Business\Trading\India2026\Gitrade1\ctrade1\data\nse_fno_bhavcopy\2018\11\fo07NOV2018bhav.csv.zip,ok,,45965,2390,2018-11-07,2018-11-29,2023-06-29,3600.0,14100.0,184
C:\Ramgo\Business\Trading\India2026\Gitrade1\ctrade1\data\nse_fno_bhavcopy\2018\11\fo09NOV2018bhav.csv.zip,ok,,45995,2392,2018-11-09,2018-11-29,2023-06-29,3600.0,14100.0,241
C:\Ramgo\Business\Trading\India2026\Gitrade1\ctrade1\data\nse_fno_bhavcopy\2018\11\fo12NOV2018bhav.csv.zip,ok,,46099,2392,2018-11-12,2018-11-29,2023-06-29,3600.0,14100.0,251
C:\Ramgo\Business\Trading\India2026\Gitrade1\ctrade1\data\nse_fno_bhavcopy\2018\11\fo13NOV2018bhav.csv.zip,ok,,46109,2392,2018-11-13,2018-11-29,2023-06-29,3600.0,14100.0,255
C:\Ramgo\Business\Trading\India2026\Gitrade1\ctrade1\data\nse_fno_bhavcopy\2018\11\fo14NOV2018bhav.csv.zip,ok,,46125,2392,2018-11-14,2018-11-29,2023-06-29,3600.0,14100.0,247
C:\Ramgo\Business\Trading\India2026\Gitrade1\ctrade1\data\nse_fno_bhavcopy\2018\11\fo15NOV2018bhav.csv.zip,ok,,46209,2392,2018-11-15,2018-11-29,2023-06-29,3600.0,14100.0,255
C:\Ramgo\Business\Trading\India2026\Gitrade1\ctrade1\data\nse_fno_bhavcopy\2018\11\fo16NOV2018bhav.csv.zip,ok,,46323,2392,2018-11-16,2018-11-29,2023-06-29,3600.0,14100.0,259
C:\Ramgo\Business\Trading\India2026\Gitrade1\ctrade1\data\nse_fno_bhavcopy\2018\11\fo19NOV2018bhav.csv.zip,ok,,46381,2396,2018-11-19,2018-11-29,2023-06-29,3600.0,14100.0,268
C:\Ramgo\Business\Trading\India2026\Gitrade1\ctrade1\data\nse_fno_bhavcopy\2018\11\fo20NOV2018bhav.csv.zip,ok,,46409,2398,2018-11-20,2018-11-29,2023-06-29,3600.0,14100.0,277
C:\Ramgo\Business\Trading\India2026\Gitrade1\ctrade1\data\nse_fno_bhavcopy\2018\11\fo21NOV2018bhav.csv.zip,ok,,46477,2398,2018-11-21,2018-11-29,2023-06-29,3600.0,14100.0,292
C:\Ramgo\Business\Trading\India2026\Gitrade1\ctrade1\data\nse_fno_bhavcopy\2018\11\fo22NOV2018bhav.csv.zip,ok,,46505,2398,2018-11-22,2018-11-29,2023-06-29,3600.0,14100.0,279
C:\Ramgo\Business\Trading\India2026\Gitrade1\ctrade1\data\nse_fno_bhavcopy\2018\11\fo26NOV2018bhav.csv.zip,ok,,46505,2398,2018-11-26,2018-11-29,2023-06-29,3600.0,14100.0,308
C:\Ramgo\Business\Trading\India2026\Gitrade1\ctrade1\data\nse_fno_bhavcopy\2018\11\fo27NOV2018bhav.csv.zip,ok,,46579,2398,2018-11-27,2018-11-29,2023-06-29,3600.0,14100.0,304
C:\Ramgo\Business\Trading\India2026\Gitrade1\ctrade1\data\nse_fno_bhavcopy\2018\11\fo28NOV2018bhav.csv.zip,ok,,46519,2398,2018-11-28,2018-11-29,2023-06-29,3600.0,14100.0,315
C:\Ramgo\Business\Trading\India2026\Gitrade1\ctrade1\data\nse_fno_bhavcopy\2018\11\fo29NOV2018bhav.csv.zip,ok,,46440,2398,2018-11-29,2018-11-29,2023-06-29,3600.0,14100.0,330
C:\Ramgo\Business\Trading\India2026\Gitrade1\ctrade1\data\nse_fno_bhavcopy\2018\11\fo30NOV2018bhav.csv.zip,ok,,42054,2336,2018-11-30,2018-12-27,2023-06-29,3600.0,14100.0,224
C:\Ramgo\Business\Trading\India2026\Gitrade1\ctrade1\data\nse_fno_bhavcopy\2018\12\fo03DEC2018bhav.csv.zip,ok,,42096,2340,2018-12-03,2018-12-27,2023-06-29,3600.0,14100.0,221
C:\Ramgo\Business\Trading\India2026\Gitrade1\ctrade1\data\nse_fno_bhavcopy\2018\12\fo04DEC2018bhav.csv.zip,ok,,42206,2340,2018-12-04,2018-12-27,2023-06-29,3600.0,14100.0,220
C:\Ramgo\Business\Trading\India2026\Gitrade1\ctrade1\data\nse_fno_bhavcopy\2018\12\fo05DEC2018bhav.csv.zip,ok,,42238,2340,2018-12-05,2018-12-27,2023-06-29,3600.0,14100.0,224
C:\Ramgo\Business\Trading\India2026\Gitrade1\ctrade1\data\nse_fno_bhavcopy\2018\12\fo06DEC2018bhav.csv.zip,ok,,42340,2342,2018-12-06,2018-12-27,2023-06-29,3600.0,14100.0,241
C:\Ramgo\Business\Trading\India2026\Gitrade1\ctrade1\data\nse_fno_bhavcopy\2018\12\fo07DEC2018bhav.csv.zip,ok,,42370,2350,2018-12-07,2018-12-27,2023-06-29,3600.0,14100.0,235
C:\Ramgo\Business\Trading\India2026\Gitrade1\ctrade1\data\nse_fno_bhavcopy\2018\12\fo10DEC2018bhav.csv.zip,ok,,42438,2350,2018-12-10,2018-12-27,2023-06-29,3600.0,14100.0,253
C:\Ramgo\Business\Trading\India2026\Gitrade1\ctrade1\data\nse_fno_bhavcopy\2018\12\fo11DEC2018bhav.csv.zip,ok,,42550,2354,2018-12-11,2018-12-27,2023-06-29,3600.0,14100.0,273
C:\Ramgo\Business\Trading\India2026\Gitrade1\ctrade1\data\nse_fno_bhavcopy\2018\12\fo12DEC2018bhav.csv.zip,ok,,42568,2354,2018-12-12,2018-12-27,2023-06-29,3600.0,14100.0,267
C:\Ramgo\Business\Trading\India2026\Gitrade1\ctrade1\data\nse_fno_bhavcopy\2018\12\fo13DEC2018bhav.csv.zip,ok,,42622,2354,2018-12-13,2018-12-27,2023-06-29,3600.0,14100.0,264
C:\Ramgo\Business\Trading\India2026\Gitrade1\ctrade1\data\nse_fno_bhavcopy\2018\12\fo14DEC2018bhav.csv.zip,ok,,42642,2354,2018-12-14,2018-12-27,2023-06-29,3600.0,14100.0,252
C:\Ramgo\Business\Trading\India2026\Gitrade1\ctrade1\data\nse_fno_bhavcopy\2018\12\fo17DEC2018bhav.csv.zip,ok,,42664,2354,2018-12-17,2018-12-27,2023-06-29,3600.0,14100.0,276
C:\Ramgo\Business\Trading\India2026\Gitrade1\ctrade1\data\nse_fno_bhavcopy\2018\12\fo18DEC2018bhav.csv.zip,ok,,42718,2354,2018-12-18,2018-12-27,2023-06-29,3600.0,14100.0,286
C:\Ramgo\Business\Trading\India2026\Gitrade1\ctrade1\data\nse_fno_bhavcopy\2018\12\fo19DEC2018bhav.csv.zip,ok,,42792,2354,2018-12-19,2018-12-27,2023-06-29,3600.0,14100.0,288
C:\Ramgo\Business\Trading\India2026\Gitrade1\ctrade1\data\nse_fno_bhavcopy\2018\12\fo20DEC2018bhav.csv.zip,ok,,43012,2358,2018-12-20,2018-12-27,2023-06-29,3600.0,14100.0,298
C:\Ramgo\Business\Trading\India2026\Gitrade1\ctrade1\data\nse_fno_bhavcopy\2018\12\fo21DEC2018bhav.csv.zip,ok,,43028,2358,2018-12-21,2018-12-27,2023-06-29,3600.0,14100.0,305
C:\Ramgo\Business\Trading\India2026\Gitrade1\ctrade1\data\nse_fno_bhavcopy\2018\12\fo24DEC2018bhav.csv.zip,ok,,43050,2358,2018-12-24,2018-12-27,2023-06-29,3600.0,14100.0,335
C:\Ramgo\Business\Trading\India2026\Gitrade1\ctrade1\data\nse_fno_bhavcopy\2018\12\fo26DEC2018bhav.csv.zip,ok,,43072,2358,2018-12-26,2018-12-27,2023-06-29,3600.0,14100.0,362
C:\Ramgo\Business\Trading\India2026\Gitrade1\ctrade1\data\nse_fno_bhavcopy\2018\12\fo27DEC2018bhav.csv.zip,ok,,43084,2358,2018-12-27,2018-12-27,2023-06-29,3600.0,14100.0,370
C:\Ramgo\Business\Trading\India2026\Gitrade1\ctrade1\data\nse_fno_bhavcopy\2018\12\fo28DEC2018bhav.csv.zip,ok,,39778,2224,2018-12-28,2019-01-31,2023-12-28,4600.0,14100.0,226
C:\Ramgo\Business\Trading\India2026\Gitrade1\ctrade1\data\nse_fno_bhavcopy\2018\12\fo31DEC2018bhav.csv.zip,ok,,39890,2228,2018-12-31,2019-01-31,2023-12-28,4600.0,14100.0,217
C:\Ramgo\Business\Trading\India2026\Gitrade1\ctrade1\data\nse_fno_bhavcopy\2019\01\fo01JAN2019bhav.csv.zip,ok,,39952,2228,2019-01-01,2019-01-31,2023-12-28,4600.0,14100.0,225
C:\Ramgo\Business\Trading\India2026\Gitrade1\ctrade1\data\nse_fno_bhavcopy\2019\01\fo02JAN2019bhav.csv.zip,ok,,40010,2228,2019-01-02,2019-01-31,2023-12-28,4600.0,14100.0,229
C:\Ramgo\Business\Trading\India2026\Gitrade1\ctrade1\data\nse_fno_bhavcopy\2019\01\fo03JAN2019bhav.csv.zip,ok,,40046,2228,2019-01-03,2019-01-31,2023-12-28,4600.0,14100.0,235
C:\Ramgo\Business\Trading\India2026\Gitrade1\ctrade1\data\nse_fno_bhavcopy\2019\01\fo04JAN2019bhav.csv.zip,ok,,40090,2234,2019-01-04,2019-01-31,2023-12-28,4600.0,14100.0,240
C:\Ramgo\Business\Trading\India2026\Gitrade1\ctrade1\data\nse_fno_bhavcopy\2019\01\fo07JAN2019bhav.csv.zip,ok,,40164,2234,2019-01-07,2019-01-31,2023-12-28,4600.0,14100.0,232
C:\Ramgo\Business\Trading\India2026\Gitrade1\ctrade1\data\nse_fno_bhavcopy\2019\01\fo08JAN2019bhav.csv.zip,ok,,40204,2234,2019-01-08,2019-01-31,2023-12-28,4600.0,14100.0,238
C:\Ramgo\Business\Trading\India2026\Gitrade1\ctrade1\data\nse_fno_bhavcopy\2019\01\fo09JAN2019bhav.csv.zip,ok,,40322,2234,2019-01-09,2019-01-31,2023-12-28,4600.0,14100.0,252
C:\Ramgo\Business\Trading\India2026\Gitrade1\ctrade1\data\nse_fno_bhavcopy\2019\01\fo10JAN2019bhav.csv.zip,ok,,40396,2234,2019-01-10,2019-01-31,2023-12-28,4600.0,14100.0,223
C:\Ramgo\Business\Trading\India2026\Gitrade1\ctrade1\data\nse_fno_bhavcopy\2019\01\fo11JAN2019bhav.csv.zip,ok,,40390,2234,2019-01-11,2019-01-31,2023-12-28,4600.0,14100.0,240
C:\Ramgo\Business\Trading\India2026\Gitrade1\ctrade1\data\nse_fno_bhavcopy\2019\01\fo14JAN2019bhav.csv.zip,ok,,40448,2234,2019-01-14,2019-01-31,2023-12-28,4600.0,14100.0,236
C:\Ramgo\Business\Trading\India2026\Gitrade1\ctrade1\data\nse_fno_bhavcopy\2019\01\fo15JAN2019bhav.csv.zip,ok,,40496,2234,2019-01-15,2019-01-31,2023-12-28,4600.0,14100.0,262
C:\Ramgo\Business\Trading\India2026\Gitrade1\ctrade1\data\nse_fno_bhavcopy\2019\01\fo16JAN2019bhav.csv.zip,ok,,40518,2234,2019-01-16,2019-01-31,2023-12-28,4600.0,14100.0,247
C:\Ramgo\Business\Trading\India2026\Gitrade1\ctrade1\data\nse_fno_bhavcopy\2019\01\fo17JAN2019bhav.csv.zip,ok,,40554,2234,2019-01-17,2019-01-31,2023-12-28,4600.0,14100.0,254
C:\Ramgo\Business\Trading\India2026\Gitrade1\ctrade1\data\nse_fno_bhavcopy\2019\01\fo18JAN2019bhav.csv.zip,ok,,40528,2234,2019-01-18,2019-01-31,2023-12-28,4600.0,14100.0,252
C:\Ramgo\Business\Trading\India2026\Gitrade1\ctrade1\data\nse_fno_bhavcopy\2019\01\fo21JAN2019bhav.csv.zip,ok,,40560,2234,2019-01-21,2019-01-31,2023-12-28,4600.0,14100.0,263
C:\Ramgo\Business\Trading\India2026\Gitrade1\ctrade1\data\nse_fno_bhavcopy\2019\01\fo22JAN2019bhav.csv.zip,ok,,40622,2238,2019-01-22,2019-01-31,2023-12-28,4600.0,14100.0,261
C:\Ramgo\Business\Trading\India2026\Gitrade1\ctrade1\data\nse_fno_bhavcopy\2019\01\fo23JAN2019bhav.csv.zip,ok,,40680,2238,2019-01-23,2019-01-31,2023-12-28,4600.0,14100.0,267
C:\Ramgo\Business\Trading\India2026\Gitrade1\ctrade1\data\nse_fno_bhavcopy\2019\01\fo24JAN2019bhav.csv.zip,ok,,40604,2238,2019-01-24,2019-01-31,2023-12-28,4600.0,14100.0,262
C:\Ramgo\Business\Trading\India2026\Gitrade1\ctrade1\data\nse_fno_bhavcopy\2019\01\fo25JAN2019bhav.csv.zip,ok,,40622,2238,2019-01-25,2019-01-31,2023-12-28,4600.0,14100.0,268
C:\Ramgo\Business\Trading\India2026\Gitrade1\ctrade1\data\nse_fno_bhavcopy\2019\01\fo28JAN2019bhav.csv.zip,ok,,40890,2238,2019-01-28,2019-01-31,2023-12-28,4600.0,14100.0,289
C:\Ramgo\Business\Trading\India2026\Gitrade1\ctrade1\data\nse_fno_bhavcopy\2019\01\fo29JAN2019bhav.csv.zip,ok,,41078,2238,2019-01-29,2019-01-31,2023-12-28,4600.0,14100.0,282
C:\Ramgo\Business\Trading\India2026\Gitrade1\ctrade1\data\nse_fno_bhavcopy\2019\01\fo30JAN2019bhav.csv.zip,ok,,41162,2238,2019-01-30,2019-01-31,2023-12-28,4600.0,14100.0,281
C:\Ramgo\Business\Trading\India2026\Gitrade1\ctrade1\data\nse_fno_bhavcopy\2019\01\fo31JAN2019bhav.csv.zip,ok,,41222,2238,2019-01-31,2019-01-31,2023-12-28,4600.0,14100.0,311
C:\Ramgo\Business\Trading\India2026\Gitrade1\ctrade1\data\nse_fno_bhavcopy\2019\02\fo01FEB2019bhav.csv.zip,ok,,37417,2202,2019-02-01,2019-02-28,2023-12-28,4600.0,14100.0,228
C:\Ramgo\Business\Trading\India2026\Gitrade1\ctrade1\data\nse_fno_bhavcopy\2019\02\fo04FEB2019bhav.csv.zip,ok,,37529,2204,2019-02-04,2019-02-28,2023-12-28,4600.0,14100.0,227
C:\Ramgo\Business\Trading\India2026\Gitrade1\ctrade1\data\nse_fno_bhavcopy\2019\02\fo05FEB2019bhav.csv.zip,ok,,37835,2204,2019-02-05,2019-02-28,2023-12-28,4600.0,14100.0,222
C:\Ramgo\Business\Trading\India2026\Gitrade1\ctrade1\data\nse_fno_bhavcopy\2019\02\fo06FEB2019bhav.csv.zip,ok,,38293,2206,2019-02-06,2019-02-28,2023-12-28,4600.0,14100.0,230
C:\Ramgo\Business\Trading\India2026\Gitrade1\ctrade1\data\nse_fno_bhavcopy\2019\02\fo07FEB2019bhav.csv.zip,ok,,38389,2220,2019-02-07,2019-02-28,2023-12-28,4600.0,14100.0,224
C:\Ramgo\Business\Trading\India2026\Gitrade1\ctrade1\data\nse_fno_bhavcopy\2019\02\fo08FEB2019bhav.csv.zip,ok,,38453,2220,2019-02-08,2019-02-28,2023-12-28,4600.0,14100.0,223
C:\Ramgo\Business\Trading\India2026\Gitrade1\ctrade1\data\nse_fno_bhavcopy\2019\02\fo11FEB2019bhav.csv.zip,ok,,39423,3074,2019-02-11,2019-02-14,2023-12-28,4600.0,14100.0,294
C:\Ramgo\Business\Trading\India2026\Gitrade1\ctrade1\data\nse_fno_bhavcopy\2019\02\fo12FEB2019bhav.csv.zip,ok,,39499,3088,2019-02-12,2019-02-14,2023-12-28,4600.0,14100.0,299
C:\Ramgo\Business\Trading\India2026\Gitrade1\ctrade1\data\nse_fno_bhavcopy\2019\02\fo13FEB2019bhav.csv.zip,ok,,39563,3102,2019-02-13,2019-02-14,2023-12-28,4600.0,14100.0,297
C:\Ramgo\Business\Trading\India2026\Gitrade1\ctrade1\data\nse_fno_bhavcopy\2019\02\fo14FEB2019bhav.csv.zip,ok,,39677,3118,2019-02-14,2019-02-14,2023-12-28,4600.0,14100.0,315
C:\Ramgo\Business\Trading\India2026\Gitrade1\ctrade1\data\nse_fno_bhavcopy\2019\02\fo15FEB2019bhav.csv.zip,ok,,39691,3126,2019-02-15,2019-02-21,2023-12-28,4600.0,14100.0,300
C:\Ramgo\Business\Trading\India2026\Gitrade1\ctrade1\data\nse_fno_bhavcopy\2019\02\fo18FEB2019bhav.csv.zip,ok,,39779,3142,2019-02-18,2019-02-21,2023-12-28,4600.0,14100.0,297
C:\Ramgo\Business\Trading\India2026\Gitrade1\ctrade1\data\nse_fno_bhavcopy\2019\02\fo19FEB2019bhav.csv.zip,ok,,39903,3160,2019-02-19,2019-02-21,2023-12-28,4600.0,14100.0,305
C:\Ramgo\Business\Trading\India2026\Gitrade1\ctrade1\data\nse_fno_bhavcopy\2019\02\fo20FEB2019bhav.csv.zip,ok,,39993,3176,2019-02-20,2019-02-21,2023-12-28,4600.0,14100.0,332
C:\Ramgo\Business\Trading\India2026\Gitrade1\ctrade1\data\nse_fno_bhavcopy\2019\02\fo21FEB2019bhav.csv.zip,ok,,40011,3176,2019-02-21,2019-02-21,2023-12-28,4600.0,14100.0,326
C:\Ramgo\Business\Trading\India2026\Gitrade1\ctrade1\data\nse_fno_bhavcopy\2019\02\fo22FEB2019bhav.csv.zip,ok,,40089,3164,2019-02-22,2019-02-28,2023-12-28,4600.0,14100.0,271
C:\Ramgo\Business\Trading\India2026\Gitrade1\ctrade1\data\nse_fno_bhavcopy\2019\02\fo25FEB2019bhav.csv.zip,ok,,40141,3164,2019-02-25,2019-02-28,2023-12-28,4600.0,14100.0,289
C:\Ramgo\Business\Trading\India2026\Gitrade1\ctrade1\data\nse_fno_bhavcopy\2019\02\fo26FEB2019bhav.csv.zip,ok,,40189,3172,2019-02-26,2019-02-28,2023-12-28,4600.0,14100.0,311
C:\Ramgo\Business\Trading\India2026\Gitrade1\ctrade1\data\nse_fno_bhavcopy\2019\02\fo27FEB2019bhav.csv.zip,ok,,40225,3172,2019-02-27,2019-02-28,2023-12-28,4600.0,14100.0,347
C:\Ramgo\Business\Trading\India2026\Gitrade1\ctrade1\data\nse_fno_bhavcopy\2019\02\fo28FEB2019bhav.csv.zip,ok,,40241,3172,2019-02-28,2019-02-28,2023-12-28,4600.0,14100.0,357
C:\Ramgo\Business\Trading\India2026\Gitrade1\ctrade1\data\nse_fno_bhavcopy\2019\03\fo01MAR2019bhav.csv.zip,ok,,36472,3150,2019-03-01,2019-03-07,2023-12-28,4600.0,14100.0,277
C:\Ramgo\Business\Trading\India2026\Gitrade1\ctrade1\data\nse_fno_bhavcopy\2019\03\fo05MAR2019bhav.csv.zip,ok,,36526,3152,2019-03-05,2019-03-07,2023-12-28,4600.0,14100.0,279
C:\Ramgo\Business\Trading\India2026\Gitrade1\ctrade1\data\nse_fno_bhavcopy\2019\03\fo06MAR2019bhav.csv.zip,ok,,36726,3176,2019-03-06,2019-03-07,2023-12-28,4600.0,14100.0,306
C:\Ramgo\Business\Trading\India2026\Gitrade1\ctrade1\data\nse_fno_bhavcopy\2019\03\fo07MAR2019bhav.csv.zip,ok,,36908,3192,2019-03-07,2019-03-07,2023-12-28,4600.0,14100.0,332
C:\Ramgo\Business\Trading\India2026\Gitrade1\ctrade1\data\nse_fno_bhavcopy\2019\03\fo08MAR2019bhav.csv.zip,ok,,36940,3174,2019-03-08,2019-03-14,2023-12-28,4600.0,14100.0,283
C:\Ramgo\Business\Trading\India2026\Gitrade1\ctrade1\data\nse_fno_bhavcopy\2019\03\fo11MAR2019bhav.csv.zip,ok,,37174,3174,2019-03-11,2019-03-14,2023-12-28,4600.0,14100.0,315
C:\Ramgo\Business\Trading\India2026\Gitrade1\ctrade1\data\nse_fno_bhavcopy\2019\03\fo12MAR2019bhav.csv.zip,ok,,37598,3216,2019-03-12,2019-03-14,2023-12-28,4600.0,14100.0,347
C:\Ramgo\Business\Trading\India2026\Gitrade1\ctrade1\data\nse_fno_bhavcopy\2019\03\fo13MAR2019bhav.csv.zip,ok,,37840,3276,2019-03-13,2019-03-14,2023-12-28,4600.0,14100.0,346
C:\Ramgo\Business\Trading\India2026\Gitrade1\ctrade1\data\nse_fno_bhavcopy\2019\03\fo14MAR2019bhav.csv.zip,ok,,38088,3296,2019-03-14,2019-03-14,2023-12-28,4600.0,14100.0,350
C:\Ramgo\Business\Trading\India2026\Gitrade1\ctrade1\data\nse_fno_bhavcopy\2019\03\fo15MAR2019bhav.csv.zip,ok,,38066,3266,2019-03-15,2019-03-20,2023-12-28,4600.0,14100.0,343
C:\Ramgo\Business\Trading\India2026\Gitrade1\ctrade1\data\nse_fno_bhavcopy\2019\03\fo18MAR2019bhav.csv.zip,ok,,38304,3308,2019-03-18,2019-03-20,2023-12-28,4600.0,14100.0,351
C:\Ramgo\Business\Trading\India2026\Gitrade1\ctrade1\data\nse_fno_bhavcopy\2019\03\fo19MAR2019bhav.csv.zip,ok,,38452,3312,2019-03-19,2019-03-20,2023-12-28,4600.0,14100.0,370
C:\Ramgo\Business\Trading\India2026\Gitrade1\ctrade1\data\nse_fno_bhavcopy\2019\03\fo20MAR2019bhav.csv.zip,ok,,38734,3350,2019-03-20,2019-03-20,2023-12-28,4600.0,14100.0,373
C:\Ramgo\Business\Trading\India2026\Gitrade1\ctrade1\data\nse_fno_bhavcopy\2019\03\fo22MAR2019bhav.csv.zip,ok,,38724,3312,2019-03-22,2019-03-28,2023-12-28,4600.0,14100.0,326
C:\Ramgo\Business\Trading\India2026\Gitrade1\ctrade1\data\nse_fno_bhavcopy\2019\03\fo25MAR2019bhav.csv.zip,ok,,38748,3314,2019-03-25,2019-03-28,2023-12-28,4600.0,14100.0,326
C:\Ramgo\Business\Trading\India2026\Gitrade1\ctrade1\data\nse_fno_bhavcopy\2019\03\fo26MAR2019bhav.csv.zip,ok,,38792,3318,2019-03-26,2019-03-28,2023-12-28,4600.0,14100.0,358
C:\Ramgo\Business\Trading\India2026\Gitrade1\ctrade1\data\nse_fno_bhavcopy\2019\03\fo27MAR2019bhav.csv.zip,ok,,38954,3318,2019-03-27,2019-03-28,2023-12-28,4600.0,14100.0,385
C:\Ramgo\Business\Trading\India2026\Gitrade1\ctrade1\data\nse_fno_bhavcopy\2019\03\fo28MAR2019bhav.csv.zip,ok,,39174,3318,2019-03-28,2019-03-28,2023-12-28,4600.0,14100.0,415
C:\Ramgo\Business\Trading\India2026\Gitrade1\ctrade1\data\nse_fno_bhavcopy\2019\03\fo29MAR2019bhav.csv.zip,ok,,43249,3272,2019-03-29,2019-04-04,2023-12-28,4600.0,14100.0,317
C:\Ramgo\Business\Trading\India2026\Gitrade1\ctrade1\data\nse_fno_bhavcopy\2019\04\fo01APR2019bhav.csv.zip,ok,,43637,3290,2019-04-01,2019-04-04,2023-12-28,4600.0,14100.0,348
C:\Ramgo\Business\Trading\India2026\Gitrade1\ctrade1\data\nse_fno_bhavcopy\2019\04\fo02APR2019bhav.csv.zip,ok,,43943,3316,2019-04-02,2019-04-04,2023-12-28,4600.0,14100.0,342
C:\Ramgo\Business\Trading\India2026\Gitrade1\ctrade1\data\nse_fno_bhavcopy\2019\04\fo03APR2019bhav.csv.zip,ok,,44123,3334,2019-04-03,2019-04-04,2023-12-28,4600.0,14100.0,354
C:\Ramgo\Business\Trading\India2026\Gitrade1\ctrade1\data\nse_fno_bhavcopy\2019\04\fo04APR2019bhav.csv.zip,ok,,44227,3334,2019-04-04,2019-04-04,2023-12-28,4600.0,14100.0,363
C:\Ramgo\Business\Trading\India2026\Gitrade1\ctrade1\data\nse_fno_bhavcopy\2019\04\fo05APR2019bhav.csv.zip,ok,,44187,3290,2019-04-05,2019-04-11,2023-12-28,4600.0,14100.0,297
C:\Ramgo\Business\Trading\India2026\Gitrade1\ctrade1\data\nse_fno_bhavcopy\2019\04\fo08APR2019bhav.csv.zip,ok,,44275,3292,2019-04-08,2019-04-11,2023-12-28,4600.0,14100.0,325
C:\Ramgo\Business\Trading\India2026\Gitrade1\ctrade1\data\nse_fno_bhavcopy\2019\04\fo09APR2019bhav.csv.zip,ok,,44337,3292,2019-04-09,2019-04-11,2023-12-28,4600.0,14100.0,322
C:\Ramgo\Business\Trading\India2026\Gitrade1\ctrade1\data\nse_fno_bhavcopy\2019\04\fo10APR2019bhav.csv.zip,ok,,44367,3292,2019-04-10,2019-04-11,2023-12-28,4600.0,14100.0,329
C:\Ramgo\Business\Trading\India2026\Gitrade1\ctrade1\data\nse_fno_bhavcopy\2019\04\fo11APR2019bhav.csv.zip,ok,,44395,3292,2019-04-11,2019-04-11,2023-12-28,4600.0,14100.0,339
C:\Ramgo\Business\Trading\India2026\Gitrade1\ctrade1\data\nse_fno_bhavcopy\2019\04\fo12APR2019bhav.csv.zip,ok,,44309,3248,2019-04-12,2019-04-18,2023-12-28,4600.0,14100.0,280
C:\Ramgo\Business\Trading\India2026\Gitrade1\ctrade1\data\nse_fno_bhavcopy\2019\04\fo15APR2019bhav.csv.zip,ok,,44395,3250,2019-04-15,2019-04-18,2023-12-28,4600.0,14100.0,279
C:\Ramgo\Business\Trading\India2026\Gitrade1\ctrade1\data\nse_fno_bhavcopy\2019\04\fo16APR2019bhav.csv.zip,ok,,46803,3254,2019-04-16,2019-04-18,2023-12-28,4600.0,14100.0,311
C:\Ramgo\Business\Trading\India2026\Gitrade1\ctrade1\data\nse_fno_bhavcopy\2019\04\fo18APR2019bhav.csv.zip,ok,,46955,3314,2019-04-18,2019-04-18,2023-12-28,4600.0,14200.0,339
C:\Ramgo\Business\Trading\India2026\Gitrade1\ctrade1\data\nse_fno_bhavcopy\2019\04\fo22APR2019bhav.csv.zip,ok,,46871,3266,2019-04-22,2019-04-25,2023-12-28,4600.0,14200.0,292
C:\Ramgo\Business\Trading\India2026\Gitrade1\ctrade1\data\nse_fno_bhavcopy\2019\04\fo23APR2019bhav.csv.zip,ok,,46923,3272,2019-04-23,2019-04-25,2023-12-28,4600.0,14200.0,299
C:\Ramgo\Business\Trading\India2026\Gitrade1\ctrade1\data\nse_fno_bhavcopy\2019\04\fo24APR2019bhav.csv.zip,ok,,47035,3272,2019-04-24,2019-04-25,2023-12-28,4600.0,14200.0,333
C:\Ramgo\Business\Trading\India2026\Gitrade1\ctrade1\data\nse_fno_bhavcopy\2019\04\fo25APR2019bhav.csv.zip,ok,,47117,3272,2019-04-25,2019-04-25,2023-12-28,4600.0,14200.0,363
C:\Ramgo\Business\Trading\India2026\Gitrade1\ctrade1\data\nse_fno_bhavcopy\2019\04\fo26APR2019bhav.csv.zip,ok,,42299,3224,2019-04-26,2019-05-02,2023-12-28,4600.0,14200.0,270
C:\Ramgo\Business\Trading\India2026\Gitrade1\ctrade1\data\nse_fno_bhavcopy\2019\04\fo30APR2019bhav.csv.zip,ok,,42343,3228,2019-04-30,2019-05-02,2023-12-28,4600.0,14200.0,289
C:\Ramgo\Business\Trading\India2026\Gitrade1\ctrade1\data\nse_fno_bhavcopy\2019\05\fo02MAY2019bhav.csv.zip,ok,,42475,3228,2019-05-02,2019-05-02,2023-12-28,4600.0,14200.0,314
C:\Ramgo\Business\Trading\India2026\Gitrade1\ctrade1\data\nse_fno_bhavcopy\2019\05\fo03MAY2019bhav.csv.zip,ok,,42391,3188,2019-05-03,2019-05-09,2023-12-28,4600.0,14200.0,277
C:\Ramgo\Business\Trading\India2026\Gitrade1\ctrade1\data\nse_fno_bhavcopy\2019\05\fo06MAY2019bhav.csv.zip,ok,,42421,3188,2019-05-06,2019-05-09,2023-12-28,4600.0,14200.0,294
C:\Ramgo\Business\Trading\India2026\Gitrade1\ctrade1\data\nse_fno_bhavcopy\2019\05\fo07MAY2019bhav.csv.zip,ok,,42465,3194,2019-05-07,2019-05-09,2023-12-28,4600.0,14200.0,309
C:\Ramgo\Business\Trading\India2026\Gitrade1\ctrade1\data\nse_fno_bhavcopy\2019\05\fo08MAY2019bhav.csv.zip,ok,,42585,3216,2019-05-08,2019-05-09,2023-12-28,4600.0,14200.0,324
C:\Ramgo\Business\Trading\India2026\Gitrade1\ctrade1\data\nse_fno_bhavcopy\2019\05\fo09MAY2019bhav.csv.zip,ok,,42721,3252,2019-05-09,2019-05-09,2023-12-28,4600.0,14200.0,340
C:\Ramgo\Business\Trading\India2026\Gitrade1\ctrade1\data\nse_fno_bhavcopy\2019\05\fo10MAY2019bhav.csv.zip,ok,,42673,3238,2019-05-10,2019-05-16,2023-12-28,4600.0,14200.0,272
C:\Ramgo\Business\Trading\India2026\Gitrade1\ctrade1\data\nse_fno_bhavcopy\2019\05\fo13MAY2019bhav.csv.zip,ok,,42723,3238,2019-05-13,2019-05-16,2023-12-28,4600.0,14200.0,293
C:\Ramgo\Business\Trading\India2026\Gitrade1\ctrade1\data\nse_fno_bhavcopy\2019\05\fo14MAY2019bhav.csv.zip,ok,,43047,3294,2019-05-14,2019-05-16,2023-12-28,4600.0,14200.0,314
C:\Ramgo\Business\Trading\India2026\Gitrade1\ctrade1\data\nse_fno_bhavcopy\2019\05\fo15MAY2019bhav.csv.zip,ok,,43097,3294,2019-05-15,2019-05-16,2023-12-28,4600.0,14200.0,306
C:\Ramgo\Business\Trading\India2026\Gitrade1\ctrade1\data\nse_fno_bhavcopy\2019\05\fo16MAY2019bhav.csv.zip,ok,,43233,3294,2019-05-16,2019-05-16,2023-12-28,4600.0,14200.0,343
C:\Ramgo\Business\Trading\India2026\Gitrade1\ctrade1\data\nse_fno_bhavcopy\2019\05\fo17MAY2019bhav.csv.zip,ok,,43187,3268,2019-05-17,2019-05-23,2023-12-28,4600.0,14200.0,274
C:\Ramgo\Business\Trading\India2026\Gitrade1\ctrade1\data\nse_fno_bhavcopy\2019\05\fo20MAY2019bhav.csv.zip,ok,,43327,3278,2019-05-20,2019-05-23,2023-12-28,4600.0,14200.0,304
C:\Ramgo\Business\Trading\India2026\Gitrade1\ctrade1\data\nse_fno_bhavcopy\2019\05\fo21MAY2019bhav.csv.zip,ok,,43689,3338,2019-05-21,2019-05-23,2023-12-28,4600.0,14200.0,327
C:\Ramgo\Business\Trading\India2026\Gitrade1\ctrade1\data\nse_fno_bhavcopy\2019\05\fo22MAY2019bhav.csv.zip,ok,,43747,3338,2019-05-22,2019-05-23,2023-12-28,4600.0,14200.0,321
C:\Ramgo\Business\Trading\India2026\Gitrade1\ctrade1\data\nse_fno_bhavcopy\2019\05\fo23MAY2019bhav.csv.zip,ok,,43783,3338,2019-05-23,2019-05-23,2023-12-28,4600.0,14200.0,378
C:\Ramgo\Business\Trading\India2026\Gitrade1\ctrade1\data\nse_fno_bhavcopy\2019\05\fo24MAY2019bhav.csv.zip,ok,,43743,3310,2019-05-24,2019-05-30,2023-12-28,4600.0,14200.0,324
C:\Ramgo\Business\Trading\India2026\Gitrade1\ctrade1\data\nse_fno_bhavcopy\2019\05\fo27MAY2019bhav.csv.zip,ok,,44049,3318,2019-05-27,2019-05-30,2023-12-28,4600.0,14200.0,362
C:\Ramgo\Business\Trading\India2026\Gitrade1\ctrade1\data\nse_fno_bhavcopy\2019\05\fo28MAY2019bhav.csv.zip,ok,,44397,3358,2019-05-28,2019-05-30,2023-12-28,4600.0,14300.0,390
C:\Ramgo\Business\Trading\India2026\Gitrade1\ctrade1\data\nse_fno_bhavcopy\2019\05\fo29MAY2019bhav.csv.zip,ok,,44439,3378,2019-05-29,2019-05-30,2023-12-28,4600.0,14300.0,372
C:\Ramgo\Business\Trading\India2026\Gitrade1\ctrade1\data\nse_fno_bhavcopy\2019\05\fo30MAY2019bhav.csv.zip,ok,,44453,3378,2019-05-30,2019-05-30,2023-12-28,4600.0,14300.0,405
C:\Ramgo\Business\Trading\India2026\Gitrade1\ctrade1\data\nse_fno_bhavcopy\2019\05\fo31MAY2019bhav.csv.zip,ok,,39463,3332,2019-05-31,2019-06-06,2023-12-28,4600.0,14300.0,331
C:\Ramgo\Business\Trading\India2026\Gitrade1\ctrade1\data\nse_fno_bhavcopy\2019\06\fo03JUN2019bhav.csv.zip,ok,,39537,3334,2019-06-03,2019-06-06,2023-12-28,4600.0,14300.0,359
C:\Ramgo\Business\Trading\India2026\Gitrade1\ctrade1\data\nse_fno_bhavcopy\2019\06\fo04JUN2019bhav.csv.zip,ok,,39763,3434,2019-06-04,2019-06-06,2023-12-28,4600.0,14500.0,354
C:\Ramgo\Business\Trading\India2026\Gitrade1\ctrade1\data\nse_fno_bhavcopy\2019\06\fo06JUN2019bhav.csv.zip,ok,,39831,3434,2019-06-06,2019-06-06,2023-12-28,4600.0,14500.0,367
C:\Ramgo\Business\Trading\India2026\Gitrade1\ctrade1\data\nse_fno_bhavcopy\2019\06\fo07JUN2019bhav.csv.zip,ok,,39777,3398,2019-06-07,2019-06-13,2023-12-28,4600.0,14500.0,313
C:\Ramgo\Business\Trading\India2026\Gitrade1\ctrade1\data\nse_fno_bhavcopy\2019\06\fo10JUN2019bhav.csv.zip,ok,,39845,3398,2019-06-10,2019-06-13,2023-12-28,4600.0,14500.0,326
C:\Ramgo\Business\Trading\India2026\Gitrade1\ctrade1\data\nse_fno_bhavcopy\2019\06\fo11JUN2019bhav.csv.zip,ok,,39899,3400,2019-06-11,2019-06-13,2023-12-28,4600.0,14500.0,348
C:\Ramgo\Business\Trading\India2026\Gitrade1\ctrade1\data\nse_fno_bhavcopy\2019\06\fo12JUN2019bhav.csv.zip,ok,,39919,3402,2019-06-12,2019-06-13,2023-12-28,4600.0,14500.0,355
C:\Ramgo\Business\Trading\India2026\Gitrade1\ctrade1\data\nse_fno_bhavcopy\2019\06\fo13JUN2019bhav.csv.zip,ok,,39941,3402,2019-06-13,2019-06-13,2023-12-28,4600.0,14500.0,355
C:\Ramgo\Business\Trading\India2026\Gitrade1\ctrade1\data\nse_fno_bhavcopy\2019\06\fo14JUN2019bhav.csv.zip,ok,,39849,3364,2019-06-14,2019-06-20,2023-12-28,4600.0,14500.0,303
C:\Ramgo\Business\Trading\India2026\Gitrade1\ctrade1\data\nse_fno_bhavcopy\2019\06\fo17JUN2019bhav.csv.zip,ok,,40009,3372,2019-06-17,2019-06-20,2023-12-28,4600.0,14500.0,335
C:\Ramgo\Business\Trading\India2026\Gitrade1\ctrade1\data\nse_fno_bhavcopy\2019\06\fo18JUN2019bhav.csv.zip,ok,,40127,3390,2019-06-18,2019-06-20,2023-12-28,4600.0,14500.0,344
C:\Ramgo\Business\Trading\India2026\Gitrade1\ctrade1\data\nse_fno_bhavcopy\2019\06\fo19JUN2019bhav.csv.zip,ok,,40247,3390,2019-06-19,2019-06-20,2023-12-28,4600.0,14500.0,365
C:\Ramgo\Business\Trading\India2026\Gitrade1\ctrade1\data\nse_fno_bhavcopy\2019\06\fo20JUN2019bhav.csv.zip,ok,,40409,3390,2019-06-20,2019-06-20,2023-12-28,4600.0,14500.0,422
C:\Ramgo\Business\Trading\India2026\Gitrade1\ctrade1\data\nse_fno_bhavcopy\2019\06\fo21JUN2019bhav.csv.zip,ok,,40317,3352,2019-06-21,2019-06-27,2023-12-28,4600.0,14500.0,333
C:\Ramgo\Business\Trading\India2026\Gitrade1\ctrade1\data\nse_fno_bhavcopy\2019\06\fo24JUN2019bhav.csv.zip,ok,,40389,3358,2019-06-24,2019-06-27,2023-12-28,4600.0,14500.0,342
C:\Ramgo\Business\Trading\India2026\Gitrade1\ctrade1\data\nse_fno_bhavcopy\2019\06\fo25JUN2019bhav.csv.zip,ok,,40445,3358,2019-06-25,2019-06-27,2023-12-28,4600.0,14500.0,361
C:\Ramgo\Business\Trading\India2026\Gitrade1\ctrade1\data\nse_fno_bhavcopy\2019\06\fo26JUN2019bhav.csv.zip,ok,,40475,3358,2019-06-26,2019-06-27,2023-12-28,4600.0,14500.0,372
C:\Ramgo\Business\Trading\India2026\Gitrade1\ctrade1\data\nse_fno_bhavcopy\2019\06\fo27JUN2019bhav.csv.zip,ok,,40581,3358,2019-06-27,2019-06-27,2023-12-28,4600.0,14500.0,402
C:\Ramgo\Business\Trading\India2026\Gitrade1\ctrade1\data\nse_fno_bhavcopy\2019\06\fo28JUN2019bhav.csv.zip,ok,,37975,3246,2019-06-28,2019-07-04,2024-06-27,4600.0,14500.0,283
C:\Ramgo\Business\Trading\India2026\Gitrade1\ctrade1\data\nse_fno_bhavcopy\2019\07\fo01JUL2019bhav.csv.zip,ok,,38093,3246,2019-07-01,2019-07-04,2024-06-27,4600.0,14500.0,293
C:\Ramgo\Business\Trading\India2026\Gitrade1\ctrade1\data\nse_fno_bhavcopy\2019\07\fo02JUL2019bhav.csv.zip,ok,,38227,3248,2019-07-02,2019-07-04,2024-06-27,4600.0,14500.0,293
C:\Ramgo\Business\Trading\India2026\Gitrade1\ctrade1\data\nse_fno_bhavcopy\2019\07\fo03JUL2019bhav.csv.zip,ok,,38196,3250,2019-07-03,2019-07-04,2024-06-27,4600.0,14500.0,297
C:\Ramgo\Business\Trading\India2026\Gitrade1\ctrade1\data\nse_fno_bhavcopy\2019\07\fo04JUL2019bhav.csv.zip,ok,,38254,3250,2019-07-04,2019-07-04,2024-06-27,4600.0,14500.0,308
C:\Ramgo\Business\Trading\India2026\Gitrade1\ctrade1\data\nse_fno_bhavcopy\2019\07\fo05JUL2019bhav.csv.zip,ok,,38212,3218,2019-07-05,2019-07-11,2024-06-27,4600.0,14500.0,292
C:\Ramgo\Business\Trading\India2026\Gitrade1\ctrade1\data\nse_fno_bhavcopy\2019\07\fo08JUL2019bhav.csv.zip,ok,,38372,3224,2019-07-08,2019-07-11,2024-06-27,4600.0,14500.0,344
C:\Ramgo\Business\Trading\India2026\Gitrade1\ctrade1\data\nse_fno_bhavcopy\2019\07\fo09JUL2019bhav.csv.zip,ok,,38658,3266,2019-07-09,2019-07-11,2024-06-27,4600.0,14500.0,335
C:\Ramgo\Business\Trading\India2026\Gitrade1\ctrade1\data\nse_fno_bhavcopy\2019\07\fo10JUL2019bhav.csv.zip,ok,,38722,3266,2019-07-10,2019-07-11,2024-06-27,4600.0,14500.0,334
C:\Ramgo\Business\Trading\India2026\Gitrade1\ctrade1\data\nse_fno_bhavcopy\2019\07\fo11JUL2019bhav.csv.zip,ok,,38834,3280,2019-07-11,2019-07-11,2024-06-27,4600.0,14500.0,339
C:\Ramgo\Business\Trading\India2026\Gitrade1\ctrade1\data\nse_fno_bhavcopy\2019\07\fo12JUL2019bhav.csv.zip,ok,,38720,3242,2019-07-12,2019-07-18,2024-06-27,4600.0,14500.0,293
C:\Ramgo\Business\Trading\India2026\Gitrade1\ctrade1\data\nse_fno_bhavcopy\2019\07\fo15JUL2019bhav.csv.zip,ok,,38734,3244,2019-07-15,2019-07-18,2024-06-27,4600.0,14500.0,284
C:\Ramgo\Business\Trading\India2026\Gitrade1\ctrade1\data\nse_fno_bhavcopy\2019\07\fo16JUL2019bhav.csv.zip,ok,,38820,3244,2019-07-16,2019-07-18,2024-06-27,4600.0,14500.0,310
C:\Ramgo\Business\Trading\India2026\Gitrade1\ctrade1\data\nse_fno_bhavcopy\2019\07\fo17JUL2019bhav.csv.zip,ok,,38834,3246,2019-07-17,2019-07-18,2024-06-27,4600.0,14500.0,314
C:\Ramgo\Business\Trading\India2026\Gitrade1\ctrade1\data\nse_fno_bhavcopy\2019\07\fo18JUL2019bhav.csv.zip,ok,,38884,3248,2019-07-18,2019-07-18,2024-06-27,4600.0,14500.0,323
C:\Ramgo\Business\Trading\India2026\Gitrade1\ctrade1\data\nse_fno_bhavcopy\2019\07\fo19JUL2019bhav.csv.zip,ok,,38858,3214,2019-07-19,2019-07-25,2024-06-27,4600.0,14500.0,313
C:\Ramgo\Business\Trading\India2026\Gitrade1\ctrade1\data\nse_fno_bhavcopy\2019\07\fo22JUL2019bhav.csv.zip,ok,,39210,3256,2019-07-22,2019-07-25,2024-06-27,4600.0,14500.0,325
C:\Ramgo\Business\Trading\India2026\Gitrade1\ctrade1\data\nse_fno_bhavcopy\2019\07\fo23JUL2019bhav.csv.zip,ok,,39424,3276,2019-07-23,2019-07-25,2024-06-27,4600.0,14500.0,327
C:\Ramgo\Business\Trading\India2026\Gitrade1\ctrade1\data\nse_fno_bhavcopy\2019\07\fo24JUL2019bhav.csv.zip,ok,,39572,3276,2019-07-24,2019-07-25,2024-06-27,4600.0,14500.0,363
C:\Ramgo\Business\Trading\India2026\Gitrade1\ctrade1\data\nse_fno_bhavcopy\2019\07\fo25JUL2019bhav.csv.zip,ok,,39850,3310,2019-07-25,2019-07-25,2024-06-27,4600.0,14500.0,384
C:\Ramgo\Business\Trading\India2026\Gitrade1\ctrade1\data\nse_fno_bhavcopy\2019\07\fo26JUL2019bhav.csv.zip,ok,,36424,3272,2019-07-26,2019-08-01,2024-06-27,4600.0,14500.0,319
C:\Ramgo\Business\Trading\India2026\Gitrade1\ctrade1\data\nse_fno_bhavcopy\2019\07\fo29JUL2019bhav.csv.zip,ok,,36456,3274,2019-07-29,2019-08-01,2024-06-27,4600.0,14500.0,330
C:\Ramgo\Business\Trading\India2026\Gitrade1\ctrade1\data\nse_fno_bhavcopy\2019\07\fo30JUL2019bhav.csv.zip,ok,,36686,3294,2019-07-30,2019-08-01,2024-06-27,4600.0,14500.0,355
C:\Ramgo\Business\Trading\India2026\Gitrade1\ctrade1\data\nse_fno_bhavcopy\2019\07\fo31JUL2019bhav.csv.zip,ok,,37200,3334,2019-07-31,2019-08-01,2024-06-27,4600.0,14500.0,362
C:\Ramgo\Business\Trading\India2026\Gitrade1\ctrade1\data\nse_fno_bhavcopy\2019\08\fo01AUG2019bhav.csv.zip,ok,,37272,3334,2019-08-01,2019-08-01,2024-06-27,4600.0,14500.0,403
C:\Ramgo\Business\Trading\India2026\Gitrade1\ctrade1\data\nse_fno_bhavcopy\2019\08\fo02AUG2019bhav.csv.zip,ok,,37376,3332,2019-08-02,2019-08-08,2024-06-27,4600.0,14500.0,359
C:\Ramgo\Business\Trading\India2026\Gitrade1\ctrade1\data\nse_fno_bhavcopy\2019\08\fo05AUG2019bhav.csv.zip,ok,,37536,3332,2019-08-05,2019-08-08,2024-06-27,4600.0,14500.0,348
C:\Ramgo\Business\Trading\India2026\Gitrade1\ctrade1\data\nse_fno_bhavcopy\2019\08\fo06AUG2019bhav.csv.zip,ok,,38032,3394,2019-08-06,2019-08-08,2024-06-27,4600.0,14500.0,369
C:\Ramgo\Business\Trading\India2026\Gitrade1\ctrade1\data\nse_fno_bhavcopy\2019\08\fo07AUG2019bhav.csv.zip,ok,,38086,3394,2019-08-07,2019-08-08,2024-06-27,4600.0,14500.0,362
C:\Ramgo\Business\Trading\India2026\Gitrade1\ctrade1\data\nse_fno_bhavcopy\2019\08\fo08AUG2019bhav.csv.zip,ok,,38338,3394,2019-08-08,2019-08-08,2024-06-27,4600.0,14500.0,394
C:\Ramgo\Business\Trading\India2026\Gitrade1\ctrade1\data\nse_fno_bhavcopy\2019\08\fo09AUG2019bhav.csv.zip,ok,,38260,3352,2019-08-09,2019-08-14,2024-06-27,4600.0,14500.0,347
C:\Ramgo\Business\Trading\India2026\Gitrade1\ctrade1\data\nse_fno_bhavcopy\2019\08\fo13AUG2019bhav.csv.zip,ok,,38350,3356,2019-08-13,2019-08-14,2024-06-27,4600.0,14500.0,370
C:\Ramgo\Business\Trading\India2026\Gitrade1\ctrade1\data\nse_fno_bhavcopy\2019\08\fo14AUG2019bhav.csv.zip,ok,,38654,3360,2019-08-14,2019-08-14,2024-06-27,4600.0,14500.0,359
C:\Ramgo\Business\Trading\India2026\Gitrade1\ctrade1\data\nse_fno_bhavcopy\2019\08\fo16AUG2019bhav.csv.zip,ok,,38566,3316,2019-08-16,2019-08-22,2024-06-27,4600.0,14500.0,300
C:\Ramgo\Business\Trading\India2026\Gitrade1\ctrade1\data\nse_fno_bhavcopy\2019\08\fo19AUG2019bhav.csv.zip,ok,,38658,3316,2019-08-19,2019-08-22,2024-06-27,4600.0,14500.0,308
C:\Ramgo\Business\Trading\India2026\Gitrade1\ctrade1\data\nse_fno_bhavcopy\2019\08\fo20AUG2019bhav.csv.zip,ok,,38688,3316,2019-08-20,2019-08-22,2024-06-27,4600.0,14500.0,312
C:\Ramgo\Business\Trading\India2026\Gitrade1\ctrade1\data\nse_fno_bhavcopy\2019\08\fo21AUG2019bhav.csv.zip,ok,,38788,3318,2019-08-21,2019-08-22,2024-06-27,4600.0,14500.0,339
C:\Ramgo\Business\Trading\India2026\Gitrade1\ctrade1\data\nse_fno_bhavcopy\2019\08\fo22AUG2019bhav.csv.zip,ok,,39130,3324,2019-08-22,2019-08-22,2024-06-27,4600.0,14500.0,390
C:\Ramgo\Business\Trading\India2026\Gitrade1\ctrade1\data\nse_fno_bhavcopy\2019\08\fo23AUG2019bhav.csv.zip,ok,,39534,3326,2019-08-23,2019-08-29,2024-06-27,4600.0,14500.0,347
C:\Ramgo\Business\Trading\India2026\Gitrade1\ctrade1\data\nse_fno_bhavcopy\2019\08\fo26AUG2019bhav.csv.zip,ok,,39582,3330,2019-08-26,2019-08-29,2024-06-27,4600.0,14500.0,360
C:\Ramgo\Business\Trading\India2026\Gitrade1\ctrade1\data\nse_fno_bhavcopy\2019\08\fo27AUG2019bhav.csv.zip,ok,,39626,3338,2019-08-27,2019-08-29,2024-06-27,4600.0,14500.0,364
C:\Ramgo\Business\Trading\India2026\Gitrade1\ctrade1\data\nse_fno_bhavcopy\2019\08\fo28AUG2019bhav.csv.zip,ok,,39664,3342,2019-08-28,2019-08-29,2024-06-27,4600.0,14500.0,375
C:\Ramgo\Business\Trading\India2026\Gitrade1\ctrade1\data\nse_fno_bhavcopy\2019\08\fo29AUG2019bhav.csv.zip,ok,,39778,3342,2019-08-29,2019-08-29,2024-06-27,4600.0,14500.0,414
C:\Ramgo\Business\Trading\India2026\Gitrade1\ctrade1\data\nse_fno_bhavcopy\2019\08\fo30AUG2019bhav.csv.zip,ok,,35881,3288,2019-08-30,2019-09-05,2024-06-27,4600.0,14500.0,350
C:\Ramgo\Business\Trading\India2026\Gitrade1\ctrade1\data\nse_fno_bhavcopy\2019\09\fo03SEP2019bhav.csv.zip,ok,,35953,3290,2019-09-03,2019-09-05,2024-06-27,4600.0,14500.0,367
C:\Ramgo\Business\Trading\India2026\Gitrade1\ctrade1\data\nse_fno_bhavcopy\2019\09\fo04SEP2019bhav.csv.zip,ok,,36071,3296,2019-09-04,2019-09-05,2024-06-27,4600.0,14500.0,343
C:\Ramgo\Business\Trading\India2026\Gitrade1\ctrade1\data\nse_fno_bhavcopy\2019\09\fo05SEP2019bhav.csv.zip,ok,,36103,3296,2019-09-05,2019-09-05,2024-06-27,4600.0,14500.0,360
C:\Ramgo\Business\Trading\India2026\Gitrade1\ctrade1\data\nse_fno_bhavcopy\2019\09\fo06SEP2019bhav.csv.zip,ok,,35975,3248,2019-09-06,2019-09-12,2024-06-27,4600.0,14500.0,281
C:\Ramgo\Business\Trading\India2026\Gitrade1\ctrade1\data\nse_fno_bhavcopy\2019\09\fo09SEP2019bhav.csv.zip,ok,,36009,3252,2019-09-09,2019-09-12,2024-06-27,4600.0,14500.0,331
C:\Ramgo\Business\Trading\India2026\Gitrade1\ctrade1\data\nse_fno_bhavcopy\2019\09\fo11SEP2019bhav.csv.zip,ok,,36027,3254,2019-09-11,2019-09-12,2024-06-27,4600.0,14500.0,330
C:\Ramgo\Business\Trading\India2026\Gitrade1\ctrade1\data\nse_fno_bhavcopy\2019\09\fo12SEP2019bhav.csv.zip,ok,,36077,3258,2019-09-12,2019-09-12,2024-06-27,4600.0,14500.0,347
C:\Ramgo\Business\Trading\India2026\Gitrade1\ctrade1\data\nse_fno_bhavcopy\2019\09\fo13SEP2019bhav.csv.zip,ok,,35963,3220,2019-09-13,2019-09-19,2024-06-27,4600.0,14500.0,303
C:\Ramgo\Business\Trading\India2026\Gitrade1\ctrade1\data\nse_fno_bhavcopy\2019\09\fo16SEP2019bhav.csv.zip,ok,,35991,3228,2019-09-16,2019-09-19,2024-06-27,4600.0,14500.0,289
C:\Ramgo\Business\Trading\India2026\Gitrade1\ctrade1\data\nse_fno_bhavcopy\2019\09\fo17SEP2019bhav.csv.zip,ok,,36033,3228,2019-09-17,2019-09-19,2024-06-27,4600.0,14500.0,338
C:\Ramgo\Business\Trading\India2026\Gitrade1\ctrade1\data\nse_fno_bhavcopy\2019\09\fo18SEP2019bhav.csv.zip,ok,,36071,3238,2019-09-18,2019-09-19,2024-06-27,4600.0,14500.0,337
C:\Ramgo\Business\Trading\India2026\Gitrade1\ctrade1\data\nse_fno_bhavcopy\2019\09\fo19SEP2019bhav.csv.zip,ok,,36091,3238,2019-09-19,2019-09-19,2024-06-27,4600.0,14500.0,367
C:\Ramgo\Business\Trading\India2026\Gitrade1\ctrade1\data\nse_fno_bhavcopy\2019\09\fo20SEP2019bhav.csv.zip,ok,,36099,3226,2019-09-20,2019-09-26,2024-06-27,4600.0,14500.0,383
C:\Ramgo\Business\Trading\India2026\Gitrade1\ctrade1\data\nse_fno_bhavcopy\2019\09\fo23SEP2019bhav.csv.zip,ok,,36585,3290,2019-09-23,2019-09-26,2024-06-27,4600.0,14500.0,410
C:\Ramgo\Business\Trading\India2026\Gitrade1\ctrade1\data\nse_fno_bhavcopy\2019\09\fo24SEP2019bhav.csv.zip,ok,,37629,3414,2019-09-24,2019-09-26,2024-06-27,4600.0,14500.0,421
C:\Ramgo\Business\Trading\India2026\Gitrade1\ctrade1\data\nse_fno_bhavcopy\2019\09\fo25SEP2019bhav.csv.zip,ok,,37705,3414,2019-09-25,2019-09-26,2024-06-27,4600.0,14500.0,432
C:\Ramgo\Business\Trading\India2026\Gitrade1\ctrade1\data\nse_fno_bhavcopy\2019\09\fo26SEP2019bhav.csv.zip,ok,,37739,3414,2019-09-26,2019-09-26,2024-06-27,4600.0,14500.0,457
C:\Ramgo\Business\Trading\India2026\Gitrade1\ctrade1\data\nse_fno_bhavcopy\2019\09\fo27SEP2019bhav.csv.zip,ok,,35163,3348,2019-09-27,2019-10-03,2024-06-27,4600.0,14500.0,334
C:\Ramgo\Business\Trading\India2026\Gitrade1\ctrade1\data\nse_fno_bhavcopy\2019\09\fo30SEP2019bhav.csv.zip,ok,,35835,3350,2019-09-30,2019-10-03,2024-06-27,4600.0,14500.0,368
C:\Ramgo\Business\Trading\India2026\Gitrade1\ctrade1\data\nse_fno_bhavcopy\2019\10\fo01OCT2019bhav.csv.zip,ok,,35881,3352,2019-10-01,2019-10-03,2024-06-27,4600.0,14500.0,378
C:\Ramgo\Business\Trading\India2026\Gitrade1\ctrade1\data\nse_fno_bhavcopy\2019\10\fo03OCT2019bhav.csv.zip,ok,,36025,3356,2019-10-03,2019-10-03,2024-06-27,4600.0,14500.0,382
C:\Ramgo\Business\Trading\India2026\Gitrade1\ctrade1\data\nse_fno_bhavcopy\2019\10\fo04OCT2019bhav.csv.zip,ok,,35965,3322,2019-10-04,2019-10-10,2024-06-27,4600.0,14500.0,362
C:\Ramgo\Business\Trading\India2026\Gitrade1\ctrade1\data\nse_fno_bhavcopy\2019\10\fo07OCT2019bhav.csv.zip,ok,,36043,3334,2019-10-07,2019-10-10,2024-06-27,4600.0,14500.0,369
C:\Ramgo\Business\Trading\India2026\Gitrade1\ctrade1\data\nse_fno_bhavcopy\2019\10\fo09OCT2019bhav.csv.zip,ok,,36209,3336,2019-10-09,2019-10-10,2024-06-27,4600.0,14500.0,397
C:\Ramgo\Business\Trading\India2026\Gitrade1\ctrade1\data\nse_fno_bhavcopy\2019\10\fo10OCT2019bhav.csv.zip,ok,,36257,3336,2019-10-10,2019-10-10,2024-06-27,4600.0,14500.0,389
C:\Ramgo\Business\Trading\India2026\Gitrade1\ctrade1\data\nse_fno_bhavcopy\2019\10\fo11OCT2019bhav.csv.zip,ok,,36089,3300,2019-10-11,2019-10-17,2024-06-27,4600.0,14500.0,355
C:\Ramgo\Business\Trading\India2026\Gitrade1\ctrade1\data\nse_fno_bhavcopy\2019\10\fo14OCT2019bhav.csv.zip,ok,,36197,3302,2019-10-14,2019-10-17,2024-06-27,4600.0,14500.0,359
C:\Ramgo\Business\Trading\India2026\Gitrade1\ctrade1\data\nse_fno_bhavcopy\2019\10\fo15OCT2019bhav.csv.zip,ok,,36247,3306,2019-10-15,2019-10-17,2024-06-27,4600.0,14500.0,381
C:\Ramgo\Business\Trading\India2026\Gitrade1\ctrade1\data\nse_fno_bhavcopy\2019\10\fo16OCT2019bhav.csv.zip,ok,,36305,3314,2019-10-16,2019-10-17,2024-06-27,4600.0,14500.0,394
C:\Ramgo\Business\Trading\India2026\Gitrade1\ctrade1\data\nse_fno_bhavcopy\2019\10\fo17OCT2019bhav.csv.zip,ok,,36387,3314,2019-10-17,2019-10-17,2024-06-27,4600.0,14500.0,402
C:\Ramgo\Business\Trading\India2026\Gitrade1\ctrade1\data\nse_fno_bhavcopy\2019\10\fo18OCT2019bhav.csv.zip,ok,,36361,3290,2019-10-18,2019-10-24,2024-06-27,4600.0,14500.0,358
C:\Ramgo\Business\Trading\India2026\Gitrade1\ctrade1\data\nse_fno_bhavcopy\2019\10\fo22OCT2019bhav.csv.zip,ok,,36547,3312,2019-10-22,2019-10-24,2024-06-27,4600.0,14500.0,358
C:\Ramgo\Business\Trading\India2026\Gitrade1\ctrade1\data\nse_fno_bhavcopy\2019\10\fo23OCT2019bhav.csv.zip,ok,,36759,3312,2019-10-23,2019-10-24,2024-06-27,4600.0,14500.0,369
C:\Ramgo\Business\Trading\India2026\Gitrade1\ctrade1\data\nse_fno_bhavcopy\2019\10\fo24OCT2019bhav.csv.zip,ok,,36879,3312,2019-10-24,2019-10-24,2024-06-27,4600.0,14500.0,387
C:\Ramgo\Business\Trading\India2026\Gitrade1\ctrade1\data\nse_fno_bhavcopy\2019\10\fo25OCT2019bhav.csv.zip,ok,,36835,3274,2019-10-25,2019-10-31,2024-06-27,4600.0,14500.0,316
C:\Ramgo\Business\Trading\India2026\Gitrade1\ctrade1\data\nse_fno_bhavcopy\2019\10\fo29OCT2019bhav.csv.zip,ok,,36953,3276,2019-10-29,2019-10-31,2024-06-27,4600.0,14500.0,371
C:\Ramgo\Business\Trading\India2026\Gitrade1\ctrade1\data\nse_fno_bhavcopy\2019\10\fo30OCT2019bhav.csv.zip,ok,,37243,3334,2019-10-30,2019-10-31,2024-06-27,4600.0,14500.0,397
C:\Ramgo\Business\Trading\India2026\Gitrade1\ctrade1\data\nse_fno_bhavcopy\2019\10\fo31OCT2019bhav.csv.zip,ok,,37383,3354,2019-10-31,2019-10-31,2024-06-27,4600.0,14500.0,445
C:\Ramgo\Business\Trading\India2026\Gitrade1\ctrade1\data\nse_fno_bhavcopy\2019\11\fo01NOV2019bhav.csv.zip,ok,,34254,3326,2019-11-01,2019-11-07,2024-06-27,4600.0,14500.0,334
C:\Ramgo\Business\Trading\India2026\Gitrade1\ctrade1\data\nse_fno_bhavcopy\2019\11\fo04NOV2019bhav.csv.zip,ok,,34304,3326,2019-11-04,2019-11-07,2024-06-27,4600.0,14500.0,360
C:\Ramgo\Business\Trading\India2026\Gitrade1\ctrade1\data\nse_fno_bhavcopy\2019\11\fo05NOV2019bhav.csv.zip,ok,,34354,3346,2019-11-05,2019-11-07,2024-06-27,4600.0,14500.0,366
C:\Ramgo\Business\Trading\India2026\Gitrade1\ctrade1\data\nse_fno_bhavcopy\2019\11\fo06NOV2019bhav.csv.zip,ok,,34378,3346,2019-11-06,2019-11-07,2024-06-27,4600.0,14500.0,376
C:\Ramgo\Business\Trading\India2026\Gitrade1\ctrade1\data\nse_fno_bhavcopy\2019\11\fo07NOV2019bhav.csv.zip,ok,,34472,3350,2019-11-07,2019-11-07,2024-06-27,4600.0,14500.0,410
C:\Ramgo\Business\Trading\India2026\Gitrade1\ctrade1\data\nse_fno_bhavcopy\2019\11\fo08NOV2019bhav.csv.zip,ok,,34410,3316,2019-11-08,2019-11-14,2024-06-27,4600.0,14500.0,346
C:\Ramgo\Business\Trading\India2026\Gitrade1\ctrade1\data\nse_fno_bhavcopy\2019\11\fo11NOV2019bhav.csv.zip,ok,,34490,3320,2019-11-11,2019-11-14,2024-06-27,4600.0,14500.0,341
C:\Ramgo\Business\Trading\India2026\Gitrade1\ctrade1\data\nse_fno_bhavcopy\2019\11\fo13NOV2019bhav.csv.zip,ok,,34620,3320,2019-11-13,2019-11-14,2024-06-27,4600.0,14500.0,354
C:\Ramgo\Business\Trading\India2026\Gitrade1\ctrade1\data\nse_fno_bhavcopy\2019\11\fo14NOV2019bhav.csv.zip,ok,,34672,3324,2019-11-14,2019-11-14,2024-06-27,4600.0,14500.0,375
C:\Ramgo\Business\Trading\India2026\Gitrade1\ctrade1\data\nse_fno_bhavcopy\2019\11\fo15NOV2019bhav.csv.zip,ok,,34844,3272,2019-11-15,2019-11-21,2024-06-27,4600.0,14500.0,319
C:\Ramgo\Business\Trading\India2026\Gitrade1\ctrade1\data\nse_fno_bhavcopy\2019\11\fo18NOV2019bhav.csv.zip,ok,,34942,3274,2019-11-18,2019-11-21,2024-06-27,4600.0,14500.0,310
C:\Ramgo\Business\Trading\India2026\Gitrade1\ctrade1\data\nse_fno_bhavcopy\2019\11\fo19NOV2019bhav.csv.zip,ok,,34966,3274,2019-11-19,2019-11-21,2024-06-27,4600.0,14500.0,315
C:\Ramgo\Business\Trading\India2026\Gitrade1\ctrade1\data\nse_fno_bhavcopy\2019\11\fo20NOV2019bhav.csv.zip,ok,,35072,3276,2019-11-20,2019-11-21,2024-06-27,4600.0,14500.0,333
C:\Ramgo\Business\Trading\India2026\Gitrade1\ctrade1\data\nse_fno_bhavcopy\2019\11\fo21NOV2019bhav.csv.zip,ok,,35144,3278,2019-11-21,2019-11-21,2024-06-27,4600.0,14500.0,354
C:\Ramgo\Business\Trading\India2026\Gitrade1\ctrade1\data\nse_fno_bhavcopy\2019\11\fo22NOV2019bhav.csv.zip,ok,,35014,3226,2019-11-22,2019-11-28,2024-06-27,4600.0,14500.0,311
C:\Ramgo\Business\Trading\India2026\Gitrade1\ctrade1\data\nse_fno_bhavcopy\2019\11\fo25NOV2019bhav.csv.zip,ok,,35048,3228,2019-11-25,2019-11-28,2024-06-27,4600.0,14500.0,352
C:\Ramgo\Business\Trading\India2026\Gitrade1\ctrade1\data\nse_fno_bhavcopy\2019\11\fo26NOV2019bhav.csv.zip,ok,,35176,3254,2019-11-26,2019-11-28,2024-06-27,4600.0,14500.0,381
C:\Ramgo\Business\Trading\India2026\Gitrade1\ctrade1\data\nse_fno_bhavcopy\2019\11\fo27NOV2019bhav.csv.zip,ok,,35232,3254,2019-11-27,2019-11-28,2024-06-27,4600.0,14500.0,371
C:\Ramgo\Business\Trading\India2026\Gitrade1\ctrade1\data\nse_fno_bhavcopy\2019\11\fo28NOV2019bhav.csv.zip,ok,,35364,3272,2019-11-28,2019-11-28,2024-06-27,4600.0,14500.0,424
C:\Ramgo\Business\Trading\India2026\Gitrade1\ctrade1\data\nse_fno_bhavcopy\2019\11\fo29NOV2019bhav.csv.zip,ok,,32460,3256,2019-11-29,2019-12-05,2024-06-27,4600.0,14600.0,331
C:\Ramgo\Business\Trading\India2026\Gitrade1\ctrade1\data\nse_fno_bhavcopy\2019\12\fo02DEC2019bhav.csv.zip,ok,,32516,3260,2019-12-02,2019-12-05,2024-06-27,4600.0,14600.0,320
C:\Ramgo\Business\Trading\India2026\Gitrade1\ctrade1\data\nse_fno_bhavcopy\2019\12\fo03DEC2019bhav.csv.zip,ok,,32556,3260,2019-12-03,2019-12-05,2024-06-27,4600.0,14600.0,329
C:\Ramgo\Business\Trading\India2026\Gitrade1\ctrade1\data\nse_fno_bhavcopy\2019\12\fo04DEC2019bhav.csv.zip,ok,,32596,3262,2019-12-04,2019-12-05,2024-06-27,4600.0,14600.0,358
C:\Ramgo\Business\Trading\India2026\Gitrade1\ctrade1\data\nse_fno_bhavcopy\2019\12\fo05DEC2019bhav.csv.zip,ok,,32626,3262,2019-12-05,2019-12-05,2024-06-27,4600.0,14600.0,369
C:\Ramgo\Business\Trading\India2026\Gitrade1\ctrade1\data\nse_fno_bhavcopy\2019\12\fo06DEC2019bhav.csv.zip,ok,,32546,3222,2019-12-06,2019-12-12,2024-06-27,4600.0,14600.0,315
C:\Ramgo\Business\Trading\India2026\Gitrade1\ctrade1\data\nse_fno_bhavcopy\2019\12\fo09DEC2019bhav.csv.zip,ok,,32596,3230,2019-12-09,2019-12-12,2024-06-27,4600.0,14600.0,319
C:\Ramgo\Business\Trading\India2026\Gitrade1\ctrade1\data\nse_fno_bhavcopy\2019\12\fo10DEC2019bhav.csv.zip,ok,,32628,3230,2019-12-10,2019-12-12,2024-06-27,4600.0,14600.0,346
C:\Ramgo\Business\Trading\India2026\Gitrade1\ctrade1\data\nse_fno_bhavcopy\2019\12\fo11DEC2019bhav.csv.zip,ok,,32696,3236,2019-12-11,2019-12-12,2024-06-27,4600.0,14600.0,341
C:\Ramgo\Business\Trading\India2026\Gitrade1\ctrade1\data\nse_fno_bhavcopy\2019\12\fo12DEC2019bhav.csv.zip,ok,,32724,3236,2019-12-12,2019-12-12,2024-06-27,4600.0,14600.0,390
C:\Ramgo\Business\Trading\India2026\Gitrade1\ctrade1\data\nse_fno_bhavcopy\2019\12\fo13DEC2019bhav.csv.zip,ok,,32652,3200,2019-12-13,2019-12-19,2024-06-27,4600.0,14600.0,330
C:\Ramgo\Business\Trading\India2026\Gitrade1\ctrade1\data\nse_fno_bhavcopy\2019\12\fo16DEC2019bhav.csv.zip,ok,,32720,3210,2019-12-16,2019-12-19,2024-06-27,4600.0,14600.0,317
C:\Ramgo\Business\Trading\India2026\Gitrade1\ctrade1\data\nse_fno_bhavcopy\2019\12\fo17DEC2019bhav.csv.zip,ok,,32754,3210,2019-12-17,2019-12-19,2024-06-27,4600.0,14600.0,348
C:\Ramgo\Business\Trading\India2026\Gitrade1\ctrade1\data\nse_fno_bhavcopy\2019\12\fo18DEC2019bhav.csv.zip,ok,,32872,3214,2019-12-18,2019-12-19,2024-06-27,4600.0,14600.0,367
C:\Ramgo\Business\Trading\India2026\Gitrade1\ctrade1\data\nse_fno_bhavcopy\2019\12\fo19DEC2019bhav.csv.zip,ok,,32974,3232,2019-12-19,2019-12-19,2024-06-27,4600.0,14600.0,395
C:\Ramgo\Business\Trading\India2026\Gitrade1\ctrade1\data\nse_fno_bhavcopy\2019\12\fo20DEC2019bhav.csv.zip,ok,,32982,3248,2019-12-20,2019-12-26,2024-06-27,4600.0,14700.0,338
C:\Ramgo\Business\Trading\India2026\Gitrade1\ctrade1\data\nse_fno_bhavcopy\2019\12\fo23DEC2019bhav.csv.zip,ok,,33058,3248,2019-12-23,2019-12-26,2024-06-27,4600.0,14700.0,363
C:\Ramgo\Business\Trading\India2026\Gitrade1\ctrade1\data\nse_fno_bhavcopy\2019\12\fo24DEC2019bhav.csv.zip,ok,,33084,3248,2019-12-24,2019-12-26,2024-06-27,4600.0,14700.0,373
C:\Ramgo\Business\Trading\India2026\Gitrade1\ctrade1\data\nse_fno_bhavcopy\2019\12\fo26DEC2019bhav.csv.zip,ok,,33086,3250,2019-12-26,2019-12-26,2024-06-27,4600.0,14700.0,459
C:\Ramgo\Business\Trading\India2026\Gitrade1\ctrade1\data\nse_fno_bhavcopy\2019\12\fo27DEC2019bhav.csv.zip,ok,,31443,3128,2019-12-27,2020-01-02,2024-12-26,4600.0,14700.0,308
C:\Ramgo\Business\Trading\India2026\Gitrade1\ctrade1\data\nse_fno_bhavcopy\2019\12\fo30DEC2019bhav.csv.zip,ok,,31561,3132,2019-12-30,2020-01-02,2024-12-26,4600.0,14700.0,333
C:\Ramgo\Business\Trading\India2026\Gitrade1\ctrade1\data\nse_fno_bhavcopy\2019\12\fo31DEC2019bhav.csv.zip,ok,,31749,3134,2019-12-31,2020-01-02,2024-12-26,4600.0,14700.0,323
C:\Ramgo\Business\Trading\India2026\Gitrade1\ctrade1\data\nse_fno_bhavcopy\2020\01\fo01JAN2020bhav.csv.zip,ok,,31809,3134,2020-01-01,2020-01-02,2024-12-26,4600.0,14700.0,322
C:\Ramgo\Business\Trading\India2026\Gitrade1\ctrade1\data\nse_fno_bhavcopy\2020\01\fo02JAN2020bhav.csv.zip,ok,,31835,3134,2020-01-02,2020-01-02,2024-12-26,4600.0,14700.0,364
C:\Ramgo\Business\Trading\India2026\Gitrade1\ctrade1\data\nse_fno_bhavcopy\2020\01\fo03JAN2020bhav.csv.zip,ok,,31885,3124,2020-01-03,2020-01-09,2024-12-26,4600.0,14700.0,311
C:\Ramgo\Business\Trading\India2026\Gitrade1\ctrade1\data\nse_fno_bhavcopy\2020\01\fo06JAN2020bhav.csv.zip,ok,,31939,3126,2020-01-06,2020-01-09,2024-12-26,4600.0,14700.0,360
C:\Ramgo\Business\Trading\India2026\Gitrade1\ctrade1\data\nse_fno_bhavcopy\2020\01\fo07JAN2020bhav.csv.zip,ok,,32071,3146,2020-01-07,2020-01-09,2024-12-26,4600.0,14700.0,367
C:\Ramgo\Business\Trading\India2026\Gitrade1\ctrade1\data\nse_fno_bhavcopy\2020\01\fo08JAN2020bhav.csv.zip,ok,,32119,3146,2020-01-08,2020-01-09,2024-12-26,4600.0,14700.0,379
C:\Ramgo\Business\Trading\India2026\Gitrade1\ctrade1\data\nse_fno_bhavcopy\2020\01\fo09JAN2020bhav.csv.zip,ok,,32185,3146,2020-01-09,2020-01-09,2024-12-26,4600.0,14700.0,388
C:\Ramgo\Business\Trading\India2026\Gitrade1\ctrade1\data\nse_fno_bhavcopy\2020\01\fo10JAN2020bhav.csv.zip,ok,,32199,3128,2020-01-10,2020-01-16,2024-12-26,4600.0,14700.0,339
C:\Ramgo\Business\Trading\India2026\Gitrade1\ctrade1\data\nse_fno_bhavcopy\2020\01\fo13JAN2020bhav.csv.zip,ok,,32261,3130,2020-01-13,2020-01-16,2024-12-26,4600.0,14700.0,336
C:\Ramgo\Business\Trading\India2026\Gitrade1\ctrade1\data\nse_fno_bhavcopy\2020\01\fo14JAN2020bhav.csv.zip,ok,,32463,3152,2020-01-14,2020-01-16,2024-12-26,4600.0,14700.0,358
C:\Ramgo\Business\Trading\India2026\Gitrade1\ctrade1\data\nse_fno_bhavcopy\2020\01\fo15JAN2020bhav.csv.zip,ok,,32677,3174,2020-01-15,2020-01-16,2024-12-26,4600.0,14800.0,364
C:\Ramgo\Business\Trading\India2026\Gitrade1\ctrade1\data\nse_fno_bhavcopy\2020\01\fo16JAN2020bhav.csv.zip,ok,,32811,3174,2020-01-16,2020-01-16,2024-12-26,4600.0,14800.0,379
C:\Ramgo\Business\Trading\India2026\Gitrade1\ctrade1\data\nse_fno_bhavcopy\2020\01\fo17JAN2020bhav.csv.zip,ok,,32845,3154,2020-01-17,2020-01-23,2024-12-26,4600.0,14800.0,327
C:\Ramgo\Business\Trading\India2026\Gitrade1\ctrade1\data\nse_fno_bhavcopy\2020\01\fo20JAN2020bhav.csv.zip,ok,,33013,3154,2020-01-20,2020-01-23,2024-12-26,4600.0,14800.0,350
C:\Ramgo\Business\Trading\India2026\Gitrade1\ctrade1\data\nse_fno_bhavcopy\2020\01\fo21JAN2020bhav.csv.zip,ok,,33125,3160,2020-01-21,2020-01-23,2024-12-26,4600.0,14800.0,357
C:\Ramgo\Business\Trading\India2026\Gitrade1\ctrade1\data\nse_fno_bhavcopy\2020\01\fo22JAN2020bhav.csv.zip,ok,,33201,3164,2020-01-22,2020-01-23,2024-12-26,4600.0,14800.0,352
C:\Ramgo\Business\Trading\India2026\Gitrade1\ctrade1\data\nse_fno_bhavcopy\2020\01\fo23JAN2020bhav.csv.zip,ok,,33331,3168,2020-01-23,2020-01-23,2024-12-26,4600.0,14800.0,371
C:\Ramgo\Business\Trading\India2026\Gitrade1\ctrade1\data\nse_fno_bhavcopy\2020\01\fo24JAN2020bhav.csv.zip,ok,,33407,3148,2020-01-24,2020-01-30,2024-12-26,4600.0,14800.0,314
C:\Ramgo\Business\Trading\India2026\Gitrade1\ctrade1\data\nse_fno_bhavcopy\2020\01\fo27JAN2020bhav.csv.zip,ok,,33527,3150,2020-01-27,2020-01-30,2024-12-26,4600.0,14800.0,326
C:\Ramgo\Business\Trading\India2026\Gitrade1\ctrade1\data\nse_fno_bhavcopy\2020\01\fo28JAN2020bhav.csv.zip,ok,,33621,3154,2020-01-28,2020-01-30,2024-12-26,4600.0,14800.0,341
C:\Ramgo\Business\Trading\India2026\Gitrade1\ctrade1\data\nse_fno_bhavcopy\2020\01\fo29JAN2020bhav.csv.zip,ok,,33669,3160,2020-01-29,2020-01-30,2024-12-26,4600.0,14800.0,355
C:\Ramgo\Business\Trading\India2026\Gitrade1\ctrade1\data\nse_fno_bhavcopy\2020\01\fo30JAN2020bhav.csv.zip,ok,,33703,3160,2020-01-30,2020-01-30,2024-12-26,4600.0,14800.0,383
C:\Ramgo\Business\Trading\India2026\Gitrade1\ctrade1\data\nse_fno_bhavcopy\2020\01\fo31JAN2020bhav.csv.zip,ok,,31461,3140,2020-01-31,2020-02-06,2024-12-26,4600.0,14800.0,321
C:\Ramgo\Business\Trading\India2026\Gitrade1\ctrade1\data\nse_fno_bhavcopy\2020\02\fo03FEB2020bhav.csv.zip,ok,,32049,3274,2020-02-03,2020-02-06,2024-12-26,4600.0,14800.0,385
C:\Ramgo\Business\Trading\India2026\Gitrade1\ctrade1\data\nse_fno_bhavcopy\2020\02\fo04FEB2020bhav.csv.zip,ok,,32199,3274,2020-02-04,2020-02-06,2024-12-26,4600.0,14800.0,392
C:\Ramgo\Business\Trading\India2026\Gitrade1\ctrade1\data\nse_fno_bhavcopy\2020\02\fo05FEB2020bhav.csv.zip,ok,,32279,3274,2020-02-05,2020-02-06,2024-12-26,4600.0,14800.0,384
C:\Ramgo\Business\Trading\India2026\Gitrade1\ctrade1\data\nse_fno_bhavcopy\2020\02\fo06FEB2020bhav.csv.zip,ok,,32389,3276,2020-02-06,2020-02-06,2024-12-26,4600.0,14800.0,405
C:\Ramgo\Business\Trading\India2026\Gitrade1\ctrade1\data\nse_fno_bhavcopy\2020\02\fo07FEB2020bhav.csv.zip,ok,,32355,3250,2020-02-07,2020-02-13,2024-12-26,4600.0,14800.0,330
C:\Ramgo\Business\Trading\India2026\Gitrade1\ctrade1\data\nse_fno_bhavcopy\2020\02\fo10FEB2020bhav.csv.zip,ok,,32445,3252,2020-02-10,2020-02-13,2024-12-26,4600.0,14800.0,323
C:\Ramgo\Business\Trading\India2026\Gitrade1\ctrade1\data\nse_fno_bhavcopy\2020\02\fo11FEB2020bhav.csv.zip,ok,,32509,3254,2020-02-11,2020-02-13,2024-12-26,4600.0,14800.0,347
C:\Ramgo\Business\Trading\India2026\Gitrade1\ctrade1\data\nse_fno_bhavcopy\2020\02\fo12FEB2020bhav.csv.zip,ok,,32689,3254,2020-02-12,2020-02-13,2024-12-26,4600.0,14800.0,361
C:\Ramgo\Business\Trading\India2026\Gitrade1\ctrade1\data\nse_fno_bhavcopy\2020\02\fo13FEB2020bhav.csv.zip,ok,,32777,3258,2020-02-13,2020-02-13,2024-12-26,4600.0,14800.0,366
C:\Ramgo\Business\Trading\India2026\Gitrade1\ctrade1\data\nse_fno_bhavcopy\2020\02\fo14FEB2020bhav.csv.zip,ok,,32787,3230,2020-02-14,2020-02-20,2024-12-26,4600.0,14800.0,315
C:\Ramgo\Business\Trading\India2026\Gitrade1\ctrade1\data\nse_fno_bhavcopy\2020\02\fo17FEB2020bhav.csv.zip,ok,,32913,3232,2020-02-17,2020-02-20,2024-12-26,4600.0,14800.0,331
C:\Ramgo\Business\Trading\India2026\Gitrade1\ctrade1\data\nse_fno_bhavcopy\2020\02\fo18FEB2020bhav.csv.zip,ok,,33245,3234,2020-02-18,2020-02-20,2024-12-26,4600.0,14800.0,353
C:\Ramgo\Business\Trading\India2026\Gitrade1\ctrade1\data\nse_fno_bhavcopy\2020\02\fo19FEB2020bhav.csv.zip,ok,,33347,3238,2020-02-19,2020-02-20,2024-12-26,4600.0,14800.0,356
C:\Ramgo\Business\Trading\India2026\Gitrade1\ctrade1\data\nse_fno_bhavcopy\2020\02\fo20FEB2020bhav.csv.zip,ok,,33475,3238,2020-02-20,2020-02-20,2024-12-26,4600.0,14800.0,366
C:\Ramgo\Business\Trading\India2026\Gitrade1\ctrade1\data\nse_fno_bhavcopy\2020\02\fo24FEB2020bhav.csv.zip,ok,,33577,3210,2020-02-24,2020-02-27,2024-12-26,4600.0,14800.0,354
C:\Ramgo\Business\Trading\India2026\Gitrade1\ctrade1\data\nse_fno_bhavcopy\2020\02\fo25FEB2020bhav.csv.zip,ok,,33761,3232,2020-02-25,2020-02-27,2024-12-26,4600.0,14800.0,372
C:\Ramgo\Business\Trading\India2026\Gitrade1\ctrade1\data\nse_fno_bhavcopy\2020\02\fo26FEB2020bhav.csv.zip,ok,,33833,3238,2020-02-26,2020-02-27,2024-12-26,4600.0,14800.0,410
C:\Ramgo\Business\Trading\India2026\Gitrade1\ctrade1\data\nse_fno_bhavcopy\2020\02\fo27FEB2020bhav.csv.zip,ok,,34057,3250,2020-02-27,2020-02-27,2024-12-26,4600.0,14800.0,443
C:\Ramgo\Business\Trading\India2026\Gitrade1\ctrade1\data\nse_fno_bhavcopy\2020\02\fo28FEB2020bhav.csv.zip,ok,,31939,3230,2020-02-28,2020-03-05,2024-12-26,4600.0,14800.0,369
C:\Ramgo\Business\Trading\India2026\Gitrade1\ctrade1\data\nse_fno_bhavcopy\2020\03\fo02MAR2020bhav.csv.zip,ok,,33107,3408,2020-03-02,2020-03-05,2024-12-26,4600.0,14800.0,424
C:\Ramgo\Business\Trading\India2026\Gitrade1\ctrade1\data\nse_fno_bhavcopy\2020\03\fo03MAR2020bhav.csv.zip,ok,,33463,3430,2020-03-03,2020-03-05,2024-12-26,4600.0,14800.0,427
C:\Ramgo\Business\Trading\India2026\Gitrade1\ctrade1\data\nse_fno_bhavcopy\2020\03\fo04MAR2020bhav.csv.zip,ok,,33349,3430,2020-03-04,2020-03-05,2024-12-26,4600.0,14800.0,461
C:\Ramgo\Business\Trading\India2026\Gitrade1\ctrade1\data\nse_fno_bhavcopy\2020\03\fo05MAR2020bhav.csv.zip,ok,,33505,3430,2020-03-05,2020-03-05,2024-12-26,4600.0,14800.0,467
C:\Ramgo\Business\Trading\India2026\Gitrade1\ctrade1\data\nse_fno_bhavcopy\2020\03\fo06MAR2020bhav.csv.zip,ok,,33399,3382,2020-03-06,2020-03-12,2024-12-26,4600.0,14800.0,408
C:\Ramgo\Business\Trading\India2026\Gitrade1\ctrade1\data\nse_fno_bhavcopy\2020\03\fo09MAR2020bhav.csv.zip,ok,,33951,3446,2020-03-09,2020-03-12,2024-12-26,4600.0,14800.0,495
C:\Ramgo\Business\Trading\India2026\Gitrade1\ctrade1\data\nse_fno_bhavcopy\2020\03\fo11MAR2020bhav.csv.zip,ok,,35441,3682,2020-03-11,2020-03-12,2024-12-26,4600.0,14800.0,546
C:\Ramgo\Business\Trading\India2026\Gitrade1\ctrade1\data\nse_fno_bhavcopy\2020\03\fo12MAR2020bhav.csv.zip,ok,,35793,3682,2020-03-12,2020-03-12,2024-12-26,4600.0,14800.0,603
C:\Ramgo\Business\Trading\India2026\Gitrade1\ctrade1\data\nse_fno_bhavcopy\2020\03\fo13MAR2020bhav.csv.zip,ok,,39035,3986,2020-03-13,2020-03-19,2024-12-26,4600.0,14800.0,547
C:\Ramgo\Business\Trading\India2026\Gitrade1\ctrade1\data\nse_fno_bhavcopy\2020\03\fo16MAR2020bhav.csv.zip,ok,,39191,4000,2020-03-16,2020-03-19,2024-12-26,4600.0,14800.0,550
C:\Ramgo\Business\Trading\India2026\Gitrade1\ctrade1\data\nse_fno_bhavcopy\2020\03\fo17MAR2020bhav.csv.zip,ok,,40919,4214,2020-03-17,2020-03-19,2024-12-26,4600.0,14800.0,657
C:\Ramgo\Business\Trading\India2026\Gitrade1\ctrade1\data\nse_fno_bhavcopy\2020\03\fo18MAR2020bhav.csv.zip,ok,,41943,4342,2020-03-18,2020-03-19,2024-12-26,4600.0,14800.0,678
C:\Ramgo\Business\Trading\India2026\Gitrade1\ctrade1\data\nse_fno_bhavcopy\2020\03\fo19MAR2020bhav.csv.zip,ok,,43935,4612,2020-03-19,2020-03-19,2024-12-26,4600.0,14800.0,716
C:\Ramgo\Business\Trading\India2026\Gitrade1\ctrade1\data\nse_fno_bhavcopy\2020\03\fo20MAR2020bhav.csv.zip,ok,,44907,4556,2020-03-20,2020-03-26,2024-12-26,4600.0,14800.0,582
C:\Ramgo\Business\Trading\India2026\Gitrade1\ctrade1\data\nse_fno_bhavcopy\2020\03\fo23MAR2020bhav.csv.zip,ok,,45031,4576,2020-03-23,2020-03-26,2024-12-26,4600.0,14800.0,571
C:\Ramgo\Business\Trading\India2026\Gitrade1\ctrade1\data\nse_fno_bhavcopy\2020\03\fo24MAR2020bhav.csv.zip,ok,,48279,4950,2020-03-24,2020-03-26,2024-12-26,4600.0,14800.0,600
C:\Ramgo\Business\Trading\India2026\Gitrade1\ctrade1\data\nse_fno_bhavcopy\2020\03\fo25MAR2020bhav.csv.zip,ok,,48465,4950,2020-03-25,2020-03-26,2024-12-26,4600.0,14800.0,596
C:\Ramgo\Business\Trading\India2026\Gitrade1\ctrade1\data\nse_fno_bhavcopy\2020\03\fo26MAR2020bhav.csv.zip,ok,,48549,4950,2020-03-26,2020-03-26,2024-12-26,4600.0,14800.0,635
C:\Ramgo\Business\Trading\India2026\Gitrade1\ctrade1\data\nse_fno_bhavcopy\2020\03\fo27MAR2020bhav.csv.zip,ok,,43887,4780,2020-03-27,2020-04-01,2024-12-26,4600.0,14800.0,480
C:\Ramgo\Business\Trading\India2026\Gitrade1\ctrade1\data\nse_fno_bhavcopy\2020\03\fo30MAR2020bhav.csv.zip,ok,,43969,4782,2020-03-30,2020-04-01,2024-12-26,4600.0,14800.0,520
C:\Ramgo\Business\Trading\India2026\Gitrade1\ctrade1\data\nse_fno_bhavcopy\2020\03\fo31MAR2020bhav.csv.zip,ok,,44159,4794,2020-03-31,2020-04-01,2024-12-26,4600.0,14800.0,515
C:\Ramgo\Business\Trading\India2026\Gitrade1\ctrade1\data\nse_fno_bhavcopy\2020\04\fo01APR2020bhav.csv.zip,ok,,44227,4794,2020-04-01,2020-04-01,2024-12-26,4600.0,14800.0,578
C:\Ramgo\Business\Trading\India2026\Gitrade1\ctrade1\data\nse_fno_bhavcopy\2020\04\fo03APR2020bhav.csv.zip,ok,,43761,4610,2020-04-03,2020-04-09,2024-12-26,4600.0,14800.0,507
C:\Ramgo\Business\Trading\India2026\Gitrade1\ctrade1\data\nse_fno_bhavcopy\2020\04\fo07APR2020bhav.csv.zip,ok,,43997,4622,2020-04-07,2020-04-09,2024-12-26,4600.0,14800.0,585
C:\Ramgo\Business\Trading\India2026\Gitrade1\ctrade1\data\nse_fno_bhavcopy\2020\04\fo08APR2020bhav.csv.zip,ok,,44261,4650,2020-04-08,2020-04-09,2024-12-26,4600.0,14800.0,588
C:\Ramgo\Business\Trading\India2026\Gitrade1\ctrade1\data\nse_fno_bhavcopy\2020\04\fo09APR2020bhav.csv.zip,ok,,44395,4650,2020-04-09,2020-04-09,2024-12-26,4600.0,14800.0,568
C:\Ramgo\Business\Trading\India2026\Gitrade1\ctrade1\data\nse_fno_bhavcopy\2020\04\fo13APR2020bhav.csv.zip,ok,,43957,4502,2020-04-13,2020-04-16,2024-12-26,4600.0,14800.0,483
C:\Ramgo\Business\Trading\India2026\Gitrade1\ctrade1\data\nse_fno_bhavcopy\2020\04\fo15APR2020bhav.csv.zip,ok,,44051,4506,2020-04-15,2020-04-16,2024-12-26,4600.0,14800.0,546
C:\Ramgo\Business\Trading\India2026\Gitrade1\ctrade1\data\nse_fno_bhavcopy\2020\04\fo16APR2020bhav.csv.zip,ok,,44105,4508,2020-04-16,2020-04-16,2024-12-26,4600.0,14800.0,553
C:\Ramgo\Business\Trading\India2026\Gitrade1\ctrade1\data\nse_fno_bhavcopy\2020\04\fo17APR2020bhav.csv.zip,ok,,43589,4326,2020-04-17,2020-04-23,2024-12-26,4600.0,14800.0,464
C:\Ramgo\Business\Trading\India2026\Gitrade1\ctrade1\data\nse_fno_bhavcopy\2020\04\fo20APR2020bhav.csv.zip,ok,,43789,4362,2020-04-20,2020-04-23,2024-12-26,4600.0,14800.0,485
C:\Ramgo\Business\Trading\India2026\Gitrade1\ctrade1\data\nse_fno_bhavcopy\2020\04\fo21APR2020bhav.csv.zip,ok,,43819,4362,2020-04-21,2020-04-23,2024-12-26,4600.0,14800.0,506
C:\Ramgo\Business\Trading\India2026\Gitrade1\ctrade1\data\nse_fno_bhavcopy\2020\04\fo22APR2020bhav.csv.zip,ok,,43849,4362,2020-04-22,2020-04-23,2024-12-26,4600.0,14800.0,549
C:\Ramgo\Business\Trading\India2026\Gitrade1\ctrade1\data\nse_fno_bhavcopy\2020\04\fo23APR2020bhav.csv.zip,ok,,43889,4362,2020-04-23,2020-04-23,2024-12-26,4600.0,14800.0,525
C:\Ramgo\Business\Trading\India2026\Gitrade1\ctrade1\data\nse_fno_bhavcopy\2020\04\fo24APR2020bhav.csv.zip,ok,,43353,4190,2020-04-24,2020-04-30,2024-12-26,4600.0,14800.0,429
C:\Ramgo\Business\Trading\India2026\Gitrade1\ctrade1\data\nse_fno_bhavcopy\2020\04\fo27APR2020bhav.csv.zip,ok,,43435,4196,2020-04-27,2020-04-30,2024-12-26,4600.0,14800.0,455
C:\Ramgo\Business\Trading\India2026\Gitrade1\ctrade1\data\nse_fno_bhavcopy\2020\04\fo28APR2020bhav.csv.zip,ok,,43487,4196,2020-04-28,2020-04-30,2024-12-26,4600.0,14800.0,498
C:\Ramgo\Business\Trading\India2026\Gitrade1\ctrade1\data\nse_fno_bhavcopy\2020\04\fo29APR2020bhav.csv.zip,ok,,43531,4220,2020-04-29,2020-04-30,2024-12-26,4600.0,14800.0,526
C:\Ramgo\Business\Trading\India2026\Gitrade1\ctrade1\data\nse_fno_bhavcopy\2020\04\fo30APR2020bhav.csv.zip,ok,,43653,4258,2020-04-30,2020-04-30,2024-12-26,4600.0,14800.0,587
C:\Ramgo\Business\Trading\India2026\Gitrade1\ctrade1\data\nse_fno_bhavcopy\2020\05\fo04MAY2020bhav.csv.zip,ok,,36975,4146,2020-05-04,2020-05-07,2024-12-26,4600.0,14800.0,437
C:\Ramgo\Business\Trading\India2026\Gitrade1\ctrade1\data\nse_fno_bhavcopy\2020\05\fo05MAY2020bhav.csv.zip,ok,,37051,4168,2020-05-05,2020-05-07,2024-12-26,4600.0,14800.0,464
C:\Ramgo\Business\Trading\India2026\Gitrade1\ctrade1\data\nse_fno_bhavcopy\2020\05\fo06MAY2020bhav.csv.zip,ok,,37105,4172,2020-05-06,2020-05-07,2024-12-26,4600.0,14800.0,479
C:\Ramgo\Business\Trading\India2026\Gitrade1\ctrade1\data\nse_fno_bhavcopy\2020\05\fo07MAY2020bhav.csv.zip,ok,,37133,4172,2020-05-07,2020-05-07,2024-12-26,4600.0,14800.0,507
C:\Ramgo\Business\Trading\India2026\Gitrade1\ctrade1\data\nse_fno_bhavcopy\2020\05\fo08MAY2020bhav.csv.zip,ok,,36641,4026,2020-05-08,2020-05-14,2024-12-26,4600.0,14800.0,415
C:\Ramgo\Business\Trading\India2026\Gitrade1\ctrade1\data\nse_fno_bhavcopy\2020\05\fo11MAY2020bhav.csv.zip,ok,,36667,4028,2020-05-11,2020-05-14,2024-12-26,4600.0,14800.0,438
C:\Ramgo\Business\Trading\India2026\Gitrade1\ctrade1\data\nse_fno_bhavcopy\2020\05\fo12MAY2020bhav.csv.zip,ok,,36725,4028,2020-05-12,2020-05-14,2024-12-26,4600.0,14800.0,463
C:\Ramgo\Business\Trading\India2026\Gitrade1\ctrade1\data\nse_fno_bhavcopy\2020\05\fo13MAY2020bhav.csv.zip,ok,,36763,4028,2020-05-13,2020-05-14,2024-12-26,4600.0,14800.0,485
C:\Ramgo\Business\Trading\India2026\Gitrade1\ctrade1\data\nse_fno_bhavcopy\2020\05\fo14MAY2020bhav.csv.zip,ok,,36925,4034,2020-05-14,2020-05-14,2024-12-26,4600.0,14800.0,496
C:\Ramgo\Business\Trading\India2026\Gitrade1\ctrade1\data\nse_fno_bhavcopy\2020\05\fo15MAY2020bhav.csv.zip,ok,,36611,3944,2020-05-15,2020-05-21,2024-12-26,4600.0,14800.0,431
C:\Ramgo\Business\Trading\India2026\Gitrade1\ctrade1\data\nse_fno_bhavcopy\2020\05\fo18MAY2020bhav.csv.zip,ok,,36637,3944,2020-05-18,2020-05-21,2024-12-26,4600.0,14800.0,467
C:\Ramgo\Business\Trading\India2026\Gitrade1\ctrade1\data\nse_fno_bhavcopy\2020\05\fo19MAY2020bhav.csv.zip,ok,,36899,4014,2020-05-19,2020-05-21,2024-12-26,4600.0,14800.0,468
C:\Ramgo\Business\Trading\India2026\Gitrade1\ctrade1\data\nse_fno_bhavcopy\2020\05\fo20MAY2020bhav.csv.zip,ok,,36983,4014,2020-05-20,2020-05-21,2024-12-26,4600.0,14800.0,484
C:\Ramgo\Business\Trading\India2026\Gitrade1\ctrade1\data\nse_fno_bhavcopy\2020\05\fo21MAY2020bhav.csv.zip,ok,,36993,4014,2020-05-21,2020-05-21,2024-12-26,4600.0,14800.0,480
C:\Ramgo\Business\Trading\India2026\Gitrade1\ctrade1\data\nse_fno_bhavcopy\2020\05\fo22MAY2020bhav.csv.zip,ok,,36753,3924,2020-05-22,2020-05-28,2024-12-26,4600.0,14800.0,383
C:\Ramgo\Business\Trading\India2026\Gitrade1\ctrade1\data\nse_fno_bhavcopy\2020\05\fo26MAY2020bhav.csv.zip,ok,,36837,3926,2020-05-26,2020-05-28,2024-12-26,4600.0,14800.0,447
C:\Ramgo\Business\Trading\India2026\Gitrade1\ctrade1\data\nse_fno_bhavcopy\2020\05\fo27MAY2020bhav.csv.zip,ok,,36889,3926,2020-05-27,2020-05-28,2024-12-26,4600.0,14800.0,491
C:\Ramgo\Business\Trading\India2026\Gitrade1\ctrade1\data\nse_fno_bhavcopy\2020\05\fo28MAY2020bhav.csv.zip,ok,,36957,3940,2020-05-28,2020-05-28,2024-12-26,4600.0,14800.0,519
C:\Ramgo\Business\Trading\India2026\Gitrade1\ctrade1\data\nse_fno_bhavcopy\2020\05\fo29MAY2020bhav.csv.zip,ok,,35961,3798,2020-05-29,2020-06-04,2024-12-26,4600.0,14800.0,411
C:\Ramgo\Business\Trading\India2026\Gitrade1\ctrade1\data\nse_fno_bhavcopy\2020\06\fo01JUN2020bhav.csv.zip,ok,,36379,3814,2020-06-01,2020-06-04,2024-12-26,4600.0,14800.0,493
C:\Ramgo\Business\Trading\India2026\Gitrade1\ctrade1\data\nse_fno_bhavcopy\2020\06\fo02JUN2020bhav.csv.zip,ok,,36939,3854,2020-06-02,2020-06-04,2024-12-26,4600.0,14800.0,493
C:\Ramgo\Business\Trading\India2026\Gitrade1\ctrade1\data\nse_fno_bhavcopy\2020\06\fo03JUN2020bhav.csv.zip,ok,,37385,3912,2020-06-03,2020-06-04,2024-12-26,4600.0,14800.0,542
C:\Ramgo\Business\Trading\India2026\Gitrade1\ctrade1\data\nse_fno_bhavcopy\2020\06\fo04JUN2020bhav.csv.zip,ok,,37627,3934,2020-06-04,2020-06-04,2024-12-26,4600.0,14800.0,544
C:\Ramgo\Business\Trading\India2026\Gitrade1\ctrade1\data\nse_fno_bhavcopy\2020\06\fo05JUN2020bhav.csv.zip,ok,,37573,3856,2020-06-05,2020-06-11,2024-12-26,4600.0,14800.0,453
C:\Ramgo\Business\Trading\India2026\Gitrade1\ctrade1\data\nse_fno_bhavcopy\2020\06\fo08JUN2020bhav.csv.zip,ok,,37945,3894,2020-06-08,2020-06-11,2024-12-26,4600.0,14800.0,479
C:\Ramgo\Business\Trading\India2026\Gitrade1\ctrade1\data\nse_fno_bhavcopy\2020\06\fo09JUN2020bhav.csv.zip,ok,,38193,3896,2020-06-09,2020-06-11,2024-12-26,4600.0,14800.0,496
C:\Ramgo\Business\Trading\India2026\Gitrade1\ctrade1\data\nse_fno_bhavcopy\2020\06\fo10JUN2020bhav.csv.zip,ok,,38267,3896,2020-06-10,2020-06-11,2024-12-26,4600.0,14800.0,485
C:\Ramgo\Business\Trading\India2026\Gitrade1\ctrade1\data\nse_fno_bhavcopy\2020\06\fo11JUN2020bhav.csv.zip,ok,,38373,3896,2020-06-11,2020-06-11,2024-12-26,4600.0,14800.0,518
C:\Ramgo\Business\Trading\India2026\Gitrade1\ctrade1\data\nse_fno_bhavcopy\2020\06\fo12JUN2020bhav.csv.zip,ok,,38263,3848,2020-06-12,2020-06-18,2024-12-26,4600.0,14800.0,460
C:\Ramgo\Business\Trading\India2026\Gitrade1\ctrade1\data\nse_fno_bhavcopy\2020\06\fo15JUN2020bhav.csv.zip,ok,,38323,3850,2020-06-15,2020-06-18,2024-12-26,4600.0,14800.0,468
C:\Ramgo\Business\Trading\India2026\Gitrade1\ctrade1\data\nse_fno_bhavcopy\2020\06\fo16JUN2020bhav.csv.zip,ok,,38391,3858,2020-06-16,2020-06-18,2024-12-26,4600.0,14800.0,486
C:\Ramgo\Business\Trading\India2026\Gitrade1\ctrade1\data\nse_fno_bhavcopy\2020\06\fo17JUN2020bhav.csv.zip,ok,,38411,3858,2020-06-17,2020-06-18,2024-12-26,4600.0,14800.0,481
C:\Ramgo\Business\Trading\India2026\Gitrade1\ctrade1\data\nse_fno_bhavcopy\2020\06\fo18JUN2020bhav.csv.zip,ok,,38443,3858,2020-06-18,2020-06-18,2024-12-26,4600.0,14800.0,525
C:\Ramgo\Business\Trading\India2026\Gitrade1\ctrade1\data\nse_fno_bhavcopy\2020\06\fo19JUN2020bhav.csv.zip,ok,,38443,3810,2020-06-19,2020-06-25,2024-12-26,4600.0,14800.0,461
C:\Ramgo\Business\Trading\India2026\Gitrade1\ctrade1\data\nse_fno_bhavcopy\2020\06\fo22JUN2020bhav.csv.zip,ok,,40277,3852,2020-06-22,2020-06-25,2024-12-26,4600.0,14800.0,492
C:\Ramgo\Business\Trading\India2026\Gitrade1\ctrade1\data\nse_fno_bhavcopy\2020\06\fo23JUN2020bhav.csv.zip,ok,,40497,3872,2020-06-23,2020-06-25,2024-12-26,4600.0,14800.0,520
C:\Ramgo\Business\Trading\India2026\Gitrade1\ctrade1\data\nse_fno_bhavcopy\2020\06\fo24JUN2020bhav.csv.zip,ok,,40843,3934,2020-06-24,2020-06-25,2024-12-26,4600.0,14800.0,549
C:\Ramgo\Business\Trading\India2026\Gitrade1\ctrade1\data\nse_fno_bhavcopy\2020\06\fo25JUN2020bhav.csv.zip,ok,,40869,3934,2020-06-25,2020-06-25,2024-12-26,4600.0,14800.0,573
C:\Ramgo\Business\Trading\India2026\Gitrade1\ctrade1\data\nse_fno_bhavcopy\2020\06\fo26JUN2020bhav.csv.zip,ok,,35221,2221,2020-06-26,2020-07-02,2025-06-26,4600.0,14800.0,463
C:\Ramgo\Business\Trading\India2026\Gitrade1\ctrade1\data\nse_fno_bhavcopy\2020\06\fo29JUN2020bhav.csv.zip,ok,,35379,2223,2020-06-29,2020-07-02,2025-06-26,4600.0,14800.0,486
C:\Ramgo\Business\Trading\India2026\Gitrade1\ctrade1\data\nse_fno_bhavcopy\2020\06\fo30JUN2020bhav.csv.zip,ok,,35415,2223,2020-06-30,2020-07-02,2025-06-26,4600.0,14800.0,458
C:\Ramgo\Business\Trading\India2026\Gitrade1\ctrade1\data\nse_fno_bhavcopy\2020\07\fo01JUL2020bhav.csv.zip,ok,,35487,2223,2020-07-01,2020-07-02,2025-06-26,4600.0,14800.0,479
C:\Ramgo\Business\Trading\India2026\Gitrade1\ctrade1\data\nse_fno_bhavcopy\2020\07\fo02JUL2020bhav.csv.zip,ok,,35511,2225,2020-07-02,2020-07-02,2025-06-26,4600.0,14800.0,512
C:\Ramgo\Business\Trading\India2026\Gitrade1\ctrade1\data\nse_fno_bhavcopy\2020\07\fo03JUL2020bhav.csv.zip,ok,,35509,2193,2020-07-03,2020-07-09,2025-06-26,4600.0,14800.0,451
C:\Ramgo\Business\Trading\India2026\Gitrade1\ctrade1\data\nse_fno_bhavcopy\2020\07\fo06JUL2020bhav.csv.zip,ok,,35713,2211,2020-07-06,2020-07-09,2025-06-26,4600.0,14800.0,488
C:\Ramgo\Business\Trading\India2026\Gitrade1\ctrade1\data\nse_fno_bhavcopy\2020\07\fo07JUL2020bhav.csv.zip,ok,,36217,2285,2020-07-07,2020-07-09,2025-06-26,4600.0,14800.0,496
C:\Ramgo\Business\Trading\India2026\Gitrade1\ctrade1\data\nse_fno_bhavcopy\2020\07\fo08JUL2020bhav.csv.zip,ok,,36563,2303,2020-07-08,2020-07-09,2025-06-26,4600.0,14800.0,522
C:\Ramgo\Business\Trading\India2026\Gitrade1\ctrade1\data\nse_fno_bhavcopy\2020\07\fo09JUL2020bhav.csv.zip,ok,,36657,2303,2020-07-09,2020-07-09,2025-06-26,4600.0,14800.0,526
C:\Ramgo\Business\Trading\India2026\Gitrade1\ctrade1\data\nse_fno_bhavcopy\2020\07\fo10JUL2020bhav.csv.zip,ok,,36833,2223,2020-07-10,2020-07-16,2025-06-26,4600.0,14800.0,453
C:\Ramgo\Business\Trading\India2026\Gitrade1\ctrade1\data\nse_fno_bhavcopy\2020\07\fo13JUL2020bhav.csv.zip,ok,,36903,2225,2020-07-13,2020-07-16,2025-06-26,4600.0,14800.0,472
C:\Ramgo\Business\Trading\India2026\Gitrade1\ctrade1\data\nse_fno_bhavcopy\2020\07\fo14JUL2020bhav.csv.zip,ok,,36997,2225,2020-07-14,2020-07-16,2025-06-26,4600.0,14800.0,488
C:\Ramgo\Business\Trading\India2026\Gitrade1\ctrade1\data\nse_fno_bhavcopy\2020\07\fo15JUL2020bhav.csv.zip,ok,,37051,2231,2020-07-15,2020-07-16,2025-06-26,4600.0,14800.0,488
C:\Ramgo\Business\Trading\India2026\Gitrade1\ctrade1\data\nse_fno_bhavcopy\2020\07\fo16JUL2020bhav.csv.zip,ok,,37225,2231,2020-07-16,2020-07-16,2025-06-26,4600.0,14800.0,502
C:\Ramgo\Business\Trading\India2026\Gitrade1\ctrade1\data\nse_fno_bhavcopy\2020\07\fo17JUL2020bhav.csv.zip,ok,,37119,2151,2020-07-17,2020-07-23,2025-06-26,4600.0,14800.0,437
C:\Ramgo\Business\Trading\India2026\Gitrade1\ctrade1\data\nse_fno_bhavcopy\2020\07\fo20JUL2020bhav.csv.zip,ok,,37295,2191,2020-07-20,2020-07-23,2025-06-26,4600.0,14800.0,492
C:\Ramgo\Business\Trading\India2026\Gitrade1\ctrade1\data\nse_fno_bhavcopy\2020\07\fo21JUL2020bhav.csv.zip,ok,,37505,2229,2020-07-21,2020-07-23,2025-06-26,4600.0,14800.0,510
C:\Ramgo\Business\Trading\India2026\Gitrade1\ctrade1\data\nse_fno_bhavcopy\2020\07\fo22JUL2020bhav.csv.zip,ok,,37717,2287,2020-07-22,2020-07-23,2025-06-26,4600.0,14800.0,523
C:\Ramgo\Business\Trading\India2026\Gitrade1\ctrade1\data\nse_fno_bhavcopy\2020\07\fo23JUL2020bhav.csv.zip,ok,,37895,2287,2020-07-23,2020-07-23,2025-06-26,4600.0,14800.0,538
C:\Ramgo\Business\Trading\India2026\Gitrade1\ctrade1\data\nse_fno_bhavcopy\2020\07\fo24JUL2020bhav.csv.zip,ok,,37849,2219,2020-07-24,2020-07-30,2025-06-26,4600.0,14800.0,512
C:\Ramgo\Business\Trading\India2026\Gitrade1\ctrade1\data\nse_fno_bhavcopy\2020\07\fo27JUL2020bhav.csv.zip,ok,,37919,2219,2020-07-27,2020-07-30,2025-06-26,4600.0,14800.0,472
C:\Ramgo\Business\Trading\India2026\Gitrade1\ctrade1\data\nse_fno_bhavcopy\2020\07\fo28JUL2020bhav.csv.zip,ok,,38041,2221,2020-07-28,2020-07-30,2025-06-26,4600.0,14800.0,503
C:\Ramgo\Business\Trading\India2026\Gitrade1\ctrade1\data\nse_fno_bhavcopy\2020\07\fo29JUL2020bhav.csv.zip,ok,,38247,2279,2020-07-29,2020-07-30,2025-06-26,4600.0,14800.0,526
C:\Ramgo\Business\Trading\India2026\Gitrade1\ctrade1\data\nse_fno_bhavcopy\2020\07\fo30JUL2020bhav.csv.zip,ok,,38365,2279,2020-07-30,2020-07-30,2025-06-26,4600.0,14800.0,566
C:\Ramgo\Business\Trading\India2026\Gitrade1\ctrade1\data\nse_fno_bhavcopy\2020\07\fo31JUL2020bhav.csv.zip,ok,,34214,2181,2020-07-31,2020-08-06,2025-06-26,4600.0,14800.0,435
C:\Ramgo\Business\Trading\India2026\Gitrade1\ctrade1\data\nse_fno_bhavcopy\2020\08\fo03AUG2020bhav.csv.zip,ok,,34332,2185,2020-08-03,2020-08-06,2025-06-26,4600.0,14800.0,458
C:\Ramgo\Business\Trading\India2026\Gitrade1\ctrade1\data\nse_fno_bhavcopy\2020\08\fo04AUG2020bhav.csv.zip,ok,,34450,2197,2020-08-04,2020-08-06,2025-06-26,4600.0,14800.0,474
C:\Ramgo\Business\Trading\India2026\Gitrade1\ctrade1\data\nse_fno_bhavcopy\2020\08\fo05AUG2020bhav.csv.zip,ok,,34574,2197,2020-08-05,2020-08-06,2025-06-26,4600.0,14800.0,494
C:\Ramgo\Business\Trading\India2026\Gitrade1\ctrade1\data\nse_fno_bhavcopy\2020\08\fo06AUG2020bhav.csv.zip,ok,,34680,2197,2020-08-06,2020-08-06,2025-06-26,4600.0,14800.0,514
C:\Ramgo\Business\Trading\India2026\Gitrade1\ctrade1\data\nse_fno_bhavcopy\2020\08\fo07AUG2020bhav.csv.zip,ok,,34716,2141,2020-08-07,2020-08-13,2025-06-26,4600.0,14800.0,422
C:\Ramgo\Business\Trading\India2026\Gitrade1\ctrade1\data\nse_fno_bhavcopy\2020\08\fo10AUG2020bhav.csv.zip,ok,,34850,2141,2020-08-10,2020-08-13,2025-06-26,4600.0,14800.0,475
C:\Ramgo\Business\Trading\India2026\Gitrade1\ctrade1\data\nse_fno_bhavcopy\2020\08\fo11AUG2020bhav.csv.zip,ok,,35194,2145,2020-08-11,2020-08-13,2025-06-26,4600.0,14800.0,472
C:\Ramgo\Business\Trading\India2026\Gitrade1\ctrade1\data\nse_fno_bhavcopy\2020\08\fo12AUG2020bhav.csv.zip,ok,,35276,2149,2020-08-12,2020-08-13,2025-06-26,4600.0,14800.0,458
C:\Ramgo\Business\Trading\India2026\Gitrade1\ctrade1\data\nse_fno_bhavcopy\2020\08\fo13AUG2020bhav.csv.zip,ok,,35412,2149,2020-08-13,2020-08-13,2025-06-26,4600.0,14800.0,508
C:\Ramgo\Business\Trading\India2026\Gitrade1\ctrade1\data\nse_fno_bhavcopy\2020\08\fo14AUG2020bhav.csv.zip,ok,,35518,2089,2020-08-14,2020-08-20,2025-06-26,4600.0,14800.0,446
C:\Ramgo\Business\Trading\India2026\Gitrade1\ctrade1\data\nse_fno_bhavcopy\2020\08\fo17AUG2020bhav.csv.zip,ok,,35568,2093,2020-08-17,2020-08-20,2025-06-26,4600.0,14800.0,420
C:\Ramgo\Business\Trading\India2026\Gitrade1\ctrade1\data\nse_fno_bhavcopy\2020\08\fo18AUG2020bhav.csv.zip,ok,,35706,2093,2020-08-18,2020-08-20,2025-06-26,4600.0,14800.0,457
C:\Ramgo\Business\Trading\India2026\Gitrade1\ctrade1\data\nse_fno_bhavcopy\2020\08\fo19AUG2020bhav.csv.zip,ok,,35920,2131,2020-08-19,2020-08-20,2025-06-26,4600.0,14800.0,468
C:\Ramgo\Business\Trading\India2026\Gitrade1\ctrade1\data\nse_fno_bhavcopy\2020\08\fo20AUG2020bhav.csv.zip,ok,,36152,2131,2020-08-20,2020-08-20,2025-06-26,4600.0,14800.0,484
C:\Ramgo\Business\Trading\India2026\Gitrade1\ctrade1\data\nse_fno_bhavcopy\2020\08\fo21AUG2020bhav.csv.zip,ok,,36196,2079,2020-08-21,2020-08-27,2025-06-26,4600.0,14800.0,425
C:\Ramgo\Business\Trading\India2026\Gitrade1\ctrade1\data\nse_fno_bhavcopy\2020\08\fo24AUG2020bhav.csv.zip,ok,,36316,2081,2020-08-24,2020-08-27,2025-06-26,4600.0,14800.0,439
C:\Ramgo\Business\Trading\India2026\Gitrade1\ctrade1\data\nse_fno_bhavcopy\2020\08\fo25AUG2020bhav.csv.zip,ok,,36444,2103,2020-08-25,2020-08-27,2025-06-26,4600.0,14800.0,444
C:\Ramgo\Business\Trading\India2026\Gitrade1\ctrade1\data\nse_fno_bhavcopy\2020\08\fo26AUG2020bhav.csv.zip,ok,,36660,2103,2020-08-26,2020-08-27,2025-06-26,4600.0,14800.0,455
C:\Ramgo\Business\Trading\India2026\Gitrade1\ctrade1\data\nse_fno_bhavcopy\2020\08\fo27AUG2020bhav.csv.zip,ok,,36868,2141,2020-08-27,2020-08-27,2025-06-26,4600.0,14800.0,513
C:\Ramgo\Business\Trading\India2026\Gitrade1\ctrade1\data\nse_fno_bhavcopy\2020\08\fo28AUG2020bhav.csv.zip,ok,,32919,2059,2020-08-28,2020-09-03,2025-06-26,4600.0,14800.0,416
C:\Ramgo\Business\Trading\India2026\Gitrade1\ctrade1\data\nse_fno_bhavcopy\2020\08\fo31AUG2020bhav.csv.zip,ok,,33401,2097,2020-08-31,2020-09-03,2025-06-26,4600.0,14800.0,468
C:\Ramgo\Business\Trading\India2026\Gitrade1\ctrade1\data\nse_fno_bhavcopy\2020\09\fo01SEP2020bhav.csv.zip,ok,,33451,2103,2020-09-01,2020-09-03,2025-06-26,4600.0,14800.0,466
C:\Ramgo\Business\Trading\India2026\Gitrade1\ctrade1\data\nse_fno_bhavcopy\2020\09\fo02SEP2020bhav.csv.zip,ok,,33457,2103,2020-09-02,2020-09-03,2025-06-26,4600.0,14800.0,455
C:\Ramgo\Business\Trading\India2026\Gitrade1\ctrade1\data\nse_fno_bhavcopy\2020\09\fo03SEP2020bhav.csv.zip,ok,,33541,2103,2020-09-03,2020-09-03,2025-06-26,4600.0,14800.0,473
C:\Ramgo\Business\Trading\India2026\Gitrade1\ctrade1\data\nse_fno_bhavcopy\2020\09\fo04SEP2020bhav.csv.zip,ok,,33575,2059,2020-09-04,2020-09-10,2025-06-26,4600.0,14800.0,444
C:\Ramgo\Business\Trading\India2026\Gitrade1\ctrade1\data\nse_fno_bhavcopy\2020\09\fo07SEP2020bhav.csv.zip,ok,,33613,2069,2020-09-07,2020-09-10,2025-06-26,4600.0,14800.0,471
C:\Ramgo\Business\Trading\India2026\Gitrade1\ctrade1\data\nse_fno_bhavcopy\2020\09\fo08SEP2020bhav.csv.zip,ok,,33633,2069,2020-09-08,2020-09-10,2025-06-26,4600.0,14800.0,454
C:\Ramgo\Business\Trading\India2026\Gitrade1\ctrade1\data\nse_fno_bhavcopy\2020\09\fo09SEP2020bhav.csv.zip,ok,,33661,2073,2020-09-09,2020-09-10,2025-06-26,4600.0,14800.0,473
C:\Ramgo\Business\Trading\India2026\Gitrade1\ctrade1\data\nse_fno_bhavcopy\2020\09\fo10SEP2020bhav.csv.zip,ok,,33709,2073,2020-09-10,2020-09-10,2025-06-26,4600.0,14800.0,505
C:\Ramgo\Business\Trading\India2026\Gitrade1\ctrade1\data\nse_fno_bhavcopy\2020\09\fo11SEP2020bhav.csv.zip,ok,,33679,2031,2020-09-11,2020-09-17,2025-06-26,4600.0,14800.0,418
C:\Ramgo\Business\Trading\India2026\Gitrade1\ctrade1\data\nse_fno_bhavcopy\2020\09\fo14SEP2020bhav.csv.zip,ok,,33775,2031,2020-09-14,2020-09-17,2025-06-26,4600.0,14800.0,458
C:\Ramgo\Business\Trading\India2026\Gitrade1\ctrade1\data\nse_fno_bhavcopy\2020\09\fo15SEP2020bhav.csv.zip,ok,,34015,2031,2020-09-15,2020-09-17,2025-06-26,4600.0,14800.0,440
C:\Ramgo\Business\Trading\India2026\Gitrade1\ctrade1\data\nse_fno_bhavcopy\2020\09\fo16SEP2020bhav.csv.zip,ok,,34071,2033,2020-09-16,2020-09-17,2025-06-26,4600.0,14800.0,463
C:\Ramgo\Business\Trading\India2026\Gitrade1\ctrade1\data\nse_fno_bhavcopy\2020\09\fo17SEP2020bhav.csv.zip,ok,,34183,2039,2020-09-17,2020-09-17,2025-06-26,4600.0,14800.0,465
C:\Ramgo\Business\Trading\India2026\Gitrade1\ctrade1\data\nse_fno_bhavcopy\2020\09\fo18SEP2020bhav.csv.zip,ok,,34207,2003,2020-09-18,2020-09-24,2025-06-26,4600.0,14800.0,424
C:\Ramgo\Business\Trading\India2026\Gitrade1\ctrade1\data\nse_fno_bhavcopy\2020\09\fo21SEP2020bhav.csv.zip,ok,,34405,2003,2020-09-21,2020-09-24,2025-06-26,4600.0,14800.0,454
C:\Ramgo\Business\Trading\India2026\Gitrade1\ctrade1\data\nse_fno_bhavcopy\2020\09\fo22SEP2020bhav.csv.zip,ok,,34611,2027,2020-09-22,2020-09-24,2025-06-26,4600.0,14800.0,488
C:\Ramgo\Business\Trading\India2026\Gitrade1\ctrade1\data\nse_fno_bhavcopy\2020\09\fo23SEP2020bhav.csv.zip,ok,,34759,2051,2020-09-23,2020-09-24,2025-06-26,4600.0,14800.0,538
C:\Ramgo\Business\Trading\India2026\Gitrade1\ctrade1\data\nse_fno_bhavcopy\2020\09\fo24SEP2020bhav.csv.zip,ok,,34845,2051,2020-09-24,2020-09-24,2025-06-26,4600.0,14800.0,594
C:\Ramgo\Business\Trading\India2026\Gitrade1\ctrade1\data\nse_fno_bhavcopy\2020\09\fo25SEP2020bhav.csv.zip,ok,,32650,1966,2020-09-25,2020-10-01,2025-06-26,4600.0,14700.0,465
C:\Ramgo\Business\Trading\India2026\Gitrade1\ctrade1\data\nse_fno_bhavcopy\2020\09\fo28SEP2020bhav.csv.zip,ok,,32875,1973,2020-09-28,2020-10-01,2025-06-26,4600.0,14700.0,468
C:\Ramgo\Business\Trading\India2026\Gitrade1\ctrade1\data\nse_fno_bhavcopy\2020\09\fo29SEP2020bhav.csv.zip,ok,,33174,1980,2020-09-29,2020-10-01,2025-06-26,4600.0,14700.0,464
C:\Ramgo\Business\Trading\India2026\Gitrade1\ctrade1\data\nse_fno_bhavcopy\2020\09\fo30SEP2020bhav.csv.zip,ok,,33284,1980,2020-09-30,2020-10-01,2025-06-26,4600.0,14700.0,476
C:\Ramgo\Business\Trading\India2026\Gitrade1\ctrade1\data\nse_fno_bhavcopy\2020\10\fo01OCT2020bhav.csv.zip,ok,,33350,1980,2020-10-01,2020-10-01,2025-06-26,4600.0,14700.0,517
C:\Ramgo\Business\Trading\India2026\Gitrade1\ctrade1\data\nse_fno_bhavcopy\2020\10\fo05OCT2020bhav.csv.zip,ok,,33330,1954,2020-10-05,2020-10-08,2025-06-26,4600.0,14700.0,449
C:\Ramgo\Business\Trading\India2026\Gitrade1\ctrade1\data\nse_fno_bhavcopy\2020\10\fo06OCT2020bhav.csv.zip,ok,,33478,1960,2020-10-06,2020-10-08,2025-06-26,4600.0,14700.0,465
C:\Ramgo\Business\Trading\India2026\Gitrade1\ctrade1\data\nse_fno_bhavcopy\2020\10\fo07OCT2020bhav.csv.zip,ok,,33654,1982,2020-10-07,2020-10-08,2025-06-26,4600.0,14700.0,490
C:\Ramgo\Business\Trading\India2026\Gitrade1\ctrade1\data\nse_fno_bhavcopy\2020\10\fo08OCT2020bhav.csv.zip,ok,,33822,2022,2020-10-08,2020-10-08,2025-06-26,4600.0,14700.0,544
C:\Ramgo\Business\Trading\India2026\Gitrade1\ctrade1\data\nse_fno_bhavcopy\2020\10\fo09OCT2020bhav.csv.zip,ok,,34037,2041,2020-10-09,2020-10-15,2025-06-26,4600.0,14700.0,469
C:\Ramgo\Business\Trading\India2026\Gitrade1\ctrade1\data\nse_fno_bhavcopy\2020\10\fo12OCT2020bhav.csv.zip,ok,,34223,2061,2020-10-12,2020-10-15,2025-06-26,4600.0,14700.0,491
C:\Ramgo\Business\Trading\India2026\Gitrade1\ctrade1\data\nse_fno_bhavcopy\2020\10\fo13OCT2020bhav.csv.zip,ok,,34347,2081,2020-10-13,2020-10-15,2025-06-26,4600.0,14700.0,483
C:\Ramgo\Business\Trading\India2026\Gitrade1\ctrade1\data\nse_fno_bhavcopy\2020\10\fo14OCT2020bhav.csv.zip,ok,,34439,2081,2020-10-14,2020-10-15,2025-06-26,4600.0,14700.0,516
C:\Ramgo\Business\Trading\India2026\Gitrade1\ctrade1\data\nse_fno_bhavcopy\2020\10\fo15OCT2020bhav.csv.zip,ok,,34527,2081,2020-10-15,2020-10-15,2025-06-26,4600.0,14700.0,562
C:\Ramgo\Business\Trading\India2026\Gitrade1\ctrade1\data\nse_fno_bhavcopy\2020\10\fo16OCT2020bhav.csv.zip,ok,,34451,2041,2020-10-16,2020-10-22,2025-06-26,4600.0,14700.0,453
C:\Ramgo\Business\Trading\India2026\Gitrade1\ctrade1\data\nse_fno_bhavcopy\2020\10\fo19OCT2020bhav.csv.zip,ok,,34519,2043,2020-10-19,2020-10-22,2025-06-26,4600.0,14700.0,447
C:\Ramgo\Business\Trading\India2026\Gitrade1\ctrade1\data\nse_fno_bhavcopy\2020\10\fo20OCT2020bhav.csv.zip,ok,,34625,2047,2020-10-20,2020-10-22,2025-06-26,4600.0,14700.0,458
C:\Ramgo\Business\Trading\India2026\Gitrade1\ctrade1\data\nse_fno_bhavcopy\2020\10\fo21OCT2020bhav.csv.zip,ok,,34655,2049,2020-10-21,2020-10-22,2025-06-26,4600.0,14700.0,496
C:\Ramgo\Business\Trading\India2026\Gitrade1\ctrade1\data\nse_fno_bhavcopy\2020\10\fo22OCT2020bhav.csv.zip,ok,,34805,2051,2020-10-22,2020-10-22,2025-06-26,4600.0,14700.0,507
C:\Ramgo\Business\Trading\India2026\Gitrade1\ctrade1\data\nse_fno_bhavcopy\2020\10\fo23OCT2020bhav.csv.zip,ok,,34701,2005,2020-10-23,2020-10-29,2025-06-26,4600.0,14700.0,425
C:\Ramgo\Business\Trading\India2026\Gitrade1\ctrade1\data\nse_fno_bhavcopy\2020\10\fo26OCT2020bhav.csv.zip,ok,,34759,2007,2020-10-26,2020-10-29,2025-06-26,4600.0,14700.0,467
C:\Ramgo\Business\Trading\India2026\Gitrade1\ctrade1\data\nse_fno_bhavcopy\2020\10\fo27OCT2020bhav.csv.zip,ok,,34779,2013,2020-10-27,2020-10-29,2025-06-26,4600.0,14700.0,484
C:\Ramgo\Business\Trading\India2026\Gitrade1\ctrade1\data\nse_fno_bhavcopy\2020\10\fo28OCT2020bhav.csv.zip,ok,,34991,2013,2020-10-28,2020-10-29,2025-06-26,4600.0,14700.0,520
C:\Ramgo\Business\Trading\India2026\Gitrade1\ctrade1\data\nse_fno_bhavcopy\2020\10\fo29OCT2020bhav.csv.zip,ok,,35135,2013,2020-10-29,2020-10-29,2025-06-26,4600.0,14700.0,534
C:\Ramgo\Business\Trading\India2026\Gitrade1\ctrade1\data\nse_fno_bhavcopy\2020\10\fo30OCT2020bhav.csv.zip,ok,,32968,1975,2020-10-30,2020-11-05,2025-06-26,4600.0,14700.0,452
C:\Ramgo\Business\Trading\India2026\Gitrade1\ctrade1\data\nse_fno_bhavcopy\2020\11\fo02NOV2020bhav.csv.zip,ok,,33000,1975,2020-11-02,2020-11-05,2025-06-26,4600.0,14700.0,501
C:\Ramgo\Business\Trading\India2026\Gitrade1\ctrade1\data\nse_fno_bhavcopy\2020\11\fo03NOV2020bhav.csv.zip,ok,,33146,1975,2020-11-03,2020-11-05,2025-06-26,4600.0,14700.0,480
C:\Ramgo\Business\Trading\India2026\Gitrade1\ctrade1\data\nse_fno_bhavcopy\2020\11\fo04NOV2020bhav.csv.zip,ok,,33426,1981,2020-11-04,2020-11-05,2025-06-26,4600.0,14700.0,530
C:\Ramgo\Business\Trading\India2026\Gitrade1\ctrade1\data\nse_fno_bhavcopy\2020\11\fo05NOV2020bhav.csv.zip,ok,,33566,1985,2020-11-05,2020-11-05,2025-06-26,4600.0,14700.0,534
C:\Ramgo\Business\Trading\India2026\Gitrade1\ctrade1\data\nse_fno_bhavcopy\2020\11\fo06NOV2020bhav.csv.zip,ok,,33832,1993,2020-11-06,2020-11-12,2025-06-26,4600.0,14700.0,472
C:\Ramgo\Business\Trading\India2026\Gitrade1\ctrade1\data\nse_fno_bhavcopy\2020\11\fo09NOV2020bhav.csv.zip,ok,,34092,2075,2020-11-09,2020-11-12,2025-06-26,4600.0,15000.0,489
C:\Ramgo\Business\Trading\India2026\Gitrade1\ctrade1\data\nse_fno_bhavcopy\2020\11\fo10NOV2020bhav.csv.zip,ok,,34544,2155,2020-11-10,2020-11-12,2025-06-26,4600.0,15000.0,533
C:\Ramgo\Business\Trading\India2026\Gitrade1\ctrade1\data\nse_fno_bhavcopy\2020\11\fo11NOV2020bhav.csv.zip,ok,,35152,2233,2020-11-11,2020-11-12,2025-06-26,4600.0,15000.0,567
C:\Ramgo\Business\Trading\India2026\Gitrade1\ctrade1\data\nse_fno_bhavcopy\2020\11\fo12NOV2020bhav.csv.zip,ok,,35452,2273,2020-11-12,2020-11-12,2025-06-26,4600.0,15000.0,559
C:\Ramgo\Business\Trading\India2026\Gitrade1\ctrade1\data\nse_fno_bhavcopy\2020\11\fo13NOV2020bhav.csv.zip,ok,,35332,2195,2020-11-13,2020-11-19,2025-06-26,4600.0,15000.0,443
C:\Ramgo\Business\Trading\India2026\Gitrade1\ctrade1\data\nse_fno_bhavcopy\2020\11\fo17NOV2020bhav.csv.zip,ok,,35666,2239,2020-11-17,2020-11-19,2025-06-26,4600.0,15500.0,490
C:\Ramgo\Business\Trading\India2026\Gitrade1\ctrade1\data\nse_fno_bhavcopy\2020\11\fo18NOV2020bhav.csv.zip,ok,,36022,2259,2020-11-18,2020-11-19,2025-06-26,4600.0,15500.0,503
C:\Ramgo\Business\Trading\India2026\Gitrade1\ctrade1\data\nse_fno_bhavcopy\2020\11\fo19NOV2020bhav.csv.zip,ok,,36546,2299,2020-11-19,2020-11-19,2025-06-26,4600.0,15500.0,556
C:\Ramgo\Business\Trading\India2026\Gitrade1\ctrade1\data\nse_fno_bhavcopy\2020\11\fo20NOV2020bhav.csv.zip,ok,,36362,2213,2020-11-20,2020-11-26,2025-06-26,4600.0,15500.0,456
C:\Ramgo\Business\Trading\India2026\Gitrade1\ctrade1\data\nse_fno_bhavcopy\2020\11\fo23NOV2020bhav.csv.zip,ok,,36562,2217,2020-11-23,2020-11-26,2025-06-26,4600.0,15500.0,484
C:\Ramgo\Business\Trading\India2026\Gitrade1\ctrade1\data\nse_fno_bhavcopy\2020\11\fo24NOV2020bhav.csv.zip,ok,,36810,2221,2020-11-24,2020-11-26,2025-06-26,4600.0,15500.0,552
C:\Ramgo\Business\Trading\India2026\Gitrade1\ctrade1\data\nse_fno_bhavcopy\2020\11\fo25NOV2020bhav.csv.zip,ok,,37000,2259,2020-11-25,2020-11-26,2025-06-26,4600.0,15500.0,599
C:\Ramgo\Business\Trading\India2026\Gitrade1\ctrade1\data\nse_fno_bhavcopy\2020\11\fo26NOV2020bhav.csv.zip,ok,,37050,2259,2020-11-26,2020-11-26,2025-06-26,4600.0,15500.0,648
C:\Ramgo\Business\Trading\India2026\Gitrade1\ctrade1\data\nse_fno_bhavcopy\2020\11\fo27NOV2020bhav.csv.zip,ok,,34594,2169,2020-11-27,2020-12-03,2025-06-26,4600.0,15500.0,499
C:\Ramgo\Business\Trading\India2026\Gitrade1\ctrade1\data\nse_fno_bhavcopy\2020\12\fo01DEC2020bhav.csv.zip,ok,,34952,2171,2020-12-01,2020-12-03,2025-06-26,4600.0,15500.0,501
C:\Ramgo\Business\Trading\India2026\Gitrade1\ctrade1\data\nse_fno_bhavcopy\2020\12\fo02DEC2020bhav.csv.zip,ok,,35348,2193,2020-12-02,2020-12-03,2025-06-26,4600.0,15500.0,538
C:\Ramgo\Business\Trading\India2026\Gitrade1\ctrade1\data\nse_fno_bhavcopy\2020\12\fo03DEC2020bhav.csv.zip,ok,,35628,2193,2020-12-03,2020-12-03,2025-06-26,4600.0,15500.0,571
C:\Ramgo\Business\Trading\India2026\Gitrade1\ctrade1\data\nse_fno_bhavcopy\2020\12\fo04DEC2020bhav.csv.zip,ok,,35844,2143,2020-12-04,2020-12-10,2025-06-26,4600.0,15500.0,480
C:\Ramgo\Business\Trading\India2026\Gitrade1\ctrade1\data\nse_fno_bhavcopy\2020\12\fo07DEC2020bhav.csv.zip,ok,,36267,2204,2020-12-07,2020-12-10,2025-06-26,4600.0,16000.0,525
C:\Ramgo\Business\Trading\India2026\Gitrade1\ctrade1\data\nse_fno_bhavcopy\2020\12\fo08DEC2020bhav.csv.zip,ok,,36657,2244,2020-12-08,2020-12-10,2025-06-26,4600.0,16000.0,558
C:\Ramgo\Business\Trading\India2026\Gitrade1\ctrade1\data\nse_fno_bhavcopy\2020\12\fo09DEC2020bhav.csv.zip,ok,,36883,2264,2020-12-09,2020-12-10,2025-06-26,4600.0,16000.0,565
C:\Ramgo\Business\Trading\India2026\Gitrade1\ctrade1\data\nse_fno_bhavcopy\2020\12\fo10DEC2020bhav.csv.zip,ok,,37199,2324,2020-12-10,2020-12-10,2025-06-26,4600.0,16000.0,621
C:\Ramgo\Business\Trading\India2026\Gitrade1\ctrade1\data\nse_fno_bhavcopy\2020\12\fo11DEC2020bhav.csv.zip,ok,,37091,2248,2020-12-11,2020-12-17,2025-06-26,4600.0,16000.0,532
C:\Ramgo\Business\Trading\India2026\Gitrade1\ctrade1\data\nse_fno_bhavcopy\2020\12\fo14DEC2020bhav.csv.zip,ok,,37229,2248,2020-12-14,2020-12-17,2025-06-26,4600.0,16000.0,542
C:\Ramgo\Business\Trading\India2026\Gitrade1\ctrade1\data\nse_fno_bhavcopy\2020\12\fo15DEC2020bhav.csv.zip,ok,,37479,2250,2020-12-15,2020-12-17,2025-06-26,4600.0,16000.0,548
C:\Ramgo\Business\Trading\India2026\Gitrade1\ctrade1\data\nse_fno_bhavcopy\2020\12\fo16DEC2020bhav.csv.zip,ok,,37641,2250,2020-12-16,2020-12-17,2025-06-26,4600.0,16000.0,595
C:\Ramgo\Business\Trading\India2026\Gitrade1\ctrade1\data\nse_fno_bhavcopy\2020\12\fo17DEC2020bhav.csv.zip,ok,,37935,2310,2020-12-17,2020-12-17,2025-06-26,4600.0,16000.0,650
C:\Ramgo\Business\Trading\India2026\Gitrade1\ctrade1\data\nse_fno_bhavcopy\2020\12\fo18DEC2020bhav.csv.zip,ok,,37869,2246,2020-12-18,2020-12-24,2025-06-26,4600.0,16000.0,521
C:\Ramgo\Business\Trading\India2026\Gitrade1\ctrade1\data\nse_fno_bhavcopy\2020\12\fo21DEC2020bhav.csv.zip,ok,,37983,2268,2020-12-21,2020-12-24,2025-06-26,4600.0,16500.0,612
C:\Ramgo\Business\Trading\India2026\Gitrade1\ctrade1\data\nse_fno_bhavcopy\2020\12\fo22DEC2020bhav.csv.zip,ok,,38057,2290,2020-12-22,2020-12-24,2025-06-26,4600.0,16500.0,618
C:\Ramgo\Business\Trading\India2026\Gitrade1\ctrade1\data\nse_fno_bhavcopy\2020\12\fo23DEC2020bhav.csv.zip,ok,,38075,2290,2020-12-23,2020-12-24,2025-06-26,4600.0,16500.0,599
C:\Ramgo\Business\Trading\India2026\Gitrade1\ctrade1\data\nse_fno_bhavcopy\2020\12\fo24DEC2020bhav.csv.zip,ok,,38189,2290,2020-12-24,2020-12-24,2025-06-26,4600.0,16500.0,644
C:\Ramgo\Business\Trading\India2026\Gitrade1\ctrade1\data\nse_fno_bhavcopy\2020\12\fo28DEC2020bhav.csv.zip,ok,,38045,2206,2020-12-28,2020-12-31,2025-06-26,4600.0,16500.0,563
C:\Ramgo\Business\Trading\India2026\Gitrade1\ctrade1\data\nse_fno_bhavcopy\2020\12\fo29DEC2020bhav.csv.zip,ok,,38279,2246,2020-12-29,2020-12-31,2025-06-26,4600.0,16500.0,601
C:\Ramgo\Business\Trading\India2026\Gitrade1\ctrade1\data\nse_fno_bhavcopy\2020\12\fo30DEC2020bhav.csv.zip,ok,,38465,2286,2020-12-30,2020-12-31,2025-06-26,4600.0,16500.0,622
C:\Ramgo\Business\Trading\India2026\Gitrade1\ctrade1\data\nse_fno_bhavcopy\2020\12\fo31DEC2020bhav.csv.zip,ok,,38587,2306,2020-12-31,2020-12-31,2025-06-26,4600.0,16500.0,713
C:\Ramgo\Business\Trading\India2026\Gitrade1\ctrade1\data\nse_fno_bhavcopy\2021\01\fo01JAN2021bhav.csv.zip,ok,,40869,2055,2021-01-01,2021-01-07,2025-12-24,6000.0,16500.0,503
C:\Ramgo\Business\Trading\India2026\Gitrade1\ctrade1\data\nse_fno_bhavcopy\2021\01\fo04JAN2021bhav.csv.zip,ok,,41227,2055,2021-01-04,2021-01-07,2025-12-24,6000.0,16500.0,589
C:\Ramgo\Business\Trading\India2026\Gitrade1\ctrade1\data\nse_fno_bhavcopy\2021\01\fo05JAN2021bhav.csv.zip,ok,,41951,2115,2021-01-05,2021-01-07,2025-12-24,6000.0,16500.0,569
C:\Ramgo\Business\Trading\India2026\Gitrade1\ctrade1\data\nse_fno_bhavcopy\2021\01\fo06JAN2021bhav.csv.zip,ok,,42547,2135,2021-01-06,2021-01-07,2025-12-24,6000.0,16500.0,607
C:\Ramgo\Business\Trading\India2026\Gitrade1\ctrade1\data\nse_fno_bhavcopy\2021\01\fo07JAN2021bhav.csv.zip,ok,,42903,2135,2021-01-07,2021-01-07,2025-12-24,6000.0,16500.0,636
C:\Ramgo\Business\Trading\India2026\Gitrade1\ctrade1\data\nse_fno_bhavcopy\2021\01\fo08JAN2021bhav.csv.zip,ok,,43215,2051,2021-01-08,2021-01-14,2025-12-24,6000.0,16500.0,550
C:\Ramgo\Business\Trading\India2026\Gitrade1\ctrade1\data\nse_fno_bhavcopy\2021\01\fo11JAN2021bhav.csv.zip,ok,,45157,2135,2021-01-11,2021-01-14,2025-12-24,6000.0,17000.0,572
C:\Ramgo\Business\Trading\India2026\Gitrade1\ctrade1\data\nse_fno_bhavcopy\2021\01\fo12JAN2021bhav.csv.zip,ok,,45683,2193,2021-01-12,2021-01-14,2025-12-24,6000.0,17000.0,583
C:\Ramgo\Business\Trading\India2026\Gitrade1\ctrade1\data\nse_fno_bhavcopy\2021\01\fo13JAN2021bhav.csv.zip,ok,,46167,2213,2021-01-13,2021-01-14,2025-12-24,6000.0,17000.0,628
C:\Ramgo\Business\Trading\India2026\Gitrade1\ctrade1\data\nse_fno_bhavcopy\2021\01\fo14JAN2021bhav.csv.zip,ok,,46447,2213,2021-01-14,2021-01-14,2025-12-24,6000.0,17000.0,646
C:\Ramgo\Business\Trading\India2026\Gitrade1\ctrade1\data\nse_fno_bhavcopy\2021\01\fo15JAN2021bhav.csv.zip,ok,,46555,2157,2021-01-15,2021-01-21,2025-12-24,6000.0,17000.0,546
C:\Ramgo\Business\Trading\India2026\Gitrade1\ctrade1\data\nse_fno_bhavcopy\2021\01\fo18JAN2021bhav.csv.zip,ok,,46643,2163,2021-01-18,2021-01-21,2025-12-24,6000.0,17000.0,578
C:\Ramgo\Business\Trading\India2026\Gitrade1\ctrade1\data\nse_fno_bhavcopy\2021\01\fo19JAN2021bhav.csv.zip,ok,,46789,2169,2021-01-19,2021-01-21,2025-12-24,6000.0,17000.0,582
C:\Ramgo\Business\Trading\India2026\Gitrade1\ctrade1\data\nse_fno_bhavcopy\2021\01\fo20JAN2021bhav.csv.zip,ok,,46871,2169,2021-01-20,2021-01-21,2025-12-24,6000.0,17000.0,607
C:\Ramgo\Business\Trading\India2026\Gitrade1\ctrade1\data\nse_fno_bhavcopy\2021\01\fo21JAN2021bhav.csv.zip,ok,,47135,2189,2021-01-21,2021-01-21,2025-12-24,6000.0,17000.0,664
C:\Ramgo\Business\Trading\India2026\Gitrade1\ctrade1\data\nse_fno_bhavcopy\2021\01\fo22JAN2021bhav.csv.zip,ok,,47253,2113,2021-01-22,2021-01-28,2025-12-24,6000.0,17000.0,556
C:\Ramgo\Business\Trading\India2026\Gitrade1\ctrade1\data\nse_fno_bhavcopy\2021\01\fo25JAN2021bhav.csv.zip,ok,,47491,2123,2021-01-25,2021-01-28,2025-12-24,6000.0,17000.0,588
C:\Ramgo\Business\Trading\India2026\Gitrade1\ctrade1\data\nse_fno_bhavcopy\2021\01\fo27JAN2021bhav.csv.zip,ok,,47591,2129,2021-01-27,2021-01-28,2025-12-24,6000.0,17000.0,630
C:\Ramgo\Business\Trading\India2026\Gitrade1\ctrade1\data\nse_fno_bhavcopy\2021\01\fo28JAN2021bhav.csv.zip,ok,,47831,2163,2021-01-28,2021-01-28,2025-12-24,6000.0,17000.0,712
C:\Ramgo\Business\Trading\India2026\Gitrade1\ctrade1\data\nse_fno_bhavcopy\2021\01\fo29JAN2021bhav.csv.zip,ok,,45445,2067,2021-01-29,2021-02-04,2025-12-24,6000.0,17000.0,638
C:\Ramgo\Business\Trading\India2026\Gitrade1\ctrade1\data\nse_fno_bhavcopy\2021\02\fo01FEB2021bhav.csv.zip,ok,,45562,2112,2021-02-01,2021-02-04,2025-12-24,6000.0,17000.0,660
C:\Ramgo\Business\Trading\India2026\Gitrade1\ctrade1\data\nse_fno_bhavcopy\2021\02\fo02FEB2021bhav.csv.zip,ok,,45978,2132,2021-02-02,2021-02-04,2025-12-24,6000.0,17000.0,662
C:\Ramgo\Business\Trading\India2026\Gitrade1\ctrade1\data\nse_fno_bhavcopy\2021\02\fo03FEB2021bhav.csv.zip,ok,,46780,2148,2021-02-03,2021-02-04,2025-12-24,6000.0,17000.0,664
C:\Ramgo\Business\Trading\India2026\Gitrade1\ctrade1\data\nse_fno_bhavcopy\2021\02\fo04FEB2021bhav.csv.zip,ok,,47192,2230,2021-02-04,2021-02-04,2025-12-24,6000.0,17500.0,671
C:\Ramgo\Business\Trading\India2026\Gitrade1\ctrade1\data\nse_fno_bhavcopy\2021\02\fo05FEB2021bhav.csv.zip,ok,,47570,2200,2021-02-05,2021-02-11,2025-12-24,6000.0,17500.0,574
C:\Ramgo\Business\Trading\India2026\Gitrade1\ctrade1\data\nse_fno_bhavcopy\2021\02\fo08FEB2021bhav.csv.zip,ok,,47790,2200,2021-02-08,2021-02-11,2025-12-24,6000.0,17500.0,597
C:\Ramgo\Business\Trading\India2026\Gitrade1\ctrade1\data\nse_fno_bhavcopy\2021\02\fo09FEB2021bhav.csv.zip,ok,,48416,2278,2021-02-09,2021-02-11,2025-12-24,6000.0,17500.0,638
C:\Ramgo\Business\Trading\India2026\Gitrade1\ctrade1\data\nse_fno_bhavcopy\2021\02\fo10FEB2021bhav.csv.zip,ok,,48790,2278,2021-02-10,2021-02-11,2025-12-24,6000.0,17500.0,644
C:\Ramgo\Business\Trading\India2026\Gitrade1\ctrade1\data\nse_fno_bhavcopy\2021\02\fo11FEB2021bhav.csv.zip,ok,,48952,2278,2021-02-11,2021-02-11,2025-12-24,6000.0,17500.0,657
C:\Ramgo\Business\Trading\India2026\Gitrade1\ctrade1\data\nse_fno_bhavcopy\2021\02\fo12FEB2021bhav.csv.zip,ok,,48866,2226,2021-02-12,2021-02-18,2025-12-24,6000.0,17500.0,542
C:\Ramgo\Business\Trading\India2026\Gitrade1\ctrade1\data\nse_fno_bhavcopy\2021\02\fo15FEB2021bhav.csv.zip,ok,,49150,2226,2021-02-15,2021-02-18,2025-12-24,6000.0,17500.0,568
C:\Ramgo\Business\Trading\India2026\Gitrade1\ctrade1\data\nse_fno_bhavcopy\2021\02\fo16FEB2021bhav.csv.zip,ok,,49960,2308,2021-02-16,2021-02-18,2025-12-24,6000.0,18000.0,604
C:\Ramgo\Business\Trading\India2026\Gitrade1\ctrade1\data\nse_fno_bhavcopy\2021\02\fo17FEB2021bhav.csv.zip,ok,,50146,2308,2021-02-17,2021-02-18,2025-12-24,6000.0,18000.0,619
C:\Ramgo\Business\Trading\India2026\Gitrade1\ctrade1\data\nse_fno_bhavcopy\2021\02\fo18FEB2021bhav.csv.zip,ok,,50382,2308,2021-02-18,2021-02-18,2025-12-24,6000.0,18000.0,652
C:\Ramgo\Business\Trading\India2026\Gitrade1\ctrade1\data\nse_fno_bhavcopy\2021\02\fo19FEB2021bhav.csv.zip,ok,,50378,2232,2021-02-19,2021-02-25,2025-12-24,6000.0,18000.0,545
C:\Ramgo\Business\Trading\India2026\Gitrade1\ctrade1\data\nse_fno_bhavcopy\2021\02\fo22FEB2021bhav.csv.zip,ok,,50482,2240,2021-02-22,2021-02-25,2025-12-24,6000.0,18000.0,592
C:\Ramgo\Business\Trading\India2026\Gitrade1\ctrade1\data\nse_fno_bhavcopy\2021\02\fo23FEB2021bhav.csv.zip,ok,,50660,2272,2021-02-23,2021-02-25,2025-12-24,6000.0,18000.0,638
C:\Ramgo\Business\Trading\India2026\Gitrade1\ctrade1\data\nse_fno_bhavcopy\2021\02\fo24FEB2021bhav.csv.zip,ok,,50770,2272,2021-02-24,2021-02-25,2025-12-24,6000.0,18000.0,616
C:\Ramgo\Business\Trading\India2026\Gitrade1\ctrade1\data\nse_fno_bhavcopy\2021\02\fo25FEB2021bhav.csv.zip,ok,,50854,2272,2021-02-25,2021-02-25,2025-12-24,6000.0,18000.0,678
C:\Ramgo\Business\Trading\India2026\Gitrade1\ctrade1\data\nse_fno_bhavcopy\2021\02\fo26FEB2021bhav.csv.zip,ok,,50414,2178,2021-02-26,2021-03-04,2025-12-24,6000.0,18000.0,619
C:\Ramgo\Business\Trading\India2026\Gitrade1\ctrade1\data\nse_fno_bhavcopy\2021\03\fo01MAR2021bhav.csv.zip,ok,,50712,2218,2021-03-01,2021-03-04,2025-12-24,6000.0,18000.0,608
C:\Ramgo\Business\Trading\India2026\Gitrade1\ctrade1\data\nse_fno_bhavcopy\2021\03\fo02MAR2021bhav.csv.zip,ok,,50992,2218,2021-03-02,2021-03-04,2025-12-24,6000.0,18000.0,625
C:\Ramgo\Business\Trading\India2026\Gitrade1\ctrade1\data\nse_fno_bhavcopy\2021\03\fo03MAR2021bhav.csv.zip,ok,,51290,2218,2021-03-03,2021-03-04,2025-12-24,6000.0,18000.0,658
C:\Ramgo\Business\Trading\India2026\Gitrade1\ctrade1\data\nse_fno_bhavcopy\2021\03\fo04MAR2021bhav.csv.zip,ok,,51750,2230,2021-03-04,2021-03-04,2025-12-24,6000.0,18000.0,687
C:\Ramgo\Business\Trading\India2026\Gitrade1\ctrade1\data\nse_fno_bhavcopy\2021\03\fo05MAR2021bhav.csv.zip,ok,,51804,2164,2021-03-05,2021-03-10,2025-12-24,6000.0,18000.0,597
C:\Ramgo\Business\Trading\India2026\Gitrade1\ctrade1\data\nse_fno_bhavcopy\2021\03\fo08MAR2021bhav.csv.zip,ok,,51834,2170,2021-03-08,2021-03-10,2025-12-24,6000.0,18000.0,580
C:\Ramgo\Business\Trading\India2026\Gitrade1\ctrade1\data\nse_fno_bhavcopy\2021\03\fo09MAR2021bhav.csv.zip,ok,,51900,2170,2021-03-09,2021-03-10,2025-12-24,6000.0,18000.0,618
C:\Ramgo\Business\Trading\India2026\Gitrade1\ctrade1\data\nse_fno_bhavcopy\2021\03\fo10MAR2021bhav.csv.zip,ok,,51950,2170,2021-03-10,2021-03-10,2025-12-24,6000.0,18000.0,624
C:\Ramgo\Business\Trading\India2026\Gitrade1\ctrade1\data\nse_fno_bhavcopy\2021\03\fo12MAR2021bhav.csv.zip,ok,,51756,2106,2021-03-12,2021-03-18,2025-12-24,6000.0,18000.0,564
C:\Ramgo\Business\Trading\India2026\Gitrade1\ctrade1\data\nse_fno_bhavcopy\2021\03\fo15MAR2021bhav.csv.zip,ok,,51802,2110,2021-03-15,2021-03-18,2025-12-24,6000.0,18000.0,592
C:\Ramgo\Business\Trading\India2026\Gitrade1\ctrade1\data\nse_fno_bhavcopy\2021\03\fo16MAR2021bhav.csv.zip,ok,,51840,2114,2021-03-16,2021-03-18,2025-12-24,6000.0,18000.0,597
C:\Ramgo\Business\Trading\India2026\Gitrade1\ctrade1\data\nse_fno_bhavcopy\2021\03\fo17MAR2021bhav.csv.zip,ok,,51936,2118,2021-03-17,2021-03-18,2025-12-24,6000.0,18000.0,603
C:\Ramgo\Business\Trading\India2026\Gitrade1\ctrade1\data\nse_fno_bhavcopy\2021\03\fo18MAR2021bhav.csv.zip,ok,,52060,2134,2021-03-18,2021-03-18,2025-12-24,6000.0,18000.0,660
C:\Ramgo\Business\Trading\India2026\Gitrade1\ctrade1\data\nse_fno_bhavcopy\2021\03\fo19MAR2021bhav.csv.zip,ok,,51934,2080,2021-03-19,2021-03-25,2025-12-24,6000.0,18000.0,556
C:\Ramgo\Business\Trading\India2026\Gitrade1\ctrade1\data\nse_fno_bhavcopy\2021\03\fo22MAR2021bhav.csv.zip,ok,,52120,2088,2021-03-22,2021-03-25,2025-12-24,6000.0,18000.0,572
C:\Ramgo\Business\Trading\India2026\Gitrade1\ctrade1\data\nse_fno_bhavcopy\2021\03\fo23MAR2021bhav.csv.zip,ok,,52336,2088,2021-03-23,2021-03-25,2025-12-24,6000.0,18000.0,607
C:\Ramgo\Business\Trading\India2026\Gitrade1\ctrade1\data\nse_fno_bhavcopy\2021\03\fo24MAR2021bhav.csv.zip,ok,,52428,2090,2021-03-24,2021-03-25,2025-12-24,6000.0,18000.0,644
C:\Ramgo\Business\Trading\India2026\Gitrade1\ctrade1\data\nse_fno_bhavcopy\2021\03\fo25MAR2021bhav.csv.zip,ok,,52522,2090,2021-03-25,2021-03-25,2025-12-24,6000.0,18000.0,712
C:\Ramgo\Business\Trading\India2026\Gitrade1\ctrade1\data\nse_fno_bhavcopy\2021\03\fo26MAR2021bhav.csv.zip,ok,,50236,2084,2021-03-26,2021-04-01,2025-12-24,6000.0,18000.0,570
C:\Ramgo\Business\Trading\India2026\Gitrade1\ctrade1\data\nse_fno_bhavcopy\2021\03\fo31MAR2021bhav.csv.zip,ok,,50758,2108,2021-03-31,2021-04-01,2025-12-24,6000.0,18000.0,588
C:\Ramgo\Business\Trading\India2026\Gitrade1\ctrade1\data\nse_fno_bhavcopy\2021\04\fo01APR2021bhav.csv.zip,ok,,50894,2108,2021-04-01,2021-04-01,2025-12-24,6000.0,18000.0,616
C:\Ramgo\Business\Trading\India2026\Gitrade1\ctrade1\data\nse_fno_bhavcopy\2021\04\fo05APR2021bhav.csv.zip,ok,,50918,2042,2021-04-05,2021-04-08,2025-12-24,6000.0,18000.0,557
C:\Ramgo\Business\Trading\India2026\Gitrade1\ctrade1\data\nse_fno_bhavcopy\2021\04\fo06APR2021bhav.csv.zip,ok,,51174,2050,2021-04-06,2021-04-08,2025-12-24,6000.0,18000.0,574
C:\Ramgo\Business\Trading\India2026\Gitrade1\ctrade1\data\nse_fno_bhavcopy\2021\04\fo07APR2021bhav.csv.zip,ok,,51474,2050,2021-04-07,2021-04-08,2025-12-24,6000.0,18000.0,577
C:\Ramgo\Business\Trading\India2026\Gitrade1\ctrade1\data\nse_fno_bhavcopy\2021\04\fo08APR2021bhav.csv.zip,ok,,51636,2050,2021-04-08,2021-04-08,2025-12-24,6000.0,18000.0,607
C:\Ramgo\Business\Trading\India2026\Gitrade1\ctrade1\data\nse_fno_bhavcopy\2021\04\fo09APR2021bhav.csv.zip,ok,,51808,2010,2021-04-09,2021-04-15,2025-12-24,6000.0,18000.0,532
C:\Ramgo\Business\Trading\India2026\Gitrade1\ctrade1\data\nse_fno_bhavcopy\2021\04\fo12APR2021bhav.csv.zip,ok,,52014,2010,2021-04-12,2021-04-15,2025-12-24,6000.0,18000.0,606
C:\Ramgo\Business\Trading\India2026\Gitrade1\ctrade1\data\nse_fno_bhavcopy\2021\04\fo13APR2021bhav.csv.zip,ok,,52790,2046,2021-04-13,2021-04-15,2025-12-24,6000.0,18000.0,590
C:\Ramgo\Business\Trading\India2026\Gitrade1\ctrade1\data\nse_fno_bhavcopy\2021\04\fo15APR2021bhav.csv.zip,ok,,52838,2046,2021-04-15,2021-04-15,2025-12-24,6000.0,18000.0,629
C:\Ramgo\Business\Trading\India2026\Gitrade1\ctrade1\data\nse_fno_bhavcopy\2021\04\fo16APR2021bhav.csv.zip,ok,,52658,2006,2021-04-16,2021-04-22,2025-12-24,6000.0,18000.0,536
C:\Ramgo\Business\Trading\India2026\Gitrade1\ctrade1\data\nse_fno_bhavcopy\2021\04\fo19APR2021bhav.csv.zip,ok,,52794,2006,2021-04-19,2021-04-22,2025-12-24,6000.0,18000.0,585
C:\Ramgo\Business\Trading\India2026\Gitrade1\ctrade1\data\nse_fno_bhavcopy\2021\04\fo20APR2021bhav.csv.zip,ok,,52950,2016,2021-04-20,2021-04-22,2025-12-24,6000.0,18000.0,583
C:\Ramgo\Business\Trading\India2026\Gitrade1\ctrade1\data\nse_fno_bhavcopy\2021\04\fo22APR2021bhav.csv.zip,ok,,53050,2018,2021-04-22,2021-04-22,2025-12-24,6000.0,18000.0,626
C:\Ramgo\Business\Trading\India2026\Gitrade1\ctrade1\data\nse_fno_bhavcopy\2021\04\fo23APR2021bhav.csv.zip,ok,,52900,1980,2021-04-23,2021-04-29,2025-12-24,6000.0,18000.0,526
C:\Ramgo\Business\Trading\India2026\Gitrade1\ctrade1\data\nse_fno_bhavcopy\2021\04\fo26APR2021bhav.csv.zip,ok,,52944,1982,2021-04-26,2021-04-29,2025-12-24,6000.0,18000.0,546
C:\Ramgo\Business\Trading\India2026\Gitrade1\ctrade1\data\nse_fno_bhavcopy\2021\04\fo27APR2021bhav.csv.zip,ok,,53046,1986,2021-04-27,2021-04-29,2025-12-24,6000.0,18000.0,590
C:\Ramgo\Business\Trading\India2026\Gitrade1\ctrade1\data\nse_fno_bhavcopy\2021\04\fo28APR2021bhav.csv.zip,ok,,53218,1994,2021-04-28,2021-04-29,2025-12-24,6000.0,18000.0,620
C:\Ramgo\Business\Trading\India2026\Gitrade1\ctrade1\data\nse_fno_bhavcopy\2021\04\fo29APR2021bhav.csv.zip,ok,,53354,2010,2021-04-29,2021-04-29,2025-12-24,6000.0,18000.0,659
C:\Ramgo\Business\Trading\India2026\Gitrade1\ctrade1\data\nse_fno_bhavcopy\2021\04\fo30APR2021bhav.csv.zip,ok,,49392,1956,2021-04-30,2021-05-06,2025-12-24,6000.0,18000.0,540
C:\Ramgo\Business\Trading\India2026\Gitrade1\ctrade1\data\nse_fno_bhavcopy\2021\05\fo03MAY2021bhav.csv.zip,ok,,49512,1966,2021-05-03,2021-05-06,2025-12-24,6000.0,18000.0,573
C:\Ramgo\Business\Trading\India2026\Gitrade1\ctrade1\data\nse_fno_bhavcopy\2021\05\fo04MAY2021bhav.csv.zip,ok,,49716,1966,2021-05-04,2021-05-06,2025-12-24,6000.0,18000.0,575
C:\Ramgo\Business\Trading\India2026\Gitrade1\ctrade1\data\nse_fno_bhavcopy\2021\05\fo05MAY2021bhav.csv.zip,ok,,49804,1972,2021-05-05,2021-05-06,2025-12-24,6000.0,18000.0,612
C:\Ramgo\Business\Trading\India2026\Gitrade1\ctrade1\data\nse_fno_bhavcopy\2021\05\fo06MAY2021bhav.csv.zip,ok,,50020,1972,2021-05-06,2021-05-06,2025-12-24,6000.0,18000.0,605
C:\Ramgo\Business\Trading\India2026\Gitrade1\ctrade1\data\nse_fno_bhavcopy\2021\05\fo07MAY2021bhav.csv.zip,ok,,50108,1938,2021-05-07,2021-05-12,2025-12-24,6000.0,18000.0,520
C:\Ramgo\Business\Trading\India2026\Gitrade1\ctrade1\data\nse_fno_bhavcopy\2021\05\fo10MAY2021bhav.csv.zip,ok,,50412,1942,2021-05-10,2021-05-12,2025-12-24,6000.0,18000.0,543
C:\Ramgo\Business\Trading\India2026\Gitrade1\ctrade1\data\nse_fno_bhavcopy\2021\05\fo11MAY2021bhav.csv.zip,ok,,50930,1962,2021-05-11,2021-05-12,2025-12-24,6000.0,18000.0,544
C:\Ramgo\Business\Trading\India2026\Gitrade1\ctrade1\data\nse_fno_bhavcopy\2021\05\fo12MAY2021bhav.csv.zip,ok,,51122,1962,2021-05-12,2021-05-12,2025-12-24,6000.0,18000.0,587
C:\Ramgo\Business\Trading\India2026\Gitrade1\ctrade1\data\nse_fno_bhavcopy\2021\05\fo14MAY2021bhav.csv.zip,ok,,51094,1928,2021-05-14,2021-05-20,2025-12-24,6000.0,18000.0,499
C:\Ramgo\Business\Trading\India2026\Gitrade1\ctrade1\data\nse_fno_bhavcopy\2021\05\fo17MAY2021bhav.csv.zip,ok,,51166,1928,2021-05-17,2021-05-20,2025-12-24,6000.0,18000.0,529
C:\Ramgo\Business\Trading\India2026\Gitrade1\ctrade1\data\nse_fno_bhavcopy\2021\05\fo18MAY2021bhav.csv.zip,ok,,51304,1936,2021-05-18,2021-05-20,2025-12-24,6000.0,18000.0,584
C:\Ramgo\Business\Trading\India2026\Gitrade1\ctrade1\data\nse_fno_bhavcopy\2021\05\fo19MAY2021bhav.csv.zip,ok,,51516,1990,2021-05-19,2021-05-20,2025-12-24,6000.0,18000.0,565
C:\Ramgo\Business\Trading\India2026\Gitrade1\ctrade1\data\nse_fno_bhavcopy\2021\05\fo20MAY2021bhav.csv.zip,ok,,51576,1990,2021-05-20,2021-05-20,2025-12-24,6000.0,18000.0,592
C:\Ramgo\Business\Trading\India2026\Gitrade1\ctrade1\data\nse_fno_bhavcopy\2021\05\fo21MAY2021bhav.csv.zip,ok,,51500,1958,2021-05-21,2021-05-27,2025-12-24,6000.0,18000.0,513
C:\Ramgo\Business\Trading\India2026\Gitrade1\ctrade1\data\nse_fno_bhavcopy\2021\05\fo24MAY2021bhav.csv.zip,ok,,51746,2002,2021-05-24,2021-05-27,2025-12-24,6000.0,18000.0,543
C:\Ramgo\Business\Trading\India2026\Gitrade1\ctrade1\data\nse_fno_bhavcopy\2021\05\fo25MAY2021bhav.csv.zip,ok,,51908,2002,2021-05-25,2021-05-27,2025-12-24,6000.0,18000.0,540
C:\Ramgo\Business\Trading\India2026\Gitrade1\ctrade1\data\nse_fno_bhavcopy\2021\05\fo26MAY2021bhav.csv.zip,ok,,52048,2002,2021-05-26,2021-05-27,2025-12-24,6000.0,18000.0,562
C:\Ramgo\Business\Trading\India2026\Gitrade1\ctrade1\data\nse_fno_bhavcopy\2021\05\fo27MAY2021bhav.csv.zip,ok,,52192,2042,2021-05-27,2021-05-27,2025-12-24,6000.0,18000.0,604
C:\Ramgo\Business\Trading\India2026\Gitrade1\ctrade1\data\nse_fno_bhavcopy\2021\05\fo28MAY2021bhav.csv.zip,ok,,48864,2020,2021-05-28,2021-06-03,2025-12-24,6000.0,18000.0,514
C:\Ramgo\Business\Trading\India2026\Gitrade1\ctrade1\data\nse_fno_bhavcopy\2021\05\fo31MAY2021bhav.csv.zip,ok,,48960,2060,2021-05-31,2021-06-03,2025-12-24,6000.0,18000.0,562
C:\Ramgo\Business\Trading\India2026\Gitrade1\ctrade1\data\nse_fno_bhavcopy\2021\06\fo01JUN2021bhav.csv.zip,ok,,49206,2118,2021-06-01,2021-06-03,2025-12-24,6000.0,18000.0,564
C:\Ramgo\Business\Trading\India2026\Gitrade1\ctrade1\data\nse_fno_bhavcopy\2021\06\fo02JUN2021bhav.csv.zip,ok,,49290,2118,2021-06-02,2021-06-03,2025-12-24,6000.0,18000.0,571
C:\Ramgo\Business\Trading\India2026\Gitrade1\ctrade1\data\nse_fno_bhavcopy\2021\06\fo03JUN2021bhav.csv.zip,ok,,49464,2118,2021-06-03,2021-06-03,2025-12-24,6000.0,18000.0,616
C:\Ramgo\Business\Trading\India2026\Gitrade1\ctrade1\data\nse_fno_bhavcopy\2021\06\fo04JUN2021bhav.csv.zip,ok,,49602,2102,2021-06-04,2021-06-10,2025-12-24,6000.0,18000.0,529
C:\Ramgo\Business\Trading\India2026\Gitrade1\ctrade1\data\nse_fno_bhavcopy\2021\06\fo07JUN2021bhav.csv.zip,ok,,49858,2104,2021-06-07,2021-06-10,2025-12-24,6000.0,18000.0,552
C:\Ramgo\Business\Trading\India2026\Gitrade1\ctrade1\data\nse_fno_bhavcopy\2021\06\fo08JUN2021bhav.csv.zip,ok,,50108,2146,2021-06-08,2021-06-10,2025-12-24,6000.0,18500.0,549
C:\Ramgo\Business\Trading\India2026\Gitrade1\ctrade1\data\nse_fno_bhavcopy\2021\06\fo09JUN2021bhav.csv.zip,ok,,50310,2146,2021-06-09,2021-06-10,2025-12-24,6000.0,18500.0,605
C:\Ramgo\Business\Trading\India2026\Gitrade1\ctrade1\data\nse_fno_bhavcopy\2021\06\fo10JUN2021bhav.csv.zip,ok,,50432,2146,2021-06-10,2021-06-10,2025-12-24,6000.0,18500.0,603
C:\Ramgo\Business\Trading\India2026\Gitrade1\ctrade1\data\nse_fno_bhavcopy\2021\06\fo11JUN2021bhav.csv.zip,ok,,50428,2088,2021-06-11,2021-06-17,2025-12-24,6000.0,18500.0,521
C:\Ramgo\Business\Trading\India2026\Gitrade1\ctrade1\data\nse_fno_bhavcopy\2021\06\fo14JUN2021bhav.csv.zip,ok,,50608,2108,2021-06-14,2021-06-17,2025-12-24,6000.0,18500.0,546
C:\Ramgo\Business\Trading\India2026\Gitrade1\ctrade1\data\nse_fno_bhavcopy\2021\06\fo15JUN2021bhav.csv.zip,ok,,50734,2108,2021-06-15,2021-06-17,2025-12-24,6000.0,18500.0,543
C:\Ramgo\Business\Trading\India2026\Gitrade1\ctrade1\data\nse_fno_bhavcopy\2021\06\fo16JUN2021bhav.csv.zip,ok,,50900,2128,2021-06-16,2021-06-17,2025-12-24,6000.0,18500.0,556
C:\Ramgo\Business\Trading\India2026\Gitrade1\ctrade1\data\nse_fno_bhavcopy\2021\06\fo17JUN2021bhav.csv.zip,ok,,50960,2128,2021-06-17,2021-06-17,2025-12-24,6000.0,18500.0,603
C:\Ramgo\Business\Trading\India2026\Gitrade1\ctrade1\data\nse_fno_bhavcopy\2021\06\fo18JUN2021bhav.csv.zip,ok,,50896,2068,2021-06-18,2021-06-24,2025-12-24,6000.0,18500.0,533
C:\Ramgo\Business\Trading\India2026\Gitrade1\ctrade1\data\nse_fno_bhavcopy\2021\06\fo21JUN2021bhav.csv.zip,ok,,50918,2068,2021-06-21,2021-06-24,2025-12-24,6000.0,18500.0,542
C:\Ramgo\Business\Trading\India2026\Gitrade1\ctrade1\data\nse_fno_bhavcopy\2021\06\fo22JUN2021bhav.csv.zip,ok,,50970,2070,2021-06-22,2021-06-24,2025-12-24,6000.0,18500.0,594
C:\Ramgo\Business\Trading\India2026\Gitrade1\ctrade1\data\nse_fno_bhavcopy\2021\06\fo23JUN2021bhav.csv.zip,ok,,51054,2070,2021-06-23,2021-06-24,2025-12-24,6000.0,18500.0,614
C:\Ramgo\Business\Trading\India2026\Gitrade1\ctrade1\data\nse_fno_bhavcopy\2021\06\fo24JUN2021bhav.csv.zip,ok,,51102,2070,2021-06-24,2021-06-24,2025-12-24,6000.0,18500.0,633
C:\Ramgo\Business\Trading\India2026\Gitrade1\ctrade1\data\nse_fno_bhavcopy\2021\06\fo25JUN2021bhav.csv.zip,ok,,50124,1886,2021-06-25,2021-07-01,2026-06-25,7500.0,18500.0,490
C:\Ramgo\Business\Trading\India2026\Gitrade1\ctrade1\data\nse_fno_bhavcopy\2021\06\fo28JUN2021bhav.csv.zip,ok,,50396,1890,2021-06-28,2021-07-01,2026-06-25,7500.0,18500.0,501
C:\Ramgo\Business\Trading\India2026\Gitrade1\ctrade1\data\nse_fno_bhavcopy\2021\06\fo29JUN2021bhav.csv.zip,ok,,50520,1890,2021-06-29,2021-07-01,2026-06-25,7500.0,18500.0,520
C:\Ramgo\Business\Trading\India2026\Gitrade1\ctrade1\data\nse_fno_bhavcopy\2021\06\fo30JUN2021bhav.csv.zip,ok,,50674,1910,2021-06-30,2021-07-01,2026-06-25,7500.0,18500.0,529
C:\Ramgo\Business\Trading\India2026\Gitrade1\ctrade1\data\nse_fno_bhavcopy\2021\07\fo01JUL2021bhav.csv.zip,ok,,50738,1912,2021-07-01,2021-07-01,2026-06-25,7500.0,18500.0,585
C:\Ramgo\Business\Trading\India2026\Gitrade1\ctrade1\data\nse_fno_bhavcopy\2021\07\fo02JUL2021bhav.csv.zip,ok,,50692,1852,2021-07-02,2021-07-08,2026-06-25,7500.0,18500.0,493
C:\Ramgo\Business\Trading\India2026\Gitrade1\ctrade1\data\nse_fno_bhavcopy\2021\07\fo05JUL2021bhav.csv.zip,ok,,50788,1852,2021-07-05,2021-07-08,2026-06-25,7500.0,18500.0,509
C:\Ramgo\Business\Trading\India2026\Gitrade1\ctrade1\data\nse_fno_bhavcopy\2021\07\fo06JUL2021bhav.csv.zip,ok,,50938,1858,2021-07-06,2021-07-08,2026-06-25,7500.0,18500.0,516
C:\Ramgo\Business\Trading\India2026\Gitrade1\ctrade1\data\nse_fno_bhavcopy\2021\07\fo07JUL2021bhav.csv.zip,ok,,51046,1858,2021-07-07,2021-07-08,2026-06-25,7500.0,18500.0,536
C:\Ramgo\Business\Trading\India2026\Gitrade1\ctrade1\data\nse_fno_bhavcopy\2021\07\fo08JUL2021bhav.csv.zip,ok,,51270,1878,2021-07-08,2021-07-08,2026-06-25,7500.0,18500.0,581
C:\Ramgo\Business\Trading\India2026\Gitrade1\ctrade1\data\nse_fno_bhavcopy\2021\07\fo09JUL2021bhav.csv.zip,ok,,51330,1830,2021-07-09,2021-07-15,2026-06-25,7500.0,18500.0,543
C:\Ramgo\Business\Trading\India2026\Gitrade1\ctrade1\data\nse_fno_bhavcopy\2021\07\fo12JUL2021bhav.csv.zip,ok,,51446,1832,2021-07-12,2021-07-15,2026-06-25,7500.0,18500.0,530
C:\Ramgo\Business\Trading\India2026\Gitrade1\ctrade1\data\nse_fno_bhavcopy\2021\07\fo13JUL2021bhav.csv.zip,ok,,51596,1832,2021-07-13,2021-07-15,2026-06-25,7500.0,18500.0,511
C:\Ramgo\Business\Trading\India2026\Gitrade1\ctrade1\data\nse_fno_bhavcopy\2021\07\fo14JUL2021bhav.csv.zip,ok,,51680,1834,2021-07-14,2021-07-15,2026-06-25,7500.0,18500.0,522
C:\Ramgo\Business\Trading\India2026\Gitrade1\ctrade1\data\nse_fno_bhavcopy\2021\07\fo15JUL2021bhav.csv.zip,ok,,51742,1836,2021-07-15,2021-07-15,2026-06-25,7500.0,18500.0,550
C:\Ramgo\Business\Trading\India2026\Gitrade1\ctrade1\data\nse_fno_bhavcopy\2021\07\fo16JUL2021bhav.csv.zip,ok,,51864,1790,2021-07-16,2021-07-22,2026-06-25,7500.0,18500.0,480
C:\Ramgo\Business\Trading\India2026\Gitrade1\ctrade1\data\nse_fno_bhavcopy\2021\07\fo19JUL2021bhav.csv.zip,ok,,52064,1790,2021-07-19,2021-07-22,2026-06-25,7500.0,18500.0,519
C:\Ramgo\Business\Trading\India2026\Gitrade1\ctrade1\data\nse_fno_bhavcopy\2021\07\fo20JUL2021bhav.csv.zip,ok,,52150,1796,2021-07-20,2021-07-22,2026-06-25,7500.0,18500.0,526
C:\Ramgo\Business\Trading\India2026\Gitrade1\ctrade1\data\nse_fno_bhavcopy\2021\07\fo22JUL2021bhav.csv.zip,ok,,52390,1810,2021-07-22,2021-07-22,2026-06-25,7500.0,18500.0,531
C:\Ramgo\Business\Trading\India2026\Gitrade1\ctrade1\data\nse_fno_bhavcopy\2021\07\fo23JUL2021bhav.csv.zip,ok,,52430,1770,2021-07-23,2021-07-29,2026-06-25,7500.0,18500.0,454
C:\Ramgo\Business\Trading\India2026\Gitrade1\ctrade1\data\nse_fno_bhavcopy\2021\07\fo26JUL2021bhav.csv.zip,ok,,52566,1772,2021-07-26,2021-07-29,2026-06-25,7500.0,18500.0,492
C:\Ramgo\Business\Trading\India2026\Gitrade1\ctrade1\data\nse_fno_bhavcopy\2021\07\fo27JUL2021bhav.csv.zip,ok,,52692,1772,2021-07-27,2021-07-29,2026-06-25,7500.0,18500.0,531
C:\Ramgo\Business\Trading\India2026\Gitrade1\ctrade1\data\nse_fno_bhavcopy\2021\07\fo28JUL2021bhav.csv.zip,ok,,52914,1774,2021-07-28,2021-07-29,2026-06-25,7500.0,18500.0,579
C:\Ramgo\Business\Trading\India2026\Gitrade1\ctrade1\data\nse_fno_bhavcopy\2021\07\fo29JUL2021bhav.csv.zip,ok,,53016,1776,2021-07-29,2021-07-29,2026-06-25,7500.0,18500.0,600
C:\Ramgo\Business\Trading\India2026\Gitrade1\ctrade1\data\nse_fno_bhavcopy\2021\07\fo30JUL2021bhav.csv.zip,ok,,50624,1720,2021-07-30,2021-08-05,2026-06-25,7500.0,18500.0,495
C:\Ramgo\Business\Trading\India2026\Gitrade1\ctrade1\data\nse_fno_bhavcopy\2021\08\fo02AUG2021bhav.csv.zip,ok,,50874,1722,2021-08-02,2021-08-05,2026-06-25,7500.0,18500.0,518
C:\Ramgo\Business\Trading\India2026\Gitrade1\ctrade1\data\nse_fno_bhavcopy\2021\08\fo03AUG2021bhav.csv.zip,ok,,51204,1728,2021-08-03,2021-08-05,2026-06-25,7500.0,18500.0,564
C:\Ramgo\Business\Trading\India2026\Gitrade1\ctrade1\data\nse_fno_bhavcopy\2021\08\fo04AUG2021bhav.csv.zip,ok,,51568,1826,2021-08-04,2021-08-05,2026-06-25,7500.0,18500.0,609
C:\Ramgo\Business\Trading\India2026\Gitrade1\ctrade1\data\nse_fno_bhavcopy\2021\08\fo05AUG2021bhav.csv.zip,ok,,51862,1888,2021-08-05,2021-08-05,2026-06-25,7500.0,19000.0,653
C:\Ramgo\Business\Trading\India2026\Gitrade1\ctrade1\data\nse_fno_bhavcopy\2021\08\fo06AUG2021bhav.csv.zip,ok,,51892,1882,2021-08-06,2021-08-12,2026-06-25,7500.0,19000.0,549
C:\Ramgo\Business\Trading\India2026\Gitrade1\ctrade1\data\nse_fno_bhavcopy\2021\08\fo09AUG2021bhav.csv.zip,ok,,51934,1884,2021-08-09,2021-08-12,2026-06-25,7500.0,19000.0,537
C:\Ramgo\Business\Trading\India2026\Gitrade1\ctrade1\data\nse_fno_bhavcopy\2021\08\fo10AUG2021bhav.csv.zip,ok,,52082,1884,2021-08-10,2021-08-12,2026-06-25,7500.0,19000.0,559
C:\Ramgo\Business\Trading\India2026\Gitrade1\ctrade1\data\nse_fno_bhavcopy\2021\08\fo11AUG2021bhav.csv.zip,ok,,52192,1884,2021-08-11,2021-08-12,2026-06-25,7500.0,19000.0,580
C:\Ramgo\Business\Trading\India2026\Gitrade1\ctrade1\data\nse_fno_bhavcopy\2021\08\fo12AUG2021bhav.csv.zip,ok,,52340,1884,2021-08-12,2021-08-12,2026-06-25,7500.0,19000.0,589
C:\Ramgo\Business\Trading\India2026\Gitrade1\ctrade1\data\nse_fno_bhavcopy\2021\08\fo13AUG2021bhav.csv.zip,ok,,52470,1876,2021-08-13,2021-08-18,2026-06-25,7500.0,19000.0,525
C:\Ramgo\Business\Trading\India2026\Gitrade1\ctrade1\data\nse_fno_bhavcopy\2021\08\fo16AUG2021bhav.csv.zip,ok,,52758,1954,2021-08-16,2021-08-18,2026-06-25,7500.0,19000.0,569
C:\Ramgo\Business\Trading\India2026\Gitrade1\ctrade1\data\nse_fno_bhavcopy\2021\08\fo17AUG2021bhav.csv.zip,ok,,52880,1954,2021-08-17,2021-08-18,2026-06-25,7500.0,19000.0,584
C:\Ramgo\Business\Trading\India2026\Gitrade1\ctrade1\data\nse_fno_bhavcopy\2021\08\fo18AUG2021bhav.csv.zip,ok,,53198,1974,2021-08-18,2021-08-18,2026-06-25,7500.0,19000.0,659
C:\Ramgo\Business\Trading\India2026\Gitrade1\ctrade1\data\nse_fno_bhavcopy\2021\08\fo20AUG2021bhav.csv.zip,ok,,53298,1936,2021-08-20,2021-08-26,2026-06-25,7500.0,19000.0,565
C:\Ramgo\Business\Trading\India2026\Gitrade1\ctrade1\data\nse_fno_bhavcopy\2021\08\fo23AUG2021bhav.csv.zip,ok,,53666,1940,2021-08-23,2021-08-26,2026-06-25,7500.0,19000.0,590
C:\Ramgo\Business\Trading\India2026\Gitrade1\ctrade1\data\nse_fno_bhavcopy\2021\08\fo24AUG2021bhav.csv.zip,ok,,53942,1940,2021-08-24,2021-08-26,2026-06-25,7500.0,19000.0,607
C:\Ramgo\Business\Trading\India2026\Gitrade1\ctrade1\data\nse_fno_bhavcopy\2021\08\fo25AUG2021bhav.csv.zip,ok,,54106,1942,2021-08-25,2021-08-26,2026-06-25,7500.0,19000.0,644
C:\Ramgo\Business\Trading\India2026\Gitrade1\ctrade1\data\nse_fno_bhavcopy\2021\08\fo26AUG2021bhav.csv.zip,ok,,54156,1962,2021-08-26,2021-08-26,2026-06-25,7500.0,19000.0,666
C:\Ramgo\Business\Trading\India2026\Gitrade1\ctrade1\data\nse_fno_bhavcopy\2021\08\fo27AUG2021bhav.csv.zip,ok,,52888,1910,2021-08-27,2021-09-02,2026-06-25,7500.0,19000.0,600
C:\Ramgo\Business\Trading\India2026\Gitrade1\ctrade1\data\nse_fno_bhavcopy\2021\08\fo30AUG2021bhav.csv.zip,ok,,53102,1930,2021-08-30,2021-09-02,2026-06-25,7500.0,19000.0,660
C:\Ramgo\Business\Trading\India2026\Gitrade1\ctrade1\data\nse_fno_bhavcopy\2021\08\fo31AUG2021bhav.csv.zip,ok,,53632,2052,2021-08-31,2021-09-02,2026-06-25,7500.0,19500.0,704
C:\Ramgo\Business\Trading\India2026\Gitrade1\ctrade1\data\nse_fno_bhavcopy\2021\09\fo01SEP2021bhav.csv.zip,ok,,54168,2130,2021-09-01,2021-09-02,2026-06-25,7500.0,19500.0,756
C:\Ramgo\Business\Trading\India2026\Gitrade1\ctrade1\data\nse_fno_bhavcopy\2021\09\fo02SEP2021bhav.csv.zip,ok,,54452,2130,2021-09-02,2021-09-02,2026-06-25,7500.0,19500.0,807
C:\Ramgo\Business\Trading\India2026\Gitrade1\ctrade1\data\nse_fno_bhavcopy\2021\09\fo03SEP2021bhav.csv.zip,ok,,54858,2106,2021-09-03,2021-09-09,2026-06-25,7500.0,19500.0,688
C:\Ramgo\Business\Trading\India2026\Gitrade1\ctrade1\data\nse_fno_bhavcopy\2021\09\fo06SEP2021bhav.csv.zip,ok,,55154,2148,2021-09-06,2021-09-09,2026-06-25,7500.0,20000.0,710
C:\Ramgo\Business\Trading\India2026\Gitrade1\ctrade1\data\nse_fno_bhavcopy\2021\09\fo07SEP2021bhav.csv.zip,ok,,55438,2188,2021-09-07,2021-09-09,2026-06-25,7500.0,20000.0,734
C:\Ramgo\Business\Trading\India2026\Gitrade1\ctrade1\data\nse_fno_bhavcopy\2021\09\fo08SEP2021bhav.csv.zip,ok,,55624,2188,2021-09-08,2021-09-09,2026-06-25,7500.0,20000.0,731
C:\Ramgo\Business\Trading\India2026\Gitrade1\ctrade1\data\nse_fno_bhavcopy\2021\09\fo09SEP2021bhav.csv.zip,ok,,55900,2188,2021-09-09,2021-09-09,2026-06-25,7500.0,20000.0,755
C:\Ramgo\Business\Trading\India2026\Gitrade1\ctrade1\data\nse_fno_bhavcopy\2021\09\fo13SEP2021bhav.csv.zip,ok,,55828,2118,2021-09-13,2021-09-16,2026-06-25,7500.0,20000.0,644
C:\Ramgo\Business\Trading\India2026\Gitrade1\ctrade1\data\nse_fno_bhavcopy\2021\09\fo14SEP2021bhav.csv.zip,ok,,56092,2118,2021-09-14,2021-09-16,2026-06-25,7500.0,20000.0,658
C:\Ramgo\Business\Trading\India2026\Gitrade1\ctrade1\data\nse_fno_bhavcopy\2021\09\fo15SEP2021bhav.csv.zip,ok,,56372,2120,2021-09-15,2021-09-16,2026-06-25,7500.0,20000.0,703
C:\Ramgo\Business\Trading\India2026\Gitrade1\ctrade1\data\nse_fno_bhavcopy\2021\09\fo16SEP2021bhav.csv.zip,ok,,56704,2160,2021-09-16,2021-09-16,2026-06-25,7500.0,20000.0,762
C:\Ramgo\Business\Trading\India2026\Gitrade1\ctrade1\data\nse_fno_bhavcopy\2021\09\fo17SEP2021bhav.csv.zip,ok,,57152,2140,2021-09-17,2021-09-23,2026-06-25,7500.0,20000.0,668
C:\Ramgo\Business\Trading\India2026\Gitrade1\ctrade1\data\nse_fno_bhavcopy\2021\09\fo20SEP2021bhav.csv.zip,ok,,57358,2142,2021-09-20,2021-09-23,2026-06-25,7500.0,20000.0,690
C:\Ramgo\Business\Trading\India2026\Gitrade1\ctrade1\data\nse_fno_bhavcopy\2021\09\fo21SEP2021bhav.csv.zip,ok,,57522,2150,2021-09-21,2021-09-23,2026-06-25,7500.0,20000.0,703
C:\Ramgo\Business\Trading\India2026\Gitrade1\ctrade1\data\nse_fno_bhavcopy\2021\09\fo22SEP2021bhav.csv.zip,ok,,58128,2150,2021-09-22,2021-09-23,2026-06-25,7500.0,20000.0,700
C:\Ramgo\Business\Trading\India2026\Gitrade1\ctrade1\data\nse_fno_bhavcopy\2021\09\fo23SEP2021bhav.csv.zip,ok,,58300,2150,2021-09-23,2021-09-23,2026-06-25,7500.0,20000.0,772
C:\Ramgo\Business\Trading\India2026\Gitrade1\ctrade1\data\nse_fno_bhavcopy\2021\09\fo24SEP2021bhav.csv.zip,ok,,58628,2148,2021-09-24,2021-09-30,2026-06-25,7500.0,20500.0,674
C:\Ramgo\Business\Trading\India2026\Gitrade1\ctrade1\data\nse_fno_bhavcopy\2021\09\fo27SEP2021bhav.csv.zip,ok,,58830,2168,2021-09-27,2021-09-30,2026-06-25,7500.0,20500.0,679
C:\Ramgo\Business\Trading\India2026\Gitrade1\ctrade1\data\nse_fno_bhavcopy\2021\09\fo28SEP2021bhav.csv.zip,ok,,59340,2168,2021-09-28,2021-09-30,2026-06-25,7500.0,20500.0,742
C:\Ramgo\Business\Trading\India2026\Gitrade1\ctrade1\data\nse_fno_bhavcopy\2021\09\fo29SEP2021bhav.csv.zip,ok,,59498,2170,2021-09-29,2021-09-30,2026-06-25,7500.0,20500.0,761
C:\Ramgo\Business\Trading\India2026\Gitrade1\ctrade1\data\nse_fno_bhavcopy\2021\09\fo30SEP2021bhav.csv.zip,ok,,59768,2172,2021-09-30,2021-09-30,2026-06-25,7500.0,20500.0,803
C:\Ramgo\Business\Trading\India2026\Gitrade1\ctrade1\data\nse_fno_bhavcopy\2021\10\fo01OCT2021bhav.csv.zip,ok,,61794,2083,2021-10-01,2021-10-07,2026-06-25,7500.0,20500.0,679
C:\Ramgo\Business\Trading\India2026\Gitrade1\ctrade1\data\nse_fno_bhavcopy\2021\10\fo04OCT2021bhav.csv.zip,ok,,62128,2087,2021-10-04,2021-10-07,2026-06-25,7500.0,20500.0,715
C:\Ramgo\Business\Trading\India2026\Gitrade1\ctrade1\data\nse_fno_bhavcopy\2021\10\fo05OCT2021bhav.csv.zip,ok,,62532,2091,2021-10-05,2021-10-07,2026-06-25,7500.0,20500.0,740
C:\Ramgo\Business\Trading\India2026\Gitrade1\ctrade1\data\nse_fno_bhavcopy\2021\10\fo06OCT2021bhav.csv.zip,ok,,62890,2097,2021-10-06,2021-10-07,2026-06-25,7500.0,20500.0,778
C:\Ramgo\Business\Trading\India2026\Gitrade1\ctrade1\data\nse_fno_bhavcopy\2021\10\fo07OCT2021bhav.csv.zip,ok,,63120,2097,2021-10-07,2021-10-07,2026-06-25,7500.0,20500.0,801
C:\Ramgo\Business\Trading\India2026\Gitrade1\ctrade1\data\nse_fno_bhavcopy\2021\10\fo08OCT2021bhav.csv.zip,ok,,63344,2033,2021-10-08,2021-10-14,2026-06-25,7500.0,20500.0,668
C:\Ramgo\Business\Trading\India2026\Gitrade1\ctrade1\data\nse_fno_bhavcopy\2021\10\fo11OCT2021bhav.csv.zip,ok,,63756,2057,2021-10-11,2021-10-14,2026-06-25,7500.0,20500.0,696
C:\Ramgo\Business\Trading\India2026\Gitrade1\ctrade1\data\nse_fno_bhavcopy\2021\10\fo12OCT2021bhav.csv.zip,ok,,64154,2077,2021-10-12,2021-10-14,2026-06-25,7500.0,20500.0,707
C:\Ramgo\Business\Trading\India2026\Gitrade1\ctrade1\data\nse_fno_bhavcopy\2021\10\fo13OCT2021bhav.csv.zip,ok,,66266,2095,2021-10-13,2021-10-14,2026-06-25,7500.0,20500.0,753
C:\Ramgo\Business\Trading\India2026\Gitrade1\ctrade1\data\nse_fno_bhavcopy\2021\10\fo14OCT2021bhav.csv.zip,ok,,67158,2155,2021-10-14,2021-10-14,2026-06-25,7500.0,20500.0,815
C:\Ramgo\Business\Trading\India2026\Gitrade1\ctrade1\data\nse_fno_bhavcopy\2021\10\fo18OCT2021bhav.csv.zip,ok,,67831,2177,2021-10-18,2021-10-21,2026-06-25,7500.0,21000.0,727
C:\Ramgo\Business\Trading\India2026\Gitrade1\ctrade1\data\nse_fno_bhavcopy\2021\10\fo19OCT2021bhav.csv.zip,ok,,68509,2235,2021-10-19,2021-10-21,2026-06-25,7500.0,21000.0,762
C:\Ramgo\Business\Trading\India2026\Gitrade1\ctrade1\data\nse_fno_bhavcopy\2021\10\fo20OCT2021bhav.csv.zip,ok,,68658,2235,2021-10-20,2021-10-21,2026-06-25,7500.0,21000.0,755
C:\Ramgo\Business\Trading\India2026\Gitrade1\ctrade1\data\nse_fno_bhavcopy\2021\10\fo21OCT2021bhav.csv.zip,ok,,68730,2239,2021-10-21,2021-10-21,2026-06-25,7500.0,21000.0,827
C:\Ramgo\Business\Trading\India2026\Gitrade1\ctrade1\data\nse_fno_bhavcopy\2021\10\fo22OCT2021bhav.csv.zip,ok,,68726,2159,2021-10-22,2021-10-28,2026-06-25,7500.0,21000.0,683
C:\Ramgo\Business\Trading\India2026\Gitrade1\ctrade1\data\nse_fno_bhavcopy\2021\10\fo25OCT2021bhav.csv.zip,ok,,68906,2167,2021-10-25,2021-10-28,2026-06-25,7500.0,21000.0,711
C:\Ramgo\Business\Trading\India2026\Gitrade1\ctrade1\data\nse_fno_bhavcopy\2021\10\fo26OCT2021bhav.csv.zip,ok,,69300,2167,2021-10-26,2021-10-28,2026-06-25,7500.0,21000.0,728
C:\Ramgo\Business\Trading\India2026\Gitrade1\ctrade1\data\nse_fno_bhavcopy\2021\10\fo27OCT2021bhav.csv.zip,ok,,69338,2169,2021-10-27,2021-10-28,2026-06-25,7500.0,21000.0,770
C:\Ramgo\Business\Trading\India2026\Gitrade1\ctrade1\data\nse_fno_bhavcopy\2021\10\fo28OCT2021bhav.csv.zip,ok,,69568,2169,2021-10-28,2021-10-28,2026-06-25,7500.0,21000.0,850
C:\Ramgo\Business\Trading\India2026\Gitrade1\ctrade1\data\nse_fno_bhavcopy\2021\10\fo29OCT2021bhav.csv.zip,ok,,66568,2079,2021-10-29,2021-11-03,2026-06-25,7500.0,21000.0,725
C:\Ramgo\Business\Trading\India2026\Gitrade1\ctrade1\data\nse_fno_bhavcopy\2021\11\fo01NOV2021bhav.csv.zip,ok,,66748,2109,2021-11-01,2021-11-03,2026-06-25,7500.0,21000.0,709
C:\Ramgo\Business\Trading\India2026\Gitrade1\ctrade1\data\nse_fno_bhavcopy\2021\11\fo02NOV2021bhav.csv.zip,ok,,66842,2113,2021-11-02,2021-11-03,2026-06-25,7500.0,21000.0,716
C:\Ramgo\Business\Trading\India2026\Gitrade1\ctrade1\data\nse_fno_bhavcopy\2021\11\fo03NOV2021bhav.csv.zip,ok,,66925,2113,2021-11-03,2021-11-03,2026-06-25,7500.0,21000.0,774
C:\Ramgo\Business\Trading\India2026\Gitrade1\ctrade1\data\nse_fno_bhavcopy\2021\11\fo04NOV2021bhav.csv.zip,ok,,66881,2063,2021-11-04,2021-11-11,2026-06-25,7500.0,21000.0,491
C:\Ramgo\Business\Trading\India2026\Gitrade1\ctrade1\data\nse_fno_bhavcopy\2021\11\fo08NOV2021bhav.csv.zip,ok,,66935,2065,2021-11-08,2021-11-11,2026-06-25,7500.0,21000.0,689
C:\Ramgo\Business\Trading\India2026\Gitrade1\ctrade1\data\nse_fno_bhavcopy\2021\11\fo09NOV2021bhav.csv.zip,ok,,67271,2075,2021-11-09,2021-11-11,2026-06-25,7500.0,21000.0,666
C:\Ramgo\Business\Trading\India2026\Gitrade1\ctrade1\data\nse_fno_bhavcopy\2021\11\fo10NOV2021bhav.csv.zip,ok,,67406,2075,2021-11-10,2021-11-11,2026-06-25,7500.0,21000.0,700
C:\Ramgo\Business\Trading\India2026\Gitrade1\ctrade1\data\nse_fno_bhavcopy\2021\11\fo11NOV2021bhav.csv.zip,ok,,67536,2075,2021-11-11,2021-11-11,2026-06-25,7500.0,21000.0,726
C:\Ramgo\Business\Trading\India2026\Gitrade1\ctrade1\data\nse_fno_bhavcopy\2021\11\fo12NOV2021bhav.csv.zip,ok,,67632,2029,2021-11-12,2021-11-18,2026-06-25,7500.0,21000.0,627
C:\Ramgo\Business\Trading\India2026\Gitrade1\ctrade1\data\nse_fno_bhavcopy\2021\11\fo15NOV2021bhav.csv.zip,ok,,67804,2043,2021-11-15,2021-11-18,2026-06-25,7500.0,21000.0,650
C:\Ramgo\Business\Trading\India2026\Gitrade1\ctrade1\data\nse_fno_bhavcopy\2021\11\fo16NOV2021bhav.csv.zip,ok,,67990,2043,2021-11-16,2021-11-18,2026-06-25,7500.0,21000.0,665
C:\Ramgo\Business\Trading\India2026\Gitrade1\ctrade1\data\nse_fno_bhavcopy\2021\11\fo17NOV2021bhav.csv.zip,ok,,68077,2043,2021-11-17,2021-11-18,2026-06-25,7500.0,21000.0,704
C:\Ramgo\Business\Trading\India2026\Gitrade1\ctrade1\data\nse_fno_bhavcopy\2021\11\fo18NOV2021bhav.csv.zip,ok,,68305,2043,2021-11-18,2021-11-18,2026-06-25,7500.0,21000.0,773
C:\Ramgo\Business\Trading\India2026\Gitrade1\ctrade1\data\nse_fno_bhavcopy\2021\11\fo22NOV2021bhav.csv.zip,ok,,68297,2007,2021-11-22,2021-11-25,2026-06-25,7500.0,21000.0,786
C:\Ramgo\Business\Trading\India2026\Gitrade1\ctrade1\data\nse_fno_bhavcopy\2021\11\fo23NOV2021bhav.csv.zip,ok,,68705,2099,2021-11-23,2021-11-25,2026-06-25,7500.0,21000.0,839
C:\Ramgo\Business\Trading\India2026\Gitrade1\ctrade1\data\nse_fno_bhavcopy\2021\11\fo24NOV2021bhav.csv.zip,ok,,68688,2099,2021-11-24,2021-11-25,2026-06-25,7500.0,21000.0,796
C:\Ramgo\Business\Trading\India2026\Gitrade1\ctrade1\data\nse_fno_bhavcopy\2021\11\fo25NOV2021bhav.csv.zip,ok,,68724,2099,2021-11-25,2021-11-25,2026-06-25,7500.0,21000.0,824
C:\Ramgo\Business\Trading\India2026\Gitrade1\ctrade1\data\nse_fno_bhavcopy\2021\11\fo26NOV2021bhav.csv.zip,ok,,64364,2025,2021-11-26,2021-12-02,2026-06-25,7500.0,21000.0,799
C:\Ramgo\Business\Trading\India2026\Gitrade1\ctrade1\data\nse_fno_bhavcopy\2021\11\fo29NOV2021bhav.csv.zip,ok,,64992,2173,2021-11-29,2021-12-02,2026-06-25,7500.0,21000.0,834
C:\Ramgo\Business\Trading\India2026\Gitrade1\ctrade1\data\nse_fno_bhavcopy\2021\11\fo30NOV2021bhav.csv.zip,ok,,65110,2173,2021-11-30,2021-12-02,2026-06-25,7500.0,21000.0,828
C:\Ramgo\Business\Trading\India2026\Gitrade1\ctrade1\data\nse_fno_bhavcopy\2021\12\fo01DEC2021bhav.csv.zip,ok,,65264,2191,2021-12-01,2021-12-02,2026-06-25,7500.0,21000.0,826
C:\Ramgo\Business\Trading\India2026\Gitrade1\ctrade1\data\nse_fno_bhavcopy\2021\12\fo02DEC2021bhav.csv.zip,ok,,65306,2191,2021-12-02,2021-12-02,2026-06-25,7500.0,21000.0,859
C:\Ramgo\Business\Trading\India2026\Gitrade1\ctrade1\data\nse_fno_bhavcopy\2021\12\fo03DEC2021bhav.csv.zip,ok,,65218,2131,2021-12-03,2021-12-09,2026-06-25,7500.0,21000.0,776
C:\Ramgo\Business\Trading\India2026\Gitrade1\ctrade1\data\nse_fno_bhavcopy\2021\12\fo06DEC2021bhav.csv.zip,ok,,65286,2139,2021-12-06,2021-12-09,2026-06-25,7500.0,21000.0,809
C:\Ramgo\Business\Trading\India2026\Gitrade1\ctrade1\data\nse_fno_bhavcopy\2021\12\fo07DEC2021bhav.csv.zip,ok,,65596,2187,2021-12-07,2021-12-09,2026-06-25,7500.0,21000.0,779
C:\Ramgo\Business\Trading\India2026\Gitrade1\ctrade1\data\nse_fno_bhavcopy\2021\12\fo08DEC2021bhav.csv.zip,ok,,65595,2187,2021-12-08,2021-12-09,2026-06-25,7500.0,21000.0,784
C:\Ramgo\Business\Trading\India2026\Gitrade1\ctrade1\data\nse_fno_bhavcopy\2021\12\fo09DEC2021bhav.csv.zip,ok,,65769,2189,2021-12-09,2021-12-09,2026-06-25,7500.0,21000.0,835
C:\Ramgo\Business\Trading\India2026\Gitrade1\ctrade1\data\nse_fno_bhavcopy\2021\12\fo10DEC2021bhav.csv.zip,ok,,65609,2127,2021-12-10,2021-12-16,2026-06-25,7500.0,21000.0,714
C:\Ramgo\Business\Trading\India2026\Gitrade1\ctrade1\data\nse_fno_bhavcopy\2021\12\fo13DEC2021bhav.csv.zip,ok,,65645,2127,2021-12-13,2021-12-16,2026-06-25,7500.0,21000.0,745
C:\Ramgo\Business\Trading\India2026\Gitrade1\ctrade1\data\nse_fno_bhavcopy\2021\12\fo14DEC2021bhav.csv.zip,ok,,65691,2133,2021-12-14,2021-12-16,2026-06-25,7500.0,21000.0,724
C:\Ramgo\Business\Trading\India2026\Gitrade1\ctrade1\data\nse_fno_bhavcopy\2021\12\fo15DEC2021bhav.csv.zip,ok,,65847,2135,2021-12-15,2021-12-16,2026-06-25,7500.0,21000.0,733
C:\Ramgo\Business\Trading\India2026\Gitrade1\ctrade1\data\nse_fno_bhavcopy\2021\12\fo16DEC2021bhav.csv.zip,ok,,65887,2139,2021-12-16,2021-12-16,2026-06-25,7500.0,21000.0,761
C:\Ramgo\Business\Trading\India2026\Gitrade1\ctrade1\data\nse_fno_bhavcopy\2021\12\fo17DEC2021bhav.csv.zip,ok,,65759,2075,2021-12-17,2021-12-23,2026-06-25,7500.0,21000.0,692
C:\Ramgo\Business\Trading\India2026\Gitrade1\ctrade1\data\nse_fno_bhavcopy\2021\12\fo20DEC2021bhav.csv.zip,ok,,66055,2093,2021-12-20,2021-12-23,2026-06-25,7500.0,21000.0,762
C:\Ramgo\Business\Trading\India2026\Gitrade1\ctrade1\data\nse_fno_bhavcopy\2021\12\fo21DEC2021bhav.csv.zip,ok,,67015,2223,2021-12-21,2021-12-23,2026-06-25,7500.0,21000.0,794
C:\Ramgo\Business\Trading\India2026\Gitrade1\ctrade1\data\nse_fno_bhavcopy\2021\12\fo22DEC2021bhav.csv.zip,ok,,66997,2223,2021-12-22,2021-12-23,2026-06-25,7500.0,21000.0,772
C:\Ramgo\Business\Trading\India2026\Gitrade1\ctrade1\data\nse_fno_bhavcopy\2021\12\fo23DEC2021bhav.csv.zip,ok,,67001,2223,2021-12-23,2021-12-23,2026-06-25,7500.0,21000.0,808
C:\Ramgo\Business\Trading\India2026\Gitrade1\ctrade1\data\nse_fno_bhavcopy\2021\12\fo24DEC2021bhav.csv.zip,ok,,66831,2157,2021-12-24,2021-12-30,2026-06-25,7500.0,21000.0,717
C:\Ramgo\Business\Trading\India2026\Gitrade1\ctrade1\data\nse_fno_bhavcopy\2021\12\fo27DEC2021bhav.csv.zip,ok,,67009,2159,2021-12-27,2021-12-30,2026-06-25,7500.0,21000.0,748
C:\Ramgo\Business\Trading\India2026\Gitrade1\ctrade1\data\nse_fno_bhavcopy\2021\12\fo28DEC2021bhav.csv.zip,ok,,67059,2161,2021-12-28,2021-12-30,2026-06-25,7500.0,21000.0,744
C:\Ramgo\Business\Trading\India2026\Gitrade1\ctrade1\data\nse_fno_bhavcopy\2021\12\fo29DEC2021bhav.csv.zip,ok,,67039,2167,2021-12-29,2021-12-30,2026-06-25,7500.0,21000.0,763
C:\Ramgo\Business\Trading\India2026\Gitrade1\ctrade1\data\nse_fno_bhavcopy\2021\12\fo30DEC2021bhav.csv.zip,ok,,67065,2167,2021-12-30,2021-12-30,2026-06-25,7500.0,21000.0,814
C:\Ramgo\Business\Trading\India2026\Gitrade1\ctrade1\data\nse_fno_bhavcopy\2021\12\fo31DEC2021bhav.csv.zip,ok,,68195,1969,2021-12-31,2022-01-06,2026-12-31,7500.0,22000.0,676
C:\Ramgo\Business\Trading\India2026\Gitrade1\ctrade1\data\nse_fno_bhavcopy\2022\01\fo03JAN2022bhav.csv.zip,ok,,68483,1983,2022-01-03,2022-01-06,2026-12-31,7500.0,22000.0,720
C:\Ramgo\Business\Trading\India2026\Gitrade1\ctrade1\data\nse_fno_bhavcopy\2022\01\fo04JAN2022bhav.csv.zip,ok,,68799,2055,2022-01-04,2022-01-06,2026-12-31,7500.0,23000.0,744
C:\Ramgo\Business\Trading\India2026\Gitrade1\ctrade1\data\nse_fno_bhavcopy\2022\01\fo05JAN2022bhav.csv.zip,ok,,69021,2093,2022-01-05,2022-01-06,2026-12-31,7500.0,23000.0,784
C:\Ramgo\Business\Trading\India2026\Gitrade1\ctrade1\data\nse_fno_bhavcopy\2022\01\fo06JAN2022bhav.csv.zip,ok,,69263,2135,2022-01-06,2022-01-06,2026-12-31,7500.0,23000.0,798
C:\Ramgo\Business\Trading\India2026\Gitrade1\ctrade1\data\nse_fno_bhavcopy\2022\01\fo07JAN2022bhav.csv.zip,ok,,70849,2075,2022-01-07,2022-01-13,2026-12-31,7500.0,23000.0,701
C:\Ramgo\Business\Trading\India2026\Gitrade1\ctrade1\data\nse_fno_bhavcopy\2022\01\fo10JAN2022bhav.csv.zip,ok,,70903,2077,2022-01-10,2022-01-13,2026-12-31,7500.0,23000.0,712
C:\Ramgo\Business\Trading\India2026\Gitrade1\ctrade1\data\nse_fno_bhavcopy\2022\01\fo11JAN2022bhav.csv.zip,ok,,71067,2097,2022-01-11,2022-01-13,2026-12-31,7500.0,23000.0,726
C:\Ramgo\Business\Trading\India2026\Gitrade1\ctrade1\data\nse_fno_bhavcopy\2022\01\fo12JAN2022bhav.csv.zip,ok,,71143,2113,2022-01-12,2022-01-13,2026-12-31,7500.0,23000.0,732
C:\Ramgo\Business\Trading\India2026\Gitrade1\ctrade1\data\nse_fno_bhavcopy\2022\01\fo13JAN2022bhav.csv.zip,ok,,71355,2169,2022-01-13,2022-01-13,2026-12-31,7500.0,23000.0,760
C:\Ramgo\Business\Trading\India2026\Gitrade1\ctrade1\data\nse_fno_bhavcopy\2022\01\fo14JAN2022bhav.csv.zip,ok,,71071,2123,2022-01-14,2022-01-20,2026-12-31,7500.0,23000.0,663
C:\Ramgo\Business\Trading\India2026\Gitrade1\ctrade1\data\nse_fno_bhavcopy\2022\01\fo17JAN2022bhav.csv.zip,ok,,71283,2123,2022-01-17,2022-01-20,2026-12-31,7500.0,23000.0,683
C:\Ramgo\Business\Trading\India2026\Gitrade1\ctrade1\data\nse_fno_bhavcopy\2022\01\fo18JAN2022bhav.csv.zip,ok,,71435,2143,2022-01-18,2022-01-20,2026-12-31,7500.0,23000.0,745
C:\Ramgo\Business\Trading\India2026\Gitrade1\ctrade1\data\nse_fno_bhavcopy\2022\01\fo19JAN2022bhav.csv.zip,ok,,71439,2149,2022-01-19,2022-01-20,2026-12-31,7500.0,23000.0,749
C:\Ramgo\Business\Trading\India2026\Gitrade1\ctrade1\data\nse_fno_bhavcopy\2022\01\fo20JAN2022bhav.csv.zip,ok,,71503,2155,2022-01-20,2022-01-20,2026-12-31,7500.0,23000.0,793
C:\Ramgo\Business\Trading\India2026\Gitrade1\ctrade1\data\nse_fno_bhavcopy\2022\01\fo21JAN2022bhav.csv.zip,ok,,71421,2095,2022-01-21,2022-01-27,2026-12-31,7500.0,23000.0,691
C:\Ramgo\Business\Trading\India2026\Gitrade1\ctrade1\data\nse_fno_bhavcopy\2022\01\fo24JAN2022bhav.csv.zip,ok,,72781,2113,2022-01-24,2022-01-27,2026-12-31,7500.0,23000.0,773
C:\Ramgo\Business\Trading\India2026\Gitrade1\ctrade1\data\nse_fno_bhavcopy\2022\01\fo25JAN2022bhav.csv.zip,ok,,73403,2169,2022-01-25,2022-01-27,2026-12-31,7500.0,23000.0,809
C:\Ramgo\Business\Trading\India2026\Gitrade1\ctrade1\data\nse_fno_bhavcopy\2022\01\fo27JAN2022bhav.csv.zip,ok,,73731,2169,2022-01-27,2022-01-27,2026-12-31,7500.0,23000.0,862
C:\Ramgo\Business\Trading\India2026\Gitrade1\ctrade1\data\nse_fno_bhavcopy\2022\01\fo28JAN2022bhav.csv.zip,ok,,69817,2109,2022-01-28,2022-02-03,2026-12-31,7500.0,23000.0,746
C:\Ramgo\Business\Trading\India2026\Gitrade1\ctrade1\data\nse_fno_bhavcopy\2022\01\fo31JAN2022bhav.csv.zip,ok,,69891,2109,2022-01-31,2022-02-03,2026-12-31,7500.0,23000.0,754
C:\Ramgo\Business\Trading\India2026\Gitrade1\ctrade1\data\nse_fno_bhavcopy\2022\02\fo01FEB2022bhav.csv.zip,ok,,69975,2119,2022-02-01,2022-02-03,2026-12-31,7500.0,23000.0,800
C:\Ramgo\Business\Trading\India2026\Gitrade1\ctrade1\data\nse_fno_bhavcopy\2022\02\fo02FEB2022bhav.csv.zip,ok,,70047,2129,2022-02-02,2022-02-03,2026-12-31,7500.0,23000.0,816
C:\Ramgo\Business\Trading\India2026\Gitrade1\ctrade1\data\nse_fno_bhavcopy\2022\02\fo03FEB2022bhav.csv.zip,ok,,70295,2139,2022-02-03,2022-02-03,2026-12-31,7500.0,23000.0,864
C:\Ramgo\Business\Trading\India2026\Gitrade1\ctrade1\data\nse_fno_bhavcopy\2022\02\fo04FEB2022bhav.csv.zip,ok,,70001,2071,2022-02-04,2022-02-10,2026-12-31,7500.0,23000.0,751
C:\Ramgo\Business\Trading\India2026\Gitrade1\ctrade1\data\nse_fno_bhavcopy\2022\02\fo07FEB2022bhav.csv.zip,ok,,70083,2073,2022-02-07,2022-02-10,2026-12-31,7500.0,23000.0,784
C:\Ramgo\Business\Trading\India2026\Gitrade1\ctrade1\data\nse_fno_bhavcopy\2022\02\fo08FEB2022bhav.csv.zip,ok,,70299,2085,2022-02-08,2022-02-10,2026-12-31,7500.0,23000.0,819
C:\Ramgo\Business\Trading\India2026\Gitrade1\ctrade1\data\nse_fno_bhavcopy\2022\02\fo09FEB2022bhav.csv.zip,ok,,70339,2085,2022-02-09,2022-02-10,2026-12-31,7500.0,23000.0,813
C:\Ramgo\Business\Trading\India2026\Gitrade1\ctrade1\data\nse_fno_bhavcopy\2022\02\fo10FEB2022bhav.csv.zip,ok,,70393,2085,2022-02-10,2022-02-10,2026-12-31,7500.0,23000.0,851
C:\Ramgo\Business\Trading\India2026\Gitrade1\ctrade1\data\nse_fno_bhavcopy\2022\02\fo11FEB2022bhav.csv.zip,ok,,70123,2019,2022-02-11,2022-02-17,2026-12-31,7500.0,23000.0,712
C:\Ramgo\Business\Trading\India2026\Gitrade1\ctrade1\data\nse_fno_bhavcopy\2022\02\fo14FEB2022bhav.csv.zip,ok,,70461,2029,2022-02-14,2022-02-17,2026-12-31,7500.0,23000.0,795
C:\Ramgo\Business\Trading\India2026\Gitrade1\ctrade1\data\nse_fno_bhavcopy\2022\02\fo15FEB2022bhav.csv.zip,ok,,71075,2117,2022-02-15,2022-02-17,2026-12-31,7500.0,23000.0,845
C:\Ramgo\Business\Trading\India2026\Gitrade1\ctrade1\data\nse_fno_bhavcopy\2022\02\fo16FEB2022bhav.csv.zip,ok,,71083,2117,2022-02-16,2022-02-17,2026-12-31,7500.0,23000.0,840
C:\Ramgo\Business\Trading\India2026\Gitrade1\ctrade1\data\nse_fno_bhavcopy\2022\02\fo17FEB2022bhav.csv.zip,ok,,71127,2117,2022-02-17,2022-02-17,2026-12-31,7500.0,23000.0,849
C:\Ramgo\Business\Trading\India2026\Gitrade1\ctrade1\data\nse_fno_bhavcopy\2022\02\fo18FEB2022bhav.csv.zip,ok,,70817,2049,2022-02-18,2022-02-24,2026-12-31,7500.0,23000.0,762
C:\Ramgo\Business\Trading\India2026\Gitrade1\ctrade1\data\nse_fno_bhavcopy\2022\02\fo21FEB2022bhav.csv.zip,ok,,70927,2049,2022-02-21,2022-02-24,2026-12-31,7500.0,23000.0,803
C:\Ramgo\Business\Trading\India2026\Gitrade1\ctrade1\data\nse_fno_bhavcopy\2022\02\fo22FEB2022bhav.csv.zip,ok,,71119,2053,2022-02-22,2022-02-24,2026-12-31,7500.0,23000.0,817
C:\Ramgo\Business\Trading\India2026\Gitrade1\ctrade1\data\nse_fno_bhavcopy\2022\02\fo23FEB2022bhav.csv.zip,ok,,71329,2057,2022-02-23,2022-02-24,2026-12-31,7500.0,23000.0,841
C:\Ramgo\Business\Trading\India2026\Gitrade1\ctrade1\data\nse_fno_bhavcopy\2022\02\fo24FEB2022bhav.csv.zip,ok,,72217,2059,2022-02-24,2022-02-24,2026-12-31,7500.0,23000.0,943
C:\Ramgo\Business\Trading\India2026\Gitrade1\ctrade1\data\nse_fno_bhavcopy\2022\02\fo25FEB2022bhav.csv.zip,ok,,67996,2229,2022-02-25,2022-03-03,2026-12-31,7500.0,23000.0,854
C:\Ramgo\Business\Trading\India2026\Gitrade1\ctrade1\data\nse_fno_bhavcopy\2022\02\fo28FEB2022bhav.csv.zip,ok,,68042,2245,2022-02-28,2022-03-03,2026-12-31,7500.0,23000.0,918
C:\Ramgo\Business\Trading\India2026\Gitrade1\ctrade1\data\nse_fno_bhavcopy\2022\03\fo02MAR2022bhav.csv.zip,ok,,67992,2251,2022-03-02,2022-03-03,2026-12-31,7500.0,23000.0,903
C:\Ramgo\Business\Trading\India2026\Gitrade1\ctrade1\data\nse_fno_bhavcopy\2022\03\fo03MAR2022bhav.csv.zip,ok,,68130,2251,2022-03-03,2022-03-03,2026-12-31,7500.0,23000.0,924
C:\Ramgo\Business\Trading\India2026\Gitrade1\ctrade1\data\nse_fno_bhavcopy\2022\03\fo04MAR2022bhav.csv.zip,ok,,68320,2169,2022-03-04,2022-03-10,2026-12-31,7500.0,23000.0,857
C:\Ramgo\Business\Trading\India2026\Gitrade1\ctrade1\data\nse_fno_bhavcopy\2022\03\fo07MAR2022bhav.csv.zip,ok,,68820,2179,2022-03-07,2022-03-10,2026-12-31,7500.0,23000.0,886
C:\Ramgo\Business\Trading\India2026\Gitrade1\ctrade1\data\nse_fno_bhavcopy\2022\03\fo08MAR2022bhav.csv.zip,ok,,70218,2337,2022-03-08,2022-03-10,2026-12-31,7500.0,23000.0,932
C:\Ramgo\Business\Trading\India2026\Gitrade1\ctrade1\data\nse_fno_bhavcopy\2022\03\fo09MAR2022bhav.csv.zip,ok,,70168,2337,2022-03-09,2022-03-10,2026-12-31,7500.0,23000.0,945
C:\Ramgo\Business\Trading\India2026\Gitrade1\ctrade1\data\nse_fno_bhavcopy\2022\03\fo10MAR2022bhav.csv.zip,ok,,70206,2337,2022-03-10,2022-03-10,2026-12-31,7500.0,23000.0,1013
C:\Ramgo\Business\Trading\India2026\Gitrade1\ctrade1\data\nse_fno_bhavcopy\2022\03\fo11MAR2022bhav.csv.zip,ok,,70016,2243,2022-03-11,2022-03-17,2026-12-31,7500.0,23000.0,877
C:\Ramgo\Business\Trading\India2026\Gitrade1\ctrade1\data\nse_fno_bhavcopy\2022\03\fo14MAR2022bhav.csv.zip,ok,,70152,2247,2022-03-14,2022-03-17,2026-12-31,7500.0,23000.0,879
C:\Ramgo\Business\Trading\India2026\Gitrade1\ctrade1\data\nse_fno_bhavcopy\2022\03\fo15MAR2022bhav.csv.zip,ok,,70266,2265,2022-03-15,2022-03-17,2026-12-31,7500.0,23000.0,908
C:\Ramgo\Business\Trading\India2026\Gitrade1\ctrade1\data\nse_fno_bhavcopy\2022\03\fo16MAR2022bhav.csv.zip,ok,,70180,2265,2022-03-16,2022-03-17,2026-12-31,7500.0,23000.0,901
C:\Ramgo\Business\Trading\India2026\Gitrade1\ctrade1\data\nse_fno_bhavcopy\2022\03\fo17MAR2022bhav.csv.zip,ok,,70252,2283,2022-03-17,2022-03-17,2026-12-31,7500.0,23000.0,973
C:\Ramgo\Business\Trading\India2026\Gitrade1\ctrade1\data\nse_fno_bhavcopy\2022\03\fo21MAR2022bhav.csv.zip,ok,,70210,2221,2022-03-21,2022-03-24,2026-12-31,7500.0,23000.0,806
C:\Ramgo\Business\Trading\India2026\Gitrade1\ctrade1\data\nse_fno_bhavcopy\2022\03\fo22MAR2022bhav.csv.zip,ok,,70298,2229,2022-03-22,2022-03-24,2026-12-31,7500.0,23000.0,879
C:\Ramgo\Business\Trading\India2026\Gitrade1\ctrade1\data\nse_fno_bhavcopy\2022\03\fo23MAR2022bhav.csv.zip,ok,,70304,2229,2022-03-23,2022-03-24,2026-12-31,7500.0,23000.0,890
C:\Ramgo\Business\Trading\India2026\Gitrade1\ctrade1\data\nse_fno_bhavcopy\2022\03\fo24MAR2022bhav.csv.zip,ok,,70376,2229,2022-03-24,2022-03-24,2026-12-31,7500.0,23000.0,897
C:\Ramgo\Business\Trading\India2026\Gitrade1\ctrade1\data\nse_fno_bhavcopy\2022\03\fo25MAR2022bhav.csv.zip,ok,,70236,2151,2022-03-25,2022-03-31,2026-12-31,7500.0,23000.0,814
C:\Ramgo\Business\Trading\India2026\Gitrade1\ctrade1\data\nse_fno_bhavcopy\2022\03\fo28MAR2022bhav.csv.zip,ok,,70292,2153,2022-03-28,2022-03-31,2026-12-31,7500.0,23000.0,849
C:\Ramgo\Business\Trading\India2026\Gitrade1\ctrade1\data\nse_fno_bhavcopy\2022\03\fo29MAR2022bhav.csv.zip,ok,,70418,2153,2022-03-29,2022-03-31,2026-12-31,7500.0,23000.0,852
C:\Ramgo\Business\Trading\India2026\Gitrade1\ctrade1\data\nse_fno_bhavcopy\2022\03\fo30MAR2022bhav.csv.zip,ok,,70412,2169,2022-03-30,2022-03-31,2026-12-31,7500.0,23000.0,855
C:\Ramgo\Business\Trading\India2026\Gitrade1\ctrade1\data\nse_fno_bhavcopy\2022\03\fo31MAR2022bhav.csv.zip,ok,,70510,2205,2022-03-31,2022-03-31,2026-12-31,7500.0,23000.0,883
C:\Ramgo\Business\Trading\India2026\Gitrade1\ctrade1\data\nse_fno_bhavcopy\2022\04\fo01APR2022bhav.csv.zip,ok,,67703,2105,2022-04-01,2022-04-07,2026-12-31,7500.0,23000.0,791
C:\Ramgo\Business\Trading\India2026\Gitrade1\ctrade1\data\nse_fno_bhavcopy\2022\04\fo04APR2022bhav.csv.zip,ok,,68923,2153,2022-04-04,2022-04-07,2026-12-31,7500.0,23000.0,857
C:\Ramgo\Business\Trading\India2026\Gitrade1\ctrade1\data\nse_fno_bhavcopy\2022\04\fo05APR2022bhav.csv.zip,ok,,69495,2307,2022-04-05,2022-04-07,2026-12-31,7500.0,23000.0,916
C:\Ramgo\Business\Trading\India2026\Gitrade1\ctrade1\data\nse_fno_bhavcopy\2022\04\fo06APR2022bhav.csv.zip,ok,,69577,2307,2022-04-06,2022-04-07,2026-12-31,7500.0,23000.0,927
C:\Ramgo\Business\Trading\India2026\Gitrade1\ctrade1\data\nse_fno_bhavcopy\2022\04\fo07APR2022bhav.csv.zip,ok,,69765,2307,2022-04-07,2022-04-07,2026-12-31,7500.0,23000.0,952
C:\Ramgo\Business\Trading\India2026\Gitrade1\ctrade1\data\nse_fno_bhavcopy\2022\04\fo08APR2022bhav.csv.zip,ok,,69615,2219,2022-04-08,2022-04-13,2026-12-31,7500.0,23000.0,865
C:\Ramgo\Business\Trading\India2026\Gitrade1\ctrade1\data\nse_fno_bhavcopy\2022\04\fo11APR2022bhav.csv.zip,ok,,69713,2225,2022-04-11,2022-04-13,2026-12-31,7500.0,23000.0,867
C:\Ramgo\Business\Trading\India2026\Gitrade1\ctrade1\data\nse_fno_bhavcopy\2022\04\fo12APR2022bhav.csv.zip,ok,,69793,2225,2022-04-12,2022-04-13,2026-12-31,7500.0,23000.0,882
C:\Ramgo\Business\Trading\India2026\Gitrade1\ctrade1\data\nse_fno_bhavcopy\2022\04\fo13APR2022bhav.csv.zip,ok,,69743,2229,2022-04-13,2022-04-13,2026-12-31,7500.0,23000.0,931
C:\Ramgo\Business\Trading\India2026\Gitrade1\ctrade1\data\nse_fno_bhavcopy\2022\04\fo18APR2022bhav.csv.zip,ok,,69617,2143,2022-04-18,2022-04-21,2026-12-31,7500.0,23000.0,827
C:\Ramgo\Business\Trading\India2026\Gitrade1\ctrade1\data\nse_fno_bhavcopy\2022\04\fo19APR2022bhav.csv.zip,ok,,69863,2183,2022-04-19,2022-04-21,2026-12-31,7500.0,23000.0,885
C:\Ramgo\Business\Trading\India2026\Gitrade1\ctrade1\data\nse_fno_bhavcopy\2022\04\fo20APR2022bhav.csv.zip,ok,,69887,2219,2022-04-20,2022-04-21,2026-12-31,7500.0,23000.0,919
C:\Ramgo\Business\Trading\India2026\Gitrade1\ctrade1\data\nse_fno_bhavcopy\2022\04\fo21APR2022bhav.csv.zip,ok,,69941,2219,2022-04-21,2022-04-21,2026-12-31,7500.0,23000.0,891
C:\Ramgo\Business\Trading\India2026\Gitrade1\ctrade1\data\nse_fno_bhavcopy\2022\04\fo22APR2022bhav.csv.zip,ok,,69883,2131,2022-04-22,2022-04-28,2026-12-31,7500.0,23000.0,786
C:\Ramgo\Business\Trading\India2026\Gitrade1\ctrade1\data\nse_fno_bhavcopy\2022\04\fo25APR2022bhav.csv.zip,ok,,69951,2141,2022-04-25,2022-04-28,2026-12-31,7500.0,23000.0,869
C:\Ramgo\Business\Trading\India2026\Gitrade1\ctrade1\data\nse_fno_bhavcopy\2022\04\fo26APR2022bhav.csv.zip,ok,,70017,2149,2022-04-26,2022-04-28,2026-12-31,7500.0,23000.0,871
C:\Ramgo\Business\Trading\India2026\Gitrade1\ctrade1\data\nse_fno_bhavcopy\2022\04\fo27APR2022bhav.csv.zip,ok,,70025,2149,2022-04-27,2022-04-28,2026-12-31,7500.0,23000.0,878
C:\Ramgo\Business\Trading\India2026\Gitrade1\ctrade1\data\nse_fno_bhavcopy\2022\04\fo28APR2022bhav.csv.zip,ok,,70063,2149,2022-04-28,2022-04-28,2026-12-31,7500.0,23000.0,942
C:\Ramgo\Business\Trading\India2026\Gitrade1\ctrade1\data\nse_fno_bhavcopy\2022\04\fo29APR2022bhav.csv.zip,ok,,64910,2061,2022-04-29,2022-05-05,2026-12-31,7500.0,23000.0,824
C:\Ramgo\Business\Trading\India2026\Gitrade1\ctrade1\data\nse_fno_bhavcopy\2022\05\fo02MAY2022bhav.csv.zip,ok,,64932,2067,2022-05-02,2022-05-05,2026-12-31,7500.0,23000.0,879
C:\Ramgo\Business\Trading\India2026\Gitrade1\ctrade1\data\nse_fno_bhavcopy\2022\05\fo04MAY2022bhav.csv.zip,ok,,64896,2069,2022-05-04,2022-05-05,2026-12-31,7500.0,23000.0,925
C:\Ramgo\Business\Trading\India2026\Gitrade1\ctrade1\data\nse_fno_bhavcopy\2022\05\fo05MAY2022bhav.csv.zip,ok,,65212,2143,2022-05-05,2022-05-05,2026-12-31,7500.0,23000.0,907
C:\Ramgo\Business\Trading\India2026\Gitrade1\ctrade1\data\nse_fno_bhavcopy\2022\05\fo06MAY2022bhav.csv.zip,ok,,65106,2055,2022-05-06,2022-05-12,2026-12-31,7500.0,23000.0,834
C:\Ramgo\Business\Trading\India2026\Gitrade1\ctrade1\data\nse_fno_bhavcopy\2022\05\fo09MAY2022bhav.csv.zip,ok,,65560,2159,2022-05-09,2022-05-12,2026-12-31,7500.0,23000.0,918
C:\Ramgo\Business\Trading\India2026\Gitrade1\ctrade1\data\nse_fno_bhavcopy\2022\05\fo10MAY2022bhav.csv.zip,ok,,65850,2195,2022-05-10,2022-05-12,2026-12-31,7500.0,23000.0,845
C:\Ramgo\Business\Trading\India2026\Gitrade1\ctrade1\data\nse_fno_bhavcopy\2022\05\fo11MAY2022bhav.csv.zip,ok,,66236,2213,2022-05-11,2022-05-12,2026-12-31,7500.0,23000.0,896
C:\Ramgo\Business\Trading\India2026\Gitrade1\ctrade1\data\nse_fno_bhavcopy\2022\05\fo12MAY2022bhav.csv.zip,ok,,66426,2249,2022-05-12,2022-05-12,2026-12-31,7500.0,23000.0,951
C:\Ramgo\Business\Trading\India2026\Gitrade1\ctrade1\data\nse_fno_bhavcopy\2022\05\fo13MAY2022bhav.csv.zip,ok,,66984,2285,2022-05-13,2022-05-19,2026-12-31,7500.0,23000.0,857
C:\Ramgo\Business\Trading\India2026\Gitrade1\ctrade1\data\nse_fno_bhavcopy\2022\05\fo16MAY2022bhav.csv.zip,ok,,67762,2285,2022-05-16,2022-05-19,2026-12-31,7500.0,23000.0,852
C:\Ramgo\Business\Trading\India2026\Gitrade1\ctrade1\data\nse_fno_bhavcopy\2022\05\fo17MAY2022bhav.csv.zip,ok,,67796,2287,2022-05-17,2022-05-19,2026-12-31,7500.0,23000.0,879
C:\Ramgo\Business\Trading\India2026\Gitrade1\ctrade1\data\nse_fno_bhavcopy\2022\05\fo18MAY2022bhav.csv.zip,ok,,67744,2303,2022-05-18,2022-05-19,2026-12-31,7500.0,23000.0,925
C:\Ramgo\Business\Trading\India2026\Gitrade1\ctrade1\data\nse_fno_bhavcopy\2022\05\fo19MAY2022bhav.csv.zip,ok,,67788,2303,2022-05-19,2022-05-19,2026-12-31,7500.0,23000.0,948
C:\Ramgo\Business\Trading\India2026\Gitrade1\ctrade1\data\nse_fno_bhavcopy\2022\05\fo20MAY2022bhav.csv.zip,ok,,67928,2213,2022-05-20,2022-05-26,2026-12-31,7500.0,23000.0,848
C:\Ramgo\Business\Trading\India2026\Gitrade1\ctrade1\data\nse_fno_bhavcopy\2022\05\fo23MAY2022bhav.csv.zip,ok,,68062,2231,2022-05-23,2022-05-26,2026-12-31,7500.0,23000.0,855
C:\Ramgo\Business\Trading\India2026\Gitrade1\ctrade1\data\nse_fno_bhavcopy\2022\05\fo24MAY2022bhav.csv.zip,ok,,68138,2231,2022-05-24,2022-05-26,2026-12-31,7500.0,23000.0,850
C:\Ramgo\Business\Trading\India2026\Gitrade1\ctrade1\data\nse_fno_bhavcopy\2022\05\fo25MAY2022bhav.csv.zip,ok,,68142,2231,2022-05-25,2022-05-26,2026-12-31,7500.0,23000.0,877
C:\Ramgo\Business\Trading\India2026\Gitrade1\ctrade1\data\nse_fno_bhavcopy\2022\05\fo26MAY2022bhav.csv.zip,ok,,68536,2231,2022-05-26,2022-05-26,2026-12-31,7500.0,23000.0,977
C:\Ramgo\Business\Trading\India2026\Gitrade1\ctrade1\data\nse_fno_bhavcopy\2022\05\fo27MAY2022bhav.csv.zip,ok,,63325,2141,2022-05-27,2022-06-02,2026-12-31,7500.0,23000.0,872
C:\Ramgo\Business\Trading\India2026\Gitrade1\ctrade1\data\nse_fno_bhavcopy\2022\05\fo30MAY2022bhav.csv.zip,ok,,63445,2157,2022-05-30,2022-06-02,2026-12-31,7500.0,23000.0,942
C:\Ramgo\Business\Trading\India2026\Gitrade1\ctrade1\data\nse_fno_bhavcopy\2022\05\fo31MAY2022bhav.csv.zip,ok,,63589,2193,2022-05-31,2022-06-02,2026-12-31,7500.0,23000.0,932
C:\Ramgo\Business\Trading\India2026\Gitrade1\ctrade1\data\nse_fno_bhavcopy\2022\06\fo01JUN2022bhav.csv.zip,ok,,63575,2193,2022-06-01,2022-06-02,2026-12-31,7500.0,23000.0,943
C:\Ramgo\Business\Trading\India2026\Gitrade1\ctrade1\data\nse_fno_bhavcopy\2022\06\fo02JUN2022bhav.csv.zip,ok,,63623,2193,2022-06-02,2022-06-02,2026-12-31,7500.0,23000.0,972
C:\Ramgo\Business\Trading\India2026\Gitrade1\ctrade1\data\nse_fno_bhavcopy\2022\06\fo03JUN2022bhav.csv.zip,ok,,63475,2103,2022-06-03,2022-06-09,2026-12-31,7500.0,23000.0,856
C:\Ramgo\Business\Trading\India2026\Gitrade1\ctrade1\data\nse_fno_bhavcopy\2022\06\fo06JUN2022bhav.csv.zip,ok,,63555,2105,2022-06-06,2022-06-09,2026-12-31,7500.0,23000.0,853
C:\Ramgo\Business\Trading\India2026\Gitrade1\ctrade1\data\nse_fno_bhavcopy\2022\06\fo07JUN2022bhav.csv.zip,ok,,63611,2107,2022-06-07,2022-06-09,2026-12-31,7500.0,23000.0,904
C:\Ramgo\Business\Trading\India2026\Gitrade1\ctrade1\data\nse_fno_bhavcopy\2022\06\fo08JUN2022bhav.csv.zip,ok,,63591,2113,2022-06-08,2022-06-09,2026-12-31,7500.0,23000.0,923
C:\Ramgo\Business\Trading\India2026\Gitrade1\ctrade1\data\nse_fno_bhavcopy\2022\06\fo09JUN2022bhav.csv.zip,ok,,63667,2115,2022-06-09,2022-06-09,2026-12-31,7500.0,23000.0,972
C:\Ramgo\Business\Trading\India2026\Gitrade1\ctrade1\data\nse_fno_bhavcopy\2022\06\fo10JUN2022bhav.csv.zip,ok,,63559,2035,2022-06-10,2022-06-16,2026-12-31,7500.0,23000.0,845
C:\Ramgo\Business\Trading\India2026\Gitrade1\ctrade1\data\nse_fno_bhavcopy\2022\06\fo13JUN2022bhav.csv.zip,ok,,63635,2053,2022-06-13,2022-06-16,2026-12-31,7500.0,23000.0,905
C:\Ramgo\Business\Trading\India2026\Gitrade1\ctrade1\data\nse_fno_bhavcopy\2022\06\fo14JUN2022bhav.csv.zip,ok,,64073,2119,2022-06-14,2022-06-16,2026-12-31,7500.0,23000.0,926
C:\Ramgo\Business\Trading\India2026\Gitrade1\ctrade1\data\nse_fno_bhavcopy\2022\06\fo15JUN2022bhav.csv.zip,ok,,64135,2119,2022-06-15,2022-06-16,2026-12-31,7500.0,23000.0,895
C:\Ramgo\Business\Trading\India2026\Gitrade1\ctrade1\data\nse_fno_bhavcopy\2022\06\fo16JUN2022bhav.csv.zip,ok,,64215,2139,2022-06-16,2022-06-16,2026-12-31,7500.0,23000.0,1010
C:\Ramgo\Business\Trading\India2026\Gitrade1\ctrade1\data\nse_fno_bhavcopy\2022\06\fo17JUN2022bhav.csv.zip,ok,,64877,2211,2022-06-17,2022-06-23,2026-12-31,7500.0,23000.0,933
C:\Ramgo\Business\Trading\India2026\Gitrade1\ctrade1\data\nse_fno_bhavcopy\2022\06\fo20JUN2022bhav.csv.zip,ok,,65247,2231,2022-06-20,2022-06-23,2026-12-31,7500.0,23000.0,934
C:\Ramgo\Business\Trading\India2026\Gitrade1\ctrade1\data\nse_fno_bhavcopy\2022\06\fo21JUN2022bhav.csv.zip,ok,,65827,2231,2022-06-21,2022-06-23,2026-12-31,7500.0,23000.0,949
C:\Ramgo\Business\Trading\India2026\Gitrade1\ctrade1\data\nse_fno_bhavcopy\2022\06\fo22JUN2022bhav.csv.zip,ok,,65757,2243,2022-06-22,2022-06-23,2026-12-31,7500.0,23000.0,944
C:\Ramgo\Business\Trading\India2026\Gitrade1\ctrade1\data\nse_fno_bhavcopy\2022\06\fo23JUN2022bhav.csv.zip,ok,,65815,2243,2022-06-23,2022-06-23,2026-12-31,7500.0,23000.0,1025
C:\Ramgo\Business\Trading\India2026\Gitrade1\ctrade1\data\nse_fno_bhavcopy\2022\06\fo24JUN2022bhav.csv.zip,ok,,65689,2159,2022-06-24,2022-06-30,2026-12-31,7500.0,23000.0,836
C:\Ramgo\Business\Trading\India2026\Gitrade1\ctrade1\data\nse_fno_bhavcopy\2022\06\fo27JUN2022bhav.csv.zip,ok,,65761,2167,2022-06-27,2022-06-30,2026-12-31,7500.0,23000.0,906
C:\Ramgo\Business\Trading\India2026\Gitrade1\ctrade1\data\nse_fno_bhavcopy\2022\06\fo28JUN2022bhav.csv.zip,ok,,65795,2179,2022-06-28,2022-06-30,2026-12-31,7500.0,23000.0,884
C:\Ramgo\Business\Trading\India2026\Gitrade1\ctrade1\data\nse_fno_bhavcopy\2022\06\fo29JUN2022bhav.csv.zip,ok,,65715,2179,2022-06-29,2022-06-30,2026-12-31,7500.0,23000.0,903
C:\Ramgo\Business\Trading\India2026\Gitrade1\ctrade1\data\nse_fno_bhavcopy\2022\06\fo30JUN2022bhav.csv.zip,ok,,65749,2179,2022-06-30,2022-06-30,2026-12-31,7500.0,23000.0,941
C:\Ramgo\Business\Trading\India2026\Gitrade1\ctrade1\data\nse_fno_bhavcopy\2022\07\fo01JUL2022bhav.csv.zip,ok,,64310,2050,2022-07-01,2022-07-07,2027-06-24,7500.0,23000.0,886
C:\Ramgo\Business\Trading\India2026\Gitrade1\ctrade1\data\nse_fno_bhavcopy\2022\07\fo04JUL2022bhav.csv.zip,ok,,64414,2052,2022-07-04,2022-07-07,2027-06-24,7500.0,23000.0,811
C:\Ramgo\Business\Trading\India2026\Gitrade1\ctrade1\data\nse_fno_bhavcopy\2022\07\fo05JUL2022bhav.csv.zip,ok,,64522,2054,2022-07-05,2022-07-07,2027-06-24,7500.0,23000.0,891
C:\Ramgo\Business\Trading\India2026\Gitrade1\ctrade1\data\nse_fno_bhavcopy\2022\07\fo06JUL2022bhav.csv.zip,ok,,64554,2054,2022-07-06,2022-07-07,2027-06-24,7500.0,23000.0,871
C:\Ramgo\Business\Trading\India2026\Gitrade1\ctrade1\data\nse_fno_bhavcopy\2022\07\fo07JUL2022bhav.csv.zip,ok,,64754,2072,2022-07-07,2022-07-07,2027-06-24,7500.0,23000.0,919
C:\Ramgo\Business\Trading\India2026\Gitrade1\ctrade1\data\nse_fno_bhavcopy\2022\07\fo08JUL2022bhav.csv.zip,ok,,64842,2058,2022-07-08,2022-07-14,2027-06-24,7500.0,23000.0,800
C:\Ramgo\Business\Trading\India2026\Gitrade1\ctrade1\data\nse_fno_bhavcopy\2022\07\fo11JUL2022bhav.csv.zip,ok,,64966,2066,2022-07-11,2022-07-14,2027-06-24,7500.0,23000.0,814
C:\Ramgo\Business\Trading\India2026\Gitrade1\ctrade1\data\nse_fno_bhavcopy\2022\07\fo12JUL2022bhav.csv.zip,ok,,65100,2066,2022-07-12,2022-07-14,2027-06-24,7500.0,23000.0,812
C:\Ramgo\Business\Trading\India2026\Gitrade1\ctrade1\data\nse_fno_bhavcopy\2022\07\fo13JUL2022bhav.csv.zip,ok,,65072,2013,2022-07-13,2022-07-14,2027-06-24,7500.0,23000.0,843
C:\Ramgo\Business\Trading\India2026\Gitrade1\ctrade1\data\nse_fno_bhavcopy\2022\07\fo14JUL2022bhav.csv.zip,ok,,65104,2013,2022-07-14,2022-07-14,2027-06-24,7500.0,23000.0,894
C:\Ramgo\Business\Trading\India2026\Gitrade1\ctrade1\data\nse_fno_bhavcopy\2022\07\fo15JUL2022bhav.csv.zip,ok,,65068,1985,2022-07-15,2022-07-21,2027-06-24,7500.0,23000.0,773
C:\Ramgo\Business\Trading\India2026\Gitrade1\ctrade1\data\nse_fno_bhavcopy\2022\07\fo18JUL2022bhav.csv.zip,ok,,65142,1985,2022-07-18,2022-07-21,2027-06-24,7500.0,23000.0,801
C:\Ramgo\Business\Trading\India2026\Gitrade1\ctrade1\data\nse_fno_bhavcopy\2022\07\fo19JUL2022bhav.csv.zip,ok,,65221,2005,2022-07-19,2022-07-21,2027-06-24,7500.0,23000.0,790
C:\Ramgo\Business\Trading\India2026\Gitrade1\ctrade1\data\nse_fno_bhavcopy\2022\07\fo20JUL2022bhav.csv.zip,ok,,65323,2015,2022-07-20,2022-07-21,2027-06-24,7500.0,23000.0,827
C:\Ramgo\Business\Trading\India2026\Gitrade1\ctrade1\data\nse_fno_bhavcopy\2022\07\fo21JUL2022bhav.csv.zip,ok,,65557,2061,2022-07-21,2022-07-21,2027-06-24,7500.0,23000.0,860
C:\Ramgo\Business\Trading\India2026\Gitrade1\ctrade1\data\nse_fno_bhavcopy\2022\07\fo22JUL2022bhav.csv.zip,ok,,65691,2073,2022-07-22,2022-07-28,2027-06-24,7500.0,23000.0,773
C:\Ramgo\Business\Trading\India2026\Gitrade1\ctrade1\data\nse_fno_bhavcopy\2022\07\fo25JUL2022bhav.csv.zip,ok,,65929,2105,2022-07-25,2022-07-28,2027-06-24,7500.0,23000.0,792
C:\Ramgo\Business\Trading\India2026\Gitrade1\ctrade1\data\nse_fno_bhavcopy\2022\07\fo26JUL2022bhav.csv.zip,ok,,65959,2105,2022-07-26,2022-07-28,2027-06-24,7500.0,23000.0,781
C:\Ramgo\Business\Trading\India2026\Gitrade1\ctrade1\data\nse_fno_bhavcopy\2022\07\fo27JUL2022bhav.csv.zip,ok,,66047,2105,2022-07-27,2022-07-28,2027-06-24,7500.0,23000.0,794
C:\Ramgo\Business\Trading\India2026\Gitrade1\ctrade1\data\nse_fno_bhavcopy\2022\07\fo28JUL2022bhav.csv.zip,ok,,66161,2105,2022-07-28,2022-07-28,2027-06-24,7500.0,23000.0,899
C:\Ramgo\Business\Trading\India2026\Gitrade1\ctrade1\data\nse_fno_bhavcopy\2022\07\fo29JUL2022bhav.csv.zip,ok,,61557,2237,2022-07-29,2022-08-04,2027-06-24,7500.0,23000.0,819
C:\Ramgo\Business\Trading\India2026\Gitrade1\ctrade1\data\nse_fno_bhavcopy\2022\08\fo01AUG2022bhav.csv.zip,ok,,61829,2309,2022-08-01,2022-08-04,2027-06-24,7500.0,23000.0,864
C:\Ramgo\Business\Trading\India2026\Gitrade1\ctrade1\data\nse_fno_bhavcopy\2022\08\fo02AUG2022bhav.csv.zip,ok,,62193,2381,2022-08-02,2022-08-04,2027-06-24,7500.0,23000.0,857
C:\Ramgo\Business\Trading\India2026\Gitrade1\ctrade1\data\nse_fno_bhavcopy\2022\08\fo03AUG2022bhav.csv.zip,ok,,62309,2381,2022-08-03,2022-08-04,2027-06-24,7500.0,23000.0,895
C:\Ramgo\Business\Trading\India2026\Gitrade1\ctrade1\data\nse_fno_bhavcopy\2022\08\fo04AUG2022bhav.csv.zip,ok,,62357,2399,2022-08-04,2022-08-04,2027-06-24,7500.0,23000.0,973
C:\Ramgo\Business\Trading\India2026\Gitrade1\ctrade1\data\nse_fno_bhavcopy\2022\08\fo05AUG2022bhav.csv.zip,ok,,62385,2435,2022-08-05,2022-08-11,2027-06-24,7500.0,23000.0,829
C:\Ramgo\Business\Trading\India2026\Gitrade1\ctrade1\data\nse_fno_bhavcopy\2022\08\fo08AUG2022bhav.csv.zip,ok,,62457,2435,2022-08-08,2022-08-11,2027-06-24,7500.0,23000.0,838
C:\Ramgo\Business\Trading\India2026\Gitrade1\ctrade1\data\nse_fno_bhavcopy\2022\08\fo10AUG2022bhav.csv.zip,ok,,62710,2498,2022-08-10,2022-08-11,2027-06-24,7500.0,23000.0,877
C:\Ramgo\Business\Trading\India2026\Gitrade1\ctrade1\data\nse_fno_bhavcopy\2022\08\fo11AUG2022bhav.csv.zip,ok,,62864,2498,2022-08-11,2022-08-11,2027-06-24,7500.0,23000.0,945
C:\Ramgo\Business\Trading\India2026\Gitrade1\ctrade1\data\nse_fno_bhavcopy\2022\08\fo12AUG2022bhav.csv.zip,ok,,63108,2546,2022-08-12,2022-08-18,2027-06-24,7500.0,23000.0,845
C:\Ramgo\Business\Trading\India2026\Gitrade1\ctrade1\data\nse_fno_bhavcopy\2022\08\fo16AUG2022bhav.csv.zip,ok,,63330,2560,2022-08-16,2022-08-18,2027-06-24,7500.0,23000.0,859
C:\Ramgo\Business\Trading\India2026\Gitrade1\ctrade1\data\nse_fno_bhavcopy\2022\08\fo17AUG2022bhav.csv.zip,ok,,63682,2602,2022-08-17,2022-08-18,2027-06-24,7500.0,23000.0,892
C:\Ramgo\Business\Trading\India2026\Gitrade1\ctrade1\data\nse_fno_bhavcopy\2022\08\fo18AUG2022bhav.csv.zip,ok,,64130,2630,2022-08-18,2022-08-18,2027-06-24,7500.0,23000.0,947
C:\Ramgo\Business\Trading\India2026\Gitrade1\ctrade1\data\nse_fno_bhavcopy\2022\08\fo19AUG2022bhav.csv.zip,ok,,64288,2622,2022-08-19,2022-08-25,2027-06-24,7500.0,23000.0,841
C:\Ramgo\Business\Trading\India2026\Gitrade1\ctrade1\data\nse_fno_bhavcopy\2022\08\fo22AUG2022bhav.csv.zip,ok,,64300,2622,2022-08-22,2022-08-25,2027-06-24,7500.0,23000.0,837
C:\Ramgo\Business\Trading\India2026\Gitrade1\ctrade1\data\nse_fno_bhavcopy\2022\08\fo23AUG2022bhav.csv.zip,ok,,64416,2622,2022-08-23,2022-08-25,2027-06-24,7500.0,23000.0,871
C:\Ramgo\Business\Trading\India2026\Gitrade1\ctrade1\data\nse_fno_bhavcopy\2022\08\fo24AUG2022bhav.csv.zip,ok,,64504,2622,2022-08-24,2022-08-25,2027-06-24,7500.0,23000.0,845
C:\Ramgo\Business\Trading\India2026\Gitrade1\ctrade1\data\nse_fno_bhavcopy\2022\08\fo25AUG2022bhav.csv.zip,ok,,64624,2622,2022-08-25,2022-08-25,2027-06-24,7500.0,23000.0,955
C:\Ramgo\Business\Trading\India2026\Gitrade1\ctrade1\data\nse_fno_bhavcopy\2022\08\fo26AUG2022bhav.csv.zip,ok,,60199,2614,2022-08-26,2022-09-01,2027-06-24,7500.0,23000.0,792
C:\Ramgo\Business\Trading\India2026\Gitrade1\ctrade1\data\nse_fno_bhavcopy\2022\08\fo29AUG2022bhav.csv.zip,ok,,60297,2614,2022-08-29,2022-09-01,2027-06-24,7500.0,23000.0,847
C:\Ramgo\Business\Trading\India2026\Gitrade1\ctrade1\data\nse_fno_bhavcopy\2022\08\fo30AUG2022bhav.csv.zip,ok,,60143,2614,2022-08-30,2022-09-01,2027-06-24,7500.0,23000.0,925
C:\Ramgo\Business\Trading\India2026\Gitrade1\ctrade1\data\nse_fno_bhavcopy\2022\09\fo01SEP2022bhav.csv.zip,ok,,60497,2614,2022-09-01,2022-09-01,2027-06-24,7500.0,23000.0,960
C:\Ramgo\Business\Trading\India2026\Gitrade1\ctrade1\data\nse_fno_bhavcopy\2022\09\fo02SEP2022bhav.csv.zip,ok,,60743,2614,2022-09-02,2022-09-08,2027-06-24,7500.0,23000.0,831
C:\Ramgo\Business\Trading\India2026\Gitrade1\ctrade1\data\nse_fno_bhavcopy\2022\09\fo05SEP2022bhav.csv.zip,ok,,60887,2614,2022-09-05,2022-09-08,2027-06-24,7500.0,23000.0,799
C:\Ramgo\Business\Trading\India2026\Gitrade1\ctrade1\data\nse_fno_bhavcopy\2022\09\fo06SEP2022bhav.csv.zip,ok,,61077,2614,2022-09-06,2022-09-08,2027-06-24,7500.0,23000.0,829
C:\Ramgo\Business\Trading\India2026\Gitrade1\ctrade1\data\nse_fno_bhavcopy\2022\09\fo07SEP2022bhav.csv.zip,ok,,61299,2614,2022-09-07,2022-09-08,2027-06-24,7500.0,23000.0,840
C:\Ramgo\Business\Trading\India2026\Gitrade1\ctrade1\data\nse_fno_bhavcopy\2022\09\fo08SEP2022bhav.csv.zip,ok,,61439,2614,2022-09-08,2022-09-08,2027-06-24,7500.0,23000.0,885
C:\Ramgo\Business\Trading\India2026\Gitrade1\ctrade1\data\nse_fno_bhavcopy\2022\09\fo09SEP2022bhav.csv.zip,ok,,61591,2604,2022-09-09,2022-09-15,2027-06-24,7500.0,23000.0,796
C:\Ramgo\Business\Trading\India2026\Gitrade1\ctrade1\data\nse_fno_bhavcopy\2022\09\fo12SEP2022bhav.csv.zip,ok,,61799,2604,2022-09-12,2022-09-15,2027-06-24,7500.0,23000.0,753
C:\Ramgo\Business\Trading\India2026\Gitrade1\ctrade1\data\nse_fno_bhavcopy\2022\09\fo13SEP2022bhav.csv.zip,ok,,62009,2604,2022-09-13,2022-09-15,2027-06-24,7500.0,23000.0,787
C:\Ramgo\Business\Trading\India2026\Gitrade1\ctrade1\data\nse_fno_bhavcopy\2022\09\fo14SEP2022bhav.csv.zip,ok,,62517,2616,2022-09-14,2022-09-15,2027-06-24,7500.0,23000.0,896
C:\Ramgo\Business\Trading\India2026\Gitrade1\ctrade1\data\nse_fno_bhavcopy\2022\09\fo15SEP2022bhav.csv.zip,ok,,62897,2616,2022-09-15,2022-09-15,2027-06-24,7500.0,23000.0,899
C:\Ramgo\Business\Trading\India2026\Gitrade1\ctrade1\data\nse_fno_bhavcopy\2022\09\fo16SEP2022bhav.csv.zip,ok,,63067,2598,2022-09-16,2022-09-22,2027-06-24,7500.0,23000.0,817
C:\Ramgo\Business\Trading\India2026\Gitrade1\ctrade1\data\nse_fno_bhavcopy\2022\09\fo19SEP2022bhav.csv.zip,ok,,63177,2598,2022-09-19,2022-09-22,2027-06-24,7500.0,23000.0,817
C:\Ramgo\Business\Trading\India2026\Gitrade1\ctrade1\data\nse_fno_bhavcopy\2022\09\fo20SEP2022bhav.csv.zip,ok,,63225,2598,2022-09-20,2022-09-22,2027-06-24,7500.0,23000.0,830
C:\Ramgo\Business\Trading\India2026\Gitrade1\ctrade1\data\nse_fno_bhavcopy\2022\09\fo21SEP2022bhav.csv.zip,ok,,63291,2598,2022-09-21,2022-09-22,2027-06-24,7500.0,23000.0,820
C:\Ramgo\Business\Trading\India2026\Gitrade1\ctrade1\data\nse_fno_bhavcopy\2022\09\fo22SEP2022bhav.csv.zip,ok,,63321,2598,2022-09-22,2022-09-22,2027-06-24,7500.0,23000.0,897
C:\Ramgo\Business\Trading\India2026\Gitrade1\ctrade1\data\nse_fno_bhavcopy\2022\09\fo23SEP2022bhav.csv.zip,ok,,63397,2591,2022-09-23,2022-09-29,2027-06-24,7500.0,23000.0,797
C:\Ramgo\Business\Trading\India2026\Gitrade1\ctrade1\data\nse_fno_bhavcopy\2022\09\fo26SEP2022bhav.csv.zip,ok,,63514,2591,2022-09-26,2022-09-29,2027-06-24,7500.0,23000.0,863
C:\Ramgo\Business\Trading\India2026\Gitrade1\ctrade1\data\nse_fno_bhavcopy\2022\09\fo27SEP2022bhav.csv.zip,ok,,63564,2591,2022-09-27,2022-09-29,2027-06-24,7500.0,23000.0,893
C:\Ramgo\Business\Trading\India2026\Gitrade1\ctrade1\data\nse_fno_bhavcopy\2022\09\fo28SEP2022bhav.csv.zip,ok,,63584,2591,2022-09-28,2022-09-29,2027-06-24,7500.0,23000.0,894
C:\Ramgo\Business\Trading\India2026\Gitrade1\ctrade1\data\nse_fno_bhavcopy\2022\09\fo29SEP2022bhav.csv.zip,ok,,63664,2591,2022-09-29,2022-09-29,2027-06-24,7500.0,23000.0,971
C:\Ramgo\Business\Trading\India2026\Gitrade1\ctrade1\data\nse_fno_bhavcopy\2022\09\fo30SEP2022bhav.csv.zip,ok,,61458,2498,2022-09-30,2022-10-06,2027-06-24,7500.0,23000.0,857
C:\Ramgo\Business\Trading\India2026\Gitrade1\ctrade1\data\nse_fno_bhavcopy\2022\10\fo03OCT2022bhav.csv.zip,ok,,61546,2508,2022-10-03,2022-10-06,2027-06-24,7500.0,23000.0,858
C:\Ramgo\Business\Trading\India2026\Gitrade1\ctrade1\data\nse_fno_bhavcopy\2022\10\fo04OCT2022bhav.csv.zip,ok,,61674,2508,2022-10-04,2022-10-06,2027-06-24,7500.0,23000.0,881
C:\Ramgo\Business\Trading\India2026\Gitrade1\ctrade1\data\nse_fno_bhavcopy\2022\10\fo06OCT2022bhav.csv.zip,ok,,61812,2514,2022-10-06,2022-10-06,2027-06-24,7500.0,23000.0,934
C:\Ramgo\Business\Trading\India2026\Gitrade1\ctrade1\data\nse_fno_bhavcopy\2022\10\fo07OCT2022bhav.csv.zip,ok,,61910,2490,2022-10-07,2022-10-13,2027-06-24,7500.0,23000.0,784
C:\Ramgo\Business\Trading\India2026\Gitrade1\ctrade1\data\nse_fno_bhavcopy\2022\10\fo10OCT2022bhav.csv.zip,ok,,61974,2490,2022-10-10,2022-10-13,2027-06-24,7500.0,23000.0,846
C:\Ramgo\Business\Trading\India2026\Gitrade1\ctrade1\data\nse_fno_bhavcopy\2022\10\fo11OCT2022bhav.csv.zip,ok,,61994,2490,2022-10-11,2022-10-13,2027-06-24,7500.0,23000.0,867
C:\Ramgo\Business\Trading\India2026\Gitrade1\ctrade1\data\nse_fno_bhavcopy\2022\10\fo12OCT2022bhav.csv.zip,ok,,62024,2490,2022-10-12,2022-10-13,2027-06-24,7500.0,23000.0,877
C:\Ramgo\Business\Trading\India2026\Gitrade1\ctrade1\data\nse_fno_bhavcopy\2022\10\fo13OCT2022bhav.csv.zip,ok,,62082,2490,2022-10-13,2022-10-13,2027-06-24,7500.0,23000.0,896
C:\Ramgo\Business\Trading\India2026\Gitrade1\ctrade1\data\nse_fno_bhavcopy\2022\10\fo14OCT2022bhav.csv.zip,ok,,62100,2472,2022-10-14,2022-10-20,2027-06-24,7500.0,23000.0,801
C:\Ramgo\Business\Trading\India2026\Gitrade1\ctrade1\data\nse_fno_bhavcopy\2022\10\fo17OCT2022bhav.csv.zip,ok,,62122,2472,2022-10-17,2022-10-20,2027-06-24,7500.0,23000.0,806
C:\Ramgo\Business\Trading\India2026\Gitrade1\ctrade1\data\nse_fno_bhavcopy\2022\10\fo18OCT2022bhav.csv.zip,ok,,62218,2472,2022-10-18,2022-10-20,2027-06-24,7500.0,23000.0,831
C:\Ramgo\Business\Trading\India2026\Gitrade1\ctrade1\data\nse_fno_bhavcopy\2022\10\fo19OCT2022bhav.csv.zip,ok,,62420,2476,2022-10-19,2022-10-20,2027-06-24,7500.0,23000.0,833
C:\Ramgo\Business\Trading\India2026\Gitrade1\ctrade1\data\nse_fno_bhavcopy\2022\10\fo20OCT2022bhav.csv.zip,ok,,62600,2476,2022-10-20,2022-10-20,2027-06-24,7500.0,23000.0,844
C:\Ramgo\Business\Trading\India2026\Gitrade1\ctrade1\data\nse_fno_bhavcopy\2022\10\fo21OCT2022bhav.csv.zip,ok,,62648,2472,2022-10-21,2022-10-27,2027-06-24,7500.0,23000.0,820
C:\Ramgo\Business\Trading\India2026\Gitrade1\ctrade1\data\nse_fno_bhavcopy\2022\10\fo24OCT2022bhav.csv.zip,ok,,62758,2474,2022-10-24,2022-10-27,2027-06-24,7500.0,23000.0,659
C:\Ramgo\Business\Trading\India2026\Gitrade1\ctrade1\data\nse_fno_bhavcopy\2022\10\fo25OCT2022bhav.csv.zip,ok,,62938,2480,2022-10-25,2022-10-27,2027-06-24,7500.0,23000.0,889
C:\Ramgo\Business\Trading\India2026\Gitrade1\ctrade1\data\nse_fno_bhavcopy\2022\10\fo27OCT2022bhav.csv.zip,ok,,62864,2480,2022-10-27,2022-10-27,2027-06-24,7500.0,23000.0,946
C:\Ramgo\Business\Trading\India2026\Gitrade1\ctrade1\data\nse_fno_bhavcopy\2022\10\fo28OCT2022bhav.csv.zip,ok,,59878,2480,2022-10-28,2022-11-03,2027-06-24,7500.0,23000.0,810
C:\Ramgo\Business\Trading\India2026\Gitrade1\ctrade1\data\nse_fno_bhavcopy\2022\10\fo31OCT2022bhav.csv.zip,ok,,60008,2482,2022-10-31,2022-11-03,2027-06-24,7500.0,23000.0,811
C:\Ramgo\Business\Trading\India2026\Gitrade1\ctrade1\data\nse_fno_bhavcopy\2022\11\fo01NOV2022bhav.csv.zip,ok,,60209,2489,2022-11-01,2022-11-03,2027-06-24,7500.0,23000.0,855
C:\Ramgo\Business\Trading\India2026\Gitrade1\ctrade1\data\nse_fno_bhavcopy\2022\11\fo02NOV2022bhav.csv.zip,ok,,60323,2495,2022-11-02,2022-11-03,2027-06-24,7500.0,23000.0,837
C:\Ramgo\Business\Trading\India2026\Gitrade1\ctrade1\data\nse_fno_bhavcopy\2022\11\fo03NOV2022bhav.csv.zip,ok,,60379,2495,2022-11-03,2022-11-03,2027-06-24,7500.0,23000.0,864
C:\Ramgo\Business\Trading\India2026\Gitrade1\ctrade1\data\nse_fno_bhavcopy\2022\11\fo04NOV2022bhav.csv.zip,ok,,60455,2519,2022-11-04,2022-11-10,2027-06-24,7500.0,23000.0,747
C:\Ramgo\Business\Trading\India2026\Gitrade1\ctrade1\data\nse_fno_bhavcopy\2022\11\fo07NOV2022bhav.csv.zip,ok,,60745,2519,2022-11-07,2022-11-10,2027-06-24,7500.0,23000.0,766
C:\Ramgo\Business\Trading\India2026\Gitrade1\ctrade1\data\nse_fno_bhavcopy\2022\11\fo09NOV2022bhav.csv.zip,ok,,60951,2521,2022-11-09,2022-11-10,2027-06-24,7500.0,23000.0,813
C:\Ramgo\Business\Trading\India2026\Gitrade1\ctrade1\data\nse_fno_bhavcopy\2022\11\fo10NOV2022bhav.csv.zip,ok,,61057,2521,2022-11-10,2022-11-10,2027-06-24,7500.0,23000.0,847
C:\Ramgo\Business\Trading\India2026\Gitrade1\ctrade1\data\nse_fno_bhavcopy\2022\11\fo11NOV2022bhav.csv.zip,ok,,60941,2435,2022-11-11,2022-11-17,2027-06-24,7500.0,23000.0,732
C:\Ramgo\Business\Trading\India2026\Gitrade1\ctrade1\data\nse_fno_bhavcopy\2022\11\fo14NOV2022bhav.csv.zip,ok,,61071,2453,2022-11-14,2022-11-17,2027-06-24,7500.0,23000.0,745
C:\Ramgo\Business\Trading\India2026\Gitrade1\ctrade1\data\nse_fno_bhavcopy\2022\11\fo15NOV2022bhav.csv.zip,ok,,61159,2453,2022-11-15,2022-11-17,2027-06-24,7500.0,23000.0,746
C:\Ramgo\Business\Trading\India2026\Gitrade1\ctrade1\data\nse_fno_bhavcopy\2022\11\fo16NOV2022bhav.csv.zip,ok,,61097,2457,2022-11-16,2022-11-17,2027-06-24,7500.0,23000.0,774
C:\Ramgo\Business\Trading\India2026\Gitrade1\ctrade1\data\nse_fno_bhavcopy\2022\11\fo17NOV2022bhav.csv.zip,ok,,61145,2457,2022-11-17,2022-11-17,2027-06-24,7500.0,23000.0,802
C:\Ramgo\Business\Trading\India2026\Gitrade1\ctrade1\data\nse_fno_bhavcopy\2022\11\fo18NOV2022bhav.csv.zip,ok,,60993,2375,2022-11-18,2022-11-24,2027-06-24,7500.0,23000.0,713
C:\Ramgo\Business\Trading\India2026\Gitrade1\ctrade1\data\nse_fno_bhavcopy\2022\11\fo21NOV2022bhav.csv.zip,ok,,61025,2377,2022-11-21,2022-11-24,2027-06-24,7500.0,23000.0,725
C:\Ramgo\Business\Trading\India2026\Gitrade1\ctrade1\data\nse_fno_bhavcopy\2022\11\fo22NOV2022bhav.csv.zip,ok,,61343,2383,2022-11-22,2022-11-24,2027-06-24,7500.0,23000.0,740
C:\Ramgo\Business\Trading\India2026\Gitrade1\ctrade1\data\nse_fno_bhavcopy\2022\11\fo23NOV2022bhav.csv.zip,ok,,60952,2383,2022-11-23,2022-11-24,2027-06-24,7500.0,23000.0,773
C:\Ramgo\Business\Trading\India2026\Gitrade1\ctrade1\data\nse_fno_bhavcopy\2022\11\fo24NOV2022bhav.csv.zip,ok,,61034,2383,2022-11-24,2022-11-24,2027-06-24,7500.0,23000.0,843
C:\Ramgo\Business\Trading\India2026\Gitrade1\ctrade1\data\nse_fno_bhavcopy\2022\11\fo25NOV2022bhav.csv.zip,ok,,51356,2305,2022-11-25,2022-12-01,2027-06-24,7500.0,23000.0,708
C:\Ramgo\Business\Trading\India2026\Gitrade1\ctrade1\data\nse_fno_bhavcopy\2022\11\fo28NOV2022bhav.csv.zip,ok,,51732,2327,2022-11-28,2022-12-01,2027-06-24,7500.0,24000.0,727
C:\Ramgo\Business\Trading\India2026\Gitrade1\ctrade1\data\nse_fno_bhavcopy\2022\11\fo29NOV2022bhav.csv.zip,ok,,52044,2343,2022-11-29,2022-12-01,2027-06-24,7500.0,24000.0,792
C:\Ramgo\Business\Trading\India2026\Gitrade1\ctrade1\data\nse_fno_bhavcopy\2022\11\fo30NOV2022bhav.csv.zip,ok,,52184,2359,2022-11-30,2022-12-01,2027-06-24,7500.0,24000.0,807
C:\Ramgo\Business\Trading\India2026\Gitrade1\ctrade1\data\nse_fno_bhavcopy\2022\12\fo01DEC2022bhav.csv.zip,ok,,52658,2407,2022-12-01,2022-12-01,2027-06-24,7500.0,24000.0,877
C:\Ramgo\Business\Trading\India2026\Gitrade1\ctrade1\data\nse_fno_bhavcopy\2022\12\fo02DEC2022bhav.csv.zip,ok,,52788,2317,2022-12-02,2022-12-08,2027-06-24,7500.0,24000.0,733
C:\Ramgo\Business\Trading\India2026\Gitrade1\ctrade1\data\nse_fno_bhavcopy\2022\12\fo05DEC2022bhav.csv.zip,ok,,53064,2321,2022-12-05,2022-12-08,2027-06-24,7500.0,24000.0,747
C:\Ramgo\Business\Trading\India2026\Gitrade1\ctrade1\data\nse_fno_bhavcopy\2022\12\fo06DEC2022bhav.csv.zip,ok,,53280,2321,2022-12-06,2022-12-08,2027-06-24,7500.0,24000.0,723
C:\Ramgo\Business\Trading\India2026\Gitrade1\ctrade1\data\nse_fno_bhavcopy\2022\12\fo07DEC2022bhav.csv.zip,ok,,53146,2323,2022-12-07,2022-12-08,2027-06-24,7500.0,24000.0,779
C:\Ramgo\Business\Trading\India2026\Gitrade1\ctrade1\data\nse_fno_bhavcopy\2022\12\fo08DEC2022bhav.csv.zip,ok,,53306,2327,2022-12-08,2022-12-08,2027-06-24,7500.0,24000.0,805
C:\Ramgo\Business\Trading\India2026\Gitrade1\ctrade1\data\nse_fno_bhavcopy\2022\12\fo09DEC2022bhav.csv.zip,ok,,53340,2221,2022-12-09,2022-12-15,2027-06-24,7500.0,24000.0,729
C:\Ramgo\Business\Trading\India2026\Gitrade1\ctrade1\data\nse_fno_bhavcopy\2022\12\fo12DEC2022bhav.csv.zip,ok,,53428,2227,2022-12-12,2022-12-15,2027-06-24,7500.0,24000.0,723
C:\Ramgo\Business\Trading\India2026\Gitrade1\ctrade1\data\nse_fno_bhavcopy\2022\12\fo13DEC2022bhav.csv.zip,ok,,53546,2227,2022-12-13,2022-12-15,2027-06-24,7500.0,24000.0,737
C:\Ramgo\Business\Trading\India2026\Gitrade1\ctrade1\data\nse_fno_bhavcopy\2022\12\fo14DEC2022bhav.csv.zip,ok,,53313,2227,2022-12-14,2022-12-15,2027-06-24,7500.0,24000.0,734
C:\Ramgo\Business\Trading\India2026\Gitrade1\ctrade1\data\nse_fno_bhavcopy\2022\12\fo15DEC2022bhav.csv.zip,ok,,53451,2229,2022-12-15,2022-12-15,2027-06-24,7500.0,24000.0,787
C:\Ramgo\Business\Trading\India2026\Gitrade1\ctrade1\data\nse_fno_bhavcopy\2022\12\fo16DEC2022bhav.csv.zip,ok,,53255,2013,2022-12-16,2022-12-22,2027-06-24,7500.0,24000.0,712
C:\Ramgo\Business\Trading\India2026\Gitrade1\ctrade1\data\nse_fno_bhavcopy\2022\12\fo19DEC2022bhav.csv.zip,ok,,53431,2031,2022-12-19,2022-12-22,2027-06-24,7500.0,24000.0,720
C:\Ramgo\Business\Trading\India2026\Gitrade1\ctrade1\data\nse_fno_bhavcopy\2022\12\fo20DEC2022bhav.csv.zip,ok,,53479,2031,2022-12-20,2022-12-22,2027-06-24,7500.0,24000.0,755
C:\Ramgo\Business\Trading\India2026\Gitrade1\ctrade1\data\nse_fno_bhavcopy\2022\12\fo21DEC2022bhav.csv.zip,ok,,53108,2031,2022-12-21,2022-12-22,2027-06-24,7500.0,24000.0,790
C:\Ramgo\Business\Trading\India2026\Gitrade1\ctrade1\data\nse_fno_bhavcopy\2022\12\fo22DEC2022bhav.csv.zip,ok,,53286,2037,2022-12-22,2022-12-22,2027-06-24,7500.0,24000.0,856
C:\Ramgo\Business\Trading\India2026\Gitrade1\ctrade1\data\nse_fno_bhavcopy\2022\12\fo23DEC2022bhav.csv.zip,ok,,53290,1815,2022-12-23,2022-12-29,2027-06-24,7500.0,24000.0,787
C:\Ramgo\Business\Trading\India2026\Gitrade1\ctrade1\data\nse_fno_bhavcopy\2022\12\fo26DEC2022bhav.csv.zip,ok,,53920,1881,2022-12-26,2022-12-29,2027-06-24,7500.0,24000.0,832
C:\Ramgo\Business\Trading\India2026\Gitrade1\ctrade1\data\nse_fno_bhavcopy\2022\12\fo27DEC2022bhav.csv.zip,ok,,53924,1881,2022-12-27,2022-12-29,2027-06-24,7500.0,24000.0,820
C:\Ramgo\Business\Trading\India2026\Gitrade1\ctrade1\data\nse_fno_bhavcopy\2022\12\fo28DEC2022bhav.csv.zip,ok,,53770,1881,2022-12-28,2022-12-29,2027-06-24,7500.0,24000.0,824
C:\Ramgo\Business\Trading\India2026\Gitrade1\ctrade1\data\nse_fno_bhavcopy\2022\12\fo29DEC2022bhav.csv.zip,ok,,53782,1881,2022-12-29,2022-12-29,2027-06-24,7500.0,24000.0,888
C:\Ramgo\Business\Trading\India2026\Gitrade1\ctrade1\data\nse_fno_bhavcopy\2022\12\fo30DEC2022bhav.csv.zip,ok,,49203,1710,2022-12-30,2023-01-05,2027-12-30,8500.0,24000.0,762
C:\Ramgo\Business\Trading\India2026\Gitrade1\ctrade1\data\nse_fno_bhavcopy\2023\01\fo02JAN2023bhav.csv.zip,ok,,49695,1714,2023-01-02,2023-01-05,2027-12-30,8500.0,24000.0,739
C:\Ramgo\Business\Trading\India2026\Gitrade1\ctrade1\data\nse_fno_bhavcopy\2023\01\fo03JAN2023bhav.csv.zip,ok,,50135,1714,2023-01-03,2023-01-05,2027-12-30,8500.0,24000.0,754
C:\Ramgo\Business\Trading\India2026\Gitrade1\ctrade1\data\nse_fno_bhavcopy\2023\01\fo04JAN2023bhav.csv.zip,ok,,49976,1716,2023-01-04,2023-01-05,2027-12-30,8500.0,24000.0,802
C:\Ramgo\Business\Trading\India2026\Gitrade1\ctrade1\data\nse_fno_bhavcopy\2023\01\fo05JAN2023bhav.csv.zip,ok,,50204,1718,2023-01-05,2023-01-05,2027-12-30,8500.0,24000.0,844
C:\Ramgo\Business\Trading\India2026\Gitrade1\ctrade1\data\nse_fno_bhavcopy\2023\01\fo06JAN2023bhav.csv.zip,ok,,50170,1478,2023-01-06,2023-01-12,2027-12-30,8500.0,24000.0,712
C:\Ramgo\Business\Trading\India2026\Gitrade1\ctrade1\data\nse_fno_bhavcopy\2023\01\fo09JAN2023bhav.csv.zip,ok,,50484,1484,2023-01-09,2023-01-12,2027-12-30,8500.0,24000.0,710
C:\Ramgo\Business\Trading\India2026\Gitrade1\ctrade1\data\nse_fno_bhavcopy\2023\01\fo10JAN2023bhav.csv.zip,ok,,50648,1484,2023-01-10,2023-01-12,2027-12-30,8500.0,24000.0,712
C:\Ramgo\Business\Trading\India2026\Gitrade1\ctrade1\data\nse_fno_bhavcopy\2023\01\fo11JAN2023bhav.csv.zip,ok,,50818,1484,2023-01-11,2023-01-12,2027-12-30,8500.0,24000.0,743
C:\Ramgo\Business\Trading\India2026\Gitrade1\ctrade1\data\nse_fno_bhavcopy\2023\01\fo12JAN2023bhav.csv.zip,ok,,51074,1484,2023-01-12,2023-01-12,2027-12-30,8500.0,24000.0,756
C:\Ramgo\Business\Trading\India2026\Gitrade1\ctrade1\data\nse_fno_bhavcopy\2023\01\fo13JAN2023bhav.csv.zip,ok,,51160,1444,2023-01-13,2023-01-19,2027-12-30,8500.0,24000.0,673
C:\Ramgo\Business\Trading\India2026\Gitrade1\ctrade1\data\nse_fno_bhavcopy\2023\01\fo16JAN2023bhav.csv.zip,ok,,51304,1448,2023-01-16,2023-01-19,2027-12-30,8500.0,24000.0,706
C:\Ramgo\Business\Trading\India2026\Gitrade1\ctrade1\data\nse_fno_bhavcopy\2023\01\fo17JAN2023bhav.csv.zip,ok,,51698,1448,2023-01-17,2023-01-19,2027-12-30,8500.0,24000.0,699
C:\Ramgo\Business\Trading\India2026\Gitrade1\ctrade1\data\nse_fno_bhavcopy\2023\01\fo18JAN2023bhav.csv.zip,ok,,51802,1452,2023-01-18,2023-01-19,2027-12-30,8500.0,24000.0,732
C:\Ramgo\Business\Trading\India2026\Gitrade1\ctrade1\data\nse_fno_bhavcopy\2023\01\fo19JAN2023bhav.csv.zip,ok,,51984,1456,2023-01-19,2023-01-19,2027-12-30,8500.0,24000.0,753
C:\Ramgo\Business\Trading\India2026\Gitrade1\ctrade1\data\nse_fno_bhavcopy\2023\01\fo20JAN2023bhav.csv.zip,ok,,52090,1416,2023-01-20,2023-01-25,2027-12-30,8500.0,24000.0,657
C:\Ramgo\Business\Trading\India2026\Gitrade1\ctrade1\data\nse_fno_bhavcopy\2023\01\fo23JAN2023bhav.csv.zip,ok,,52330,1418,2023-01-23,2023-01-25,2027-12-30,8500.0,24000.0,666
C:\Ramgo\Business\Trading\India2026\Gitrade1\ctrade1\data\nse_fno_bhavcopy\2023\01\fo24JAN2023bhav.csv.zip,ok,,52536,1418,2023-01-24,2023-01-25,2027-12-30,8500.0,24000.0,691
C:\Ramgo\Business\Trading\India2026\Gitrade1\ctrade1\data\nse_fno_bhavcopy\2023\01\fo25JAN2023bhav.csv.zip,ok,,52776,1418,2023-01-25,2023-01-25,2027-12-30,8500.0,24000.0,770
C:\Ramgo\Business\Trading\India2026\Gitrade1\ctrade1\data\nse_fno_bhavcopy\2023\01\fo27JAN2023bhav.csv.zip,ok,,43924,1304,2023-01-27,2023-02-02,2027-12-30,8500.0,24000.0,690
C:\Ramgo\Business\Trading\India2026\Gitrade1\ctrade1\data\nse_fno_bhavcopy\2023\01\fo30JAN2023bhav.csv.zip,ok,,44991,1372,2023-01-30,2023-02-02,2027-12-30,8500.0,24000.0,746
C:\Ramgo\Business\Trading\India2026\Gitrade1\ctrade1\data\nse_fno_bhavcopy\2023\01\fo31JAN2023bhav.csv.zip,ok,,45267,1372,2023-01-31,2023-02-02,2027-12-30,8500.0,24000.0,752
C:\Ramgo\Business\Trading\India2026\Gitrade1\ctrade1\data\nse_fno_bhavcopy\2023\02\fo01FEB2023bhav.csv.zip,ok,,45823,1372,2023-02-01,2023-02-02,2027-12-30,8500.0,24000.0,797
C:\Ramgo\Business\Trading\India2026\Gitrade1\ctrade1\data\nse_fno_bhavcopy\2023\02\fo02FEB2023bhav.csv.zip,ok,,46299,1372,2023-02-02,2023-02-02,2027-12-30,8500.0,24000.0,801
C:\Ramgo\Business\Trading\India2026\Gitrade1\ctrade1\data\nse_fno_bhavcopy\2023\02\fo03FEB2023bhav.csv.zip,ok,,46733,1324,2023-02-03,2023-02-09,2027-12-30,8500.0,24000.0,687
C:\Ramgo\Business\Trading\India2026\Gitrade1\ctrade1\data\nse_fno_bhavcopy\2023\02\fo06FEB2023bhav.csv.zip,ok,,47265,1334,2023-02-06,2023-02-09,2027-12-30,8500.0,24000.0,671
C:\Ramgo\Business\Trading\India2026\Gitrade1\ctrade1\data\nse_fno_bhavcopy\2023\02\fo07FEB2023bhav.csv.zip,ok,,47493,1334,2023-02-07,2023-02-09,2027-12-30,8500.0,24000.0,693
C:\Ramgo\Business\Trading\India2026\Gitrade1\ctrade1\data\nse_fno_bhavcopy\2023\02\fo08FEB2023bhav.csv.zip,ok,,47579,1334,2023-02-08,2023-02-09,2027-12-30,8500.0,24000.0,697
C:\Ramgo\Business\Trading\India2026\Gitrade1\ctrade1\data\nse_fno_bhavcopy\2023\02\fo09FEB2023bhav.csv.zip,ok,,48077,1334,2023-02-09,2023-02-09,2027-12-30,8500.0,24000.0,711
C:\Ramgo\Business\Trading\India2026\Gitrade1\ctrade1\data\nse_fno_bhavcopy\2023\02\fo10FEB2023bhav.csv.zip,ok,,48353,1294,2023-02-10,2023-02-16,2027-12-30,8500.0,24000.0,620
C:\Ramgo\Business\Trading\India2026\Gitrade1\ctrade1\data\nse_fno_bhavcopy\2023\02\fo13FEB2023bhav.csv.zip,ok,,48591,1296,2023-02-13,2023-02-16,2027-12-30,8500.0,24000.0,634
C:\Ramgo\Business\Trading\India2026\Gitrade1\ctrade1\data\nse_fno_bhavcopy\2023\02\fo14FEB2023bhav.csv.zip,ok,,48759,1300,2023-02-14,2023-02-16,2027-12-30,8500.0,24000.0,654
C:\Ramgo\Business\Trading\India2026\Gitrade1\ctrade1\data\nse_fno_bhavcopy\2023\02\fo15FEB2023bhav.csv.zip,ok,,48839,1306,2023-02-15,2023-02-16,2027-12-30,8500.0,24000.0,650
C:\Ramgo\Business\Trading\India2026\Gitrade1\ctrade1\data\nse_fno_bhavcopy\2023\02\fo16FEB2023bhav.csv.zip,ok,,49039,1312,2023-02-16,2023-02-16,2027-12-30,8500.0,24000.0,681
C:\Ramgo\Business\Trading\India2026\Gitrade1\ctrade1\data\nse_fno_bhavcopy\2023\02\fo17FEB2023bhav.csv.zip,ok,,49193,1296,2023-02-17,2023-02-23,2027-12-30,8500.0,24000.0,616
C:\Ramgo\Business\Trading\India2026\Gitrade1\ctrade1\data\nse_fno_bhavcopy\2023\02\fo20FEB2023bhav.csv.zip,ok,,49735,1300,2023-02-20,2023-02-23,2027-12-30,8500.0,24000.0,646
C:\Ramgo\Business\Trading\India2026\Gitrade1\ctrade1\data\nse_fno_bhavcopy\2023\02\fo21FEB2023bhav.csv.zip,ok,,50035,1304,2023-02-21,2023-02-23,2027-12-30,8500.0,24000.0,652
C:\Ramgo\Business\Trading\India2026\Gitrade1\ctrade1\data\nse_fno_bhavcopy\2023\02\fo22FEB2023bhav.csv.zip,ok,,50229,1304,2023-02-22,2023-02-23,2027-12-30,8500.0,24000.0,706
C:\Ramgo\Business\Trading\India2026\Gitrade1\ctrade1\data\nse_fno_bhavcopy\2023\02\fo23FEB2023bhav.csv.zip,ok,,50839,1334,2023-02-23,2023-02-23,2027-12-30,8500.0,24000.0,755
C:\Ramgo\Business\Trading\India2026\Gitrade1\ctrade1\data\nse_fno_bhavcopy\2023\02\fo24FEB2023bhav.csv.zip,ok,,43907,1294,2023-02-24,2023-03-02,2027-12-30,8500.0,24000.0,681
C:\Ramgo\Business\Trading\India2026\Gitrade1\ctrade1\data\nse_fno_bhavcopy\2023\02\fo27FEB2023bhav.csv.zip,ok,,44866,1325,2023-02-27,2023-03-02,2027-12-30,8500.0,24000.0,678
C:\Ramgo\Business\Trading\India2026\Gitrade1\ctrade1\data\nse_fno_bhavcopy\2023\02\fo28FEB2023bhav.csv.zip,ok,,45425,1339,2023-02-28,2023-03-02,2027-12-30,8500.0,24000.0,728
C:\Ramgo\Business\Trading\India2026\Gitrade1\ctrade1\data\nse_fno_bhavcopy\2023\03\fo01MAR2023bhav.csv.zip,ok,,45671,1367,2023-03-01,2023-03-02,2027-12-30,8500.0,24000.0,730
C:\Ramgo\Business\Trading\India2026\Gitrade1\ctrade1\data\nse_fno_bhavcopy\2023\03\fo02MAR2023bhav.csv.zip,ok,,45949,1367,2023-03-02,2023-03-02,2027-12-30,8500.0,24000.0,739
C:\Ramgo\Business\Trading\India2026\Gitrade1\ctrade1\data\nse_fno_bhavcopy\2023\03\fo03MAR2023bhav.csv.zip,ok,,46067,1335,2023-03-03,2023-03-09,2027-12-30,8500.0,24000.0,656
C:\Ramgo\Business\Trading\India2026\Gitrade1\ctrade1\data\nse_fno_bhavcopy\2023\03\fo06MAR2023bhav.csv.zip,ok,,46419,1351,2023-03-06,2023-03-09,2027-12-30,8500.0,24000.0,685
C:\Ramgo\Business\Trading\India2026\Gitrade1\ctrade1\data\nse_fno_bhavcopy\2023\03\fo08MAR2023bhav.csv.zip,ok,,46725,1359,2023-03-08,2023-03-09,2027-12-30,8500.0,24000.0,719
C:\Ramgo\Business\Trading\India2026\Gitrade1\ctrade1\data\nse_fno_bhavcopy\2023\03\fo09MAR2023bhav.csv.zip,ok,,46999,1363,2023-03-09,2023-03-09,2027-12-30,8500.0,24000.0,726
C:\Ramgo\Business\Trading\India2026\Gitrade1\ctrade1\data\nse_fno_bhavcopy\2023\03\fo10MAR2023bhav.csv.zip,ok,,47033,1333,2023-03-10,2023-03-16,2027-12-30,8500.0,24000.0,646
C:\Ramgo\Business\Trading\India2026\Gitrade1\ctrade1\data\nse_fno_bhavcopy\2023\03\fo13MAR2023bhav.csv.zip,ok,,47197,1341,2023-03-13,2023-03-16,2027-12-30,8500.0,24000.0,707
C:\Ramgo\Business\Trading\India2026\Gitrade1\ctrade1\data\nse_fno_bhavcopy\2023\03\fo14MAR2023bhav.csv.zip,ok,,47693,1387,2023-03-14,2023-03-16,2027-12-30,8500.0,24000.0,749
C:\Ramgo\Business\Trading\India2026\Gitrade1\ctrade1\data\nse_fno_bhavcopy\2023\03\fo15MAR2023bhav.csv.zip,ok,,48083,1415,2023-03-15,2023-03-16,2027-12-30,8500.0,24000.0,797
C:\Ramgo\Business\Trading\India2026\Gitrade1\ctrade1\data\nse_fno_bhavcopy\2023\03\fo16MAR2023bhav.csv.zip,ok,,48495,1443,2023-03-16,2023-03-16,2027-12-30,8500.0,24000.0,859
C:\Ramgo\Business\Trading\India2026\Gitrade1\ctrade1\data\nse_fno_bhavcopy\2023\03\fo17MAR2023bhav.csv.zip,ok,,48557,1399,2023-03-17,2023-03-23,2027-12-30,8500.0,24000.0,727
C:\Ramgo\Business\Trading\India2026\Gitrade1\ctrade1\data\nse_fno_bhavcopy\2023\03\fo20MAR2023bhav.csv.zip,ok,,48681,1403,2023-03-20,2023-03-23,2027-12-30,8500.0,24000.0,758
C:\Ramgo\Business\Trading\India2026\Gitrade1\ctrade1\data\nse_fno_bhavcopy\2023\03\fo21MAR2023bhav.csv.zip,ok,,48907,1403,2023-03-21,2023-03-23,2027-12-30,8500.0,24000.0,751
C:\Ramgo\Business\Trading\India2026\Gitrade1\ctrade1\data\nse_fno_bhavcopy\2023\03\fo22MAR2023bhav.csv.zip,ok,,49105,1403,2023-03-22,2023-03-23,2027-12-30,8500.0,24000.0,756
C:\Ramgo\Business\Trading\India2026\Gitrade1\ctrade1\data\nse_fno_bhavcopy\2023\03\fo23MAR2023bhav.csv.zip,ok,,49181,1405,2023-03-23,2023-03-23,2027-12-30,8500.0,24000.0,788
C:\Ramgo\Business\Trading\India2026\Gitrade1\ctrade1\data\nse_fno_bhavcopy\2023\03\fo24MAR2023bhav.csv.zip,ok,,49217,1361,2023-03-24,2023-03-29,2027-12-30,8500.0,24000.0,723
C:\Ramgo\Business\Trading\India2026\Gitrade1\ctrade1\data\nse_fno_bhavcopy\2023\03\fo27MAR2023bhav.csv.zip,ok,,49587,1369,2023-03-27,2023-03-29,2027-12-30,8500.0,24000.0,739
C:\Ramgo\Business\Trading\India2026\Gitrade1\ctrade1\data\nse_fno_bhavcopy\2023\03\fo28MAR2023bhav.csv.zip,ok,,49795,1369,2023-03-28,2023-03-29,2027-12-30,8500.0,24000.0,747
C:\Ramgo\Business\Trading\India2026\Gitrade1\ctrade1\data\nse_fno_bhavcopy\2023\03\fo29MAR2023bhav.csv.zip,ok,,50069,1369,2023-03-29,2023-03-29,2027-12-30,8500.0,24000.0,792
C:\Ramgo\Business\Trading\India2026\Gitrade1\ctrade1\data\nse_fno_bhavcopy\2023\03\fo31MAR2023bhav.csv.zip,ok,,46457,1313,2023-03-31,2023-04-06,2027-12-30,8500.0,24000.0,657
C:\Ramgo\Business\Trading\India2026\Gitrade1\ctrade1\data\nse_fno_bhavcopy\2023\04\fo03APR2023bhav.csv.zip,ok,,47235,1341,2023-04-03,2023-04-06,2027-12-30,8500.0,24000.0,691
C:\Ramgo\Business\Trading\India2026\Gitrade1\ctrade1\data\nse_fno_bhavcopy\2023\04\fo05APR2023bhav.csv.zip,ok,,47671,1347,2023-04-05,2023-04-06,2027-12-30,8500.0,24000.0,716
C:\Ramgo\Business\Trading\India2026\Gitrade1\ctrade1\data\nse_fno_bhavcopy\2023\04\fo06APR2023bhav.csv.zip,ok,,48083,1365,2023-04-06,2023-04-06,2027-12-30,8500.0,24000.0,752
C:\Ramgo\Business\Trading\India2026\Gitrade1\ctrade1\data\nse_fno_bhavcopy\2023\04\fo10APR2023bhav.csv.zip,ok,,48523,1339,2023-04-10,2023-04-13,2027-12-30,8500.0,24000.0,621
C:\Ramgo\Business\Trading\India2026\Gitrade1\ctrade1\data\nse_fno_bhavcopy\2023\04\fo11APR2023bhav.csv.zip,ok,,48853,1339,2023-04-11,2023-04-13,2027-12-30,8500.0,24000.0,653
C:\Ramgo\Business\Trading\India2026\Gitrade1\ctrade1\data\nse_fno_bhavcopy\2023\04\fo12APR2023bhav.csv.zip,ok,,49209,1359,2023-04-12,2023-04-13,2027-12-30,8500.0,24000.0,706
C:\Ramgo\Business\Trading\India2026\Gitrade1\ctrade1\data\nse_fno_bhavcopy\2023\04\fo13APR2023bhav.csv.zip,ok,,49641,1381,2023-04-13,2023-04-13,2027-12-30,8500.0,24000.0,728
C:\Ramgo\Business\Trading\India2026\Gitrade1\ctrade1\data\nse_fno_bhavcopy\2023\04\fo17APR2023bhav.csv.zip,ok,,49999,1357,2023-04-17,2023-04-20,2027-12-30,8500.0,24000.0,642
C:\Ramgo\Business\Trading\India2026\Gitrade1\ctrade1\data\nse_fno_bhavcopy\2023\04\fo18APR2023bhav.csv.zip,ok,,50369,1363,2023-04-18,2023-04-20,2027-12-30,8500.0,24000.0,637
C:\Ramgo\Business\Trading\India2026\Gitrade1\ctrade1\data\nse_fno_bhavcopy\2023\04\fo19APR2023bhav.csv.zip,ok,,50803,1365,2023-04-19,2023-04-20,2027-12-30,8500.0,24000.0,655
C:\Ramgo\Business\Trading\India2026\Gitrade1\ctrade1\data\nse_fno_bhavcopy\2023\04\fo20APR2023bhav.csv.zip,ok,,51009,1367,2023-04-20,2023-04-20,2027-12-30,8500.0,24000.0,674
C:\Ramgo\Business\Trading\India2026\Gitrade1\ctrade1\data\nse_fno_bhavcopy\2023\04\fo21APR2023bhav.csv.zip,ok,,51013,1331,2023-04-21,2023-04-27,2027-12-30,8500.0,24000.0,593
C:\Ramgo\Business\Trading\India2026\Gitrade1\ctrade1\data\nse_fno_bhavcopy\2023\04\fo24APR2023bhav.csv.zip,ok,,51149,1331,2023-04-24,2023-04-27,2027-12-30,8500.0,24000.0,623
C:\Ramgo\Business\Trading\India2026\Gitrade1\ctrade1\data\nse_fno_bhavcopy\2023\04\fo25APR2023bhav.csv.zip,ok,,51447,1337,2023-04-25,2023-04-27,2027-12-30,8500.0,24000.0,645
C:\Ramgo\Business\Trading\India2026\Gitrade1\ctrade1\data\nse_fno_bhavcopy\2023\04\fo26APR2023bhav.csv.zip,ok,,51569,1337,2023-04-26,2023-04-27,2027-12-30,8500.0,24000.0,664
C:\Ramgo\Business\Trading\India2026\Gitrade1\ctrade1\data\nse_fno_bhavcopy\2023\04\fo27APR2023bhav.csv.zip,ok,,51879,1339,2023-04-27,2023-04-27,2027-12-30,8500.0,24000.0,704
C:\Ramgo\Business\Trading\India2026\Gitrade1\ctrade1\data\nse_fno_bhavcopy\2023\04\fo28APR2023bhav.csv.zip,ok,,44798,1309,2023-04-28,2023-05-04,2027-12-30,8500.0,24000.0,641
C:\Ramgo\Business\Trading\India2026\Gitrade1\ctrade1\data\nse_fno_bhavcopy\2023\05\fo02MAY2023bhav.csv.zip,ok,,45840,1351,2023-05-02,2023-05-04,2027-12-30,8500.0,24000.0,657
C:\Ramgo\Business\Trading\India2026\Gitrade1\ctrade1\data\nse_fno_bhavcopy\2023\05\fo03MAY2023bhav.csv.zip,ok,,46622,1379,2023-05-03,2023-05-04,2027-12-30,8500.0,24000.0,691
C:\Ramgo\Business\Trading\India2026\Gitrade1\ctrade1\data\nse_fno_bhavcopy\2023\05\fo04MAY2023bhav.csv.zip,ok,,46991,1379,2023-05-04,2023-05-04,2027-12-30,8500.0,24000.0,737
C:\Ramgo\Business\Trading\India2026\Gitrade1\ctrade1\data\nse_fno_bhavcopy\2023\05\fo05MAY2023bhav.csv.zip,ok,,47629,1355,2023-05-05,2023-05-11,2027-12-30,8500.0,24000.0,640
C:\Ramgo\Business\Trading\India2026\Gitrade1\ctrade1\data\nse_fno_bhavcopy\2023\05\fo08MAY2023bhav.csv.zip,ok,,47967,1363,2023-05-08,2023-05-11,2027-12-30,8500.0,24000.0,656
C:\Ramgo\Business\Trading\India2026\Gitrade1\ctrade1\data\nse_fno_bhavcopy\2023\05\fo09MAY2023bhav.csv.zip,ok,,48491,1363,2023-05-09,2023-05-11,2027-12-30,8500.0,24000.0,664
C:\Ramgo\Business\Trading\India2026\Gitrade1\ctrade1\data\nse_fno_bhavcopy\2023\05\fo10MAY2023bhav.csv.zip,ok,,48925,1363,2023-05-10,2023-05-11,2027-12-30,8500.0,24000.0,660
C:\Ramgo\Business\Trading\India2026\Gitrade1\ctrade1\data\nse_fno_bhavcopy\2023\05\fo11MAY2023bhav.csv.zip,ok,,49238,1377,2023-05-11,2023-05-11,2027-12-30,8500.0,24000.0,690
C:\Ramgo\Business\Trading\India2026\Gitrade1\ctrade1\data\nse_fno_bhavcopy\2023\05\fo12MAY2023bhav.csv.zip,ok,,49708,1349,2023-05-12,2023-05-18,2027-12-30,8500.0,24000.0,616
C:\Ramgo\Business\Trading\India2026\Gitrade1\ctrade1\data\nse_fno_bhavcopy\2023\05\fo15MAY2023bhav.csv.zip,ok,,50154,1349,2023-05-15,2023-05-18,2027-12-30,8500.0,24000.0,686
C:\Ramgo\Business\Trading\India2026\Gitrade1\ctrade1\data\nse_fno_bhavcopy\2023\05\fo16MAY2023bhav.csv.zip,ok,,50640,1377,2023-05-16,2023-05-18,2027-12-30,8500.0,24000.0,677
C:\Ramgo\Business\Trading\India2026\Gitrade1\ctrade1\data\nse_fno_bhavcopy\2023\05\fo17MAY2023bhav.csv.zip,ok,,50822,1377,2023-05-17,2023-05-18,2027-12-30,8500.0,24000.0,677
C:\Ramgo\Business\Trading\India2026\Gitrade1\ctrade1\data\nse_fno_bhavcopy\2023\05\fo18MAY2023bhav.csv.zip,ok,,50967,1381,2023-05-18,2023-05-18,2027-12-30,8500.0,24000.0,706
C:\Ramgo\Business\Trading\India2026\Gitrade1\ctrade1\data\nse_fno_bhavcopy\2023\05\fo19MAY2023bhav.csv.zip,ok,,51049,1351,2023-05-19,2023-05-25,2027-12-30,8500.0,24000.0,639
C:\Ramgo\Business\Trading\India2026\Gitrade1\ctrade1\data\nse_fno_bhavcopy\2023\05\fo22MAY2023bhav.csv.zip,ok,,51239,1353,2023-05-22,2023-05-25,2027-12-30,8500.0,24000.0,673
C:\Ramgo\Business\Trading\India2026\Gitrade1\ctrade1\data\nse_fno_bhavcopy\2023\05\fo23MAY2023bhav.csv.zip,ok,,51657,1357,2023-05-23,2023-05-25,2027-12-30,8500.0,24000.0,691
C:\Ramgo\Business\Trading\India2026\Gitrade1\ctrade1\data\nse_fno_bhavcopy\2023\05\fo24MAY2023bhav.csv.zip,ok,,51851,1359,2023-05-24,2023-05-25,2027-12-30,8500.0,24000.0,695
C:\Ramgo\Business\Trading\India2026\Gitrade1\ctrade1\data\nse_fno_bhavcopy\2023\05\fo25MAY2023bhav.csv.zip,ok,,51944,1359,2023-05-25,2023-05-25,2027-12-30,8500.0,24000.0,751
C:\Ramgo\Business\Trading\India2026\Gitrade1\ctrade1\data\nse_fno_bhavcopy\2023\05\fo26MAY2023bhav.csv.zip,ok,,44439,1301,2023-05-26,2023-06-01,2027-12-30,8500.0,24000.0,657
C:\Ramgo\Business\Trading\India2026\Gitrade1\ctrade1\data\nse_fno_bhavcopy\2023\05\fo29MAY2023bhav.csv.zip,ok,,45267,1333,2023-05-29,2023-06-01,2027-12-30,8500.0,24000.0,703
C:\Ramgo\Business\Trading\India2026\Gitrade1\ctrade1\data\nse_fno_bhavcopy\2023\05\fo30MAY2023bhav.csv.zip,ok,,45884,1382,2023-05-30,2023-06-01,2027-12-30,8500.0,24000.0,715
C:\Ramgo\Business\Trading\India2026\Gitrade1\ctrade1\data\nse_fno_bhavcopy\2023\05\fo31MAY2023bhav.csv.zip,ok,,46712,1396,2023-05-31,2023-06-01,2027-12-30,8500.0,24000.0,740
C:\Ramgo\Business\Trading\India2026\Gitrade1\ctrade1\data\nse_fno_bhavcopy\2023\06\fo01JUN2023bhav.csv.zip,ok,,47034,1396,2023-06-01,2023-06-01,2027-12-30,8500.0,24000.0,750
C:\Ramgo\Business\Trading\India2026\Gitrade1\ctrade1\data\nse_fno_bhavcopy\2023\06\fo02JUN2023bhav.csv.zip,ok,,47268,1354,2023-06-02,2023-06-08,2027-12-30,8500.0,24000.0,645
C:\Ramgo\Business\Trading\India2026\Gitrade1\ctrade1\data\nse_fno_bhavcopy\2023\06\fo05JUN2023bhav.csv.zip,ok,,47592,1356,2023-06-05,2023-06-08,2027-12-30,8500.0,24000.0,640
C:\Ramgo\Business\Trading\India2026\Gitrade1\ctrade1\data\nse_fno_bhavcopy\2023\06\fo06JUN2023bhav.csv.zip,ok,,47902,1358,2023-06-06,2023-06-08,2027-12-30,8500.0,24000.0,655
C:\Ramgo\Business\Trading\India2026\Gitrade1\ctrade1\data\nse_fno_bhavcopy\2023\06\fo07JUN2023bhav.csv.zip,ok,,48336,1358,2023-06-07,2023-06-08,2027-12-30,8500.0,24000.0,682
C:\Ramgo\Business\Trading\India2026\Gitrade1\ctrade1\data\nse_fno_bhavcopy\2023\06\fo08JUN2023bhav.csv.zip,ok,,48804,1388,2023-06-08,2023-06-08,2027-12-30,8500.0,24000.0,723
C:\Ramgo\Business\Trading\India2026\Gitrade1\ctrade1\data\nse_fno_bhavcopy\2023\06\fo09JUN2023bhav.csv.zip,ok,,48936,1360,2023-06-09,2023-06-15,2027-12-30,8500.0,24000.0,593
C:\Ramgo\Business\Trading\India2026\Gitrade1\ctrade1\data\nse_fno_bhavcopy\2023\06\fo12JUN2023bhav.csv.zip,ok,,49280,1364,2023-06-12,2023-06-15,2027-12-30,8500.0,24000.0,604
C:\Ramgo\Business\Trading\India2026\Gitrade1\ctrade1\data\nse_fno_bhavcopy\2023\06\fo13JUN2023bhav.csv.zip,ok,,49618,1364,2023-06-13,2023-06-15,2027-12-30,8500.0,24000.0,645
C:\Ramgo\Business\Trading\India2026\Gitrade1\ctrade1\data\nse_fno_bhavcopy\2023\06\fo14JUN2023bhav.csv.zip,ok,,50078,1366,2023-06-14,2023-06-15,2027-12-30,8500.0,24000.0,650
C:\Ramgo\Business\Trading\India2026\Gitrade1\ctrade1\data\nse_fno_bhavcopy\2023\06\fo15JUN2023bhav.csv.zip,ok,,50590,1368,2023-06-15,2023-06-15,2027-12-30,8500.0,24000.0,686
C:\Ramgo\Business\Trading\India2026\Gitrade1\ctrade1\data\nse_fno_bhavcopy\2023\06\fo16JUN2023bhav.csv.zip,ok,,51028,1344,2023-06-16,2023-06-22,2027-12-30,8500.0,24000.0,615
C:\Ramgo\Business\Trading\India2026\Gitrade1\ctrade1\data\nse_fno_bhavcopy\2023\06\fo19JUN2023bhav.csv.zip,ok,,51710,1374,2023-06-19,2023-06-22,2027-12-30,8500.0,24000.0,643
C:\Ramgo\Business\Trading\India2026\Gitrade1\ctrade1\data\nse_fno_bhavcopy\2023\06\fo20JUN2023bhav.csv.zip,ok,,52002,1374,2023-06-20,2023-06-22,2027-12-30,8500.0,24000.0,651
C:\Ramgo\Business\Trading\India2026\Gitrade1\ctrade1\data\nse_fno_bhavcopy\2023\06\fo21JUN2023bhav.csv.zip,ok,,52568,1374,2023-06-21,2023-06-22,2027-12-30,8500.0,24000.0,672
C:\Ramgo\Business\Trading\India2026\Gitrade1\ctrade1\data\nse_fno_bhavcopy\2023\06\fo22JUN2023bhav.csv.zip,ok,,53042,1374,2023-06-22,2023-06-22,2027-12-30,8500.0,24000.0,728
C:\Ramgo\Business\Trading\India2026\Gitrade1\ctrade1\data\nse_fno_bhavcopy\2023\06\fo23JUN2023bhav.csv.zip,ok,,53262,1346,2023-06-23,2023-06-29,2027-12-30,8500.0,24000.0,628
C:\Ramgo\Business\Trading\India2026\Gitrade1\ctrade1\data\nse_fno_bhavcopy\2023\06\fo26JUN2023bhav.csv.zip,ok,,53408,1352,2023-06-26,2023-06-29,2027-12-30,8500.0,24000.0,660
C:\Ramgo\Business\Trading\India2026\Gitrade1\ctrade1\data\nse_fno_bhavcopy\2023\06\fo27JUN2023bhav.csv.zip,ok,,53638,1352,2023-06-27,2023-06-29,2027-12-30,8500.0,24000.0,707
C:\Ramgo\Business\Trading\India2026\Gitrade1\ctrade1\data\nse_fno_bhavcopy\2023\06\fo28JUN2023bhav.csv.zip,ok,,53814,1354,2023-06-28,2023-06-28,2027-12-30,8500.0,24000.0,757
C:\Ramgo\Business\Trading\India2026\Gitrade1\ctrade1\data\nse_fno_bhavcopy\2023\06\fo30JUN2023bhav.csv.zip,ok,,48914,1267,2023-06-30,2023-07-06,2028-06-29,11000.0,24000.0,688
C:\Ramgo\Business\Trading\India2026\Gitrade1\ctrade1\data\nse_fno_bhavcopy\2023\07\fo03JUL2023bhav.csv.zip,ok,,50332,1337,2023-07-03,2023-07-06,2028-06-29,11000.0,24000.0,772
C:\Ramgo\Business\Trading\India2026\Gitrade1\ctrade1\data\nse_fno_bhavcopy\2023\07\fo04JUL2023bhav.csv.zip,ok,,51120,1365,2023-07-04,2023-07-06,2028-06-29,11000.0,24000.0,797
C:\Ramgo\Business\Trading\India2026\Gitrade1\ctrade1\data\nse_fno_bhavcopy\2023\07\fo05JUL2023bhav.csv.zip,ok,,51698,1393,2023-07-05,2023-07-06,2028-06-29,11000.0,24000.0,834
C:\Ramgo\Business\Trading\India2026\Gitrade1\ctrade1\data\nse_fno_bhavcopy\2023\07\fo06JUL2023bhav.csv.zip,ok,,52462,1393,2023-07-06,2023-07-06,2028-06-29,11000.0,24000.0,858
C:\Ramgo\Business\Trading\India2026\Gitrade1\ctrade1\data\nse_fno_bhavcopy\2023\07\fo07JUL2023bhav.csv.zip,ok,,52894,1379,2023-07-07,2023-07-13,2028-06-29,11000.0,24000.0,755
C:\Ramgo\Business\Trading\India2026\Gitrade1\ctrade1\data\nse_fno_bhavcopy\2023\07\fo10JUL2023bhav.csv.zip,ok,,53176,1385,2023-07-10,2023-07-13,2028-06-29,11000.0,24000.0,742
C:\Ramgo\Business\Trading\India2026\Gitrade1\ctrade1\data\nse_fno_bhavcopy\2023\07\fo11JUL2023bhav.csv.zip,ok,,53530,1385,2023-07-11,2023-07-13,2028-06-29,11000.0,24000.0,737
C:\Ramgo\Business\Trading\India2026\Gitrade1\ctrade1\data\nse_fno_bhavcopy\2023\07\fo12JUL2023bhav.csv.zip,ok,,53866,1385,2023-07-12,2023-07-13,2028-06-29,11000.0,24000.0,748
C:\Ramgo\Business\Trading\India2026\Gitrade1\ctrade1\data\nse_fno_bhavcopy\2023\07\fo13JUL2023bhav.csv.zip,ok,,53747,1385,2023-07-13,2023-07-13,2028-06-29,11000.0,24000.0,806
C:\Ramgo\Business\Trading\India2026\Gitrade1\ctrade1\data\nse_fno_bhavcopy\2023\07\fo14JUL2023bhav.csv.zip,ok,,54047,1347,2023-07-14,2023-07-20,2028-06-29,11000.0,24000.0,688
C:\Ramgo\Business\Trading\India2026\Gitrade1\ctrade1\data\nse_fno_bhavcopy\2023\07\fo17JUL2023bhav.csv.zip,ok,,54759,1387,2023-07-17,2023-07-20,2028-06-29,11000.0,25000.0,710
C:\Ramgo\Business\Trading\India2026\Gitrade1\ctrade1\data\nse_fno_bhavcopy\2023\07\fo18JUL2023bhav.csv.zip,ok,,55115,1429,2023-07-18,2023-07-20,2028-06-29,11000.0,25000.0,754
C:\Ramgo\Business\Trading\India2026\Gitrade1\ctrade1\data\nse_fno_bhavcopy\2023\07\fo19JUL2023bhav.csv.zip,ok,,55223,1443,2023-07-19,2023-07-20,2028-06-29,11000.0,25000.0,793
C:\Ramgo\Business\Trading\India2026\Gitrade1\ctrade1\data\nse_fno_bhavcopy\2023\07\fo20JUL2023bhav.csv.zip,ok,,55303,1471,2023-07-20,2023-07-20,2028-06-29,11000.0,25000.0,851
C:\Ramgo\Business\Trading\India2026\Gitrade1\ctrade1\data\nse_fno_bhavcopy\2023\07\fo21JUL2023bhav.csv.zip,ok,,55901,1459,2023-07-21,2023-07-27,2028-06-29,11000.0,25000.0,764
C:\Ramgo\Business\Trading\India2026\Gitrade1\ctrade1\data\nse_fno_bhavcopy\2023\07\fo24JUL2023bhav.csv.zip,ok,,56595,1469,2023-07-24,2023-07-27,2028-06-29,11000.0,25000.0,755
C:\Ramgo\Business\Trading\India2026\Gitrade1\ctrade1\data\nse_fno_bhavcopy\2023\07\fo25JUL2023bhav.csv.zip,ok,,56987,1473,2023-07-25,2023-07-27,2028-06-29,11000.0,25000.0,788
C:\Ramgo\Business\Trading\India2026\Gitrade1\ctrade1\data\nse_fno_bhavcopy\2023\07\fo26JUL2023bhav.csv.zip,ok,,57615,1473,2023-07-26,2023-07-27,2028-06-29,11000.0,25000.0,807
C:\Ramgo\Business\Trading\India2026\Gitrade1\ctrade1\data\nse_fno_bhavcopy\2023\07\fo27JUL2023bhav.csv.zip,ok,,58149,1473,2023-07-27,2023-07-27,2028-06-29,11000.0,25000.0,871
C:\Ramgo\Business\Trading\India2026\Gitrade1\ctrade1\data\nse_fno_bhavcopy\2023\07\fo28JUL2023bhav.csv.zip,ok,,49894,1389,2023-07-28,2023-08-03,2028-06-29,11000.0,25000.0,704
C:\Ramgo\Business\Trading\India2026\Gitrade1\ctrade1\data\nse_fno_bhavcopy\2023\07\fo31JUL2023bhav.csv.zip,ok,,50780,1389,2023-07-31,2023-08-03,2028-06-29,11000.0,25000.0,714
C:\Ramgo\Business\Trading\India2026\Gitrade1\ctrade1\data\nse_fno_bhavcopy\2023\08\fo01AUG2023bhav.csv.zip,ok,,51592,1393,2023-08-01,2023-08-03,2028-06-29,11000.0,25000.0,722
C:\Ramgo\Business\Trading\India2026\Gitrade1\ctrade1\data\nse_fno_bhavcopy\2023\08\fo02AUG2023bhav.csv.zip,ok,,52032,1393,2023-08-02,2023-08-03,2028-06-29,11000.0,25000.0,789
C:\Ramgo\Business\Trading\India2026\Gitrade1\ctrade1\data\nse_fno_bhavcopy\2023\08\fo03AUG2023bhav.csv.zip,ok,,52382,1401,2023-08-03,2023-08-03,2028-06-29,11000.0,25000.0,840
C:\Ramgo\Business\Trading\India2026\Gitrade1\ctrade1\data\nse_fno_bhavcopy\2023\08\fo04AUG2023bhav.csv.zip,ok,,52814,1359,2023-08-04,2023-08-10,2028-06-29,11000.0,25000.0,689
C:\Ramgo\Business\Trading\India2026\Gitrade1\ctrade1\data\nse_fno_bhavcopy\2023\08\fo07AUG2023bhav.csv.zip,ok,,53178,1363,2023-08-07,2023-08-10,2028-06-29,11000.0,25000.0,695
C:\Ramgo\Business\Trading\India2026\Gitrade1\ctrade1\data\nse_fno_bhavcopy\2023\08\fo08AUG2023bhav.csv.zip,ok,,53548,1367,2023-08-08,2023-08-10,2028-06-29,11000.0,25000.0,692
C:\Ramgo\Business\Trading\India2026\Gitrade1\ctrade1\data\nse_fno_bhavcopy\2023\08\fo09AUG2023bhav.csv.zip,ok,,53968,1367,2023-08-09,2023-08-10,2028-06-29,11000.0,25000.0,728
C:\Ramgo\Business\Trading\India2026\Gitrade1\ctrade1\data\nse_fno_bhavcopy\2023\08\fo10AUG2023bhav.csv.zip,ok,,54364,1369,2023-08-10,2023-08-10,2028-06-29,11000.0,25000.0,759
C:\Ramgo\Business\Trading\India2026\Gitrade1\ctrade1\data\nse_fno_bhavcopy\2023\08\fo11AUG2023bhav.csv.zip,ok,,54658,1343,2023-08-11,2023-08-17,2028-06-29,11000.0,25000.0,638
C:\Ramgo\Business\Trading\India2026\Gitrade1\ctrade1\data\nse_fno_bhavcopy\2023\08\fo14AUG2023bhav.csv.zip,ok,,55014,1347,2023-08-14,2023-08-17,2028-06-29,11000.0,25000.0,713
C:\Ramgo\Business\Trading\India2026\Gitrade1\ctrade1\data\nse_fno_bhavcopy\2023\08\fo16AUG2023bhav.csv.zip,ok,,55242,1347,2023-08-16,2023-08-17,2028-06-29,11000.0,25000.0,697
C:\Ramgo\Business\Trading\India2026\Gitrade1\ctrade1\data\nse_fno_bhavcopy\2023\08\fo17AUG2023bhav.csv.zip,ok,,55448,1347,2023-08-17,2023-08-17,2028-06-29,11000.0,25000.0,739
C:\Ramgo\Business\Trading\India2026\Gitrade1\ctrade1\data\nse_fno_bhavcopy\2023\08\fo18AUG2023bhav.csv.zip,ok,,55584,1333,2023-08-18,2023-08-24,2028-06-29,11000.0,25000.0,636
C:\Ramgo\Business\Trading\India2026\Gitrade1\ctrade1\data\nse_fno_bhavcopy\2023\08\fo21AUG2023bhav.csv.zip,ok,,55902,1343,2023-08-21,2023-08-24,2028-06-29,11000.0,25000.0,648
C:\Ramgo\Business\Trading\India2026\Gitrade1\ctrade1\data\nse_fno_bhavcopy\2023\08\fo22AUG2023bhav.csv.zip,ok,,55996,1345,2023-08-22,2023-08-24,2028-06-29,11000.0,25000.0,646
C:\Ramgo\Business\Trading\India2026\Gitrade1\ctrade1\data\nse_fno_bhavcopy\2023\08\fo23AUG2023bhav.csv.zip,ok,,56240,1345,2023-08-23,2023-08-24,2028-06-29,11000.0,25000.0,674
C:\Ramgo\Business\Trading\India2026\Gitrade1\ctrade1\data\nse_fno_bhavcopy\2023\08\fo24AUG2023bhav.csv.zip,ok,,56568,1347,2023-08-24,2023-08-24,2028-06-29,11000.0,25000.0,725
C:\Ramgo\Business\Trading\India2026\Gitrade1\ctrade1\data\nse_fno_bhavcopy\2023\08\fo25AUG2023bhav.csv.zip,ok,,56682,1319,2023-08-25,2023-08-31,2028-06-29,11000.0,25000.0,644
C:\Ramgo\Business\Trading\India2026\Gitrade1\ctrade1\data\nse_fno_bhavcopy\2023\08\fo28AUG2023bhav.csv.zip,ok,,56844,1333,2023-08-28,2023-08-31,2028-06-29,11000.0,25000.0,647
C:\Ramgo\Business\Trading\India2026\Gitrade1\ctrade1\data\nse_fno_bhavcopy\2023\08\fo29AUG2023bhav.csv.zip,ok,,56834,1333,2023-08-29,2023-08-31,2028-06-29,11000.0,25000.0,645
C:\Ramgo\Business\Trading\India2026\Gitrade1\ctrade1\data\nse_fno_bhavcopy\2023\08\fo30AUG2023bhav.csv.zip,ok,,56946,1333,2023-08-30,2023-08-31,2028-06-29,11000.0,25000.0,663
C:\Ramgo\Business\Trading\India2026\Gitrade1\ctrade1\data\nse_fno_bhavcopy\2023\08\fo31AUG2023bhav.csv.zip,ok,,57188,1333,2023-08-31,2023-08-31,2028-06-29,11000.0,25000.0,731
C:\Ramgo\Business\Trading\India2026\Gitrade1\ctrade1\data\nse_fno_bhavcopy\2023\09\fo01SEP2023bhav.csv.zip,ok,,49316,1265,2023-09-01,2023-09-07,2028-06-29,11000.0,25000.0,610
C:\Ramgo\Business\Trading\India2026\Gitrade1\ctrade1\data\nse_fno_bhavcopy\2023\09\fo04SEP2023bhav.csv.zip,ok,,50364,1275,2023-09-04,2023-09-07,2028-06-29,11000.0,25000.0,605
C:\Ramgo\Business\Trading\India2026\Gitrade1\ctrade1\data\nse_fno_bhavcopy\2023\09\fo05SEP2023bhav.csv.zip,ok,,51108,1287,2023-09-05,2023-09-07,2028-06-29,11000.0,25000.0,616
C:\Ramgo\Business\Trading\India2026\Gitrade1\ctrade1\data\nse_fno_bhavcopy\2023\09\fo06SEP2023bhav.csv.zip,ok,,51550,1287,2023-09-06,2023-09-07,2028-06-29,11000.0,25000.0,638
C:\Ramgo\Business\Trading\India2026\Gitrade1\ctrade1\data\nse_fno_bhavcopy\2023\09\fo07SEP2023bhav.csv.zip,ok,,52032,1295,2023-09-07,2023-09-07,2028-06-29,11000.0,25000.0,703
C:\Ramgo\Business\Trading\India2026\Gitrade1\ctrade1\data\nse_fno_bhavcopy\2023\09\fo08SEP2023bhav.csv.zip,ok,,52676,1303,2023-09-08,2023-09-14,2028-06-29,11000.0,25000.0,626
C:\Ramgo\Business\Trading\India2026\Gitrade1\ctrade1\data\nse_fno_bhavcopy\2023\09\fo11SEP2023bhav.csv.zip,ok,,53228,1315,2023-09-11,2023-09-14,2028-06-29,11000.0,25000.0,667
C:\Ramgo\Business\Trading\India2026\Gitrade1\ctrade1\data\nse_fno_bhavcopy\2023\09\fo12SEP2023bhav.csv.zip,ok,,53798,1363,2023-09-12,2023-09-14,2028-06-29,11000.0,25000.0,694
C:\Ramgo\Business\Trading\India2026\Gitrade1\ctrade1\data\nse_fno_bhavcopy\2023\09\fo13SEP2023bhav.csv.zip,ok,,54164,1363,2023-09-13,2023-09-14,2028-06-29,11000.0,25000.0,726
C:\Ramgo\Business\Trading\India2026\Gitrade1\ctrade1\data\nse_fno_bhavcopy\2023\09\fo14SEP2023bhav.csv.zip,ok,,54488,1377,2023-09-14,2023-09-14,2028-06-29,11000.0,25000.0,756
C:\Ramgo\Business\Trading\India2026\Gitrade1\ctrade1\data\nse_fno_bhavcopy\2023\09\fo15SEP2023bhav.csv.zip,ok,,54666,1357,2023-09-15,2023-09-21,2028-06-29,11000.0,25000.0,659
C:\Ramgo\Business\Trading\India2026\Gitrade1\ctrade1\data\nse_fno_bhavcopy\2023\09\fo18SEP2023bhav.csv.zip,ok,,55062,1385,2023-09-18,2023-09-21,2028-06-29,11000.0,25000.0,674
C:\Ramgo\Business\Trading\India2026\Gitrade1\ctrade1\data\nse_fno_bhavcopy\2023\09\fo20SEP2023bhav.csv.zip,ok,,55156,1385,2023-09-20,2023-09-21,2028-06-29,11000.0,25000.0,708
C:\Ramgo\Business\Trading\India2026\Gitrade1\ctrade1\data\nse_fno_bhavcopy\2023\09\fo21SEP2023bhav.csv.zip,ok,,55262,1393,2023-09-21,2023-09-21,2028-06-29,11000.0,25000.0,766
C:\Ramgo\Business\Trading\India2026\Gitrade1\ctrade1\data\nse_fno_bhavcopy\2023\09\fo22SEP2023bhav.csv.zip,ok,,55610,1361,2023-09-22,2023-09-28,2028-06-29,11000.0,25000.0,686
C:\Ramgo\Business\Trading\India2026\Gitrade1\ctrade1\data\nse_fno_bhavcopy\2023\09\fo25SEP2023bhav.csv.zip,ok,,56152,1373,2023-09-25,2023-09-28,2028-06-29,11000.0,25000.0,709
C:\Ramgo\Business\Trading\India2026\Gitrade1\ctrade1\data\nse_fno_bhavcopy\2023\09\fo26SEP2023bhav.csv.zip,ok,,56190,1373,2023-09-26,2023-09-28,2028-06-29,11000.0,25000.0,732
C:\Ramgo\Business\Trading\India2026\Gitrade1\ctrade1\data\nse_fno_bhavcopy\2023\09\fo27SEP2023bhav.csv.zip,ok,,56280,1373,2023-09-27,2023-09-28,2028-06-29,11000.0,25000.0,782
C:\Ramgo\Business\Trading\India2026\Gitrade1\ctrade1\data\nse_fno_bhavcopy\2023\09\fo28SEP2023bhav.csv.zip,ok,,56540,1373,2023-09-28,2023-09-28,2028-06-29,11000.0,25000.0,811
C:\Ramgo\Business\Trading\India2026\Gitrade1\ctrade1\data\nse_fno_bhavcopy\2023\09\fo29SEP2023bhav.csv.zip,ok,,51081,1336,2023-09-29,2023-10-05,2028-06-29,11000.0,25000.0,712
C:\Ramgo\Business\Trading\India2026\Gitrade1\ctrade1\data\nse_fno_bhavcopy\2023\10\fo03OCT2023bhav.csv.zip,ok,,51793,1342,2023-10-03,2023-10-05,2028-06-29,11000.0,25000.0,741
C:\Ramgo\Business\Trading\India2026\Gitrade1\ctrade1\data\nse_fno_bhavcopy\2023\10\fo04OCT2023bhav.csv.zip,ok,,52137,1342,2023-10-04,2023-10-05,2028-06-29,11000.0,25000.0,820
C:\Ramgo\Business\Trading\India2026\Gitrade1\ctrade1\data\nse_fno_bhavcopy\2023\10\fo05OCT2023bhav.csv.zip,ok,,52511,1352,2023-10-05,2023-10-05,2028-06-29,11000.0,25000.0,823
C:\Ramgo\Business\Trading\India2026\Gitrade1\ctrade1\data\nse_fno_bhavcopy\2023\10\fo06OCT2023bhav.csv.zip,ok,,52797,1314,2023-10-06,2023-10-12,2028-06-29,11000.0,25000.0,704
C:\Ramgo\Business\Trading\India2026\Gitrade1\ctrade1\data\nse_fno_bhavcopy\2023\10\fo09OCT2023bhav.csv.zip,ok,,53017,1318,2023-10-09,2023-10-12,2028-06-29,11000.0,25000.0,723
C:\Ramgo\Business\Trading\India2026\Gitrade1\ctrade1\data\nse_fno_bhavcopy\2023\10\fo10OCT2023bhav.csv.zip,ok,,53329,1320,2023-10-10,2023-10-12,2028-06-29,11000.0,25000.0,726
C:\Ramgo\Business\Trading\India2026\Gitrade1\ctrade1\data\nse_fno_bhavcopy\2023\10\fo11OCT2023bhav.csv.zip,ok,,53497,1324,2023-10-11,2023-10-12,2028-06-29,11000.0,25000.0,753
C:\Ramgo\Business\Trading\India2026\Gitrade1\ctrade1\data\nse_fno_bhavcopy\2023\10\fo12OCT2023bhav.csv.zip,ok,,53735,1334,2023-10-12,2023-10-12,2028-06-29,11000.0,25000.0,804
C:\Ramgo\Business\Trading\India2026\Gitrade1\ctrade1\data\nse_fno_bhavcopy\2023\10\fo13OCT2023bhav.csv.zip,ok,,54011,1304,2023-10-13,2023-10-19,2028-06-29,11000.0,25000.0,680
C:\Ramgo\Business\Trading\India2026\Gitrade1\ctrade1\data\nse_fno_bhavcopy\2023\10\fo16OCT2023bhav.csv.zip,ok,,54231,1306,2023-10-16,2023-10-19,2028-06-29,11000.0,25000.0,678
C:\Ramgo\Business\Trading\India2026\Gitrade1\ctrade1\data\nse_fno_bhavcopy\2023\10\fo17OCT2023bhav.csv.zip,ok,,54431,1306,2023-10-17,2023-10-19,2028-06-29,11000.0,25000.0,677
C:\Ramgo\Business\Trading\India2026\Gitrade1\ctrade1\data\nse_fno_bhavcopy\2023\10\fo18OCT2023bhav.csv.zip,ok,,54649,1306,2023-10-18,2023-10-19,2028-06-29,11000.0,25000.0,710
C:\Ramgo\Business\Trading\India2026\Gitrade1\ctrade1\data\nse_fno_bhavcopy\2023\10\fo19OCT2023bhav.csv.zip,ok,,54817,1310,2023-10-19,2023-10-19,2028-06-29,11000.0,25000.0,772
C:\Ramgo\Business\Trading\India2026\Gitrade1\ctrade1\data\nse_fno_bhavcopy\2023\10\fo20OCT2023bhav.csv.zip,ok,,55113,1282,2023-10-20,2023-10-26,2028-06-29,11000.0,25000.0,664
C:\Ramgo\Business\Trading\India2026\Gitrade1\ctrade1\data\nse_fno_bhavcopy\2023\10\fo23OCT2023bhav.csv.zip,ok,,55501,1286,2023-10-23,2023-10-26,2028-06-29,11000.0,25000.0,733
C:\Ramgo\Business\Trading\India2026\Gitrade1\ctrade1\data\nse_fno_bhavcopy\2023\10\fo25OCT2023bhav.csv.zip,ok,,56341,1326,2023-10-25,2023-10-26,2028-06-29,11000.0,25000.0,804
C:\Ramgo\Business\Trading\India2026\Gitrade1\ctrade1\data\nse_fno_bhavcopy\2023\10\fo26OCT2023bhav.csv.zip,ok,,56881,1378,2023-10-26,2023-10-26,2028-06-29,11000.0,25000.0,865
C:\Ramgo\Business\Trading\India2026\Gitrade1\ctrade1\data\nse_fno_bhavcopy\2023\10\fo27OCT2023bhav.csv.zip,ok,,50266,1392,2023-10-27,2023-11-02,2028-06-29,11000.0,25000.0,750
C:\Ramgo\Business\Trading\India2026\Gitrade1\ctrade1\data\nse_fno_bhavcopy\2023\10\fo30OCT2023bhav.csv.zip,ok,,50888,1400,2023-10-30,2023-11-02,2028-06-29,11000.0,25000.0,769
C:\Ramgo\Business\Trading\India2026\Gitrade1\ctrade1\data\nse_fno_bhavcopy\2023\10\fo31OCT2023bhav.csv.zip,ok,,51200,1404,2023-10-31,2023-11-02,2028-06-29,11000.0,25000.0,762
C:\Ramgo\Business\Trading\India2026\Gitrade1\ctrade1\data\nse_fno_bhavcopy\2023\11\fo01NOV2023bhav.csv.zip,ok,,51444,1404,2023-11-01,2023-11-02,2028-06-29,11000.0,25000.0,778
C:\Ramgo\Business\Trading\India2026\Gitrade1\ctrade1\data\nse_fno_bhavcopy\2023\11\fo02NOV2023bhav.csv.zip,ok,,51748,1404,2023-11-02,2023-11-02,2028-06-29,11000.0,25000.0,832
C:\Ramgo\Business\Trading\India2026\Gitrade1\ctrade1\data\nse_fno_bhavcopy\2023\11\fo03NOV2023bhav.csv.zip,ok,,52120,1366,2023-11-03,2023-11-09,2028-06-29,11000.0,25000.0,704
C:\Ramgo\Business\Trading\India2026\Gitrade1\ctrade1\data\nse_fno_bhavcopy\2023\11\fo06NOV2023bhav.csv.zip,ok,,52494,1374,2023-11-06,2023-11-09,2028-06-29,11000.0,25000.0,730
C:\Ramgo\Business\Trading\India2026\Gitrade1\ctrade1\data\nse_fno_bhavcopy\2023\11\fo07NOV2023bhav.csv.zip,ok,,53012,1386,2023-11-07,2023-11-09,2028-06-29,11000.0,25000.0,727
C:\Ramgo\Business\Trading\India2026\Gitrade1\ctrade1\data\nse_fno_bhavcopy\2023\11\fo08NOV2023bhav.csv.zip,ok,,53340,1386,2023-11-08,2023-11-09,2028-06-29,11000.0,25000.0,725
C:\Ramgo\Business\Trading\India2026\Gitrade1\ctrade1\data\nse_fno_bhavcopy\2023\11\fo09NOV2023bhav.csv.zip,ok,,53680,1390,2023-11-09,2023-11-09,2028-06-29,11000.0,25000.0,765
C:\Ramgo\Business\Trading\India2026\Gitrade1\ctrade1\data\nse_fno_bhavcopy\2023\11\fo10NOV2023bhav.csv.zip,ok,,53902,1352,2023-11-10,2023-11-16,2028-06-29,11000.0,25000.0,666
C:\Ramgo\Business\Trading\India2026\Gitrade1\ctrade1\data\nse_fno_bhavcopy\2023\11\fo13NOV2023bhav.csv.zip,ok,,54658,1366,2023-11-13,2023-11-16,2028-06-29,11000.0,25000.0,707
C:\Ramgo\Business\Trading\India2026\Gitrade1\ctrade1\data\nse_fno_bhavcopy\2023\11\fo15NOV2023bhav.csv.zip,ok,,55058,1366,2023-11-15,2023-11-16,2028-06-29,11000.0,25000.0,775
C:\Ramgo\Business\Trading\India2026\Gitrade1\ctrade1\data\nse_fno_bhavcopy\2023\11\fo16NOV2023bhav.csv.zip,ok,,55492,1388,2023-11-16,2023-11-16,2028-06-29,11000.0,25000.0,851
C:\Ramgo\Business\Trading\India2026\Gitrade1\ctrade1\data\nse_fno_bhavcopy\2023\11\fo17NOV2023bhav.csv.zip,ok,,56008,1358,2023-11-17,2023-11-23,2028-06-29,11000.0,25000.0,687
C:\Ramgo\Business\Trading\India2026\Gitrade1\ctrade1\data\nse_fno_bhavcopy\2023\11\fo20NOV2023bhav.csv.zip,ok,,56356,1358,2023-11-20,2023-11-23,2028-06-29,11000.0,25000.0,709
C:\Ramgo\Business\Trading\India2026\Gitrade1\ctrade1\data\nse_fno_bhavcopy\2023\11\fo21NOV2023bhav.csv.zip,ok,,56474,1360,2023-11-21,2023-11-23,2028-06-29,11000.0,25000.0,718
C:\Ramgo\Business\Trading\India2026\Gitrade1\ctrade1\data\nse_fno_bhavcopy\2023\11\fo22NOV2023bhav.csv.zip,ok,,57164,1370,2023-11-22,2023-11-23,2028-06-29,11000.0,25000.0,727
C:\Ramgo\Business\Trading\India2026\Gitrade1\ctrade1\data\nse_fno_bhavcopy\2023\11\fo23NOV2023bhav.csv.zip,ok,,57322,1370,2023-11-23,2023-11-23,2028-06-29,11000.0,25000.0,774
C:\Ramgo\Business\Trading\India2026\Gitrade1\ctrade1\data\nse_fno_bhavcopy\2023\11\fo24NOV2023bhav.csv.zip,ok,,57532,1332,2023-11-24,2023-11-30,2028-06-29,11000.0,25000.0,654
C:\Ramgo\Business\Trading\India2026\Gitrade1\ctrade1\data\nse_fno_bhavcopy\2023\11\fo28NOV2023bhav.csv.zip,ok,,57762,1332,2023-11-28,2023-11-30,2028-06-29,11000.0,25000.0,739
C:\Ramgo\Business\Trading\India2026\Gitrade1\ctrade1\data\nse_fno_bhavcopy\2023\11\fo29NOV2023bhav.csv.zip,ok,,58164,1356,2023-11-29,2023-11-30,2028-06-29,11000.0,25000.0,786
C:\Ramgo\Business\Trading\India2026\Gitrade1\ctrade1\data\nse_fno_bhavcopy\2023\11\fo30NOV2023bhav.csv.zip,ok,,58820,1404,2023-11-30,2023-11-30,2028-06-29,11000.0,25000.0,833
C:\Ramgo\Business\Trading\India2026\Gitrade1\ctrade1\data\nse_fno_bhavcopy\2023\12\fo01DEC2023bhav.csv.zip,ok,,51315,1362,2023-12-01,2023-12-07,2028-06-29,11000.0,25000.0,717
C:\Ramgo\Business\Trading\India2026\Gitrade1\ctrade1\data\nse_fno_bhavcopy\2023\12\fo04DEC2023bhav.csv.zip,ok,,53235,1390,2023-12-04,2023-12-07,2028-06-29,11000.0,25000.0,798
C:\Ramgo\Business\Trading\India2026\Gitrade1\ctrade1\data\nse_fno_bhavcopy\2023\12\fo05DEC2023bhav.csv.zip,ok,,54631,1536,2023-12-05,2023-12-07,2028-06-29,11000.0,26000.0,868
C:\Ramgo\Business\Trading\India2026\Gitrade1\ctrade1\data\nse_fno_bhavcopy\2023\12\fo06DEC2023bhav.csv.zip,ok,,55575,1578,2023-12-06,2023-12-07,2028-06-29,11000.0,26000.0,901
C:\Ramgo\Business\Trading\India2026\Gitrade1\ctrade1\data\nse_fno_bhavcopy\2023\12\fo07DEC2023bhav.csv.zip,ok,,56215,1606,2023-12-07,2023-12-07,2028-06-29,11000.0,26000.0,917
C:\Ramgo\Business\Trading\India2026\Gitrade1\ctrade1\data\nse_fno_bhavcopy\2023\12\fo08DEC2023bhav.csv.zip,ok,,56637,1534,2023-12-08,2023-12-14,2028-06-29,11000.0,26000.0,800
C:\Ramgo\Business\Trading\India2026\Gitrade1\ctrade1\data\nse_fno_bhavcopy\2023\12\fo11DEC2023bhav.csv.zip,ok,,57065,1536,2023-12-11,2023-12-14,2028-06-29,11000.0,26000.0,817
C:\Ramgo\Business\Trading\India2026\Gitrade1\ctrade1\data\nse_fno_bhavcopy\2023\12\fo12DEC2023bhav.csv.zip,ok,,57467,1550,2023-12-12,2023-12-14,2028-06-29,11000.0,26000.0,835
C:\Ramgo\Business\Trading\India2026\Gitrade1\ctrade1\data\nse_fno_bhavcopy\2023\12\fo13DEC2023bhav.csv.zip,ok,,57995,1550,2023-12-13,2023-12-14,2028-06-29,11000.0,26000.0,880
C:\Ramgo\Business\Trading\India2026\Gitrade1\ctrade1\data\nse_fno_bhavcopy\2023\12\fo14DEC2023bhav.csv.zip,ok,,58583,1550,2023-12-14,2023-12-14,2028-06-29,11000.0,26000.0,935
C:\Ramgo\Business\Trading\India2026\Gitrade1\ctrade1\data\nse_fno_bhavcopy\2023\12\fo15DEC2023bhav.csv.zip,ok,,59735,1534,2023-12-15,2023-12-21,2028-06-29,11000.0,26000.0,841
C:\Ramgo\Business\Trading\India2026\Gitrade1\ctrade1\data\nse_fno_bhavcopy\2023\12\fo18DEC2023bhav.csv.zip,ok,,60753,1604,2023-12-18,2023-12-21,2028-06-29,11000.0,26000.0,880
C:\Ramgo\Business\Trading\India2026\Gitrade1\ctrade1\data\nse_fno_bhavcopy\2023\12\fo19DEC2023bhav.csv.zip,ok,,61239,1604,2023-12-19,2023-12-21,2028-06-29,11000.0,26000.0,886
C:\Ramgo\Business\Trading\India2026\Gitrade1\ctrade1\data\nse_fno_bhavcopy\2023\12\fo20DEC2023bhav.csv.zip,ok,,61439,1604,2023-12-20,2023-12-21,2028-06-29,11000.0,26000.0,938
C:\Ramgo\Business\Trading\India2026\Gitrade1\ctrade1\data\nse_fno_bhavcopy\2023\12\fo21DEC2023bhav.csv.zip,ok,,61575,1606,2023-12-21,2023-12-21,2028-06-29,11000.0,26000.0,976
C:\Ramgo\Business\Trading\India2026\Gitrade1\ctrade1\data\nse_fno_bhavcopy\2023\12\fo22DEC2023bhav.csv.zip,ok,,61779,1536,2023-12-22,2023-12-28,2028-06-29,11000.0,26000.0,817
C:\Ramgo\Business\Trading\India2026\Gitrade1\ctrade1\data\nse_fno_bhavcopy\2023\12\fo26DEC2023bhav.csv.zip,ok,,62103,1540,2023-12-26,2023-12-28,2028-06-29,11000.0,26000.0,838
C:\Ramgo\Business\Trading\India2026\Gitrade1\ctrade1\data\nse_fno_bhavcopy\2023\12\fo27DEC2023bhav.csv.zip,ok,,62357,1544,2023-12-27,2023-12-28,2028-06-29,11000.0,26000.0,887
C:\Ramgo\Business\Trading\India2026\Gitrade1\ctrade1\data\nse_fno_bhavcopy\2023\12\fo28DEC2023bhav.csv.zip,ok,,63405,1620,2023-12-28,2023-12-28,2028-06-29,11000.0,27000.0,952
C:\Ramgo\Business\Trading\India2026\Gitrade1\ctrade1\data\nse_fno_bhavcopy\2023\12\fo29DEC2023bhav.csv.zip,ok,,55832,1500,2023-12-29,2024-01-04,2028-12-28,12000.0,27000.0,802
C:\Ramgo\Business\Trading\India2026\Gitrade1\ctrade1\data\nse_fno_bhavcopy\2024\01\fo01JAN2024bhav.csv.zip,ok,,56662,1502,2024-01-01,2024-01-04,2028-12-28,12000.0,27000.0,842
C:\Ramgo\Business\Trading\India2026\Gitrade1\ctrade1\data\nse_fno_bhavcopy\2024\01\fo02JAN2024bhav.csv.zip,ok,,57054,1502,2024-01-02,2024-01-04,2028-12-28,12000.0,27000.0,852
C:\Ramgo\Business\Trading\India2026\Gitrade1\ctrade1\data\nse_fno_bhavcopy\2024\01\fo03JAN2024bhav.csv.zip,ok,,57594,1506,2024-01-03,2024-01-04,2028-12-28,12000.0,27000.0,871
C:\Ramgo\Business\Trading\India2026\Gitrade1\ctrade1\data\nse_fno_bhavcopy\2024\01\fo04JAN2024bhav.csv.zip,ok,,58104,1510,2024-01-04,2024-01-04,2028-12-28,12000.0,27000.0,923
C:\Ramgo\Business\Trading\India2026\Gitrade1\ctrade1\data\nse_fno_bhavcopy\2024\01\fo05JAN2024bhav.csv.zip,ok,,58770,1430,2024-01-05,2024-01-11,2028-12-28,12000.0,27000.0,771
C:\Ramgo\Business\Trading\India2026\Gitrade1\ctrade1\data\nse_fno_bhavcopy\2024\01\fo08JAN2024bhav.csv.zip,ok,,59442,1488,2024-01-08,2024-01-11,2028-12-28,12000.0,27000.0,812
C:\Ramgo\Business\Trading\India2026\Gitrade1\ctrade1\data\nse_fno_bhavcopy\2024\01\fo09JAN2024bhav.csv.zip,ok,,59894,1504,2024-01-09,2024-01-11,2028-12-28,12000.0,27000.0,818
C:\Ramgo\Business\Trading\India2026\Gitrade1\ctrade1\data\nse_fno_bhavcopy\2024\01\fo10JAN2024bhav.csv.zip,ok,,60240,1504,2024-01-10,2024-01-11,2028-12-28,12000.0,27000.0,858
C:\Ramgo\Business\Trading\India2026\Gitrade1\ctrade1\data\nse_fno_bhavcopy\2024\01\fo11JAN2024bhav.csv.zip,ok,,60920,1504,2024-01-11,2024-01-11,2028-12-28,12000.0,27000.0,849
C:\Ramgo\Business\Trading\India2026\Gitrade1\ctrade1\data\nse_fno_bhavcopy\2024\01\fo12JAN2024bhav.csv.zip,ok,,61250,1482,2024-01-12,2024-01-18,2028-12-28,12000.0,27000.0,766
C:\Ramgo\Business\Trading\India2026\Gitrade1\ctrade1\data\nse_fno_bhavcopy\2024\01\fo15JAN2024bhav.csv.zip,ok,,61798,1540,2024-01-15,2024-01-18,2028-12-28,12000.0,27000.0,835
C:\Ramgo\Business\Trading\India2026\Gitrade1\ctrade1\data\nse_fno_bhavcopy\2024\01\fo16JAN2024bhav.csv.zip,ok,,62214,1596,2024-01-16,2024-01-18,2028-12-28,12000.0,27000.0,869
C:\Ramgo\Business\Trading\India2026\Gitrade1\ctrade1\data\nse_fno_bhavcopy\2024\01\fo17JAN2024bhav.csv.zip,ok,,62696,1596,2024-01-17,2024-01-18,2028-12-28,12000.0,27000.0,909
C:\Ramgo\Business\Trading\India2026\Gitrade1\ctrade1\data\nse_fno_bhavcopy\2024\01\fo18JAN2024bhav.csv.zip,ok,,63424,1600,2024-01-18,2024-01-18,2028-12-28,12000.0,27000.0,956
C:\Ramgo\Business\Trading\India2026\Gitrade1\ctrade1\data\nse_fno_bhavcopy\2024\01\fo19JAN2024bhav.csv.zip,ok,,63969,1595,2024-01-19,2024-01-25,2028-12-28,12000.0,27000.0,824
C:\Ramgo\Business\Trading\India2026\Gitrade1\ctrade1\data\nse_fno_bhavcopy\2024\01\fo23JAN2024bhav.csv.zip,ok,,64877,1601,2024-01-23,2024-01-25,2028-12-28,12000.0,27000.0,922
C:\Ramgo\Business\Trading\India2026\Gitrade1\ctrade1\data\nse_fno_bhavcopy\2024\01\fo24JAN2024bhav.csv.zip,ok,,65503,1641,2024-01-24,2024-01-25,2028-12-28,12000.0,27000.0,962
C:\Ramgo\Business\Trading\India2026\Gitrade1\ctrade1\data\nse_fno_bhavcopy\2024\01\fo25JAN2024bhav.csv.zip,ok,,65847,1641,2024-01-25,2024-01-25,2028-12-28,12000.0,27000.0,970
C:\Ramgo\Business\Trading\India2026\Gitrade1\ctrade1\data\nse_fno_bhavcopy\2024\01\fo29JAN2024bhav.csv.zip,ok,,48482,1521,2024-01-29,2024-02-01,2028-12-28,12000.0,27000.0,782
C:\Ramgo\Business\Trading\India2026\Gitrade1\ctrade1\data\nse_fno_bhavcopy\2024\01\fo30JAN2024bhav.csv.zip,ok,,49078,1543,2024-01-30,2024-02-01,2028-12-28,12000.0,27000.0,784
C:\Ramgo\Business\Trading\India2026\Gitrade1\ctrade1\data\nse_fno_bhavcopy\2024\01\fo31JAN2024bhav.csv.zip,ok,,49402,1543,2024-01-31,2024-02-01,2028-12-28,12000.0,27000.0,795
C:\Ramgo\Business\Trading\India2026\Gitrade1\ctrade1\data\nse_fno_bhavcopy\2024\02\fo01FEB2024bhav.csv.zip,ok,,49764,1543,2024-02-01,2024-02-01,2028-12-28,12000.0,27000.0,867
C:\Ramgo\Business\Trading\India2026\Gitrade1\ctrade1\data\nse_fno_bhavcopy\2024\02\fo02FEB2024bhav.csv.zip,ok,,50352,1509,2024-02-02,2024-02-08,2028-12-28,12000.0,27000.0,770
C:\Ramgo\Business\Trading\India2026\Gitrade1\ctrade1\data\nse_fno_bhavcopy\2024\02\fo05FEB2024bhav.csv.zip,ok,,50980,1523,2024-02-05,2024-02-08,2028-12-28,12000.0,27000.0,814
C:\Ramgo\Business\Trading\India2026\Gitrade1\ctrade1\data\nse_fno_bhavcopy\2024\02\fo06FEB2024bhav.csv.zip,ok,,51540,1523,2024-02-06,2024-02-08,2028-12-28,12000.0,27000.0,789
C:\Ramgo\Business\Trading\India2026\Gitrade1\ctrade1\data\nse_fno_bhavcopy\2024\02\fo07FEB2024bhav.csv.zip,ok,,52104,1535,2024-02-07,2024-02-08,2028-12-28,12000.0,27000.0,810
C:\Ramgo\Business\Trading\India2026\Gitrade1\ctrade1\data\nse_fno_bhavcopy\2024\02\fo08FEB2024bhav.csv.zip,ok,,52694,1535,2024-02-08,2024-02-08,2028-12-28,12000.0,27000.0,885
C:\Ramgo\Business\Trading\India2026\Gitrade1\ctrade1\data\nse_fno_bhavcopy\2024\02\fo09FEB2024bhav.csv.zip,ok,,53052,1501,2024-02-09,2024-02-15,2028-12-28,12000.0,27000.0,721
C:\Ramgo\Business\Trading\India2026\Gitrade1\ctrade1\data\nse_fno_bhavcopy\2024\02\fo12FEB2024bhav.csv.zip,ok,,53320,1505,2024-02-12,2024-02-15,2028-12-28,12000.0,27000.0,746
C:\Ramgo\Business\Trading\India2026\Gitrade1\ctrade1\data\nse_fno_bhavcopy\2024\02\fo13FEB2024bhav.csv.zip,ok,,53674,1513,2024-02-13,2024-02-15,2028-12-28,12000.0,27000.0,753
C:\Ramgo\Business\Trading\India2026\Gitrade1\ctrade1\data\nse_fno_bhavcopy\2024\02\fo14FEB2024bhav.csv.zip,ok,,53720,1513,2024-02-14,2024-02-15,2028-12-28,12000.0,27000.0,803
C:\Ramgo\Business\Trading\India2026\Gitrade1\ctrade1\data\nse_fno_bhavcopy\2024\02\fo15FEB2024bhav.csv.zip,ok,,53996,1515,2024-02-15,2024-02-15,2028-12-28,12000.0,27000.0,845
C:\Ramgo\Business\Trading\India2026\Gitrade1\ctrade1\data\nse_fno_bhavcopy\2024\02\fo16FEB2024bhav.csv.zip,ok,,54280,1483,2024-02-16,2024-02-22,2028-12-28,12000.0,27000.0,722
C:\Ramgo\Business\Trading\India2026\Gitrade1\ctrade1\data\nse_fno_bhavcopy\2024\02\fo19FEB2024bhav.csv.zip,ok,,54600,1507,2024-02-19,2024-02-22,2028-12-28,12000.0,27000.0,749
C:\Ramgo\Business\Trading\India2026\Gitrade1\ctrade1\data\nse_fno_bhavcopy\2024\02\fo20FEB2024bhav.csv.zip,ok,,54688,1517,2024-02-20,2024-02-22,2028-12-28,12000.0,27000.0,759
C:\Ramgo\Business\Trading\India2026\Gitrade1\ctrade1\data\nse_fno_bhavcopy\2024\02\fo21FEB2024bhav.csv.zip,ok,,54826,1545,2024-02-21,2024-02-22,2028-12-28,12000.0,27000.0,789
C:\Ramgo\Business\Trading\India2026\Gitrade1\ctrade1\data\nse_fno_bhavcopy\2024\02\fo22FEB2024bhav.csv.zip,ok,,54910,1545,2024-02-22,2024-02-22,2028-12-28,12000.0,27000.0,870
C:\Ramgo\Business\Trading\India2026\Gitrade1\ctrade1\data\nse_fno_bhavcopy\2024\02\fo23FEB2024bhav.csv.zip,ok,,55038,1507,2024-02-23,2024-02-29,2028-12-28,12000.0,27000.0,709
C:\Ramgo\Business\Trading\India2026\Gitrade1\ctrade1\data\nse_fno_bhavcopy\2024\02\fo26FEB2024bhav.csv.zip,ok,,55134,1507,2024-02-26,2024-02-29,2028-12-28,12000.0,27000.0,754
C:\Ramgo\Business\Trading\India2026\Gitrade1\ctrade1\data\nse_fno_bhavcopy\2024\02\fo27FEB2024bhav.csv.zip,ok,,55206,1511,2024-02-27,2024-02-29,2028-12-28,12000.0,27000.0,736
C:\Ramgo\Business\Trading\India2026\Gitrade1\ctrade1\data\nse_fno_bhavcopy\2024\02\fo28FEB2024bhav.csv.zip,ok,,55404,1511,2024-02-28,2024-02-29,2028-12-28,12000.0,27000.0,840
C:\Ramgo\Business\Trading\India2026\Gitrade1\ctrade1\data\nse_fno_bhavcopy\2024\02\fo29FEB2024bhav.csv.zip,ok,,55582,1517,2024-02-29,2024-02-29,2028-12-28,12000.0,27000.0,835
C:\Ramgo\Business\Trading\India2026\Gitrade1\ctrade1\data\nse_fno_bhavcopy\2024\03\fo01MAR2024bhav.csv.zip,ok,,41741,1445,2024-03-01,2024-03-07,2028-12-28,12000.0,27000.0,709
C:\Ramgo\Business\Trading\India2026\Gitrade1\ctrade1\data\nse_fno_bhavcopy\2024\03\fo04MAR2024bhav.csv.zip,ok,,33489,1507,2024-03-04,2024-03-07,2028-12-28,12000.0,27000.0,743
C:\Ramgo\Business\Trading\India2026\Gitrade1\ctrade1\data\nse_fno_bhavcopy\2024\03\fo05MAR2024bhav.csv.zip,ok,,34325,1507,2024-03-05,2024-03-07,2028-12-28,12000.0,27000.0,777
C:\Ramgo\Business\Trading\India2026\Gitrade1\ctrade1\data\nse_fno_bhavcopy\2024\03\fo06MAR2024bhav.csv.zip,ok,,35321,1507,2024-03-06,2024-03-07,2028-12-28,12000.0,27000.0,814
C:\Ramgo\Business\Trading\India2026\Gitrade1\ctrade1\data\nse_fno_bhavcopy\2024\03\fo07MAR2024bhav.csv.zip,ok,,35929,1521,2024-03-07,2024-03-07,2028-12-28,12000.0,27000.0,851
C:\Ramgo\Business\Trading\India2026\Gitrade1\ctrade1\data\nse_fno_bhavcopy\2024\03\fo11MAR2024bhav.csv.zip,ok,,36465,1499,2024-03-11,2024-03-14,2028-12-28,12000.0,27000.0,721
C:\Ramgo\Business\Trading\India2026\Gitrade1\ctrade1\data\nse_fno_bhavcopy\2024\03\fo12MAR2024bhav.csv.zip,ok,,36750,1505,2024-03-12,2024-03-14,2028-12-28,12000.0,27000.0,725
C:\Ramgo\Business\Trading\India2026\Gitrade1\ctrade1\data\nse_fno_bhavcopy\2024\03\fo13MAR2024bhav.csv.zip,ok,,38810,1505,2024-03-13,2024-03-14,2028-12-28,12000.0,27000.0,832
C:\Ramgo\Business\Trading\India2026\Gitrade1\ctrade1\data\nse_fno_bhavcopy\2024\03\fo14MAR2024bhav.csv.zip,ok,,39923,1519,2024-03-14,2024-03-14,2028-12-28,12000.0,27000.0,854
C:\Ramgo\Business\Trading\India2026\Gitrade1\ctrade1\data\nse_fno_bhavcopy\2024\03\fo15MAR2024bhav.csv.zip,ok,,40247,1483,2024-03-15,2024-03-21,2028-12-28,12000.0,27000.0,712
C:\Ramgo\Business\Trading\India2026\Gitrade1\ctrade1\data\nse_fno_bhavcopy\2024\03\fo18MAR2024bhav.csv.zip,ok,,40436,1489,2024-03-18,2024-03-21,2028-12-28,12000.0,27000.0,748
C:\Ramgo\Business\Trading\India2026\Gitrade1\ctrade1\data\nse_fno_bhavcopy\2024\03\fo19MAR2024bhav.csv.zip,ok,,40555,1489,2024-03-19,2024-03-21,2028-12-28,12000.0,27000.0,780
C:\Ramgo\Business\Trading\India2026\Gitrade1\ctrade1\data\nse_fno_bhavcopy\2024\03\fo20MAR2024bhav.csv.zip,ok,,41033,1523,2024-03-20,2024-03-21,2028-12-28,12000.0,27000.0,803
C:\Ramgo\Business\Trading\India2026\Gitrade1\ctrade1\data\nse_fno_bhavcopy\2024\03\fo21MAR2024bhav.csv.zip,ok,,41201,1523,2024-03-21,2024-03-21,2028-12-28,12000.0,27000.0,845
C:\Ramgo\Business\Trading\India2026\Gitrade1\ctrade1\data\nse_fno_bhavcopy\2024\03\fo22MAR2024bhav.csv.zip,ok,,41333,1495,2024-03-22,2024-03-28,2028-12-28,12000.0,27000.0,749
C:\Ramgo\Business\Trading\India2026\Gitrade1\ctrade1\data\nse_fno_bhavcopy\2024\03\fo26MAR2024bhav.csv.zip,ok,,41509,1499,2024-03-26,2024-03-28,2028-12-28,12000.0,27000.0,766
C:\Ramgo\Business\Trading\India2026\Gitrade1\ctrade1\data\nse_fno_bhavcopy\2024\03\fo27MAR2024bhav.csv.zip,ok,,41750,1499,2024-03-27,2024-03-28,2028-12-28,12000.0,27000.0,768
C:\Ramgo\Business\Trading\India2026\Gitrade1\ctrade1\data\nse_fno_bhavcopy\2024\03\fo28MAR2024bhav.csv.zip,ok,,41850,1499,2024-03-28,2024-03-28,2028-12-28,12000.0,27000.0,850
C:\Ramgo\Business\Trading\India2026\Gitrade1\ctrade1\data\nse_fno_bhavcopy\2024\04\fo01APR2024bhav.csv.zip,ok,,35965,1463,2024-04-01,2024-04-04,2028-12-28,12000.0,27000.0,771
C:\Ramgo\Business\Trading\India2026\Gitrade1\ctrade1\data\nse_fno_bhavcopy\2024\04\fo02APR2024bhav.csv.zip,ok,,31268,1475,2024-04-02,2024-04-04,2028-12-28,12000.0,27000.0,817
C:\Ramgo\Business\Trading\India2026\Gitrade1\ctrade1\data\nse_fno_bhavcopy\2024\04\fo03APR2024bhav.csv.zip,ok,,32330,1475,2024-04-03,2024-04-04,2028-12-28,12000.0,27000.0,1030
C:\Ramgo\Business\Trading\India2026\Gitrade1\ctrade1\data\nse_fno_bhavcopy\2024\04\fo04APR2024bhav.csv.zip,ok,,33083,1475,2024-04-04,2024-04-04,2028-12-28,12000.0,27000.0,973
C:\Ramgo\Business\Trading\India2026\Gitrade1\ctrade1\data\nse_fno_bhavcopy\2024\04\fo05APR2024bhav.csv.zip,ok,,33662,1475,2024-04-05,2024-04-10,2028-12-28,12000.0,28000.0,723
C:\Ramgo\Business\Trading\India2026\Gitrade1\ctrade1\data\nse_fno_bhavcopy\2024\04\fo08APR2024bhav.csv.zip,ok,,34440,1475,2024-04-08,2024-04-10,2028-12-28,12000.0,28000.0,776
C:\Ramgo\Business\Trading\India2026\Gitrade1\ctrade1\data\nse_fno_bhavcopy\2024\04\fo09APR2024bhav.csv.zip,ok,,34973,1517,2024-04-09,2024-04-10,2028-12-28,12000.0,28000.0,834
C:\Ramgo\Business\Trading\India2026\Gitrade1\ctrade1\data\nse_fno_bhavcopy\2024\04\fo10APR2024bhav.csv.zip,ok,,35540,1517,2024-04-10,2024-04-10,2028-12-28,12000.0,28000.0,828
C:\Ramgo\Business\Trading\India2026\Gitrade1\ctrade1\data\nse_fno_bhavcopy\2024\04\fo12APR2024bhav.csv.zip,ok,,35914,1507,2024-04-12,2024-04-18,2028-12-28,12000.0,28000.0,755
C:\Ramgo\Business\Trading\India2026\Gitrade1\ctrade1\data\nse_fno_bhavcopy\2024\04\fo15APR2024bhav.csv.zip,ok,,36360,1517,2024-04-15,2024-04-18,2028-12-28,12000.0,28000.0,811
C:\Ramgo\Business\Trading\India2026\Gitrade1\ctrade1\data\nse_fno_bhavcopy\2024\04\fo16APR2024bhav.csv.zip,ok,,36791,1541,2024-04-16,2024-04-18,2028-12-28,12000.0,28000.0,849
C:\Ramgo\Business\Trading\India2026\Gitrade1\ctrade1\data\nse_fno_bhavcopy\2024\04\fo18APR2024bhav.csv.zip,ok,,37197,1553,2024-04-18,2024-04-18,2028-12-28,12000.0,28000.0,937
C:\Ramgo\Business\Trading\India2026\Gitrade1\ctrade1\data\nse_fno_bhavcopy\2024\04\fo19APR2024bhav.csv.zip,ok,,37604,1533,2024-04-19,2024-04-25,2028-12-28,12000.0,28000.0,809
C:\Ramgo\Business\Trading\India2026\Gitrade1\ctrade1\data\nse_fno_bhavcopy\2024\04\fo22APR2024bhav.csv.zip,ok,,37922,1539,2024-04-22,2024-04-25,2028-12-28,12000.0,28000.0,805
C:\Ramgo\Business\Trading\India2026\Gitrade1\ctrade1\data\nse_fno_bhavcopy\2024\04\fo23APR2024bhav.csv.zip,ok,,38189,1547,2024-04-23,2024-04-25,2028-12-28,12000.0,28000.0,827
C:\Ramgo\Business\Trading\India2026\Gitrade1\ctrade1\data\nse_fno_bhavcopy\2024\04\fo24APR2024bhav.csv.zip,ok,,39169,1547,2024-04-24,2024-04-25,2028-12-28,12000.0,28000.0,842
C:\Ramgo\Business\Trading\India2026\Gitrade1\ctrade1\data\nse_fno_bhavcopy\2024\04\fo25APR2024bhav.csv.zip,ok,,39637,1549,2024-04-25,2024-04-25,2028-12-28,12000.0,28000.0,1034
C:\Ramgo\Business\Trading\India2026\Gitrade1\ctrade1\data\nse_fno_bhavcopy\2024\04\fo26APR2024bhav.csv.zip,ok,,34761,1499,2024-04-26,2024-05-02,2028-12-28,12000.0,28000.0,756
C:\Ramgo\Business\Trading\India2026\Gitrade1\ctrade1\data\nse_fno_bhavcopy\2024\04\fo29APR2024bhav.csv.zip,ok,,31574,1505,2024-04-29,2024-05-02,2028-12-28,12000.0,28000.0,777
C:\Ramgo\Business\Trading\India2026\Gitrade1\ctrade1\data\nse_fno_bhavcopy\2024\04\fo30APR2024bhav.csv.zip,ok,,32634,1513,2024-04-30,2024-05-02,2028-12-28,12000.0,28000.0,817
C:\Ramgo\Business\Trading\India2026\Gitrade1\ctrade1\data\nse_fno_bhavcopy\2024\05\fo02MAY2024bhav.csv.zip,ok,,33367,1513,2024-05-02,2024-05-02,2028-12-28,12000.0,28000.0,876
C:\Ramgo\Business\Trading\India2026\Gitrade1\ctrade1\data\nse_fno_bhavcopy\2024\05\fo03MAY2024bhav.csv.zip,ok,,34332,1483,2024-05-03,2024-05-09,2028-12-28,12000.0,28000.0,776
C:\Ramgo\Business\Trading\India2026\Gitrade1\ctrade1\data\nse_fno_bhavcopy\2024\05\fo06MAY2024bhav.csv.zip,ok,,35032,1489,2024-05-06,2024-05-09,2028-12-28,12000.0,28000.0,912
C:\Ramgo\Business\Trading\India2026\Gitrade1\ctrade1\data\nse_fno_bhavcopy\2024\05\fo07MAY2024bhav.csv.zip,ok,,35808,1491,2024-05-07,2024-05-09,2028-12-28,12000.0,28000.0,862
C:\Ramgo\Business\Trading\India2026\Gitrade1\ctrade1\data\nse_fno_bhavcopy\2024\05\fo08MAY2024bhav.csv.zip,ok,,36824,1501,2024-05-08,2024-05-09,2028-12-28,12000.0,28000.0,958
C:\Ramgo\Business\Trading\India2026\Gitrade1\ctrade1\data\nse_fno_bhavcopy\2024\05\fo09MAY2024bhav.csv.zip,ok,,37452,1501,2024-05-09,2024-05-09,2028-12-28,12000.0,28000.0,1016
C:\Ramgo\Business\Trading\India2026\Gitrade1\ctrade1\data\nse_fno_bhavcopy\2024\05\fo10MAY2024bhav.csv.zip,ok,,38220,1505,2024-05-10,2024-05-16,2028-12-28,12000.0,28000.0,840
C:\Ramgo\Business\Trading\India2026\Gitrade1\ctrade1\data\nse_fno_bhavcopy\2024\05\fo13MAY2024bhav.csv.zip,ok,,38656,1509,2024-05-13,2024-05-16,2028-12-28,12000.0,28000.0,921
C:\Ramgo\Business\Trading\India2026\Gitrade1\ctrade1\data\nse_fno_bhavcopy\2024\05\fo14MAY2024bhav.csv.zip,ok,,38771,1511,2024-05-14,2024-05-16,2028-12-28,12000.0,28000.0,896
C:\Ramgo\Business\Trading\India2026\Gitrade1\ctrade1\data\nse_fno_bhavcopy\2024\05\fo15MAY2024bhav.csv.zip,ok,,39016,1515,2024-05-15,2024-05-16,2028-12-28,12000.0,28000.0,883
C:\Ramgo\Business\Trading\India2026\Gitrade1\ctrade1\data\nse_fno_bhavcopy\2024\05\fo16MAY2024bhav.csv.zip,ok,,39324,1515,2024-05-16,2024-05-16,2028-12-28,12000.0,28000.0,946
C:\Ramgo\Business\Trading\India2026\Gitrade1\ctrade1\data\nse_fno_bhavcopy\2024\05\fo17MAY2024bhav.csv.zip,ok,,39817,1491,2024-05-17,2024-05-23,2028-12-28,12000.0,28000.0,677
C:\Ramgo\Business\Trading\India2026\Gitrade1\ctrade1\data\nse_fno_bhavcopy\2024\05\fo21MAY2024bhav.csv.zip,ok,,40793,1499,2024-05-21,2024-05-23,2028-12-28,12000.0,28000.0,692
C:\Ramgo\Business\Trading\India2026\Gitrade1\ctrade1\data\nse_fno_bhavcopy\2024\05\fo22MAY2024bhav.csv.zip,ok,,40997,1503,2024-05-22,2024-05-23,2028-12-28,12000.0,28000.0,836
C:\Ramgo\Business\Trading\India2026\Gitrade1\ctrade1\data\nse_fno_bhavcopy\2024\05\fo23MAY2024bhav.csv.zip,ok,,41161,1507,2024-05-23,2024-05-23,2028-12-28,12000.0,28000.0,864
C:\Ramgo\Business\Trading\India2026\Gitrade1\ctrade1\data\nse_fno_bhavcopy\2024\05\fo24MAY2024bhav.csv.zip,ok,,41682,1547,2024-05-24,2024-05-30,2028-12-28,12000.0,28000.0,662
C:\Ramgo\Business\Trading\India2026\Gitrade1\ctrade1\data\nse_fno_bhavcopy\2024\05\fo27MAY2024bhav.csv.zip,ok,,42194,1547,2024-05-27,2024-05-30,2028-12-28,12000.0,28000.0,700
C:\Ramgo\Business\Trading\India2026\Gitrade1\ctrade1\data\nse_fno_bhavcopy\2024\05\fo28MAY2024bhav.csv.zip,ok,,42358,1547,2024-05-28,2024-05-30,2028-12-28,12000.0,28000.0,665
C:\Ramgo\Business\Trading\India2026\Gitrade1\ctrade1\data\nse_fno_bhavcopy\2024\05\fo29MAY2024bhav.csv.zip,ok,,42456,1549,2024-05-29,2024-05-30,2028-12-28,12000.0,28000.0,729
C:\Ramgo\Business\Trading\India2026\Gitrade1\ctrade1\data\nse_fno_bhavcopy\2024\05\fo30MAY2024bhav.csv.zip,ok,,42602,1557,2024-05-30,2024-05-30,2028-12-28,12000.0,28000.0,793
C:\Ramgo\Business\Trading\India2026\Gitrade1\ctrade1\data\nse_fno_bhavcopy\2024\05\fo31MAY2024bhav.csv.zip,ok,,36745,1519,2024-05-31,2024-06-06,2028-12-28,12000.0,28000.0,726
C:\Ramgo\Business\Trading\India2026\Gitrade1\ctrade1\data\nse_fno_bhavcopy\2024\06\fo03JUN2024bhav.csv.zip,ok,,34691,1527,2024-06-03,2024-06-06,2028-12-28,12000.0,28000.0,787
C:\Ramgo\Business\Trading\India2026\Gitrade1\ctrade1\data\nse_fno_bhavcopy\2024\06\fo04JUN2024bhav.csv.zip,ok,,42670,1663,2024-06-04,2024-06-06,2028-12-28,12000.0,28000.0,889
C:\Ramgo\Business\Trading\India2026\Gitrade1\ctrade1\data\nse_fno_bhavcopy\2024\06\fo05JUN2024bhav.csv.zip,ok,,45042,1695,2024-06-05,2024-06-06,2028-12-28,12000.0,28000.0,980
C:\Ramgo\Business\Trading\India2026\Gitrade1\ctrade1\data\nse_fno_bhavcopy\2024\06\fo06JUN2024bhav.csv.zip,ok,,45399,1695,2024-06-06,2024-06-06,2028-12-28,12000.0,28000.0,991
C:\Ramgo\Business\Trading\India2026\Gitrade1\ctrade1\data\nse_fno_bhavcopy\2024\06\fo07JUN2024bhav.csv.zip,ok,,45692,1641,2024-06-07,2024-06-13,2028-12-28,12000.0,28000.0,930
C:\Ramgo\Business\Trading\India2026\Gitrade1\ctrade1\data\nse_fno_bhavcopy\2024\06\fo10JUN2024bhav.csv.zip,ok,,46303,1673,2024-06-10,2024-06-13,2028-12-28,12000.0,28000.0,1077
C:\Ramgo\Business\Trading\India2026\Gitrade1\ctrade1\data\nse_fno_bhavcopy\2024\06\fo11JUN2024bhav.csv.zip,ok,,46520,1673,2024-06-11,2024-06-13,2028-12-28,12000.0,28000.0,1062
C:\Ramgo\Business\Trading\India2026\Gitrade1\ctrade1\data\nse_fno_bhavcopy\2024\06\fo12JUN2024bhav.csv.zip,ok,,46730,1673,2024-06-12,2024-06-13,2028-12-28,12000.0,28000.0,1063
C:\Ramgo\Business\Trading\India2026\Gitrade1\ctrade1\data\nse_fno_bhavcopy\2024\06\fo13JUN2024bhav.csv.zip,ok,,47214,1673,2024-06-13,2024-06-13,2028-12-28,12000.0,28000.0,1031
C:\Ramgo\Business\Trading\India2026\Gitrade1\ctrade1\data\nse_fno_bhavcopy\2024\06\fo14JUN2024bhav.csv.zip,ok,,47701,1641,2024-06-14,2024-06-20,2028-12-28,12000.0,28000.0,906
C:\Ramgo\Business\Trading\India2026\Gitrade1\ctrade1\data\nse_fno_bhavcopy\2024\06\fo18JUN2024bhav.csv.zip,ok,,48381,1655,2024-06-18,2024-06-20,2028-12-28,12000.0,28000.0,946
C:\Ramgo\Business\Trading\India2026\Gitrade1\ctrade1\data\nse_fno_bhavcopy\2024\06\fo19JUN2024bhav.csv.zip,ok,,48879,1705,2024-06-19,2024-06-20,2028-12-28,12000.0,29000.0,1006
C:\Ramgo\Business\Trading\India2026\Gitrade1\ctrade1\data\nse_fno_bhavcopy\2024\06\fo20JUN2024bhav.csv.zip,ok,,49558,1705,2024-06-20,2024-06-20,2028-12-28,12000.0,29000.0,980
C:\Ramgo\Business\Trading\India2026\Gitrade1\ctrade1\data\nse_fno_bhavcopy\2024\06\fo21JUN2024bhav.csv.zip,ok,,49916,1639,2024-06-21,2024-06-27,2028-12-28,12000.0,29000.0,924
C:\Ramgo\Business\Trading\India2026\Gitrade1\ctrade1\data\nse_fno_bhavcopy\2024\06\fo24JUN2024bhav.csv.zip,ok,,50306,1641,2024-06-24,2024-06-27,2028-12-28,12000.0,29000.0,929
C:\Ramgo\Business\Trading\India2026\Gitrade1\ctrade1\data\nse_fno_bhavcopy\2024\06\fo25JUN2024bhav.csv.zip,ok,,50460,1641,2024-06-25,2024-06-27,2028-12-28,12000.0,29000.0,959
C:\Ramgo\Business\Trading\India2026\Gitrade1\ctrade1\data\nse_fno_bhavcopy\2024\06\fo26JUN2024bhav.csv.zip,ok,,50814,1683,2024-06-26,2024-06-27,2028-12-28,12000.0,29000.0,938
C:\Ramgo\Business\Trading\India2026\Gitrade1\ctrade1\data\nse_fno_bhavcopy\2024\06\fo27JUN2024bhav.csv.zip,ok,,51080,1725,2024-06-27,2024-06-27,2028-12-28,12000.0,29000.0,1047
C:\Ramgo\Business\Trading\India2026\Gitrade1\ctrade1\data\nse_fno_bhavcopy\2024\06\fo28JUN2024bhav.csv.zip,ok,,41519,1660,2024-06-28,2024-07-04,2029-06-28,12000.0,29000.0,841
C:\Ramgo\Business\Trading\India2026\Gitrade1\ctrade1\data\nse_fno_bhavcopy\2024\07\fo01JUL2024bhav.csv.zip,ok,,32106,1662,2024-07-01,2024-07-04,2029-06-28,12000.0,29000.0,850
C:\Ramgo\Business\Trading\India2026\Gitrade1\ctrade1\data\nse_fno_bhavcopy\2024\07\fo02JUL2024bhav.csv.zip,ok,,32843,1690,2024-07-02,2024-07-04,2029-06-28,12000.0,29000.0,873
C:\Ramgo\Business\Trading\India2026\Gitrade1\ctrade1\data\nse_fno_bhavcopy\2024\07\fo03JUL2024bhav.csv.zip,ok,,33216,1690,2024-07-03,2024-07-04,2029-06-28,12000.0,29000.0,912
C:\Ramgo\Business\Trading\India2026\Gitrade1\ctrade1\data\nse_fno_bhavcopy\2024\07\fo04JUL2024bhav.csv.zip,ok,,33585,1730,2024-07-04,2024-07-04,2029-06-28,12000.0,29000.0,1013
C:\Ramgo\Business\Trading\India2026\Gitrade1\ctrade1\data\nse_fno_bhavcopy\2024\07\fo05JUL2024bhav.csv.zip,ok,,33930,1634,2024-07-05,2024-07-11,2029-06-28,12000.0,29000.0,799
