symbol,trade_date,expiry_date,strike,premium_close,premium_settle,contracts,open_interest,dte,entry_spot,target_strike,strike_distance,expiry_spot,intrinsic_loss_points,pnl_points,return_on_cash,assigned,entry_moneyness_pct,nifty_20d_return,nifty_60d_return,nifty_60d_drawdown,indiavix_252d_percentile,stock_20d_return,skip_nifty_20d_down_5,skip_nifty_60d_drawdown_10,skip_vix_top_20,skip_stock_20d_down_10,skip_composite_stress
BHARTIARTL,2016-05-09,2016-05-26,340.0,1.85,1.85,64.0,128400.0,17,360.05,342.0475,2.0475000000000136,346.35,0.0,1.85,0.0054411764705882,False,-0.0556867101791418,,,,,,False,False,False,False,False
BHARTIARTL,2016-05-26,2016-06-30,320.0,2.2,2.2,4.0,15600.0,35,346.35,329.0325,9.032500000000027,360.05,0.0,2.2,0.006875,False,-0.0760791107261441,,,,,,False,False,False,False,False
BHARTIARTL,2016-06-23,2016-07-28,340.0,4.6,4.6,1.0,22500.0,35,358.1,340.195,0.1949999999999931,365.05,0.0,4.6,0.0135294117647058,False,-0.0505445406311086,,,,,0.03392522015302446,False,False,False,False,False
BHARTIARTL,2016-07-21,2016-08-25,340.0,4.25,4.25,5.0,30000.0,35,361.05,342.9975,2.9975000000000023,339.6,0.3999999999999772,3.850000000000023,0.0113235294117647,True,-0.0583021742140977,,,,,0.01318928020204857,False,False,False,False,False
BHARTIARTL,2016-08-25,2016-09-29,320.0,2.35,2.35,8.0,27000.0,35,339.6,322.62,2.6200000000000045,309.9,10.100000000000025,-7.750000000000023,-0.02421875,True,-0.0577149587750295,-0.0027391536479489664,,-0.013677558587360084,,-0.07136997538966361,False,False,False,False,False
BHARTIARTL,2016-09-22,2016-10-27,300.0,3.05,3.05,13.0,30000.0,35,320.95,304.9025,4.902499999999975,317.15,0.0,3.05,0.0101666666666666,False,-0.0652749649478111,0.02720501355327487,0.09628984002175911,-0.009500139625802762,0.1721311475409836,-0.07573794096472286,False,False,False,False,False
BHARTIARTL,2016-10-24,2016-11-24,280.0,3.1,3.1,3.0,4500.0,31,301.0,285.95,5.949999999999989,296.85,0.0,3.1,0.0110714285714285,False,-0.0697674418604651,-0.017874360723770688,0.008488069803662901,-0.02720469142697557,0.30864197530864196,-0.06215921483097053,False,False,False,False,False
BHARTIARTL,2016-11-24,2016-12-29,280.0,3.6,3.6,19.0,96000.0,35,296.85,282.0075,2.007499999999993,297.4,0.0,3.6,0.0128571428571428,False,-0.056762674751558,-0.07541858912974087,-0.07293824631642665,-0.11024853392907008,0.8737864077669902,-0.030060447639274623,True,True,True,False,True
BHARTIARTL,2016-12-21,2017-01-25,280.0,2.5,2.5,1.0,3400.0,35,296.15,281.3425,1.3424999999999727,305.6,0.0,2.5,0.0089285714285714,False,-0.0545331757555291,0.0034854916410440584,-0.08721572090969298,-0.0807204803202134,0.3442622950819672,0.0038983050847456457,False,False,False,False,False
BHARTIARTL,2017-01-19,2017-02-23,290.0,3.0,3.0,2.0,3400.0,35,311.25,295.6875,5.6875,359.5,0.0,3.0,0.0103448275862068,False,-0.0682730923694778,0.0571493025529195,-0.020910594585183184,-0.023489233618893213,0.42657342657342656,0.08506187903085238,False,False,False,False,False
BHARTIARTL,2017-02-23,2017-03-30,340.0,6.15,6.15,160.0,168300.0,35,359.5,341.525,1.5249999999999773,344.75,0.0,6.15,0.0180882352941176,False,-0.0542420027816411,0.039144459620470196,0.08693537601069967,0.0,0.10778443113772455,0.1763743455497382,False,False,False,False,False
BHARTIARTL,2017-03-23,2017-04-27,300.0,2.5,2.5,3.0,5100.0,35,332.25,315.6375,15.637499999999989,351.3,0.0,2.5,0.0083333333333333,False,-0.0970654627539503,0.02003289233653449,0.14896468877438118,-0.008051266095709053,0.005405405405405406,-0.06710655622630912,False,False,False,False,False
BHARTIARTL,2017-04-20,2017-05-25,300.0,2.35,2.35,1.0,1700.0,35,336.45,319.6275,19.6275,363.85,0.0,2.35,0.0078333333333333,False,-0.1083370485956308,0.0016335032615248934,0.08314068594326085,-0.013896159263476537,0.024630541871921183,-0.020381423788033204,False,False,False,False,False
BHARTIARTL,2017-05-25,2017-06-29,340.0,3.2,3.2,45.0,73100.0,35,363.85,345.6575,5.657500000000027,375.4,0.0,3.2,0.0094117647058823,False,-0.0655489899683936,0.016884359779081093,0.06378992113652893,-0.001679657769729448,0.004405286343612335,0.036757372845134695,False,False,False,False,False
BHARTIARTL,2017-06-23,2017-07-27,320.0,0.3,0.3,1.0,1700.0,34,359.45,341.4775,21.477499999999964,408.4,0.0,0.3,0.0009375,False,-0.1097510084851857,-0.002100030223760041,0.052099815400844074,-0.010351314198302819,0.15524193548387097,-0.019770929915462254,False,False,False,False,False
BHARTIARTL,2017-07-27,2017-08-31,380.0,3.0,3.0,50.0,200600.0,35,408.4,387.98,7.979999999999961,419.8,0.0,3.0,0.0078947368421052,False,-0.0695396669931439,0.054339706021611534,0.07609576941456919,-9.979392554426703e-06,0.14682539682539683,0.08790623335109227,False,False,False,False,False
BHARTIARTL,2017-08-24,2017-09-28,400.0,3.55,3.55,10.0,64600.0,35,424.95,403.7025,3.7024999999999855,375.0,25.0,-21.45,-0.053625,True,-0.0587127897399694,-0.01632628621895793,0.024156973572790452,-0.025468009273677317,0.40476190476190477,0.01565487571701718,False,False,False,False,False
BHARTIARTL,2017-09-21,2017-10-26,350.0,2.35,2.35,2.0,6800.0,35,392.75,373.1125,23.112499999999955,501.9,0.0,2.35,0.0067142857142857,False,-0.1088478676002546,0.027343313879725883,0.0641861345332968,-0.003072953088219421,0.27976190476190477,-0.07359358414907413,False,False,False,False,False
BHARTIARTL,2017-10-26,2017-11-30,470.0,7.1,7.1,66.0,112200.0,35,501.9,476.805,6.80499999999995,487.3,0.0,7.1,0.0151063829787234,False,-0.0635584777844191,0.04784480575393801,0.03288232063507901,0.0,0.2996031746031746,0.3119853613906678,False,False,False,False,False
BHARTIARTL,2017-11-23,2017-12-28,460.0,3.7,3.7,1.0,8500.0,35,487.2,462.84,2.839999999999975,521.55,0.0,3.7,0.0080434782608695,False,-0.0558292282430212,0.0004785475357218516,0.05642070018017464,-0.009925855058598443,0.7321428571428571,-0.029288702928870314,False,False,False,False,False
BHARTIARTL,2017-12-22,2018-01-25,490.0,5.0,5.0,3.0,79900.0,34,518.8,492.86,2.859999999999957,444.35,45.64999999999998,-40.64999999999998,-0.0829591836734693,True,-0.0555127216653815,0.009942539245598958,0.07778034563336167,0.0,0.2976190476190476,0.06387778119552956,False,False,False,False,False
BHARTIARTL,2018-01-19,2018-02-22,460.0,6.2,6.2,4.0,6800.0,34,488.7,464.265,4.264999999999986,408.45,51.55000000000001,-45.35000000000001,-0.0985869565217391,True,-0.0587272355228155,0.04352365353486021,0.053258957056401046,0.0,0.8492063492063492,-0.050053455146272796,False,False,True,False,True
BHARTIARTL,2018-02-21,2018-03-28,380.0,3.0,3.0,5.0,57800.0,35,411.9,391.305,11.30499999999995,391.35,0.0,3.0,0.0078947368421052,False,-0.0774459820344742,-0.05186390910251504,0.0007459310663444629,-0.06585118234744469,0.9246031746031746,-0.1448146994705699,True,False,True,True,True
BHARTIARTL,2018-03-22,2018-04-26,380.0,3.75,3.75,2.0,44200.0,35,407.95,387.5525,7.552499999999952,401.65,0.0,3.75,0.0098684210526315,False,-0.0685132981983085,-0.027189358929352925,-0.036047841418088256,-0.09125008984403071,0.8888888888888888,-0.009589706239378493,False,False,True,False,True
BHARTIARTL,2018-04-26,2018-05-31,380.0,5.2,5.2,75.0,255000.0,35,401.65,381.5675,1.5674999999999386,366.7,13.300000000000011,-8.100000000000012,-0.0213157894736842,True,-0.0539026515623054,0.042580873219659976,-0.04081881540970134,-0.046054050168906846,0.40476190476190477,-0.009738658777120435,False,False,False,False,False
BHARTIARTL,2018-05-25,2018-06-28,350.0,5.05,5.05,10.0,18700.0,34,370.0,351.5,1.5,371.0,0.0,5.05,0.0144285714285714,False,-0.054054054054054,-0.00119139558100545,0.0021308563113033863,-0.018641385819776923,0.4107142857142857,-0.07879995020540265,False,False,False,False,False
BHARTIARTL,2018-06-21,2018-07-26,330.0,3.0,3.0,13.0,22100.0,35,361.9,343.80499999999995,13.80499999999995,351.05,0.0,3.0,0.009090909090909,False,-0.0881458966565349,0.021614346790186367,0.06025773272198731,-0.01064780273932231,0.3273809523809524,-0.0086289549376799,False,False,False,False,False
BHARTIARTL,2018-07-26,2018-08-30,330.0,6.3,6.3,86.0,103700.0,35,351.05,333.4975,3.4975000000000023,376.05,0.0,6.3,0.019090909090909,False,-0.0599629682381427,0.05460331850676625,0.04566160876058678,0.0,0.16468253968253968,-0.05377358490566031,False,False,False,False,False
BHARTIARTL,2018-08-24,2018-09-27,340.0,4.05,4.05,2.0,11900.0,34,362.15,344.0425,4.042499999999961,350.2,0.0,4.05,0.0119117647058823,False,-0.0611625017258041,0.038187208048868104,0.08881843918845722,-0.002214500010791931,0.22023809523809523,0.04728166570271819,False,False,False,False,False
BHARTIARTL,2018-09-21,2018-10-25,340.0,3.2,3.2,4.0,45900.0,34,363.65,345.4675,5.467499999999973,290.1,49.89999999999998,-46.69999999999997,-0.1373529411764705,True,-0.0650350611852055,-0.03697205921751978,0.035368340851757774,-0.05072198321761723,0.8888888888888888,0.006086595656384031,False,False,True,False,True
BHARTIARTL,2018-10-25,2018-11-29,270.0,8.55,8.55,118.0,183600.0,35,290.1,275.595,5.595000000000027,311.35,0.0,8.55,0.0316666666666666,False,-0.0692864529472596,-0.08516415253739584,-0.09046891843334537,-0.13746219704391538,0.9603174603174603,-0.1801610852055956,True,True,True,True,True
BHARTIARTL,2018-11-22,2018-12-27,300.0,6.2,6.2,13.0,27200.0,35,321.8,305.71,5.70999999999998,310.85,0.0,6.2,0.0206666666666666,False,-0.0677439403356122,0.02953617447859358,-0.09117005892383068,-0.1032286919112323,0.9246031746031746,0.146623908783182,False,True,True,False,True
BHARTIARTL,2018-12-27,2019-01-31,290.0,4.55,4.55,33.0,28900.0,35,310.85,295.3075,5.3075000000000045,300.75,0.0,4.55,0.0156896551724137,False,-0.0670741515200258,0.004748878025137682,-0.01801403774066157,-0.020757065123588547,0.7222222222222222,0.008271164450210922,False,False,False,False,False
BHARTIARTL,2019-01-24,2019-02-28,280.0,5.6,5.6,18.0,51000.0,35,296.1,281.295,1.295000000000016,312.2,0.0,5.6,0.02,False,-0.0543735224586289,0.0064936269689603865,0.05842930098479626,-0.010713666991875814,0.7738095238095238,-0.047450538845102086,False,False,False,False,False
BHARTIARTL,2019-02-21,2019-03-28,280.0,3.3,3.3,12.0,13600.0,35,304.2,288.98999999999995,8.989999999999952,323.85,0.0,3.3,0.0117857142857142,False,-0.0795529257067718,-0.005525447473685996,0.005685604701342717,-0.025254304659692473,0.6825396825396826,0.027355623100303816,False,False,False,False,False
BHARTIARTL,2019-03-22,2019-04-25,300.0,2.5,2.5,1.0,5100.0,34,325.45,309.17749999999995,9.177499999999952,322.45,0.0,2.5,0.0083333333333333,False,-0.0781994161929635,0.0672025858254659,0.06775956793431392,-0.00654677257119074,0.6964285714285714,0.07303000329706544,False,False,False,False,False
BHARTIARTL,2019-04-25,2019-05-30,303.0,5.15,5.15,33.0,81444.0,35,322.45,306.3275,3.3274999999999864,340.3,0.0,5.15,0.016996699669967,False,-0.0603194293688943,0.013807066814708335,0.07988924498286276,-0.012331225105305377,0.9880952380952381,0.002175602175602087,False,False,True,False,True
BHARTIARTL,2019-05-23,2019-06-27,312.2,6.8,6.8,4.0,7404.0,35,332.55,315.9225,3.722500000000025,342.2,0.0,6.8,0.0217809096732863,False,-0.0611938054427906,0.007005904483001313,0.08584642469575088,-0.014473823262105667,0.8333333333333334,0.0704973442781267,False,False,True,False,True
BHARTIARTL,2019-06-20,2019-07-25,320.0,2.95,2.95,2.0,14808.0,35,342.15,325.0425,5.042499999999961,332.75,0.0,2.95,0.00921875,False,-0.0647376881484728,0.007995467673093115,0.02696802808771781,-0.021243242572516863,0.2638888888888889,0.04012767897856806,False,False,False,False,False
BHARTIARTL,2019-07-25,2019-08-29,310.0,3.95,3.95,39.0,99954.0,35,332.75,316.1125,6.112500000000011,337.15,0.0,3.95,0.0127419354838709,False,-0.0683696468820436,-0.04977388939792504,-0.042219413269323214,-0.06918943959366508,0.10317460317460317,-0.027615429573348838,False,False,False,False,False
BHARTIARTL,2019-08-22,2019-09-26,320.0,4.25,5.5,5.0,11106.0,35,346.25,328.9375,8.9375,337.7,0.0,4.25,0.01328125,False,-0.075812274368231,-0.0520428380423702,-0.09923897775634705,-0.11144430059850019,0.6448412698412699,0.026686434395848835,True,True,False,False,True
BHARTIARTL,2019-09-26,2019-10-31,320.0,4.95,4.95,46.0,109209.0,35,337.7,320.815,0.8149999999999977,367.35,0.0,4.95,0.01546875,False,-0.0524133846609415,0.041948250167711976,-0.01846236062041673,-0.03143532759955625,0.46825396825396826,-0.012284293653114897,False,False,False,False,False
BHARTIARTL,2019-10-24,2019-11-28,340.0,11.5,11.5,47.0,61083.0,35,365.5,347.225,7.224999999999966,428.6,0.0,11.5,0.0338235294117647,False,-0.0697674418604651,-0.0015172152204272482,0.022200060894621565,-0.00679566278077659,0.44246031746031744,0.06996487119437922,False,False,False,False,False
BHARTIARTL,2019-11-21,2019-12-26,390.0,9.9,9.9,15.0,62934.0,35,418.45,397.5275,7.527499999999975,439.3,0.0,9.9,0.0253846153846153,False,-0.0679890070498266,0.03139407623167667,0.09613781860477877,-0.0036338510079461095,0.18452380952380953,0.18306474413344653,False,False,False,False,False
BHARTIARTL,2019-12-26,2020-01-30,415.0,3.25,10.75,3.0,14808.0,35,439.3,417.335,2.3349999999999795,480.75,0.0,3.25,0.0078313253012048,False,-0.0553152743000228,0.002136240052228233,0.04799415790929196,-0.01183607946674492,0.003968253968253968,0.032796520512519134,False,False,False,False,False
BHARTIARTL,2020-01-23,2020-02-27,480.0,8.1,7.75,19.0,55530.0,35,514.0,488.3,8.299999999999955,521.85,0.0,8.1,0.0168749999999999,False,-0.0661478599221789,0.004436546255942586,0.033384661720476716,-0.014718134974883279,0.503968253968254,0.1700432506259959,False,False,False,False,False
BHARTIARTL,2020-02-20,2020-03-26,500.0,6.05,6.05,50.0,161037.0,35,535.55,508.7724999999999,8.772499999999923,462.05,37.94999999999999,-31.899999999999988,-0.0637999999999999,True,-0.0663803566427037,-0.013667258587961473,-0.0057854606354130755,-0.0227667990584276,0.17261904761904762,0.04071123202487348,False,False,False,False,False
BHARTIARTL,2020-03-26,2020-04-30,430.0,26.0,25.45,26.0,27765.0,35,462.05,438.9475,8.947499999999991,504.8,0.0,26.0,0.0604651162790697,False,-0.0693647873606753,-0.2600548015584192,-0.29066694028319306,-0.300983635731215,0.9841269841269841,-0.12166143902670834,True,True,True,True,True
BHARTIARTL,2020-04-23,2020-05-28,460.0,18.6,18.6,5.0,27765.0,35,486.85,462.5075,2.507499999999993,552.4,0.0,18.6,0.0404347826086956,False,-0.0551504570196159,0.0649995140330113,-0.23533396002577933,-0.23957300022452188,0.8968253968253969,0.07212067826469948,False,True,True,False,True
BHARTIARTL,2020-05-21,2020-06-25,550.0,12.85,12.85,103.0,201759.0,35,583.6,554.42,4.419999999999959,548.7,1.2999999999999543,11.550000000000043,0.021,True,-0.0575736806031529,-0.008820881892266486,-0.2406712528663748,-0.2490248146529329,0.8214285714285714,0.18581733211419293,False,True,True,False,True
BHARTIARTL,2020-06-25,2020-07-30,520.0,11.45,11.45,393.0,618234.0,35,548.7,521.265,1.2649999999999864,542.5,0.0,11.45,0.0220192307692307,False,-0.0523054492436669,0.08417192653396688,0.23696628335447256,-0.017390889122337883,0.746031746031746,-0.006698044895003474,False,False,False,False,False
BHARTIARTL,2020-07-23,2020-08-27,520.0,11.55,11.55,53.0,264693.0,35,556.75,528.9125,8.912500000000023,501.75,18.25,-6.699999999999999,-0.0128846153846153,True,-0.0660080826223619,0.09005335847369511,0.19556225948469774,0.0,0.6388888888888888,0.014671040641516253,False,False,False,False,False
BHARTIARTL,2020-08-20,2020-09-24,490.0,11.1,11.1,61.0,98103.0,35,515.85,490.0575,0.0575000000000045,411.55,78.44999999999999,-67.35,-0.1374489795918367,True,-0.0501114665115828,0.008626492918251127,0.19200008429837423,-0.008432383156270706,0.5476190476190477,-0.07346205657835647,False,False,False,False,False
BHARTIARTL,2020-09-24,2020-10-29,390.0,13.25,13.25,373.0,246183.0,35,411.55,390.9725,0.9724999999999682,442.5,0.0,13.25,0.0339743589743589,False,-0.0523630178593124,-0.06520319224863214,0.02405773477259565,-0.07229386311343122,0.5833333333333334,-0.17977080219232688,True,False,False,True,True
BHARTIARTL,2020-10-22,2020-11-26,400.0,9.55,9.55,385.0,525684.0,35,422.7,401.565,1.5649999999999975,459.75,0.0,9.55,0.023875,False,-0.0537023894014667,0.06868579795811125,0.06191281682786087,-0.006231700644471316,0.5515873015873016,-0.007280413339596059,False,False,False,False,False
BHARTIARTL,2020-11-26,2020-12-31,430.0,6.8,6.8,401.0,496068.0,35,459.75,436.7625,6.762499999999989,500.3,0.0,6.8,0.015813953488372,False,-0.0647090810222947,0.11277718751071064,0.1258777633289987,-0.005220162158228736,0.3412698412698413,0.03898305084745757,False,False,False,False,False
BHARTIARTL,2020-12-24,2021-01-28,480.0,8.95,8.95,326.0,362796.0,35,507.75,482.3625,2.3624999999999545,560.4,0.0,8.95,0.0186458333333333,False,-0.0546528803545052,0.06928155913643996,0.22516128457370965,-0.0008211881065799398,0.32142857142857145,0.11458676325321027,False,False,False,False,False
BHARTIARTL,2021-01-21,2021-02-25,540.0,12.85,12.85,97.0,218418.0,35,570.65,542.1175,2.11749999999995,568.5,0.0,12.85,0.0237962962962962,False,-0.0537106808025934,0.07273308776496012,0.22717294396689502,-0.003711240243910785,0.4642857142857143,0.14622878377021187,False,False,False,False,False
BHARTIARTL,2021-02-18,2021-03-25,540.0,11.4,11.4,52.0,318372.0,35,578.2,549.29,9.289999999999964,498.4,41.60000000000002,-30.200000000000024,-0.0559259259259259,True,-0.066067104808025,0.03238372926724353,0.16961346696115331,-0.012781837058512435,0.3492063492063492,-0.01187729641972135,False,False,False,False,False
BHARTIARTL,2021-03-25,2021-04-29,470.0,6.15,6.15,447.0,355392.0,35,498.4,473.48,3.4799999999999613,530.9,0.0,6.15,0.0130851063829787,False,-0.0569823434991973,-0.04385929782405551,0.02815698433888869,-0.06463071428105027,0.46825396825396826,-0.11379800853485067,False,False,False,True,True
BHARTIARTL,2021-04-22,2021-05-27,490.0,5.75,11.35,8.0,75891.0,35,521.05,494.9975,4.997499999999945,510.2,0.0,5.75,0.011734693877551,False,-0.0595912100566163,-0.022914405860010922,-0.016289169460624087,-0.05932535407157835,0.5615079365079365,0.0016339869281043473,False,False,False,False,False
BHARTIARTL,2021-05-20,2021-06-24,480.0,4.9,4.9,185.0,455346.0,35,511.05,485.4975,5.497500000000002,519.0,0.0,4.9,0.0102083333333333,False,-0.0607572644555327,0.042643602585266116,-0.019912682705521156,-0.022271999790103414,0.11904761904761904,-0.018061293111730325,False,False,False,False,False
BHARTIARTL,2021-06-24,2021-07-29,490.0,4.3,4.3,641.0,481260.0,35,519.0,493.05,3.0499999999999545,556.7,0.0,4.3,0.0087755102040816,False,-0.0558766859344893,0.029508699067992028,0.10230786951392346,-0.004965578083400257,0.03968253968253968,0.01724813798510394,False,False,False,False,False
BHARTIARTL,2021-07-22,2021-08-26,500.0,3.8,3.8,514.0,812589.0,35,536.6,509.77,9.769999999999982,576.1,0.0,3.8,0.0076,False,-0.0682072307118897,0.008739748644573941,0.07991510299903437,-0.006289169942603201,0.007936507936507936,0.02365509347577266,False,False,False,False,False
BHARTIARTL,2021-08-26,2021-09-30,540.0,5.7,5.7,629.0,464601.0,35,576.1,547.295,7.294999999999959,688.3,0.0,5.7,0.0105555555555555,False,-0.0626627321645547,0.05904108368238137,0.06819006282564533,0.0,0.15079365079365079,0.03345591532872905,False,False,False,False,False
BHARTIARTL,2021-09-23,2021-10-28,670.0,12.0,12.0,29.0,74040.0,35,713.4,677.7299999999999,7.729999999999904,689.75,0.0,12.0,0.017910447761194,False,-0.0608354359405662,0.07143522707120376,0.1269862849121386,0.0,0.3055555555555556,0.18672544290110626,False,False,False,False,False
BHARTIARTL,2021-10-21,2021-11-25,660.0,18.9,17.2,6.0,30176.0,35,696.05,661.2475,1.2474999999999454,765.15,0.0,18.9,0.0286363636363636,False,-0.0517922563034264,0.035986356370019346,0.14873439519224996,-0.01618007203530858,0.3888888888888889,-0.024251769818462332,False,False,False,False,False
BHARTIARTL,2021-11-25,2021-12-30,720.0,8.55,8.55,647.0,741198.0,35,765.15,726.8924999999999,6.892499999999927,679.35,40.64999999999998,-32.09999999999998,-0.0445833333333333,True,-0.0590080376396784,-0.040077401414464364,0.04974798266408054,-0.05091721892834622,0.38095238095238093,0.09903763286411937,False,False,False,False,False
BHARTIARTL,2021-12-23,2022-01-27,640.0,7.0,7.0,27.0,48450.0,35,678.75,644.8125,4.8125,707.25,0.0,7.0,0.0109375,False,-0.0570902394106813,-0.026440088388338445,-0.043825038126383054,-0.0760110515477308,0.3253968253968254,-0.11291903548323856,False,False,False,True,True
BHARTIARTL,2022-01-20,2022-02-24,670.0,7.15,7.15,35.0,27550.0,35,715.4,679.63,9.629999999999995,670.9,0.0,7.15,0.0106716417910447,False,-0.0634610008386916,0.04008823500125058,-0.027993694029033844,-0.03010090074934091,0.5753968253968254,0.05399631675874761,False,False,False,False,False
BHARTIARTL,2022-02-24,2022-03-31,630.0,11.4,11.4,224.0,128250.0,35,670.9,637.3549999999999,7.354999999999904,754.95,0.0,11.4,0.018095238095238,False,-0.0609628856759576,-0.05039114209986473,-0.05353034036430582,-0.11252621109028849,1.0,-0.051396253092965694,True,True,True,False,True
BHARTIARTL,2022-03-24,2022-04-28,670.0,9.9,9.9,4.0,11400.0,35,706.35,671.0325,1.0325000000000273,747.35,0.0,9.9,0.014776119402985,False,-0.0514617399306293,0.007637986918009432,0.007988879947326,-0.05928198954669772,0.9246031746031746,0.010153736145870562,False,False,True,False,True
BHARTIARTL,2022-04-21,2022-05-26,690.0,10.75,10.75,17.0,20900.0,35,735.75,698.9625,8.962499999999977,693.65,0.0,10.75,0.0155797101449275,False,-0.0621814475025483,0.004452658023158307,-0.020521484484991914,-0.03660252362435901,0.5952380952380952,0.02294056308654846,False,False,False,False,False
BHARTIARTL,2022-05-26,2022-06-30,650.0,9.25,9.25,812.0,432250.0,35,693.65,658.9675,8.967499999999973,684.95,0.0,9.25,0.0142307692307692,False,-0.0629279896201253,-0.050958423326133984,-0.00478829636969591,-0.10431553059257548,0.8650793650793651,-0.07820598006644519,True,True,True,False,True
BHARTIARTL,2022-06-23,2022-07-28,620.0,8.9,8.9,26.0,17100.0,35,660.2,627.19,7.190000000000055,666.85,0.0,8.9,0.0143548387096774,False,-0.0608906392002424,-0.03794027884713502,-0.09669898966438284,-0.13829804912094135,0.7658730158730159,-0.04822316730339504,False,True,False,False,True
BHARTIARTL,2022-07-21,2022-08-25,640.0,8.2,8.2,67.0,64600.0,35,678.35,644.4325,4.4325000000000045,741.0,0.0,8.2,0.0128125,False,-0.0565342374880224,0.06740525755866456,-0.025421987980092098,-0.03710050130327247,0.3412698412698413,0.0274916691911542,False,False,False,False,False
BHARTIARTL,2022-08-25,2022-09-29,700.0,9.0,9.0,1408.0,697300.0,35,741.0,703.9499999999999,3.949999999999932,764.65,0.0,9.0,0.0128571428571428,False,-0.0553306342780026,0.0630071251558344,0.056552634831816384,-0.024172305293347796,0.626984126984127,0.0831749744189445,False,False,False,False,False
BHARTIARTL,2022-09-22,2022-10-27,730.0,8.65,8.65,27.0,38000.0,35,784.1,744.895,14.894999999999982,817.1,0.0,8.65,0.0118493150684931,False,-0.0689963014921566,0.0014115348240124614,0.11355130889556309,-0.024363518639959447,0.5119047619047619,0.06138747884940776,False,False,False,False,False
BHARTIARTL,2022-10-20,2022-11-24,750.0,9.2,9.2,139.0,221350.0,35,792.9,753.255,3.2549999999999955,848.35,0.0,9.2,0.0122666666666666,False,-0.0541051835035943,-0.008714129701693274,0.05051003472004156,-0.028007670150331565,0.18452380952380953,0.016277877467316015,False,False,False,False,False
BHARTIARTL,2022-11-24,2022-12-29,800.0,3.85,3.85,687.0,643150.0,35,848.35,805.9325,5.9325000000000045,820.75,0.0,3.85,0.0048125,False,-0.0569929863853362,0.046881150407643624,0.05269122781039792,0.0,0.003968253968253968,0.05739748223856411,False,False,False,False,False
BHARTIARTL,2022-12-21,2023-01-25,750.0,2.65,2.65,92.0,98800.0,35,814.0,773.3,23.299999999999955,776.5,0.0,2.65,0.0035333333333333,False,-0.0786240786240786,-0.0037307202780934023,0.05031063607533759,-0.03260598006644522,0.11507936507936507,-0.03468722205751551,False,False,False,False,False
BHARTIARTL,2023-01-19,2023-02-23,730.0,4.95,4.95,38.0,52250.0,35,772.0,733.4,3.3999999999999773,762.95,0.0,4.95,0.0067808219178082,False,-0.0544041450777201,-0.0010757225959668881,0.02557153658598743,-0.03745647840531574,0.07142857142857142,-0.054616703404359535,False,False,False,False,False
BHARTIARTL,2023-02-22,2023-03-29,730.0,4.9,4.9,165.0,107350.0,35,772.15,733.5424999999999,3.5424999999999045,743.6,0.0,4.9,0.0067123287671232,False,-0.054587839150424,-0.03112874828212364,-0.05713541428882185,-0.06688106312292363,0.26785714285714285,-0.004512344485270381,False,False,False,False,False
BHARTIARTL,2023-03-23,2023-04-27,720.0,4.7,4.7,3.0,3800.0,35,763.55,725.3725,5.372499999999945,786.5,0.0,4.7,0.0065277777777777,False,-0.0570362124287865,-0.027195615888984337,-0.05820552274118551,-0.06338389309229908,0.21031746031746032,-0.011137732305899095,False,False,False,False,False
BHARTIARTL,2023-04-20,2023-05-25,730.0,4.0,4.0,2.0,14250.0,35,772.3,733.685,3.6849999999999454,822.7,0.0,4.0,0.0054794520547945,False,-0.0547714618671499,0.03066657699831299,-0.029776470037736535,-0.02727039415405752,0.011904761904761904,0.019874546054803544,False,False,False,False,False
BHARTIARTL,2023-06-22,2023-07-27,800.0,6.25,6.25,111.0,133950.0,35,842.8,800.66,0.6599999999999682,895.15,0.0,6.25,0.0078125,False,-0.0507831039392501,0.024567235135348975,0.09921882777319069,-0.004539464438652163,0.07142857142857142,0.02443174911875512,False,False,False,False,False
BHARTIARTL,2023-07-27,2023-08-31,850.0,8.05,8.05,506.0,496850.0,35,895.15,850.3924999999999,0.3924999999999272,856.4,0.0,8.05,0.0094705882352941,False,-0.0504384739987711,0.03625323501352007,0.08679176444249137,-0.015979158272499072,0.011904761904761904,0.02631277229993123,False,False,False,False,False
BHARTIARTL,2023-08-24,2023-09-28,820.0,3.5,7.45,1.0,12350.0,35,869.45,825.9775,5.977499999999964,925.65,0.0,3.5,0.0042682926829268,False,-0.0568750359422624,-0.01979947720481534,0.04040227864880319,-0.029653413683765395,0.2123015873015873,-0.02243085225995045,False,False,False,False,False
BHARTIARTL,2023-09-21,2023-10-26,870.0,5.0,8.65,1.0,2850.0,35,917.95,872.0525,2.052500000000009,905.5,0.0,5.0,0.0057471264367816,False,-0.0522359605643009,0.015344065007200092,0.056237694744050604,-0.02228566759193462,0.05357142857142857,0.057363358866555414,False,False,False,False,False
BHARTIARTL,2023-10-26,2023-11-30,860.0,5.35,5.35,225.0,106400.0,35,905.5,860.2249999999999,0.224999999999909,1014.7,0.0,5.35,0.0062209302325581,False,-0.0502484815019326,-0.04106088574959199,-0.04015056461731492,-0.06611909955998185,0.35714285714285715,-0.00788868193272707,False,False,False,False,False
BHARTIARTL,2023-11-23,2023-12-28,920.0,6.4,4.15,1.0,4750.0,35,976.65,927.8175,7.817499999999882,1036.7,0.0,6.4,0.0069565217391304,False,-0.0580044028055085,0.050100094128253,0.025688838472913922,-0.019331578543359207,0.27380952380952384,0.0785753727222529,False,False,False,False,False
BHARTIARTL,2023-12-21,2024-01-25,900.0,3.55,3.55,112.0,164350.0,35,977.9,929.005,29.00499999999988,1160.55,0.0,3.55,0.0039444444444444,False,-0.0796604969833315,0.07284529208529245,0.08033220581919287,-0.009395688516147804,0.7817460317460317,0.00840422789378703,False,False,False,False,False
BHARTIARTL,2024-01-25,2024-02-29,1100.0,10.0,10.0,1128.0,423700.0,35,1160.55,1102.5224999999998,2.522499999999809,1123.35,0.0,10.0,0.009090909090909,False,-0.0521735384085131,-0.019564987809189804,0.11913247657183579,-0.03370750923749133,0.8313492063492064,0.11946561203819805,False,False,True,False,True
BHARTIARTL,2024-02-22,2024-03-28,1060.0,11.25,3.9,6.0,5700.0,35,1135.55,1078.7724999999998,18.77249999999981,1228.6,0.0,11.25,0.0106132075471698,False,-0.0665316366518427,0.035587852120472,0.11703293664560044,0.0,0.9007936507936508,-0.045716206563301,False,False,True,False,True
BHARTIARTL,2024-03-21,2024-04-25,1150.0,6.95,6.95,216.0,319200.0,35,1220.8,1159.76,9.759999999999993,1338.7,0.0,6.95,0.0060434782608695,False,-0.0579947575360418,-0.009249486327188805,0.016495226220575088,-0.021410582144659185,0.6031746031746031,0.07507375280700979,False,False,False,False,False
BHARTIARTL,2024-04-25,2024-05-30,1270.0,12.95,12.95,122.0,155800.0,35,1338.7,1271.765,1.764999999999873,1377.15,0.0,12.95,0.0101968503937007,False,-0.0513184432658549,0.02143301616753579,0.05703052555660659,-0.00806238957888361,0.06746031746031746,0.08300299328533312,False,False,False,False,False
BHARTIARTL,2024-05-23,2024-06-27,1300.0,18.2,18.2,272.0,178600.0,35,1374.05,1305.3475,5.347499999999855,1475.8,0.0,18.2,0.014,False,-0.0538917797751172,0.02523167160661366,0.03376625130246724,0.0,0.9920634920634921,0.028172702783597625,False,False,True,False,True
BHARTIARTL,2024-06-20,2024-07-25,1300.0,10.15,10.15,250.0,129675.0,35,1381.15,1312.0925,12.092499999999973,1449.15,0.0,10.15,0.0078076923076923,False,-0.0587553850052493,0.0428891308003434,0.0791195607877615,0.0,0.623015873015873,0.02466800207730535,False,False,False,False,False
ICICIBANK,2016-05-09,2016-05-26,190.0,0.35,0.35,77.0,362100.0,17,204.82,194.579,4.578999999999979,219.23,0.0,0.35,0.0018421052631578,False,-0.072356215213358,,,,,,False,False,False,False,False
ICICIBANK,2016-05-26,2016-06-30,200.0,0.95,0.95,53.0,258400.0,35,219.23,208.2685,8.268499999999989,218.68,0.0,0.95,0.00475,False,-0.0877160972494639,,,,,,False,False,False,False,False
ICICIBANK,2016-06-23,2016-07-28,200.0,1.7,1.7,7.0,57500.0,35,219.0,208.05,8.049999999999983,247.27,0.0,1.7,0.0085,False,-0.0867579908675799,,,,,-0.0010491264881630213,False,False,False,False,False
ICICIBANK,2016-07-21,2016-08-25,220.0,0.95,0.95,3.0,12500.0,35,238.09,226.1855,6.185499999999991,224.5,0.0,0.95,0.0043181818181818,False,-0.0759796715527741,,,,,0.09582547061260183,False,False,False,False,False
ICICIBANK,2016-08-25,2016-09-29,210.0,0.55,0.55,7.0,45000.0,35,224.5,213.275,3.2749999999999773,227.59,0.0,0.55,0.0026190476190476,False,-0.064587973273942,-0.0027391536479489664,,-0.013677558587360084,,-0.08739837398373984,False,False,False,False,False
ICICIBANK,2016-09-22,2016-10-27,220.0,0.5,0.5,1.0,7500.0,35,250.45,237.9275,17.92749999999998,258.45,0.0,0.5,0.0022727272727272,False,-0.1215811539229386,0.02720501355327487,0.09628984002175911,-0.009500139625802762,0.1721311475409836,0.10112112552209274,False,False,False,False,False
ICICIBANK,2016-10-20,2016-11-24,230.0,0.9,0.9,4.0,60000.0,35,252.36,239.742,9.74199999999999,235.73,0.0,0.9,0.0039130434782608,False,-0.0886035821841814,-0.00871705466106043,0.022244156942926585,-0.028271432560737275,0.22784810126582278,0.020213454075032278,False,False,False,False,False
ICICIBANK,2016-11-24,2016-12-29,220.0,1.0,1.0,1.0,15000.0,35,235.73,223.9435,3.943499999999972,228.27,0.0,1.0,0.0045454545454545,False,-0.0667288847410172,-0.07541858912974087,-0.07293824631642665,-0.11024853392907008,0.8737864077669902,-0.1035177790454459,True,True,True,True,True
ICICIBANK,2016-12-27,2017-01-25,210.0,0.5,0.5,1.0,2500.0,29,230.5,218.975,8.974999999999994,236.32,0.0,0.5,0.0023809523809523,False,-0.088937093275488,-0.013423972783601301,-0.06499636257820451,-0.08396480844779708,0.4642857142857143,-0.007449511260388397,False,False,False,False,False
ICICIBANK,2017-01-19,2017-02-23,220.0,0.5,0.5,1.0,242500.0,35,245.18,232.921,12.920999999999992,258.64,0.0,0.5,0.0022727272727272,False,-0.1027000571009054,0.0571493025529195,-0.020910594585183184,-0.023489233618893213,0.42657342657342656,0.06623178951946085,False,False,False,False,False
ICICIBANK,2017-02-23,2017-03-30,240.0,0.65,0.65,2.0,40000.0,35,258.64,245.708,5.70799999999997,255.77,0.0,0.65,0.0027083333333333,False,-0.0720692854933497,0.039144459620470196,0.08693537601069967,0.0,0.10778443113772455,0.09444820582261348,False,False,False,False,False
ICICIBANK,2017-03-29,2017-04-27,240.0,0.4,0.4,9.0,125000.0,29,256.55,243.7225,3.7224999999999966,249.23,0.0,0.4,0.0016666666666666,False,-0.0645098421360359,0.02975359250416676,0.11703193334799278,-0.0017740077838003243,0.037037037037037035,0.02117581499024812,False,False,False,False,False
ICICIBANK,2017-04-24,2017-05-25,230.0,0.75,0.75,1.0,2500.0,31,244.23,232.0185,2.018499999999989,288.82,0.0,0.75,0.0032608695652173,False,-0.0582647504401587,0.014488845844843556,0.09848656378478227,-0.005094358968823931,0.04390243902439024,0.0063870117026536555,False,False,False,False,False
ICICIBANK,2017-05-25,2017-06-29,270.0,1.0,1.0,32.0,292500.0,35,288.82,274.379,4.378999999999962,293.25,0.0,1.0,0.0037037037037037,False,-0.0651616924035731,0.016884359779081093,0.06378992113652893,-0.001679657769729448,0.004405286343612335,0.1473404044015414,False,False,False,False,False
ICICIBANK,2017-06-22,2017-07-27,272.75,2.45,2.45,44.0,225500.0,35,289.6,275.12,2.3700000000000045,307.2,0.0,2.45,0.0089825847846012,False,-0.0581837016574586,0.012644917058808103,0.06465307566444078,-0.004661450527643107,0.09919028340080972,0.002700643999723029,False,False,False,False,False
ICICIBANK,2017-07-27,2017-08-31,290.9,4.0,4.0,37.0,41250.0,35,307.2,291.84,0.9399999999999976,298.05,0.0,4.0,0.0137504297009281,False,-0.0530598958333333,0.054339706021611534,0.07609576941456919,-9.979392554426703e-06,0.14682539682539683,0.04757033248081832,False,False,False,False,False
ICICIBANK,2017-08-24,2017-09-28,280.0,2.2,2.2,8.0,96250.0,35,297.7,282.815,2.8149999999999977,275.95,4.050000000000011,-1.8500000000000112,-0.0066071428571428,True,-0.05945582801478,-0.01632628621895793,0.024156973572790452,-0.025468009273677317,0.40476190476190477,-0.04076043177058175,False,False,False,False,False
ICICIBANK,2017-09-21,2017-10-26,270.0,3.25,3.25,14.0,60500.0,35,284.95,270.7025,0.7024999999999864,299.25,0.0,3.25,0.012037037037037,False,-0.0524653447973327,0.027343313879725883,0.0641861345332968,-0.003072953088219421,0.27976190476190477,-0.04571332886805102,False,False,False,False,False
ICICIBANK,2017-10-26,2017-11-30,280.0,6.35,6.35,710.0,871750.0,35,299.25,284.2875,4.287499999999966,307.55,0.0,6.35,0.0226785714285714,False,-0.064327485380117,0.04784480575393801,0.03288232063507901,0.0,0.2996031746031746,0.07066189624329167,False,False,False,False,False
ICICIBANK,2017-11-23,2017-12-28,300.0,4.85,4.85,19.0,137500.0,35,319.45,303.4775,3.477499999999964,315.3,0.0,4.85,0.0161666666666666,False,-0.0608858976365628,0.0004785475357218516,0.05642070018017464,-0.009925855058598443,0.7321428571428571,0.06750208855472017,False,False,False,False,False
ICICIBANK,2017-12-21,2018-01-25,290.0,2.2,2.2,1.0,68750.0,35,315.45,299.67749999999995,9.677499999999952,360.8,0.0,2.2,0.0075862068965517,False,-0.0806783959423046,0.008846479043362665,0.05762042242820242,-0.0021886229834086057,0.4662698412698413,-0.012521521364845856,False,False,False,False,False
ICICIBANK,2018-01-18,2018-02-22,320.0,5.1,5.1,19.0,96250.0,35,346.15,328.8425,8.842499999999973,318.35,1.6499999999999773,3.4500000000000224,0.01078125,True,-0.075545283836487,0.03569445242335445,0.050668505684605236,0.0,0.8412698412698413,0.09610512982900565,False,False,True,False,True
ICICIBANK,2018-02-21,2018-03-28,300.0,4.4,4.4,58.0,354750.0,35,319.2,303.23999999999995,3.2399999999999523,278.35,21.649999999999977,-17.24999999999998,-0.0574999999999999,True,-0.0601503759398496,-0.05186390910251504,0.0007459310663444629,-0.06585118234744469,0.9246031746031746,-0.09189189189189195,True,False,True,False,True
ICICIBANK,2018-03-22,2018-04-26,260.0,3.0,3.0,11.0,198000.0,35,283.25,269.0875,9.087499999999975,278.85,0.0,3.0,0.0115384615384615,False,-0.0820829655781112,-0.027189358929352925,-0.036047841418088256,-0.09125008984403071,0.8888888888888888,-0.11262531328320802,False,False,True,True,True
ICICIBANK,2018-04-26,2018-05-31,260.0,4.45,4.45,197.0,481250.0,35,278.85,264.9075,4.907500000000027,285.8,0.0,4.45,0.0171153846153846,False,-0.0675990675990676,0.042580873219659976,-0.04081881540970134,-0.046054050168906846,0.40476190476190477,-0.01778795350475504,False,False,False,False,False
ICICIBANK,2018-05-24,2018-06-28,280.0,3.8,3.8,127.0,451000.0,35,297.7,282.815,2.8149999999999977,271.4,8.600000000000023,-4.800000000000023,-0.0171428571428572,True,-0.05945582801478,-0.005363959302022936,0.002173281034786978,-0.02708992652638198,0.4880952380952381,0.06740767300107575,False,False,False,False,False
ICICIBANK,2018-06-21,2018-07-26,280.0,3.75,3.75,260.0,926750.0,35,297.95,283.05249999999995,3.0524999999999523,285.65,0.0,3.75,0.0133928571428571,False,-0.0602450075516025,0.021614346790186367,0.06025773272198731,-0.01064780273932231,0.3273809523809524,0.0008397715821295559,False,False,False,False,False
ICICIBANK,2018-07-26,2018-08-30,270.0,6.15,6.15,723.0,965250.0,35,285.65,271.36749999999995,1.36749999999995,344.35,0.0,6.15,0.0227777777777777,False,-0.0547873271486083,0.05460331850676625,0.04566160876058678,0.0,0.16468253968253968,0.052505526897568267,False,False,False,False,False
ICICIBANK,2018-08-23,2018-09-27,320.0,6.5,6.5,14.0,283250.0,35,337.2,320.34,0.339999999999975,306.65,13.350000000000025,-6.850000000000023,-0.02140625,True,-0.0510083036773427,0.040276443063326894,0.08929024855877299,0.0,0.32936507936507936,0.22908693275013658,False,False,False,False,False
ICICIBANK,2018-09-21,2018-10-25,300.0,5.4,5.4,59.0,206250.0,34,317.1,301.245,1.2450000000000043,319.95,0.0,5.4,0.018,False,-0.053926206244087,-0.03697205921751978,0.035368340851757774,-0.05072198321761723,0.8888888888888888,-0.0641876936697654,False,False,True,False,True
ICICIBANK,2018-10-25,2018-11-29,300.0,8.05,8.05,508.0,1047750.0,35,319.95,303.9525,3.9524999999999855,362.2,0.0,8.05,0.0268333333333333,False,-0.0623534927332395,-0.08516415253739584,-0.09046891843334537,-0.13746219704391538,0.9603174603174603,0.028447444551590984,True,True,True,False,True
ICICIBANK,2018-11-22,2018-12-27,330.0,4.35,4.35,31.0,88000.0,35,352.05,334.4475,4.447499999999991,355.65,0.0,4.35,0.0131818181818181,False,-0.0626331487004687,0.02953617447859358,-0.09117005892383068,-0.1032286919112323,0.9246031746031746,0.09044447886015172,False,True,True,False,True
ICICIBANK,2018-12-27,2019-01-31,335.0,4.2,4.2,38.0,101750.0,35,355.65,337.86749999999995,2.86749999999995,364.45,0.0,4.2,0.0125373134328358,False,-0.058062702094756,0.004748878025137682,-0.01801403774066157,-0.020757065123588547,0.7222222222222222,-0.009331476323119814,False,False,False,False,False
ICICIBANK,2019-01-24,2019-02-28,340.0,4.95,4.95,31.0,126500.0,35,364.8,346.56,6.560000000000002,350.15,0.0,4.95,0.0145588235294117,False,-0.0679824561403509,0.0064936269689603865,0.05842930098479626,-0.010713666991875814,0.7738095238095238,0.025727541121889574,False,False,False,False,False
ICICIBANK,2019-02-21,2019-03-28,330.0,4.6,4.6,28.0,363000.0,35,351.3,333.735,3.7350000000000136,400.55,0.0,4.6,0.0139393939393939,False,-0.0606319385140905,-0.005525447473685996,0.005685604701342717,-0.025254304659692473,0.6825396825396826,-0.037006578947368474,False,False,False,False,False
ICICIBANK,2019-03-22,2019-04-25,370.0,5.0,5.0,73.0,236500.0,34,391.8,372.21,2.2099999999999795,395.4,0.0,5.0,0.0135135135135135,False,-0.0556406329760081,0.0672025858254659,0.06775956793431392,-0.00654677257119074,0.6964285714285714,0.13499420625724223,False,False,False,False,False
ICICIBANK,2019-04-25,2019-05-30,375.0,7.0,7.0,33.0,90750.0,35,395.4,375.63,0.6299999999999386,426.2,0.0,7.0,0.0186666666666666,False,-0.0515933232169953,0.013807066814708335,0.07988924498286276,-0.012331225105305377,0.9880952380952381,0.0032986551636640105,False,False,True,False,True
ICICIBANK,2019-05-23,2019-06-27,390.0,7.4,7.4,49.0,86625.0,35,410.85,390.3075,0.3075000000000045,440.95,0.0,7.4,0.0189743589743589,False,-0.0507484483388098,0.007005904483001313,0.08584642469575088,-0.014473823262105667,0.8333333333333334,0.03619167717528371,False,False,True,False,True
ICICIBANK,2019-06-20,2019-07-25,410.0,5.8,5.8,81.0,145750.0,35,433.4,411.73,1.7299999999999611,409.0,1.0,4.8,0.0117073170731707,True,-0.0539916935856021,0.007995467673093115,0.02696802808771781,-0.021243242572516863,0.2638888888888889,0.06919945725915855,False,False,False,False,False
ICICIBANK,2019-07-25,2019-08-29,385.0,5.4,5.4,60.0,82500.0,35,409.0,388.55,3.5499999999999545,404.4,0.0,5.4,0.014025974025974,False,-0.058679706601467,-0.04977388939792504,-0.042219413269323214,-0.06918943959366508,0.10317460317460317,-0.07245719469327583,False,False,False,False,False
ICICIBANK,2019-08-22,2019-09-26,370.0,5.0,5.0,13.0,22000.0,35,399.1,379.145,9.144999999999982,451.95,0.0,5.0,0.0135135135135135,False,-0.0729140566274116,-0.0520428380423702,-0.09923897775634705,-0.11144430059850019,0.6448412698412699,-0.03119310595946101,True,True,False,False,True
ICICIBANK,2019-09-26,2019-10-31,425.0,7.05,7.05,192.0,125125.0,35,451.95,429.3525,4.352499999999964,463.05,0.0,7.05,0.0165882352941176,False,-0.0596304900984622,0.041948250167711976,-0.01846236062041673,-0.03143532759955625,0.46825396825396826,0.07967032967032961,False,False,False,False,False
ICICIBANK,2019-10-24,2019-11-28,430.0,8.3,8.3,28.0,116875.0,35,454.75,432.0125,2.0124999999999886,519.15,0.0,8.3,0.0193023255813953,False,-0.0544255085211654,-0.0015172152204272482,0.022200060894621565,-0.00679566278077659,0.44246031746031744,0.018933452834416276,False,False,False,False,False
ICICIBANK,2019-11-21,2019-12-26,470.0,8.5,8.5,95.0,92125.0,35,498.25,473.3375,3.3374999999999773,538.75,0.0,8.5,0.0180851063829787,False,-0.0566984445559458,0.03139407623167667,0.09613781860477877,-0.0036338510079461095,0.18452380952380953,0.09481432652164345,False,False,False,False,False
ICICIBANK,2019-12-26,2020-01-30,510.0,4.2,4.2,113.0,121000.0,35,538.75,511.8125,1.8125,532.2,0.0,4.2,0.008235294117647,False,-0.0533642691415313,0.002136240052228233,0.04799415790929196,-0.01183607946674492,0.003968253968253968,0.06577645895153306,False,False,False,False,False
ICICIBANK,2020-01-23,2020-02-27,500.0,8.65,8.65,242.0,422125.0,35,527.7,501.315,1.3149999999999975,515.35,0.0,8.65,0.0173,False,-0.0524919461815426,0.004436546255942586,0.033384661720476716,-0.014718134974883279,0.503968253968254,-0.020510440835266763,False,False,False,False,False
ICICIBANK,2020-02-20,2020-03-26,510.0,4.0,4.0,31.0,103125.0,35,547.0,519.65,9.649999999999975,330.25,179.75,-175.75,-0.3446078431372549,True,-0.0676416819012797,-0.013667258587961473,-0.0057854606354130755,-0.0227667990584276,0.17261904761904762,0.024632387374730724,False,False,False,False,False
ICICIBANK,2020-03-26,2020-04-30,310.0,35.75,35.75,82.0,31625.0,35,330.25,313.7375,3.7375000000000114,380.15,0.0,35.75,0.1153225806451613,False,-0.0613171839515518,-0.2600548015584192,-0.29066694028319306,-0.300983635731215,0.9841269841269841,-0.369390872637006,True,True,True,True,True
ICICIBANK,2020-04-23,2020-05-28,330.0,19.8,19.8,145.0,145750.0,35,352.95,335.30249999999995,5.302499999999952,326.85,3.1499999999999773,16.650000000000023,0.0504545454545455,True,-0.0650233744156395,0.0649995140330113,-0.23533396002577933,-0.23957300022452188,0.8968253968253969,0.020971940989297,False,True,True,False,True
ICICIBANK,2020-05-21,2020-06-25,280.0,11.9,11.9,233.0,312125.0,35,304.4,289.17999999999995,9.17999999999995,351.0,0.0,11.9,0.0425,False,-0.0801576872536136,-0.008820881892266486,-0.2406712528663748,-0.2490248146529329,0.8214285714285714,-0.09391278464057151,False,True,True,False,True
ICICIBANK,2020-06-25,2020-07-30,330.0,14.2,14.2,1166.0,407000.0,35,351.0,333.45,3.4499999999999886,344.95,0.0,14.2,0.043030303030303,False,-0.0598290598290598,0.08417192653396688,0.23696628335447256,-0.017390889122337883,0.746031746031746,0.07388710417622746,False,False,False,False,False
ICICIBANK,2020-07-23,2020-08-27,370.0,14.85,14.85,213.0,144375.0,35,392.25,372.6375,2.6374999999999886,392.2,0.0,14.85,0.0401351351351351,False,-0.0567240280433397,0.09005335847369511,0.19556225948469774,0.0,0.6388888888888888,0.11752136752136755,False,False,False,False,False
ICICIBANK,2020-08-20,2020-09-24,340.0,7.15,7.15,285.0,330000.0,35,367.75,349.3625,9.362500000000011,335.7,4.300000000000011,2.849999999999989,0.0083823529411764,True,-0.0754588715159755,0.008626492918251127,0.19200008429837423,-0.008432383156270706,0.5476190476190477,-0.06246016571064372,False,False,False,False,False
ICICIBANK,2020-09-24,2020-10-29,310.0,7.65,7.65,937.0,716375.0,35,335.7,318.915,8.914999999999964,399.9,0.0,7.65,0.0246774193548387,False,-0.0765564492106046,-0.06520319224863214,0.02405773477259565,-0.07229386311343122,0.5833333333333334,-0.1440591534931157,True,False,False,True,True
ICICIBANK,2020-10-22,2020-11-26,390.0,12.65,12.65,80.0,133375.0,35,412.9,392.255,2.2549999999999386,475.3,0.0,12.65,0.0324358974358974,False,-0.0554613707919592,0.06868579795811125,0.06191281682786087,-0.006231700644471316,0.5515873015873016,0.17351143953389214,False,False,False,False,False
ICICIBANK,2020-11-26,2020-12-31,450.0,10.15,10.15,1027.0,584375.0,35,475.3,451.535,1.5349999999999682,535.05,0.0,10.15,0.0225555555555555,False,-0.0532295392383758,0.11277718751071064,0.1258777633289987,-0.005220162158228736,0.3412698412698413,0.1885471367841962,False,False,False,False,False
ICICIBANK,2020-12-24,2021-01-28,480.0,8.75,8.75,277.0,290125.0,35,513.55,487.8725,7.872499999999945,528.25,0.0,8.75,0.0182291666666666,False,-0.0653295686885404,0.06928155913643996,0.22516128457370965,-0.0008211881065799398,0.32142857142857145,0.08641844721810865,False,False,False,False,False
ICICIBANK,2021-01-21,2021-02-25,520.0,13.7,13.7,165.0,232375.0,35,552.7,525.065,5.065000000000055,628.0,0.0,13.7,0.0263461538461538,False,-0.0591641034919486,0.07273308776496012,0.22717294396689502,-0.003711240243910785,0.4642857142857143,0.09749801429706118,False,False,False,False,False
ICICIBANK,2021-02-18,2021-03-25,610.0,13.7,13.7,7.0,34375.0,35,644.65,612.4174999999999,2.4174999999999045,571.55,38.450000000000045,-24.75000000000005,-0.0405737704918033,True,-0.0537500969518343,0.03238372926724353,0.16961346696115331,-0.012781837058512435,0.3492063492063492,0.16996370235934655,False,False,False,False,False
ICICIBANK,2021-03-25,2021-04-29,540.0,11.65,11.65,851.0,569250.0,35,571.55,542.9725,2.972499999999968,621.45,0.0,11.65,0.021574074074074,False,-0.0552007698364096,-0.04385929782405551,0.02815698433888869,-0.06463071428105027,0.46825396825396826,-0.10848541569177983,False,False,False,True,True
ICICIBANK,2021-04-22,2021-05-27,550.0,17.85,17.85,272.0,401500.0,35,579.2,550.24,0.2400000000000091,652.25,0.0,17.85,0.0324545454545454,False,-0.050414364640884,-0.022914405860010922,-0.016289169460624087,-0.05932535407157835,0.5615079365079365,-0.012699224409784216,False,False,False,False,False
ICICIBANK,2021-05-20,2021-06-24,580.0,8.6,8.6,67.0,121000.0,35,618.6,587.67,7.669999999999959,634.05,0.0,8.6,0.0148275862068965,False,-0.0623989654057549,0.042643602585266116,-0.019912682705521156,-0.022271999790103414,0.11904761904761904,0.10642103380432832,False,False,False,False,False
ICICIBANK,2021-06-24,2021-07-29,600.0,6.55,6.55,1021.0,1463000.0,35,634.05,602.3475,2.347499999999968,687.5,0.0,6.55,0.0109166666666666,False,-0.0537023894014666,0.029508699067992028,0.10230786951392346,-0.004965578083400257,0.03968253968253968,-0.02790341126868534,False,False,False,False,False
ICICIBANK,2021-07-22,2021-08-26,620.0,6.3,6.3,150.0,105875.0,35,655.95,623.1525,3.152500000000032,698.8,0.0,6.3,0.0101612903225806,False,-0.0548060065553777,0.008739748644573941,0.07991510299903437,-0.006289169942603201,0.007936507936507936,0.05002401152553215,False,False,False,False,False
ICICIBANK,2021-08-26,2021-09-30,660.0,5.65,5.65,601.0,581625.0,35,698.8,663.8599999999999,3.8599999999999,700.85,0.0,5.65,0.008560606060606,False,-0.055523755008586,0.05904108368238137,0.06819006282564533,0.0,0.15079365079365079,0.020071527625720842,False,False,False,False,False
ICICIBANK,2021-09-23,2021-10-28,680.0,10.25,10.25,115.0,218625.0,35,717.0,681.15,1.1499999999999773,798.7,0.0,10.25,0.0150735294117647,False,-0.0516039051603904,0.07143522707120376,0.1269862849121386,0.0,0.3055555555555556,0.03755155198610827,False,False,False,False,False
ICICIBANK,2021-10-21,2021-11-25,710.0,14.0,14.0,15.0,90750.0,35,755.5,717.725,7.725000000000023,751.05,0.0,14.0,0.0197183098591549,False,-0.0602250165453341,0.035986356370019346,0.14873439519224996,-0.01618007203530858,0.3888888888888889,0.07414516243690894,False,False,False,False,False
ICICIBANK,2021-11-25,2021-12-30,710.0,7.5,7.5,570.0,290125.0,35,751.05,713.4975,3.497499999999945,735.7,0.0,7.5,0.0105633802816901,False,-0.0546568137940216,-0.040077401414464364,0.04974798266408054,-0.05091721892834622,0.38095238095238093,-0.09446587894863756,False,False,False,False,False
ICICIBANK,2021-12-23,2022-01-27,690.0,9.0,19.5,4.0,2750.0,35,731.3,694.7349999999999,4.7349999999999,794.65,0.0,9.0,0.0130434782608695,False,-0.0564747709558319,-0.026440088388338445,-0.043825038126383054,-0.0760110515477308,0.3253968253968254,-0.0262965182078424,False,False,False,False,False
ICICIBANK,2022-01-20,2022-02-24,760.0,10.15,10.15,59.0,112750.0,35,810.25,769.7375,9.737499999999956,707.4,52.60000000000002,-42.45000000000002,-0.0558552631578947,True,-0.0620178957112002,0.04008823500125058,-0.027993694029033844,-0.03010090074934091,0.5753968253968254,0.10795843019280738,False,False,False,False,False
ICICIBANK,2022-02-24,2022-03-31,670.0,16.0,16.0,656.0,701250.0,35,707.4,672.03,2.0299999999999727,730.3,0.0,16.0,0.0238805970149253,False,-0.0528696635566864,-0.05039114209986473,-0.05353034036430582,-0.11252621109028849,1.0,-0.10979676587176745,True,True,True,True,True
ICICIBANK,2022-03-24,2022-04-28,660.0,12.5,12.5,78.0,86625.0,35,704.2,668.99,8.990000000000009,747.15,0.0,12.5,0.0189393939393939,False,-0.0627662595853451,0.007637986918009432,0.007988879947326,-0.05928198954669772,0.9246031746031746,-0.0626913350192998,False,False,True,False,True
ICICIBANK,2022-04-21,2022-05-26,720.0,11.35,11.35,45.0,85250.0,35,762.35,724.2325,4.232499999999959,728.5,0.0,11.35,0.0157638888888888,False,-0.0555519118515117,0.004452658023158307,-0.020521484484991914,-0.03660252362435901,0.5952380952380952,0.06147312726260101,False,False,False,False,False
ICICIBANK,2022-05-26,2022-06-30,690.0,8.7,8.7,491.0,328625.0,35,728.5,692.0749999999999,2.074999999999932,707.2,0.0,8.7,0.0126086956521739,False,-0.0528483184625944,-0.050958423326133984,-0.00478829636969591,-0.10431553059257548,0.8650793650793651,-0.0111307180670559,True,True,True,False,True
ICICIBANK,2022-06-23,2022-07-28,660.0,10.0,14.95,25.0,41250.0,35,699.15,664.1925,4.192499999999996,814.6,0.0,10.0,0.0151515151515151,False,-0.0559965672602446,-0.03794027884713502,-0.09669898966438284,-0.13829804912094135,0.7658730158730159,-0.0402882635552505,False,True,False,False,True
ICICIBANK,2022-07-21,2022-08-25,740.0,7.9,7.9,98.0,169125.0,35,786.0,746.6999999999999,6.699999999999932,872.35,0.0,7.9,0.0106756756756756,False,-0.0585241730279898,0.06740525755866456,-0.025421987980092098,-0.03710050130327247,0.3412698412698413,0.1242222698991633,False,False,False,False,False
ICICIBANK,2022-08-25,2022-09-29,820.0,6.6,6.6,624.0,511500.0,35,872.35,828.7325,8.732499999999959,843.9,0.0,6.6,0.0080487804878048,False,-0.0600103169599358,0.0630071251558344,0.056552634831816384,-0.024172305293347796,0.626984126984127,0.09550420695717698,False,False,False,False,False
ICICIBANK,2022-09-22,2022-10-27,850.0,13.8,13.8,1274.0,1870000.0,35,903.4,858.2299999999999,8.229999999999905,924.4,0.0,13.8,0.016235294117647,False,-0.0591100287801638,0.0014115348240124614,0.11355130889556309,-0.024363518639959447,0.5119047619047619,0.034466964387953825,False,False,False,False,False
ICICIBANK,2022-10-20,2022-11-24,820.0,5.6,5.6,29.0,77000.0,35,888.65,844.2175,24.217499999999973,938.85,0.0,5.6,0.0068292682926829,False,-0.0772520114780846,-0.008714129701693274,0.05051003472004156,-0.028007670150331565,0.18452380952380953,-0.02906309751434033,False,False,False,False,False
ICICIBANK,2022-11-24,2022-12-29,890.0,4.9,4.9,453.0,462000.0,35,938.85,891.9075,1.9075000000000275,908.05,0.0,4.9,0.005505617977528,False,-0.0520317409596847,0.046881150407643624,0.05269122781039792,0.0,0.003968253968253968,0.01491811253445774,False,False,False,False,False
ICICIBANK,2022-12-21,2023-01-25,840.0,5.5,5.5,4.0,7000.0,35,892.25,847.6374999999999,7.637499999999932,855.3,0.0,5.5,0.006547619047619,False,-0.058559820678061,-0.0037307202780934023,0.05031063607533759,-0.03260598006644522,0.11507936507936507,-0.037953528492102095,False,False,False,False,False
ICICIBANK,2023-01-19,2023-02-23,820.0,7.4,7.4,89.0,78400.0,35,866.15,822.8425,2.8424999999999727,839.75,0.0,7.4,0.0090243902439024,False,-0.053281764128615,-0.0010757225959668881,0.02557153658598743,-0.03745647840531574,0.07142857142857142,-0.027507999775444936,False,False,False,False,False
ICICIBANK,2023-02-22,2023-03-29,790.0,6.5,6.5,1097.0,235200.0,35,839.25,797.2874999999999,7.287499999999909,851.0,0.0,6.5,0.0082278481012658,False,-0.0586833482275841,-0.03112874828212364,-0.05713541428882185,-0.06688106312292363,0.26785714285714285,-0.036175710594315236,False,False,False,False,False
ICICIBANK,2023-03-23,2023-04-27,810.0,6.0,11.45,3.0,9800.0,35,855.45,812.6775,2.677500000000009,918.35,0.0,6.0,0.0074074074074074,False,-0.0531299316149395,-0.027195615888984337,-0.05820552274118551,-0.06338389309229908,0.21031746031746032,0.0193029490616623,False,False,False,False,False
ICICIBANK,2023-04-20,2023-05-25,840.0,5.8,5.8,29.0,23800.0,35,894.4,849.68,9.67999999999995,939.85,0.0,5.8,0.0069047619047619,False,-0.0608228980322003,0.03066657699831299,-0.029776470037736535,-0.02727039415405752,0.011904761904761904,0.0695366218236173,False,False,False,False,False
ICICIBANK,2023-06-22,2023-07-27,870.0,5.5,8.35,42.0,28000.0,35,925.75,879.4625,9.462499999999975,990.25,0.0,5.5,0.0063218390804597,False,-0.060221442073994,0.024567235135348975,0.09921882777319069,-0.004539464438652163,0.07142857142857142,-0.015002393999042463,False,False,False,False,False
ICICIBANK,2023-07-27,2023-08-31,940.0,6.2,6.2,391.0,420700.0,35,990.25,940.7375,0.7374999999999545,958.75,0.0,6.2,0.006595744680851,False,-0.0507447614238828,0.03625323501352007,0.08679176444249137,-0.015979158272499072,0.011904761904761904,0.056323003893540946,False,False,False,False,False
ICICIBANK,2023-08-24,2023-09-28,900.0,2.9,2.9,193.0,289800.0,35,968.95,920.5025,20.50250000000005,942.6,0.0,2.9,0.0032222222222222,False,-0.0711595025543113,-0.01979947720481534,0.04040227864880319,-0.029653413683765395,0.2123015873015873,-0.02759797280345222,False,False,False,False,False
ICICIBANK,2023-09-21,2023-10-26,910.0,5.8,5.8,3.0,2800.0,35,959.3,911.335,1.3349999999999227,908.65,1.3500000000000227,4.449999999999977,0.0048901098901098,True,-0.0513916397373084,0.015344065007200092,0.056237694744050604,-0.02228566759193462,0.05357142857142857,-0.007808863836169078,False,False,False,False,False
ICICIBANK,2023-10-26,2023-11-30,860.0,5.3,5.3,1113.0,412300.0,35,908.65,863.2175,3.2174999999999727,934.95,0.0,5.3,0.0061627906976744,False,-0.053540967369174,-0.04106088574959199,-0.04015056461731492,-0.06611909955998185,0.35714285714285715,-0.042215663539580506,False,False,False,False,False
ICICIBANK,2023-11-23,2023-12-28,870.0,3.05,3.05,45.0,30100.0,35,923.0,876.8499999999999,6.849999999999909,1005.9,0.0,3.05,0.0035057471264367,False,-0.057421451787649,0.050100094128253,0.025688838472913922,-0.019331578543359207,0.27380952380952384,0.015792659439828327,False,False,False,False,False
ICICIBANK,2023-12-21,2024-01-25,950.0,6.3,6.3,1416.0,598500.0,35,1004.4,954.18,4.17999999999995,1009.95,0.0,6.3,0.0066315789473684,False,-0.0541616885702906,0.07284529208529245,0.08033220581919287,-0.009395688516147804,0.7817460317460317,0.08848550528312105,False,False,False,False,False
ICICIBANK,2024-01-25,2024-02-29,955.0,7.55,7.55,110.0,25200.0,35,1009.95,959.4525,4.452499999999986,1052.2,0.0,7.55,0.0079057591623036,False,-0.0544086340907966,-0.019564987809189804,0.11913247657183579,-0.03370750923749133,0.8313492063492064,0.004026245153593955,False,False,True,False,True
ICICIBANK,2024-02-22,2024-03-28,1000.0,7.7,7.7,1209.0,821100.0,35,1062.7,1009.565,9.56499999999994,1093.3,0.0,7.7,0.0077,False,-0.0590006586995389,0.035587852120472,0.11703293664560044,0.0,0.9007936507936508,0.06355084067253802,False,False,True,False,True
ICICIBANK,2024-03-21,2024-04-25,1020.0,6.65,6.65,1.0,5600.0,35,1081.8,1027.7099999999998,7.709999999999809,1113.75,0.0,6.65,0.0065196078431372,False,-0.0571270105379921,-0.009249486327188805,0.016495226220575088,-0.021410582144659185,0.6031746031746031,0.01797308741883863,False,False,False,False,False
ICICIBANK,2024-04-25,2024-05-30,1050.0,8.6,8.6,2732.0,894600.0,35,1113.75,1058.0625,8.0625,1113.7,0.0,8.6,0.0081904761904761,False,-0.0572390572390572,0.02143301616753579,0.05703052555660659,-0.00806238957888361,0.06746031746031746,0.02150784187838206,False,False,False,False,False
ICICIBANK,2024-05-23,2024-06-27,1060.0,12.55,12.55,164.0,98000.0,35,1134.5,1077.775,17.774999999999864,1219.9,0.0,12.55,0.0118396226415094,False,-0.0656676950198325,0.02523167160661366,0.03376625130246724,0.0,0.9920634920634921,0.034419876909049574,False,False,True,False,True
ICICIBANK,2024-06-20,2024-07-25,1090.0,7.75,7.75,18.0,7000.0,35,1156.8,1098.9599999999998,8.959999999999809,1197.9,0.0,7.75,0.0071100917431192,False,-0.0577455048409405,0.0428891308003434,0.0791195607877615,0.0,0.623015873015873,0.0411304113041131,False,False,False,False,False
INFY,2018-09-04,2018-09-27,700.0,5.45,5.45,1154.0,562800.0,23,737.15,700.2924999999999,0.2924999999999045,724.8,0.0,5.45,0.0077857142857142,False,-0.0503967984806348,0.014039504260263458,0.06989918877378076,-0.018588405673638064,0.6388888888888888,0.08078586613884609,False,False,False,False,False
INFY,2018-09-21,2018-10-25,660.0,6.2,6.2,1.0,1200.0,34,705.3,670.035,10.034999999999968,648.75,11.25,-5.05,-0.0076515151515151,True,-0.0642279880901743,-0.03697205921751978,0.035368340851757774,-0.05072198321761723,0.8888888888888888,0.019249111245989603,False,False,True,False,True
INFY,2018-10-25,2018-11-29,610.0,7.5,7.5,14.0,64800.0,35,648.75,616.3125,6.3125,661.05,0.0,7.5,0.0122950819672131,False,-0.0597302504816955,-0.08516415253739584,-0.09046891843334537,-0.13746219704391538,0.9603174603174603,-0.1066510603139631,True,True,True,True,True
INFY,2018-11-22,2018-12-27,580.0,8.0,8.0,1.0,9600.0,35,620.75,589.7125,9.712499999999975,656.8,0.0,8.0,0.0137931034482758,False,-0.0656463954893273,0.02953617447859358,-0.09117005892383068,-0.1032286919112323,0.9246031746031746,-0.05603710462287104,False,True,True,False,True
INFY,2018-12-27,2019-01-31,620.0,13.0,13.0,113.0,144000.0,35,656.8,623.9599999999999,3.9599999999999222,749.55,0.0,13.0,0.0209677419354838,False,-0.0560292326431181,0.004748878025137682,-0.01801403774066157,-0.020757065123588547,0.7222222222222222,-0.014405762304921965,False,False,False,False,False
INFY,2019-01-24,2019-02-28,650.0,2.0,2.0,3.0,18000.0,35,732.0,695.4,45.39999999999998,734.3,0.0,2.0,0.003076923076923,False,-0.1120218579234972,0.0064936269689603865,0.05842930098479626,-0.010713666991875814,0.7738095238095238,0.11449451887941553,False,False,False,False,False
INFY,2019-02-22,2019-03-28,660.0,2.25,2.25,2.0,9600.0,34,734.95,698.2025,38.20249999999999,737.8,0.0,2.25,0.0034090909090909,False,-0.1019797265120077,0.0010296320688647498,-0.006174772302393605,-0.025091694220102267,0.5833333333333334,0.0062983501061135705,False,False,False,False,False
INFY,2019-03-22,2019-04-25,700.0,10.7,10.7,87.0,1068000.0,34,743.1,705.9449999999999,5.944999999999936,728.55,0.0,10.7,0.0152857142857142,False,-0.0580002691427802,0.0672025858254659,0.06775956793431392,-0.00654677257119074,0.6964285714285714,0.003240178209801492,False,False,False,False,False
INFY,2019-04-25,2019-05-30,690.0,5.0,5.0,30.0,76800.0,35,728.55,692.1225,2.122499999999945,733.55,0.0,5.0,0.0072463768115942,False,-0.0529133209800287,0.013807066814708335,0.07988924498286276,-0.012331225105305377,0.9880952380952381,0.0010992785984196285,False,False,True,False,True
INFY,2019-05-23,2019-06-27,660.0,8.8,8.8,4.0,15600.0,35,701.05,665.9975,5.997499999999945,730.55,0.0,8.8,0.0133333333333333,False,-0.0585550246059481,0.007005904483001313,0.08584642469575088,-0.014473823262105667,0.8333333333333334,-0.03728371326558655,False,False,True,False,True
INFY,2019-06-20,2019-07-25,710.0,6.8,6.8,8.0,78000.0,35,754.9,717.155,7.154999999999973,794.5,0.0,6.8,0.0095774647887323,False,-0.0594780765664325,0.007995467673093115,0.02696802808771781,-0.021243242572516863,0.2638888888888889,0.06361394857344127,False,False,False,False,False
INFY,2019-07-25,2019-08-29,750.0,3.75,3.75,279.0,364800.0,35,794.5,754.775,4.774999999999977,806.95,0.0,3.75,0.005,False,-0.0560100692259282,-0.04977388939792504,-0.042219413269323214,-0.06918943959366508,0.10317460317460317,0.08753678735199522,False,False,False,False,False
INFY,2019-08-22,2019-09-26,750.0,7.9,7.9,11.0,34800.0,35,795.7,755.915,5.914999999999964,782.55,0.0,7.9,0.0105333333333333,False,-0.0574337061706673,-0.0520428380423702,-0.09923897775634705,-0.11144430059850019,0.6448412698412699,0.007151446111005821,True,True,False,False,True
INFY,2019-09-26,2019-10-31,740.0,13.25,13.25,138.0,116400.0,35,782.55,743.4224999999999,3.4224999999999,685.6,54.39999999999998,-41.14999999999998,-0.055608108108108,True,-0.0543735224586288,0.041948250167711976,-0.01846236062041673,-0.03143532759955625,0.46825396825396826,-0.00267635251385967,False,False,False,False,False
INFY,2019-10-24,2019-11-28,600.0,24.8,24.8,231.0,213600.0,35,635.35,603.5825,3.582499999999982,701.85,0.0,24.8,0.0413333333333333,False,-0.0556386243802629,-0.0015172152204272482,0.022200060894621565,-0.00679566278077659,0.44246031746031744,-0.16877085104991163,False,False,False,True,True
INFY,2019-11-21,2019-12-26,670.0,13.35,13.35,9.0,14400.0,35,713.25,677.5875,7.587499999999977,728.95,0.0,13.35,0.0199253731343283,False,-0.0606379249912373,0.03139407623167667,0.09613781860477877,-0.0036338510079461095,0.18452380952380953,0.09629572702121125,False,False,False,False,False
INFY,2019-12-26,2020-01-30,690.0,7.0,7.0,72.0,57600.0,35,728.95,692.5025,2.5025000000000546,780.7,0.0,7.0,0.0101449275362318,False,-0.0534330200974004,0.002136240052228233,0.04799415790929196,-0.01183607946674492,0.003968253968253968,0.047718289615522824,False,False,False,False,False
INFY,2020-01-23,2020-02-27,740.0,5.65,5.65,38.0,76800.0,35,784.35,745.1324999999999,5.132499999999936,777.85,0.0,5.65,0.0076351351351351,False,-0.0565436348568878,0.004436546255942586,0.033384661720476716,-0.014718134974883279,0.503968253968254,0.07599972563275936,False,False,False,False,False
INFY,2020-02-20,2020-03-26,740.0,4.5,4.5,17.0,48000.0,35,797.0,757.15,17.149999999999977,643.0,97.0,-92.5,-0.125,True,-0.0715181932245921,-0.013667258587961473,-0.0057854606354130755,-0.0227667990584276,0.17261904761904762,0.018205046311082773,False,False,False,False,False
INFY,2020-03-26,2020-04-30,600.0,36.0,36.0,464.0,224400.0,35,643.0,610.85,10.850000000000025,715.5,0.0,36.0,0.06,False,-0.0668740279937791,-0.2600548015584192,-0.29066694028319306,-0.300983635731215,0.9841269841269841,-0.17853720855956567,True,True,True,True,True
INFY,2020-04-23,2020-05-28,640.0,19.35,19.35,64.0,57600.0,35,679.3,645.3349999999999,5.334999999999923,707.4,0.0,19.35,0.030234375,False,-0.057853672898572,0.0649995140330113,-0.23533396002577933,-0.23957300022452188,0.8968253968253969,0.16079972658920005,False,True,True,False,True
INFY,2020-05-21,2020-06-25,630.0,14.5,20.85,5.0,3600.0,35,672.2,638.59,8.590000000000032,700.5,0.0,14.5,0.023015873015873,False,-0.0627789348408212,-0.008820881892266486,-0.2406712528663748,-0.2490248146529329,0.8214285714285714,0.047285191244060165,False,True,True,False,True
INFY,2020-06-25,2020-07-30,660.0,13.95,13.95,198.0,129600.0,35,700.5,665.475,5.475000000000023,961.45,0.0,13.95,0.0211363636363636,False,-0.0578158458244111,0.08417192653396688,0.23696628335447256,-0.017390889122337883,0.746031746031746,-0.009754028837998252,False,False,False,False,False
INFY,2020-07-23,2020-08-27,850.0,12.9,12.9,139.0,363600.0,35,907.95,862.5525,12.552500000000007,947.05,0.0,12.9,0.0151764705882352,False,-0.063825100501129,0.09005335847369511,0.19556225948469774,0.0,0.6388888888888888,0.2961456102783726,False,False,False,False,False
INFY,2020-08-20,2020-09-24,900.0,13.2,13.2,46.0,274800.0,35,955.15,907.3925,7.392499999999927,975.4,0.0,13.2,0.0146666666666666,False,-0.0577396220488928,0.008626492918251127,0.19200008429837423,-0.008432383156270706,0.5476190476190477,0.05198524147805483,False,False,False,False,False
INFY,2020-09-24,2020-10-29,920.0,25.25,25.25,20.0,27600.0,35,975.4,926.63,6.629999999999882,1074.85,0.0,25.25,0.027445652173913,False,-0.056797211400451,-0.06520319224863214,0.02405773477259565,-0.07229386311343122,0.5833333333333334,0.029935061506784155,True,False,False,False,True
INFY,2020-10-22,2020-11-26,1070.0,19.0,23.6,4.0,10800.0,35,1129.05,1072.5975,2.5974999999998545,1113.2,0.0,19.0,0.0177570093457943,False,-0.0523006067047517,0.06868579795811125,0.06191281682786087,-0.006231700644471316,0.5515873015873016,0.1071831331208628,False,False,False,False,False
INFY,2020-11-26,2020-12-31,1040.0,13.95,13.95,1047.0,302400.0,35,1113.2,1057.54,17.539999999999964,1255.8,0.0,13.95,0.0134134615384615,False,-0.0657563780093424,0.11277718751071064,0.1258777633289987,-0.005220162158228736,0.3412698412698413,0.03567939712518031,False,False,False,False,False
INFY,2020-12-24,2021-01-28,1160.0,22.8,22.8,165.0,145200.0,35,1236.05,1174.2475,14.247499999999944,1276.2,0.0,22.8,0.0196551724137931,False,-0.0615266372719549,0.06928155913643996,0.22516128457370965,-0.0008211881065799398,0.32142857142857145,0.1079191502711423,False,False,False,False,False
INFY,2021-01-21,2021-02-25,1260.0,18.2,18.2,137.0,117000.0,35,1339.7,1272.715,12.714999999999918,1274.55,0.0,18.2,0.0144444444444444,False,-0.0594909308054042,0.07273308776496012,0.22717294396689502,-0.003711240243910785,0.4642857142857143,0.06915127089900652,False,False,False,False,False
INFY,2021-02-18,2021-03-25,1220.0,19.3,19.3,37.0,30600.0,35,1292.45,1227.8275,7.827499999999873,1333.8,0.0,19.3,0.0158196721311475,False,-0.0560563271306433,0.03238372926724353,0.16961346696115331,-0.012781837058512435,0.3492063492063492,-0.03508902907909961,False,False,False,False,False
INFY,2021-03-25,2021-04-29,1260.0,21.25,21.25,501.0,268200.0,35,1333.8,1267.11,7.1099999999999,1356.35,0.0,21.25,0.0168650793650793,False,-0.0553306342780026,-0.04385929782405551,0.02815698433888869,-0.06463071428105027,0.46825396825396826,0.04669230165581095,False,False,False,False,False
INFY,2021-04-22,2021-05-27,1280.0,17.8,17.8,122.0,116400.0,35,1351.1,1283.5449999999998,3.5449999999998454,1402.25,0.0,17.8,0.01390625,False,-0.0526237880245724,-0.022914405860010922,-0.016289169460624087,-0.05932535407157835,0.5615079365079365,0.004946260552642245,False,False,False,False,False
INFY,2021-05-20,2021-06-24,1260.0,11.5,11.5,102.0,223800.0,35,1339.3,1272.3349999999998,12.334999999999807,1559.2,0.0,11.5,0.0091269841269841,False,-0.0592100350929589,0.042643602585266116,-0.019912682705521156,-0.022271999790103414,0.11904761904761904,-0.008917008917008862,False,False,False,False,False
INFY,2021-06-24,2021-07-29,1480.0,19.55,19.55,1282.0,222600.0,35,1559.2,1481.24,1.240000000000009,1617.0,0.0,19.55,0.0132094594594594,False,-0.0507952796305798,0.029508699067992028,0.10230786951392346,-0.004965578083400257,0.03968253968253968,0.1119272597610983,False,False,False,False,False
INFY,2021-07-22,2021-08-26,1500.0,7.65,7.65,1176.0,405000.0,35,1590.2,1510.69,10.690000000000056,1727.7,0.0,7.65,0.0051,False,-0.0567224248522199,0.008739748644573941,0.07991510299903437,-0.006289169942603201,0.007936507936507936,0.057911718724012795,False,False,False,False,False
INFY,2021-08-26,2021-09-30,1640.0,11.8,11.8,547.0,190800.0,35,1727.7,1641.315,1.3150000000000546,1675.2,0.0,11.8,0.0071951219512195,False,-0.0507611275105631,0.05904108368238137,0.06819006282564533,0.0,0.15079365079365079,0.07604633781763837,False,False,False,False,False
INFY,2021-09-23,2021-10-28,1640.0,23.05,23.05,94.0,120000.0,35,1742.55,1655.4225,15.4224999999999,1703.9,0.0,23.05,0.0140548780487804,False,-0.0588505351352902,0.07143522707120376,0.1269862849121386,0.0,0.3055555555555556,0.004033303563711899,False,False,False,False,False
INFY,2021-10-21,2021-11-25,1660.0,25.8,25.8,216.0,85800.0,35,1753.65,1665.9675,5.967499999999973,1722.4,0.0,25.8,0.0155421686746987,False,-0.0534029025176061,0.035986356370019346,0.14873439519224996,-0.01618007203530858,0.3888888888888889,0.021404857592171922,False,False,False,False,False
INFY,2021-11-25,2021-12-30,1620.0,9.0,9.0,887.0,95100.0,35,1722.4,1636.28,16.279999999999973,1892.85,0.0,9.0,0.0055555555555555,False,-0.0594519275429633,-0.040077401414464364,0.04974798266408054,-0.05091721892834622,0.38095238095238093,0.010976110817632279,False,False,False,False,False
INFY,2021-12-23,2022-01-27,1760.0,19.35,19.35,435.0,66000.0,35,1857.6,1764.7199999999998,4.7199999999998,1678.6,81.40000000000009,-62.05000000000009,-0.0352556818181818,True,-0.0525409130060292,-0.026440088388338445,-0.043825038126383054,-0.0760110515477308,0.3253968253968254,0.0784951230840687,False,False,False,False,False
INFY,2022-01-20,2022-02-24,1720.0,12.9,12.9,321.0,66300.0,35,1823.7,1732.515,12.514999999999873,1678.15,41.84999999999991,-28.94999999999991,-0.0168313953488371,True,-0.0568624225475681,0.04008823500125058,-0.027993694029033844,-0.03010090074934091,0.5753968253968254,-0.018249354005167917,False,False,False,False,False
INFY,2022-02-24,2022-03-31,1580.0,24.35,24.35,313.0,10200.0,35,1678.15,1594.2425,14.242500000000064,1906.85,0.0,24.35,0.0154113924050632,False,-0.0584870244018711,-0.05039114209986473,-0.05353034036430582,-0.11252621109028849,1.0,-0.00026808054330984543,True,True,True,False,True
INFY,2022-03-24,2022-04-28,1780.0,29.3,29.3,15.0,9300.0,35,1886.7,1792.365,12.365000000000007,1582.6,197.4000000000001,-168.10000000000008,-0.094438202247191,True,-0.0565537711347856,0.007637986918009432,0.007988879947326,-0.05928198954669772,0.9246031746031746,0.08784270764263269,False,False,True,False,True
INFY,2022-04-21,2022-05-26,1520.0,16.7,16.7,44.0,10800.0,35,1618.8,1537.86,17.8599999999999,1423.95,96.04999999999995,-79.34999999999995,-0.052203947368421,True,-0.0610328638497652,0.004452658023158307,-0.020521484484991914,-0.03660252362435901,0.5952380952380952,-0.1423121754794957,False,False,False,True,True
INFY,2022-05-26,2022-06-30,1340.0,26.6,26.6,756.0,73500.0,35,1423.95,1352.7525,12.752500000000056,1461.9,0.0,26.6,0.0198507462686567,False,-0.0589557217598932,-0.050958423326133984,-0.00478829636969591,-0.10431553059257548,0.8650793650793651,-0.08297913446676963,True,True,True,False,True
INFY,2022-06-23,2022-07-28,1360.0,21.75,21.75,50.0,23100.0,35,1452.45,1379.8275,19.827499999999876,1517.4,0.0,21.75,0.0159926470588235,False,-0.0636510723260698,-0.03794027884713502,-0.09669898966438284,-0.13829804912094135,0.7658730158730159,0.020014747708838154,False,True,False,False,True
INFY,2022-07-21,2022-08-25,1440.0,16.15,16.15,136.0,57000.0,35,1532.9,1456.255,16.25500000000011,1518.15,0.0,16.15,0.0112152777777777,False,-0.0606040837628025,0.06740525755866456,-0.025421987980092098,-0.03710050130327247,0.3412698412698413,0.05538917002306443,False,False,False,False,False
INFY,2022-08-25,2022-09-29,1440.0,18.2,18.2,704.0,134100.0,35,1518.15,1442.2425,2.242500000000064,1398.65,41.34999999999991,-23.14999999999991,-0.0160763888888888,True,-0.0514771267661299,0.0630071251558344,0.056552634831816384,-0.024172305293347796,0.626984126984127,0.046170278744444015,False,False,False,False,False
INFY,2022-09-22,2022-10-27,1280.0,29.9,29.9,55.0,12300.0,35,1367.95,1299.5525,19.55250000000001,1523.95,0.0,29.9,0.0233593749999999,False,-0.0642932855733031,0.0014115348240124614,0.11355130889556309,-0.024363518639959447,0.5119047619047619,-0.11027642276422767,False,False,False,True,True
INFY,2022-10-20,2022-11-24,1420.0,16.1,16.1,130.0,61800.0,35,1500.9,1425.855,5.855000000000018,1629.8,0.0,16.1,0.011338028169014,False,-0.0539009927376907,-0.008714129701693274,0.05051003472004156,-0.028007670150331565,0.18452380952380953,0.08978035941187157,False,False,False,False,False
INFY,2022-11-24,2022-12-29,1540.0,10.05,10.05,1720.0,293400.0,35,1629.8,1548.31,8.309999999999945,1517.55,22.450000000000045,-12.400000000000045,-0.008051948051948,True,-0.0550987851270093,0.046881150407643624,0.05269122781039792,0.0,0.003968253968253968,0.06781104632116874,False,False,False,False,False
INFY,2022-12-21,2023-01-25,1420.0,12.45,12.45,25.0,26400.0,35,1509.55,1434.0725,14.072499999999993,1543.0,0.0,12.45,0.0087676056338028,False,-0.0593223145970652,-0.0037307202780934023,0.05031063607533759,-0.03260598006644522,0.11507936507936507,-0.046489593531882756,False,False,False,False,False
INFY,2023-01-19,2023-02-23,1460.0,8.45,8.45,58.0,107600.0,35,1538.9,1461.955,1.9549999999999272,1550.7,0.0,8.45,0.0057876712328767,False,-0.0512703879394372,-0.0010757225959668881,0.02557153658598743,-0.03745647840531574,0.07142857142857142,0.011070595578331899,False,False,False,False,False
INFY,2023-02-22,2023-03-29,1480.0,10.95,10.95,305.0,53200.0,35,1561.8,1483.7099999999998,3.709999999999809,1383.55,96.45000000000005,-85.50000000000004,-0.0577702702702703,True,-0.0523754642079651,-0.03112874828212364,-0.05713541428882185,-0.06688106312292363,0.26785714285714285,0.006379277015271523,False,False,False,False,False
INFY,2023-03-23,2023-04-27,1300.0,18.6,18.6,837.0,420000.0,35,1374.55,1305.8225,5.822499999999991,1246.25,53.75,-35.15,-0.0270384615384615,True,-0.0542359317594849,-0.027195615888984337,-0.05820552274118551,-0.06338389309229908,0.21031746031746032,-0.11989371238314761,False,False,False,True,True
INFY,2023-04-20,2023-05-25,1160.0,13.75,13.75,523.0,223200.0,35,1223.4,1162.23,2.230000000000018,1304.35,0.0,13.75,0.011853448275862,False,-0.0518227889488311,0.03066657699831299,-0.029776470037736535,-0.02727039415405752,0.011904761904761904,-0.13887520236503126,False,False,False,True,True
INFY,2023-06-22,2023-07-27,1200.0,8.9,8.9,1204.0,644800.0,35,1281.55,1217.4725,17.472499999999854,1353.15,0.0,8.9,0.0074166666666666,False,-0.0636338808474112,0.024567235135348975,0.09921882777319069,-0.004539464438652163,0.07142857142857142,-0.017479970866715155,False,False,False,False,False
INFY,2023-07-27,2023-08-31,1280.0,6.65,6.65,761.0,446800.0,35,1353.15,1285.4925,5.492500000000064,1435.45,0.0,6.65,0.0051953125,False,-0.0540590474079001,0.03625323501352007,0.08679176444249137,-0.015979158272499072,0.011904761904761904,0.04623651757065006,False,False,False,False,False
INFY,2023-08-24,2023-09-28,1350.0,6.05,6.05,194.0,246000.0,35,1423.6,1352.4199999999998,2.4199999999998454,1439.45,0.0,6.05,0.0044814814814814,False,-0.0516999157066591,-0.01979947720481534,0.04040227864880319,-0.029653413683765395,0.2123015873015873,0.05541757793676094,False,False,False,False,False
INFY,2023-09-21,2023-10-26,1420.0,23.5,20.6,2.0,2000.0,35,1501.75,1426.6625,6.662499999999909,1359.45,60.54999999999996,-37.04999999999996,-0.0260915492957746,True,-0.054436490760779,0.015344065007200092,0.056237694744050604,-0.02228566759193462,0.05357142857142857,0.06662168400866508,False,False,False,False,False
INFY,2023-10-26,2023-11-30,1280.0,7.85,7.85,303.0,54800.0,35,1359.45,1291.4775,11.477499999999964,1455.15,0.0,7.85,0.0061328124999999,False,-0.0584427525837655,-0.04106088574959199,-0.04015056461731492,-0.06611909955998185,0.35714285714285715,-0.06928422277753055,False,False,False,False,False
INFY,2023-11-23,2023-12-28,1360.0,3.7,10.0,5.0,4800.0,35,1449.25,1376.7875,16.78749999999991,1562.65,0.0,3.7,0.0027205882352941,False,-0.0615835777126099,0.050100094128253,0.025688838472913922,-0.019331578543359207,0.27380952380952384,0.06605612563904506,False,False,False,False,False
INFY,2023-12-21,2024-01-25,1450.0,16.1,16.1,458.0,247600.0,35,1536.0,1459.1999999999998,9.199999999999818,1669.1,0.0,16.1,0.011103448275862,False,-0.0559895833333333,0.07284529208529245,0.08033220581919287,-0.009395688516147804,0.7817460317460317,0.053642474962271924,False,False,False,False,False
INFY,2024-01-25,2024-02-29,1580.0,11.75,11.75,290.0,142400.0,35,1669.1,1585.6449999999998,5.644999999999754,1673.9,0.0,11.75,0.0074367088607594,False,-0.0533820621892037,-0.019564987809189804,0.11913247657183579,-0.03370750923749133,0.8313492063492064,0.06812146033980726,False,False,True,False,True
INFY,2024-02-22,2024-03-28,1550.0,8.6,8.6,215.0,112000.0,35,1681.35,1597.2824999999998,47.2824999999998,1498.05,51.950000000000045,-43.35000000000005,-0.0279677419354839,True,-0.0781217474053587,0.035587852120472,0.11703293664560044,0.0,0.9007936507936508,0.0035513907126654143,False,False,True,False,True
INFY,2024-03-21,2024-04-25,1460.0,12.85,12.85,65.0,18800.0,35,1554.7,1476.965,16.964999999999918,1438.45,21.549999999999955,-8.699999999999955,-0.005958904109589,True,-0.0609120730687592,-0.009249486327188805,0.016495226220575088,-0.021410582144659185,0.6031746031746031,-0.0753263746394266,False,False,False,False,False
INFY,2024-04-25,2024-05-30,1360.0,9.45,9.45,1592.0,878800.0,35,1438.45,1366.5275,6.527499999999918,1427.45,0.0,9.45,0.0069485294117647,False,-0.0545378706246306,0.02143301616753579,0.05703052555660659,-0.00806238957888361,0.06746031746031746,-0.04665805083341612,False,False,False,False,False
INFY,2024-05-23,2024-06-27,1380.0,23.75,23.75,162.0,92800.0,35,1472.4,1398.78,18.779999999999973,1573.35,0.0,23.75,0.0172101449275362,False,-0.0627546862265688,0.02523167160661366,0.03376625130246724,0.0,0.9920634920634921,0.029110606325353894,False,False,True,False,True
INFY,2024-06-20,2024-07-25,1420.0,14.25,14.25,86.0,64400.0,35,1515.4,1439.63,19.63000000000011,1824.85,0.0,14.25,0.0100352112676056,False,-0.0629536755972021,0.0428891308003434,0.0791195607877615,0.0,0.623015873015873,0.04165521033819086,False,False,False,False,False
LT,2017-07-13,2017-07-27,1106.65,2.45,2.45,30.0,111750.0,14,1175.1,1116.3449999999998,9.694999999999707,1182.05,0.0,2.45,0.0022138887633849,False,-0.058250361671347,0.028441020362543812,0.08638517761925946,0.0,0.13095238095238096,-0.0010201479214486664,False,False,False,False,False
LT,2017-07-27,2017-08-31,1120.0,14.45,14.45,26.0,33750.0,35,1182.05,1122.9475,2.947499999999991,1136.3,0.0,14.45,0.0129017857142857,False,-0.0524935493422443,0.054339706021611534,0.07609576941456919,-9.979392554426703e-06,0.14682539682539683,0.04074768659147532,False,False,False,False,False
LT,2017-08-28,2017-09-28,1080.0,6.8,6.8,13.0,19500.0,31,1138.9,1081.955,1.9549999999999272,1133.35,0.0,6.8,0.0062962962962962,False,-0.0517165686188427,-0.010752902784777252,0.030302715343640374,-0.019956202142436985,0.4087301587301587,-0.0365043779873947,False,False,False,False,False
LT,2017-09-21,2017-10-26,1140.0,9.0,9.0,5.0,12750.0,35,1228.05,1166.6474999999998,26.64749999999981,1223.5,0.0,9.0,0.0078947368421052,False,-0.0716990350555758,0.027343313879725883,0.0641861345332968,-0.003072953088219421,0.27976190476190477,0.09242538807098688,False,False,False,False,False
LT,2017-10-26,2017-11-30,1160.0,15.0,15.0,77.0,40500.0,35,1223.5,1162.325,2.325000000000045,1216.55,0.0,15.0,0.0129310344827586,False,-0.0519002860645688,0.04784480575393801,0.03288232063507901,0.0,0.2996031746031746,0.050034328870580014,False,False,False,False,False
LT,2017-11-23,2017-12-28,1140.0,11.0,11.0,18.0,20250.0,35,1215.95,1155.1525,15.152499999999918,1252.75,0.0,11.0,0.0096491228070175,False,-0.0624614498951437,0.0004785475357218516,0.05642070018017464,-0.009925855058598443,0.7321428571428571,-0.006170821413976291,False,False,False,False,False
LT,2017-12-21,2018-01-25,1180.0,7.5,7.5,4.0,11250.0,35,1258.8,1195.86,15.8599999999999,1416.5,0.0,7.5,0.0063559322033898,False,-0.0625993009215125,0.008846479043362665,0.05762042242820242,-0.0021886229834086057,0.4662698412698413,0.035239935852625415,False,False,False,False,False
LT,2018-01-18,2018-02-22,1280.0,13.4,13.4,4.0,3000.0,35,1360.8,1292.76,12.759999999999993,1292.0,0.0,13.4,0.01046875,False,-0.0593768371546149,0.03569445242335445,0.050668505684605236,0.0,0.8412698412698413,0.10409736308316431,False,False,True,False,True
LT,2018-02-21,2018-03-28,1200.0,7.8,7.8,31.0,45750.0,35,1282.8,1218.66,18.65999999999985,1310.9,0.0,7.8,0.0065,False,-0.0645463049579045,-0.05186390910251504,0.0007459310663444629,-0.06585118234744469,0.9246031746031746,-0.08296100368159554,True,False,True,False,True
LT,2018-03-22,2018-04-26,1220.0,9.0,9.0,1.0,65250.0,35,1296.25,1231.4375,11.4375,1347.2,0.0,9.0,0.0073770491803278,False,-0.0588235294117647,-0.027189358929352925,-0.036047841418088256,-0.09125008984403071,0.8888888888888888,0.010484876831930112,False,False,True,False,True
LT,2018-04-26,2018-05-31,1260.0,6.9,6.9,39.0,34500.0,35,1347.2,1279.84,19.83999999999992,1370.4,0.0,6.9,0.0054761904761904,False,-0.0647268408551069,0.042580873219659976,-0.04081881540970134,-0.046054050168906846,0.40476190476190477,0.03032388818783227,False,False,False,False,False
LT,2018-05-24,2018-06-28,1260.0,12.0,12.0,3.0,19500.0,35,1338.05,1271.1474999999998,11.147499999999807,1234.95,25.049999999999955,-13.049999999999956,-0.0103571428571428,True,-0.0583311535443368,-0.005363959302022936,0.002173281034786978,-0.02708992652638198,0.4880952380952381,-0.018233179250128462,False,False,False,False,False
LT,2018-06-21,2018-07-26,1220.0,7.75,7.75,6.0,6750.0,35,1289.8,1225.31,5.309999999999945,1305.95,0.0,7.75,0.0063524590163934,False,-0.0541169173515273,0.021614346790186367,0.06025773272198731,-0.01064780273932231,0.3273809523809524,-0.03605993796943319,False,False,False,False,False
LT,2018-07-26,2018-08-30,1240.0,13.9,13.9,242.0,107250.0,35,1305.95,1240.6525,0.6524999999999181,1346.55,0.0,13.9,0.0112096774193548,False,-0.0504996362801026,0.05460331850676625,0.04566160876058678,0.0,0.16468253968253968,0.05749220616219275,False,False,False,False,False
LT,2018-08-23,2018-09-27,1280.0,9.4,9.4,54.0,26250.0,35,1352.05,1284.4475,4.447499999999991,1309.9,0.0,9.4,0.00734375,False,-0.0532894493546836,0.040276443063326894,0.08929024855877299,0.0,0.32936507936507936,0.021185800604229588,False,False,False,False,False
LT,2018-09-21,2018-10-25,1260.0,9.4,9.4,5.0,31500.0,34,1329.7,1263.215,3.214999999999918,1201.55,58.450000000000045,-49.05000000000005,-0.0389285714285714,True,-0.0524178386102128,-0.03697205921751978,0.035368340851757774,-0.05072198321761723,0.8888888888888888,0.0054062228271143375,False,False,True,False,True
LT,2018-10-25,2018-11-29,1140.0,16.3,16.3,103.0,65250.0,35,1201.55,1141.4725,1.4724999999998545,1422.45,0.0,16.3,0.014298245614035,False,-0.0512255003953227,-0.08516415253739584,-0.09046891843334537,-0.13746219704391538,0.9603174603174603,-0.08907926158978052,True,True,True,False,True
LT,2018-11-22,2018-12-27,1300.0,7.6,7.6,6.0,30375.0,35,1410.15,1339.6425,39.64249999999993,1425.05,0.0,7.6,0.0058461538461538,False,-0.0781122575612524,0.02953617447859358,-0.09117005892383068,-0.1032286919112323,0.9246031746031746,0.1744399100524694,False,True,True,False,True
LT,2018-12-27,2019-01-31,1340.0,9.1,9.1,103.0,43125.0,35,1425.05,1353.7975,13.7974999999999,1314.3,25.700000000000045,-16.600000000000044,-0.0123880597014925,True,-0.0596821164169677,0.004748878025137682,-0.01801403774066157,-0.020757065123588547,0.7222222222222222,0.015426820578594791,False,False,False,False,False
LT,2019-01-24,2019-02-28,1220.0,16.05,16.05,1.0,6750.0,35,1295.35,1230.5824999999998,10.582499999999754,1292.95,0.0,16.05,0.013155737704918,False,-0.0581696066700119,0.0064936269689603865,0.05842930098479626,-0.010713666991875814,0.7738095238095238,-0.09101435037367112,False,False,False,False,False
LT,2019-02-21,2019-03-28,1200.0,11.25,11.25,18.0,9750.0,35,1284.1,1219.8949999999998,19.894999999999754,1386.7,0.0,11.25,0.009375,False,-0.0654933416400591,-0.005525447473685996,0.005685604701342717,-0.025254304659692473,0.6825396825396826,-0.008684911413903595,False,False,False,False,False
LT,2019-03-22,2019-04-25,1320.0,11.95,11.95,16.0,3375.0,34,1394.7,1324.965,4.964999999999918,1355.15,0.0,11.95,0.0090530303030303,False,-0.0535599053559905,0.0672025858254659,0.06775956793431392,-0.00654677257119074,0.6964285714285714,0.09255414985703658,False,False,False,False,False
LT,2019-04-25,2019-05-30,1280.0,13.65,13.65,104.0,48750.0,35,1355.15,1287.3925,7.392499999999927,1558.6,0.0,13.65,0.0106640625,False,-0.055455115669852,0.013807066814708335,0.07988924498286276,-0.012331225105305377,0.9880952380952381,-0.01285693473193461,False,False,True,False,True
LT,2019-05-23,2019-06-27,1400.0,16.8,16.8,284.0,33000.0,35,1476.1,1402.2949999999998,2.2949999999998454,1550.9,0.0,16.8,0.012,False,-0.0515547727118758,0.007005904483001313,0.08584642469575088,-0.014473823262105667,0.8333333333333334,0.094867230381249,False,False,True,False,True
LT,2019-06-20,2019-07-25,1460.0,12.0,12.0,23.0,9000.0,35,1557.1,1479.245,19.24499999999989,1372.4,87.59999999999991,-75.59999999999991,-0.0517808219178081,True,-0.0623595144820499,0.007995467673093115,0.02696802808771781,-0.021243242572516863,0.2638888888888889,0.06570392170282657,False,False,False,False,False
LT,2019-07-25,2019-08-29,1300.0,11.0,11.0,173.0,45000.0,35,1372.4,1303.78,3.7799999999999727,1342.45,0.0,11.0,0.0084615384615384,False,-0.0527542990381812,-0.04977388939792504,-0.042219413269323214,-0.06918943959366508,0.10317460317460317,-0.11509446128054679,False,False,False,True,True
LT,2019-08-22,2019-09-26,1220.0,16.0,17.35,2.0,750.0,35,1294.25,1229.5375,9.537499999999907,1489.85,0.0,16.0,0.0131147540983606,False,-0.0573691327023372,-0.0520428380423702,-0.09923897775634705,-0.11144430059850019,0.6448412698412699,-0.08176658389499825,True,True,False,False,True
LT,2019-09-26,2019-10-31,1400.0,14.15,14.15,418.0,78750.0,35,1489.85,1415.3574999999998,15.357499999999844,1473.05,0.0,14.15,0.0101071428571428,False,-0.060308084706514,0.041948250167711976,-0.01846236062041673,-0.03143532759955625,0.46825396825396826,0.09794023361214488,False,False,False,False,False
LT,2019-10-24,2019-11-28,1300.0,10.0,16.3,14.0,6750.0,35,1432.25,1360.6375,60.637500000000045,1349.9,0.0,10.0,0.0076923076923076,False,-0.0923372316285564,-0.0015172152204272482,0.022200060894621565,-0.00679566278077659,0.44246031746031744,-0.06297023225384368,False,False,False,False,False
LT,2019-11-21,2019-12-26,1320.0,18.0,14.35,4.0,3375.0,35,1392.7,1323.065,3.0650000000000546,1279.3,40.700000000000045,-22.700000000000045,-0.0171969696969697,True,-0.05220076111151,0.03139407623167667,0.09613781860477877,-0.0036338510079461095,0.18452380952380953,-0.027308283279787626,False,False,False,False,False
LT,2019-12-26,2020-01-30,1200.0,6.25,6.25,288.0,69750.0,35,1279.3,1215.3349999999998,15.334999999999807,1370.2,0.0,6.25,0.0052083333333333,False,-0.061987024153834,0.002136240052228233,0.04799415790929196,-0.01183607946674492,0.003968253968253968,-0.04208161737177085,False,False,False,False,False
LT,2020-01-23,2020-02-27,1260.0,12.05,12.05,154.0,46500.0,35,1332.3,1265.685,5.684999999999945,1210.35,49.65000000000009,-37.600000000000094,-0.0298412698412699,True,-0.054267056969151,0.004436546255942586,0.033384661720476716,-0.014718134974883279,0.503968253968254,0.041428906433205626,False,False,False,False,False
LT,2020-02-20,2020-03-26,1200.0,9.45,9.45,87.0,37125.0,35,1280.6,1216.57,16.569999999999936,838.0,362.0,-352.55,-0.2937916666666667,True,-0.0629392472278619,-0.013667258587961473,-0.0057854606354130755,-0.0227667990584276,0.17261904761904762,-0.05782813419658628,False,False,False,False,False
LT,2020-03-26,2020-04-30,780.0,62.6,62.6,30.0,7125.0,35,838.0,796.0999999999999,16.09999999999991,897.55,0.0,62.6,0.0802564102564102,False,-0.0692124105011933,-0.2600548015584192,-0.29066694028319306,-0.300983635731215,0.9841269841269841,-0.3080956116088016,True,True,True,True,True
LT,2020-04-23,2020-05-28,780.0,26.1,42.35,1.0,7875.0,35,840.6,798.5699999999999,18.569999999999936,905.5,0.0,26.1,0.0334615384615384,False,-0.0720913633119201,0.0649995140330113,-0.23533396002577933,-0.23957300022452188,0.8968253968253969,-0.027870937897536696,False,True,True,False,True
LT,2020-05-21,2020-06-25,760.0,19.15,19.15,31.0,12000.0,35,820.5,779.4749999999999,19.47499999999991,943.1,0.0,19.15,0.0251973684210526,False,-0.0737355271176112,-0.008820881892266486,-0.2406712528663748,-0.2490248146529329,0.8214285714285714,-0.03764954257565101,False,True,True,False,True
LT,2020-06-25,2020-07-30,890.0,25.2,25.2,17.0,7700.0,35,943.1,895.9449999999999,5.944999999999936,908.25,0.0,25.2,0.028314606741573,False,-0.0563036793553175,0.08417192653396688,0.23696628335447256,-0.017390889122337883,0.746031746031746,0.04152401987852028,False,False,False,False,False
LT,2020-07-23,2020-08-27,860.0,22.0,18.2,1.0,2750.0,35,916.55,870.7225,10.722499999999968,975.6,0.0,22.0,0.0255813953488372,False,-0.0616987616605749,0.09005335847369511,0.19556225948469774,0.0,0.6388888888888888,-0.028151839677658885,False,False,False,False,False
LT,2020-08-20,2020-09-24,940.0,17.0,17.0,114.0,56650.0,35,995.75,945.9625,5.962499999999977,850.7,89.29999999999995,-72.29999999999995,-0.0769148936170212,True,-0.0559879487823248,0.008626492918251127,0.19200008429837423,-0.008432383156270706,0.5476190476190477,0.08641099776335182,False,False,False,False,False
LT,2020-09-24,2020-10-29,800.0,14.8,14.8,882.0,302500.0,35,850.7,808.165,8.164999999999964,934.5,0.0,14.8,0.0185,False,-0.059597978135653,-0.06520319224863214,0.02405773477259565,-0.07229386311343122,0.5833333333333334,-0.12802378023780236,True,False,False,True,True
LT,2020-10-22,2020-11-26,880.0,13.55,13.55,85.0,23650.0,35,936.3,889.4849999999999,9.4849999999999,1118.85,0.0,13.55,0.0153977272727272,False,-0.0601303001174836,0.06868579795811125,0.06191281682786087,-0.006231700644471316,0.5515873015873016,0.08796188705554253,False,False,False,False,False
LT,2020-11-26,2020-12-31,1060.0,18.6,18.6,400.0,107250.0,35,1118.85,1062.9074999999998,2.9074999999998,1287.6,0.0,18.6,0.0175471698113207,False,-0.0525986503999641,0.11277718751071064,0.1258777633289987,-0.005220162158228736,0.3412698412698413,0.19727126805778483,False,False,False,False,False
LT,2020-12-24,2021-01-28,1180.0,21.4,21.4,79.0,29900.0,35,1262.2,1199.09,19.08999999999992,1345.35,0.0,21.4,0.0181355932203389,False,-0.0651243859927112,0.06928155913643996,0.22516128457370965,-0.0008211881065799398,0.32142857142857145,0.13100358422939062,False,False,False,False,False
LT,2021-01-21,2021-02-25,1300.0,32.4,32.4,204.0,125350.0,35,1371.3,1302.735,2.7349999999999,1506.45,0.0,32.4,0.0249230769230769,False,-0.0519944578137533,0.07273308776496012,0.22717294396689502,-0.003711240243910785,0.4642857142857143,0.08420303605313095,False,False,False,False,False
LT,2021-02-18,2021-03-25,1440.0,24.65,24.65,6.0,5750.0,35,1524.6,1448.37,8.36999999999989,1371.1,68.90000000000009,-44.25000000000009,-0.0307291666666667,True,-0.0554899645808736,0.03238372926724353,0.16961346696115331,-0.012781837058512435,0.3492063492063492,0.1026651719524101,False,False,False,False,False
LT,2021-03-25,2021-04-29,1300.0,20.3,20.3,914.0,468625.0,35,1371.1,1302.5449999999998,2.5449999999998454,1358.65,0.0,20.3,0.0156153846153846,False,-0.0518561738749908,-0.04385929782405551,0.02815698433888869,-0.06463071428105027,0.46825396825396826,-0.10186034324643001,False,False,False,True,True
LT,2021-04-22,2021-05-27,1200.0,10.35,10.35,153.0,140875.0,35,1336.8,1269.9599999999998,69.95999999999981,1482.85,0.0,10.35,0.0086249999999999,False,-0.1023339317773788,-0.022914405860010922,-0.016289169460624087,-0.05932535407157835,0.5615079365079365,-0.05275465013286096,False,False,False,False,False
LT,2021-05-20,2021-06-24,1320.0,14.2,30.3,8.0,32200.0,35,1409.75,1339.2625,19.262500000000045,1504.05,0.0,14.2,0.0107575757575757,False,-0.0636637701720163,0.042643602585266116,-0.019912682705521156,-0.022271999790103414,0.11904761904761904,0.05876830642132935,False,False,False,False,False
LT,2021-06-24,2021-07-29,1420.0,12.6,12.6,184.0,121900.0,35,1504.05,1428.8475,8.847499999999854,1596.0,0.0,12.6,0.0088732394366197,False,-0.055882450716399,0.029508699067992028,0.10230786951392346,-0.004965578083400257,0.03968253968253968,0.014296793337154945,False,False,False,False,False
LT,2021-07-22,2021-08-26,1560.0,19.6,19.6,70.0,49450.0,35,1642.15,1560.0425,0.0425000000000181,1595.75,0.0,19.6,0.0125641025641025,False,-0.0500258807051731,0.008739748644573941,0.07991510299903437,-0.006289169942603201,0.007936507936507936,0.11012337333108002,False,False,False,False,False
LT,2021-08-26,2021-09-30,1500.0,11.9,11.9,616.0,215625.0,35,1595.75,1515.9625,15.962499999999864,1702.95,0.0,11.9,0.0079333333333333,False,-0.0600031333228888,0.05904108368238137,0.06819006282564533,0.0,0.15079365079365079,0.0009722744950444451,False,False,False,False,False
LT,2021-09-23,2021-10-28,1680.0,24.95,36.65,2.0,9200.0,35,1769.7,1681.215,1.214999999999918,1814.25,0.0,24.95,0.0148511904761904,False,-0.0506865570435667,0.07143522707120376,0.1269862849121386,0.0,0.3055555555555556,0.11036516501443105,False,False,False,False,False
LT,2021-10-21,2021-11-25,1700.0,28.5,28.5,139.0,136275.0,35,1805.75,1715.4625,15.462499999999864,1849.9,0.0,28.5,0.0167647058823529,False,-0.0585629239928008,0.035986356370019346,0.14873439519224996,-0.01618007203530858,0.3888888888888889,0.0554386580162487,False,False,False,False,False
LT,2021-11-25,2021-12-30,1740.0,10.15,10.15,9.0,5175.0,35,1849.9,1757.405,17.404999999999973,1885.7,0.0,10.15,0.0058333333333333,False,-0.0594086166819828,-0.040077401414464364,0.04974798266408054,-0.05091721892834622,0.38095238095238093,0.02986778009742519,False,False,False,False,False
LT,2021-12-23,2022-01-27,1760.0,13.05,13.05,6.0,6900.0,35,1878.45,1784.5275,24.52749999999992,1910.85,0.0,13.05,0.0074147727272727,False,-0.0630573078868216,-0.026440088388338445,-0.043825038126383054,-0.0760110515477308,0.3253968253968254,0.015433266663062772,False,False,False,False,False
LT,2022-01-20,2022-02-24,1900.0,25.85,25.85,164.0,168475.0,35,2003.5,1903.325,3.324999999999818,1757.35,142.6500000000001,-116.8000000000001,-0.0614736842105263,True,-0.0516595957075118,0.04008823500125058,-0.027993694029033844,-0.03010090074934091,0.5753968253968254,0.06657084298224603,False,False,False,False,False
LT,2022-02-24,2022-03-31,1660.0,31.55,31.55,502.0,56925.0,35,1757.35,1669.4824999999998,9.482499999999844,1767.65,0.0,31.55,0.0190060240963855,False,-0.0553959086123992,-0.05039114209986473,-0.05353034036430582,-0.11252621109028849,1.0,-0.0803307428631237,True,True,True,False,True
LT,2022-03-24,2022-04-28,1680.0,28.0,33.15,21.0,29325.0,35,1771.55,1682.9725,2.9724999999998545,1719.25,0.0,28.0,0.0166666666666666,False,-0.0516779091755806,0.007637986918009432,0.007988879947326,-0.05928198954669772,0.9246031746031746,-0.03952397733741775,False,False,True,False,True
LT,2022-04-21,2022-05-26,1600.0,15.15,15.15,150.0,82225.0,35,1714.5,1628.775,28.774999999999864,1564.55,35.450000000000045,-20.300000000000047,-0.0126875,True,-0.0667833187518226,0.004452658023158307,-0.020521484484991914,-0.03660252362435901,0.5952380952380952,-0.03356726135114563,False,False,False,False,False
LT,2022-05-26,2022-06-30,1480.0,20.8,20.8,157.0,48300.0,35,1564.55,1486.3225,6.322499999999991,1558.25,0.0,20.8,0.014054054054054,False,-0.0540410980793198,-0.050958423326133984,-0.00478829636969591,-0.10431553059257548,0.8650793650793651,-0.06708207865001048,True,True,True,False,True
LT,2022-06-23,2022-07-28,1400.0,20.6,20.6,203.0,54600.0,35,1494.3,1419.5849999999998,19.58499999999981,1801.25,0.0,20.6,0.0147142857142857,False,-0.0631064712574449,-0.03794027884713502,-0.09669898966438284,-0.13829804912094135,0.7658730158730159,-0.04490108977022145,False,True,False,False,True
LT,2022-07-21,2022-08-25,1660.0,17.25,17.25,2.0,1500.0,35,1765.15,1676.8925,16.892499999999927,1877.9,0.0,17.25,0.0103915662650602,False,-0.0595700082145993,0.06740525755866456,-0.025421987980092098,-0.03710050130327247,0.3412698412698413,0.18125543732851512,False,False,False,False,False
LT,2022-08-25,2022-09-29,1780.0,21.2,21.2,172.0,23400.0,35,1877.9,1784.005,4.005000000000109,1815.5,0.0,21.2,0.0119101123595505,False,-0.052132701421801,0.0630071251558344,0.056552634831816384,-0.024172305293347796,0.626984126984127,0.07231977159172032,False,False,False,False,False
LT,2022-09-22,2022-10-27,1700.0,10.2,10.2,68.0,20700.0,35,1888.2,1793.79,93.78999999999996,1964.05,0.0,10.2,0.0059999999999999,False,-0.0996716449528651,0.0014115348240124614,0.11355130889556309,-0.024363518639959447,0.5119047619047619,-0.002720046478464022,False,False,False,False,False
LT,2022-10-20,2022-11-24,1800.0,19.8,19.8,436.0,131400.0,35,1904.15,1808.9425,8.94250000000011,2052.2,0.0,19.8,0.011,False,-0.0546963211931833,-0.008714129701693274,0.05051003472004156,-0.028007670150331565,0.18452380952380953,0.004483950096273004,False,False,False,False,False
LT,2022-11-24,2022-12-29,1940.0,10.35,10.35,621.0,64800.0,35,2052.2,1949.59,9.58999999999969,2110.9,0.0,10.35,0.0053350515463917,False,-0.0546730338173666,0.046881150407643624,0.05269122781039792,0.0,0.003968253968253968,0.05289620850649013,False,False,False,False,False
LT,2022-12-21,2023-01-25,2000.0,7.95,7.95,40.0,56100.0,35,2146.3,2038.985,38.98500000000013,2174.7,0.0,7.95,0.003975,False,-0.0681638168010064,-0.0037307202780934023,0.05031063607533759,-0.03260598006644522,0.11507936507936507,0.05990123456790131,False,False,False,False,False
LT,2023-01-19,2023-02-23,2140.0,16.8,16.8,82.0,31800.0,35,2273.1,2159.445,19.44499999999971,2159.15,0.0,16.8,0.0078504672897196,False,-0.0585543970788789,-0.0010757225959668881,0.02557153658598743,-0.03745647840531574,0.07142857142857142,0.07732410720633198,False,False,False,False,False
LT,2023-02-22,2023-03-29,2080.0,17.7,17.7,69.0,11700.0,35,2194.75,2085.0125,5.012499999999818,2147.45,0.0,17.7,0.0085096153846153,False,-0.0522838592094772,-0.03112874828212364,-0.05713541428882185,-0.06688106312292363,0.26785714285714285,-0.00577576443941108,False,False,False,False,False
LT,2023-03-23,2023-04-27,2000.0,8.45,8.45,93.0,64200.0,35,2206.65,2096.3175,96.31750000000012,2305.6,0.0,8.45,0.004225,False,-0.0936487435705708,-0.027195615888984337,-0.05820552274118551,-0.06338389309229908,0.21031746031746032,0.005422029843945797,False,False,False,False,False
LT,2023-04-20,2023-05-25,2100.0,11.5,11.5,285.0,111900.0,35,2232.75,2121.1125,21.112499999999727,2204.7,0.0,11.5,0.0054761904761904,False,-0.05945582801478,0.03066657699831299,-0.029776470037736535,-0.02727039415405752,0.011904761904761904,0.016850734373220932,False,False,False,False,False
LT,2023-06-22,2023-07-27,2280.0,17.0,24.75,6.0,1500.0,35,2416.25,2295.4375,15.4375,2660.2,0.0,17.0,0.0074561403508771,False,-0.0563890325918261,0.024567235135348975,0.09921882777319069,-0.004539464438652163,0.07142857142857142,0.09595409806322874,False,False,False,False,False
LT,2023-07-27,2023-08-31,2520.0,17.15,17.15,716.0,88800.0,35,2660.2,2527.19,7.1899999999996,2702.7,0.0,17.15,0.0068055555555555,False,-0.0527028043004285,0.03625323501352007,0.08679176444249137,-0.015979158272499072,0.011904761904761904,0.09859794751078899,False,False,False,False,False
LT,2023-08-24,2023-09-28,2520.0,6.05,22.05,3.0,600.0,35,2688.15,2553.7425,33.74249999999984,3010.0,0.0,6.05,0.0024007936507936,False,-0.062552312928966,-0.01979947720481534,0.04040227864880319,-0.029653413683765395,0.2123015873015873,0.01583372697213048,False,False,False,False,False
LT,2023-09-21,2023-10-26,2700.0,9.65,9.65,136.0,71100.0,35,2899.35,2754.3825,54.38249999999971,2864.6,0.0,9.65,0.003574074074074,False,-0.0687567903150705,0.015344065007200092,0.056237694744050604,-0.02228566759193462,0.05357142857142857,0.06687886370326757,False,False,False,False,False
LT,2023-10-26,2023-11-30,2700.0,15.7,15.7,733.0,105300.0,35,2864.6,2721.37,21.36999999999989,3109.2,0.0,15.7,0.0058148148148148,False,-0.0574600293234657,-0.04106088574959199,-0.04015056461731492,-0.06611909955998185,0.35714285714285715,-0.016463236682632165,False,False,False,False,False
LT,2023-11-23,2023-12-28,2860.0,23.5,23.5,2.0,900.0,35,3045.65,2893.3675,33.36749999999984,3518.05,0.0,23.5,0.0082167832167832,False,-0.0609557894045605,0.050100094128253,0.025688838472913922,-0.019331578543359207,0.27380952380952384,0.06320254136703207,False,False,False,False,False
LT,2023-12-21,2024-01-25,3200.0,17.05,17.05,827.0,134700.0,35,3424.15,3252.9425,52.94250000000011,3593.45,0.0,17.05,0.005328125,False,-0.0654615013945066,0.07284529208529245,0.08033220581919287,-0.009395688516147804,0.7817460317460317,0.11090743924991076,False,False,False,False,False
LT,2024-01-25,2024-02-29,3400.0,29.95,29.95,1108.0,309300.0,35,3593.45,3413.7775,13.77749999999969,3477.55,0.0,29.95,0.0088088235294117,False,-0.0538340591910281,-0.019564987809189804,0.11913247657183579,-0.03370750923749133,0.8313492063492064,0.021432327567828757,False,False,True,False,True
LT,2024-02-22,2024-03-28,3100.0,14.9,14.9,180.0,75000.0,35,3363.75,3195.5625,95.5625,3763.9,0.0,14.9,0.0048064516129032,False,-0.0784095131921218,0.035587852120472,0.11703293664560044,0.0,0.9007936507936508,-0.06281344032096281,False,False,True,False,True
LT,2024-03-21,2024-04-25,3300.0,11.25,13.6,32.0,19200.0,35,3560.0,3382.0,82.0,3652.3,0.0,11.25,0.0034090909090909,False,-0.0730337078651685,-0.009249486327188805,0.016495226220575088,-0.021410582144659185,0.6031746031746031,0.05834262356001485,False,False,False,False,False
LT,2024-04-25,2024-05-30,3460.0,24.9,24.9,99.0,17400.0,35,3652.3,3469.685,9.684999999999944,3634.7,0.0,24.9,0.0071965317919075,False,-0.0526517536894559,0.02143301616753579,0.05703052555660659,-0.00806238957888361,0.06746031746031746,0.00953618221018293,False,False,False,False,False
LT,2024-05-23,2024-06-27,3400.0,63.9,63.9,1115.0,116850.0,35,3585.4,3406.13,6.130000000000109,3564.4,0.0,63.9,0.0187941176470588,False,-0.0517097116081888,0.02523167160661366,0.03376625130246724,0.0,0.9920634920634921,-0.013604412836843327,False,False,True,False,True
LT,2024-06-20,2024-07-25,3400.0,29.9,29.9,417.0,91050.0,35,3594.45,3414.7274999999995,14.727499999999509,3619.15,0.0,29.9,0.0087941176470588,False,-0.0540972888759058,0.0428891308003434,0.0791195607877615,0.0,0.623015873015873,0.03860323330973592,False,False,False,False,False
RELIANCE,2020-05-07,2020-05-28,680.0,0.8,0.8,18.0,49000.0,21,718.2,682.29,2.289999999999964,701.7,0.0,0.8,0.0011764705882352,False,-0.0531885268727374,0.13795987035800006,-0.23211112177734727,-0.24605448644395633,0.8849206349206349,0.39863680623174313,False,True,True,False,True
SBIN,2016-05-09,2016-05-26,175.0,1.75,1.75,779.0,872000.0,17,188.7,179.265,4.264999999999986,184.15,0.0,1.75,0.01,False,-0.0726020137784843,,,,,,False,False,False,False,False
SBIN,2016-05-26,2016-06-30,170.0,5.45,5.45,1413.0,1478000.0,35,184.15,174.9425,4.942499999999996,218.8,0.0,5.45,0.0320588235294117,False,-0.0768395329894108,,,,,,False,False,False,False,False
SBIN,2016-06-23,2016-07-28,205.0,6.4,6.4,3.0,30000.0,35,217.55,206.6725,1.6725000000000136,231.0,0.0,6.4,0.0312195121951219,False,-0.0576878878418755,,,,,0.18137387998913934,False,False,False,False,False
SBIN,2016-07-21,2016-08-25,210.0,4.2,4.2,66.0,276000.0,35,225.65,214.3675,4.367500000000007,250.15,0.0,4.2,0.02,False,-0.0693551961001551,,,,,0.05988727101925795,False,False,False,False,False
SBIN,2016-08-25,2016-09-29,235.0,2.6,2.6,54.0,189000.0,35,250.15,237.6425,2.642499999999984,247.25,0.0,2.6,0.011063829787234,False,-0.0605636618029182,-0.0027391536479489664,,-0.013677558587360084,,0.09116684841875689,False,False,False,False,False
SBIN,2016-09-22,2016-10-27,245.0,3.65,3.65,15.0,57000.0,35,257.9,245.005,0.004999999999967,255.4,0.0,3.65,0.0148979591836734,False,-0.0500193873594415,0.02720501355327487,0.09628984002175911,-0.009500139625802762,0.1721311475409836,0.012365063788027486,False,False,False,False,False
SBIN,2016-10-20,2016-11-24,245.0,3.45,3.45,36.0,105000.0,35,260.2,247.19,2.1899999999999693,261.75,0.0,3.45,0.0140816326530612,False,-0.0584166026133743,-0.00871705466106043,0.022244156942926585,-0.028271432560737275,0.22784810126582278,0.02259775987423862,False,False,False,False,False
SBIN,2016-11-24,2016-12-29,245.0,4.45,4.45,54.0,144000.0,35,261.75,248.6625,3.6624999999999934,247.65,0.0,4.45,0.0181632653061224,False,-0.0639923591212989,-0.07541858912974087,-0.07293824631642665,-0.11024853392907008,0.8737864077669902,0.0011474469305794432,True,True,True,False,True
SBIN,2016-12-21,2017-01-25,240.0,3.0,3.0,17.0,165000.0,35,255.35,242.5825,2.582499999999982,259.2,0.0,3.0,0.0125,False,-0.0601135696103387,0.0034854916410440584,-0.08721572090969298,-0.0807204803202134,0.3442622950819672,-0.012758554030543157,False,False,False,False,False
SBIN,2017-01-19,2017-02-23,245.0,4.7,4.7,10.0,102000.0,35,258.4,245.48,0.4799999999999613,270.45,0.0,4.7,0.0191836734693877,False,-0.0518575851393188,0.0571493025529195,-0.020910594585183184,-0.023489233618893213,0.42657342657342656,0.03442754203362686,False,False,False,False,False
SBIN,2017-02-23,2017-03-30,255.0,3.0,3.0,42.0,231000.0,35,270.45,256.92749999999995,1.9274999999999525,291.05,0.0,3.0,0.0117647058823529,False,-0.0571270105379921,0.039144459620470196,0.08693537601069967,0.0,0.10778443113772455,0.04340277777777768,False,False,False,False,False
SBIN,2017-03-23,2017-04-27,255.0,2.75,2.75,10.0,120000.0,35,268.5,255.075,0.0749999999999886,282.05,0.0,2.75,0.0107843137254901,False,-0.0502793296089385,0.02003289233653449,0.14896468877438118,-0.008051266095709053,0.005405405405405406,-0.008127077946065708,False,False,False,False,False
SBIN,2017-04-20,2017-05-25,270.0,3.9,3.9,21.0,342000.0,35,284.8,270.56,0.5600000000000023,290.1,0.0,3.9,0.0144444444444444,False,-0.0519662921348315,0.0016335032615248934,0.08314068594326085,-0.013896159263476537,0.024630541871921183,0.04571323664402427,False,False,False,False,False
SBIN,2017-05-25,2017-06-29,275.0,4.15,4.15,152.0,423000.0,35,290.1,275.595,0.5950000000000273,272.45,2.550000000000012,1.599999999999989,0.0058181818181817,True,-0.0520510168907274,0.016884359779081093,0.06378992113652893,-0.001679657769729448,0.004405286343612335,0.012742188863676063,False,False,False,False,False
SBIN,2017-06-22,2017-07-27,275.0,1.95,1.95,18.0,810000.0,35,294.5,279.775,4.774999999999977,298.35,0.0,1.95,0.007090909090909,False,-0.0662139219015279,0.012644917058808103,0.06465307566444078,-0.004661450527643107,0.09919028340080972,0.015167183729748235,False,False,False,False,False
SBIN,2017-07-27,2017-08-31,280.0,2.55,2.55,291.0,1230000.0,35,298.35,283.4325,3.4325000000000045,277.75,2.25,0.2999999999999998,0.0010714285714285,True,-0.061504943857885,0.054339706021611534,0.07609576941456919,-9.979392554426703e-06,0.14682539682539683,0.09506331436960913,False,False,False,False,False
SBIN,2017-08-24,2017-09-28,265.0,2.55,2.55,12.0,129000.0,35,280.3,266.285,1.285000000000025,252.55,12.449999999999989,-9.899999999999988,-0.0373584905660376,True,-0.0545843738851231,-0.01632628621895793,0.024156973572790452,-0.025468009273677317,0.40476190476190477,-0.05240027045300877,False,False,False,False,False
SBIN,2017-09-21,2017-10-26,255.0,2.75,2.75,6.0,126000.0,35,268.5,255.075,0.0749999999999886,320.5,0.0,2.75,0.0107843137254901,False,-0.0502793296089385,0.027343313879725883,0.0641861345332968,-0.003072953088219421,0.27976190476190477,-0.037634408602150504,False,False,False,False,False
SBIN,2017-10-26,2017-11-30,300.0,10.2,10.2,1948.0,2733000.0,35,320.5,304.475,4.474999999999966,320.35,0.0,10.2,0.0339999999999999,False,-0.0639625585023401,0.04784480575393801,0.03288232063507901,0.0,0.2996031746031746,0.238647342995169,False,False,False,False,False
SBIN,2017-11-23,2017-12-28,310.0,4.75,4.75,12.0,96000.0,35,334.95,318.2025,8.202499999999986,308.4,1.6000000000000227,3.1499999999999773,0.0101612903225805,True,-0.0744887296611434,0.0004785475357218516,0.05642070018017464,-0.009925855058598443,0.7321428571428571,0.045085803432137306,False,False,False,False,False
SBIN,2017-12-21,2018-01-25,300.0,4.25,4.25,13.0,249000.0,35,316.75,300.9125,0.912499999999966,313.15,0.0,4.25,0.0141666666666666,False,-0.0528808208366219,0.008846479043362665,0.05762042242820242,-0.0021886229834086057,0.4662698412698413,-0.05433646812957149,False,False,False,False,False
SBIN,2018-01-18,2018-02-22,280.0,4.4,4.4,24.0,372000.0,35,303.25,288.0875,8.087499999999977,272.6,7.399999999999977,-2.999999999999977,-0.0107142857142856,True,-0.076669414674361,0.03569445242335445,0.050668505684605236,0.0,0.8412698412698413,-0.04488188976377949,False,False,True,False,True
SBIN,2018-02-21,2018-03-28,250.0,3.7,3.7,328.0,696000.0,35,273.3,259.635,9.634999999999993,249.9,0.0999999999999943,3.600000000000006,0.0144,True,-0.0852542993047933,-0.05186390910251504,0.0007459310663444629,-0.06585118234744469,0.9246031746031746,-0.10831973898858072,True,False,True,True,True
SBIN,2018-03-22,2018-04-26,220.0,2.85,2.85,52.0,282000.0,35,241.55,229.4725,9.472499999999997,233.2,0.0,2.85,0.0129545454545454,False,-0.0892154833367833,-0.027189358929352925,-0.036047841418088256,-0.09125008984403071,0.8888888888888888,-0.11617270398829127,False,False,True,True,True
SBIN,2018-04-26,2018-05-31,220.0,4.05,4.05,453.0,1092000.0,35,233.2,221.54,1.539999999999992,269.55,0.0,4.05,0.0184090909090909,False,-0.0566037735849056,0.042580873219659976,-0.04081881540970134,-0.046054050168906846,0.40476190476190477,-0.08315313544328684,False,False,False,False,False
SBIN,2018-05-24,2018-06-28,255.0,5.4,5.4,22.0,135000.0,35,268.5,255.075,0.0749999999999886,257.0,0.0,5.4,0.0211764705882352,False,-0.0502793296089385,-0.005363959302022936,0.002173281034786978,-0.02708992652638198,0.4880952380952381,0.13195615514333903,False,False,False,False,False
SBIN,2018-06-21,2018-07-26,255.0,3.45,3.45,1.0,12000.0,35,268.65,255.2175,0.2174999999999727,287.7,0.0,3.45,0.0135294117647058,False,-0.0508096035734225,0.021614346790186367,0.06025773272198731,-0.01064780273932231,0.3273809523809524,0.0005586592178770111,False,False,False,False,False
SBIN,2018-07-26,2018-08-30,270.0,5.3,5.3,855.0,924000.0,35,287.7,273.315,3.3149999999999977,308.6,0.0,5.3,0.0196296296296296,False,-0.0615224191866526,0.05460331850676625,0.04566160876058678,0.0,0.16468253968253968,0.11945525291828796,False,False,False,False,False
SBIN,2018-08-23,2018-09-27,285.0,4.25,4.25,8.0,72000.0,35,302.45,287.3275,2.3274999999999864,265.35,19.649999999999977,-15.399999999999975,-0.0540350877192981,True,-0.0576954868573317,0.040276443063326894,0.08929024855877299,0.0,0.32936507936507936,0.13340828180625808,False,False,False,False,False
SBIN,2018-09-21,2018-10-25,255.0,5.35,5.35,19.0,33000.0,34,270.6,257.07,2.069999999999993,249.55,5.449999999999989,-0.0999999999999889,-0.000392156862745,True,-0.057649667405765,-0.03697205921751978,0.035368340851757774,-0.05072198321761723,0.8888888888888888,-0.1185667752442996,False,False,True,True,True
SBIN,2018-10-25,2018-11-29,235.0,6.15,6.15,43.0,90000.0,35,249.55,237.0725,2.072499999999991,286.4,0.0,6.15,0.0261702127659574,False,-0.0583049489080345,-0.08516415253739584,-0.09046891843334537,-0.13746219704391538,0.9603174603174603,-0.07881136950904377,True,True,True,False,True
SBIN,2018-11-22,2018-12-27,265.0,3.6,3.6,3.0,12000.0,35,282.7,268.565,3.5649999999999977,292.15,0.0,3.6,0.0135849056603773,False,-0.0626105412097629,0.02953617447859358,-0.09117005892383068,-0.1032286919112323,0.9246031746031746,0.10580872286328957,False,True,True,False,True
SBIN,2018-12-27,2019-01-31,275.0,3.45,3.45,119.0,288000.0,35,292.15,277.5425,2.5424999999999613,293.65,0.0,3.45,0.0125454545454545,False,-0.0587027212048604,0.004748878025137682,-0.01801403774066157,-0.020757065123588547,0.7222222222222222,0.02670883851695649,False,False,False,False,False
SBIN,2019-01-24,2019-02-28,270.0,5.2,5.2,6.0,165000.0,35,288.05,273.6475,3.64749999999998,269.05,0.9499999999999886,4.250000000000012,0.0157407407407407,True,-0.0626627321645547,0.0064936269689603865,0.05842930098479626,-0.010713666991875814,0.7738095238095238,-0.014033886702036535,False,False,False,False,False
SBIN,2019-02-21,2019-03-28,250.0,3.7,3.7,43.0,237000.0,35,268.0,254.6,4.599999999999994,319.0,0.0,3.7,0.0148,False,-0.0671641791044775,-0.005525447473685996,0.005685604701342717,-0.025254304659692473,0.6825396825396826,-0.06960597118555811,False,False,False,False,False
SBIN,2019-03-22,2019-04-25,280.0,3.65,3.65,51.0,300000.0,34,298.05,283.1475,3.1474999999999795,306.2,0.0,3.65,0.0130357142857142,False,-0.0605603086730415,0.0672025858254659,0.06775956793431392,-0.00654677257119074,0.6964285714285714,0.1133731789316399,False,False,False,False,False
SBIN,2019-04-25,2019-05-30,290.0,6.1,6.1,349.0,687000.0,35,306.2,290.89,0.8899999999999864,353.55,0.0,6.1,0.0210344827586206,False,-0.0529065969954277,0.013807066814708335,0.07988924498286276,-0.012331225105305377,0.9880952380952381,0.008896210873146515,False,False,True,False,True
SBIN,2019-05-23,2019-06-27,325.0,6.5,6.5,19.0,24000.0,35,342.2,325.09,0.0899999999999749,362.15,0.0,6.5,0.02,False,-0.0502630040911746,0.007005904483001313,0.08584642469575088,-0.014473823262105667,0.8333333333333334,0.12104832104832108,False,False,True,False,True
SBIN,2019-06-20,2019-07-25,325.0,4.0,4.0,5.0,30000.0,35,345.15,327.8925,2.892499999999984,341.3,0.0,4.0,0.0123076923076923,False,-0.0583804143126176,0.007995467673093115,0.02696802808771781,-0.021243242572516863,0.2638888888888889,0.01187335092348274,False,False,False,False,False
SBIN,2019-07-25,2019-08-29,320.0,4.3,4.3,245.0,672000.0,35,341.3,324.235,4.235000000000014,274.5,45.5,-41.2,-0.12875,True,-0.062408438324055,-0.04977388939792504,-0.042219413269323214,-0.06918943959366508,0.10317460317460317,-0.05757282893828519,False,False,False,False,False
SBIN,2019-08-22,2019-09-26,255.0,7.35,7.35,14.0,24000.0,35,268.55,255.1225,0.1225000000000022,281.85,0.0,7.35,0.0288235294117647,False,-0.050456153416496,-0.0520428380423702,-0.09923897775634705,-0.11144430059850019,0.6448412698412699,-0.21522501461133836,True,True,False,True,True
SBIN,2019-09-26,2019-10-31,265.0,5.9,5.9,303.0,339000.0,35,281.85,267.7575,2.757499999999993,312.4,0.0,5.9,0.0222641509433962,False,-0.0597835728224233,0.041948250167711976,-0.01846236062041673,-0.03143532759955625,0.46825396825396826,-0.01347567378368908,False,False,False,False,False
SBIN,2019-10-24,2019-11-28,245.0,7.3,7.3,35.0,60000.0,35,262.5,249.375,4.375,349.3,0.0,7.3,0.0297959183673469,False,-0.0666666666666666,-0.0015172152204272482,0.022200060894621565,-0.00679566278077659,0.44246031746031744,-0.1633466135458167,False,False,False,True,True
SBIN,2019-11-21,2019-12-26,310.0,6.0,6.0,77.0,315000.0,35,331.35,314.7825,4.782500000000027,329.85,0.0,6.0,0.0193548387096774,False,-0.064433378602686,0.03139407623167667,0.09613781860477877,-0.0036338510079461095,0.18452380952380953,0.20294064258486122,False,False,False,False,False
SBIN,2019-12-26,2020-01-30,310.0,3.2,3.2,563.0,1389000.0,35,329.85,313.3575,3.357500000000016,310.7,0.0,3.2,0.0103225806451612,False,-0.060178869182962,0.002136240052228233,0.04799415790929196,-0.01183607946674492,0.003968253968253968,-0.03987774705283076,False,False,False,False,False
SBIN,2020-01-23,2020-02-27,305.0,6.4,5.25,41.0,141000.0,35,323.2,307.04,2.039999999999964,321.95,0.0,6.4,0.020983606557377,False,-0.0563118811881188,0.004436546255942586,0.033384661720476716,-0.014718134974883279,0.503968253968254,-0.020160679096559164,False,False,False,False,False
SBIN,2020-02-20,2020-03-26,310.0,5.9,5.9,720.0,1554000.0,35,327.65,311.2675,1.267499999999984,192.75,117.25,-111.35,-0.3591935483870968,True,-0.0538684571951777,-0.013667258587961473,-0.0057854606354130755,-0.0227667990584276,0.17261904761904762,0.01110939669804023,False,False,False,False,False
SBIN,2020-03-26,2020-04-30,180.0,19.2,19.2,1111.0,1968000.0,35,192.75,183.1125,3.112499999999983,190.5,0.0,19.2,0.1066666666666666,False,-0.0661478599221789,-0.2600548015584192,-0.29066694028319306,-0.300983635731215,0.9841269841269841,-0.4127056672760512,True,True,True,True,True
SBIN,2020-04-23,2020-05-28,170.0,8.7,8.7,196.0,393000.0,35,186.7,177.36499999999998,7.364999999999981,158.2,11.800000000000011,-3.100000000000012,-0.0182352941176471,True,-0.0894483128012854,0.0649995140330113,-0.23533396002577933,-0.23957300022452188,0.8968253968253969,-0.11031689301882297,False,True,True,True,True
SBIN,2020-05-21,2020-06-25,140.0,6.1,6.1,395.0,1377000.0,35,151.95,144.3525,4.352499999999992,185.25,0.0,6.1,0.0435714285714285,False,-0.0786442908851595,-0.008820881892266486,-0.2406712528663748,-0.2490248146529329,0.8214285714285714,-0.1947535771065183,False,True,True,True,True
SBIN,2020-06-25,2020-07-30,175.0,7.3,7.3,868.0,2100000.0,35,185.25,175.98749999999998,0.987499999999983,186.55,0.0,7.3,0.0417142857142857,False,-0.0553306342780026,0.08417192653396688,0.23696628335447256,-0.017390889122337883,0.746031746031746,0.1709860935524654,False,False,False,False,False
SBIN,2020-07-23,2020-08-27,187.5,8.3,8.3,15.0,30000.0,35,198.25,188.3375,0.8374999999999773,215.65,0.0,8.3,0.0442666666666666,False,-0.0542244640605296,0.09005335847369511,0.19556225948469774,0.0,0.6388888888888888,0.07017543859649122,False,False,False,False,False
SBIN,2020-08-20,2020-09-24,185.0,5.75,5.75,191.0,645000.0,35,194.75,185.0125,0.0124999999999886,176.35,8.650000000000006,-2.9000000000000057,-0.0156756756756757,True,-0.0500641848523748,0.008626492918251127,0.19200008429837423,-0.008432383156270706,0.5476190476190477,-0.017654476670870167,False,False,False,False,False
SBIN,2020-09-24,2020-10-29,165.0,4.9,4.9,759.0,1194000.0,35,176.35,167.5325,2.532499999999999,188.7,0.0,4.9,0.0296969696969697,False,-0.0643606464417351,-0.06520319224863214,0.02405773477259565,-0.07229386311343122,0.5833333333333334,-0.18223974031996293,True,False,False,True,True
SBIN,2020-10-22,2020-11-26,190.0,5.55,5.55,181.0,1014000.0,35,203.3,193.135,3.134999999999991,245.45,0.0,5.55,0.0292105263157894,False,-0.0654205607476635,0.06868579795811125,0.06191281682786087,-0.006231700644471316,0.5515873015873016,0.1060935799782372,False,False,False,False,False
SBIN,2020-11-26,2020-12-31,230.0,5.8,5.8,1152.0,2394000.0,35,245.45,233.1775,3.1774999999999807,274.95,0.0,5.8,0.0252173913043478,False,-0.0629456101038907,0.11277718751071064,0.1258777633289987,-0.005220162158228736,0.3412698412698413,0.30074191838897724,False,False,False,False,False
SBIN,2020-12-24,2021-01-28,250.0,5.85,5.85,462.0,1983000.0,35,266.85,253.5075,3.5075000000000216,282.35,0.0,5.85,0.0233999999999999,False,-0.0631440884391981,0.06928155913643996,0.22516128457370965,-0.0008211881065799398,0.32142857142857145,0.09814814814814832,False,False,False,False,False
SBIN,2021-01-21,2021-02-25,280.0,10.6,10.6,258.0,1002000.0,35,294.85,280.1075,0.1075000000000159,407.25,0.0,10.6,0.0378571428571428,False,-0.0503645921655079,0.07273308776496012,0.22717294396689502,-0.003711240243910785,0.4642857142857143,0.12110266159695837,False,False,False,False,False
SBIN,2021-02-18,2021-03-25,390.0,14.15,14.15,171.0,510000.0,35,415.2,394.44,4.439999999999998,355.2,34.80000000000001,-20.650000000000013,-0.0529487179487179,True,-0.0606936416184971,0.03238372926724353,0.16961346696115331,-0.012781837058512435,0.3492063492063492,0.3723351512146751,False,False,False,False,False
SBIN,2021-03-25,2021-04-29,335.0,7.5,7.5,449.0,294000.0,35,355.2,337.44,2.4399999999999977,359.4,0.0,7.5,0.0223880597014925,False,-0.0568693693693693,-0.04385929782405551,0.02815698433888869,-0.06463071428105027,0.46825396825396826,-0.1256615384615385,False,False,False,True,True
SBIN,2021-04-22,2021-05-27,310.0,8.85,8.85,150.0,579000.0,35,336.65,319.81749999999994,9.81749999999994,425.2,0.0,8.85,0.0285483870967741,False,-0.0791623347690478,-0.022914405860010922,-0.016289169460624087,-0.05932535407157835,0.5615079365079365,-0.09295433113296514,False,False,False,False,False
SBIN,2021-05-20,2021-06-24,365.0,13.6,13.6,11.0,36000.0,35,384.55,365.3225,0.3224999999999909,417.2,0.0,13.6,0.0372602739726027,False,-0.0508386425692367,0.042643602585266116,-0.019912682705521156,-0.022271999790103414,0.11904761904761904,0.16707132018209414,False,False,False,False,False
SBIN,2021-06-24,2021-07-29,395.0,6.35,6.35,138.0,187500.0,35,417.2,396.34,1.339999999999975,441.55,0.0,6.35,0.0160759493670886,False,-0.0532118887823586,0.029508699067992028,0.10230786951392346,-0.004965578083400257,0.03968253968253968,-0.01881467544684856,False,False,False,False,False
SBIN,2021-07-22,2021-08-26,400.0,5.4,5.4,664.0,1299000.0,35,422.05,400.9475,0.9474999999999908,410.75,0.0,5.4,0.0135,False,-0.0522449946688781,0.008739748644573941,0.07991510299903437,-0.006289169942603201,0.007936507936507936,0.0076399665751460955,False,False,False,False,False
SBIN,2021-08-26,2021-09-30,390.0,5.8,5.8,937.0,1344000.0,35,410.75,390.2125,0.2124999999999772,453.0,0.0,5.8,0.0148717948717948,False,-0.0505173463177115,0.05904108368238137,0.06819006282564533,0.0,0.15079365079365079,-0.034665099882491224,False,False,False,False,False
SBIN,2021-09-23,2021-10-28,425.0,7.55,7.55,24.0,88500.0,35,449.8,427.31,2.3100000000000023,501.35,0.0,7.55,0.0177647058823529,False,-0.0551356158292575,0.07143522707120376,0.1269862849121386,0.0,0.3055555555555556,0.08060060060060059,False,False,False,False,False
SBIN,2021-10-21,2021-11-25,475.0,18.05,18.05,21.0,52500.0,35,502.95,477.8025,2.8024999999999523,490.55,0.0,18.05,0.038,False,-0.0555721244656526,0.035986356370019346,0.14873439519224996,-0.01618007203530858,0.3888888888888889,0.14606357525350333,False,False,False,False,False
SBIN,2021-11-25,2021-12-30,465.0,5.15,5.15,184.0,129000.0,35,490.55,466.0225,1.0224999999999795,451.7,13.300000000000011,-8.150000000000011,-0.0175268817204301,True,-0.0520843950667617,-0.040077401414464364,0.04974798266408054,-0.05091721892834622,0.38095238095238093,-0.042922641693493246,False,False,False,False,False
SBIN,2021-12-23,2022-01-27,430.0,5.1,5.1,168.0,216000.0,35,461.8,438.71,8.70999999999998,528.95,0.0,5.1,0.011860465116279,False,-0.0688609787786921,-0.026440088388338445,-0.043825038126383054,-0.0760110515477308,0.3253968253968254,-0.0586076852512486,False,False,False,False,False
SBIN,2022-01-20,2022-02-24,485.0,12.5,13.65,1.0,21000.0,35,511.4,485.83,0.8299999999999841,472.65,12.350000000000025,0.1499999999999772,0.0003092783505154,True,-0.0516229956980835,0.04008823500125058,-0.027993694029033844,-0.03010090074934091,0.5753968253968254,0.10740580337808558,False,False,False,False,False
SBIN,2022-02-24,2022-03-31,445.0,12.4,12.4,56.0,37500.0,35,472.65,449.0175,4.017499999999984,493.55,0.0,12.4,0.0278651685393258,False,-0.0584999471067385,-0.05039114209986473,-0.05353034036430582,-0.11252621109028849,1.0,-0.10643728140656028,True,True,True,True,True
SBIN,2022-03-24,2022-04-28,460.0,10.75,10.75,143.0,267000.0,35,487.1,462.745,2.7450000000000045,507.5,0.0,10.75,0.0233695652173913,False,-0.0556353931430918,0.007637986918009432,0.007988879947326,-0.05928198954669772,0.9246031746031746,-0.02267255216693409,False,False,True,False,True
SBIN,2022-04-21,2022-05-26,490.0,10.0,10.0,34.0,87000.0,35,516.3,490.485,0.4849999999999568,468.9,21.100000000000023,-11.100000000000025,-0.0226530612244898,True,-0.05093937633159,0.004452658023158307,-0.020521484484991914,-0.03660252362435901,0.5952380952380952,0.04577678752278702,False,False,False,False,False
SBIN,2022-05-26,2022-06-30,440.0,7.1,7.1,1785.0,1180500.0,35,468.9,445.455,5.454999999999984,465.9,0.0,7.1,0.0161363636363636,False,-0.0616336105779483,-0.050958423326133984,-0.00478829636969591,-0.10431553059257548,0.8650793650793651,-0.057013574660633504,True,True,True,False,True
SBIN,2022-06-23,2022-07-28,420.0,6.65,6.65,113.0,247500.0,35,451.4,428.83,8.829999999999984,532.45,0.0,6.65,0.0158333333333333,False,-0.0695613646433318,-0.03794027884713502,-0.09669898966438284,-0.13829804912094135,0.7658730158730159,-0.037321390488377015,False,True,False,False,True
SBIN,2022-07-21,2022-08-25,485.0,7.2,11.5,9.0,16500.0,35,512.05,486.44749999999993,1.447499999999934,520.4,0.0,7.2,0.0148453608247422,False,-0.0528268723757444,0.06740525755866456,-0.025421987980092098,-0.03710050130327247,0.3412698412698413,0.1343597696056713,False,False,False,False,False
SBIN,2022-08-25,2022-09-29,490.0,5.8,5.8,436.0,708000.0,35,520.4,494.38,4.379999999999939,521.75,0.0,5.8,0.0118367346938775,False,-0.0584166026133743,0.0630071251558344,0.056552634831816384,-0.024172305293347796,0.626984126984127,0.012057565149746985,False,False,False,False,False
SBIN,2022-09-22,2022-10-27,535.0,10.95,10.75,3.0,79500.0,35,567.3,538.935,3.9349999999999454,579.65,0.0,10.95,0.0204672897196261,False,-0.0569363652388505,0.0014115348240124614,0.11355130889556309,-0.024363518639959447,0.5119047619047619,0.09243212016175617,False,False,False,False,False
SBIN,2022-10-20,2022-11-24,525.0,8.6,10.75,3.0,18000.0,35,555.4,527.63,2.6299999999999955,609.35,0.0,8.6,0.0163809523809523,False,-0.0547353258912495,-0.008714129701693274,0.05051003472004156,-0.028007670150331565,0.18452380952380953,-0.025100930314200576,False,False,False,False,False
SBIN,2022-11-24,2022-12-29,575.0,4.0,4.0,207.0,163500.0,35,609.35,578.8825,3.88250000000005,611.8,0.0,4.0,0.0069565217391304,False,-0.0563715434479363,0.046881150407643624,0.05269122781039792,0.0,0.003968253968253968,0.053236539624924584,False,False,False,False,False
SBIN,2022-12-21,2023-01-25,560.0,5.5,5.5,45.0,43500.0,35,593.4,563.7299999999999,3.729999999999905,568.7,0.0,5.5,0.0098214285714285,False,-0.0562858105830804,-0.0037307202780934023,0.05031063607533759,-0.03260598006644522,0.11507936507936507,-0.02345099975314735,False,False,False,False,False
SBIN,2023-01-19,2023-02-23,560.0,6.2,6.2,108.0,376500.0,35,589.85,560.3575,0.3574999999999591,521.0,39.0,-32.8,-0.0585714285714285,True,-0.0506060862931254,-0.0010757225959668881,0.02557153658598743,-0.03745647840531574,0.07142857142857142,-0.005982473879339367,False,False,False,False,False
SBIN,2023-02-22,2023-03-29,490.0,6.9,6.9,533.0,504000.0,35,516.35,490.5325,0.5324999999999704,516.5,0.0,6.9,0.0140816326530612,False,-0.051031277234434,-0.03112874828212364,-0.05713541428882185,-0.06688106312292363,0.26785714285714285,-0.13123580381929834,False,False,False,True,True
SBIN,2023-03-23,2023-04-27,485.0,7.3,7.3,4.0,7500.0,35,512.75,487.1125,2.1124999999999545,564.75,0.0,7.3,0.0150515463917525,False,-0.054119941491955,-0.027195615888984337,-0.05820552274118551,-0.06338389309229908,0.21031746031746032,-0.006972015106032736,False,False,False,False,False
SBIN,2023-04-20,2023-05-25,510.0,3.5,3.5,38.0,520500.0,35,544.8,517.56,7.559999999999945,581.25,0.0,3.5,0.0068627450980392,False,-0.0638766519823788,0.03066657699831299,-0.029776470037736535,-0.02727039415405752,0.011904761904761904,0.028312570781426905,False,False,False,False,False
SBIN,2023-06-22,2023-07-27,530.0,3.45,3.45,132.0,406500.0,35,562.95,534.8025,4.802500000000009,616.55,0.0,3.45,0.0065094339622641,False,-0.0585309530153655,0.024567235135348975,0.09921882777319069,-0.004539464438652163,0.07142857142857142,-0.031483870967741856,False,False,False,False,False
SBIN,2023-07-27,2023-08-31,585.0,6.1,6.1,219.0,214500.0,35,616.55,585.7225,0.7224999999999682,561.35,23.649999999999977,-17.549999999999976,-0.0299999999999999,True,-0.0511718433217094,0.03625323501352007,0.08679176444249137,-0.015979158272499072,0.011904761904761904,0.08204633204633205,False,False,False,False,False
SBIN,2023-08-24,2023-09-28,540.0,2.35,2.35,190.0,406500.0,35,576.95,548.1025,8.102499999999964,589.95,0.0,2.35,0.0043518518518518,False,-0.0640436779616951,-0.01979947720481534,0.04040227864880319,-0.029653413683765395,0.2123015873015873,-0.06209867511988931,False,False,False,False,False
SBIN,2023-09-21,2023-10-26,550.0,2.95,2.95,642.0,802500.0,35,588.15,558.7425,8.74249999999995,547.0,3.0,-0.0499999999999998,-9.09090909090906e-05,True,-0.0648644053387741,0.015344065007200092,0.056237694744050604,-0.02228566759193462,0.05357142857142857,0.01950078003120126,False,False,False,False,False
SBIN,2023-10-26,2023-11-30,515.0,3.8,3.8,386.0,118500.0,35,547.0,519.65,4.649999999999977,564.75,0.0,3.8,0.007378640776699,False,-0.0585009140767824,-0.04106088574959199,-0.04015056461731492,-0.06611909955998185,0.35714285714285715,-0.07974427994616418,False,False,False,False,False
SBIN,2023-11-23,2023-12-28,530.0,3.3,3.3,433.0,864000.0,35,559.95,531.9525,1.9524999999999864,651.4,0.0,3.3,0.0062264150943396,False,-0.0534869184748638,0.050100094128253,0.025688838472913922,-0.019331578543359207,0.27380952380952384,0.023674588665447915,False,False,False,False,False
SBIN,2023-12-21,2024-01-25,610.0,7.0,7.0,574.0,543000.0,35,643.75,611.5625,1.5625,612.75,0.0,7.0,0.0114754098360655,False,-0.0524271844660194,0.07284529208529245,0.08033220581919287,-0.009395688516147804,0.7817460317460317,0.15171303336613273,False,False,False,False,False
SBIN,2024-01-25,2024-02-29,580.0,7.9,7.9,1724.0,2626500.0,35,612.75,582.1125,2.1124999999999545,748.1,0.0,7.9,0.0136206896551724,False,-0.0534475724194206,-0.019564987809189804,0.11913247657183579,-0.03370750923749133,0.8313492063492064,-0.059333742708013504,False,False,True,False,True
SBIN,2024-02-22,2024-03-28,720.0,7.65,7.65,460.0,1059000.0,35,765.9,727.6049999999999,7.604999999999904,752.35,0.0,7.65,0.010625,False,-0.0599294947121034,0.035587852120472,0.11703293664560044,0.0,0.9007936507936508,0.23871906841339152,False,False,True,False,True
SBIN,2024-03-21,2024-04-25,700.0,4.7,4.7,1136.0,1624500.0,35,744.3,707.0849999999999,7.084999999999923,812.7,0.0,4.7,0.0067142857142857,False,-0.0595190111514173,-0.009249486327188805,0.016495226220575088,-0.021410582144659185,0.6031746031746031,-0.02820211515863691,False,False,False,False,False
SBIN,2024-04-25,2024-05-30,770.0,10.65,10.65,5647.0,2071500.0,35,812.7,772.065,2.0650000000000546,825.85,0.0,10.65,0.0138311688311688,False,-0.0525409130060293,0.02143301616753579,0.05703052555660659,-0.00806238957888361,0.06746031746031746,0.08838891120932102,False,False,False,False,False
SBIN,2024-05-23,2024-06-27,790.0,19.0,19.0,265.0,150000.0,35,832.1,790.495,0.4950000000000045,844.0,0.0,19.0,0.0240506329113924,False,-0.050594880423026,0.02523167160661366,0.03376625130246724,0.0,0.9920634920634921,0.07631612986677005,False,False,True,False,True
SBIN,2024-06-20,2024-07-25,800.0,7.95,7.95,1435.0,1404750.0,35,843.75,801.5625,1.5625,848.5,0.0,7.95,0.0099375,False,-0.0518518518518518,0.0428891308003434,0.0791195607877615,0.0,0.623015873015873,0.03053435114503822,False,False,False,False,False
TCS,2018-05-31,2018-06-28,1650.0,10.2,10.2,132.0,73500.0,28,1741.05,1653.9975,3.9974999999999454,1842.7,0.0,10.2,0.0061818181818181,False,-0.0522960282588093,0.005290435547981476,0.03642296200833095,-0.006519164214461637,0.503968253968254,6.892867605245989e-05,False,False,False,False,False
TCS,2018-06-21,2018-07-26,1700.0,8.35,8.35,19.0,79500.0,35,1819.35,1728.3825,28.382499999999936,1964.7,0.0,8.35,0.0049117647058823,False,-0.0656003517739851,0.021614346790186367,0.06025773272198731,-0.01064780273932231,0.3273809523809524,0.009712240197574662,False,False,False,False,False
TCS,2018-07-26,2018-08-30,1850.0,6.75,6.75,66.0,56000.0,35,1964.7,1866.465,16.464999999999918,2082.4,0.0,6.75,0.0036486486486486,False,-0.0583804143126177,0.05460331850676625,0.04566160876058678,0.0,0.16468253968253968,0.0662071959624464,False,False,False,False,False
TCS,2018-08-23,2018-09-27,1900.0,9.0,9.0,13.0,8500.0,35,2035.1,1933.345,33.3449999999998,2188.85,0.0,9.0,0.0047368421052631,False,-0.0663849442287848,0.040276443063326894,0.08929024855877299,0.0,0.32936507936507936,0.018059029514757352,False,False,False,False,False
TCS,2018-09-21,2018-10-25,1950.0,15.1,15.1,16.0,22000.0,34,2103.15,1997.9925,47.992500000000064,1853.0,97.0,-81.9,-0.042,True,-0.072819342414949,-0.03697205921751978,0.035368340851757774,-0.05072198321761723,0.8888888888888888,0.04237603152182001,False,False,True,False,True
TCS,2018-10-25,2018-11-29,1750.0,23.0,23.0,50.0,24000.0,35,1853.0,1760.35,10.349999999999907,1960.55,0.0,23.0,0.0131428571428571,False,-0.0555855369670804,-0.08516415253739584,-0.09046891843334537,-0.13746219704391538,0.9603174603174603,-0.1512458776108464,True,True,True,True,True
TCS,2018-11-22,2018-12-27,1700.0,19.6,19.6,21.0,15250.0,35,1812.55,1721.9225,21.9224999999999,1908.95,0.0,19.6,0.0115294117647058,False,-0.0620948387630685,0.02953617447859358,-0.09117005892383068,-0.1032286919112323,0.9246031746031746,-0.01686871152333691,False,True,True,False,True
TCS,2018-12-27,2019-01-31,1800.0,29.55,29.55,451.0,66750.0,35,1908.95,1813.5025,13.502500000000056,2014.1,0.0,29.55,0.0164166666666666,False,-0.057073260169203,0.004748878025137682,-0.01801403774066157,-0.020757065123588547,0.7222222222222222,-0.037779121931548976,False,False,False,False,False
TCS,2019-01-24,2019-02-28,1800.0,16.3,16.3,37.0,205000.0,35,1901.55,1806.4725,6.472499999999855,1983.45,0.0,16.3,0.0090555555555555,False,-0.0534038021613946,0.0064936269689603865,0.05842930098479626,-0.010713666991875814,0.7738095238095238,-0.0038764765970822346,False,False,False,False,False
TCS,2019-02-21,2019-03-28,1800.0,19.4,19.4,157.0,39250.0,35,1914.2,1818.49,18.49000000000001,2000.3,0.0,19.4,0.0107777777777777,False,-0.0596593877337791,-0.005525447473685996,0.005685604701342717,-0.025254304659692473,0.6825396825396826,0.006652467723699207,False,False,False,False,False
TCS,2019-03-22,2019-04-25,1900.0,33.1,33.1,73.0,27250.0,34,2005.65,1905.3675,5.367500000000064,2195.0,0.0,33.1,0.0174210526315789,False,-0.0526761897639169,0.0672025858254659,0.06775956793431392,-0.00654677257119074,0.6964285714285714,0.04747356051703888,False,False,False,False,False
TCS,2019-04-25,2019-05-30,2080.0,21.2,21.2,13.0,44000.0,35,2195.0,2085.25,5.25,2146.3,0.0,21.2,0.0101923076923076,False,-0.052391799544419,0.013807066814708335,0.07988924498286276,-0.012331225105305377,0.9880952380952381,0.10710412831311622,False,False,True,False,True
TCS,2019-05-23,2019-06-27,1900.0,17.0,17.0,9.0,1250.0,35,2054.05,1951.3475,51.34750000000008,2252.55,0.0,17.0,0.0089473684210526,False,-0.074998174338502,0.007005904483001313,0.08584642469575088,-0.014473823262105667,0.8333333333333334,-0.046866662026403105,False,False,True,False,True
TCS,2019-06-20,2019-07-25,2160.0,24.0,24.0,7.0,1250.0,35,2277.95,2164.0525,4.052499999999782,2127.9,32.09999999999991,-8.099999999999909,-0.0037499999999999,True,-0.0517790118308126,0.007995467673093115,0.02696802808771781,-0.021243242572516863,0.2638888888888889,0.09424762819743004,False,False,False,False,False
TCS,2019-07-25,2019-08-29,2000.0,10.3,10.3,106.0,39250.0,35,2127.9,2021.505,21.50499999999988,2233.45,0.0,10.3,0.00515,False,-0.0601062079984962,-0.04977388939792504,-0.042219413269323214,-0.06918943959366508,0.10317460317460317,-0.05533728441100094,False,False,False,False,False
TCS,2019-08-22,2019-09-26,2100.0,16.15,16.15,11.0,7500.0,35,2216.0,2105.2,5.199999999999818,2087.6,12.400000000000093,3.749999999999908,0.0017857142857142,True,-0.0523465703971118,-0.0520428380423702,-0.09923897775634705,-0.11144430059850019,0.6448412698412699,0.04901891169021755,True,True,False,False,True
TCS,2019-09-26,2019-10-31,1980.0,30.75,30.75,31.0,13500.0,35,2087.6,1983.22,3.2199999999998,2269.65,0.0,30.75,0.015530303030303,False,-0.0515424410806667,0.041948250167711976,-0.01846236062041673,-0.03143532759955625,0.46825396825396826,-0.06657724122512854,False,False,False,False,False
TCS,2019-10-24,2019-11-28,1960.0,19.5,13.9,15.0,4750.0,35,2082.0,1977.9,17.899999999999864,2077.35,0.0,19.5,0.0099489795918367,False,-0.0585975024015369,-0.0015172152204272482,0.022200060894621565,-0.00679566278077659,0.44246031746031744,0.0328405595793233,False,False,False,False,False
TCS,2019-11-21,2019-12-26,2000.0,22.0,29.0,1.0,11500.0,35,2118.1,2012.195,12.194999999999707,2201.95,0.0,22.0,0.011,False,-0.0557575185307586,0.03139407623167667,0.09613781860477877,-0.0036338510079461095,0.18452380952380953,0.02318728563837502,False,False,False,False,False
TCS,2019-12-26,2020-01-30,2080.0,16.55,31.2,3.0,5500.0,35,2201.95,2091.8524999999995,11.852499999999509,2137.85,0.0,16.55,0.0079567307692307,False,-0.0553827289447989,0.002136240052228233,0.04799415790929196,-0.01183607946674492,0.003968253968253968,0.07187363092050791,False,False,False,False,False
TCS,2020-01-23,2020-02-27,2080.0,18.0,18.0,10.0,10000.0,35,2190.95,2081.4025,1.4024999999996908,2105.5,0.0,18.0,0.0086538461538461,False,-0.0506401332755196,0.004436546255942586,0.033384661720476716,-0.014718134974883279,0.503968253968254,-0.00499557210654189,False,False,False,False,False
TCS,2020-02-20,2020-03-26,2000.0,12.3,12.3,31.0,24250.0,35,2156.8,2048.96,48.96000000000004,1790.95,209.04999999999995,-196.74999999999997,-0.0983749999999999,True,-0.0727002967359051,-0.013667258587961473,-0.0057854606354130755,-0.0227667990584276,0.17261904761904762,-0.012182834111935437,False,False,False,False,False
TCS,2020-03-26,2020-04-30,1700.0,109.7,109.7,55.0,7500.0,35,1790.95,1701.4025,1.402499999999918,2014.45,0.0,109.7,0.0645294117647058,False,-0.0507831039392501,-0.2600548015584192,-0.29066694028319306,-0.300983635731215,0.9841269841269841,-0.15664437747221693,True,True,True,True,True
TCS,2020-04-23,2020-05-28,1780.0,59.4,59.4,14.0,3000.0,35,1878.25,1784.3375,4.337499999999864,2004.3,0.0,59.4,0.0333707865168539,False,-0.0523093304938107,0.0649995140330113,-0.23533396002577933,-0.23957300022452188,0.8968253968253969,0.04495257169879552,False,True,True,False,True
TCS,2020-05-21,2020-06-25,1850.0,33.0,33.0,7.0,6500.0,35,1991.2,1891.64,41.63999999999987,2016.1,0.0,33.0,0.0178378378378378,False,-0.0709120128565689,-0.008820881892266486,-0.2406712528663748,-0.2490248146529329,0.8214285714285714,0.12528962983893766,False,True,True,False,True
TCS,2020-06-25,2020-07-30,1900.0,38.7,38.7,1108.0,165000.0,35,2016.1,1915.295,15.294999999999844,2279.5,0.0,38.7,0.0203684210526315,False,-0.0575864292445811,0.08417192653396688,0.23696628335447256,-0.017390889122337883,0.746031746031746,0.005887342214239366,False,False,False,False,False
TCS,2020-07-23,2020-08-27,2000.0,19.75,19.75,47.0,49800.0,35,2171.2,2062.64,62.63999999999987,2248.4,0.0,19.75,0.009875,False,-0.0788504053058215,0.09005335847369511,0.19556225948469774,0.0,0.6388888888888888,0.07693070780219236,False,False,False,False,False
TCS,2020-08-20,2020-09-24,2140.0,39.0,39.0,2.0,1200.0,35,2252.85,2140.2075,0.2074999999999818,2332.25,0.0,39.0,0.0182242990654205,False,-0.0500921055551856,0.008626492918251127,0.19200008429837423,-0.008432383156270706,0.5476190476190477,0.037605932203389925,False,False,False,False,False
TCS,2020-09-24,2020-10-29,2200.0,50.7,50.7,2088.0,183300.0,35,2332.25,2215.6375,15.637499999999818,2632.65,0.0,50.7,0.0230454545454545,False,-0.0567048987029692,-0.06520319224863214,0.02405773477259565,-0.07229386311343122,0.5833333333333334,0.037293186265789036,True,False,False,False,True
TCS,2020-10-22,2020-11-26,2500.0,24.8,24.8,261.0,122700.0,35,2671.15,2537.5925,37.59249999999975,2720.6,0.0,24.8,0.00992,False,-0.0640735263837672,0.06868579795811125,0.06191281682786087,-0.006231700644471316,0.5515873015873016,0.0825548643336238,False,False,False,False,False
TCS,2020-11-26,2020-12-31,2550.0,23.35,23.35,300.0,39300.0,35,2720.6,2584.57,34.56999999999971,2862.75,0.0,23.35,0.009156862745098,False,-0.0627067558626772,0.11277718751071064,0.1258777633289987,-0.005220162158228736,0.3412698412698413,0.03340740318690294,False,False,False,False,False
TCS,2020-12-24,2021-01-28,2750.0,36.65,36.65,33.0,14400.0,35,2909.35,2763.8825,13.882499999999707,3196.55,0.0,36.65,0.0133272727272727,False,-0.0547716843968584,0.06928155913643996,0.22516128457370965,-0.0008211881065799398,0.32142857142857145,0.07701847258727268,False,False,False,False,False
TCS,2021-01-21,2021-02-25,3100.0,45.15,45.15,112.0,35400.0,35,3273.85,3110.1575,10.1574999999998,2995.3,104.69999999999982,-59.54999999999982,-0.0192096774193547,True,-0.0531026161858362,0.07273308776496012,0.22717294396689502,-0.003711240243910785,0.4642857142857143,0.125517834121186,False,False,False,False,False
TCS,2021-02-18,2021-03-25,2900.0,45.25,45.25,273.0,92400.0,35,3057.35,2904.4825,4.482499999999618,3064.85,0.0,45.25,0.015603448275862,False,-0.0514661389765646,0.03238372926724353,0.16961346696115331,-0.012781837058512435,0.3492063492063492,-0.07599431818181823,False,False,False,False,False
TCS,2021-03-25,2021-04-29,2900.0,39.4,39.4,1389.0,167100.0,35,3064.85,2911.6075,11.607499999999618,3115.25,0.0,39.4,0.0135862068965517,False,-0.053787297910175,-0.04385929782405551,0.02815698433888869,-0.06463071428105027,0.46825396825396826,0.039601777415962935,False,False,False,False,False
TCS,2021-04-22,2021-05-27,2900.0,22.3,22.3,116.0,72900.0,35,3118.8,2962.86,62.86000000000013,3180.0,0.0,22.3,0.0076896551724137,False,-0.0701551878927793,-0.022914405860010922,-0.016289169460624087,-0.05932535407157835,0.5615079365079365,0.022490328503049106,False,False,False,False,False
TCS,2021-05-20,2021-06-24,2900.0,22.6,22.6,175.0,129300.0,35,3060.0,2907.0,7.0,3373.6,0.0,22.6,0.0077931034482758,False,-0.0522875816993464,0.042643602585266116,-0.019912682705521156,-0.022271999790103414,0.11904761904761904,-0.02688778998584862,False,False,False,False,False
TCS,2021-06-24,2021-07-29,3200.0,39.4,39.4,1948.0,287100.0,35,3373.6,3204.92,4.919999999999618,3195.8,4.199999999999818,35.20000000000018,0.011,True,-0.0514583827365425,0.029508699067992028,0.10230786951392346,-0.004965578083400257,0.03968253968253968,0.060880503144653986,False,False,False,False,False
TCS,2021-07-22,2021-08-26,3000.0,10.45,10.45,181.0,111600.0,35,3216.35,3055.5325,55.5324999999998,3671.85,0.0,10.45,0.0034833333333333,False,-0.0672656893683834,0.008739748644573941,0.07991510299903437,-0.006289169942603201,0.007936507936507936,-0.013813086404611541,False,False,False,False,False
TCS,2021-08-26,2021-09-30,3480.0,31.25,31.25,34.0,16500.0,35,3671.85,3488.2575,8.257499999999709,3775.55,0.0,31.25,0.0089798850574712,False,-0.0522488663752603,0.05904108368238137,0.06819006282564533,0.0,0.15079365079365079,0.14824254174745133,False,False,False,False,False
TCS,2021-09-23,2021-10-28,3600.0,40.3,40.3,103.0,83700.0,35,3869.25,3675.7875,75.78749999999991,3421.65,178.3499999999999,-138.0499999999999,-0.0383472222222221,True,-0.0695871292886218,0.07143522707120376,0.1269862849121386,0.0,0.3055555555555556,0.05746105493304188,False,False,False,False,False
TCS,2021-10-21,2021-11-25,3300.0,32.65,32.65,343.0,96900.0,35,3532.5,3355.875,55.875,3445.9,0.0,32.65,0.0098939393939393,False,-0.0658174097664543,0.035986356370019346,0.14873439519224996,-0.01618007203530858,0.3888888888888889,-0.08535401266134146,False,False,False,False,False
TCS,2021-11-25,2021-12-30,3220.0,14.85,38.4,1.0,450.0,35,3445.9,3273.605,53.60500000000002,3733.75,0.0,14.85,0.004611801242236,False,-0.0655561681998897,-0.040077401414464364,0.04974798266408054,-0.05091721892834622,0.38095238095238093,-0.0105381037156147,False,False,False,False,False
TCS,2021-12-23,2022-01-27,3440.0,30.0,42.8,2.0,300.0,35,3662.7,3479.565,39.5649999999996,3649.25,0.0,30.0,0.0087209302325581,False,-0.0608021404974471,-0.026440088388338445,-0.043825038126383054,-0.0760110515477308,0.3253968253968254,0.06291534867523718,False,False,False,False,False
TCS,2022-01-20,2022-02-24,3600.0,20.55,20.55,675.0,112050.0,35,3826.55,3635.2225,35.222499999999854,3401.65,198.3499999999999,-177.7999999999999,-0.0493888888888888,True,-0.0592047666958487,0.04008823500125058,-0.027993694029033844,-0.03010090074934091,0.5753968253968254,0.04473475851148079,False,False,False,False,False
TCS,2022-02-24,2022-03-31,3220.0,56.25,56.25,163.0,15150.0,35,3401.65,3231.5675,11.56750000000011,3739.95,0.0,56.25,0.0174689440993788,False,-0.0534005556127173,-0.05039114209986473,-0.05353034036430582,-0.11252621109028849,1.0,-0.06784955812838256,True,True,True,False,True
TCS,2022-03-24,2022-04-28,3520.0,40.0,43.6,2.0,750.0,35,3749.85,3562.3575,42.35749999999962,3584.3,0.0,40.0,0.0113636363636363,False,-0.0612957851647398,0.007637986918009432,0.007988879947326,-0.05928198954669772,0.9246031746031746,0.04557494981039478,False,False,True,False,True
TCS,2022-04-21,2022-05-26,3440.0,26.5,26.5,12.0,1050.0,35,3628.65,3447.2175,7.217499999999745,3226.95,213.05000000000015,-186.55000000000015,-0.0542296511627907,True,-0.0519890317335648,0.004452658023158307,-0.020521484484991914,-0.03660252362435901,0.5952380952380952,-0.019535524662586568,False,False,False,False,False
TCS,2022-05-26,2022-06-30,3050.0,41.4,41.4,356.0,39150.0,35,3226.95,3065.6024999999995,15.602499999999509,3267.1,0.0,41.4,0.0135737704918032,False,-0.0548350609708857,-0.050958423326133984,-0.00478829636969591,-0.10431553059257548,0.8650793650793651,-0.09385881163652698,True,True,True,False,True
TCS,2022-06-23,2022-07-28,3100.0,40.95,40.95,485.0,54600.0,35,3308.8,3143.36,43.36000000000013,3260.5,0.0,40.95,0.0132096774193548,False,-0.0631044487427466,-0.03794027884713502,-0.09669898966438284,-0.13829804912094135,0.7658730158730159,0.025364508281814135,False,True,False,False,True
TCS,2022-07-21,2022-08-25,3000.0,23.25,23.25,1275.0,199350.0,35,3177.3,3018.435,18.434999999999945,3218.2,0.0,23.25,0.00775,False,-0.0558020961193467,0.06740525755866456,-0.025421987980092098,-0.03710050130327247,0.3412698412698413,-0.03974250483558994,False,False,False,False,False
TCS,2022-08-25,2022-09-29,3040.0,28.4,28.4,951.0,18750.0,35,3218.2,3057.2899999999995,17.28999999999951,2997.3,42.69999999999982,-14.29999999999982,-0.0047039473684209,True,-0.055372568516562,0.0630071251558344,0.056552634831816384,-0.024172305293347796,0.626984126984127,0.03283160563561083,False,False,False,False,False
TCS,2022-09-22,2022-10-27,2800.0,35.7,35.7,685.0,152550.0,35,3007.4,2857.03,57.02999999999975,3157.4,0.0,35.7,0.01275,False,-0.0689632240473498,0.0014115348240124614,0.11355130889556309,-0.024363518639959447,0.5119047619047619,-0.07616692521541457,False,False,False,False,False
TCS,2022-10-20,2022-11-24,2980.0,30.0,38.55,1.0,300.0,35,3157.3,2999.435,19.434999999999945,3380.15,0.0,30.0,0.0100671140939597,False,-0.056155575966807,-0.008714129701693274,0.05051003472004156,-0.028007670150331565,0.18452380952380953,0.05201252832200476,False,False,False,False,False
TCS,2022-11-24,2022-12-29,3200.0,14.85,14.85,2442.0,187650.0,35,3380.15,3211.1425,11.142499999999927,3268.75,0.0,14.85,0.004640625,False,-0.0532964513409168,0.046881150407643624,0.05269122781039792,0.0,0.003968253968253968,0.06895733847759411,False,False,False,False,False
TCS,2022-12-21,2023-01-25,3100.0,25.5,25.5,424.0,87675.0,35,3268.55,3105.1225,5.122499999999945,3429.75,0.0,25.5,0.0082258064516129,False,-0.051567208701106,-0.0037307202780934023,0.05031063607533759,-0.03260598006644522,0.11507936507936507,-0.012015234410422293,False,False,False,False,False
TCS,2023-01-19,2023-02-23,3200.0,12.05,12.05,99.0,19075.0,35,3373.1,3204.445,4.444999999999709,3413.8,0.0,12.05,0.003765625,False,-0.0513177788977498,-0.0010757225959668881,0.02557153658598743,-0.03745647840531574,0.07142857142857142,0.034788477467251555,False,False,False,False,False
TCS,2023-02-22,2023-03-29,3200.0,13.8,13.8,744.0,106050.0,35,3401.55,3231.4725,31.47249999999985,3138.9,61.09999999999991,-47.29999999999991,-0.0147812499999999,True,-0.0592523996413399,-0.03112874828212364,-0.05713541428882185,-0.06688106312292363,0.26785714285714285,-0.010112621133195554,False,False,False,False,False
TCS,2023-03-23,2023-04-27,2960.0,29.7,32.6,8.0,2975.0,35,3124.65,2968.4175,8.417500000000018,3187.95,0.0,29.7,0.0100337837837837,False,-0.0526939017169922,-0.027195615888984337,-0.05820552274118551,-0.06338389309229908,0.21031746031746032,-0.08140406579353532,False,False,False,False,False
TCS,2023-04-20,2023-05-25,2900.0,12.85,12.85,299.0,91000.0,35,3104.8,2949.56,49.559999999999945,3293.5,0.0,12.85,0.0044310344827586,False,-0.065962380829683,0.03066657699831299,-0.029776470037736535,-0.02727039415405752,0.011904761904761904,-0.02343283112634853,False,False,False,False,False
TCS,2023-06-22,2023-07-27,3060.0,18.0,18.0,15.0,17500.0,35,3238.5,3076.575,16.574999999999818,3396.9,0.0,18.0,0.0058823529411764,False,-0.0551181102362204,0.024567235135348975,0.09921882777319069,-0.004539464438652163,0.07142857142857142,-0.0166995597388796,False,False,False,False,False
TCS,2023-07-27,2023-08-31,3220.0,9.85,9.85,2.0,875.0,35,3396.9,3227.055,7.054999999999836,3356.8,0.0,9.85,0.0030590062111801,False,-0.0520768936383173,0.03625323501352007,0.08679176444249137,-0.015979158272499072,0.011904761904761904,0.056430670668180305,False,False,False,False,False
TCS,2023-08-24,2023-09-28,3200.0,14.55,14.55,564.0,194425.0,35,3387.75,3218.3625,18.362499999999727,3536.75,0.0,14.55,0.004546875,False,-0.0554202641871448,-0.01979947720481534,0.04040227864880319,-0.029653413683765395,0.2123015873015873,-0.00016232328896503834,False,False,False,False,False
TCS,2023-09-21,2023-10-26,3400.0,23.05,23.05,1471.0,169925.0,35,3585.3,3406.035,6.034999999999855,3336.75,63.25,-40.2,-0.0118235294117647,True,-0.051683262209578,0.015344065007200092,0.056237694744050604,-0.02228566759193462,0.05357142857142857,0.05504303685720591,False,False,False,False,False
TCS,2023-10-26,2023-11-30,3100.0,11.5,11.5,2395.0,266175.0,35,3336.75,3169.9125,69.91249999999991,3487.6,0.0,11.5,0.0037096774193548,False,-0.0709522739192327,-0.04106088574959199,-0.04015056461731492,-0.06611909955998185,0.35714285714285715,-0.06942856346041215,False,False,False,False,False
TCS,2023-11-23,2023-12-28,3300.0,11.0,11.0,190.0,97825.0,35,3508.25,3332.8375,32.83749999999964,3799.9,0.0,11.0,0.0033333333333333,False,-0.0593600798118719,0.050100094128253,0.025688838472913922,-0.019331578543359207,0.27380952380952384,0.051397317749307,False,False,False,False,False
TCS,2023-12-21,2024-01-25,3500.0,20.55,20.55,540.0,197225.0,35,3787.5,3598.125,98.125,3810.3,0.0,20.55,0.0058714285714285,False,-0.0759075907590759,0.07284529208529245,0.08033220581919287,-0.009395688516147804,0.7817460317460317,0.07290058496097895,False,False,False,False,False
TCS,2024-01-25,2024-02-29,3600.0,18.8,18.8,1227.0,184450.0,35,3810.3,3619.785,19.78499999999985,4095.1,0.0,18.8,0.0052222222222222,False,-0.0551925045272025,-0.019564987809189804,0.11913247657183579,-0.03370750923749133,0.8313492063492064,0.002736914129319201,False,False,True,False,True
TCS,2024-02-22,2024-03-28,3860.0,42.4,20.7,1.0,1925.0,35,4087.1,3882.745,22.74499999999989,3876.3,0.0,42.4,0.0109844559585492,False,-0.0555650705879474,0.035587852120472,0.11703293664560044,0.0,0.9007936507936508,0.06385027851527925,False,False,True,False,True
TCS,2024-03-21,2024-04-25,3760.0,31.0,22.35,3.0,350.0,35,3972.95,3774.3025,14.302499999999782,3852.2,0.0,31.0,0.0082446808510638,False,-0.0535999697957436,-0.009249486327188805,0.016495226220575088,-0.021410582144659185,0.6031746031746031,-0.02792933865087721,False,False,False,False,False
TCS,2024-04-25,2024-05-30,3650.0,20.65,20.65,600.0,75425.0,35,3852.2,3659.59,9.58999999999969,3736.1,0.0,20.65,0.0056575342465753,False,-0.0524894865271792,0.02143301616753579,0.05703052555660659,-0.00806238957888361,0.06746031746031746,-0.015009332890127625,False,False,False,False,False
TCS,2024-05-23,2024-06-27,3650.0,29.75,29.75,1.0,175.0,35,3893.45,3698.7775,48.77749999999969,3934.15,0.0,29.75,0.0081506849315068,False,-0.062528092052036,0.02523167160661366,0.03376625130246724,0.0,0.9920634920634921,0.01628796283003342,False,False,True,False,True
TCS,2024-06-20,2024-07-25,3500.0,17.7,17.7,510.0,159775.0,35,3787.25,3597.8875,97.88749999999982,4322.5,0.0,17.7,0.0050571428571428,False,-0.0758465905340286,0.0428891308003434,0.0791195607877615,0.0,0.623015873015873,-0.011677974947807979,False,False,False,False,False
